# Parameters: ALPHA=1.5 LMIN=0.01 LMAX=1000 C_AGING=1 TAU0=1 V1=0.1 V2=1
# index = 0
# t/tau = 0.0000000000000000e+00
# t = 0.0000000000000000e+00
# theta_max = 1.0000000000000000e+04
# columns: theta  P_t(theta)
0.0000000000000000e+00 3.1622776601683798e-02
1.0000000000000000e-04 3.1622776601683798e-02
1.0080956735338151e-04 3.1622776601683798e-02
1.0162568869975963e-04 3.1622776601683798e-02
1.0244841709812190e-04 3.1622776601683798e-02
1.0327780603700442e-04 3.1622776601683798e-02
1.0411390943796868e-04 3.1622776601683798e-02
1.0495678165910766e-04 3.1622776601683798e-02
1.0580647749857971e-04 3.1622776601683798e-02
1.0666305219817106e-04 3.1622776601683798e-02
1.0752656144688772e-04 3.1622776601683798e-02
1.0839706138457543e-04 3.1622776601683798e-02
1.0927460860556987e-04 3.1622776601683798e-02
1.1015926016237598e-04 3.1622776601683798e-02
1.1105107356937718e-04 3.1622776601683798e-02
1.1195010680657442e-04 3.1622776601683798e-02
1.1285641832335618e-04 3.1622776601683798e-02
1.1377006704229774e-04 3.1622776601683798e-02
1.1469111236299244e-04 3.1622776601683798e-02
1.1561961416591332e-04 3.1622776601683798e-02
1.1655563281630611e-04 3.1622776601683798e-02
1.1749922916811414e-04 3.1622776601683798e-02
1.1845046456793412e-04 3.1622776601683798e-02
1.1940940085900484e-04 3.1622776601683798e-02
1.2037610038522780e-04 3.1622776601683798e-02
1.2135062599522024e-04 3.1622776601683798e-02
1.2233304104640162e-04 3.1622776601683798e-02
1.2332340940911211e-04 3.1622776601683798e-02
1.2432179547076529e-04 3.1622776601683798e-02
1.2532826414003435e-04 3.1622776601683798e-02
1.2634288085107168e-04 3.1622776601683798e-02
1.2736571156776364e-04 3.1622776601683798e-02
1.2839682278801832e-04 3.1622776601683798e-02
1.2943628154808923e-04 3.1622776601683798e-02
1.3048415542693352e-04 3.1622776601683798e-02
1.3154051255060556e-04 3.1622776601683798e-02
1.3260542159668583e-04 3.1622776601683798e-02
1.3367895179874651e-04 3.1622776601683798e-02
1.3476117295085178e-04 3.1622776601683798e-02
1.3585215541209587e-04 3.1622776601683798e-02
1.3695197011117730e-04 3.1622776601683798e-02
1.3806068855101006e-04 3.1622776601683798e-02
1.3917838281337275e-04 3.1622776601683798e-02
1.4030512556359416e-04 3.1622776601683798e-02
1.4144099005527794e-04 3.1622776601683798e-02
1.4258605013506507e-04 3.1622776601683798e-02
1.4374038024743459e-04 3.1622776601683798e-02
1.4490405543954427e-04 3.1622776601683798e-02
1.4607715136610866e-04 3.1622776601683798e-02
1.4725974429431838e-04 3.1622776601683798e-02
1.4845191110879826e-04 3.1622776601683798e-02
1.4965372931660589e-04 3.1622776601683798e-02
1.5086527705227104e-04 3.1622776601683798e-02
1.5208663308287481e-04 3.1622776601683798e-02
1.5331787681317088e-04 3.1622776601683798e-02
1.5455908829074800e-04 3.1622776601683798e-02
1.5581034821123398e-04 3.1622776601683798e-02
1.5707173792354202e-04 3.1622776601683798e-02
1.5834333943515999e-04 3.1622776601683798e-02
1.5962523541748110e-04 3.1622776601683798e-02
1.6091750921117941e-04 3.1622776601683798e-02
1.6222024483162779e-04 3.1622776601683798e-02
1.6353352697436003e-04 3.1622776601683798e-02
1.6485744102057780e-04 3.1622776601683798e-02
1.6619207304270059e-04 3.1622776601683798e-02
1.6753750980996222e-04 3.1622776601683798e-02
1.6889383879405202e-04 3.1622776601683798e-02
1.7026114817480129e-04 3.1622776601683798e-02
1.7163952684591701e-04 3.1622776601683798e-02
1.7302906442076004e-04 3.1622776601683798e-02
1.7442985123817197e-04 3.1622776601683798e-02
1.7584197836834813e-04 3.1622776601683798e-02
1.7726553761875829e-04 3.1622776601683798e-02
1.7870062154011596e-04 3.1622776601683798e-02
1.8014732343239458e-04 3.1622776601683798e-02
1.8160573735089385e-04 3.1622776601683798e-02
1.8307595811235445e-04 3.1622776601683798e-02
1.8455808130112250e-04 3.1622776601683798e-02
1.8605220327536347e-04 3.1622776601683798e-02
1.8755842117332782e-04 3.1622776601683798e-02
1.8907683291966487e-04 3.1622776601683798e-02
1.9060753723179020e-04 3.1622776601683798e-02
1.9215063362630326e-04 3.1622776601683798e-02
1.9370622242545732e-04 3.1622776601683798e-02
1.9527440476368240e-04 3.1622776601683798e-02
1.9685528259415924e-04 3.1622776601683798e-02
1.9844895869544846e-04 3.1622776601683798e-02
2.0005553667817237e-04 3.1622776601683798e-02
2.0167512099175081e-04 3.1622776601683798e-02
2.0330781693119268e-04 3.1622776601683798e-02
2.0495373064394028e-04 3.1622776601683798e-02
2.0661296913677108e-04 3.1622776601683798e-02
2.0828564028275458e-04 3.1622776601683798e-02
2.0997185282826521e-04 3.1622776601683798e-02
2.1167171640005310e-04 3.1622776601683798e-02
2.1338534151237024e-04 3.1622776601683798e-02
2.1511283957415602e-04 3.1622776601683798e-02
2.1685432289628032e-04 3.1622776601683798e-02
2.1860990469884514e-04 3.1622776601683798e-02
2.2037969911854519e-04 3.1622776601683798e-02
2.2216382121608932e-04 3.1622776601683798e-02
2.2396238698367963e-04 3.1622776601683798e-02
2.2577551335255347e-04 3.1622776601683798e-02
2.2760331820058526e-04 3.1622776601683798e-02
2.2944592035994998e-04 3.1622776601683798e-02
2.3130343962484987e-04 3.1622776601683798e-02
2.3317599675930117e-04 3.1622776601683798e-02
2.3506371350498641e-04 3.1622776601683798e-02
2.3696671258916901e-04 3.1622776601683798e-02
2.3888511773267207e-04 3.1622776601683798e-02
2.4081905365792275e-04 3.1622776601683798e-02
2.4276864609705959e-04 3.1622776601683798e-02
2.4473402180010770e-04 3.1622776601683798e-02
2.4671530854321897e-04 3.1622776601683798e-02
2.4871263513697903e-04 3.1622776601683798e-02
2.5072613143478292e-04 3.1622776601683798e-02
2.5275592834127529e-04 3.1622776601683798e-02
2.5480215782086265e-04 3.1622776601683798e-02
2.5686495290629194e-04 3.1622776601683798e-02
2.5894444770730010e-04 3.1622776601683798e-02
2.6104077741933218e-04 3.1622776601683798e-02
2.6315407833233241e-04 3.1622776601683798e-02
2.6528448783960293e-04 3.1622776601683798e-02
2.6743214444673773e-04 3.1622776601683798e-02
2.6959718778062661e-04 3.1622776601683798e-02
2.7177975859853288e-04 3.1622776601683798e-02
2.7397999879724569e-04 3.1622776601683798e-02
2.7619805142230322e-04 3.1622776601683798e-02
2.7843406067729407e-04 3.1622776601683798e-02
2.8068817193323194e-04 3.1622776601683798e-02
2.8296053173800645e-04 3.1622776601683798e-02
2.8525128782591207e-04 3.1622776601683798e-02
2.8756058912725096e-04 3.1622776601683798e-02
2.8988858577801672e-04 3.1622776601683798e-02
2.9223542912965489e-04 3.1622776601683798e-02
2.9460127175890262e-04 3.1622776601683798e-02
2.9698626747770947e-04 3.1622776601683798e-02
2.9939057134323527e-04 3.1622776601683798e-02
3.0181433966793247e-04 3.1622776601683798e-02
3.0425773002970801e-04 3.1622776601683798e-02
3.0672090128216822e-04 3.1622776601683798e-02
3.0920401356494581e-04 3.1622776601683798e-02
3.1170722831411299e-04 3.1622776601683798e-02
3.1423070827267437e-04 3.1622776601683798e-02
3.1677461750114947e-04 3.1622776601683798e-02
3.1933912138823792e-04 3.1622776601683798e-02
3.2192438666157208e-04 3.1622776601683798e-02
3.2453058139855784e-04 3.1622776601683798e-02
3.2715787503729979e-04 3.1622776601683798e-02
3.2980643838761840e-04 3.1622776601683798e-02
3.3247644364215487e-04 3.1622776601683798e-02
3.3516806438756527e-04 3.1622776601683798e-02
3.3788147561580775e-04 3.1622776601683798e-02
3.4061685373551703e-04 3.1622776601683798e-02
3.4337437658347498e-04 3.1622776601683798e-02
3.4615422343617212e-04 3.1622776601683798e-02
3.4895657502146229e-04 3.1622776601683798e-02
3.5178161353031429e-04 3.1622776601683798e-02
3.5462952262865441e-04 3.1622776601683798e-02
3.5750048746930870e-04 3.1622776601683798e-02
3.6039469470403995e-04 3.1622776601683798e-02
3.6331233249568281e-04 3.1622776601683798e-02
3.6625359053037637e-04 3.1622776601683798e-02
3.6921866002989791e-04 3.1622776601683798e-02
3.7220773376409261e-04 3.1622776601683798e-02
3.7522100606340788e-04 3.1622776601683798e-02
3.7825867283152684e-04 3.1622776601683798e-02
3.8132093155810468e-04 3.1622776601683798e-02
3.8440798133160936e-04 3.1622776601683798e-02
3.8752002285226292e-04 3.1622776601683798e-02
3.9065725844509143e-04 3.1622776601683798e-02
3.9381989207307812e-04 3.1622776601683798e-02
3.9700812935042362e-04 3.1622776601683798e-02
4.0022217755591527e-04 3.1622776601683798e-02
4.0346224564640057e-04 3.1622776601683798e-02
4.0672854427037375e-04 3.1622776601683798e-02
4.1002128578167051e-04 3.1622776601683798e-02
4.1334068425327361e-04 3.1622776601683798e-02
4.1668695549123186e-04 3.1622776601683798e-02
4.2006031704868818e-04 3.1622776601683798e-02
4.2346098824002525e-04 3.1622776601683798e-02
4.2688919015512321e-04 3.1622776601683798e-02
4.3034514567373376e-04 3.1622776601683798e-02
4.3382907947996997e-04 3.1622776601683798e-02
4.3734121807691536e-04 3.1622776601683798e-02
4.4088178980134705e-04 3.1622776601683798e-02
4.4445102483858285e-04 3.1622776601683798e-02
4.4804915523744557e-04 3.1622776601683798e-02
4.5167641492534910e-04 3.1622776601683798e-02
4.5533303972350876e-04 3.1622776601683798e-02
4.5901926736226993e-04 3.1622776601683798e-02
4.6273533749656583e-04 3.1622776601683798e-02
4.6648149172149776e-04 3.1622776601683798e-02
4.7025797358804159e-04 3.1622776601683798e-02
4.7406502861888382e-04 3.1622776601683798e-02
4.7790290432438100e-04 3.1622776601683798e-02
4.8177185021865327e-04 3.1622776601683798e-02
4.8567211783580555e-04 3.1622776601683798e-02
4.8960396074628030e-04 3.1622776601683798e-02
4.9356763457334503e-04 3.1622776601683798e-02
4.9756339700970811e-04 3.1622776601683798e-02
5.0159150783427476e-04 3.1622776601683798e-02
5.0565222892903511e-04 3.1622776601683798e-02
5.0974582429609051e-04 3.1622776601683798e-02
5.1387256007481656e-04 3.1622776601683798e-02
5.1803270455916815e-04 3.1622776601683798e-02
5.2222652821511844e-04 3.1622776601683798e-02
5.2645430369824568e-04 3.1622776601683798e-02
5.3071630587145857e-04 3.1622776601683798e-02
5.3501281182286573e-04 3.1622776601683798e-02
5.3934410088379208e-04 3.1622776601683798e-02
5.4371045464693629e-04 3.1622776601683798e-02
5.4811215698468004e-04 3.1622776601683798e-02
5.5254949406754322e-04 3.1622776601683798e-02
5.5702275438278823e-04 3.1622776601683798e-02
5.6153222875317775e-04 3.1622776601683798e-02
5.6607821035587901e-04 3.1622776601683798e-02
5.7066099474152652e-04 3.1622776601683798e-02
5.7528087985343605e-04 3.1622776601683798e-02
5.7993816604697478e-04 3.1622776601683798e-02
5.8463315610909059e-04 3.1622776601683798e-02
5.8936615527799372e-04 3.1622776601683798e-02
5.9413747126300410e-04 3.1622776601683798e-02
5.9894741426455588e-04 3.1622776601683798e-02
6.0379629699436441e-04 3.1622776601683798e-02
6.0868443469575657e-04 3.1622776601683798e-02
6.1361214516416826e-04 3.1622776601683798e-02
6.1857974876780130e-04 3.1622776601683798e-02
6.2358756846845481e-04 3.1622776601683798e-02
6.2863592984252091e-04 3.1622776601683798e-02
6.3372516110215161e-04 3.1622776601683798e-02
6.3885559311659904e-04 3.1622776601683798e-02
6.4402755943372279e-04 3.1622776601683798e-02
6.4924139630167794e-04 3.1622776601683798e-02
6.5449744269077453e-04 3.1622776601683798e-02
6.5979604031551529e-04 3.1622776601683798e-02
6.6513753365681351e-04 3.1622776601683798e-02
6.7052226998438609e-04 3.1622776601683798e-02
6.7595059937933222e-04 3.1622776601683798e-02
6.8142287475689398e-04 3.1622776601683798e-02
6.8693945188939886e-04 3.1622776601683798e-02
6.9250068942939332e-04 3.1622776601683798e-02
6.9810694893295553e-04 3.1622776601683798e-02
7.0375859488320451e-04 3.1622776601683798e-02
7.0945599471399531e-04 3.1622776601683798e-02
7.1519951883380786e-04 3.1622776601683798e-02
7.2098954064982732e-04 3.1622776601683798e-02
7.2682643659222361e-04 3.1622776601683798e-02
7.3271058613862041e-04 3.1622776601683798e-02
7.3864237183876894e-04 3.1622776601683798e-02
7.4462217933941844e-04 3.1622776601683798e-02
7.5065039740938757e-04 3.1622776601683798e-02
7.5672741796484243e-04 3.1622776601683798e-02
7.6285363609477263e-04 3.1622776601683798e-02
7.6902945008667969e-04 3.1622776601683798e-02
7.7525526145247087e-04 3.1622776601683798e-02
7.8153147495456171e-04 3.1622776601683798e-02
7.8785849863219478e-04 3.1622776601683798e-02
7.9423674382796280e-04 3.1622776601683798e-02
8.0066662521455429e-04 3.1622776601683798e-02
8.0714856082171279e-04 3.1622776601683798e-02
8.1368297206341319e-04 3.1622776601683798e-02
8.2027028376526303e-04 3.1622776601683798e-02
8.2691092419211643e-04 3.1622776601683798e-02
8.3360532507592111e-04 3.1622776601683798e-02
8.4035392164378555e-04 3.1622776601683798e-02
8.4715715264627493e-04 3.1622776601683798e-02
8.5401546038593463e-04 3.1622776601683798e-02
8.6092929074604993e-04 3.1622776601683798e-02
8.6789909321962895e-04 3.1622776601683798e-02
8.7492532093862922e-04 3.1622776601683798e-02
8.8200843070341671e-04 3.1622776601683798e-02
8.8914888301246326e-04 3.1622776601683798e-02
8.9634714209228849e-04 3.1622776601683798e-02
9.0360367592763580e-04 3.1622776601683798e-02
9.1091895629190117e-04 3.1622776601683798e-02
9.1829345877780398e-04 3.1622776601683798e-02
9.2572766282830602e-04 3.1622776601683798e-02
9.3322205176778563e-04 3.1622776601683798e-02
9.4077711283345467e-04 3.1622776601683798e-02
9.4839333720703948e-04 3.1622776601683798e-02
9.5607122004671312e-04 3.1622776601683798e-02
9.6381126051928656e-04 3.1622776601683798e-02
9.7161396183266557e-04 3.1622776601683798e-02
9.7947983126855953e-04 3.1622776601683798e-02
9.8740938021546596e-04 3.1622776601683798e-02
9.9540312420191715e-04 3.1622776601683798e-02
1.0034615829299955e-03 3.1622776601683798e-02
1.0115852803091209e-03 3.1622776601683798e-02
1.0197747444901165e-03 3.1622776601683798e-02
1.0280305078995381e-03 3.1622776601683798e-02
1.0363531072742948e-03 3.1622776601683798e-02
1.0447430836965424e-03 3.1622776601683798e-02
1.0532009826288598e-03 3.1622776601683798e-02
1.0617273539497163e-03 3.1622776601683798e-02
1.0703227519892145e-03 3.1622776601683798e-02
1.0789877355651338e-03 3.1622776601683798e-02
1.0877228680192595e-03 3.1622776601683798e-02
1.0965287172540073e-03 3.1622776601683798e-02
1.1054058557693487e-03 3.1622776601683798e-02
1.1143548607000248e-03 3.1622776601683798e-02
1.1233763138530722e-03 3.1622776601683798e-02
1.1324708017456473e-03 3.1622776601683798e-02
1.1416389156431567e-03 3.1622776601683798e-02
1.1508812515977024e-03 3.1622776601683798e-02
1.1601984104868258e-03 3.1622776601683798e-02
1.1695909980525784e-03 3.1622776601683798e-02
1.1790596249409010e-03 3.1622776601683798e-02
1.1886049067413250e-03 3.1622776601683798e-02
1.1982274640269922e-03 3.1622776601683798e-02
1.2079279223950060e-03 3.1622776601683798e-02
1.2177069125070955e-03 3.1622776601683798e-02
1.2275650701306228e-03 3.1622776601683798e-02
1.2375030361799152e-03 3.1622776601683798e-02
1.2475214567579315e-03 3.1622776601683798e-02
1.2576209831982731e-03 3.1622776601683798e-02
1.2678022721075218e-03 3.1622776601683798e-02
1.2780659854079333e-03 3.1622776601683798e-02
1.2884127903804697e-03 3.1622776601683798e-02
1.2988433597081804e-03 3.1622776601683798e-02
1.3093583715199414e-03 3.1622776601683798e-02
1.3199585094345345e-03 3.1622776601683798e-02
1.3306444626050976e-03 3.1622776601683798e-02
1.3414169257639273e-03 3.1622776601683798e-02
1.3522765992676448e-03 3.1622776601683798e-02
1.3632241891427333e-03 3.1622776601683798e-02
1.3742604071314325e-03 3.1622776601683798e-02
1.3853859707380165e-03 3.1622776601683798e-02
1.3966016032754389e-03 3.1622776601683798e-02
1.4079080339123597e-03 3.1622776601683798e-02
1.4193059977205482e-03 3.1622776601683798e-02
1.4307962357226792e-03 3.1622776601683798e-02
1.4423794949405017e-03 3.1622776601683798e-02
1.4540565284434091e-03 3.1622776601683798e-02
1.4658280953973994e-03 3.1622776601683798e-02
1.4776949611144292e-03 3.1622776601683798e-02
1.4896578971021752e-03 3.1622776601683798e-02
1.5017176811141840e-03 3.1622776601683798e-02
1.5138750972004422e-03 3.1622776601683798e-02
1.5261309357583496e-03 3.1622776601683798e-02
1.5384859935841033e-03 3.1622776601683798e-02
1.5509410739245073e-03 3.1622776601683798e-02
1.5634969865291847e-03 3.1622776601683798e-02
1.5761545477032287e-03 3.1622776601683798e-02
1.5889145803602721e-03 3.1622776601683798e-02
1.6017779140759859e-03 3.1622776601683798e-02
1.6147453851420204e-03 3.1622776601683798e-02
1.6278178366203647e-03 3.1622776601683798e-02
1.6409961183981644e-03 3.1622776601683798e-02
1.6542810872429735e-03 3.1622776601683798e-02
1.6676736068584573e-03 3.1622776601683798e-02
1.6811745479405416e-03 3.1622776601683798e-02
1.6947847882340275e-03 3.1622776601683798e-02
1.7085052125896461e-03 3.1622776601683798e-02
1.7223367130215932e-03 3.1622776601683798e-02
1.7362801887655201e-03 3.1622776601683798e-02
1.7503365463369949e-03 3.1622776601683798e-02
1.7645066995904445e-03 3.1622776601683798e-02
1.7787915697785584e-03 3.1622776601683798e-02
1.7931920856121880e-03 3.1622776601683798e-02
1.8077091833207251e-03 3.1622776601683798e-02
1.8223438067129674e-03 3.1622776601683798e-02
1.8370969072384854e-03 3.1622776601683798e-02
1.8519694440494697e-03 3.1622776601683798e-02
1.8669623840630951e-03 3.1622776601683798e-02
1.8820767020243830e-03 3.1622776601683798e-02
1.8973133805695699e-03 3.1622776601683798e-02
1.9126734102900003e-03 3.1622776601683798e-02
1.9281577897965168e-03 3.1622776601683798e-02
1.9437675257843918e-03 3.1622776601683798e-02
1.9595036330987740e-03 3.1622776601683798e-02
1.9753671348006659e-03 3.1622776601683798e-02
1.9913590622334379e-03 3.1622776601683798e-02
2.0074804550898840e-03 3.1622776601683798e-02
2.0237323614798060e-03 3.1622776601683798e-02
2.0401158379981634e-03 3.1622776601683798e-02
2.0566319497937620e-03 3.1622776601683798e-02
2.0732817706385037e-03 3.1622776601683798e-02
2.0900663829972032e-03 3.1622776601683798e-02
2.1069868780979502e-03 3.1622776601683798e-02
2.1240443560030637e-03 3.1622776601683798e-02
2.1412399256806069e-03 3.1622776601683798e-02
2.1585747050764854e-03 3.1622776601683798e-02
2.1760498211871359e-03 3.1622776601683798e-02
2.1936664101327836e-03 3.1622776601683798e-02
2.2114256172313146e-03 3.1622776601683798e-02
2.2293285970727350e-03 3.1622776601683798e-02
2.2473765135942315e-03 3.1622776601683798e-02
2.2655705401558538e-03 3.1622776601683798e-02
2.2839118596167849e-03 3.1622776601683798e-02
2.3024016644122508e-03 3.1622776601683798e-02
2.3210411566310448e-03 3.1622776601683798e-02
2.3398315480936782e-03 3.1622776601683798e-02
2.3587740604311637e-03 3.1622776601683798e-02
2.3778699251644458e-03 3.1622776601683798e-02
2.3971203837844543e-03 3.1622776601683798e-02
2.4165266878328267e-03 3.1622776601683798e-02
2.4360900989832727e-03 3.1622776601683798e-02
2.4558118891235981e-03 3.1622776601683798e-02
2.4756933404384046e-03 3.1622776601683798e-02
2.4957357454924341e-03 3.1622776601683798e-02
2.5159404073146134e-03 3.1622776601683798e-02
2.5363086394827659e-03 3.1622776601683798e-02
2.5568417662090105e-03 3.1622776601683798e-02
2.5775411224258620e-03 3.1622776601683798e-02
2.5984080538730050e-03 3.1622776601683798e-02
2.6194439171847968e-03 3.1622776601683798e-02
2.6406500799784627e-03 3.1622776601683798e-02
2.6620279209430080e-03 3.1622776601683798e-02
2.6835788299288633e-03 3.1622776601683798e-02
2.7053042080382251e-03 3.1622776601683798e-02
2.7272054677161587e-03 3.1622776601683798e-02
2.7492840328424239e-03 3.1622776601683798e-02
2.7715413388240467e-03 3.1622776601683798e-02
2.7939788326886363e-03 3.1622776601683798e-02
2.8165979731784732e-03 3.1622776601683798e-02
2.8394002308453313e-03 3.1622776601683798e-02
2.8623870881460942e-03 3.1622776601683798e-02
2.8855600395391329e-03 3.1622776601683798e-02
2.9089205915814611e-03 3.1622776601683798e-02
2.9324702630266967e-03 3.1622776601683798e-02
2.9562105849237821e-03 3.1622776601683798e-02
2.9801431007165334e-03 3.1622776601683798e-02
3.0042693663439859e-03 3.1622776601683798e-02
3.0285909503415453e-03 3.1622776601683798e-02
3.0531094339429771e-03 3.1622776601683798e-02
3.0778264111831904e-03 3.1622776601683798e-02
3.1027434890018831e-03 3.1622776601683798e-02
3.1278622873480129e-03 3.1622776601683798e-02
3.1531844392851112e-03 3.1622776601683798e-02
3.1787115910974694e-03 3.1622776601683798e-02
3.2044454023971484e-03 3.1622776601683798e-02
3.2303875462318904e-03 3.1622776601683798e-02
3.2565397091938856e-03 3.1622776601683798e-02
3.2829035915294246e-03 3.1622776601683798e-02
3.3094809072494323e-03 3.1622776601683798e-02
3.3362733842409180e-03 3.1622776601683798e-02
3.3632827643792890e-03 3.1622776601683798e-02
3.3905108036416105e-03 3.1622776601683798e-02
3.4179592722207663e-03 3.1622776601683798e-02
3.4456299546405380e-03 3.1622776601683798e-02
3.4735246498716421e-03 3.1622776601683798e-02
3.5016451714486624e-03 3.1622776601683798e-02
3.5299933475879705e-03 3.1622776601683798e-02
3.5585710213065819e-03 3.1622776601683798e-02
3.5873800505419710e-03 3.1622776601683798e-02
3.6164223082728801e-03 3.1622776601683798e-02
3.6456996826410631e-03 3.1622776601683798e-02
3.6752140770740585e-03 3.1622776601683798e-02
3.7049674104089316e-03 3.1622776601683798e-02
3.7349616170170227e-03 3.1622776601683798e-02
3.7651986469297229e-03 3.1622776601683798e-02
3.7956804659652283e-03 3.1622776601683798e-02
3.8264090558563619e-03 3.1622776601683798e-02
3.8573864143794084e-03 3.1622776601683798e-02
3.8886145554839976e-03 3.1622776601683798e-02
3.9200955094240335e-03 3.1622776601683798e-02
3.9518313228897048e-03 3.1622776601683798e-02
3.9838240591405245e-03 3.1622776601683798e-02
4.0160757981394842e-03 3.1622776601683798e-02
4.0485886366882773e-03 3.1622776601683798e-02
4.0813646885636155e-03 3.1622776601683798e-02
4.1144060846546671e-03 3.1622776601683798e-02
4.1477149731015735e-03 3.1622776601683798e-02
4.1812935194351208e-03 3.1622776601683798e-02
4.2151439067175242e-03 3.1622776601683798e-02
4.2492683356843549e-03 3.1622776601683798e-02
4.2836690248876331e-03 3.1622776601683798e-02
4.3183482108400395e-03 3.1622776601683798e-02
4.3533081481603349e-03 3.1622776601683798e-02
4.3885511097199381e-03 3.1622776601683798e-02
4.4240793867906881e-03 3.1622776601683798e-02
4.4598952891938262e-03 3.1622776601683798e-02
4.4960011454501392e-03 3.1622776601683798e-02
4.5323993029313617e-03 3.1622776601683798e-02
4.5690921280127856e-03 3.1622776601683798e-02
4.6060820062271014e-03 3.1622776601683798e-02
4.6433713424194915e-03 3.1622776601683798e-02
4.6809625609039920e-03 3.1622776601683798e-02
4.7188581056210816e-03 3.1622776601683798e-02
4.7570604402965870e-03 3.1622776601683798e-02
4.7955720486018549e-03 3.1622776601683798e-02
4.8343954343152201e-03 3.1622776601683798e-02
4.8735331214848016e-03 3.1622776601683798e-02
4.9129876545925778e-03 3.1622776601683798e-02
4.9527615987198228e-03 3.1622776601683798e-02
4.9928575397138750e-03 3.1622776601683798e-02
5.0332780843562403e-03 3.1622776601683798e-02
5.0740258605320946e-03 3.1622776601683798e-02
5.1151035174010978e-03 3.1622776601683798e-02
5.1565137255696458e-03 3.1622776601683798e-02
5.1982591772644950e-03 3.1622776601683798e-02
5.2403425865077810e-03 3.1622776601683798e-02
5.2827666892934959e-03 3.1622776601683798e-02
5.3255342437653289e-03 3.1622776601683798e-02
5.3686480303960062e-03 3.1622776601683798e-02
5.4121108521680518e-03 3.1622776601683798e-02
5.4559255347560219e-03 3.1622776601683798e-02
5.5000949267102065e-03 3.1622776601683798e-02
5.5446218996418450e-03 3.1622776601683798e-02
5.5895093484097866e-03 3.1622776601683798e-02
5.6347601913087197e-03 3.1622776601683798e-02
5.6803773702588925e-03 3.1622776601683798e-02
5.7263638509973741e-03 3.1622776601683798e-02
5.7727226232708890e-03 3.1622776601683798e-02
5.8194567010301590e-03 3.1622776601683798e-02
5.8665691226258716e-03 3.1622776601683798e-02
5.9140629510062107e-03 3.1622776601683798e-02
5.9619412739159820e-03 3.1622776601683798e-02
6.0102072040973831e-03 3.1622776601683798e-02
6.0588638794923386e-03 3.1622776601683798e-02
6.1079144634465336e-03 3.1622776601683798e-02
6.1573621449150639e-03 3.1622776601683798e-02
6.2072101386697609e-03 3.1622776601683798e-02
6.2574616855082185e-03 3.1622776601683798e-02
6.3081200524644498e-03 3.1622776601683798e-02
6.3591885330213146e-03 3.1622776601683798e-02
6.4106704473246351e-03 3.1622776601683798e-02
6.4625691423990522e-03 3.1622776601683798e-02
6.5148879923656155e-03 3.1622776601683798e-02
6.5676303986611792e-03 3.1622776601683798e-02
6.6207997902595003e-03 3.1622776601683798e-02
6.6743996238941925e-03 3.1622776601683798e-02
6.7284333842834582e-03 3.1622776601683798e-02
6.7829045843566327e-03 3.1622776601683798e-02
6.8378167654826010e-03 3.1622776601683798e-02
6.8931734976999956e-03 3.1622776601683798e-02
6.9489783799493209e-03 3.1622776601683798e-02
7.0052350403069300e-03 3.1622776601683798e-02
7.0619471362208903e-03 3.1622776601683798e-02
7.1191183547487944e-03 3.1622776601683798e-02
7.1767524127974314e-03 3.1622776601683798e-02
7.2348530573644590e-03 3.1622776601683798e-02
7.2934240657820063e-03 3.1622776601683798e-02
7.3524692459622475e-03 3.1622776601683798e-02
7.4119924366449659e-03 3.1622776601683798e-02
7.4719975076471502e-03 3.1622776601683798e-02
7.5324883601145410e-03 3.1622776601683798e-02
7.5934689267752910e-03 3.1622776601683798e-02
7.6549431721956327e-03 3.1622776601683798e-02
7.7169150930376275e-03 3.1622776601683798e-02
7.7793887183190301e-03 3.1622776601683798e-02
7.8423681096751862e-03 3.1622776601683798e-02
7.9058573616231191e-03 3.1622776601683798e-02
7.9698606018277270e-03 3.1622776601683798e-02
8.0343819913701320e-03 3.1622776601683798e-02
8.0994257250182281e-03 3.1622776601683798e-02
8.1649960314993594e-03 3.1622776601683798e-02
8.2310971737752734e-03 3.1622776601683798e-02
8.2977334493192657e-03 3.1622776601683798e-02
8.3649091903955641e-03 3.1622776601683798e-02
8.4326287643410151e-03 3.1622776601683798e-02
8.5008965738489796e-03 3.1622776601683798e-02
8.5697170572555867e-03 3.1622776601683798e-02
8.6390946888282947e-03 3.1622776601683798e-02
8.7090339790567642e-03 3.1622776601683798e-02
8.7795394749461027e-03 3.1622776601683798e-02
8.8506157603125083e-03 3.1622776601683798e-02
8.9222674560812364e-03 3.1622776601683798e-02
8.9944992205870534e-03 3.1622776601683798e-02
9.0673157498770800e-03 3.1622776601683798e-02
9.1407217780160952e-03 3.1622776601683798e-02
9.2147220773943477e-03 3.1622776601683798e-02
9.2893214590377710e-03 3.1622776601683798e-02
9.3645247729208028e-03 3.1622776601683798e-02
9.4403369082816935e-03 3.1622776601683798e-02
9.5167627939403577e-03 3.1622776601683798e-02
9.5938073986188560e-03 3.1622776601683798e-02
9.6714757312643743e-03 3.1622776601683798e-02
9.7497728413749075e-03 3.1622776601683798e-02
9.8287038193275340e-03 3.1622776601683798e-02
9.9082737967093621e-03 3.1622776601683798e-02
9.9884879466511749e-03 3.1622776601683798e-02
1.0069351484163710e-02 3.1622776601683798e-02
1.0150869666476737e-02 3.1622776601683798e-02
1.0233047793380834e-02 3.1622776601683798e-02
1.0315891207571971e-02 3.1622776601683798e-02
1.0399405294998826e-02 3.1622776601683798e-02
1.0483595485212960e-02 3.1622776601683798e-02
1.0568467251721822e-02 3.1622776601683798e-02
1.0654026112344572e-02 3.1622776601683798e-02
1.0740277629570855e-02 3.1622776601683798e-02
1.0827227410922399e-02 3.1622776601683798e-02
1.0914881109317594e-02 3.1622776601683798e-02
1.1003244423439034e-02 3.1622776601683798e-02
1.1092323098103969e-02 3.1622776601683798e-02
1.1182122924637808e-02 3.1622776601683798e-02
1.1272649741250666e-02 3.1622776601683798e-02
1.1363909433416870e-02 3.1622776601683798e-02
1.1455907934257655e-02 3.1622776601683798e-02
1.1548651224926848e-02 3.1622776601683798e-02
1.1642145334999743e-02 3.1622776601683798e-02
1.1736396342865130e-02 3.1622776601683798e-02
1.1831410376120427e-02 3.1622776601683798e-02
1.1927193611970083e-02 3.1622776601683798e-02
1.2023752277627198e-02 3.1622776601683798e-02
1.2121092650718328e-02 3.1622776601683798e-02
1.2219221059691669e-02 3.1622776601683798e-02
1.2318143884228451e-02 3.1622776601683798e-02
1.2417867555657719e-02 3.1622776601683798e-02
1.2518398557374478e-02 3.1622776601683798e-02
1.2619743425261157e-02 3.1622776601683798e-02
1.2721908748112581e-02 3.1622776601683798e-02
1.2824901168064286e-02 3.1622776601683798e-02
1.2928727381024371e-02 3.1622776601683798e-02
1.3033394137108840e-02 3.1622776601683798e-02
1.3138908241080414e-02 3.1622776601683798e-02
1.3245276552790947e-02 3.1622776601683798e-02
1.3352505987627437e-02 3.1622776601683798e-02
1.3460603516961574e-02 3.1622776601683798e-02
1.3569576168603019e-02 3.1622776601683798e-02
1.3679431027256266e-02 3.1622776601683798e-02
1.3790175234981265e-02 3.1622776601683798e-02
1.3901815991657776e-02 3.1622776601683798e-02
1.4014360555453407e-02 3.1622776601683798e-02
1.4127816243295526e-02 3.1622776601683798e-02
1.4242190431346976e-02 3.1622776601683798e-02
1.4357490555485580e-02 3.1622776601683798e-02
1.4473724111787623e-02 3.1622776601683798e-02
1.4590898657015164e-02 3.1622776601683798e-02
1.4709021809107332e-02 3.1622776601683798e-02
1.4828101247675632e-02 3.1622776601683798e-02
1.4948144714503162e-02 3.1622776601683798e-02
1.5069160014048002e-02 3.1622776601683798e-02
1.5191155013950556e-02 3.1622776601683798e-02
1.5314137645545071e-02 3.1622776601683798e-02
1.5438115904375311e-02 3.1622776601683798e-02
1.5563097850714332e-02 3.1622776601683798e-02
1.5689091610088527e-02 3.1622776601683798e-02
1.5816105373805921e-02 3.1622776601683798e-02
1.5944147399488663e-02 3.1622776601683798e-02
1.6073226011609949e-02 3.1622776601683798e-02
1.6203349602035167e-02 3.1622776601683798e-02
1.6334526630567510e-02 3.1622776601683798e-02
1.6466765625497991e-02 3.1622776601683798e-02
1.6600075184159874e-02 3.1622776601683798e-02
1.6734463973487608e-02 3.1622776601683798e-02
1.6869940730580353e-02 3.1622776601683798e-02
1.7006514263269934e-02 3.1622776601683798e-02
1.7144193450693537e-02 3.1622776601683798e-02
1.7282987243870923e-02 3.1622776601683798e-02
1.7422904666286383e-02 3.1622776601683798e-02
1.7563954814475421e-02 3.1622776601683798e-02
1.7706146858616083e-02 3.1622776601683798e-02
1.7849490043125225e-02 3.1622776601683798e-02
1.7993993687259451e-02 3.1622776601683798e-02
1.8139667185721024e-02 3.1622776601683798e-02
1.8286520009268680e-02 3.1622776601683798e-02
1.8434561705333294e-02 3.1622776601683798e-02
1.8583801898638633e-02 3.1622776601683798e-02
1.8734250291827105e-02 3.1622776601683798e-02
1.8885916666090508e-02 3.1622776601683798e-02
1.9038810881806013e-02 3.1622776601683798e-02
1.9192942879177163e-02 3.1622776601683798e-02
1.9348322678880130e-02 3.1622776601683798e-02
1.9504960382715254e-02 3.1622776601683798e-02
1.9662866174263716e-02 3.1622776601683798e-02
1.9822050319549638e-02 3.1622776601683798e-02
1.9982523167707569e-02 3.1622776601683798e-02
2.0144295151655216e-02 3.1622776601683798e-02
2.0307376788771831e-02 3.1622776601683798e-02
2.0471778681581902e-02 3.1622776601683798e-02
2.0637511518444493e-02 3.1622776601683798e-02
2.0804586074248167e-02 3.1622776601683798e-02
2.0973013211111426e-02 3.1622776601683798e-02
2.1142803879088973e-02 3.1622776601683798e-02
2.1313969116883557e-02 3.1622776601683798e-02
2.1486520052563653e-02 3.1622776601683798e-02
2.1660467904286981e-02 3.1622776601683798e-02
2.1835823981029769e-02 3.1622776601683798e-02
2.2012599683322025e-02 3.1622776601683798e-02
2.2190806503988761e-02 3.1622776601683798e-02
2.2370456028897100e-02 3.1622776601683798e-02
2.2551559937709617e-02 3.1622776601683798e-02
2.2734130004643579e-02 3.1622776601683798e-02
2.2918178099236471e-02 3.1622776601683798e-02
2.3103716187117720e-02 3.1622776601683798e-02
2.3290756330786543e-02 3.1622776601683798e-02
2.3479310690396216e-02 3.1622776601683798e-02
2.3669391524544680e-02 3.1622776601683798e-02
2.3861011191071431e-02 3.1622776601683798e-02
2.4054182147861054e-02 3.1622776601683798e-02
2.4248916953653058e-02 3.1622776601683798e-02
2.4445228268858418e-02 3.1622776601683798e-02
2.4643128856382680e-02 3.1622776601683798e-02
2.4842631582455681e-02 3.1622776601683798e-02
2.5043749417468085e-02 3.1622776601683798e-02
2.5246495436814578e-02 3.1622776601683798e-02
2.5450882821743969e-02 3.1622776601683798e-02
2.5656924860216191e-02 3.1622776601683798e-02
2.5864634947766127e-02 3.1622776601683798e-02
2.6074026588374530e-02 3.1622776601683798e-02
2.6285113395346026e-02 3.1622776601683798e-02
2.6497909092194044e-02 3.1622776601683798e-02
2.6712427513533157e-02 3.1622776601683798e-02
2.6928682605978423e-02 3.1622776601683798e-02
2.7146688429052133e-02 3.1622776601683798e-02
2.7366459156097936e-02 3.1622776601683798e-02
2.7588009075202188e-02 3.1622776601683798e-02
2.7811352590122938e-02 3.1622776601683798e-02
2.8036504221226399e-02 3.1622776601683798e-02
2.8263478606430859e-02 3.1622776601683798e-02
2.8492290502158492e-02 3.1622776601683798e-02
2.8722954784294586e-02 3.1622776601683798e-02
2.8955486449154754e-02 3.1622776601683798e-02
2.9189900614459915e-02 3.1622776601683798e-02
2.9426212520319076e-02 3.1622776601683798e-02
2.9664437530220241e-02 3.1622776601683798e-02
2.9904591132029156e-02 3.1622776601683798e-02
3.0146688938996271e-02 3.1622776601683798e-02
3.0390746690771860e-02 3.1622776601683798e-02
3.0636780254429220e-02 3.1622776601683798e-02
3.0884805625496295e-02 3.1622776601683798e-02
3.1134838928995649e-02 3.1622776601683798e-02
3.1386896420492701e-02 3.1622776601683798e-02
3.1640994487152678e-02 3.1622776601683798e-02
3.1897149648805911e-02 3.1622776601683798e-02
3.2155378559021869e-02 3.1622776601683798e-02
3.2415698006191949e-02 3.1622776601683798e-02
3.2678124914620819e-02 3.1622776601683798e-02
3.2942676345626802e-02 3.1622776601683798e-02
3.3209369498651130e-02 3.1622776601683798e-02
3.3478221712376029e-02 3.1622776601683798e-02
3.3749250465852101e-02 3.1622776601683798e-02
3.4022473379634599e-02 3.1622776601683798e-02
3.4297908216929018e-02 3.1622776601683798e-02
3.4575572884746025e-02 3.1622776601683798e-02
3.4855485435065545e-02 3.1622776601683798e-02
3.5137664066010481e-02 3.1622776601683798e-02
3.5422127123029765e-02 3.1622776601683798e-02
3.5708893100091094e-02 3.1622776601683798e-02
3.5997980640883331e-02 3.1622776601683798e-02
3.6289408540028517e-02 3.1622776601683798e-02
3.6583195744303812e-02 3.1622776601683798e-02
3.6879361353873354e-02 3.1622776601683798e-02
3.7177924623529889e-02 3.1622776601683798e-02
3.7478904963946770e-02 3.1622776601683798e-02
3.7782321942939762e-02 3.1622776601683798e-02
3.8088195286739283e-02 3.1622776601683798e-02
3.8396544881272920e-02 3.1622776601683798e-02
3.8707390773458181e-02 3.1622776601683798e-02
3.9020753172505890e-02 3.1622776601683798e-02
3.9336652451234071e-02 3.1622776601683798e-02
3.9655109147392391e-02 3.1622776601683798e-02
3.9976143964997483e-02 3.1622776601683798e-02
4.0299777775678898e-02 3.1622776601683798e-02
4.0626031620036071e-02 3.1622776601683798e-02
4.0954926709006328e-02 3.1622776601683798e-02
4.1286484425243748e-02 3.1622776601683798e-02
4.1620726324509465e-02 3.1622776601683798e-02
4.1957674137072958e-02 3.1622776601683798e-02
4.2297349769124873e-02 3.1622776601683798e-02
4.2639775304201294e-02 3.1622776601683798e-02
4.2984973004619342e-02 3.1622776601683798e-02
4.3332965312924569e-02 3.1622776601683798e-02
4.3683774853350142e-02 3.1622776601683798e-02
4.4037424433287523e-02 3.1622776601683798e-02
4.4393937044769467e-02 3.1622776601683798e-02
4.4753335865964666e-02 3.1622776601683798e-02
4.5115644262684669e-02 3.1622776601683798e-02
4.5480885789903100e-02 3.1622776601683798e-02
4.5849084193286885e-02 3.1622776601683798e-02
4.6220263410740113e-02 3.1622776601683798e-02
4.6594447573960404e-02 3.1622776601683798e-02
4.6971661010007625e-02 3.1622776601683798e-02
4.7351928242885678e-02 3.1622776601683798e-02
4.7735273995136718e-02 3.1622776601683798e-02
4.8121723189448538e-02 3.1622776601683798e-02
4.8511300950274928e-02 3.1622776601683798e-02
4.8904032605469008e-02 3.1622776601683798e-02
4.9299943687929906e-02 3.1622776601683798e-02
4.9699059937262854e-02 3.1622776601683798e-02
5.0101407301452419e-02 3.1622776601683798e-02
5.0507011938549680e-02 3.1622776601683798e-02
5.0915900218372681e-02 3.1622776601683798e-02
5.1328098724220901e-02 3.1622776601683798e-02
5.1743634254603627e-02 3.1622776601683798e-02
5.2162533824981996e-02 3.1622776601683798e-02
5.2584824669525639e-02 3.1622776601683798e-02
5.3010534242883024e-02 3.1622776601683798e-02
5.3439690221966506e-02 3.1622776601683798e-02
5.3872320507751759e-02 3.1622776601683798e-02
5.4308453227091567e-02 3.1622776601683798e-02
5.4748116734544536e-02 3.1622776601683798e-02
5.5191339614218606e-02 3.1622776601683798e-02
5.5638150681629209e-02 3.1622776601683798e-02
5.6088578985572894e-02 3.1622776601683798e-02
5.6542653810015692e-02 3.1622776601683798e-02
5.7000404675997075e-02 3.1622776601683798e-02
5.7461861343549296e-02 3.1622776601683798e-02
5.7927053813632015e-02 3.1622776601683798e-02
5.8396012330082889e-02 3.1622776601683798e-02
5.8868767381583885e-02 3.1622776601683798e-02
5.9345349703643260e-02 3.1622776601683798e-02
5.9825790280594045e-02 3.1622776601683798e-02
6.0310120347608222e-02 3.1622776601683798e-02
6.0798371392727521e-02 3.1622776601683798e-02
6.1290575158910690e-02 3.1622776601683798e-02
6.1786763646096955e-02 3.1622776601683798e-02
6.2286969113286746e-02 3.1622776601683798e-02
6.2791224080638738e-02 3.1622776601683798e-02
6.3299561331584195e-02 3.1622776601683798e-02
6.3812013914958401e-02 3.1622776601683798e-02
6.4328615147149174e-02 3.1622776601683798e-02
6.4849398614262893e-02 3.1622776601683798e-02
6.5374398174308207e-02 3.1622776601683798e-02
6.5903647959397002e-02 3.1622776601683798e-02
6.6437182377963755e-02 3.1622776601683798e-02
6.6975036117002285e-02 3.1622776601683798e-02
6.7517244144320976e-02 3.1622776601683798e-02
6.8063841710816295e-02 3.1622776601683798e-02
6.8614864352764329e-02 3.1622776601683798e-02
6.9170347894131276e-02 3.1622776601683798e-02
6.9730328448902576e-02 3.1622776601683798e-02
7.0294842423430551e-02 3.1622776601683798e-02
7.0863926518801620e-02 3.1622776601683798e-02
7.1437617733222103e-02 3.1622776601683798e-02
7.2015953364423707e-02 3.1622776601683798e-02
7.2598971012088537e-02 3.1622776601683798e-02
7.3186708580293275e-02 3.1622776601683798e-02
7.3779204279973795e-02 3.1622776601683798e-02
7.4376496631409106e-02 3.1622776601683798e-02
7.4978624466725860e-02 3.1622776601683798e-02
7.5585626932422989e-02 3.1622776601683798e-02
7.6197543491916625e-02 3.1622776601683798e-02
7.6814413928105826e-02 3.1622776601683798e-02
7.7436278345959106e-02 3.1622776601683798e-02
7.8063177175121581e-02 3.1622776601683798e-02
7.8695151172543734e-02 3.1622776601683798e-02
7.9332241425130873e-02 3.1622776601683798e-02
7.9974489352414496e-02 3.1622776601683798e-02
8.0621936709245209e-02 3.1622776601683798e-02
8.1274625588507163e-02 3.1622776601683798e-02
8.1932598423854724e-02 3.1622776601683798e-02
8.2595897992471426e-02 3.1622776601683798e-02
8.3264567417850724e-02 3.1622776601683798e-02
8.3938650172599980e-02 3.1622776601683798e-02
8.4618190081266462e-02 3.1622776601683798e-02
8.5303231323186665e-02 3.1622776601683798e-02
8.5993818435358693e-02 3.1622776601683798e-02
8.6689996315337484e-02 3.1622776601683798e-02
8.7391810224154085e-02 3.1622776601683798e-02
8.8099305789257967e-02 3.1622776601683798e-02
8.8812529007483487e-02 3.1622776601683798e-02
8.9531526248040560e-02 3.1622776601683798e-02
9.0256344255528892e-02 3.1622776601683798e-02
9.0987030152977239e-02 3.1622776601683798e-02
9.1723631444907125e-02 3.1622776601683798e-02
9.2466196020421026e-02 3.1622776601683798e-02
9.3214772156316100e-02 3.1622776601683798e-02
9.3969408520222591e-02 3.1622776601683798e-02
9.4730154173767969e-02 3.1622776601683798e-02
9.5497058575766763e-02 3.1622776601683798e-02
9.6270171585435799e-02 3.1622776601683798e-02
9.7049543465635796e-02 3.1622776601683798e-02
9.7835224886139383e-02 3.1622776601683798e-02
9.8627266926924889e-02 3.1622776601683798e-02
9.9425721081497720e-02 3.1622776601683798e-02
1.0023063926023765e-01 3.1586256806824711e-02
1.0104207379377410e-01 3.1458768286376906e-02
1.0186007743638814e-01 3.1331792706293903e-02
1.0268470336944224e-01 3.1205328002799140e-02
1.0351600520483786e-01 3.1079372120419540e-02
1.0435403698850090e-01 3.0953923011952041e-02
1.0519885320389548e-01 3.0828978638430357e-02
1.0605050877556592e-01 3.0704536969091832e-02
1.0690905907270787e-01 3.0580595981344418e-02
1.0777455991276784e-01 3.0457153660733805e-02
1.0864706756507220e-01 3.0334208000910710e-02
1.0952663875448534e-01 3.0211757003598232e-02
1.1041333066509773e-01 3.0089798678559390e-02
1.1130720094394350e-01 2.9968331043564750e-02
1.1220830770474843e-01 2.9847352124360252e-02
1.1311670953170791e-01 2.9726859954635098e-02
1.1403246548329597e-01 2.9606852575989762e-02
1.1495563509610475e-01 2.9487328037904229e-02
1.1588627838871515e-01 2.9368284397706213e-02
1.1682445586559900e-01 2.9249719720539656e-02
1.1777022852105246e-01 2.9131632079333225e-02
1.1872365784316166e-01 2.9014019554769031e-02
1.1968480581780024e-01 2.8896880235251391e-02
1.2065373493265920e-01 2.8780212216875798e-02
1.2163050818130944e-01 2.8664013603397959e-02
1.2261518906729731e-01 2.8548282506202973e-02
1.2360784160827314e-01 2.8433017044274624e-02
1.2460853034015323e-01 2.8318215344164847e-02
1.2561732032131559e-01 2.8203875539963241e-02
1.2663427713682959e-01 2.8089995773266749e-02
1.2765946690271998e-01 2.7976574193149459e-02
1.2869295627026528e-01 2.7863608956132522e-02
1.2973481243033086e-01 2.7751098226154194e-02
1.3078510311773753e-01 2.7639040174539962e-02
1.3184389661566503e-01 2.7527432979972871e-02
1.3291126176009152e-01 2.7416274828463878e-02
1.3398726794426863e-01 2.7305563913322402e-02
1.3507198512323321e-01 2.7195298435126934e-02
1.3616548381835519e-01 2.7085476601695802e-02
1.3726783512192259e-01 2.6976096628058034e-02
1.3837911070176317e-01 2.6867156736424379e-02
1.3949938280590429e-01 2.6758655156158356e-02
1.4062872426726955e-01 2.6650590123747517e-02
1.4176720850841423e-01 2.6542959882774771e-02
1.4291490954629862e-01 2.6435762683889839e-02
1.4407190199710015e-01 2.6328996784780831e-02
1.4523826108106444e-01 2.6222660450145891e-02
1.4641406262739570e-01 2.6116751951665036e-02
1.4759938307918666e-01 2.6011269567972038e-02
1.4879429949838821e-01 2.5906211584626471e-02
1.4999888957081983e-01 2.5801576294085814e-02
1.5121323161121994e-01 2.5697361995677716e-02
1.5243740456833754e-01 2.5593566995572341e-02
1.5367148803006483e-01 2.5490189606754893e-02
1.5491556222861178e-01 2.5387228148998093e-02
1.5616970804572200e-01 2.5284680948834959e-02
1.5743400701793139e-01 2.5182546339531580e-02
1.5870854134186888e-01 2.5080822661060015e-02
1.5999339387960060e-01 2.4979508260071316e-02
1.6128864816401689e-01 2.4878601489868667e-02
1.6259438840426313e-01 2.4778100710380599e-02
1.6391069949121434e-01 2.4678004288134350e-02
1.6523766700299444e-01 2.4578310596229325e-02
1.6657537721053989e-01 2.4479018014310627e-02
1.6792391708320847e-01 2.4380124928542735e-02
1.6928337429443355e-01 2.4281629731583262e-02
1.7065383722742389e-01 2.4183530822556861e-02
1.7203539498090986e-01 2.4085826607029188e-02
1.7342813737493620e-01 2.3988515496980958e-02
1.7483215495670132e-01 2.3891595910782177e-02
1.7624753900644410e-01 2.3795066273166420e-02
1.7767438154337858e-01 2.3698925015205222e-02
1.7911277533167622e-01 2.3603170574282593e-02
1.8056281388649703e-01 2.3507801394069581e-02
1.8202459148006908e-01 2.3412815924499047e-02
1.8349820314781773e-01 2.3318212621740397e-02
1.8498374469454409e-01 2.3223989948174536e-02
1.8648131270065374e-01 2.3130146372368848e-02
1.8799100452843545e-01 2.3036680369052355e-02
1.8951291832839157e-01 2.2943590419090838e-02
1.9104715304561876e-01 2.2850875009462243e-02
1.9259380842624088e-01 2.2758532633232027e-02
1.9415298502389380e-01 2.2666561789528684e-02
1.9572478420626288e-01 2.2574960983519351e-02
1.9730930816167314e-01 2.2483728726385519e-02
1.9890665990573292e-01 2.2392863535298815e-02
2.0051694328803132e-01 2.2302363933396917e-02
2.0214026299888968e-01 2.2212228449759550e-02
2.0377672457616816e-01 2.2122455619384578e-02
2.0542643441212693e-01 2.2033043983164181e-02
2.0708949976034319e-01 2.1943992087861141e-02
2.0876602874268393e-01 2.1855298486085254e-02
2.1045613035633570e-01 2.1766961736269769e-02
2.1215991448089058e-01 2.1678980402647957e-02
2.1387749188548999e-01 2.1591353055229801e-02
2.1560897423602607e-01 2.1504078269778730e-02
2.1735447410240161e-01 2.1417154627788496e-02
2.1911410496584868e-01 2.1330580716460091e-02
2.2088798122630626e-01 2.1244355128678793e-02
2.2267621820985786e-01 2.1158476462991314e-02
2.2447893217622938e-01 2.1072943323582990e-02
2.2629624032634751e-01 2.0987754320255118e-02
2.2812826080995938e-01 2.0902908068402361e-02
2.2997511273331378e-01 2.0818403188990229e-02
2.3183691616690494e-01 2.0734238308532674e-02
2.3371379215327859e-01 2.0650412059069759e-02
2.3560586271490139e-01 2.0566923078145432e-02
2.3751325086209410e-01 2.0483770008785391e-02
2.3943608060102867e-01 2.0400951499475000e-02
2.4137447694179076e-01 2.0318466204137346e-02
2.4332856590650681e-01 2.0236312782111368e-02
2.4529847453753731e-01 2.0154489898130026e-02
2.4728433090573601e-01 2.0072996222298644e-02
2.4928626411877666e-01 1.9991830430073274e-02
2.5130440432954665e-01 1.9910991202239166e-02
2.5333888274460853e-01 1.9830477224889325e-02
2.5538983163273027e-01 1.9750287189403175e-02
2.5745738433348475e-01 1.9670419792425269e-02
2.5954167526591854e-01 1.9590873735844099e-02
2.6164283993729087e-01 1.9511647726771029e-02
2.6376101495188337e-01 1.9432740477519261e-02
2.6589633801988144e-01 1.9354150705582888e-02
2.6804894796632728e-01 1.9275877133616084e-02
2.7021898474014527e-01 1.9197918489412321e-02
2.7240658942324036e-01 1.9120273505883707e-02
2.7461190423967086e-01 1.9042940921040367e-02
2.7683507256489448e-01 1.8965919477969943e-02
2.7907623893508976e-01 1.8889207924817204e-02
2.8133554905655322e-01 1.8812805014763616e-02
2.8361314981517166e-01 1.8736709506007147e-02
2.8590918928597220e-01 1.8660920161742076e-02
2.8822381674274911e-01 1.8585435750138841e-02
2.9055718266776853e-01 1.8510255044324079e-02
2.9290943876155179e-01 1.8435376822360659e-02
2.9528073795273824e-01 1.8360799867227801e-02
2.9767123440802751e-01 1.8286522966801333e-02
3.0008108354220264e-01 1.8212544913833967e-02
3.0251044202823374e-01 1.8138864505935680e-02
3.0495946780746436e-01 1.8065480545554184e-02
3.0742832009987947e-01 1.7992391839955435e-02
3.0991715941445730e-01 1.7919597201204278e-02
3.1242614755960402e-01 1.7847095446145118e-02
3.1495544765367400e-01 1.7774885396382698e-02
3.1750522413557469e-01 1.7702965878262946e-02
3.2007564277545703e-01 1.7631335722853889e-02
3.2266687068549310e-01 1.7559993765926679e-02
3.2527907633074049e-01 1.7488938847936650e-02
3.2791242954009503e-01 1.7418169814004462e-02
3.3056710151733171e-01 1.7347685513897357e-02
3.3324326485223549e-01 1.7277484802010440e-02
3.3594109353182178e-01 1.7207566537348090e-02
3.3866076295164815e-01 1.7137929583505383e-02
3.4140244992721741e-01 1.7068572808649624e-02
3.4416633270547276e-01 1.6999495085501970e-02
3.4695259097638659e-01 1.6930695291319114e-02
3.4976140588464261e-01 1.6862172307874991e-02
3.5259296004141283e-01 1.6793925021442654e-02
3.5544743753622948e-01 1.6725952322776148e-02
3.5832502394895388e-01 1.6658253107092486e-02
3.6122590636184099e-01 1.6590826274053679e-02
3.6415027337170286e-01 1.6523670727748886e-02
3.6709831510216961e-01 1.6456785376676553e-02
3.7007022321605032e-01 1.6390169133726727e-02
3.7306619092779342e-01 1.6323820916163342e-02
3.7608641301604873e-01 1.6257739645606641e-02
3.7913108583633010e-01 1.6191924248015653e-02
3.8220040733378180e-01 1.6126373653670718e-02
3.8529457705604714e-01 1.6061086797156125e-02
3.8841379616624216e-01 1.5996062617342759e-02
3.9155826745603384e-01 1.5931300057370906e-02
3.9472819535882403e-01 1.5866798064633029e-02
3.9792378596304101e-01 1.5802555590756683e-02
4.0114524702553739e-01 1.5738571591587470e-02
4.0439278798509770e-01 1.5674845027172066e-02
4.0766661997605425e-01 1.5611374861741316e-02
4.1096695584201420e-01 1.5548160063693412e-02
4.1429401014969680e-01 1.5485199605577113e-02
4.1764799920288376e-01 1.5422492464075047e-02
4.2102914105648126e-01 1.5360037619987089e-02
4.2443765553069707e-01 1.5297834058213781e-02
4.2787376422533135e-01 1.5235880767739846e-02
4.3133769053418414e-01 1.5174176741617746e-02
4.3482965965957859e-01 1.5112720976951320e-02
4.3834989862700241e-01 1.5051512474879484e-02
4.4189863629986742e-01 1.4990550240560001e-02
4.4547610339438920e-01 1.4929833283153298e-02
4.4908253249458607e-01 1.4869360615806375e-02
4.5271815806740112e-01 1.4809131255636758e-02
4.5638321647794478e-01 1.4749144223716521e-02
4.6007794600486257e-01 1.4689398545056392e-02
4.6380258685582604e-01 1.4629893248589883e-02
4.6755738118314960e-01 1.4570627367157524e-02
4.7134257309953387e-01 1.4511599937491133e-02
4.7515840869393594e-01 1.4452810000198173e-02
4.7900513604756906e-01 1.4394256599746132e-02
4.8288300525003075e-01 1.4335938784447042e-02
4.8679226841556245e-01 1.4277855606441937e-02
4.9073317969944003e-01 1.4220006121685530e-02
4.9470599531449760e-01 1.4162389389930802e-02
4.9871097354778471e-01 1.4105004474713760e-02
5.0274837477735868e-01 1.4047850443338188e-02
5.0681846148921206e-01 1.3990926366860520e-02
5.1092149829433908e-01 1.3934231320074712e-02
5.1505775194593761e-01 1.3877764381497222e-02
5.1922749135675261e-01 1.3821524633352018e-02
5.2343098761655849e-01 1.3765511161555687e-02
5.2766851400978454e-01 1.3709723055702543e-02
5.3194034603328089e-01 1.3654159409049861e-02
5.3624676141423089e-01 1.3598819318503116e-02
5.4058804012820605e-01 1.3543701884601319e-02
5.4496446441736879e-01 1.3488806211502403e-02
5.4937631880882210e-01 1.3434131406968640e-02
5.5382389013310729e-01 1.3379676582352158e-02
5.5830746754285232e-01 1.3325440852580495e-02
5.6282734253157019e-01 1.3271423336142207e-02
5.6738380895261042e-01 1.3217623155072543e-02
5.7197716303826318e-01 1.3164039434939181e-02
5.7660770341901857e-01 1.3110671304828009e-02
5.8127573114298170e-01 1.3057517897328967e-02
5.8598154969544480e-01 1.3004578348521964e-02
5.9072546501861811e-01 1.2951851797962814e-02
5.9550778553151973e-01 1.2899337388669272e-02
6.0032882215002803e-01 1.2847034267107092e-02
6.0518888830709427e-01 1.2794941583176152e-02
6.1008829997312086e-01 1.2743058490196657e-02
6.1502737567650334e-01 1.2691384144895351e-02
6.2000643652433929e-01 1.2639917707391830e-02
6.2502580622330428e-01 1.2588658341184890e-02
6.3008581110069761e-01 1.2537605213138910e-02
6.3518678012565777e-01 1.2486757493470344e-02
6.4032904493055021e-01 1.2436114355734206e-02
6.4551293983252733e-01 1.2385674976810652e-02
6.5073880185526467e-01 1.2335438536891598e-02
6.5600697075087067e-01 1.2285404219467401e-02
6.6131778902197658e-01 1.2235571211313566e-02
6.6667160194400277e-01 1.2185938702477569e-02
6.7206875758760687e-01 1.2136505886265643e-02
6.7750960684131267e-01 1.2087271959229715e-02
6.8299450343432322e-01 1.2038236121154310e-02
6.8852380395951751e-01 1.1989397575043559e-02
6.9409786789663419e-01 1.1940755527108250e-02
6.9971705763564229e-01 1.1892309186752926e-02
7.0538173850030195e-01 1.1844057766563020e-02
7.1109227877191516e-01 1.1796000482292072e-02
7.1684904971326913e-01 1.1748136552848983e-02
7.2265242559277310e-01 1.1700465200285309e-02
7.2850278370879173e-01 1.1652985649782618e-02
7.3440050441417348e-01 1.1605697129639917e-02
7.4034597114097955e-01 1.1558598871261075e-02
7.4633957042541210e-01 1.1511690109142363e-02
7.5238169193294391e-01 1.1464970080859985e-02
7.5847272848365221e-01 1.1418438027057711e-02
7.6461307607775775e-01 1.1372093191434521e-02
7.7080313392136923e-01 1.1325934820732304e-02
7.7704330445243808e-01 1.1279962164723639e-02
7.8333399336692167e-01 1.1234174476199585e-02
7.8967560964515982e-01 1.1188571010957530e-02
7.9606856557846328e-01 1.1143151027789117e-02
8.0251327679591877e-01 1.1097913788468175e-02
8.0901016229141065e-01 1.1052858557738738e-02
8.1555964445086049e-01 1.1007984603303080e-02
8.2216214907968876e-01 1.0963291195809821e-02
8.2881810543049761e-01 1.0918777608842075e-02
8.3552794623097792e-01 1.0874443118905628e-02
8.4229210771204266e-01 1.0830287005417208e-02
8.4911102963618823e-01 1.0786308550692731e-02
8.5598515532608421e-01 1.0742507039935683e-02
8.6291493169339606e-01 1.0698881761225472e-02
8.6990080926783997e-01 1.0655432005505856e-02
8.7694324222647380e-01 1.0612157066573433e-02
8.8404268842322442e-01 1.0569056241066162e-02
8.9119960941865495e-01 1.0526128828451916e-02
8.9841447050997170e-01 1.0483374131017114e-02
9.0568774076127556e-01 1.0440791453855363e-02
9.1301989303405728e-01 1.0398380104856188e-02
9.2041140401793953e-01 1.0356139394693750e-02
9.2786275426166898e-01 1.0314068636815677e-02
9.3537442820435779e-01 1.0272167147431873e-02
9.4294691420697907e-01 1.0230434245503427e-02
9.5058070458411692e-01 1.0188869252731539e-02
9.5827629563597361e-01 1.0147471493546490e-02
9.6603418768063598e-01 1.0106240295096660e-02
9.7385488508660245e-01 1.0065174987237600e-02
9.8173889630557443e-01 1.0024274902521141e-02
9.8968673390551209e-01 9.9835393761845328e-03
9.9769891460395865e-01 9.9429677461396488e-03
1.0057759593016338e+00 9.9025593529622324e-03
1.0139183931162992e+00 9.8623135398811582e-03
1.0221267454168990e+00 9.8222296527677756e-03
1.0304015498579751e+00 9.7823070401252699e-03
1.0387433444143619e+00 9.7425450530780784e-03
1.0471526714161636e+00 9.7029430453613331e-03
1.0556300775840111e+00 9.6635003733103672e-03
1.0641761140646069e+00 9.6242163958502481e-03
1.0727913364665578e+00 9.5850904744853600e-03
1.0814763048964959e+00 9.5461219732890304e-03
1.0902315839954944e+00 9.5073102588931792e-03
1.0990577429757760e+00 9.4686547004780436e-03
1.1079553556577191e+00 9.4301546697619157e-03
1.1169250005071658e+00 9.3918095409909214e-03
1.1259672606730280e+00 9.3536186909288707e-03
1.1350827240252006e+00 9.3155814988471145e-03
1.1442719831927819e+00 9.2776973465144574e-03
1.1535356356026016e+00 9.2399656181871050e-03
1.1628742835180619e+00 9.2023857005986698e-03
1.1722885340782929e+00 9.1649569829501936e-03
1.1817789993376253e+00 9.1276788569002090e-03
1.1913462963053811e+00 9.0905507165548825e-03
1.2009910469859890e+00 9.0535719584581391e-03
1.2107138784194222e+00 9.0167419815818609e-03
1.2205154227219646e+00 8.9800601873161259e-03
1.2303963171273078e+00 8.9435259794594726e-03
1.2403572040279787e+00 8.9071387642092083e-03
1.2503987310171045e+00 8.8708979501517619e-03
1.2605215509305154e+00 8.8348029482530725e-03
1.2707263218891869e+00 8.7988531718490096e-03
1.2810137073420271e+00 8.7630480366358374e-03
1.2913843761090100e+00 8.7273869606607317e-03
1.3018390024246578e+00 8.6918693643123057e-03
1.3123782659818752e+00 8.6564946703111909e-03
1.3230028519761385e+00 8.6212623037006681e-03
1.3337134511500432e+00 8.5861716918372993e-03
1.3445107598382116e+00 8.5512222643816509e-03
1.3553954800125632e+00 8.5164134532889919e-03
1.3663683193279532e+00 8.4817446928000823e-03
1.3774299911681798e+00 8.4472154194319676e-03
1.3885812146923628e+00 8.4128250719688359e-03
1.3998227148817002e+00 8.3785730914528681e-03
1.4111552225866009e+00 8.3444589211751803e-03
1.4225794745742000e+00 8.3104820066667601e-03
1.4340962135762585e+00 8.2766417956894565e-03
1.4457061883374520e+00 8.2429377382270165e-03
1.4574101536640480e+00 8.2093692864761269e-03
1.4692088704729791e+00 8.1759358948375205e-03
1.4811031058413133e+00 8.1426370199071101e-03
1.4930936330561237e+00 8.1094721204671514e-03
1.5051812316647637e+00 8.0764406574774499e-03
1.5173666875255472e+00 8.0435420940665955e-03
1.5296507928588401e+00 8.0107758955232471e-03
1.5420343462985664e+00 7.9781415292874240e-03
1.5545181529441292e+00 7.9456384649418624e-03
1.5671030244127537e+00 7.9132661742033986e-03
1.5797897788922535e+00 7.8810241309143700e-03
1.5925792411942228e+00 7.8489118110340698e-03
1.6054722428076618e+00 7.8169286926302317e-03
1.6184696219530341e+00 7.7850742558705430e-03
1.6315722236367627e+00 7.7533479830141959e-03
1.6447808997061664e+00 7.7217493584034709e-03
1.6580965089048418e+00 7.6902778684553646e-03
1.6715199169284936e+00 7.6589330016532320e-03
1.6850519964812161e+00 7.6277142485384761e-03
1.6986936273322311e+00 7.5966211017022686e-03
1.7124456963730845e+00 7.5656530557772998e-03
1.7263090976753073e+00 7.5348096074295736e-03
1.7402847325485411e+00 7.5040902553502112e-03
1.7543735095991366e+00 7.4734945002473173e-03
1.7685763447892242e+00 7.4430218448378578e-03
1.7828941614962655e+00 7.4126717938395809e-03
1.7973278905730838e+00 7.3824438539629635e-03
1.8118784704083839e+00 7.3523375339031947e-03
1.8265468469877579e+00 7.3223523443321928e-03
1.8413339739551895e+00 7.2924877978906497e-03
1.8562408126750529e+00 7.2627434091801120e-03
1.8712683322946133e+00 7.2331186947550870e-03
1.8864175098070368e+00 7.2036131731151899e-03
1.9016893301149065e+00 7.1742263646973163e-03
1.9170847860942561e+00 7.1449577918678460e-03
1.9326048786591183e+00 7.1158069789148872e-03
1.9482506168266007e+00 7.0867734520405276e-03
1.9640230177824822e+00 7.0578567393531546e-03
1.9799231069473473e+00 7.0290563708597723e-03
1.9959519180432492e+00 7.0003718784583634e-03
2.0121104931609191e+00 6.9718027959302896e-03
2.0283998828275132e+00 6.9433486589327029e-03
2.0448211460749133e+00 6.9150090049909995e-03
2.0613753505085768e+00 6.8867833734913182e-03
2.0780635723769478e+00 6.8586713056730348e-03
2.0948868966414245e+00 6.8306723446213127e-03
2.1118464170469000e+00 6.8027860352596840e-03
2.1289432361928684e+00 6.7750119243426381e-03
2.1461784656051095e+00 6.7473495604482726e-03
2.1635532258079517e+00 6.7197984939709370e-03
2.1810686463971249e+00 6.6923582771139410e-03
2.1987258661131959e+00 6.6650284638822693e-03
2.2165260329156027e+00 6.6378086100753308e-03
2.2344703040572891e+00 6.6106982732797494e-03
2.2525598461599410e+00 6.5836970128621553e-03
2.2707958352898325e+00 6.5568043899620386e-03
2.2891794570342854e+00 6.5300199674846130e-03
2.3077119065787506e+00 6.5033433100937085e-03
2.3263943887845095e+00 6.4767739842046942e-03
2.3452281182670078e+00 6.4503115579774379e-03
2.3642143194748204e+00 6.4239556013092796e-03
2.3833542267692591e+00 6.3977056858280481e-03
2.4026490845046209e+00 6.3715613848850947e-03
2.4221001471090893e+00 6.3455222735483577e-03
2.4417086791662896e+00 6.3195879285954555e-03
2.4614759554975025e+00 6.2937579285068145e-03
2.4814032612445449e+00 6.2680318534588083e-03
2.5014918919533247e+00 6.2424092853169402e-03
2.5217431536580635e+00 6.2168898076290485e-03
2.5421583629662123e+00 6.1914730056185320e-03
2.5627388471440438e+00 6.1661584661776136e-03
2.5834859442029470e+00 6.1409457778606206e-03
2.6044010029864135e+00 6.1158345308773062e-03
2.6254853832577316e+00 6.0908243170861775e-03
2.6467404557883891e+00 6.0659147299878709e-03
2.6681676024471921e+00 6.0411053647185459e-03
2.6897682162901067e+00 6.0163958180432910e-03
2.7115437016508226e+00 5.9917856883495903e-03
2.7334954742320599e+00 5.9672745756407771e-03
2.7556249611976029e+00 5.9428620815295471e-03
2.7779336012650901e+00 5.9185478092314706e-03
2.8004228447995470e+00 5.8943313635585566e-03
2.8230941539076815e+00 5.8702123509128193e-03
2.8459490025329393e+00 5.8461903792798846e-03
2.8689888765513323e+00 5.8222650582226186e-03
2.8922152738680378e+00 5.7984359988747817e-03
2.9156297045147870e+00 5.7747028139347066e-03
2.9392336907480314e+00 5.7510651176590098e-03
2.9630287671479176e+00 5.7275225258563113e-03
2.9870164807180490e+00 5.7040746558809970e-03
3.0111983909860673e+00 5.6807211266269994e-03
3.0355760701050389e+00 5.6574615585216047e-03
3.0601511029556701e+00 5.6342955735192764e-03
3.0849250872493426e+00 5.6112227950955197e-03
3.1098996336319886e+00 5.5882428482407513e-03
3.1350763657888039e+00 5.5653553594542165e-03
3.1604569205498088e+00 5.5425599567379136e-03
3.1860429479962660e+00 5.5198562695905383e-03
3.2118361115679575e+00 5.4972439290014771e-03
3.2378380881713289e+00 5.4747225674448017e-03
3.2640505682885150e+00 5.4522918188732970e-03
3.2904752560872415e+00 5.4299513187125066e-03
3.3171138695316205e+00 5.4077007038548135e-03
3.3439681404938377e+00 5.3855396126535416e-03
3.3710398148667537e+00 5.3634676849170669e-03
3.3983306526774064e+00 5.3414845619029708e-03
3.4258424282014395e+00 5.3195898863122072e-03
3.4535769300784498e+00 5.2977833022832951e-03
3.4815359614282793e+00 5.2760644553865397e-03
3.5097213399682388e+00 5.2544329926182591e-03
3.5381348981312857e+00 5.2328885623950617e-03
3.5667784831851539e+00 5.2114308145481221e-03
3.5956539573524560e+00 5.1900594003174922e-03
3.6247631979317507e+00 5.1687739723464340e-03
3.6541080974195932e+00 5.1475741846757706e-03
3.6836905636335722e+00 5.1264596927382694e-03
3.7135125198363439e+00 5.1054301533530371e-03
3.7435759048606729e+00 5.0844852247199377e-03
3.7738826732354807e+00 5.0636245664140503e-03
3.8044347953129161e+00 5.0428478393801197e-03
3.8352342573964551e+00 5.0221547059270599e-03
3.8662830618700399e+00 5.0015448297224558e-03
3.8975832273282576e+00 4.9810178757870990e-03
3.9291367887075803e+00 4.9605735104895484e-03
3.9609457974186588e+00 4.9402114015407008e-03
3.9930123214796960e+00 4.9199312179883962e-03
4.0253384456508954e+00 4.8997326302120323e-03
4.0579262715699995e+00 4.8796153099172094e-03
4.0907779178889214e+00 4.8595789301303970e-03
4.1238955204114882e+00 4.8396231651936213e-03
4.1572812322323012e+00 4.8197476907591609e-03
4.1909372238767109e+00 4.7999521837842878e-03
4.2248656834419283e+00 4.7802363225260130e-03
4.2590688167392923e+00 4.7605997865358528e-03
4.2935488474376644e+00 4.7410422566546220e-03
4.3283080172080064e+00 4.7215634150072567e-03
4.3633485858691170e+00 4.7021629449976272e-03
4.3986728315345465e+00 4.6828405313034142e-03
4.4342830507607109e+00 4.6635958598709691e-03
4.4701815586961979e+00 4.6444286179102134e-03
4.5063706892322832e+00 4.6253384938895583e-03
4.5428527951546593e+00 4.6063251775308386e-03
4.5796302482964100e+00 4.5873883598042675e-03
4.6167054396922005e+00 4.5685277329234192e-03
4.6540807797337376e+00 4.5497429903402177e-03
4.6917586983264634e+00 4.5310338267399667e-03
4.7297416450475511e+00 4.5123999380363754e-03
4.7680320893051444e+00 4.4938410213666239e-03
4.8066325204989129e+00 4.4753567750864367e-03
4.8455454481818894e+00 4.4569468987651793e-03
4.8847734022236322e+00 4.4386110931809815e-03
4.9243189329746970e+00 4.4203490603158639e-03
4.9641846114324446e+00 4.4021605033509039e-03
5.0043730294081890e+00 4.3840451266614075e-03
5.0448867996957061e+00 4.3660026358121017e-03
5.0857285562410945e+00 4.3480327375523516e-03
5.1269009543140216e+00 4.3301351398113957e-03
5.1684066706803531e+00 4.3123095516935956e-03
5.2102484037761716e+00 4.2945556834737102e-03
5.2524288738832237e+00 4.2768732465921855e-03
5.2949508233057649e+00 4.2592619536504653e-03
5.3378170165488541e+00 4.2417215184063165e-03
5.3810302404980748e+00 4.2242516557691873e-03
5.4245933046007320e+00 4.2068520817955578e-03
5.4685090410484971e+00 4.1895225136843392e-03
5.5127803049615425e+00 4.1722626697722658e-03
5.5574099745741554e+00 4.1550722695293278e-03
5.6024009514218740e+00 4.1379510335542054e-03
5.6477561605301183e+00 4.1208986835697273e-03
5.6934785506043637e+00 4.1039149424183484e-03
5.7395710942218336e+00 4.0869995340576497e-03
5.7860367880247736e+00 4.0701521835558438e-03
5.8328786529152650e+00 4.0533726170873131e-03
5.8800997342516261e+00 4.0366605619281543e-03
5.9277031020463991e+00 4.0200157464517520e-03
5.9756918511659478e+00 4.0034379001243538e-03
6.0240691015316647e+00 3.9869267535006855e-03
6.0728379983228065e+00 3.9704820382195595e-03
6.1220017121809747e+00 3.9541034869995237e-03
6.1715634394162473e+00 3.9377908336345130e-03
6.2215264022149892e+00 3.9215438129895164e-03
6.2718938488493308e+00 3.9053621609962800e-03
6.3226690538883581e+00 3.8892456146490035e-03
6.3738553184109925e+00 3.8731939120000753e-03
6.4254559702206171e+00 3.8572067921558047e-03
6.4774743640614245e+00 3.8412839952721906e-03
6.5299138818365225e+00 3.8254252625506925e-03
6.5827779328277964e+00 3.8096303362340289e-03
6.6360699539175707e+00 3.7938989596019816e-03
6.6897934098120446e+00 3.7782308769672306e-03
6.7439517932665503e+00 3.7626258336711889e-03
6.7985486253126215e+00 3.7470835760798748e-03
6.8535874554869185e+00 3.7316038515797802e-03
6.9090718620619889e+00 3.7161864085737688e-03
6.9650054522789109e+00 3.7008309964769856e-03
7.0213918625818010e+00 3.6855373657127891e-03
7.0782347588542471e+00 3.6703052677086834e-03
7.1355378366576323e+00 3.6551344548922892e-03
7.1933048214713953e+00 3.6400246806873172e-03
7.2515394689352455e+00 3.6249756995095548e-03
7.3102455650933189e+00 3.6099872667628829e-03
7.3694269266403314e+00 3.5950591388352934e-03
7.4290874011697161e+00 3.5801910730949350e-03
7.4892308674237649e+00 3.5653828278861643e-03
7.5498612355457970e+00 3.5506341625256240e-03
7.6109824473343792e+00 3.5359448372983262e-03
7.6725984764995934e+00 3.5213146134537581e-03
7.7347133289213810e+00 3.5067432532020020e-03
7.7973310429099749e+00 3.4922305197098683e-03
7.8604556894684539e+00 3.4777761770970516e-03
7.9240913725574078e+00 3.4633799904322891e-03
7.9882422293617532e+00 3.4490417257295467e-03
8.0529124305596991e+00 3.4347611499442169e-03
8.1181061805939105e+00 3.4205380309693281e-03
8.1838277179448422e+00 3.4063721376317744e-03
8.2500813154063106e+00 3.3922632396885554e-03
8.3168712803632658e+00 3.3782111078230390e-03
8.3842019550718465e+00 3.3642155136412279e-03
8.4520777169416803e+00 3.3502762296680538e-03
8.5205029788204740e+00 3.3363930293436733e-03
8.5894821892809006e+00 3.3225656870197926e-03
8.6590198329098360e+00 3.3087939779559957e-03
8.7291204305999024e+00 3.2950776783160917e-03
8.7997885398433926e+00 3.2814165651644787e-03
8.8710287550285720e+00 3.2678104164625184e-03
8.9428457077383676e+00 3.2542590110649283e-03
9.0152440670514942e+00 3.2407621287161882e-03
9.0882285398460034e+00 3.2273195500469570e-03
9.1618038711052989e+00 3.2139310565705110e-03
9.2359748442266074e+00 3.2005964306791920e-03
9.3107462813319923e+00 3.1873154556408679e-03
9.3861230435818364e+00 3.1740879155954119e-03
9.4621100314908944e+00 3.1609135955511952e-03
9.5387121852468795e+00 3.1477922813815903e-03
9.6159344850316586e+00 3.1347237598214951e-03
9.6937819513450272e+00 3.1217078184638575e-03
9.7722596453311059e+00 3.1087442457562332e-03
9.8513726691073789e+00 3.0958328309973440e-03
9.9311261660964174e+00 3.0829733643336493e-03
1.0011525321360262e+01 3.0701656367559380e-03
1.0092575361937516e+01 3.0574094400959346e-03
1.0174281557183184e+01 3.0447045670229126e-03
1.0256649219111255e+01 3.0320508110403205e-03
1.0339683702740038e+01 3.0194479664824355e-03
1.0423390406440324e+01 3.0068958285110131e-03
1.0507774772286366e+01 2.9943941931119575e-03
1.0592842286409649e+01 2.9819428570920120e-03
1.0678598479355612e+01 2.9695416180754498e-03
1.0765048926443169e+01 2.9571902745007877e-03
1.0852199248127196e+01 2.9448886256175123e-03
1.0940055110363947e+01 2.9326364714828113e-03
1.1028622224979397e+01 2.9204336129583291e-03
1.1117906350040602e+01 2.9082798517069274e-03
1.1207913290230062e+01 2.8961749901894626e-03
1.1298648897223066e+01 2.8841188316615744e-03
1.1390119070068183e+01 2.8721111801704893e-03
1.1482329755570737e+01 2.8601518405518339e-03
1.1575286948679443e+01 2.8482406184264647e-03
1.1668996692876181e+01 2.8363773201973072e-03
1.1763465080568874e+01 2.8245617530462089e-03
1.1858698253487589e+01 2.8127937249308112e-03
1.1954702403083846e+01 2.8010730445814165e-03
1.2051483770933123e+01 2.7893995214978919e-03
1.2149048649140667e+01 2.7777729659465640e-03
1.2247403380750548e+01 2.7661931889571387e-03
1.2346554360158041e+01 2.7546600023196331e-03
1.2446508033525381e+01 2.7431732185813074e-03
1.2547270899200804e+01 2.7317326510436285e-03
1.2648849508141073e+01 2.7203381137592265e-03
1.2751250464337339e+01 2.7089894215288793e-03
1.2854480425244516e+01 2.6976863898984997e-03
1.2958546102214113e+01 2.6864288351561355e-03
1.3063454260930529e+01 2.6752165743289882e-03
1.3169211721850942e+01 2.6640494251804346e-03
1.3275825360648739e+01 2.6529272062070673e-03
1.3383302108660486e+01 2.6418497366357445e-03
1.3491648953336620e+01 2.6308168364206496e-03
1.3600872938695671e+01 2.6198283262403683e-03
1.3710981165782245e+01 2.6088840274949726e-03
1.3821980793128706e+01 2.5979837623031168e-03
1.3933879037220539e+01 2.5871273534991482e-03
1.4046683172965539e+01 2.5763146246302248e-03
1.4160400534166801e+01 2.5655453999534512e-03
1.4275038513999469e+01 2.5548195044330191e-03
1.4390604565491445e+01 2.5441367637373639e-03
1.4507106202007893e+01 2.5334970042363309e-03
1.4624550997739725e+01 2.5229000529983529e-03
1.4742946588196055e+01 2.5123457377876383e-03
1.4862300670700556e+01 2.5018338870613759e-03
1.4982621004891950e+01 2.4913643299669407e-03
1.5103915413228435e+01 2.4809368963391244e-03
1.5226191781496283e+01 2.4705514166973625e-03
1.5349458059322535e+01 2.4602077222429823e-03
1.5473722260691797e+01 2.4499056448564608e-03
1.5598992464467276e+01 2.4396450170946927e-03
1.5725276814916045e+01 2.4294256721882632e-03
1.5852583522238469e+01 2.4192474440387457e-03
1.5980920863102048e+01 2.4091101672159957e-03
1.6110297181179458e+01 2.3990136769554641e-03
1.6240720887691019e+01 2.3889578091555222e-03
1.6372200461951579e+01 2.3789424003747869e-03
1.6504744451921713e+01 2.3689672878294738e-03
1.6638361474763510e+01 2.3590323093907453e-03
1.6773060217400801e+01 2.3491373035820742e-03
1.6908849437083891e+01 2.3392821095766258e-03
1.7045737961958956e+01 2.3294665671946368e-03
1.7183734691641931e+01 2.3196905169008178e-03
1.7322848597797151e+01 2.3099537998017543e-03
1.7463088724720620e+01 2.3002562576433295e-03
1.7604464189927999e+01 2.2905977328081502e-03
1.7746984184747394e+01 2.2809780683129828e-03
1.7890657974916888e+01 2.2713971078062063e-03
1.8035494901186951e+01 2.2618546955652671e-03
1.8181504379927748e+01 2.2523506764941495e-03
1.8328695903741270e+01 2.2428848961208556e-03
1.8477079042078525e+01 2.2334572005948926e-03
1.8626663441861691e+01 2.2240674366847736e-03
1.8777458828111239e+01 2.2147154517755297e-03
1.8929475004578283e+01 2.2054010938662217e-03
1.9082721854381862e+01 2.1961242115674786e-03
1.9237209340651525e+01 2.1868846540990337e-03
1.9392947507175098e+01 2.1776822712872681e-03
1.9549946479051602e+01 2.1685169135627798e-03
1.9708216463349551e+01 2.1593884319579472e-03
1.9867767749770589e+01 2.1502966781045060e-03
2.0028610711318382e+01 2.1412415042311441e-03
2.0190755804973087e+01 2.1322227631610925e-03
2.0354213572371130e+01 2.1232403083097386e-03
2.0518994640490586e+01 2.1142939936822426e-03
2.0685109722342098e+01 2.1053836738711613e-03
2.0852569617665313e+01 2.0965092040540899e-03
2.1021385213631081e+01 2.0876704399913027e-03
2.1191567485549207e+01 2.0788672380234151e-03
2.1363127497582013e+01 2.0700994550690429e-03
2.1536076403463706e+01 2.0613669486224790e-03
2.1710425447225447e+01 2.0526695767513763e-03
2.1886185963926405e+01 2.0440071980944454e-03
2.2063369380390718e+01 2.0353796718591485e-03
2.2241987215950321e+01 2.0267868578194201e-03
2.2422051083193946e+01 2.0182286163133801e-03
2.2603572688722007e+01 2.0097048082410684e-03
2.2786563833907749e+01 2.0012152950621867e-03
2.2971036415664503e+01 1.9927599387938363e-03
2.3157002427219101e+01 1.9843386020082874e-03
2.3344473958891619e+01 1.9759511478307391e-03
2.3533463198881453e+01 1.9675974399370934e-03
2.3723982434059636e+01 1.9592773425517467e-03
2.3916044050767749e+01 1.9509907204453727e-03
2.4109660535623103e+01 1.9427374389327343e-03
2.4304844476330601e+01 1.9345173638704882e-03
2.4501608562501122e+01 1.9263303616550067e-03
2.4699965586476448e+01 1.9181762992202074e-03
2.4899928444161027e+01 1.9100550440353872e-03
2.5101510135860313e+01 1.9019664641030715e-03
2.5304723767125974e+01 1.8939104279568676e-03
2.5509582549607998e+01 1.8858868046593273e-03
2.5716099801913529e+01 1.8778954637998189e-03
2.5924288950472818e+01 1.8699362754924099e-03
2.6134163530412135e+01 1.8620091103737509e-03
2.6345737186433674e+01 1.8541138396009794e-03
2.6559023673702733e+01 1.8462503348496192e-03
2.6774036858741894e+01 1.8384184683115003e-03
2.6990790720332587e+01 1.8306181126926781e-03
2.7209299350423926e+01 1.8228491412113654e-03
2.7429576955048805e+01 1.8151114275958718e-03
2.7651637855247525e+01 1.8074048460825531e-03
2.7875496487998891e+01 1.7997292714137627e-03
2.8101167407158723e+01 1.7920845788358211e-03
2.8328665284406167e+01 1.7844706440969841e-03
2.8558004910197440e+01 1.7768873434454264e-03
2.8789201194727472e+01 1.7693345536272272e-03
2.9022269168899303e+01 1.7618121518843694e-03
2.9257223985301206e+01 1.7543200159527441e-03
2.9494080919191909e+01 1.7468580240601606e-03
2.9732855369493610e+01 1.7394260549243716e-03
2.9973562859793155e+01 1.7320239877510986e-03
3.0216219039351326e+01 1.7246517022320696e-03
3.0460839684120163e+01 1.7173090785430640e-03
3.0707440697768664e+01 1.7099959973419655e-03
3.0956038112716783e+01 1.7027123397668213e-03
3.1206648091177662e+01 1.6954579874339092e-03
3.1459286926208488e+01 1.6882328224358165e-03
3.1713971042769689e+01 1.6810367273395225e-03
3.1970716998792803e+01 1.6738695851844880e-03
3.2229541486257020e+01 1.6667312794807559e-03
3.2490461332274307e+01 1.6596216942070575e-03
3.2753493500183424e+01 1.6525407138089281e-03
3.3018655090652842e+01 1.6454882231968259e-03
3.3285963342792392e+01 1.6384641077442647e-03
3.3555435635274179e+01 1.6314682532859470e-03
3.3827089487462302e+01 1.6245005461159128e-03
3.4100942560551928e+01 1.6175608729856893e-03
3.4377012658717540e+01 1.6106491211024486e-03
3.4655317730270326e+01 1.6037651781271780e-03
3.4935875868825228e+01 1.5969089321728515e-03
3.5218705314477127e+01 1.5900802718026112e-03
3.5503824454986756e+01 1.5832790860279594e-03
3.5791251826976207e+01 1.5765052643069487e-03
3.6081006117133967e+01 1.5697586965423920e-03
3.6373106163429853e+01 1.5630392730800683e-03
3.6667570956339780e+01 1.5563468847069419e-03
3.6964419640080287e+01 1.5496814226493882e-03
3.7263671513853318e+01 1.5430427785714240e-03
3.7565346033100802e+01 1.5364308445729488e-03
3.7869462810769562e+01 1.5298455131879897e-03
3.8176041618586503e+01 1.5232866773829540e-03
3.8485102388343911e+01 1.5167542305548915e-03
3.8796665213195375e+01 1.5102480665297611e-03
3.9110750348962128e+01 1.5037680795607032e-03
3.9427378215449849e+01 1.4973141643263254e-03
3.9746569397776383e+01 1.4908862159289846e-03
4.0068344647709907e+01 1.4844841298930884e-03
4.0392724885018133e+01 1.4781078021633919e-03
4.0719731198828448e+01 1.4717571291033103e-03
4.1049384848998841e+01 1.4654320074932311e-03
4.1381707267500275e+01 1.4591323345288386e-03
4.1716720059809859e+01 1.4528580078194430e-03
4.2054445006315611e+01 1.4466089253863154e-03
4.2394904063732525e+01 1.4403849856610299e-03
4.2738119366529915e+01 1.4341860874838137e-03
4.3084113228370541e+01 1.4280121301019041e-03
4.3432908143561349e+01 1.4218630131679073e-03
4.3784526788515777e+01 1.4157386367381710e-03
4.4138992023228184e+01 1.4096389012711575e-03
4.4496326892759903e+01 1.4035637076258280e-03
4.4856554628737584e+01 1.3975129570600302e-03
4.5219698650863585e+01 1.3914865512288921e-03
4.5585782568438475e+01 1.3854843921832255e-03
4.5954830181896007e+01 1.3795063823679344e-03
4.6326865484350549e+01 1.3735524246204257e-03
4.6701912663156797e+01 1.3676224221690358e-03
4.7079996101482458e+01 1.3617162786314515e-03
4.7461140379893344e+01 1.3558338980131485e-03
4.7845370277951510e+01 1.3499751847058283e-03
4.8232710775826305e+01 1.3441400434858661e-03
4.8623187055918294e+01 1.3383283795127610e-03
4.9016824504496633e+01 1.3325400983275955e-03
4.9413648713349339e+01 1.3267751058515013e-03
4.9813685481447216e+01 1.3210333083841291e-03
5.0216960816621153e+01 1.3153146126021252e-03
5.0623500937252906e+01 1.3096189255576160e-03
5.1033332273979660e+01 1.3039461546766966e-03
5.1446481471412511e+01 1.2982962077579250e-03
5.1862975389868502e+01 1.2926689929708265e-03
5.2282841107117164e+01 1.2870644188543977e-03
5.2706105920140715e+01 1.2814823943156225e-03
5.3132797346908823e+01 1.2759228286279910e-03
5.3562943128167753e+01 1.2703856314300230e-03
5.3996571229243706e+01 1.2648707127238020e-03
5.4433709841861024e+01 1.2593779828735116e-03
5.4874387385975147e+01 1.2539073526039771e-03
5.5318632511620081e+01 1.2484587329992169e-03
5.5766474100771241e+01 1.2430320355009950e-03
5.6217941269223040e+01 1.2376271719073829e-03
5.6673063368481834e+01 1.2322440543713273e-03
5.7131869987674278e+01 1.2268825953992183e-03
5.7594390955470828e+01 1.2215427078494726e-03
5.8060656342025233e+01 1.2162243049311122e-03
5.8530696460929299e+01 1.2109273002023572e-03
5.9004541871183775e+01 1.2056516075692198e-03
5.9482223379185200e+01 1.2003971412841035e-03
5.9963772040728550e+01 1.1951638159444120e-03
6.0449219163026363e+01 1.1899515464911601e-03
6.0938596306744266e+01 1.1847602482075890e-03
6.1431935288052586e+01 1.1795898367177938e-03
6.1929268180695111e+01 1.1744402279853477e-03
6.2430627318074102e+01 1.1693113383119391e-03
6.2936045295352478e+01 1.1642030843360101e-03
6.3445554971573053e+01 1.1591153830314009e-03
6.3959189471794623e+01 1.1540481517060023e-03
6.4476982189245660e+01 1.1490013080004105e-03
6.4998966787495405e+01 1.1439747698865866e-03
6.5525177202642226e+01 1.1389684556665279e-03
6.6055647645520196e+01 1.1339822839709353e-03
6.6590412603923056e+01 1.1290161737578942e-03
6.7129506844846418e+01 1.1240700443115553e-03
6.7672965416748312e+01 1.1191438152408232e-03
6.8220823651827416e+01 1.1142374064780516e-03
6.8773117168320596e+01 1.1093507382777372e-03
6.9329881872818120e+01 1.1044837312152299e-03
6.9891153962598395e+01 1.0996363061854370e-03
7.0456969927981191e+01 1.0948083844015387e-03
7.1027366554699952e+01 1.0899998873937094e-03
7.1602380926293392e+01 1.0852107370078398e-03
7.2182050426516525e+01 1.0804408554042678e-03
7.2766412741770949e+01 1.0756901650565138e-03
7.3355505863555166e+01 1.0709585887500195e-03
7.3949368090934371e+01 1.0662460495808939e-03
7.4548038033030451e+01 1.0615524709546632e-03
7.5151554611532305e+01 1.0568777765850245e-03
7.5759957063225940e+01 1.0522218904926086e-03
7.6373284942545624e+01 1.0475847370037419e-03
7.6991578124145505e+01 1.0429662407492196e-03
7.7614876805491775e+01 1.0383663266630783e-03
7.8243221509476314e+01 1.0337849199813763e-03
7.8876653087051011e+01 1.0292219462409804e-03
7.9515212719883721e+01 1.0246773312783532e-03
8.0158941923035755e+01 1.0201510012283483e-03
8.0807882547660668e+01 1.0156428825230112e-03
8.1462076783725394e+01 1.0111529018903814e-03
8.2121567162753010e+01 1.0066809863533031e-03
8.2786396560587889e+01 1.0022270632282385e-03
8.3456608200183354e+01 9.9779106012408631e-04
8.4132245654411562e+01 9.9337290494100556e-04
8.4813352848896372e+01 9.8897252586924362e-04
8.5499974064869292e+01 9.8458985138796850e-04
8.6192153942048094e+01 9.8022481026410670e-04
8.6889937481539249e+01 9.7587733155118667e-04
8.7593370048763390e+01 9.7154734458818298e-04
8.8302497376404787e+01 9.6723477899837121e-04
8.9017365567384729e+01 9.6293956468818066e-04
8.9738021097858550e+01 9.5866163184605798e-04
9.0464510820237365e+01 9.5440091094133126e-04
9.1196881966234301e+01 9.5015733272307867e-04
9.1935182149934747e+01 9.4593082821900628e-04
9.2679459370892445e+01 9.4172132873432239e-04
9.3429762017249672e+01 9.3752876585062584e-04
9.4186138868883319e+01 9.3335307142479093e-04
9.4948639100576358e+01 9.2919417758786005e-04
9.5717312285214604e+01 9.2505201674394205e-04
9.6492208397009932e+01 9.2092652156911155e-04
9.7273377814748983e+01 9.1681762501031759e-04
9.8060871325068589e+01 9.1272526028429106e-04
9.8854740125757786e+01 9.0864936087645945e-04
9.9655035829086060e+01 9.0458986053986779e-04
1.0046181046515899e+02 9.0054669329410074e-04
1.0127511648530081e+02 8.9651979342420971e-04
1.0209500676546490e+02 8.9250909547964447e-04
1.0292153460967076e+02 8.8851453427319109e-04
1.0375475375346990e+02 8.8453604487991153e-04
1.0459471836743937e+02 8.8057356263608773e-04
1.0544148306070338e+02 8.7662702313817220e-04
1.0629510288448412e+02 8.7269636224173797e-04
1.0715563333568019e+02 8.6878151606044091e-04
1.0802313036047505e+02 8.6488242096497694e-04
1.0889765035797421e+02 8.6099901358205062e-04
1.0977925018387191e+02 8.5713123079334398e-04
1.1066798715414744e+02 8.5327900973449075e-04
1.1156391904879186e+02 8.4944228779405384e-04
1.1246710411556384e+02 8.4562100261250945e-04
1.1337760107377704e+02 8.4181509208123260e-04
1.1429546911811747e+02 8.3802449434148727e-04
1.1522076792249187e+02 8.3424914778342212e-04
1.1615355764390783e+02 8.3048899104506632e-04
1.1709389892638409e+02 8.2674396301133670e-04
1.1804185290489363e+02 8.2301400281304055e-04
1.1899748120933828e+02 8.1929904982588843e-04
1.1996084596855525e+02 8.1559904366950797e-04
1.2093200981435695e+02 8.1191392420646173e-04
1.2191103588560210e+02 8.0824363154127169e-04
1.2289798783230115e+02 8.0458810601944449e-04
1.2389292981975424e+02 8.0094728822650222e-04
1.2489592653272271e+02 7.9732111898701699e-04
1.2590704317963498e+02 7.9370953936364703e-04
1.2692634549682528e+02 7.9011249065618207e-04
1.2795389975280779e+02 7.8652991440058737e-04
1.2898977275258503e+02 7.8296175236805359e-04
1.3003403184199095e+02 7.7940794656405064e-04
1.3108674491206929e+02 7.7586843922738545e-04
1.3214798040348791e+02 7.7234317282926131e-04
1.3321780731098752e+02 7.6883209007234596e-04
1.3429629518786797e+02 7.6533513388983760e-04
1.3538351415050980e+02 7.6185224744453875e-04
1.3647953488293282e+02 7.5838337412793215e-04
1.3758442864139198e+02 7.5492845755925977e-04
1.3869826725900919e+02 7.5148744158460819e-04
1.3982112315044395e+02 7.4806027027599466e-04
1.4095306931660130e+02 7.4464688793045883e-04
1.4209417934937755e+02 7.4124723906915651e-04
1.4324452743644548e+02 7.3786126843645788e-04
1.4440418836607657e+02 7.3448892099905105e-04
1.4557323753200387e+02 7.3113014194504586e-04
1.4675175093832348e+02 7.2778487668308386e-04
1.4793980520443574e+02 7.2445307084145088e-04
1.4913747757002704e+02 7.2113467026719267e-04
1.5034484590009066e+02 7.1782962102523548e-04
1.5156198868998953e+02 7.1453786939750961e-04
1.5278898507055948e+02 7.1125936188207552e-04
1.5402591481325365e+02 7.0799404519225498e-04
1.5527285833532881e+02 7.0474186625576476e-04
1.5652989670507395e+02 7.0150277221385287e-04
1.5779711164708004e+02 6.9827671042044139e-04
1.5907458554755377e+02 6.9506362844127026e-04
1.6036240145967369e+02 6.9186347405304392e-04
1.6166064310898963e+02 6.8867619524258376e-04
1.6296939489886662e+02 6.8550174020598140e-04
1.6428874191597123e+02 6.8234005734775852e-04
1.6561876993580412e+02 6.7919109528002714e-04
1.6695956542827642e+02 6.7605480282165382e-04
1.6831121556333122e+02 6.7293112899742948e-04
1.6967380821661152e+02 6.6982002303723922e-04
1.7104743197517237e+02 6.6672143437523771e-04
1.7243217614324081e+02 6.6363531264902818e-04
1.7382813074802178e+02 6.6056160769884290e-04
1.7523538654555091e+02 6.5750026956672798e-04
1.7665403502659558e+02 6.5445124849573117e-04
1.7808416842260203e+02 6.5141449492909403e-04
1.7952587971169237e+02 6.4838995950944594e-04
1.8097926262470918e+02 6.4537759307800211e-04
1.8244441165130942e+02 6.4237734667376388e-04
1.8392142204610721e+02 6.3938917153272409e-04
1.8541038983486752e+02 6.3641301908707270e-04
1.8691141182074799e+02 6.3344884096440954e-04
1.8842458559059321e+02 6.3049658898695722e-04
1.8995000952127907e+02 6.2755621517077750e-04
1.9148778278610820e+02 6.2462767172499192e-04
1.9303800536125863e+02 6.2171091105100496e-04
1.9460077803228222e+02 6.1880588574173066e-04
1.9617620240065801e+02 6.1591254858082154e-04
1.9776438089039735e+02 6.1303085254190196e-04
1.9936541675470286e+02 6.1016075078780356e-04
2.0097941408268193e+02 6.0730219666980186e-04
2.0260647780611276e+02 6.0445514372686250e-04
2.0424671370626720e+02 6.0161954568488190e-04
2.0590022842078773e+02 5.9879535645593763e-04
2.0756712945062017e+02 5.9598253013753858e-04
2.0924752516700354e+02 5.9318102101187770e-04
2.1094152481851435e+02 5.9039078354509132e-04
2.1264923853817021e+02 5.8761177238651709e-04
2.1437077735058961e+02 5.8484394236795790e-04
2.1610625317921011e+02 5.8208724850294751e-04
2.1785577885356477e+02 5.7934164598601927e-04
2.1961946811661826e+02 5.7660709019197751e-04
2.2139743563216049e+02 5.7388353667517302e-04
2.2318979699226233e+02 5.7117094116878014e-04
2.2499666872479014e+02 5.6846925958407759e-04
2.2681816830098174e+02 5.6577844800973214e-04
2.2865441414308444e+02 5.6309846271108271e-04
2.3050552563205258e+02 5.6042926012943360e-04
2.3237162311531014e+02 5.5777079688134256e-04
2.3425282791457440e+02 5.5512302975791817e-04
2.3614926233374351e+02 5.5248591572411667e-04
2.3806104966684876e+02 5.4985941191804132e-04
2.3998831420606891e+02 5.4724347565024889e-04
2.4193118124981189e+02 5.4463806440305229e-04
2.4388977711086059e+02 5.4204313582983227e-04
2.4586422912458480e+02 5.3945864775434705e-04
2.4785466565722055e+02 5.3688455817004822e-04
2.4986121611421430e+02 5.3432082523939745e-04
2.5188401094863698e+02 5.3176740729318620e-04
2.5392318166966507e+02 5.2922426282985967e-04
2.5597886085113029e+02 5.2669135051484092e-04
2.5805118214013868e+02 5.2416862917985946e-04
2.6014028026576028e+02 5.2165605782228213e-04
2.6224629104778705e+02 5.1915359560444658e-04
2.6436935140556375e+02 5.1666120185299858e-04
2.6650959936688963e+02 5.1417883605822917e-04
2.6866717407699156e+02 5.1170645787341779e-04
2.7084221580757156e+02 5.0924402711417490e-04
2.7303486596592472e+02 5.0679150375779051e-04
2.7524526710413386e+02 5.0434884794258296e-04
2.7747356292833666e+02 5.0191601996725087e-04
2.7971989830806865e+02 4.9949298029022815e-04
2.8198441928568275e+02 4.9707968952904084e-04
2.8426727308584208e+02 4.9467610845966756e-04
2.8656860812509291e+02 4.9228219801590221e-04
2.8888857402151342e+02 4.8989791928871795e-04
2.9122732160444070e+02 4.8752323352563586e-04
2.9358500292427760e+02 4.8515810213009466e-04
2.9596177126237671e+02 4.8280248666082270e-04
2.9835778114100657e+02 4.8045634883121520e-04
3.0077318833339763e+02 4.7811965050870956e-04
3.0320814987386944e+02 4.7579235371416684e-04
3.0566282406804009e+02 4.7347442062125488e-04
3.0813737050311892e+02 4.7116581355583160e-04
3.1063195005828038e+02 4.6886649499533532e-04
3.1314672491512454e+02 4.6657642756817310e-04
3.1568185856822078e+02 4.6429557405311319e-04
3.1823751583573676e+02 4.6202389737868161e-04
3.2081386287015522e+02 4.5976136062255741e-04
3.2341106716907410e+02 4.5750792701097521e-04
3.2602929758609770e+02 4.5526355991812496e-04
3.2866872434181374e+02 4.5302822286555832e-04
3.3132951903486020e+02 4.5080187952159506e-04
3.3401185465308242e+02 4.4858449370073250e-04
3.3671590558477789e+02 4.4637602936305811e-04
3.3944184763003511e+02 4.4417645061366266e-04
3.4218985801216292e+02 4.4198572170205754e-04
3.4496011538921158e+02 4.3980380702159403e-04
3.4775279986558979e+02 4.3763067110888298e-04
3.5056809300377176e+02 4.3546627864322028e-04
3.5340617783610242e+02 4.3331059444601174e-04
3.5626723887669687e+02 4.3116358348020158e-04
3.5915146213343633e+02 4.2902521084970324e-04
3.6205903512006063e+02 4.2689544179883178e-04
3.6499014686836074e+02 4.2477424171173829e-04
3.6794498794046621e+02 4.2266157611184932e-04
3.7092375044123571e+02 4.2055741066130499e-04
3.7392662803074626e+02 4.1846171116040023e-04
3.7695381593688313e+02 4.1637444354703141e-04
3.8000551096803395e+02 4.1429557389613967e-04
3.8308191152588176e+02 4.1222506841916232e-04
3.8618321761830509e+02 4.1016289346348142e-04
3.8930963087238121e+02 4.0810901551187827e-04
3.9246135454749361e+02 4.0606340118198864e-04
3.9563859354854901e+02 4.0402601722575835e-04
3.9884155443929581e+02 4.0199683052890520e-04
4.0207044545575570e+02 3.9997580811037989e-04
4.0532547651976108e+02 3.9796291712182919e-04
4.0860685925260270e+02 3.9595812484706370e-04
4.1191480698878928e+02 3.9396139870152375e-04
4.1524953478991500e+02 3.9197270623175237e-04
4.1861125945864273e+02 3.8999201511486609e-04
4.2200019955279907e+02 3.8801929315803016e-04
4.2541657539958334e+02 3.8605450829793541e-04
4.2886060910989153e+02 3.8409762860027699e-04
4.3233252459275832e+02 3.8214862225923466e-04
4.3583254756991136e+02 3.8020745759695715e-04
4.3936090559044828e+02 3.7827410306304660e-04
4.4291782804562990e+02 3.7634852723404530e-04
4.4650354618379333e+02 3.7443069881292601e-04
4.5011829312538805e+02 3.7252058662858218e-04
4.5376230387812927e+02 3.7061815963532207e-04
4.5743581535227844e+02 3.6872338691236407e-04
4.6113906637604498e+02 3.6683623766333372e-04
4.6487229771111322e+02 3.6495668121576391e-04
4.6863575206829694e+02 3.6308468702059477e-04
4.7242967412331575e+02 3.6122022465167941e-04
4.7625431053270478e+02 3.5936326380528780e-04
4.8010990994984974e+02 3.5751377429961472e-04
4.8399672304115256e+02 3.5567172607428913e-04
4.8791500250233008e+02 3.5383708918988521e-04
4.9186500307483954e+02 3.5200983382743670e-04
4.9584698156244235e+02 3.5018993028795137e-04
4.9986119684789952e+02 3.4837734899192903e-04
5.0390790990980219e+02 3.4657206047887979e-04
5.0798738383953855e+02 3.4477403540684635e-04
5.1209988385840029e+02 3.4298324455192590e-04
5.1624567733482252e+02 3.4119965880779628e-04
5.2042503380176845e+02 3.3942324918524247e-04
5.2463822497425224e+02 3.3765398681168487e-04
5.2888552476700352e+02 3.3589184293071102e-04
5.3316720931227758e+02 3.3413678890160736e-04
5.3748355697780505e+02 3.3238879619889401e-04
5.4183484838489107e+02 3.3064783641186159e-04
5.4622136642665930e+02 3.2891388124410873e-04
5.5064339628644336e+02 3.2718690251308264e-04
5.5510122545632964e+02 3.2546687214962065e-04
5.5959514375584479e+02 3.2375376219749428e-04
5.6412544335080042e+02 3.2204754481295522e-04
5.6869241877228717e+02 3.2034819226428189e-04
5.7329636693582268e+02 3.1865567693132945e-04
5.7793758716065736e+02 3.1696997130508037e-04
5.8261638118923088e+02 3.1529104798719775e-04
5.8733305320679165e+02 3.1361887968957969e-04
5.9208790986117265e+02 3.1195343923391607e-04
5.9688126028272768e+02 3.1029469955124649e-04
6.0171341610442812e+02 3.0864263368152075e-04
6.0658469148212612e+02 3.0699721477315964e-04
6.1149540311497537e+02 3.0535841608262000e-04
6.1644587026602289e+02 3.0372621097395883e-04
6.2143641478296513e+02 3.0210057291840111e-04
6.2646736111907194e+02 3.0048147549390831e-04
6.3153903635428253e+02 2.9886889238474849e-04
6.3665177021646696e+02 2.9726279738106955e-04
6.4180589510286495e+02 2.9566316437847263e-04
6.4700174610169574e+02 2.9406996737758786e-04
6.5223966101394274e+02 2.9248318048365218e-04
6.5751998037531780e+02 2.9090277790608753e-04
6.6284304747839690e+02 2.8932873395808251e-04
6.6820920839494113e+02 2.8776102305617501e-04
6.7361881199839559e+02 2.8619961971983567e-04
6.7907220998657021e+02 2.8464449857105442e-04
6.8456975690450781e+02 2.8309563433392710e-04
6.9011181016752982e+02 2.8155300183424573e-04
6.9569873008447632e+02 2.8001657599908877e-04
7.0133087988113004e+02 2.7848633185641354e-04
7.0700862572383096e+02 2.7696224453465046e-04
7.1273233674328162e+02 2.7544428926229935e-04
7.1850238505854838e+02 2.7393244136752527e-04
7.2431914580124987e+02 2.7242667627775925e-04
7.3018299713994861e+02 2.7092696951929818e-04
7.3609432030473624e+02 2.6943329671690665e-04
7.4205349961201819e+02 2.6794563359342177e-04
7.4806092248950199e+02 2.6646395596935699e-04
7.5411697950138159e+02 2.6498823976251108e-04
7.6022206437373154e+02 2.6351846098757512e-04
7.6637657402010416e+02 2.6205459575574368e-04
7.7258090856733384e+02 2.6059662027432586e-04
7.7883547138155325e+02 2.5914451084635848e-04
7.8514066909441328e+02 2.5769824387022203e-04
7.9149691162952274e+02 2.5625779583925585e-04
7.9790461222909823e+02 2.5482314334137669e-04
8.0436418748082951e+02 2.5339426305869808e-04
8.1087605734496674e+02 2.5197113176715115e-04
8.1744064518161872e+02 2.5055372633610708e-04
8.2405837777828026e+02 2.4914202372800214e-04
8.3072968537757845e+02 2.4773600099796172e-04
8.3745500170524429e+02 2.4633563529342857e-04
8.4423476399830963e+02 2.4494090385379099e-04
8.5106941303353733e+02 2.4355178401001240e-04
8.5795939315607257e+02 2.4216825318426391e-04
8.6490515230833421e+02 2.4079028888955649e-04
8.7190714205913707e+02 2.3941786872937605e-04
8.7896581763304869e+02 2.3805097039731907e-04
8.8608163793998870e+02 2.3668957167672990e-04
8.9325506560505903e+02 2.3533365044034008e-04
9.0048656699862408e+02 2.3398318464990881e-04
9.0777661226663088e+02 2.3263815235586408e-04
9.1512567536117319e+02 2.3129853169694668e-04
9.2253423407130936e+02 2.2996430089985401e-04
9.3000277005411886e+02 2.2863543827888710e-04
9.3753176886602068e+02 2.2731192223559763e-04
9.4512171999434020e+02 2.2599373125843698e-04
9.5277311688913119e+02 2.2468084392240683e-04
9.6048645699526105e+02 2.2337323888871024e-04
9.6826224178474536e+02 2.2207089490440562e-04
9.7610097678935460e+02 2.2077379080206094e-04
9.8400317163347916e+02 2.1948190549940971e-04
9.9196934006726246e+02 2.1819521799900835e-04
1.0000000000000000e+03 2.1691370738789503e-04
1.0030000000000000e+03 2.1643892896519370e-04
1.0060000000000000e+03 2.1596627588931037e-04
1.0090000000000000e+03 2.1549573235055309e-04
1.0120000000000000e+03 2.1502728270338540e-04
1.0150000000000000e+03 2.1456091146424100e-04
1.0180000000000000e+03 2.1409660330937451e-04
1.0210000000000000e+03 2.1363434307274657e-04
1.0240000000000000e+03 2.1317411574394321e-04
1.0270000000000000e+03 2.1271590646612862e-04
1.0300000000000000e+03 2.1225970053403073e-04
1.0330000000000000e+03 2.1180548339195911e-04
1.0360000000000000e+03 2.1135324063185435e-04
1.0390000000000000e+03 2.1090295799136837e-04
1.0420000000000000e+03 2.1045462135197549e-04
1.0450000000000000e+03 2.1000821673711255e-04
1.0480000000000000e+03 2.0956373031034970e-04
1.0510000000000000e+03 2.0912114837358839e-04
1.0540000000000000e+03 2.0868045736528867e-04
1.0570000000000000e+03 2.0824164385872376e-04
1.0600000000000000e+03 2.0780469456026165e-04
1.0630000000000000e+03 2.0736959630767411e-04
1.0660000000000000e+03 2.0693633606847086e-04
1.0690000000000000e+03 2.0650490093826040e-04
1.0720000000000000e+03 2.0607527813913543e-04
1.0750000000000000e+03 2.0564745501808353e-04
1.0780000000000000e+03 2.0522141904542174e-04
1.0810000000000000e+03 2.0479715781325560e-04
1.0840000000000000e+03 2.0437465903396117e-04
1.0870000000000000e+03 2.0395391053869023e-04
1.0900000000000000e+03 2.0353490027589843e-04
1.0930000000000000e+03 2.0311761630989521e-04
1.0960000000000000e+03 2.0270204681941591e-04
1.0990000000000000e+03 2.0228818009621522e-04
1.1020000000000000e+03 2.0187600454368149e-04
1.1050000000000000e+03 2.0146550867547231e-04
1.1080000000000000e+03 2.0105668111416978e-04
1.1110000000000000e+03 2.0064951058995615e-04
1.1140000000000000e+03 2.0024398593930886e-04
1.1170000000000000e+03 1.9984009610371530e-04
1.1200000000000000e+03 1.9943783012840597e-04
1.1230000000000000e+03 1.9903717716110639e-04
1.1260000000000000e+03 1.9863812645080800e-04
1.1290000000000000e+03 1.9824066734655567e-04
1.1320000000000000e+03 1.9784478929625428e-04
1.1350000000000000e+03 1.9745048184549192e-04
1.1380000000000000e+03 1.9705773463638012e-04
1.1410000000000000e+03 1.9666653740641146e-04
1.1440000000000000e+03 1.9627687998733282e-04
1.1470000000000000e+03 1.9588875230403566e-04
1.1500000000000000e+03 1.9550214437346152e-04
1.1530000000000000e+03 1.9511704630352392e-04
1.1560000000000000e+03 1.9473344829204503e-04
1.1590000000000000e+03 1.9435134062570781e-04
1.1620000000000000e+03 1.9397071367902290e-04
1.1650000000000000e+03 1.9359155791331026e-04
1.1680000000000000e+03 1.9321386387569534e-04
1.1710000000000000e+03 1.9283762219811888e-04
1.1740000000000000e+03 1.9246282359636121e-04
1.1770000000000000e+03 1.9208945886908002e-04
1.1800000000000000e+03 1.9171751889686143e-04
1.1830000000000000e+03 1.9134699464128468e-04
1.1860000000000000e+03 1.9097787714399936e-04
1.1890000000000000e+03 1.9061015752581584e-04
1.1920000000000000e+03 1.9024382698580830e-04
1.1950000000000000e+03 1.8987887680042972e-04
1.1980000000000000e+03 1.8951529832263964e-04
1.2010000000000000e+03 1.8915308298104357e-04
1.2040000000000000e+03 1.8879222227904404e-04
1.2070000000000000e+03 1.8843270779400390e-04
1.2100000000000000e+03 1.8807453117642036e-04
1.2130000000000000e+03 1.8771768414911042e-04
1.2160000000000000e+03 1.8736215850640795e-04
1.2190000000000000e+03 1.8700794611337067e-04
1.2220000000000000e+03 1.8665503890499867e-04
1.2250000000000000e+03 1.8630342888546300e-04
1.2280000000000000e+03 1.8595310812734476e-04
1.2310000000000000e+03 1.8560406877088460e-04
1.2340000000000000e+03 1.8525630302324182e-04
1.2370000000000000e+03 1.8490980315776369e-04
1.2400000000000000e+03 1.8456456151326459e-04
1.2430000000000000e+03 1.8422057049331431e-04
1.2460000000000000e+03 1.8387782256553618e-04
1.2490000000000000e+03 1.8353631026091420e-04
1.2520000000000000e+03 1.8319602617310958e-04
1.2550000000000000e+03 1.8285696295778601e-04
1.2580000000000000e+03 1.8251911333194381e-04
1.2610000000000000e+03 1.8218247007326319e-04
1.2640000000000000e+03 1.8184702601945532e-04
1.2670000000000000e+03 1.8151277406762293e-04
1.2700000000000000e+03 1.8117970717362791e-04
1.2730000000000000e+03 1.8084781835146828e-04
1.2760000000000000e+03 1.8051710067266266e-04
1.2790000000000000e+03 1.8018754726564277e-04
1.2820000000000000e+03 1.7985915131515356e-04
1.2850000000000000e+03 1.7953190606166160e-04
1.2880000000000000e+03 1.7920580480077034e-04
1.2910000000000000e+03 1.7888084088264362e-04
1.2940000000000000e+03 1.7855700771143569e-04
1.2970000000000000e+03 1.7823429874472908e-04
1.3000000000000000e+03 1.7791270749297969e-04
1.3030000000000000e+03 1.7759222751896825e-04
1.3060000000000000e+03 1.7727285243725944e-04
1.3090000000000000e+03 1.7695457591366737e-04
1.3120000000000000e+03 1.7663739166472813e-04
1.3150000000000000e+03 1.7632129345717846e-04
1.3180000000000000e+03 1.7600627510744156e-04
1.3210000000000000e+03 1.7569233048111881e-04
1.3240000000000000e+03 1.7537945349248822e-04
1.3270000000000000e+03 1.7506763810400884e-04
1.3300000000000000e+03 1.7475687832583142e-04
1.3330000000000000e+03 1.7444716821531531e-04
1.3360000000000000e+03 1.7413850187655082e-04
1.3390000000000000e+03 1.7383087345988817e-04
1.3420000000000000e+03 1.7352427716147160e-04
1.3450000000000000e+03 1.7321870722277976e-04
1.3480000000000000e+03 1.7291415793017106e-04
1.3510000000000000e+03 1.7261062361443528e-04
1.3540000000000000e+03 1.7230809865035010e-04
1.3570000000000000e+03 1.7200657745624343e-04
1.3600000000000000e+03 1.7170605449356088e-04
1.3630000000000000e+03 1.7140652426643810e-04
1.3660000000000000e+03 1.7110798132127924e-04
1.3690000000000000e+03 1.7081042024633925e-04
1.3720000000000000e+03 1.7051383567131249e-04
1.3750000000000000e+03 1.7021822226692514e-04
1.3780000000000000e+03 1.6992357474453321e-04
1.3810000000000000e+03 1.6962988785572541e-04
1.3840000000000000e+03 1.6933715639192985e-04
1.3870000000000000e+03 1.6904537518402658e-04
1.3900000000000000e+03 1.6875453910196421e-04
1.3930000000000000e+03 1.6846464305438077e-04
1.3960000000000000e+03 1.6817568198822957e-04
1.3990000000000000e+03 1.6788765088840931e-04
1.4020000000000000e+03 1.6760054477739841e-04
1.4050000000000000e+03 1.6731435871489362e-04
1.4080000000000000e+03 1.6702908779745322e-04
1.4110000000000000e+03 1.6674472715814414e-04
1.4140000000000000e+03 1.6646127196619283e-04
1.4170000000000000e+03 1.6617871742664119e-04
1.4200000000000000e+03 1.6589705878000528e-04
1.4230000000000000e+03 1.6561629130193905e-04
1.4260000000000000e+03 1.6533641030290136e-04
1.4290000000000000e+03 1.6505741112782677e-04
1.4320000000000000e+03 1.6477928915580080e-04
1.4350000000000000e+03 1.6450203979973820e-04
1.4380000000000000e+03 1.6422565850606513e-04
1.4410000000000000e+03 1.6395014075440526e-04
1.4440000000000000e+03 1.6367548205726911e-04
1.4470000000000000e+03 1.6340167795974710e-04
1.4500000000000000e+03 1.6312872403920607e-04
1.4530000000000000e+03 1.6285661590498921e-04
1.4560000000000000e+03 1.6258534919811948e-04
1.4590000000000000e+03 1.6231491959100623e-04
1.4620000000000000e+03 1.6204532278715531e-04
1.4650000000000000e+03 1.6177655452088248e-04
1.4680000000000000e+03 1.6150861055702959e-04
1.4710000000000000e+03 1.6124148669068473e-04
1.4740000000000000e+03 1.6097517874690459e-04
1.4770000000000000e+03 1.6070968258044085e-04
1.4800000000000000e+03 1.6044499407546890e-04
1.4830000000000000e+03 1.6018110914531997e-04
1.4860000000000000e+03 1.5991802373221600e-04
1.4890000000000000e+03 1.5965573380700781e-04
1.4920000000000000e+03 1.5939423536891564e-04
1.4950000000000000e+03 1.5913352444527301e-04
1.4980000000000000e+03 1.5887359709127320e-04
1.5010000000000000e+03 1.5861444938971870e-04
1.5040000000000000e+03 1.5835607745077286e-04
1.5070000000000000e+03 1.5809847741171508e-04
1.5100000000000000e+03 1.5784164543669805e-04
1.5130000000000000e+03 1.5758557771650803e-04
1.5160000000000000e+03 1.5733027046832733e-04
1.5190000000000000e+03 1.5707571993549963e-04
1.5220000000000000e+03 1.5682192238729802e-04
1.5250000000000000e+03 1.5656887411869523e-04
1.5280000000000000e+03 1.5631657145013633e-04
1.5310000000000000e+03 1.5606501072731426e-04
1.5340000000000000e+03 1.5581418832094727e-04
1.5370000000000000e+03 1.5556410062655919e-04
1.5400000000000000e+03 1.5531474406426198e-04
1.5430000000000000e+03 1.5506611507853997e-04
1.5460000000000000e+03 1.5481821013803770e-04
1.5490000000000000e+03 1.5457102573534850e-04
1.5520000000000000e+03 1.5432455838680669e-04
1.5550000000000000e+03 1.5407880463228098e-04
1.5580000000000000e+03 1.5383376103497053e-04
1.5610000000000000e+03 1.5358942418120322e-04
1.5640000000000000e+03 1.5334579068023577e-04
1.5670000000000000e+03 1.5310285716405616e-04
1.5700000000000000e+03 1.5286062028718804e-04
1.5730000000000000e+03 1.5261907672649733e-04
1.5760000000000000e+03 1.5237822318100064e-04
1.5790000000000000e+03 1.5213805637167579e-04
1.5820000000000000e+03 1.5189857304127437e-04
1.5850000000000000e+03 1.5165976995413640e-04
1.5880000000000000e+03 1.5142164389600609e-04
1.5910000000000000e+03 1.5118419167385093e-04
1.5940000000000000e+03 1.5094741011568129e-04
1.5970000000000000e+03 1.5071129607037258e-04
1.6000000000000000e+03 1.5047584640748936e-04
1.6030000000000000e+03 1.5024105801711066e-04
1.6060000000000000e+03 1.5000692780965774e-04
1.6090000000000000e+03 1.4977345271572330e-04
1.6120000000000000e+03 1.4954062968590220e-04
1.6150000000000000e+03 1.4930845569062446e-04
1.6180000000000000e+03 1.4907692771998966e-04
1.6210000000000000e+03 1.4884604278360289e-04
1.6240000000000000e+03 1.4861579791041276e-04
1.6270000000000000e+03 1.4838619014855063e-04
1.6300000000000000e+03 1.4815721656517177e-04
1.6330000000000000e+03 1.4792887424629783e-04
1.6360000000000000e+03 1.4770116029666142e-04
1.6390000000000000e+03 1.4747407183955178e-04
1.6420000000000000e+03 1.4724760601666175e-04
1.6450000000000000e+03 1.4702175998793746e-04
1.6480000000000000e+03 1.4679653093142798e-04
1.6510000000000000e+03 1.4657191604313760e-04
1.6540000000000000e+03 1.4634791253687935e-04
1.6570000000000000e+03 1.4612451764412936e-04
1.6600000000000000e+03 1.4590172861388362e-04
1.6630000000000000e+03 1.4567954271251540e-04
1.6660000000000000e+03 1.4545795722363465e-04
1.6690000000000000e+03 1.4523696944794814e-04
1.6720000000000000e+03 1.4501657670312163e-04
1.6750000000000000e+03 1.4479677632364311e-04
1.6780000000000000e+03 1.4457756566068730e-04
1.6810000000000000e+03 1.4435894208198163e-04
1.6840000000000000e+03 1.4414090297167352e-04
1.6870000000000000e+03 1.4392344573019877e-04
1.6900000000000000e+03 1.4370656777415162e-04
1.6930000000000000e+03 1.4349026653615566e-04
1.6960000000000000e+03 1.4327453946473627e-04
1.6990000000000000e+03 1.4305938402419421e-04
1.7020000000000000e+03 1.4284479769448034e-04
1.7050000000000000e+03 1.4263077797107174e-04
1.7080000000000000e+03 1.4241732236484900e-04
1.7110000000000000e+03 1.4220442840197445e-04
1.7140000000000000e+03 1.4199209362377198e-04
1.7170000000000000e+03 1.4178031558660740e-04
1.7200000000000000e+03 1.4156909186177087e-04
1.7230000000000000e+03 1.4135842003535942e-04
1.7260000000000000e+03 1.4114829770816125e-04
1.7290000000000000e+03 1.4093872249554124e-04
1.7320000000000000e+03 1.4072969202732677e-04
1.7350000000000000e+03 1.4052120394769560e-04
1.7380000000000000e+03 1.4031325591506405e-04
1.7410000000000000e+03 1.4010584560197680e-04
1.7440000000000000e+03 1.3989897069499718e-04
1.7470000000000000e+03 1.3969262889459912e-04
1.7500000000000000e+03 1.3948681791505949e-04
1.7530000000000000e+03 1.3928153548435203e-04
1.7560000000000000e+03 1.3907677934404163e-04
1.7590000000000000e+03 1.3887254724918066e-04
1.7620000000000000e+03 1.3866883696820456e-04
1.7650000000000000e+03 1.3846564628283053e-04
1.7680000000000000e+03 1.3826297298795531e-04
1.7710000000000000e+03 1.3806081489155494e-04
1.7740000000000000e+03 1.3785916981458524e-04
1.7770000000000000e+03 1.3765803559088294e-04
1.7800000000000000e+03 1.3745741006706831e-04
1.7830000000000000e+03 1.3725729110244790e-04
1.7860000000000000e+03 1.3705767656891897e-04
1.7890000000000000e+03 1.3685856435087423e-04
1.7920000000000000e+03 1.3665995234510763e-04
1.7950000000000000e+03 1.3646183846072134e-04
1.7980000000000000e+03 1.3626422061903290e-04
1.8010000000000000e+03 1.3606709675348402e-04
1.8040000000000000e+03 1.3587046480954948e-04
1.8070000000000000e+03 1.3567432274464738e-04
1.8100000000000000e+03 1.3547866852804986e-04
1.8130000000000000e+03 1.3528350014079503e-04
1.8160000000000000e+03 1.3508881557559936e-04
1.8190000000000000e+03 1.3489461283677087e-04
1.8220000000000000e+03 1.3470088994012330e-04
1.8250000000000000e+03 1.3450764491289107e-04
1.8280000000000000e+03 1.3431487579364452e-04
1.8310000000000000e+03 1.3412258063220687e-04
1.8340000000000000e+03 1.3393075748957089e-04
1.8370000000000000e+03 1.3373940443781696e-04
1.8400000000000000e+03 1.3354851956003171e-04
1.8430000000000000e+03 1.3335810095022719e-04
1.8460000000000000e+03 1.3316814671326127e-04
1.8490000000000000e+03 1.3297865496475801e-04
1.8520000000000000e+03 1.3278962383102955e-04
1.8550000000000000e+03 1.3260105144899804e-04
1.8580000000000000e+03 1.3241293596611851e-04
1.8610000000000000e+03 1.3222527554030254e-04
1.8640000000000000e+03 1.3203806833984261e-04
1.8670000000000000e+03 1.3185131254333658e-04
1.8700000000000000e+03 1.3166500633961386e-04
1.8730000000000000e+03 1.3147914792766100e-04
1.8760000000000000e+03 1.3129373551654911e-04
1.8790000000000000e+03 1.3110876732536111e-04
1.8820000000000000e+03 1.3092424158311984e-04
1.8850000000000000e+03 1.3074015652871706e-04
1.8880000000000000e+03 1.3055651041084259e-04
1.8910000000000000e+03 1.3037330148791461e-04
1.8940000000000000e+03 1.3019052802800999e-04
1.8970000000000000e+03 1.3000818830879586e-04
1.9000000000000000e+03 1.2982628061746111e-04
1.9030000000000000e+03 1.2964480325064909e-04
1.9060000000000000e+03 1.2946375451439044e-04
1.9090000000000000e+03 1.2928313272403676e-04
1.9120000000000000e+03 1.2910293620419481e-04
1.9150000000000000e+03 1.2892316328866102e-04
1.9180000000000000e+03 1.2874381232035707e-04
1.9210000000000000e+03 1.2856488165126565e-04
1.9240000000000000e+03 1.2838636964236676e-04
1.9270000000000000e+03 1.2820827466357467e-04
1.9300000000000000e+03 1.2803059509367549e-04
1.9330000000000000e+03 1.2785332932026516e-04
1.9360000000000000e+03 1.2767647573968792e-04
1.9390000000000000e+03 1.2750003275697547e-04
1.9420000000000000e+03 1.2732399878578649e-04
1.9450000000000000e+03 1.2714837224834684e-04
1.9480000000000000e+03 1.2697315157538991e-04
1.9510000000000000e+03 1.2679833520609811e-04
1.9540000000000000e+03 1.2662392158804421e-04
1.9570000000000000e+03 1.2644990917713334e-04
1.9600000000000000e+03 1.2627629643754607e-04
1.9630000000000000e+03 1.2610308184168078e-04
1.9660000000000000e+03 1.2593026387009785e-04
1.9690000000000000e+03 1.2575784101146321e-04
1.9720000000000000e+03 1.2558581176249316e-04
1.9750000000000000e+03 1.2541417462789904e-04
1.9780000000000000e+03 1.2524292812033294e-04
1.9810000000000000e+03 1.2507207076033330e-04
1.9840000000000000e+03 1.2490160107627140e-04
1.9870000000000000e+03 1.2473151760429796e-04
1.9900000000000000e+03 1.2456181888829059e-04
1.9930000000000000e+03 1.2439250347980106e-04
1.9960000000000000e+03 1.2422356993800396e-04
1.9990000000000000e+03 1.2405501682964445e-04
2.0020000000000000e+03 1.2388684272898775e-04
2.0050000000000000e+03 1.2371904621776846e-04
2.0080000000000000e+03 1.2355162588513998e-04
2.0110000000000000e+03 1.2338458032762491e-04
2.0140000000000000e+03 1.2321790814906567e-04
2.0170000000000000e+03 1.2305160796057549e-04
2.0200000000000000e+03 1.2288567838048965e-04
2.0230000000000000e+03 1.2272011803431739e-04
2.0260000000000000e+03 1.2255492555469409e-04
2.0290000000000000e+03 1.2239009958133379e-04
2.0320000000000000e+03 1.2222563876098213e-04
2.0350000000000000e+03 1.2206154174736975e-04
2.0380000000000000e+03 1.2189780720116606e-04
2.0410000000000000e+03 1.2173443378993305e-04
2.0440000000000000e+03 1.2157142018808014e-04
2.0470000000000000e+03 1.2140876507681864e-04
2.0500000000000000e+03 1.2124646714411726e-04
2.0530000000000000e+03 1.2108452508465744e-04
2.0560000000000000e+03 1.2092293759978918e-04
2.0590000000000000e+03 1.2076170339748775e-04
2.0620000000000000e+03 1.2060082119230969e-04
2.0650000000000000e+03 1.2044028970535020e-04
2.0680000000000000e+03 1.2028010766420040e-04
2.0710000000000000e+03 1.2012027380290470e-04
2.0740000000000000e+03 1.1996078686191907e-04
2.0770000000000000e+03 1.1980164558806925e-04
2.0800000000000000e+03 1.1964284873450938e-04
2.0830000000000000e+03 1.1948439506068081e-04
2.0860000000000000e+03 1.1932628333227186e-04
2.0890000000000000e+03 1.1916851232117693e-04
2.0920000000000000e+03 1.1901108080545663e-04
2.0950000000000000e+03 1.1885398756929818e-04
2.0980000000000000e+03 1.1869723140297570e-04
2.1010000000000000e+03 1.1854081110281133e-04
2.1040000000000000e+03 1.1838472547113622e-04
2.1070000000000000e+03 1.1822897331625215e-04
2.1100000000000000e+03 1.1807355345239328e-04
2.1130000000000000e+03 1.1791846469968809e-04
2.1160000000000000e+03 1.1776370588412211e-04
2.1190000000000000e+03 1.1760927583750012e-04
2.1220000000000000e+03 1.1745517339740953e-04
2.1250000000000000e+03 1.1730139740718348e-04
2.1280000000000000e+03 1.1714794671586416e-04
2.1310000000000000e+03 1.1699482017816715e-04
2.1340000000000000e+03 1.1684201665444489e-04
2.1370000000000000e+03 1.1668953501065155e-04
2.1400000000000000e+03 1.1653737411830750e-04
2.1430000000000000e+03 1.1638553285446409e-04
2.1460000000000000e+03 1.1623401010166908e-04
2.1490000000000000e+03 1.1608280474793203e-04
2.1520000000000000e+03 1.1593191568668996e-04
2.1550000000000000e+03 1.1578134181677337e-04
2.1580000000000000e+03 1.1563108204237252e-04
2.1610000000000000e+03 1.1548113527300379e-04
2.1640000000000000e+03 1.1533150042347673e-04
2.1670000000000000e+03 1.1518217641386086e-04
2.1700000000000000e+03 1.1503316216945291e-04
2.1730000000000000e+03 1.1488445662074442e-04
2.1760000000000000e+03 1.1473605870338954e-04
2.1790000000000000e+03 1.1458796735817293e-04
2.1820000000000000e+03 1.1444018153097803e-04
2.1850000000000000e+03 1.1429270017275571e-04
2.1880000000000000e+03 1.1414552223949262e-04
2.1910000000000000e+03 1.1399864669218055e-04
2.1940000000000000e+03 1.1385207249678542e-04
2.1970000000000000e+03 1.1370579862421679e-04
2.2000000000000000e+03 1.1355982405029736e-04
2.2030000000000000e+03 1.1341414775573300e-04
2.2060000000000000e+03 1.1326876872608286e-04
2.2090000000000000e+03 1.1312368595172958e-04
2.2120000000000000e+03 1.1297889842784998e-04
2.2150000000000000e+03 1.1283440515438575e-04
2.2180000000000000e+03 1.1269020513601432e-04
2.2210000000000000e+03 1.1254629738212048e-04
2.2240000000000000e+03 1.1240268090676722e-04
2.2270000000000000e+03 1.1225935472866789e-04
2.2300000000000000e+03 1.1211631787115765e-04
2.2330000000000000e+03 1.1197356936216577e-04
2.2360000000000000e+03 1.1183110823418761e-04
2.2390000000000000e+03 1.1168893352425758e-04
2.2420000000000000e+03 1.1154704427392107e-04
2.2450000000000000e+03 1.1140543952920810e-04
2.2480000000000000e+03 1.1126411834060576e-04
2.2510000000000000e+03 1.1112307976303172e-04
2.2540000000000000e+03 1.1098232285580785e-04
2.2570000000000000e+03 1.1084184668263351e-04
2.2600000000000000e+03 1.1070165031155966e-04
2.2630000000000000e+03 1.1056173281496277e-04
2.2660000000000000e+03 1.1042209326951906e-04
2.2690000000000000e+03 1.1028273075617908e-04
2.2720000000000000e+03 1.1014364436014188e-04
2.2750000000000000e+03 1.1000483317083035e-04
2.2780000000000000e+03 1.0986629628186565e-04
2.2810000000000000e+03 1.0972803279104279e-04
2.2840000000000000e+03 1.0959004180030565e-04
2.2870000000000000e+03 1.0945232241572263e-04
2.2900000000000000e+03 1.0931487374746216e-04
2.2930000000000000e+03 1.0917769490976893e-04
2.2960000000000000e+03 1.0904078502093947e-04
2.2990000000000000e+03 1.0890414320329865e-04
2.3020000000000000e+03 1.0876776858317582e-04
2.3050000000000000e+03 1.0863166029088157e-04
2.3080000000000000e+03 1.0849581746068428e-04
2.3110000000000000e+03 1.0836023923078714e-04
2.3140000000000000e+03 1.0822492474330504e-04
2.3170000000000000e+03 1.0808987314424178e-04
2.3200000000000000e+03 1.0795508358346753e-04
2.3230000000000000e+03 1.0782055521469632e-04
2.3260000000000000e+03 1.0768628719546367e-04
2.3290000000000000e+03 1.0755227868710448e-04
2.3320000000000000e+03 1.0741852885473102e-04
2.3350000000000000e+03 1.0728503686721109e-04
2.3380000000000000e+03 1.0715180189714631e-04
2.3410000000000000e+03 1.0701882312085060e-04
2.3440000000000000e+03 1.0688609971832869e-04
2.3470000000000000e+03 1.0675363087325517e-04
2.3500000000000000e+03 1.0662141577295305e-04
2.3530000000000000e+03 1.0648945360837295e-04
2.3560000000000000e+03 1.0635774357407250e-04
2.3590000000000000e+03 1.0622628486819539e-04
2.3620000000000000e+03 1.0609507669245108e-04
2.3650000000000000e+03 1.0596411825209429e-04
2.3680000000000000e+03 1.0583340875590488e-04
2.3710000000000000e+03 1.0570294741616781e-04
2.3740000000000000e+03 1.0557273344865307e-04
2.3770000000000000e+03 1.0544276607259595e-04
2.3800000000000000e+03 1.0531304451067738e-04
2.3830000000000000e+03 1.0518356798900448e-04
2.3860000000000000e+03 1.0505433573709093e-04
2.3890000000000000e+03 1.0492534698783810e-04
2.3920000000000000e+03 1.0479660097751546e-04
2.3950000000000000e+03 1.0466809694574196e-04
2.3980000000000000e+03 1.0453983413546702e-04
2.4010000000000000e+03 1.0441181179295178e-04
2.4040000000000000e+03 1.0428402916775061e-04
2.4070000000000000e+03 1.0415648551269237e-04
2.4100000000000000e+03 1.0402918008386246e-04
2.4130000000000000e+03 1.0390211214058426e-04
2.4160000000000000e+03 1.0377528094540118e-04
2.4190000000000000e+03 1.0364868576405868e-04
2.4220000000000000e+03 1.0352232586548630e-04
2.4250000000000000e+03 1.0339620052178014e-04
2.4280000000000000e+03 1.0327030900818501e-04
2.4310000000000000e+03 1.0314465060307714e-04
2.4340000000000000e+03 1.0301922458794676e-04
2.4370000000000000e+03 1.0289403024738066e-04
2.4400000000000000e+03 1.0276906686904535e-04
2.4430000000000000e+03 1.0264433374366976e-04
2.4460000000000000e+03 1.0251983016502861e-04
2.4490000000000000e+03 1.0239555542992530e-04
2.4520000000000000e+03 1.0227150883817556e-04
2.4550000000000000e+03 1.0214768969259048e-04
2.4580000000000000e+03 1.0202409729896058e-04
2.4610000000000000e+03 1.0190073096603897e-04
2.4640000000000000e+03 1.0177759000552531e-04
2.4670000000000000e+03 1.0165467373204983e-04
2.4700000000000000e+03 1.0153198146315699e-04
2.4730000000000000e+03 1.0140951251928990e-04
2.4760000000000000e+03 1.0128726622377417e-04
2.4790000000000000e+03 1.0116524190280254e-04
2.4820000000000000e+03 1.0104343888541904e-04
2.4850000000000000e+03 1.0092185650350360e-04
2.4880000000000000e+03 1.0080049409175668e-04
2.4910000000000000e+03 1.0067935098768387e-04
2.4940000000000000e+03 1.0055842653158084e-04
2.4970000000000000e+03 1.0043772006651812e-04
2.5000000000000000e+03 1.0031723093832621e-04
2.5030000000000000e+03 1.0019695849558066e-04
2.5060000000000000e+03 1.0007690208958726e-04
2.5090000000000000e+03 9.9957061074367316e-05
2.5120000000000000e+03 9.9837434806643083e-05
2.5150000000000000e+03 9.9718022645823418e-05
2.5180000000000000e+03 9.9598823953989067e-05
2.5210000000000000e+03 9.9479838095878505e-05
2.5240000000000000e+03 9.9361064438873860e-05
2.5270000000000000e+03 9.9242502352986489e-05
2.5300000000000000e+03 9.9124151210843239e-05
2.5330000000000000e+03 9.9006010387672297e-05
2.5360000000000000e+03 9.8888079261289337e-05
2.5390000000000000e+03 9.8770357212084041e-05
2.5420000000000000e+03 9.8652843623005929e-05
2.5450000000000000e+03 9.8535537879551328e-05
2.5480000000000000e+03 9.8418439369749437e-05
2.5510000000000000e+03 9.8301547484149141e-05
2.5540000000000000e+03 9.8184861615805647e-05
2.5570000000000000e+03 9.8068381160267191e-05
2.5600000000000000e+03 9.7952105515562040e-05
2.5630000000000000e+03 9.7836034082185157e-05
2.5660000000000000e+03 9.7720166263085540e-05
2.5690000000000000e+03 9.7604501463653028e-05
2.5720000000000000e+03 9.7489039091705772e-05
2.5750000000000000e+03 9.7373778557477132e-05
2.5780000000000000e+03 9.7258719273603456e-05
2.5810000000000000e+03 9.7143860655111213e-05
2.5840000000000000e+03 9.7029202119404583e-05
2.5870000000000000e+03 9.6914743086253026e-05
2.5900000000000000e+03 9.6800482977778981e-05
2.5930000000000000e+03 9.6686421218445610e-05
2.5960000000000000e+03 9.6572557235044616e-05
2.5990000000000000e+03 9.6458890456684127e-05
2.6020000000000000e+03 9.6345420314776771e-05
2.6050000000000000e+03 9.6232146243027450e-05
2.6080000000000000e+03 9.6119067677421846e-05
2.6110000000000000e+03 9.6006184056214458e-05
2.6140000000000000e+03 9.5893494819916715e-05
2.6170000000000000e+03 9.5780999411285630e-05
2.6200000000000000e+03 9.5668697275312040e-05
2.6230000000000000e+03 9.5556587859209043e-05
2.6260000000000000e+03 9.5444670612400900e-05
2.6290000000000000e+03 9.5332944986511217e-05
2.6320000000000000e+03 9.5221410435352075e-05
2.6350000000000000e+03 9.5110066414912499e-05
2.6380000000000000e+03 9.4998912383347531e-05
2.6410000000000000e+03 9.4887947800967066e-05
2.6440000000000000e+03 9.4777172130224846e-05
2.6470000000000000e+03 9.4666584835707523e-05
2.6500000000000000e+03 9.4556185384123790e-05
2.6530000000000000e+03 9.4445973244293649e-05
2.6560000000000000e+03 9.4335947887137512e-05
2.6590000000000000e+03 9.4226108785665767e-05
2.6620000000000000e+03 9.4116455414967935e-05
2.6650000000000000e+03 9.4006987252202306e-05
2.6680000000000000e+03 9.3897703776585402e-05
2.6710000000000000e+03 9.3788604469381522e-05
2.6740000000000000e+03 9.3679688813892611e-05
2.6770000000000000e+03 9.3570956295447642e-05
2.6800000000000000e+03 9.3462406401392676e-05
2.6830000000000000e+03 9.3354038621080618e-05
2.6860000000000000e+03 9.3245852445861165e-05
2.6890000000000000e+03 9.3137847369070676e-05
2.6920000000000000e+03 9.3030022886022364e-05
2.6950000000000000e+03 9.2922378493996184e-05
2.6980000000000000e+03 9.2814913692229172e-05
2.7010000000000000e+03 9.2707627981905604e-05
2.7040000000000000e+03 9.2600520866147293e-05
2.7070000000000000e+03 9.2493591850003790e-05
2.7100000000000000e+03 9.2386840440443022e-05
2.7130000000000000e+03 9.2280266146341447e-05
2.7160000000000000e+03 9.2173868478474845e-05
2.7190000000000000e+03 9.2067646949508720e-05
2.7220000000000000e+03 9.1961601073988972e-05
2.7250000000000000e+03 9.1855730368332525e-05
2.7280000000000000e+03 9.1750034350818164e-05
2.7310000000000000e+03 9.1644512541577328e-05
2.7340000000000000e+03 9.1539164462584792e-05
2.7370000000000000e+03 9.1433989637649800e-05
2.7400000000000000e+03 9.1328987592406797e-05
2.7430000000000000e+03 9.1224157854306686e-05
2.7460000000000000e+03 9.1119499952607708e-05
2.7490000000000000e+03 9.1015013418366578e-05
2.7520000000000000e+03 9.0910697784429883e-05
2.7550000000000000e+03 9.0806552585424857e-05
2.7580000000000000e+03 9.0702577357751248e-05
2.7610000000000000e+03 9.0598771639572079e-05
2.7640000000000000e+03 9.0495134970805454e-05
2.7670000000000000e+03 9.0391666893115813e-05
2.7700000000000000e+03 9.0288366949905385e-05
2.7730000000000000e+03 9.0185234686305794e-05
2.7760000000000000e+03 9.0082269649169688e-05
2.7790000000000000e+03 8.9979471387062251e-05
2.7820000000000000e+03 8.9876839450253035e-05
2.7850000000000000e+03 8.9774373390707498e-05
2.7880000000000000e+03 8.9672072762079082e-05
2.7910000000000000e+03 8.9569937119700723e-05
2.7940000000000000e+03 8.9467966020577024e-05
2.7970000000000000e+03 8.9366159023375900e-05
2.8000000000000000e+03 8.9264515688420871e-05
2.8030000000000000e+03 8.9163035577682754e-05
2.8060000000000000e+03 8.9061718254772044e-05
2.8090000000000000e+03 8.8960563284930786e-05
2.8120000000000000e+03 8.8859570235024941e-05
2.8150000000000000e+03 8.8758738673536380e-05
2.8180000000000000e+03 8.8658068170555346e-05
2.8210000000000000e+03 8.8557558297772636e-05
2.8240000000000000e+03 8.8457208628472025e-05
2.8270000000000000e+03 8.8357018737522555e-05
2.8300000000000000e+03 8.8256988201371024e-05
2.8330000000000000e+03 8.8157116598034508e-05
2.8360000000000000e+03 8.8057403507092838e-05
2.8390000000000000e+03 8.7957848509681149e-05
2.8420000000000000e+03 8.7858451188482569e-05
2.8450000000000000e+03 8.7759211127720732e-05
2.8480000000000000e+03 8.7660127913152615e-05
2.8510000000000000e+03 8.7561201132061267e-05
2.8540000000000000e+03 8.7462430373248429e-05
2.8570000000000000e+03 8.7363815227027577e-05
2.8600000000000000e+03 8.7265355285216542e-05
2.8630000000000000e+03 8.7167050141130696e-05
2.8660000000000000e+03 8.7068899389575701e-05
2.8690000000000000e+03 8.6970902626840475e-05
2.8720000000000000e+03 8.6873059450690390e-05
2.8750000000000000e+03 8.6775369460360114e-05
2.8780000000000000e+03 8.6677832256546933e-05
2.8810000000000000e+03 8.6580447441403794e-05
2.8840000000000000e+03 8.6483214618532370e-05
2.8870000000000000e+03 8.6386133392976646e-05
2.8900000000000000e+03 8.6289203371215661e-05
2.8930000000000000e+03 8.6192424161157292e-05
2.8960000000000000e+03 8.6095795372131297e-05
2.8990000000000000e+03 8.5999316614882832e-05
2.9020000000000000e+03 8.5902987501565794e-05
2.9050000000000000e+03 8.5806807645736244e-05
2.9080000000000000e+03 8.5710776662346040e-05
2.9110000000000000e+03 8.5614894167736230e-05
2.9140000000000000e+03 8.5519159779630653e-05
2.9170000000000000e+03 8.5423573117129545e-05
2.9200000000000000e+03 8.5328133800703163e-05
2.9230000000000000e+03 8.5232841452185409e-05
2.9260000000000000e+03 8.5137695694767699e-05
2.9290000000000000e+03 8.5042696152992501e-05
2.9320000000000000e+03 8.4947842452747291e-05
2.9350000000000000e+03 8.4853134221258154e-05
2.9380000000000000e+03 8.4758571087083877e-05
2.9410000000000000e+03 8.4664152680109659e-05
2.9440000000000000e+03 8.4569878631541082e-05
2.9470000000000000e+03 8.4475748573898079e-05
2.9500000000000000e+03 8.4381762141008836e-05
2.9530000000000000e+03 8.4287918968003949e-05
2.9560000000000000e+03 8.4194218691310301e-05
2.9590000000000000e+03 8.4100660948645327e-05
2.9620000000000000e+03 8.4007245379011039e-05
2.9650000000000000e+03 8.3913971622688103e-05
2.9680000000000000e+03 8.3820839321230173e-05
2.9710000000000000e+03 8.3727848117458011e-05
2.9740000000000000e+03 8.3634997655453739e-05
2.9770000000000000e+03 8.3542287580555161e-05
2.9800000000000000e+03 8.3449717539349992e-05
2.9830000000000000e+03 8.3357287179670298e-05
2.9860000000000000e+03 8.3264996150586817e-05
2.9890000000000000e+03 8.3172844102403381e-05
2.9920000000000000e+03 8.3080830686651312e-05
2.9950000000000000e+03 8.2988955556083884e-05
2.9980000000000000e+03 8.2897218364670925e-05
3.0010000000000000e+03 8.2805618767593266e-05
3.0040000000000000e+03 8.2714156421237231e-05
3.0070000000000000e+03 8.2622830983189333e-05
3.0100000000000000e+03 8.2531642112230831e-05
3.0130000000000000e+03 8.2440589468332399e-05
3.0160000000000000e+03 8.2349672712648818e-05
3.0190000000000000e+03 8.2258891507513643e-05
3.0220000000000000e+03 8.2168245516433969e-05
3.0250000000000000e+03 8.2077734404085119e-05
3.0280000000000000e+03 8.1987357836305495e-05
3.0310000000000000e+03 8.1897115480091424e-05
3.0340000000000000e+03 8.1807007003591999e-05
3.0370000000000000e+03 8.1717032076103862e-05
3.0400000000000000e+03 8.1627190368066169e-05
3.0430000000000000e+03 8.1537481551055598e-05
3.0460000000000000e+03 8.1447905297781084e-05
3.0490000000000000e+03 8.1358461282079119e-05
3.0520000000000000e+03 8.1269149178908508e-05
3.0550000000000000e+03 8.1179968664345435e-05
3.0580000000000000e+03 8.1090919415578689e-05
3.0610000000000000e+03 8.1002001110904630e-05
3.0640000000000000e+03 8.0913213429722290e-05
3.0670000000000000e+03 8.0824556052528604e-05
3.0700000000000000e+03 8.0736028660913521e-05
3.0730000000000000e+03 8.0647630937555215e-05
3.0760000000000000e+03 8.0559362566215263e-05
3.0790000000000000e+03 8.0471223231734051e-05
3.0820000000000000e+03 8.0383212620025867e-05
3.0850000000000000e+03 8.0295330418074265e-05
3.0880000000000000e+03 8.0207576313927407e-05
3.0910000000000000e+03 8.0119949996693422e-05
3.0940000000000000e+03 8.0032451156535696e-05
3.0970000000000000e+03 7.9945079484668435e-05
3.1000000000000000e+03 7.9857834673351856e-05
3.1030000000000000e+03 7.9770716415887894e-05
3.1060000000000000e+03 7.9683724406615439e-05
3.1090000000000000e+03 7.9596858340906003e-05
3.1120000000000000e+03 7.9510117915159153e-05
3.1150000000000000e+03 7.9423502826798050e-05
3.1180000000000000e+03 7.9337012774265101e-05
3.1210000000000000e+03 7.9250647457017404e-05
3.1240000000000000e+03 7.9164406575522560e-05
3.1270000000000000e+03 7.9078289831254080e-05
3.1300000000000000e+03 7.8992296926687277e-05
3.1330000000000000e+03 7.8906427565294672e-05
3.1360000000000000e+03 7.8820681451542026e-05
3.1390000000000000e+03 7.8735058290883850e-05
3.1420000000000000e+03 7.8649557789759136e-05
3.1450000000000000e+03 7.8564179655587324e-05
3.1480000000000000e+03 7.8478923596763905e-05
3.1510000000000000e+03 7.8393789322656234e-05
3.1540000000000000e+03 7.8308776543599588e-05
3.1570000000000000e+03 7.8223884970892859e-05
3.1600000000000000e+03 7.8139114316794358e-05
3.1630000000000000e+03 7.8054464294517880e-05
3.1660000000000000e+03 7.7969934618228565e-05
3.1690000000000000e+03 7.7885525003038903e-05
3.1720000000000000e+03 7.7801235165004531e-05
3.1750000000000000e+03 7.7717064821120451e-05
3.1780000000000000e+03 7.7633013689316791e-05
3.1810000000000000e+03 7.7549081488455156e-05
3.1840000000000000e+03 7.7465267938324296e-05
3.1870000000000000e+03 7.7381572759636509e-05
3.1900000000000000e+03 7.7297995674023510e-05
3.1930000000000000e+03 7.7214536404032719e-05
3.1960000000000000e+03 7.7131194673123166e-05
3.1990000000000000e+03 7.7047970205661927e-05
3.2020000000000000e+03 7.6964862726920059e-05
3.2050000000000000e+03 7.6881871963068872e-05
3.2080000000000000e+03 7.6798997641176192e-05
3.2110000000000000e+03 7.6716239489202492e-05
3.2140000000000000e+03 7.6633597235997253e-05
3.2170000000000000e+03 7.6551070611295137e-05
3.2200000000000000e+03 7.6468659345712320e-05
3.2230000000000000e+03 7.6386363170742770e-05
3.2260000000000000e+03 7.6304181818754598e-05
3.2290000000000000e+03 7.6222115022986459e-05
3.2320000000000000e+03 7.6140162517543788e-05
3.2350000000000000e+03 7.6058324037395260e-05
3.2380000000000000e+03 7.5976599318369135e-05
3.2410000000000000e+03 7.5894988097149839e-05
3.2440000000000000e+03 7.5813490111274171e-05
3.2470000000000000e+03 7.5732105099127913e-05
3.2500000000000000e+03 7.5650832799942244e-05
3.2530000000000000e+03 7.5569672953790248e-05
3.2560000000000000e+03 7.5488625301583414e-05
3.2590000000000000e+03 7.5407689585068198e-05
3.2620000000000000e+03 7.5326865546822492e-05
3.2650000000000000e+03 7.5246152930252261e-05
3.2680000000000000e+03 7.5165551479588032e-05
3.2710000000000000e+03 7.5085060939881644e-05
3.2740000000000000e+03 7.5004681057002666e-05
3.2770000000000000e+03 7.4924411577635203e-05
3.2800000000000000e+03 7.4844252249274451e-05
3.2830000000000000e+03 7.4764202820223294e-05
3.2860000000000000e+03 7.4684263039589179e-05
3.2890000000000000e+03 7.4604432657280641e-05
3.2920000000000000e+03 7.4524711424004065e-05
3.2950000000000000e+03 7.4445099091260502e-05
3.2980000000000000e+03 7.4365595411342230e-05
3.3010000000000000e+03 7.4286200137329682e-05
3.3040000000000000e+03 7.4206913023088219e-05
3.3070000000000000e+03 7.4127733823264825e-05
3.3100000000000000e+03 7.4048662293284972e-05
3.3130000000000000e+03 7.3969698189349430e-05
3.3160000000000000e+03 7.3890841268431178e-05
3.3190000000000000e+03 7.3812091288272193e-05
3.3220000000000000e+03 7.3733448007380265e-05
3.3250000000000000e+03 7.3654911185026096e-05
3.3280000000000000e+03 7.3576480581239980e-05
3.3310000000000000e+03 7.3498155956808821e-05
3.3340000000000000e+03 7.3419937073273100e-05
3.3370000000000000e+03 7.3341823692923752e-05
3.3400000000000000e+03 7.3263815578799232e-05
3.3430000000000000e+03 7.3185912494682338e-05
3.3460000000000000e+03 7.3108114205097357e-05
3.3490000000000000e+03 7.3030420475307022e-05
3.3520000000000000e+03 7.2952831071309537e-05
3.3550000000000000e+03 7.2875345759835608e-05
3.3580000000000000e+03 7.2797964308345483e-05
3.3610000000000000e+03 7.2720686485026033e-05
3.3640000000000000e+03 7.2643512058787952e-05
3.3670000000000000e+03 7.2566440799262620e-05
3.3700000000000000e+03 7.2489472476799414e-05
3.3730000000000000e+03 7.2412606862462718e-05
3.3760000000000000e+03 7.2335843728029139e-05
3.3790000000000000e+03 7.2259182845984624e-05
3.3820000000000000e+03 7.2182623989521614e-05
3.3850000000000000e+03 7.2106166932536306e-05
3.3880000000000000e+03 7.2029811449625671e-05
3.3910000000000000e+03 7.1953557316084917e-05
3.3940000000000000e+03 7.1877404307904460e-05
3.3970000000000000e+03 7.1801352201767329e-05
3.4000000000000000e+03 7.1725400775046391e-05
3.4030000000000000e+03 7.1649549805801518e-05
3.4060000000000000e+03 7.1573799072776942e-05
3.4090000000000000e+03 7.1498148355398576e-05
3.4120000000000000e+03 7.1422597433771218e-05
3.4150000000000000e+03 7.1347146088675939e-05
3.4180000000000000e+03 7.1271794101567410e-05
3.4210000000000000e+03 7.1196541254571192e-05
3.4240000000000000e+03 7.1121387330481178e-05
3.4270000000000000e+03 7.1046332112756848e-05
3.4300000000000000e+03 7.0971375385520718e-05
3.4330000000000000e+03 7.0896516933555755e-05
3.4360000000000000e+03 7.0821756542302700e-05
3.4390000000000000e+03 7.0747093997857572e-05
3.4420000000000000e+03 7.0672529086969051e-05
3.4450000000000000e+03 7.0598061597035893e-05
3.4480000000000000e+03 7.0523691316104448e-05
3.4510000000000000e+03 7.0449418032866057e-05
3.4540000000000000e+03 7.0375241536654667e-05
3.4570000000000000e+03 7.0301161617444108e-05
3.4600000000000000e+03 7.0227178065845777e-05
3.4630000000000000e+03 7.0153290673106045e-05
3.4660000000000000e+03 7.0079499231103876e-05
3.4690000000000000e+03 7.0005803532348289e-05
3.4720000000000000e+03 6.9932203369975896e-05
3.4750000000000000e+03 6.9858698537748554e-05
3.4780000000000000e+03 6.9785288830050843e-05
3.4810000000000000e+03 6.9711974041887726e-05
3.4840000000000000e+03 6.9638753968882051e-05
3.4870000000000000e+03 6.9565628407272293e-05
3.4900000000000000e+03 6.9492597153910038e-05
3.4930000000000000e+03 6.9419660006257703e-05
3.4960000000000000e+03 6.9346816762386074e-05
3.4990000000000000e+03 6.9274067220972117e-05
3.5020000000000000e+03 6.9201411181296548e-05
3.5050000000000000e+03 6.9128848443241424e-05
3.5080000000000000e+03 6.9056378807287998e-05
3.5110000000000000e+03 6.8984002074514282e-05
3.5140000000000000e+03 6.8911718046592838e-05
3.5170000000000000e+03 6.8839526525788460e-05
3.5200000000000000e+03 6.8767427314955868e-05
3.5230000000000000e+03 6.8695420217537503e-05
3.5260000000000000e+03 6.8623505037561247e-05
3.5290000000000000e+03 6.8551681579638243e-05
3.5320000000000000e+03 6.8479949648960509e-05
3.5350000000000000e+03 6.8408309051298929e-05
3.5380000000000000e+03 6.8336759593000889e-05
3.5410000000000000e+03 6.8265301080988101e-05
3.5440000000000000e+03 6.8193933322754506e-05
3.5470000000000000e+03 6.8122656126363984e-05
3.5500000000000000e+03 6.8051469300448250e-05
3.5530000000000000e+03 6.7980372654204705e-05
3.5560000000000000e+03 6.7909365997394192e-05
3.5590000000000000e+03 6.7838449140338944e-05
3.5620000000000000e+03 6.7767621893920560e-05
3.5650000000000000e+03 6.7696884069577606e-05
3.5680000000000000e+03 6.7626235479303746e-05
3.5710000000000000e+03 6.7555675935645576e-05
3.5740000000000000e+03 6.7485205251700505e-05
3.5770000000000000e+03 6.7414823241114671e-05
3.5800000000000000e+03 6.7344529718080934e-05
3.5830000000000000e+03 6.7274324497336763e-05
3.5860000000000000e+03 6.7204207394162176e-05
3.5890000000000000e+03 6.7134178224377745e-05
3.5920000000000000e+03 6.7064236804342594e-05
3.5950000000000000e+03 6.6994382950952188e-05
3.5980000000000000e+03 6.6924616481636598e-05
3.6010000000000000e+03 6.6854937214358239e-05
3.6040000000000000e+03 6.6785344967610106e-05
3.6070000000000000e+03 6.6715839560413568e-05
3.6100000000000000e+03 6.6646420812316510e-05
3.6130000000000000e+03 6.6577088543391433e-05
3.6160000000000000e+03 6.6507842574233317e-05
3.6190000000000000e+03 6.6438682725957830e-05
3.6220000000000000e+03 6.6369608820199280e-05
3.6250000000000000e+03 6.6300620679108789e-05
3.6280000000000000e+03 6.6231718125352217e-05
3.6310000000000000e+03 6.6162900982108414e-05
3.6340000000000000e+03 6.6094169073067214e-05
3.6370000000000000e+03 6.6025522222427579e-05
3.6400000000000000e+03 6.5956960254895635e-05
3.6430000000000000e+03 6.5888482995682949e-05
3.6460000000000000e+03 6.5820090270504454e-05
3.6490000000000000e+03 6.5751781905576759e-05
3.6520000000000000e+03 6.5683557727616208e-05
3.6550000000000000e+03 6.5615417563837105e-05
3.6580000000000000e+03 6.5547361241949685e-05
3.6610000000000000e+03 6.5479388590158574e-05
3.6640000000000000e+03 6.5411499437160710e-05
3.6670000000000000e+03 6.5343693612143701e-05
3.6700000000000000e+03 6.5275970944783939e-05
3.6730000000000000e+03 6.5208331265244812e-05
3.6760000000000000e+03 6.5140774404174931e-05
3.6790000000000000e+03 6.5073300192706324e-05
3.6820000000000000e+03 6.5005908462452676e-05
3.6850000000000000e+03 6.4938599045507637e-05
3.6880000000000000e+03 6.4871371774442851e-05
3.6910000000000000e+03 6.4804226482306513e-05
3.6940000000000000e+03 6.4737163002621397e-05
3.6970000000000000e+03 6.4670181169383141e-05
3.7000000000000000e+03 6.4603280817058671e-05
3.7030000000000000e+03 6.4536461780584291e-05
3.7060000000000000e+03 6.4469723895364125e-05
3.7090000000000000e+03 6.4403066997268356e-05
3.7120000000000000e+03 6.4336490922631460e-05
3.7150000000000000e+03 6.4269995508250681e-05
3.7180000000000000e+03 6.4203580591384209e-05
3.7210000000000000e+03 6.4137246009749545e-05
3.7240000000000000e+03 6.4070991601521856e-05
3.7270000000000000e+03 6.4004817205332341e-05
3.7300000000000000e+03 6.3938722660266504e-05
3.7330000000000000e+03 6.3872707805862547e-05
3.7360000000000000e+03 6.3806772482109751e-05
3.7390000000000000e+03 6.3740916529446843e-05
3.7420000000000000e+03 6.3675139788760363e-05
3.7450000000000000e+03 6.3609442101383097e-05
3.7480000000000000e+03 6.3543823309092313e-05
3.7510000000000000e+03 6.3478283254108392e-05
3.7540000000000000e+03 6.3412821779093066e-05
3.7570000000000000e+03 6.3347438727147834e-05
3.7600000000000000e+03 6.3282133941812524e-05
3.7630000000000000e+03 6.3216907267063559e-05
3.7660000000000000e+03 6.3151758547312466e-05
3.7690000000000000e+03 6.3086687627404356e-05
3.7720000000000000e+03 6.3021694352616289e-05
3.7750000000000000e+03 6.2956778568655711e-05
3.7780000000000000e+03 6.2891940121659101e-05
3.7810000000000000e+03 6.2827178858190194e-05
3.7840000000000000e+03 6.2762494625238615e-05
3.7870000000000000e+03 6.2697887270218316e-05
3.7900000000000000e+03 6.2633356640966103e-05
3.7930000000000000e+03 6.2568902585739982e-05
3.7960000000000000e+03 6.2504524953217868e-05
3.7990000000000000e+03 6.2440223592496005e-05
3.8020000000000000e+03 6.2375998353087387e-05
3.8050000000000000e+03 6.2311849084920422e-05
3.8080000000000000e+03 6.2247775638337401e-05
3.8110000000000000e+03 6.2183777864093000e-05
3.8140000000000000e+03 6.2119855613352879e-05
3.8170000000000000e+03 6.2056008737692173e-05
3.8200000000000000e+03 6.1992237089094111e-05
3.8230000000000000e+03 6.1928540519948496e-05
3.8260000000000000e+03 6.1864918883050300e-05
3.8290000000000000e+03 6.1801372031598304e-05
3.8320000000000000e+03 6.1737899819193557e-05
3.8350000000000000e+03 6.1674502099838085e-05
3.8380000000000000e+03 6.1611178727933322e-05
3.8410000000000000e+03 6.1547929558278819e-05
3.8440000000000000e+03 6.1484754446070920e-05
3.8470000000000000e+03 6.1421653246901132e-05
3.8500000000000000e+03 6.1358625816755030e-05
3.8530000000000000e+03 6.1295672012010561e-05
3.8560000000000000e+03 6.1232791689436961e-05
3.8590000000000000e+03 6.1169984706193223e-05
3.8620000000000000e+03 6.1107250919826769e-05
3.8650000000000000e+03 6.1044590188272081e-05
3.8680000000000000e+03 6.0982002369849373e-05
3.8710000000000000e+03 6.0919487323263256e-05
3.8740000000000000e+03 6.0857044907601350e-05
3.8770000000000000e+03 6.0794674982333001e-05
3.8800000000000000e+03 6.0732377407307934e-05
3.8830000000000000e+03 6.0670152042754899e-05
3.8860000000000000e+03 6.0607998749280399e-05
3.8890000000000000e+03 6.0545917387867356e-05
3.8920000000000000e+03 6.0483907819873816e-05
3.8950000000000000e+03 6.0421969907031673e-05
3.8980000000000000e+03 6.0360103511445283e-05
3.9010000000000000e+03 6.0298308495590263e-05
3.9040000000000000e+03 6.0236584722312165e-05
3.9070000000000000e+03 6.0174932054825285e-05
3.9100000000000000e+03 6.0113350356711239e-05
3.9130000000000000e+03 6.0051839491917765e-05
3.9160000000000000e+03 5.9990399324757546e-05
3.9190000000000000e+03 5.9929029719906781e-05
3.9220000000000000e+03 5.9867730542404099e-05
3.9250000000000000e+03 5.9806501657649242e-05
3.9280000000000000e+03 5.9745342931401766e-05
3.9310000000000000e+03 5.9684254229779921e-05
3.9340000000000000e+03 5.9623235419259290e-05
3.9370000000000000e+03 5.9562286366671712e-05
3.9400000000000000e+03 5.9501406939203978e-05
3.9430000000000000e+03 5.9440597004396535e-05
3.9460000000000000e+03 5.9379856430142450e-05
3.9490000000000000e+03 5.9319185084686088e-05
3.9520000000000000e+03 5.9258582836621929e-05
3.9550000000000000e+03 5.9198049554893403e-05
3.9580000000000000e+03 5.9137585108791665e-05
3.9610000000000000e+03 5.9077189367954420e-05
3.9640000000000000e+03 5.9016862202364760e-05
3.9670000000000000e+03 5.8956603482349971e-05
3.9700000000000000e+03 5.8896413078580374e-05
3.9730000000000000e+03 5.8836290862068131e-05
3.9760000000000000e+03 5.8776236704166143e-05
3.9790000000000000e+03 5.8716250476566827e-05
3.9820000000000000e+03 5.8656332051300981e-05
3.9850000000000000e+03 5.8596481300736692e-05
3.9880000000000000e+03 5.8536698097578093e-05
3.9910000000000000e+03 5.8476982314864339e-05
3.9940000000000000e+03 5.8417333825968428e-05
3.9970000000000000e+03 5.8357752504596034e-05
4.0000000000000000e+03 5.8298238224784392e-05
4.0030000000000000e+03 5.8238790860901229e-05
4.0060000000000000e+03 5.8179410287643683e-05
4.0090000000000000e+03 5.8120096380037034e-05
4.0120000000000000e+03 5.8060849013433731e-05
4.0150000000000000e+03 5.8001668063512350e-05
4.0180000000000000e+03 5.7942553406276285e-05
4.0210000000000000e+03 5.7883504918052824e-05
4.0240000000000000e+03 5.7824522475492071e-05
4.0270000000000000e+03 5.7765605955565727e-05
4.0300000000000000e+03 5.7706755235566196e-05
4.0330000000000000e+03 5.7647970193105310e-05
4.0360000000000000e+03 5.7589250706113449e-05
4.0390000000000000e+03 5.7530596652838301e-05
4.0420000000000000e+03 5.7472007911844006e-05
4.0450000000000000e+03 5.7413484362009906e-05
4.0480000000000000e+03 5.7355025882529581e-05
4.0510000000000000e+03 5.7296632352909803e-05
4.0540000000000000e+03 5.7238303652969492e-05
4.0570000000000000e+03 5.7180039662838651e-05
4.0600000000000000e+03 5.7121840262957389e-05
4.0630000000000000e+03 5.7063705334074776e-05
4.0660000000000000e+03 5.7005634757247971e-05
4.0690000000000000e+03 5.6947628413841060e-05
4.0720000000000000e+03 5.6889686185524149e-05
4.0750000000000000e+03 5.6831807954272251e-05
4.0780000000000000e+03 5.6773993602364360e-05
4.0810000000000000e+03 5.6716243012382370e-05
4.0840000000000000e+03 5.6658556067210173e-05
4.0870000000000000e+03 5.6600932650032562e-05
4.0900000000000000e+03 5.6543372644334292e-05
4.0930000000000000e+03 5.6485875933899041e-05
4.0960000000000000e+03 5.6428442402808495e-05
4.0990000000000000e+03 5.6371071935441347e-05
4.1020000000000000e+03 5.6313764416472261e-05
4.1050000000000000e+03 5.6256519730870942e-05
4.1080000000000000e+03 5.6199337763901194e-05
4.1110000000000000e+03 5.6142218401119928e-05
4.1140000000000000e+03 5.6085161528376167e-05
4.1170000000000000e+03 5.6028167031810102e-05
4.1200000000000000e+03 5.5971234797852259e-05
4.1230000000000000e+03 5.5914364713222297e-05
4.1260000000000000e+03 5.5857556664928282e-05
4.1290000000000000e+03 5.5800810540265712e-05
4.1320000000000000e+03 5.5744126226816434e-05
4.1350000000000000e+03 5.5687503612447918e-05
4.1380000000000000e+03 5.5630942585312097e-05
4.1410000000000000e+03 5.5574443033844691e-05
4.1440000000000000e+03 5.5518004846764062e-05
4.1470000000000000e+03 5.5461627913070385e-05
4.1500000000000000e+03 5.5405312122044772e-05
4.1530000000000000e+03 5.5349057363248301e-05
4.1560000000000000e+03 5.5292863526521073e-05
4.1590000000000000e+03 5.5236730501981447e-05
4.1620000000000000e+03 5.5180658180024957e-05
4.1650000000000000e+03 5.5124646451323545e-05
4.1680000000000000e+03 5.5068695206824619e-05
4.1710000000000000e+03 5.5012804337750126e-05
4.1740000000000000e+03 5.4956973735595750e-05
4.1770000000000000e+03 5.4901203292129971e-05
4.1800000000000000e+03 5.4845492899393170e-05
4.1830000000000000e+03 5.4789842449696781e-05
4.1860000000000000e+03 5.4734251835622405e-05
4.1890000000000000e+03 5.4678720950020956e-05
4.1920000000000000e+03 5.4623249686011743e-05
4.1950000000000000e+03 5.4567837936981711e-05
4.1980000000000000e+03 5.4512485596584457e-05
4.2010000000000000e+03 5.4457192558739425e-05
4.2040000000000000e+03 5.4401958717631097e-05
4.2070000000000000e+03 5.4346783967708077e-05
4.2100000000000000e+03 5.4291668203682238e-05
4.2130000000000000e+03 5.4236611320527972e-05
4.2160000000000000e+03 5.4181613213481229e-05
4.2190000000000000e+03 5.4126673778038784e-05
4.2220000000000000e+03 5.4071792909957281e-05
4.2250000000000000e+03 5.4016970505252598e-05
4.2280000000000000e+03 5.3962206460198753e-05
4.2310000000000000e+03 5.3907500671327318e-05
4.2340000000000000e+03 5.3852853035426494e-05
4.2370000000000000e+03 5.3798263449540282e-05
4.2400000000000000e+03 5.3743731810967697e-05
4.2430000000000000e+03 5.3689258017261975e-05
4.2460000000000000e+03 5.3634841966229689e-05
4.2490000000000000e+03 5.3580483555929997e-05
4.2520000000000000e+03 5.3526182684673936e-05
4.2550000000000000e+03 5.3471939251023376e-05
4.2580000000000000e+03 5.3417753153790487e-05
4.2610000000000000e+03 5.3363624292036751e-05
4.2640000000000000e+03 5.3309552565072312e-05
4.2670000000000000e+03 5.3255537872455123e-05
4.2700000000000000e+03 5.3201580113990110e-05
4.2730000000000000e+03 5.3147679189728552e-05
4.2760000000000000e+03 5.3093834999967087e-05
4.2790000000000000e+03 5.3040047445247133e-05
4.2820000000000000e+03 5.2986316426354022e-05
4.2850000000000000e+03 5.2932641844316236e-05
4.2880000000000000e+03 5.2879023600404610e-05
4.2910000000000000e+03 5.2825461596131682e-05
4.2940000000000000e+03 5.2771955733250821e-05
4.2970000000000000e+03 5.2718505913755529e-05
4.3000000000000000e+03 5.2665112039878648e-05
4.3030000000000000e+03 5.2611774014091618e-05
4.3060000000000000e+03 5.2558491739103783e-05
4.3090000000000000e+03 5.2505265117861542e-05
4.3120000000000000e+03 5.2452094053547752e-05
4.3150000000000000e+03 5.2398978449580847e-05
4.3180000000000000e+03 5.2345918209614111e-05
4.3210000000000000e+03 5.2292913237535094e-05
4.3240000000000000e+03 5.2239963437464694e-05
4.3270000000000000e+03 5.2187068713756575e-05
4.3300000000000000e+03 5.2134228970996344e-05
4.3330000000000000e+03 5.2081444114000822e-05
4.3360000000000000e+03 5.2028714047817460e-05
4.3390000000000000e+03 5.1976038677723457e-05
4.3420000000000000e+03 5.1923417909225127e-05
4.3450000000000000e+03 5.1870851648057181e-05
4.3480000000000000e+03 5.1818339800182008e-05
4.3510000000000000e+03 5.1765882271788955e-05
4.3540000000000000e+03 5.1713478969293661e-05
4.3570000000000000e+03 5.1661129799337354e-05
4.3600000000000000e+03 5.1608834668786105e-05
4.3630000000000000e+03 5.1556593484730130e-05
4.3660000000000000e+03 5.1504406154483167e-05
4.3690000000000000e+03 5.1452272585581746e-05
4.3720000000000000e+03 5.1400192685784486e-05
4.3750000000000000e+03 5.1348166363071448e-05
4.3780000000000000e+03 5.1296193525643378e-05
4.3810000000000000e+03 5.1244274081921112e-05
4.3840000000000000e+03 5.1192407940544857e-05
4.3870000000000000e+03 5.1140595010373513e-05
4.3900000000000000e+03 5.1088835200484039e-05
4.3930000000000000e+03 5.1037128420170710e-05
4.3960000000000000e+03 5.0985474578944496e-05
4.3990000000000000e+03 5.0933873586532426e-05
4.4020000000000000e+03 5.0882325352876888e-05
4.4050000000000000e+03 5.0830829788134912e-05
4.4080000000000000e+03 5.0779386802677632e-05
4.4110000000000000e+03 5.0727996307089608e-05
4.4140000000000000e+03 5.0676658212168032e-05
4.4170000000000000e+03 5.0625372428922260e-05
4.4200000000000000e+03 5.0574138868573047e-05
4.4230000000000000e+03 5.0522957442551994e-05
4.4260000000000000e+03 5.0471828062500803e-05
4.4290000000000000e+03 5.0420750640270687e-05
4.4320000000000000e+03 5.0369725087921784e-05
4.4350000000000000e+03 5.0318751317722393e-05
4.4380000000000000e+03 5.0267829242148457e-05
4.4410000000000000e+03 5.0216958773882886e-05
4.4440000000000000e+03 5.0166139825814956e-05
4.4470000000000000e+03 5.0115372311039573e-05
4.4500000000000000e+03 5.0064656142856865e-05
4.4530000000000000e+03 5.0013991234771310e-05
4.4560000000000000e+03 4.9963377500491318e-05
4.4590000000000000e+03 4.9912814853928452e-05
4.4620000000000000e+03 4.9862303209196992e-05
4.4650000000000000e+03 4.9811842480613146e-05
4.4680000000000000e+03 4.9761432582694532e-05
4.4710000000000000e+03 4.9711073430159575e-05
4.4740000000000000e+03 4.9660764937926866e-05
4.4770000000000000e+03 4.9610507021114574e-05
4.4800000000000000e+03 4.9560299595039871e-05
4.4830000000000000e+03 4.9510142575218218e-05
4.4860000000000000e+03 4.9460035877362961e-05
4.4890000000000000e+03 4.9409979417384571e-05
4.4920000000000000e+03 4.9359973111390106e-05
4.4950000000000000e+03 4.9310016875682676e-05
4.4980000000000000e+03 4.9260110626760749e-05
4.5010000000000000e+03 4.9210254281317632e-05
4.5040000000000000e+03 4.9160447756240902e-05
4.5070000000000000e+03 4.9110690968611750e-05
4.5100000000000000e+03 4.9060983835704475e-05
4.5130000000000000e+03 4.9011326274985899e-05
4.5160000000000000e+03 4.8961718204114732e-05
4.5190000000000000e+03 4.8912159540941034e-05
4.5220000000000000e+03 4.8862650203505695e-05
4.5250000000000000e+03 4.8813190110039807e-05
4.5280000000000000e+03 4.8763779178964040e-05
4.5310000000000000e+03 4.8714417328888218e-05
4.5340000000000000e+03 4.8665104478610668e-05
4.5370000000000000e+03 4.8615840547117641e-05
4.5400000000000000e+03 4.8566625453582855e-05
4.5430000000000000e+03 4.8517459117366754e-05
4.5460000000000000e+03 4.8468341458016183e-05
4.5490000000000000e+03 4.8419272395263679e-05
4.5520000000000000e+03 4.8370251849026950e-05
4.5550000000000000e+03 4.8321279739408328e-05
4.5580000000000000e+03 4.8272355986694239e-05
4.5610000000000000e+03 4.8223480511354700e-05
4.5640000000000000e+03 4.8174653234042606e-05
4.5670000000000000e+03 4.8125874075593457e-05
4.5700000000000000e+03 4.8077142957024569e-05
4.5730000000000000e+03 4.8028459799534650e-05
4.5760000000000000e+03 4.7979824524503296e-05
4.5790000000000000e+03 4.7931237053490389e-05
4.5820000000000000e+03 4.7882697308235588e-05
4.5850000000000000e+03 4.7834205210657823e-05
4.5880000000000000e+03 4.7785760682854709e-05
4.5910000000000000e+03 4.7737363647102076e-05
4.5940000000000000e+03 4.7689014025853494e-05
4.5970000000000000e+03 4.7640711741739558e-05
4.6000000000000000e+03 4.7592456717567643e-05
4.6030000000000000e+03 4.7544248876321086e-05
4.6060000000000000e+03 4.7496088141158964e-05
4.6090000000000000e+03 4.7447974435415307e-05
4.6120000000000000e+03 4.7399907682598840e-05
4.6150000000000000e+03 4.7351887806392280e-05
4.6180000000000000e+03 4.7303914730651872e-05
4.6210000000000000e+03 4.7255988379406959e-05
4.6240000000000000e+03 4.7208108676859401e-05
4.6270000000000000e+03 4.7160275547383117e-05
4.6300000000000000e+03 4.7112488915523530e-05
4.6330000000000000e+03 4.7064748705997064e-05
4.6360000000000000e+03 4.7017054843690787e-05
4.6390000000000000e+03 4.6969407253661699e-05
4.6420000000000000e+03 4.6921805861136414e-05
4.6450000000000000e+03 4.6874250591510554e-05
4.6480000000000000e+03 4.6826741370348333e-05
4.6510000000000000e+03 4.6779278123382005e-05
4.6540000000000000e+03 4.6731860776511440e-05
4.6570000000000000e+03 4.6684489255803598e-05
4.6600000000000000e+03 4.6637163487492032e-05
4.6630000000000000e+03 4.6589883397976458e-05
4.6660000000000000e+03 4.6542648913822236e-05
4.6690000000000000e+03 4.6495459961759850e-05
4.6720000000000000e+03 4.6448316468684564e-05
4.6750000000000000e+03 4.6401218361655795e-05
4.6780000000000000e+03 4.6354165567896724e-05
4.6810000000000000e+03 4.6307158014793825e-05
4.6840000000000000e+03 4.6260195629896330e-05
4.6870000000000000e+03 4.6213278340915826e-05
4.6900000000000000e+03 4.6166406075725818e-05
4.6930000000000000e+03 4.6119578762361099e-05
4.6960000000000000e+03 4.6072796329017507e-05
4.6990000000000000e+03 4.6026058704051266e-05
4.7020000000000000e+03 4.5979365815978673e-05
4.7050000000000000e+03 4.5932717593475581e-05
4.7080000000000000e+03 4.5886113965376897e-05
4.7110000000000000e+03 4.5839554860676190e-05
4.7140000000000000e+03 4.5793040208525196e-05
4.7170000000000000e+03 4.5746569938233407e-05
4.7200000000000000e+03 4.5700143979267608e-05
4.7230000000000000e+03 4.5653762261251391e-05
4.7260000000000000e+03 4.5607424713964727e-05
4.7290000000000000e+03 4.5561131267343539e-05
4.7320000000000000e+03 4.5514881851479228e-05
4.7350000000000000e+03 4.5468676396618273e-05
4.7380000000000000e+03 4.5422514833161745e-05
4.7410000000000000e+03 4.5376397091664835e-05
4.7440000000000000e+03 4.5330323102836554e-05
4.7470000000000000e+03 4.5284292797539139e-05
4.7500000000000000e+03 4.5238306106787687e-05
4.7530000000000000e+03 4.5192362961749744e-05
4.7560000000000000e+03 4.5146463293744817e-05
4.7590000000000000e+03 4.5100607034243969e-05
4.7620000000000000e+03 4.5054794114869402e-05
4.7650000000000000e+03 4.5009024467394049e-05
4.7680000000000000e+03 4.4963298023741031e-05
4.7710000000000000e+03 4.4917614715983408e-05
4.7740000000000000e+03 4.4871974476343590e-05
4.7770000000000000e+03 4.4826377237193036e-05
4.7800000000000000e+03 4.4780822931051755e-05
4.7830000000000000e+03 4.4735311490587939e-05
4.7860000000000000e+03 4.4689842848617511e-05
4.7890000000000000e+03 4.4644416938103720e-05
4.7920000000000000e+03 4.4599033692156715e-05
4.7950000000000000e+03 4.4553693044033185e-05
4.7980000000000000e+03 4.4508394927135836e-05
4.8010000000000000e+03 4.4463139275013110e-05
4.8040000000000000e+03 4.4417926021358666e-05
4.8070000000000000e+03 4.4372755100011064e-05
4.8100000000000000e+03 4.4327626444953289e-05
4.8130000000000000e+03 4.4282539990312340e-05
4.8160000000000000e+03 4.4237495670358928e-05
4.8190000000000000e+03 4.4192493419506940e-05
4.8220000000000000e+03 4.4147533172313133e-05
4.8250000000000000e+03 4.4102614863476688e-05
4.8280000000000000e+03 4.4057738427838836e-05
4.8310000000000000e+03 4.4012903800382460e-05
4.8340000000000000e+03 4.3968110916231647e-05
4.8370000000000000e+03 4.3923359710651374e-05
4.8400000000000000e+03 4.3878650119047059e-05
4.8430000000000000e+03 4.3833982076964197e-05
4.8460000000000000e+03 4.3789355520087969e-05
4.8490000000000000e+03 4.3744770384242822e-05
4.8520000000000000e+03 4.3700226605392103e-05
4.8550000000000000e+03 4.3655724119637727e-05
4.8580000000000000e+03 4.3611262863219669e-05
4.8610000000000000e+03 4.3566842772515677e-05
4.8640000000000000e+03 4.3522463784040856e-05
4.8670000000000000e+03 4.3478125834447347e-05
4.8700000000000000e+03 4.3433828860523825e-05
4.8730000000000000e+03 4.3389572799195181e-05
4.8760000000000000e+03 4.3345357587522234e-05
4.8790000000000000e+03 4.3301183162701204e-05
4.8820000000000000e+03 4.3257049462063435e-05
4.8850000000000000e+03 4.3212956423074974e-05
4.8880000000000000e+03 4.3168903983336230e-05
4.8910000000000000e+03 4.3124892080581621e-05
4.8940000000000000e+03 4.3080920652679121e-05
4.8970000000000000e+03 4.3036989637630022e-05
4.9000000000000000e+03 4.2993098973568382e-05
4.9030000000000000e+03 4.2949248598760879e-05
4.9060000000000000e+03 4.2905438451606243e-05
4.9090000000000000e+03 4.2861668470635035e-05
4.9120000000000000e+03 4.2817938594509264e-05
4.9150000000000000e+03 4.2774248762021928e-05
4.9180000000000000e+03 4.2730598912096782e-05
4.9210000000000000e+03 4.2686988983787833e-05
4.9240000000000000e+03 4.2643418916279193e-05
4.9270000000000000e+03 4.2599888648884482e-05
4.9300000000000000e+03 4.2556398121046699e-05
4.9330000000000000e+03 4.2512947272337653e-05
4.9360000000000000e+03 4.2469536042457793e-05
4.9390000000000000e+03 4.2426164371235742e-05
4.9420000000000000e+03 4.2382832198628011e-05
4.9450000000000000e+03 4.2339539464718619e-05
4.9480000000000000e+03 4.2296286109718731e-05
4.9510000000000000e+03 4.2253072073966339e-05
4.9540000000000000e+03 4.2209897297925925e-05
4.9570000000000000e+03 4.2166761722188081e-05
4.9600000000000000e+03 4.2123665287469195e-05
4.9630000000000000e+03 4.2080607934611062e-05
4.9660000000000000e+03 4.2037589604580631e-05
4.9690000000000000e+03 4.1994610238469577e-05
4.9720000000000000e+03 4.1951669777494052e-05
4.9750000000000000e+03 4.1908768162994211e-05
4.9780000000000000e+03 4.1865905336433987e-05
4.9810000000000000e+03 4.1823081239400775e-05
4.9840000000000000e+03 4.1780295813604978e-05
4.9870000000000000e+03 4.1737549000879795e-05
4.9900000000000000e+03 4.1694840743180835e-05
4.9930000000000000e+03 4.1652170982585763e-05
4.9960000000000000e+03 4.1609539661293999e-05
4.9990000000000000e+03 4.1566946721626408e-05
5.0020000000000000e+03 4.1524392106024940e-05
5.0050000000000000e+03 4.1481875757052310e-05
5.0080000000000000e+03 4.1439397617391683e-05
5.0110000000000000e+03 4.1396957629846353e-05
5.0140000000000000e+03 4.1354555737339371e-05
5.0170000000000000e+03 4.1312191882913327e-05
5.0200000000000000e+03 4.1269866009729891e-05
5.0230000000000000e+03 4.1227578061069617e-05
5.0260000000000000e+03 4.1185327980331512e-05
5.0290000000000000e+03 4.1143115711032880e-05
5.0320000000000000e+03 4.1100941196808800e-05
5.0350000000000000e+03 4.1058804381411968e-05
5.0380000000000000e+03 4.1016705208712283e-05
5.0410000000000000e+03 4.0974643622696634e-05
5.0440000000000000e+03 4.0932619567468477e-05
5.0470000000000000e+03 4.0890632987247595e-05
5.0500000000000000e+03 4.0848683826369789e-05
5.0530000000000000e+03 4.0806772029286497e-05
5.0560000000000000e+03 4.0764897540564567e-05
5.0590000000000000e+03 4.0723060304885918e-05
5.0620000000000000e+03 4.0681260267047239e-05
5.0650000000000000e+03 4.0639497371959612e-05
5.0680000000000000e+03 4.0597771564648372e-05
5.0710000000000000e+03 4.0556082790252595e-05
5.0740000000000000e+03 4.0514430994024980e-05
5.0770000000000000e+03 4.0472816121331439e-05
5.0800000000000000e+03 4.0431238117650834e-05
5.0830000000000000e+03 4.0389696928574667e-05
5.0860000000000000e+03 4.0348192499806752e-05
5.0890000000000000e+03 4.0306724777162999e-05
5.0920000000000000e+03 4.0265293706571035e-05
5.0950000000000000e+03 4.0223899234069935e-05
5.0980000000000000e+03 4.0182541305809938e-05
5.1010000000000000e+03 4.0141219868052151e-05
5.1040000000000000e+03 4.0099934867168227e-05
5.1070000000000000e+03 4.0058686249640137e-05
5.1100000000000000e+03 4.0017473962059798e-05
5.1130000000000000e+03 3.9976297951128828e-05
5.1160000000000000e+03 3.9935158163658273e-05
5.1190000000000000e+03 3.9894054546568245e-05
5.1220000000000000e+03 3.9852987046887763e-05
5.1250000000000000e+03 3.9811955611754328e-05
5.1280000000000000e+03 3.9770960188413663e-05
5.1310000000000000e+03 3.9730000724219595e-05
5.1340000000000000e+03 3.9689077166633474e-05
5.1370000000000000e+03 3.9648189463224193e-05
5.1400000000000000e+03 3.9607337561667687e-05
5.1430000000000000e+03 3.9566521409746752e-05
5.1460000000000000e+03 3.9525740955350744e-05
5.1490000000000000e+03 3.9484996146475308e-05
5.1520000000000000e+03 3.9444286931222072e-05
5.1550000000000000e+03 3.9403613257798447e-05
5.1580000000000000e+03 3.9362975074517196e-05
5.1610000000000000e+03 3.9322372329796308e-05
5.1640000000000000e+03 3.9281804972158719e-05
5.1670000000000000e+03 3.9241272950231874e-05
5.1700000000000000e+03 3.9200776212747700e-05
5.1730000000000000e+03 3.9160314708542041e-05
5.1760000000000000e+03 3.9119888386554746e-05
5.1790000000000000e+03 3.9079497195828999e-05
5.1820000000000000e+03 3.9039141085511394e-05
5.1850000000000000e+03 3.8998820004851450e-05
5.1880000000000000e+03 3.8958533903201437e-05
5.1910000000000000e+03 3.8918282730016105e-05
5.1940000000000000e+03 3.8878066434852366e-05
5.1970000000000000e+03 3.8837884967369067e-05
5.2000000000000000e+03 3.8797738277326732e-05
5.2030000000000000e+03 3.8757626314587292e-05
5.2060000000000000e+03 3.8717549029113800e-05
5.2090000000000000e+03 3.8677506370970195e-05
5.2120000000000000e+03 3.8637498290321009e-05
5.2150000000000000e+03 3.8597524737431177e-05
5.2180000000000000e+03 3.8557585662665686e-05
5.2210000000000000e+03 3.8517681016489353e-05
5.2240000000000000e+03 3.8477810749466610e-05
5.2270000000000000e+03 3.8437974812261177e-05
5.2300000000000000e+03 3.8398173155635887e-05
5.2330000000000000e+03 3.8358405730452288e-05
5.2360000000000000e+03 3.8318672487670586e-05
5.2390000000000000e+03 3.8278973378349238e-05
5.2420000000000000e+03 3.8239308353644706e-05
5.2450000000000000e+03 3.8199677364811361e-05
5.2480000000000000e+03 3.8160080363200958e-05
5.2510000000000000e+03 3.8120517300262706e-05
5.2540000000000000e+03 3.8080988127542756e-05
5.2570000000000000e+03 3.8041492796684058e-05
5.2600000000000000e+03 3.8002031259426125e-05
5.2630000000000000e+03 3.7962603467604792e-05
5.2660000000000000e+03 3.7923209373151902e-05
5.2690000000000000e+03 3.7883848928095135e-05
5.2720000000000000e+03 3.7844522084557673e-05
5.2750000000000000e+03 3.7805228794758070e-05
5.2780000000000000e+03 3.7765969011009930e-05
5.2810000000000000e+03 3.7726742685721669e-05
5.2840000000000000e+03 3.7687549771396302e-05
5.2870000000000000e+03 3.7648390220631188e-05
5.2900000000000000e+03 3.7609263986117781e-05
5.2930000000000000e+03 3.7570171020641389e-05
5.2960000000000000e+03 3.7531111277080998e-05
5.2990000000000000e+03 3.7492084708408893e-05
5.3020000000000000e+03 3.7453091267690524e-05
5.3050000000000000e+03 3.7414130908084331e-05
5.3080000000000000e+03 3.7375203582841313e-05
5.3110000000000000e+03 3.7336309245304978e-05
5.3140000000000000e+03 3.7297447848911011e-05
5.3170000000000000e+03 3.7258619347187097e-05
5.3200000000000000e+03 3.7219823693752607e-05
5.3230000000000000e+03 3.7181060842318436e-05
5.3260000000000000e+03 3.7142330746686771e-05
5.3290000000000000e+03 3.7103633360750809e-05
5.3320000000000000e+03 3.7064968638494538e-05
5.3350000000000000e+03 3.7026336533992589e-05
5.3380000000000000e+03 3.6987737001409862e-05
5.3410000000000000e+03 3.6949169995001442e-05
5.3440000000000000e+03 3.6910635469112306e-05
5.3470000000000000e+03 3.6872133378177022e-05
5.3500000000000000e+03 3.6833663676719712e-05
5.3530000000000000e+03 3.6795226319353601e-05
5.3560000000000000e+03 3.6756821260780971e-05
5.3590000000000000e+03 3.6718448455792869e-05
5.3620000000000000e+03 3.6680107859268840e-05
5.3650000000000000e+03 3.6641799426176797e-05
5.3680000000000000e+03 3.6603523111572704e-05
5.3710000000000000e+03 3.6565278870600447e-05
5.3740000000000000e+03 3.6527066658491557e-05
5.3770000000000000e+03 3.6488886430564923e-05
5.3800000000000000e+03 3.6450738142226770e-05
5.3830000000000000e+03 3.6412621748970251e-05
5.3860000000000000e+03 3.6374537206375292e-05
5.3890000000000000e+03 3.6336484470108391e-05
5.3920000000000000e+03 3.6298463495922419e-05
5.3950000000000000e+03 3.6260474239656343e-05
5.3980000000000000e+03 3.6222516657235007e-05
5.4010000000000000e+03 3.6184590704669055e-05
5.4040000000000000e+03 3.6146696338054529e-05
5.4070000000000000e+03 3.6108833513572731e-05
5.4100000000000000e+03 3.6071002187490126e-05
5.4130000000000000e+03 3.6033202316157892e-05
5.4160000000000000e+03 3.5995433856011938e-05
5.4190000000000000e+03 3.5957696763572540e-05
5.4220000000000000e+03 3.5919990995444213e-05
5.4250000000000000e+03 3.5882316508315487e-05
5.4280000000000000e+03 3.5844673258958618e-05
5.4310000000000000e+03 3.5807061204229555e-05
5.4340000000000000e+03 3.5769480301067530e-05
5.4370000000000000e+03 3.5731930506494970e-05
5.4400000000000000e+03 3.5694411777617335e-05
5.4430000000000000e+03 3.5656924071622727e-05
5.4460000000000000e+03 3.5619467345781885e-05
5.4490000000000000e+03 3.5582041557447898e-05
5.4520000000000000e+03 3.5544646664055946e-05
5.4550000000000000e+03 3.5507282623123191e-05
5.4580000000000000e+03 3.5469949392248515e-05
5.4610000000000000e+03 3.5432646929112367e-05
5.4640000000000000e+03 3.5395375191476502e-05
5.4670000000000000e+03 3.5358134137183778e-05
5.4700000000000000e+03 3.5320923724158091e-05
5.4730000000000000e+03 3.5283743910403961e-05
5.4760000000000000e+03 3.5246594654006511e-05
5.4790000000000000e+03 3.5209475913131177e-05
5.4820000000000000e+03 3.5172387646023525e-05
5.4850000000000000e+03 3.5135329811009078e-05
5.4880000000000000e+03 3.5098302366493133e-05
5.4910000000000000e+03 3.5061305270960456e-05
5.4940000000000000e+03 3.5024338482975232e-05
5.4970000000000000e+03 3.4987401961180794e-05
5.5000000000000000e+03 3.4950495664299456e-05
5.5030000000000000e+03 3.4913619551132229e-05
5.5060000000000000e+03 3.4876773580558778e-05
5.5090000000000000e+03 3.4839957711537153e-05
5.5120000000000000e+03 3.4803171903103513e-05
5.5150000000000000e+03 3.4766416114372132e-05
5.5180000000000000e+03 3.4729690304535002e-05
5.5210000000000000e+03 3.4692994432861807e-05
5.5240000000000000e+03 3.4656328458699592e-05
5.5270000000000000e+03 3.4619692341472708e-05
5.5300000000000000e+03 3.4583086040682511e-05
5.5330000000000000e+03 3.4546509515907226e-05
5.5360000000000000e+03 3.4509962726801814e-05
5.5390000000000000e+03 3.4473445633097650e-05
5.5420000000000000e+03 3.4436958194602426e-05
5.5450000000000000e+03 3.4400500371200036e-05
5.5480000000000000e+03 3.4364072122850184e-05
5.5510000000000000e+03 3.4327673409588426e-05
5.5540000000000000e+03 3.4291304191525797e-05
5.5570000000000000e+03 3.4254964428848774e-05
5.5600000000000000e+03 3.4218654081818997e-05
5.5630000000000000e+03 3.4182373110773139e-05
5.5660000000000000e+03 3.4146121476122748e-05
5.5690000000000000e+03 3.4109899138353908e-05
5.5720000000000000e+03 3.4073706058027268e-05
5.5750000000000000e+03 3.4037542195777763e-05
5.5780000000000000e+03 3.4001407512314389e-05
5.5810000000000000e+03 3.3965301968420135e-05
5.5840000000000000e+03 3.3929225524951680e-05
5.5870000000000000e+03 3.3893178142839322e-05
5.5900000000000000e+03 3.3857159783086750e-05
5.5930000000000000e+03 3.3821170406770827e-05
5.5960000000000000e+03 3.3785209975041548e-05
5.5990000000000000e+03 3.3749278449121696e-05
5.6020000000000000e+03 3.3713375790306764e-05
5.6050000000000000e+03 3.3677501959964767e-05
5.6080000000000000e+03 3.3641656919536087e-05
5.6110000000000000e+03 3.3605840630533222e-05
5.6140000000000000e+03 3.3570053054540706e-05
5.6170000000000000e+03 3.3534294153214855e-05
5.6200000000000000e+03 3.3498563888283693e-05
5.6230000000000000e+03 3.3462862221546642e-05
5.6260000000000000e+03 3.3427189114874521e-05
5.6290000000000000e+03 3.3391544530209192e-05
5.6320000000000000e+03 3.3355928429563510e-05
5.6350000000000000e+03 3.3320340775021170e-05
5.6380000000000000e+03 3.3284781528736402e-05
5.6410000000000000e+03 3.3249250652933996e-05
5.6440000000000000e+03 3.3213748109908957e-05
5.6470000000000000e+03 3.3178273862026379e-05
5.6500000000000000e+03 3.3142827871721428e-05
5.6530000000000000e+03 3.3107410101498889e-05
5.6560000000000000e+03 3.3072020513933316e-05
5.6590000000000000e+03 3.3036659071668626e-05
5.6620000000000000e+03 3.3001325737418041e-05
5.6650000000000000e+03 3.2966020473963883e-05
5.6680000000000000e+03 3.2930743244157468e-05
5.6710000000000000e+03 3.2895494010918913e-05
5.6740000000000000e+03 3.2860272737236909e-05
5.6770000000000000e+03 3.2825079386168597e-05
5.6800000000000000e+03 3.2789913920839541e-05
5.6830000000000000e+03 3.2754776304443280e-05
5.6860000000000000e+03 3.2719666500241468e-05
5.6890000000000000e+03 3.2684584471563501e-05
5.6920000000000000e+03 3.2649530181806422e-05
5.6950000000000000e+03 3.2614503594434833e-05
5.6980000000000000e+03 3.2579504672980585e-05
5.7010000000000000e+03 3.2544533381042810e-05
5.7040000000000000e+03 3.2509589682287561e-05
5.7070000000000000e+03 3.2474673540447768e-05
5.7100000000000000e+03 3.2439784919323093e-05
5.7130000000000000e+03 3.2404923782779747e-05
5.7160000000000000e+03 3.2370090094750281e-05
5.7190000000000000e+03 3.2335283819233477e-05
5.7220000000000000e+03 3.2300504920294227e-05
5.7250000000000000e+03 3.2265753362063308e-05
5.7280000000000000e+03 3.2231029108737288e-05
5.7310000000000000e+03 3.2196332124578316e-05
5.7340000000000000e+03 3.2161662373913977e-05
5.7370000000000000e+03 3.2127019821137176e-05
5.7400000000000000e+03 3.2092404430705983e-05
5.7430000000000000e+03 3.2057816167143399e-05
5.7460000000000000e+03 3.2023254995037328e-05
5.7490000000000000e+03 3.1988720879040319e-05
5.7520000000000000e+03 3.1954213783869452e-05
5.7550000000000000e+03 3.1919733674306215e-05
5.7580000000000000e+03 3.1885280515196280e-05
5.7610000000000000e+03 3.1850854271449487e-05
5.7640000000000000e+03 3.1816454908039523e-05
5.7670000000000000e+03 3.1782082390003872e-05
5.7700000000000000e+03 3.1747736682443691e-05
5.7730000000000000e+03 3.1713417750523552e-05
5.7760000000000000e+03 3.1679125559471443e-05
5.7790000000000000e+03 3.1644860074578476e-05
5.7820000000000000e+03 3.1610621261198814e-05
5.7850000000000000e+03 3.1576409084749539e-05
5.7880000000000000e+03 3.1542223510710439e-05
5.7910000000000000e+03 3.1508064504623936e-05
5.7940000000000000e+03 3.1473932032094876e-05
5.7970000000000000e+03 3.1439826058790424e-05
5.8000000000000000e+03 3.1405746550439938e-05
5.8030000000000000e+03 3.1371693472834700e-05
5.8060000000000000e+03 3.1337666791828005e-05
5.8090000000000000e+03 3.1303666473334761e-05
5.8120000000000000e+03 3.1269692483331495e-05
5.8150000000000000e+03 3.1235744787856214e-05
5.8180000000000000e+03 3.1201823353008177e-05
5.8210000000000000e+03 3.1167928144947829e-05
5.8240000000000000e+03 3.1134059129896634e-05
5.8270000000000000e+03 3.1100216274136882e-05
5.8300000000000000e+03 3.1066399544011703e-05
5.8330000000000000e+03 3.1032608905924689e-05
5.8360000000000000e+03 3.0998844326339988e-05
5.8390000000000000e+03 3.0965105771782038e-05
5.8420000000000000e+03 3.0931393208835398e-05
5.8450000000000000e+03 3.0897706604144722e-05
5.8480000000000000e+03 3.0864045924414555e-05
5.8510000000000000e+03 3.0830411136409173e-05
5.8540000000000000e+03 3.0796802206952485e-05
5.8570000000000000e+03 3.0763219102927895e-05
5.8600000000000000e+03 3.0729661791278140e-05
5.8630000000000000e+03 3.0696130239005153e-05
5.8660000000000000e+03 3.0662624413169986e-05
5.8690000000000000e+03 3.0629144280892586e-05
5.8720000000000000e+03 3.0595689809351690e-05
5.8750000000000000e+03 3.0562260965784792e-05
5.8780000000000000e+03 3.0528857717487783e-05
5.8810000000000000e+03 3.0495480031815067e-05
5.8840000000000000e+03 3.0462127876179258e-05
5.8870000000000000e+03 3.0428801218051080e-05
5.8900000000000000e+03 3.0395500024959307e-05
5.8930000000000000e+03 3.0362224264490559e-05
5.8960000000000000e+03 3.0328973904289190e-05
5.8990000000000000e+03 3.0295748912057098e-05
5.9020000000000000e+03 3.0262549255553717e-05
5.9050000000000000e+03 3.0229374902595813e-05
5.9080000000000000e+03 3.0196225821057312e-05
5.9110000000000000e+03 3.0163101978869247e-05
5.9140000000000000e+03 3.0130003344019598e-05
5.9170000000000000e+03 3.0096929884553125e-05
5.9200000000000000e+03 3.0063881568571337e-05
5.9230000000000000e+03 3.0030858364232203e-05
5.9260000000000000e+03 2.9997860239750247e-05
5.9290000000000000e+03 2.9964887163396162e-05
5.9320000000000000e+03 2.9931939103496862e-05
5.9350000000000000e+03 2.9899016028435333e-05
5.9380000000000000e+03 2.9866117906650445e-05
5.9410000000000000e+03 2.9833244706636845e-05
5.9440000000000000e+03 2.9800396396944897e-05
5.9470000000000000e+03 2.9767572946180410e-05
5.9500000000000000e+03 2.9734774323004662e-05
5.9530000000000000e+03 2.9702000496134222e-05
5.9560000000000000e+03 2.9669251434340799e-05
5.9590000000000000e+03 2.9636527106451100e-05
5.9620000000000000e+03 2.9603827481346770e-05
5.9650000000000000e+03 2.9571152527964294e-05
5.9680000000000000e+03 2.9538502215294708e-05
5.9710000000000000e+03 2.9505876512383656e-05
5.9740000000000000e+03 2.9473275388331175e-05
5.9770000000000000e+03 2.9440698812291588e-05
5.9800000000000000e+03 2.9408146753473394e-05
5.9830000000000000e+03 2.9375619181139126e-05
5.9860000000000000e+03 2.9343116064605284e-05
5.9890000000000000e+03 2.9310637373242105e-05
5.9920000000000000e+03 2.9278183076473499e-05
5.9950000000000000e+03 2.9245753143777048e-05
5.9980000000000000e+03 2.9213347544683634e-05
6.0010000000000000e+03 2.9180966248777535e-05
6.0040000000000000e+03 2.9148609225696244e-05
6.0070000000000000e+03 2.9116276445130239e-05
6.0100000000000000e+03 2.9083967876823080e-05
6.0130000000000000e+03 2.9051683490571083e-05
6.0160000000000000e+03 2.9019423256223311e-05
6.0190000000000000e+03 2.8987187143681427e-05
6.0220000000000000e+03 2.8954975122899590e-05
6.0250000000000000e+03 2.8922787163884339e-05
6.0280000000000000e+03 2.8890623236694416e-05
6.0310000000000000e+03 2.8858483311440745e-05
6.0340000000000000e+03 2.8826367358286262e-05
6.0370000000000000e+03 2.8794275347445774e-05
6.0400000000000000e+03 2.8762207249185922e-05
6.0430000000000000e+03 2.8730163033824960e-05
6.0460000000000000e+03 2.8698142671732734e-05
6.0490000000000000e+03 2.8666146133330527e-05
6.0520000000000000e+03 2.8634173389090897e-05
6.0550000000000000e+03 2.8602224409537721e-05
6.0580000000000000e+03 2.8570299165245869e-05
6.0610000000000000e+03 2.8538397626841213e-05
6.0640000000000000e+03 2.8506519765000562e-05
6.0670000000000000e+03 2.8474665550451338e-05
6.0700000000000000e+03 2.8442834953971780e-05
6.0730000000000000e+03 2.8411027946390525e-05
6.0760000000000000e+03 2.8379244498586701e-05
6.0790000000000000e+03 2.8347484581489699e-05
6.0820000000000000e+03 2.8315748166079114e-05
6.0850000000000000e+03 2.8284035223384623e-05
6.0880000000000000e+03 2.8252345724485898e-05
6.0910000000000000e+03 2.8220679640512452e-05
6.0940000000000000e+03 2.8189036942643569e-05
6.0970000000000000e+03 2.8157417602108081e-05
6.1000000000000000e+03 2.8125821590184502e-05
6.1030000000000000e+03 2.8094248878200630e-05
6.1060000000000000e+03 2.8062699437533685e-05
6.1090000000000000e+03 2.8031173239610025e-05
6.1120000000000000e+03 2.7999670255905062e-05
6.1150000000000000e+03 2.7968190457943278e-05
6.1180000000000000e+03 2.7936733817298008e-05
6.1210000000000000e+03 2.7905300305591339e-05
6.1240000000000000e+03 2.7873889894494017e-05
6.1270000000000000e+03 2.7842502555725339e-05
6.1300000000000000e+03 2.7811138261053104e-05
6.1330000000000000e+03 2.7779796982293372e-05
6.1360000000000000e+03 2.7748478691310528e-05
6.1390000000000000e+03 2.7717183360016965e-05
6.1420000000000000e+03 2.7685910960373216e-05
6.1450000000000000e+03 2.7654661464387641e-05
6.1480000000000000e+03 2.7623434844116491e-05
6.1510000000000000e+03 2.7592231071663708e-05
6.1540000000000000e+03 2.7561050119180727e-05
6.1570000000000000e+03 2.7529891958866664e-05
6.1600000000000000e+03 2.7498756562967873e-05
6.1630000000000000e+03 2.7467643903778068e-05
6.1660000000000000e+03 2.7436553953638185e-05
6.1690000000000000e+03 2.7405486684936115e-05
6.1720000000000000e+03 2.7374442070106889e-05
6.1750000000000000e+03 2.7343420081632320e-05
6.1780000000000000e+03 2.7312420692040962e-05
6.1810000000000000e+03 2.7281443873908158e-05
6.1840000000000000e+03 2.7250489599855732e-05
6.1870000000000000e+03 2.7219557842552002e-05
6.1900000000000000e+03 2.7188648574711686e-05
6.1930000000000000e+03 2.7157761769095690e-05
6.1960000000000000e+03 2.7126897398511147e-05
6.1990000000000000e+03 2.7096055435811275e-05
6.2020000000000000e+03 2.7065235853895180e-05
6.2050000000000000e+03 2.7034438625707921e-05
6.2080000000000000e+03 2.7003663724240247e-05
6.2110000000000000e+03 2.6972911122528629e-05
6.2140000000000000e+03 2.6942180793655055e-05
6.2170000000000000e+03 2.6911472710747021e-05
6.2200000000000000e+03 2.6880786846977382e-05
6.2230000000000000e+03 2.6850123175564253e-05
6.2260000000000000e+03 2.6819481669770938e-05
6.2290000000000000e+03 2.6788862302905785e-05
6.2320000000000000e+03 2.6758265048322161e-05
6.2350000000000000e+03 2.6727689879418288e-05
6.2380000000000000e+03 2.6697136769637162e-05
6.2410000000000000e+03 2.6666605692466460e-05
6.2440000000000000e+03 2.6636096621438491e-05
6.2470000000000000e+03 2.6605609530130037e-05
6.2500000000000000e+03 2.6575144392162268e-05
6.2530000000000000e+03 2.6544701181200608e-05
6.2560000000000000e+03 2.6514279870954774e-05
6.2590000000000000e+03 2.6483880435178546e-05
6.2620000000000000e+03 2.6453502847669725e-05
6.2650000000000000e+03 2.6423147082270020e-05
6.2680000000000000e+03 2.6392813112864966e-05
6.2710000000000000e+03 2.6362500913383874e-05
6.2740000000000000e+03 2.6332210457799603e-05
6.2770000000000000e+03 2.6301941720128647e-05
6.2800000000000000e+03 2.6271694674430911e-05
6.2830000000000000e+03 2.6241469294809629e-05
6.2860000000000000e+03 2.6211265555411350e-05
6.2890000000000000e+03 2.6181083430425727e-05
6.2920000000000000e+03 2.6150922894085561e-05
6.2950000000000000e+03 2.6120783920666598e-05
6.2980000000000000e+03 2.6090666484487458e-05
6.3010000000000000e+03 2.6060570559909605e-05
6.3040000000000000e+03 2.6030496121337202e-05
6.3070000000000000e+03 2.6000443143217009e-05
6.3100000000000000e+03 2.5970411600038334e-05
6.3130000000000000e+03 2.5940401466332897e-05
6.3160000000000000e+03 2.5910412716674785e-05
6.3190000000000000e+03 2.5880445325680313e-05
6.3220000000000000e+03 2.5850499268008018e-05
6.3250000000000000e+03 2.5820574518358414e-05
6.3280000000000000e+03 2.5790671051474088e-05
6.3310000000000000e+03 2.5760788842139509e-05
6.3340000000000000e+03 2.5730927865180887e-05
6.3370000000000000e+03 2.5701088095466204e-05
6.3400000000000000e+03 2.5671269507905090e-05
6.3430000000000000e+03 2.5641472077448632e-05
6.3460000000000000e+03 2.5611695779089453e-05
6.3490000000000000e+03 2.5581940587861464e-05
6.3520000000000000e+03 2.5552206478839941e-05
6.3550000000000000e+03 2.5522493427141279e-05
6.3580000000000000e+03 2.5492801407922943e-05
6.3610000000000000e+03 2.5463130396383490e-05
6.3640000000000000e+03 2.5433480367762351e-05
6.3670000000000000e+03 2.5403851297339835e-05
6.3700000000000000e+03 2.5374243160436974e-05
6.3730000000000000e+03 2.5344655932415442e-05
6.3760000000000000e+03 2.5315089588677535e-05
6.3790000000000000e+03 2.5285544104666005e-05
6.3820000000000000e+03 2.5256019455864068e-05
6.3850000000000000e+03 2.5226515617795211e-05
6.3880000000000000e+03 2.5197032566023181e-05
6.3910000000000000e+03 2.5167570276151844e-05
6.3940000000000000e+03 2.5138128723825187e-05
6.3970000000000000e+03 2.5108707884727155e-05
6.4000000000000000e+03 2.5079307734581569e-05
6.4030000000000000e+03 2.5049928249152060e-05
6.4060000000000000e+03 2.5020569404242084e-05
6.4090000000000000e+03 2.4991231175694586e-05
6.4120000000000000e+03 2.4961913539392215e-05
6.4150000000000000e+03 2.4932616471257042e-05
6.4180000000000000e+03 2.4903339947250510e-05
6.4210000000000000e+03 2.4874083943373427e-05
6.4240000000000000e+03 2.4844848435665777e-05
6.4270000000000000e+03 2.4815633400206774e-05
6.4300000000000000e+03 2.4786438813114605e-05
6.4330000000000000e+03 2.4757264650546480e-05
6.4360000000000000e+03 2.4728110888698551e-05
6.4390000000000000e+03 2.4698977503805740e-05
6.4420000000000000e+03 2.4669864472141705e-05
6.4450000000000000e+03 2.4640771770018832e-05
6.4480000000000000e+03 2.4611699373787987e-05
6.4510000000000000e+03 2.4582647259838604e-05
6.4540000000000000e+03 2.4553615404598504e-05
6.4570000000000000e+03 2.4524603784533883e-05
6.4600000000000000e+03 2.4495612376149120e-05
6.4630000000000000e+03 2.4466641155986826e-05
6.4660000000000000e+03 2.4437690100627688e-05
6.4690000000000000e+03 2.4408759186690439e-05
6.4720000000000000e+03 2.4379848390831713e-05
6.4750000000000000e+03 2.4350957689745997e-05
6.4780000000000000e+03 2.4322087060165607e-05
6.4810000000000000e+03 2.4293236478860531e-05
6.4840000000000000e+03 2.4264405922638337e-05
6.4870000000000000e+03 2.4235595368344209e-05
6.4900000000000000e+03 2.4206804792860787e-05
6.4930000000000000e+03 2.4178034173108026e-05
6.4960000000000000e+03 2.4149283486043276e-05
6.4990000000000000e+03 2.4120552708661085e-05
6.5020000000000000e+03 2.4091841817993142e-05
6.5050000000000000e+03 2.4063150791108271e-05
6.5080000000000000e+03 2.4034479605112207e-05
6.5110000000000000e+03 2.4005828237147687e-05
6.5140000000000000e+03 2.3977196664394277e-05
6.5170000000000000e+03 2.3948584864068283e-05
6.5200000000000000e+03 2.3919992813422771e-05
6.5230000000000000e+03 2.3891420489747323e-05
6.5260000000000000e+03 2.3862867870368188e-05
6.5290000000000000e+03 2.3834334932647991e-05
6.5320000000000000e+03 2.3805821653985806e-05
6.5350000000000000e+03 2.3777328011816980e-05
6.5380000000000000e+03 2.3748853983613141e-05
6.5410000000000000e+03 2.3720399546882074e-05
6.5440000000000000e+03 2.3691964679167610e-05
6.5470000000000000e+03 2.3663549358049716e-05
6.5500000000000000e+03 2.3635153561144150e-05
6.5530000000000000e+03 2.3606777266102674e-05
6.5560000000000000e+03 2.3578420450612779e-05
6.5590000000000000e+03 2.3550083092397671e-05
6.5620000000000000e+03 2.3521765169216261e-05
6.5650000000000000e+03 2.3493466658862977e-05
6.5680000000000000e+03 2.3465187539167772e-05
6.5710000000000000e+03 2.3436927787996082e-05
6.5740000000000000e+03 2.3408687383248578e-05
6.5770000000000000e+03 2.3380466302861344e-05
6.5800000000000000e+03 2.3352264524805627e-05
6.5830000000000000e+03 2.3324082027087761e-05
6.5860000000000000e+03 2.3295918787749238e-05
6.5890000000000000e+03 2.3267774784866485e-05
6.5920000000000000e+03 2.3239649996550875e-05
6.5950000000000000e+03 2.3211544400948650e-05
6.5980000000000000e+03 2.3183457976240767e-05
6.6010000000000000e+03 2.3155390700643012e-05
6.6040000000000000e+03 2.3127342552405696e-05
6.6070000000000000e+03 2.3099313509813769e-05
6.6100000000000000e+03 2.3071303551186642e-05
6.6130000000000000e+03 2.3043312654878176e-05
6.6160000000000000e+03 2.3015340799276561e-05
6.6190000000000000e+03 2.2987387962804310e-05
6.6220000000000000e+03 2.2959454123918152e-05
6.6250000000000000e+03 2.2931539261108913e-05
6.6280000000000000e+03 2.2903643352901562e-05
6.6310000000000000e+03 2.2875766377855058e-05
6.6340000000000000e+03 2.2847908314562257e-05
6.6370000000000000e+03 2.2820069141649957e-05
6.6400000000000000e+03 2.2792248837778695e-05
6.6430000000000000e+03 2.2764447381642773e-05
6.6460000000000000e+03 2.2736664751970162e-05
6.6490000000000000e+03 2.2708900927522418e-05
6.6520000000000000e+03 2.2681155887094603e-05
6.6550000000000000e+03 2.2653429609515298e-05
6.6580000000000000e+03 2.2625722073646400e-05
6.6610000000000000e+03 2.2598033258383206e-05
6.6640000000000000e+03 2.2570363142654225e-05
6.6670000000000000e+03 2.2542711705421138e-05
6.6700000000000000e+03 2.2515078925678825e-05
6.6730000000000000e+03 2.2487464782455134e-05
6.6760000000000000e+03 2.2459869254810967e-05
6.6790000000000000e+03 2.2432292321840065e-05
6.6820000000000000e+03 2.2404733962669173e-05
6.6850000000000000e+03 2.2377194156457658e-05
6.6880000000000000e+03 2.2349672882397702e-05
6.6910000000000000e+03 2.2322170119714140e-05
6.6940000000000000e+03 2.2294685847664367e-05
6.6970000000000000e+03 2.2267220045538335e-05
6.7000000000000000e+03 2.2239772692658448e-05
6.7030000000000000e+03 2.2212343768379458e-05
6.7060000000000000e+03 2.2184933252088547e-05
6.7090000000000000e+03 2.2157541123205036e-05
6.7120000000000000e+03 2.2130167361180534e-05
6.7150000000000000e+03 2.2102811945498791e-05
6.7180000000000000e+03 2.2075474855675534e-05
6.7210000000000000e+03 2.2048156071258601e-05
6.7240000000000000e+03 2.2020855571827706e-05
6.7270000000000000e+03 2.1993573336994476e-05
6.7300000000000000e+03 2.1966309346402328e-05
6.7330000000000000e+03 2.1939063579726429e-05
6.7360000000000000e+03 2.1911836016673651e-05
6.7390000000000000e+03 2.1884626636982446e-05
6.7420000000000000e+03 2.1857435420422904e-05
6.7450000000000000e+03 2.1830262346796515e-05
6.7480000000000000e+03 2.1803107395936275e-05
6.7510000000000000e+03 2.1775970547706507e-05
6.7540000000000000e+03 2.1748851782002857e-05
6.7570000000000000e+03 2.1721751078752243e-05
6.7600000000000000e+03 2.1694668417912714e-05
6.7630000000000000e+03 2.1667603779473447e-05
6.7660000000000000e+03 2.1640557143454716e-05
6.7690000000000000e+03 2.1613528489907725e-05
6.7720000000000000e+03 2.1586517798914724e-05
6.7750000000000000e+03 2.1559525050588735e-05
6.7780000000000000e+03 2.1532550225073579e-05
6.7810000000000000e+03 2.1505593302543926e-05
6.7840000000000000e+03 2.1478654263205028e-05
6.7870000000000000e+03 2.1451733087292875e-05
6.7900000000000000e+03 2.1424829755073905e-05
6.7930000000000000e+03 2.1397944246845124e-05
6.7960000000000000e+03 2.1371076542934001e-05
6.7990000000000000e+03 2.1344226623698341e-05
6.8020000000000000e+03 2.1317394469526318e-05
6.8050000000000000e+03 2.1290580060836364e-05
6.8080000000000000e+03 2.1263783378077061e-05
6.8110000000000000e+03 2.1237004401727182e-05
6.8140000000000000e+03 2.1210243112295589e-05
6.8170000000000000e+03 2.1183499490321175e-05
6.8200000000000000e+03 2.1156773516372759e-05
6.8230000000000000e+03 2.1130065171049078e-05
6.8260000000000000e+03 2.1103374434978778e-05
6.8290000000000000e+03 2.1076701288820166e-05
6.8320000000000000e+03 2.1050045713261383e-05
6.8350000000000000e+03 2.1023407689020254e-05
6.8380000000000000e+03 2.0996787196844101e-05
6.8410000000000000e+03 2.0970184217509920e-05
6.8440000000000000e+03 2.0943598731824122e-05
6.8470000000000000e+03 2.0917030720622606e-05
6.8500000000000000e+03 2.0890480164770651e-05
6.8530000000000000e+03 2.0863947045162767e-05
6.8560000000000000e+03 2.0837431342722869e-05
6.8590000000000000e+03 2.0810933038403957e-05
6.8620000000000000e+03 2.0784452113188243e-05
6.8650000000000000e+03 2.0757988548087035e-05
6.8680000000000000e+03 2.0731542324140601e-05
6.8710000000000000e+03 2.0705113422418267e-05
6.8740000000000000e+03 2.0678701824018271e-05
6.8770000000000000e+03 2.0652307510067653e-05
6.8800000000000000e+03 2.0625930461722329e-05
6.8830000000000000e+03 2.0599570660166908e-05
6.8860000000000000e+03 2.0573228086614745e-05
6.8890000000000000e+03 2.0546902722307770e-05
6.8920000000000000e+03 2.0520594548516597e-05
6.8950000000000000e+03 2.0494303546540223e-05
6.8980000000000000e+03 2.0468029697706230e-05
6.9010000000000000e+03 2.0441772983370549e-05
6.9040000000000000e+03 2.0415533384917523e-05
6.9070000000000000e+03 2.0389310883759753e-05
6.9100000000000000e+03 2.0363105461338096e-05
6.9130000000000000e+03 2.0336917099121620e-05
6.9160000000000000e+03 2.0310745778607513e-05
6.9190000000000000e+03 2.0284591481321022e-05
6.9220000000000000e+03 2.0258454188815506e-05
6.9250000000000000e+03 2.0232333882672190e-05
6.9280000000000000e+03 2.0206230544500275e-05
6.9310000000000000e+03 2.0180144155936835e-05
6.9340000000000000e+03 2.0154074698646723e-05
6.9370000000000000e+03 2.0128022154322553e-05
6.9400000000000000e+03 2.0101986504684697e-05
6.9430000000000000e+03 2.0075967731481053e-05
6.9460000000000000e+03 2.0049965816487235e-05
6.9490000000000000e+03 2.0023980741506315e-05
6.9520000000000000e+03 1.9998012488368914e-05
6.9550000000000000e+03 1.9972061038933061e-05
6.9580000000000000e+03 1.9946126375084129e-05
6.9610000000000000e+03 1.9920208478734875e-05
6.9640000000000000e+03 1.9894307331825295e-05
6.9670000000000000e+03 1.9868422916322609e-05
6.9700000000000000e+03 1.9842555214221248e-05
6.9730000000000000e+03 1.9816704207542670e-05
6.9760000000000000e+03 1.9790869878335483e-05
6.9790000000000000e+03 1.9765052208675278e-05
6.9820000000000000e+03 1.9739251180664601e-05
6.9850000000000000e+03 1.9713466776432891e-05
6.9880000000000000e+03 1.9687698978136452e-05
6.9910000000000000e+03 1.9661947767958408e-05
6.9940000000000000e+03 1.9636213128108596e-05
6.9970000000000000e+03 1.9610495040823608e-05
7.0000000000000000e+03 1.9584793488366638e-05
7.0030000000000000e+03 1.9559108453027487e-05
7.0060000000000000e+03 1.9533439917122506e-05
7.0090000000000000e+03 1.9507787862994542e-05
7.0120000000000000e+03 1.9482152273012891e-05
7.0150000000000000e+03 1.9456533129573231e-05
7.0180000000000000e+03 1.9430930415097548e-05
7.0210000000000000e+03 1.9405344112034198e-05
7.0240000000000000e+03 1.9379774202857712e-05
7.0270000000000000e+03 1.9354220670068879e-05
7.0300000000000000e+03 1.9328683496194510e-05
7.0330000000000000e+03 1.9303162663787602e-05
7.0360000000000000e+03 1.9277658155427210e-05
7.0390000000000000e+03 1.9252169953718252e-05
7.0420000000000000e+03 1.9226698041291760e-05
7.0450000000000000e+03 1.9201242400804508e-05
7.0480000000000000e+03 1.9175803014939166e-05
7.0510000000000000e+03 1.9150379866404243e-05
7.0540000000000000e+03 1.9124972937933868e-05
7.0570000000000000e+03 1.9099582212288022e-05
7.0600000000000000e+03 1.9074207672252161e-05
7.0630000000000000e+03 1.9048849300637472e-05
7.0660000000000000e+03 1.9023507080280628e-05
7.0690000000000000e+03 1.8998180994043775e-05
7.0720000000000000e+03 1.8972871024814552e-05
7.0750000000000000e+03 1.8947577155505984e-05
7.0780000000000000e+03 1.8922299369056437e-05
7.0810000000000000e+03 1.8897037648429590e-05
7.0840000000000000e+03 1.8871791976614358e-05
7.0870000000000000e+03 1.8846562336624899e-05
7.0900000000000000e+03 1.8821348711500500e-05
7.0930000000000000e+03 1.8796151084305542e-05
7.0960000000000000e+03 1.8770969438129509e-05
7.0990000000000000e+03 1.8745803756086875e-05
7.1020000000000000e+03 1.8720654021317084e-05
7.1050000000000000e+03 1.8695520216984507e-05
7.1080000000000000e+03 1.8670402326278374e-05
7.1110000000000000e+03 1.8645300332412753e-05
7.1140000000000000e+03 1.8620214218626498e-05
7.1170000000000000e+03 1.8595143968183181e-05
7.1200000000000000e+03 1.8570089564371046e-05
7.1230000000000000e+03 1.8545050990502998e-05
7.1260000000000000e+03 1.8520028229916508e-05
7.1290000000000000e+03 1.8495021265973603e-05
7.1320000000000000e+03 1.8470030082060843e-05
7.1350000000000000e+03 1.8445054661589190e-05
7.1380000000000000e+03 1.8420094987994002e-05
7.1410000000000000e+03 1.8395151044735048e-05
7.1440000000000000e+03 1.8370222815296374e-05
7.1470000000000000e+03 1.8345310283186316e-05
7.1500000000000000e+03 1.8320413431937398e-05
7.1530000000000000e+03 1.8295532245106343e-05
7.1560000000000000e+03 1.8270666706274003e-05
7.1590000000000000e+03 1.8245816799045300e-05
7.1620000000000000e+03 1.8220982507049204e-05
7.1650000000000000e+03 1.8196163813938715e-05
7.1680000000000000e+03 1.8171360703390702e-05
7.1710000000000000e+03 1.8146573159106014e-05
7.1740000000000000e+03 1.8121801164809294e-05
7.1770000000000000e+03 1.8097044704249071e-05
7.1800000000000000e+03 1.8072303761197543e-05
7.1830000000000000e+03 1.8047578319450758e-05
7.1860000000000000e+03 1.8022868362828324e-05
7.1890000000000000e+03 1.7998173875173556e-05
7.1920000000000000e+03 1.7973494840353347e-05
7.1950000000000000e+03 1.7948831242258126e-05
7.1980000000000000e+03 1.7924183064801805e-05
7.2010000000000000e+03 1.7899550291921815e-05
7.2040000000000000e+03 1.7874932907578904e-05
7.2070000000000000e+03 1.7850330895757304e-05
7.2100000000000000e+03 1.7825744240464497e-05
7.2130000000000000e+03 1.7801172925731268e-05
7.2160000000000000e+03 1.7776616935611633e-05
7.2190000000000000e+03 1.7752076254182824e-05
7.2220000000000000e+03 1.7727550865545211e-05
7.2250000000000000e+03 1.7703040753822283e-05
7.2280000000000000e+03 1.7678545903160569e-05
7.2310000000000000e+03 1.7654066297729643e-05
7.2340000000000000e+03 1.7629601921722064e-05
7.2370000000000000e+03 1.7605152759353325e-05
7.2400000000000000e+03 1.7580718794861822e-05
7.2430000000000000e+03 1.7556300012508735e-05
7.2460000000000000e+03 1.7531896396578159e-05
7.2490000000000000e+03 1.7507507931376846e-05
7.2520000000000000e+03 1.7483134601234410e-05
7.2550000000000000e+03 1.7458776390503009e-05
7.2580000000000000e+03 1.7434433283557500e-05
7.2610000000000000e+03 1.7410105264795362e-05
7.2640000000000000e+03 1.7385792318636570e-05
7.2670000000000000e+03 1.7361494429523675e-05
7.2700000000000000e+03 1.7337211581921654e-05
7.2730000000000000e+03 1.7312943760317928e-05
7.2760000000000000e+03 1.7288690949222335e-05
7.2790000000000000e+03 1.7264453133166998e-05
7.2820000000000000e+03 1.7240230296706399e-05
7.2850000000000000e+03 1.7216022424417259e-05
7.2880000000000000e+03 1.7191829500898544e-05
7.2910000000000000e+03 1.7167651510771398e-05
7.2940000000000000e+03 1.7143488438679058e-05
7.2970000000000000e+03 1.7119340269286899e-05
7.3000000000000000e+03 1.7095206987282415e-05
7.3030000000000000e+03 1.7071088577374984e-05
7.3060000000000000e+03 1.7046985024296070e-05
7.3090000000000000e+03 1.7022896312799044e-05
7.3120000000000000e+03 1.6998822427659147e-05
7.3150000000000000e+03 1.6974763353673533e-05
7.3180000000000000e+03 1.6950719075661068e-05
7.3210000000000000e+03 1.6926689578462535e-05
7.3240000000000000e+03 1.6902674846940325e-05
7.3270000000000000e+03 1.6878674865978625e-05
7.3300000000000000e+03 1.6854689620483187e-05
7.3330000000000000e+03 1.6830719095381412e-05
7.3360000000000000e+03 1.6806763275622334e-05
7.3390000000000000e+03 1.6782822146176448e-05
7.3420000000000000e+03 1.6758895692035790e-05
7.3450000000000000e+03 1.6734983898213790e-05
7.3480000000000000e+03 1.6711086749745367e-05
7.3510000000000000e+03 1.6687204231686804e-05
7.3540000000000000e+03 1.6663336329115707e-05
7.3570000000000000e+03 1.6639483027130945e-05
7.3600000000000000e+03 1.6615644310852741e-05
7.3630000000000000e+03 1.6591820165422432e-05
7.3660000000000000e+03 1.6568010576002633e-05
7.3690000000000000e+03 1.6544215527777049e-05
7.3720000000000000e+03 1.6520435005950479e-05
7.3750000000000000e+03 1.6496668995748846e-05
7.3780000000000000e+03 1.6472917482419036e-05
7.3810000000000000e+03 1.6449180451228973e-05
7.3840000000000000e+03 1.6425457887467518e-05
7.3870000000000000e+03 1.6401749776444413e-05
7.3900000000000000e+03 1.6378056103490328e-05
7.3930000000000000e+03 1.6354376853956718e-05
7.3960000000000000e+03 1.6330712013215898e-05
7.3990000000000000e+03 1.6307061566660883e-05
7.4020000000000000e+03 1.6283425499705440e-05
7.4050000000000000e+03 1.6259803797784010e-05
7.4080000000000000e+03 1.6236196446351667e-05
7.4110000000000000e+03 1.6212603430884162e-05
7.4140000000000000e+03 1.6189024736877748e-05
7.4170000000000000e+03 1.6165460349849226e-05
7.4200000000000000e+03 1.6141910255335906e-05
7.4230000000000000e+03 1.6118374438895553e-05
7.4260000000000000e+03 1.6094852886106377e-05
7.4290000000000000e+03 1.6071345582566926e-05
7.4320000000000000e+03 1.6047852513896141e-05
7.4350000000000000e+03 1.6024373665733248e-05
7.4380000000000000e+03 1.6000909023737769e-05
7.4410000000000000e+03 1.5977458573589410e-05
7.4440000000000000e+03 1.5954022300988171e-05
7.4470000000000000e+03 1.5930600191654143e-05
7.4500000000000000e+03 1.5907192231327595e-05
7.4530000000000000e+03 1.5883798405768799e-05
7.4560000000000000e+03 1.5860418700758198e-05
7.4590000000000000e+03 1.5837053102096170e-05
7.4620000000000000e+03 1.5813701595603113e-05
7.4650000000000000e+03 1.5790364167119372e-05
7.4680000000000000e+03 1.5767040802505194e-05
7.4710000000000000e+03 1.5743731487640698e-05
7.4740000000000000e+03 1.5720436208425814e-05
7.4770000000000000e+03 1.5697154950780341e-05
7.4800000000000000e+03 1.5673887700643814e-05
7.4830000000000000e+03 1.5650634443975465e-05
7.4860000000000000e+03 1.5627395166754260e-05
7.4890000000000000e+03 1.5604169854978818e-05
7.4920000000000000e+03 1.5580958494667384e-05
7.4950000000000000e+03 1.5557761071857805e-05
7.4980000000000000e+03 1.5534577572607414e-05
7.5010000000000000e+03 1.5511407982993171e-05
7.5040000000000000e+03 1.5488252289111445e-05
7.5070000000000000e+03 1.5465110477078073e-05
7.5100000000000000e+03 1.5441982533028313e-05
7.5130000000000000e+03 1.5418868443116757e-05
7.5160000000000000e+03 1.5395768193517438e-05
7.5190000000000000e+03 1.5372681770423605e-05
7.5220000000000000e+03 1.5349609160047828e-05
7.5250000000000000e+03 1.5326550348621902e-05
7.5280000000000000e+03 1.5303505322396800e-05
7.5310000000000000e+03 1.5280474067642763e-05
7.5340000000000000e+03 1.5257456570649063e-05
7.5370000000000000e+03 1.5234452817724125e-05
7.5400000000000000e+03 1.5211462795195416e-05
7.5430000000000000e+03 1.5188486489409468e-05
7.5460000000000000e+03 1.5165523886731803e-05
7.5490000000000000e+03 1.5142574973546903e-05
7.5520000000000000e+03 1.5119639736258199e-05
7.5550000000000000e+03 1.5096718161287961e-05
7.5580000000000000e+03 1.5073810235077420e-05
7.5610000000000000e+03 1.5050915944086558e-05
7.5640000000000000e+03 1.5028035274794193e-05
7.5670000000000000e+03 1.5005168213697884e-05
7.5700000000000000e+03 1.4982314747313963e-05
7.5730000000000000e+03 1.4959474862177409e-05
7.5760000000000000e+03 1.4936648544841881e-05
7.5790000000000000e+03 1.4913835781879697e-05
7.5820000000000000e+03 1.4891036559881741e-05
7.5850000000000000e+03 1.4868250865457435e-05
7.5880000000000000e+03 1.4845478685234826e-05
7.5910000000000000e+03 1.4822720005860336e-05
7.5940000000000000e+03 1.4799974813998972e-05
7.5970000000000000e+03 1.4777243096334073e-05
7.6000000000000000e+03 1.4754524839567444e-05
7.6030000000000000e+03 1.4731820030419237e-05
7.6060000000000000e+03 1.4709128655627927e-05
7.6090000000000000e+03 1.4686450701950309e-05
7.6120000000000000e+03 1.4663786156161449e-05
7.6150000000000000e+03 1.4641135005054619e-05
7.6180000000000000e+03 1.4618497235441289e-05
7.6210000000000000e+03 1.4595872834151203e-05
7.6240000000000000e+03 1.4573261788032113e-05
7.6270000000000000e+03 1.4550664083949972e-05
7.6300000000000000e+03 1.4528079708788764e-05
7.6330000000000000e+03 1.4505508649450521e-05
7.6360000000000000e+03 1.4482950892855277e-05
7.6390000000000000e+03 1.4460406425941101e-05
7.6420000000000000e+03 1.4437875235663981e-05
7.6450000000000000e+03 1.4415357308997772e-05
7.6480000000000000e+03 1.4392852632934295e-05
7.6510000000000000e+03 1.4370361194483156e-05
7.6540000000000000e+03 1.4347882980671837e-05
7.6570000000000000e+03 1.4325417978545580e-05
7.6600000000000000e+03 1.4302966175167396e-05
7.6630000000000000e+03 1.4280527557618032e-05
7.6660000000000000e+03 1.4258102112995898e-05
7.6690000000000000e+03 1.4235689828417133e-05
7.6720000000000000e+03 1.4213290691015432e-05
7.6750000000000000e+03 1.4190904687942182e-05
7.6780000000000000e+03 1.4168531806366246e-05
7.6810000000000000e+03 1.4146172033474124e-05
7.6840000000000000e+03 1.4123825356469727e-05
7.6870000000000000e+03 1.4101491762574570e-05
7.6900000000000000e+03 1.4079171239027497e-05
7.6930000000000000e+03 1.4056863773084829e-05
7.6960000000000000e+03 1.4034569352020275e-05
7.6990000000000000e+03 1.4012287963124917e-05
7.7020000000000000e+03 1.3990019593707107e-05
7.7050000000000000e+03 1.3967764231092574e-05
7.7080000000000000e+03 1.3945521862624235e-05
7.7110000000000000e+03 1.3923292475662288e-05
7.7140000000000000e+03 1.3901076057584138e-05
7.7170000000000000e+03 1.3878872595784347e-05
7.7200000000000000e+03 1.3856682077674642e-05
7.7230000000000000e+03 1.3834504490683854e-05
7.7260000000000000e+03 1.3812339822257918e-05
7.7290000000000000e+03 1.3790188059859782e-05
7.7320000000000000e+03 1.3768049190969482e-05
7.7350000000000000e+03 1.3745923203083994e-05
7.7380000000000000e+03 1.3723810083717297e-05
7.7410000000000000e+03 1.3701709820400311e-05
7.7440000000000000e+03 1.3679622400680850e-05
7.7470000000000000e+03 1.3657547812123600e-05
7.7500000000000000e+03 1.3635486042310116e-05
7.7530000000000000e+03 1.3613437078838720e-05
7.7560000000000000e+03 1.3591400909324628e-05
7.7590000000000000e+03 1.3569377521399728e-05
7.7620000000000000e+03 1.3547366902712647e-05
7.7650000000000000e+03 1.3525369040928784e-05
7.7680000000000000e+03 1.3503383923730131e-05
7.7710000000000000e+03 1.3481411538815392e-05
7.7740000000000000e+03 1.3459451873899821e-05
7.7770000000000000e+03 1.3437504916715316e-05
7.7800000000000000e+03 1.3415570655010306e-05
7.7830000000000000e+03 1.3393649076549746e-05
7.7860000000000000e+03 1.3371740169115109e-05
7.7890000000000000e+03 1.3349843920504348e-05
7.7920000000000000e+03 1.3327960318531841e-05
7.7950000000000000e+03 1.3306089351028384e-05
7.7980000000000000e+03 1.3284231005841157e-05
7.8010000000000000e+03 1.3262385270833727e-05
7.8040000000000000e+03 1.3240552133885943e-05
7.8070000000000000e+03 1.3218731582894019e-05
7.8100000000000000e+03 1.3196923605770376e-05
7.8130000000000000e+03 1.3175128190443722e-05
7.8160000000000000e+03 1.3153345324858992e-05
7.8190000000000000e+03 1.3131574996977268e-05
7.8220000000000000e+03 1.3109817194775849e-05
7.8250000000000000e+03 1.3088071906248111e-05
7.8280000000000000e+03 1.3066339119403569e-05
7.8310000000000000e+03 1.3044618822267857e-05
7.8340000000000000e+03 1.3022911002882557e-05
7.8370000000000000e+03 1.3001215649305352e-05
7.8400000000000000e+03 1.2979532749609922e-05
7.8430000000000000e+03 1.2957862291885886e-05
7.8460000000000000e+03 1.2936204264238780e-05
7.8490000000000000e+03 1.2914558654790136e-05
7.8520000000000000e+03 1.2892925451677280e-05
7.8550000000000000e+03 1.2871304643053486e-05
7.8580000000000000e+03 1.2849696217087750e-05
7.8610000000000000e+03 1.2828100161964983e-05
7.8640000000000000e+03 1.2806516465885813e-05
7.8670000000000000e+03 1.2784945117066623e-05
7.8700000000000000e+03 1.2763386103739524e-05
7.8730000000000000e+03 1.2741839414152312e-05
7.8760000000000000e+03 1.2720305036568502e-05
7.8790000000000000e+03 1.2698782959267178e-05
7.8820000000000000e+03 1.2677273170543083e-05
7.8850000000000000e+03 1.2655775658706562e-05
7.8880000000000000e+03 1.2634290412083466e-05
7.8910000000000000e+03 1.2612817419015236e-05
7.8940000000000000e+03 1.2591356667858786e-05
7.8970000000000000e+03 1.2569908146986569e-05
7.9000000000000000e+03 1.2548471844786408e-05
7.9030000000000000e+03 1.2527047749661622e-05
7.9060000000000000e+03 1.2505635850030926e-05
7.9090000000000000e+03 1.2484236134328353e-05
7.9120000000000000e+03 1.2462848591003353e-05
7.9150000000000000e+03 1.2441473208520703e-05
7.9180000000000000e+03 1.2420109975360432e-05
7.9210000000000000e+03 1.2398758880017844e-05
7.9240000000000000e+03 1.2377419911003545e-05
7.9270000000000000e+03 1.2356093056843301e-05
7.9300000000000000e+03 1.2334778306078104e-05
7.9330000000000000e+03 1.2313475647264096e-05
7.9360000000000000e+03 1.2292185068972588e-05
7.9390000000000000e+03 1.2270906559789978e-05
7.9420000000000000e+03 1.2249640108317755e-05
7.9450000000000000e+03 1.2228385703172540e-05
7.9480000000000000e+03 1.2207143332985871e-05
7.9510000000000000e+03 1.2185912986404408e-05
7.9540000000000000e+03 1.2164694652089765e-05
7.9570000000000000e+03 1.2143488318718510e-05
7.9600000000000000e+03 1.2122293974982178e-05
7.9630000000000000e+03 1.2101111609587149e-05
7.9660000000000000e+03 1.2079941211254765e-05
7.9690000000000000e+03 1.2058782768721176e-05
7.9720000000000000e+03 1.2037636270737425e-05
7.9750000000000000e+03 1.2016501706069350e-05
7.9780000000000000e+03 1.1995379063497513e-05
7.9810000000000000e+03 1.1974268331817316e-05
7.9840000000000000e+03 1.1953169499838861e-05
7.9870000000000000e+03 1.1932082556386979e-05
7.9900000000000000e+03 1.1911007490301160e-05
7.9930000000000000e+03 1.1889944290435602e-05
7.9960000000000000e+03 1.1868892945659109e-05
7.9990000000000000e+03 1.1847853444855072e-05
8.0020000000000000e+03 1.1826825776921554e-05
8.0050000000000000e+03 1.1805809930771078e-05
8.0080000000000000e+03 1.1784805895330771e-05
8.0110000000000000e+03 1.1763813659542299e-05
8.0140000000000000e+03 1.1742833212361713e-05
8.0170000000000000e+03 1.1721864542759651e-05
8.0200000000000000e+03 1.1700907639721126e-05
8.0230000000000000e+03 1.1679962492245548e-05
8.0260000000000000e+03 1.1659029089346815e-05
8.0290000000000000e+03 1.1638107420053056e-05
8.0320000000000000e+03 1.1617197473406876e-05
8.0350000000000000e+03 1.1596299238465113e-05
8.0380000000000000e+03 1.1575412704298933e-05
8.0410000000000000e+03 1.1554537859993775e-05
8.0440000000000000e+03 1.1533674694649336e-05
8.0470000000000000e+03 1.1512823197379511e-05
8.0500000000000000e+03 1.1491983357312419e-05
8.0530000000000000e+03 1.1471155163590348e-05
8.0560000000000000e+03 1.1450338605369726e-05
8.0590000000000000e+03 1.1429533671821126e-05
8.0620000000000000e+03 1.1408740352129237e-05
8.0650000000000000e+03 1.1387958635492817e-05
8.0680000000000000e+03 1.1367188511124635e-05
8.0710000000000000e+03 1.1346429968251603e-05
8.0740000000000000e+03 1.1325682996114537e-05
8.0770000000000000e+03 1.1304947583968303e-05
8.0800000000000000e+03 1.1284223721081717e-05
8.0830000000000000e+03 1.1263511396737532e-05
8.0860000000000000e+03 1.1242810600232437e-05
8.0890000000000000e+03 1.1222121320876963e-05
8.0920000000000000e+03 1.1201443547995592e-05
8.0950000000000000e+03 1.1180777270926602e-05
8.0980000000000000e+03 1.1160122479022075e-05
8.1010000000000000e+03 1.1139479161647956e-05
8.1040000000000000e+03 1.1118847308183932e-05
8.1070000000000000e+03 1.1098226908023483e-05
8.1100000000000000e+03 1.1077617950573752e-05
8.1130000000000000e+03 1.1057020425255640e-05
8.1160000000000000e+03 1.1036434321503787e-05
8.1190000000000000e+03 1.1015859628766365e-05
8.1220000000000000e+03 1.0995296336505328e-05
8.1250000000000000e+03 1.0974744434196150e-05
8.1280000000000000e+03 1.0954203911327948e-05
8.1310000000000000e+03 1.0933674757403420e-05
8.1340000000000000e+03 1.0913156961938784e-05
8.1370000000000000e+03 1.0892650514463812e-05
8.1400000000000000e+03 1.0872155404521773e-05
8.1430000000000000e+03 1.0851671621669431e-05
8.1460000000000000e+03 1.0831199155476990e-05
8.1490000000000000e+03 1.0810737995528124e-05
8.1520000000000000e+03 1.0790288131419911e-05
8.1550000000000000e+03 1.0769849552762802e-05
8.1580000000000000e+03 1.0749422249180679e-05
8.1610000000000000e+03 1.0729006210310693e-05
8.1640000000000000e+03 1.0708601425803416e-05
8.1670000000000000e+03 1.0688207885322638e-05
8.1700000000000000e+03 1.0667825578545529e-05
8.1730000000000000e+03 1.0647454495162420e-05
8.1760000000000000e+03 1.0627094624876961e-05
8.1790000000000000e+03 1.0606745957405968e-05
8.1820000000000000e+03 1.0586408482479524e-05
8.1850000000000000e+03 1.0566082189840815e-05
8.1880000000000000e+03 1.0545767069246212e-05
8.1910000000000000e+03 1.0525463110465246e-05
8.1940000000000000e+03 1.0505170303280482e-05
8.1970000000000000e+03 1.0484888637487649e-05
8.2000000000000000e+03 1.0464618102895523e-05
8.2030000000000000e+03 1.0444358689325922e-05
8.2060000000000000e+03 1.0424110386613667e-05
8.2090000000000000e+03 1.0403873184606607e-05
8.2120000000000000e+03 1.0383647073165607e-05
8.2150000000000000e+03 1.0363432042164405e-05
8.2180000000000000e+03 1.0343228081489726e-05
8.2210000000000000e+03 1.0323035181041244e-05
8.2240000000000000e+03 1.0302853330731482e-05
8.2270000000000000e+03 1.0282682520485884e-05
8.2300000000000000e+03 1.0262522740242690e-05
8.2330000000000000e+03 1.0242373979953006e-05
8.2360000000000000e+03 1.0222236229580762e-05
8.2390000000000000e+03 1.0202109479102648e-05
8.2420000000000000e+03 1.0181993718508184e-05
8.2450000000000000e+03 1.0161888937799555e-05
8.2480000000000000e+03 1.0141795126991728e-05
8.2510000000000000e+03 1.0121712276112378e-05
8.2540000000000000e+03 1.0101640375201854e-05
8.2570000000000000e+03 1.0081579414313165e-05
8.2600000000000000e+03 1.0061529383511995e-05
8.2630000000000000e+03 1.0041490272876620e-05
8.2660000000000000e+03 1.0021462072497938e-05
8.2690000000000000e+03 1.0001444772479404e-05
8.2720000000000000e+03 9.9814383629370885e-06
8.2750000000000000e+03 9.9614428339995521e-06
8.2780000000000000e+03 9.9414581758079102e-06
8.2810000000000000e+03 9.9214843785157944e-06
8.2840000000000000e+03 9.9015214322892455e-06
8.2870000000000000e+03 9.8815693273068264e-06
8.2900000000000000e+03 9.8616280537595621e-06
8.2930000000000000e+03 9.8416976018508253e-06
8.2960000000000000e+03 9.8217779617964301e-06
8.2990000000000000e+03 9.8018691238245807e-06
8.3020000000000000e+03 9.7819710781758483e-06
8.3050000000000000e+03 9.7620838151030910e-06
8.3080000000000000e+03 9.7422073248715185e-06
8.3110000000000000e+03 9.7223415977586799e-06
8.3140000000000000e+03 9.7024866240543097e-06
8.3170000000000000e+03 9.6826423940605244e-06
8.3200000000000000e+03 9.6628088980915735e-06
8.3230000000000000e+03 9.6429861264739731e-06
8.3260000000000000e+03 9.6231740695464450e-06
8.3290000000000000e+03 9.6033727176598711e-06
8.3320000000000000e+03 9.5835820611772985e-06
8.3350000000000000e+03 9.5638020904739543e-06
8.3380000000000000e+03 9.5440327959371277e-06
8.3410000000000000e+03 9.5242741679662711e-06
8.3440000000000000e+03 9.5045261969728241e-06
8.3470000000000000e+03 9.4847888733803915e-06
8.3500000000000000e+03 9.4650621876245991e-06
8.3530000000000000e+03 9.4453461301530278e-06
8.3560000000000000e+03 9.4256406914253591e-06
8.3590000000000000e+03 9.4059458619131653e-06
8.3620000000000000e+03 9.3862616321000634e-06
8.3650000000000000e+03 9.3665879924815898e-06
8.3680000000000000e+03 9.3469249335652022e-06
8.3710000000000000e+03 9.3272724458702589e-06
8.3740000000000000e+03 9.3076305199280058e-06
8.3770000000000000e+03 9.2879991462815825e-06
8.3800000000000000e+03 9.2683783154859804e-06
8.3830000000000000e+03 9.2487680181079528e-06
8.3860000000000000e+03 9.2291682447261877e-06
8.3890000000000000e+03 9.2095789859310351e-06
8.3920000000000000e+03 9.1900002323247288e-06
8.3950000000000000e+03 9.1704319745211985e-06
8.3980000000000000e+03 9.1508742031460967e-06
8.4010000000000000e+03 9.1313269088368634e-06
8.4040000000000000e+03 9.1117900822425546e-06
8.4070000000000000e+03 9.0922637140239563e-06
8.4100000000000000e+03 9.0727477948535059e-06
8.4130000000000000e+03 9.0532423154152827e-06
8.4160000000000000e+03 9.0337472664050094e-06
8.4190000000000000e+03 9.0142626385299415e-06
8.4220000000000000e+03 8.9947884225090274e-06
8.4250000000000000e+03 8.9753246090727026e-06
8.4280000000000000e+03 8.9558711889629631e-06
8.4310000000000000e+03 8.9364281529333991e-06
8.4340000000000000e+03 8.9169954917490086e-06
8.4370000000000000e+03 8.8975731961863870e-06
8.4400000000000000e+03 8.8781612570335344e-06
8.4430000000000000e+03 8.8587596650899163e-06
8.4460000000000000e+03 8.8393684111664923e-06
8.4490000000000000e+03 8.8199874860855774e-06
8.4520000000000000e+03 8.8006168806809352e-06
8.4550000000000000e+03 8.7812565857976844e-06
8.4580000000000000e+03 8.7619065922923298e-06
8.4610000000000000e+03 8.7425668910326838e-06
8.4640000000000000e+03 8.7232374728979449e-06
8.4670000000000000e+03 8.7039183287785751e-06
8.4700000000000000e+03 8.6846094495763819e-06
8.4730000000000000e+03 8.6653108262043907e-06
8.4760000000000000e+03 8.6460224495869467e-06
8.4790000000000000e+03 8.6267443106595743e-06
8.4820000000000000e+03 8.6074764003690481e-06
8.4850000000000000e+03 8.5882187096733677e-06
8.4880000000000000e+03 8.5689712295416489e-06
8.4910000000000000e+03 8.5497339509542785e-06
8.4940000000000000e+03 8.5305068649027171e-06
8.4970000000000000e+03 8.5112899623895809e-06
8.5000000000000000e+03 8.4920832344286278e-06
8.5030000000000000e+03 8.4728866720446223e-06
8.5060000000000000e+03 8.4537002662735315e-06
8.5090000000000000e+03 8.4345240081623069e-06
8.5120000000000000e+03 8.4153578887689726e-06
8.5150000000000000e+03 8.3962018991625808e-06
8.5180000000000000e+03 8.3770560304231681e-06
8.5210000000000000e+03 8.3579202736417776e-06
8.5240000000000000e+03 8.3387946199204552e-06
8.5270000000000000e+03 8.3196790603721736e-06
8.5300000000000000e+03 8.3005735861208321e-06
8.5330000000000000e+03 8.2814781883013043e-06
8.5360000000000000e+03 8.2623928580593330e-06
8.5390000000000000e+03 8.2433175865515349e-06
8.5420000000000000e+03 8.2242523649454672e-06
8.5450000000000000e+03 8.2051971844194276e-06
8.5480000000000000e+03 8.1861520361626589e-06
8.5510000000000000e+03 8.1671169113751849e-06
8.5540000000000000e+03 8.1480918012678159e-06
8.5570000000000000e+03 8.1290766970621751e-06
8.5600000000000000e+03 8.1100715899906396e-06
8.5630000000000000e+03 8.0910764712962966e-06
8.5660000000000000e+03 8.0720913322330786e-06
8.5690000000000000e+03 8.0531161640655059e-06
8.5720000000000000e+03 8.0341509580689327e-06
8.5750000000000000e+03 8.0151957055292515e-06
8.5780000000000000e+03 7.9962503977431430e-06
8.5810000000000000e+03 7.9773150260179028e-06
8.5840000000000000e+03 7.9583895816714313e-06
8.5870000000000000e+03 7.9394740560322608e-06
8.5900000000000000e+03 7.9205684404395541e-06
8.5930000000000000e+03 7.9016727262430024e-06
8.5960000000000000e+03 7.8827869048029001e-06
8.5990000000000000e+03 7.8639109674901143e-06
8.6020000000000000e+03 7.8450449056860052e-06
8.6050000000000000e+03 7.8261887107824565e-06
8.6080000000000000e+03 7.8073423741818770e-06
8.6110000000000000e+03 7.7885058872971281e-06
8.6140000000000000e+03 7.7696792415515505e-06
8.6170000000000000e+03 7.7508624283789628e-06
8.6200000000000000e+03 7.7320554392235717e-06
8.6230000000000000e+03 7.7132582655400445e-06
8.6260000000000000e+03 7.6944708987934554e-06
8.6290000000000000e+03 7.6756933304592022e-06
8.6320000000000000e+03 7.6569255520231416e-06
8.6350000000000000e+03 7.6381675549813866e-06
8.6380000000000000e+03 7.6194193308404836e-06
8.6410000000000000e+03 7.6006808711172400e-06
8.6440000000000000e+03 7.5819521673387812e-06
8.6470000000000000e+03 7.5632332110425398e-06
8.6500000000000000e+03 7.5445239937762028e-06
8.6530000000000000e+03 7.5258245070977155e-06
8.6560000000000000e+03 7.5071347425752596e-06
8.6590000000000000e+03 7.4884546917872752e-06
8.6620000000000000e+03 7.4697843463223932e-06
8.6650000000000000e+03 7.4511236977794122e-06
8.6680000000000000e+03 7.4324727377673272e-06
8.6710000000000000e+03 7.4138314579053208e-06
8.6740000000000000e+03 7.3951998498226584e-06
8.6770000000000000e+03 7.3765779051588208e-06
8.6800000000000000e+03 7.3579656155633447e-06
8.6830000000000000e+03 7.3393629726958760e-06
8.6860000000000000e+03 7.3207699682261355e-06
8.6890000000000000e+03 7.3021865938339108e-06
8.6920000000000000e+03 7.2836128412091082e-06
8.6950000000000000e+03 7.2650487020515671e-06
8.6980000000000000e+03 7.2464941680712050e-06
8.7010000000000000e+03 7.2279492309879368e-06
8.7040000000000000e+03 7.2094138825316641e-06
8.7070000000000000e+03 7.1908881144422672e-06
8.7100000000000000e+03 7.1723719184695732e-06
8.7130000000000000e+03 7.1538652863733813e-06
8.7160000000000000e+03 7.1353682099233494e-06
8.7190000000000000e+03 7.1168806808991566e-06
8.7220000000000000e+03 7.0984026910902728e-06
8.7250000000000000e+03 7.0799342322960959e-06
8.7280000000000000e+03 7.0614752963259089e-06
8.7310000000000000e+03 7.0430258749988354e-06
8.7340000000000000e+03 7.0245859601437901e-06
8.7370000000000000e+03 7.0061555435995758e-06
8.7400000000000000e+03 6.9877346172147429e-06
8.7430000000000000e+03 6.9693231728476641e-06
8.7460000000000000e+03 6.9509212023664818e-06
8.7490000000000000e+03 6.9325286976491105e-06
8.7520000000000000e+03 6.9141456505832006e-06
8.7550000000000000e+03 6.8957720530661010e-06
8.7580000000000000e+03 6.8774078970049219e-06
8.7610000000000000e+03 6.8590531743164497e-06
8.7640000000000000e+03 6.8407078769271637e-06
8.7670000000000000e+03 6.8223719967732222e-06
8.7700000000000000e+03 6.8040455258004083e-06
8.7730000000000000e+03 6.7857284559641866e-06
8.7760000000000000e+03 6.7674207792296009e-06
8.7790000000000000e+03 6.7491224875713536e-06
8.7820000000000000e+03 6.7308335729737264e-06
8.7850000000000000e+03 6.7125540274305749e-06
8.7880000000000000e+03 6.6942838429452871e-06
8.7910000000000000e+03 6.6760230115308676e-06
8.7940000000000000e+03 6.6577715252098337e-06
8.7970000000000000e+03 6.6395293760142305e-06
8.8000000000000000e+03 6.6212965559855727e-06
8.8030000000000000e+03 6.6030730571749033e-06
8.8060000000000000e+03 6.5848588716427521e-06
8.8090000000000000e+03 6.5666539914591162e-06
8.8120000000000000e+03 6.5484584087033914e-06
8.8150000000000000e+03 6.5302721154644609e-06
8.8180000000000000e+03 6.5120951038406061e-06
8.8210000000000000e+03 6.4939273659395305e-06
8.8240000000000000e+03 6.4757688938783152e-06
8.8270000000000000e+03 6.4576196797834180e-06
8.8300000000000000e+03 6.4394797157906741e-06
8.8330000000000000e+03 6.4213489940452522e-06
8.8360000000000000e+03 6.4032275067016740e-06
8.8390000000000000e+03 6.3851152459237549e-06
8.8420000000000000e+03 6.3670122038846612e-06
8.8450000000000000e+03 6.3489183727668075e-06
8.8480000000000000e+03 6.3308337447618740e-06
8.8510000000000000e+03 6.3127583120708716e-06
8.8540000000000000e+03 6.2946920669039966e-06
8.8570000000000000e+03 6.2766350014807297e-06
8.8600000000000000e+03 6.2585871080297545e-06
8.8630000000000000e+03 6.2405483787889101e-06
8.8660000000000000e+03 6.2225188060053261e-06
8.8690000000000000e+03 6.2044983819352248e-06
8.8720000000000000e+03 6.1864870988440467e-06
8.8750000000000000e+03 6.1684849490063958e-06
8.8780000000000000e+03 6.1504919247059195e-06
8.8810000000000000e+03 6.1325080182355296e-06
8.8840000000000000e+03 6.1145332218971271e-06
8.8870000000000000e+03 6.0965675280017611e-06
8.8900000000000000e+03 6.0786109288695788e-06
8.8930000000000000e+03 6.0606634168297244e-06
8.8960000000000000e+03 6.0427249842205053e-06
8.8990000000000000e+03 6.0247956233891848e-06
8.9020000000000000e+03 6.0068753266920934e-06
8.9050000000000000e+03 5.9889640864945242e-06
8.9080000000000000e+03 5.9710618951708371e-06
8.9110000000000000e+03 5.9531687451043532e-06
8.9140000000000000e+03 5.9352846286873489e-06
8.9170000000000000e+03 5.9174095383210856e-06
8.9200000000000000e+03 5.8995434664157152e-06
8.9230000000000000e+03 5.8816864053904158e-06
8.9260000000000000e+03 5.8638383476732141e-06
8.9290000000000000e+03 5.8459992857010522e-06
8.9320000000000000e+03 5.8281692119197623e-06
8.9350000000000000e+03 5.8103481187840759e-06
8.9380000000000000e+03 5.7925359987575883e-06
8.9410000000000000e+03 5.7747328443127052e-06
8.9440000000000000e+03 5.7569386479306995e-06
8.9470000000000000e+03 5.7391534021016958e-06
8.9500000000000000e+03 5.7213770993245983e-06
8.9530000000000000e+03 5.7036097321070777e-06
8.9560000000000000e+03 5.6858512929656701e-06
8.9590000000000000e+03 5.6681017744255865e-06
8.9620000000000000e+03 5.6503611690209075e-06
8.9650000000000000e+03 5.6326294692943483e-06
8.9680000000000000e+03 5.6149066677974205e-06
8.9710000000000000e+03 5.5971927570903583e-06
8.9740000000000000e+03 5.5794877297420682e-06
8.9770000000000000e+03 5.5617915783301713e-06
8.9800000000000000e+03 5.5441042954409400e-06
8.9830000000000000e+03 5.5264258736693452e-06
8.9860000000000000e+03 5.5087563056190251e-06
8.9890000000000000e+03 5.4910955839021845e-06
8.9920000000000000e+03 5.4734437011397664e-06
8.9950000000000000e+03 5.4558006499612101e-06
8.9980000000000000e+03 5.4381664230046271e-06
9.0010000000000000e+03 5.4205410129167371e-06
9.0040000000000000e+03 5.4029244123527549e-06
9.0070000000000000e+03 5.3853166139765502e-06
9.0100000000000000e+03 5.3677176104604603e-06
9.0130000000000000e+03 5.3501273944853913e-06
9.0160000000000000e+03 5.3325459587408102e-06
9.0190000000000000e+03 5.3149732959246586e-06
9.0220000000000000e+03 5.2974093987433763e-06
9.0250000000000000e+03 5.2798542599119176e-06
9.0280000000000000e+03 5.2623078721536520e-06
9.0310000000000000e+03 5.2447702282004607e-06
9.0340000000000000e+03 5.2272413207926607e-06
9.0370000000000000e+03 5.2097211426790419e-06
9.0400000000000000e+03 5.1922096866167169e-06
9.0430000000000000e+03 5.1747069453712917e-06
9.0460000000000000e+03 5.1572129117167824e-06
9.0490000000000000e+03 5.1397275784355248e-06
9.0520000000000000e+03 5.1222509383182682e-06
9.0550000000000000e+03 5.1047829841641193e-06
9.0580000000000000e+03 5.0873237087805125e-06
9.0610000000000000e+03 5.0698731049832403e-06
9.0640000000000000e+03 5.0524311655964200e-06
9.0670000000000000e+03 5.0349978834524673e-06
9.0700000000000000e+03 5.0175732513921175e-06
9.0730000000000000e+03 5.0001572622643380e-06
9.0760000000000000e+03 4.9827499089264177e-06
9.0790000000000000e+03 4.9653511842439030e-06
9.0820000000000000e+03 4.9479610810905890e-06
9.0850000000000000e+03 4.9305795923484841e-06
9.0880000000000000e+03 4.9132067109078311e-06
9.0910000000000000e+03 4.8958424296671277e-06
9.0940000000000000e+03 4.8784867415329879e-06
9.0970000000000000e+03 4.8611396394202878e-06
9.1000000000000000e+03 4.8438011162520672e-06
9.1030000000000000e+03 4.8264711649594650e-06
9.1060000000000000e+03 4.8091497784818772e-06
9.1090000000000000e+03 4.7918369497667542e-06
9.1120000000000000e+03 4.7745326717697152e-06
9.1150000000000000e+03 4.7572369374544768e-06
9.1180000000000000e+03 4.7399497397928807e-06
9.1210000000000000e+03 4.7226710717648042e-06
9.1240000000000000e+03 4.7054009263582865e-06
9.1270000000000000e+03 4.6881392965693843e-06
9.1300000000000000e+03 4.6708861754022076e-06
9.1330000000000000e+03 4.6536415558689015e-06
9.1360000000000000e+03 4.6364054309897129e-06
9.1390000000000000e+03 4.6191777937928135e-06
9.1420000000000000e+03 4.6019586373144499e-06
9.1450000000000000e+03 4.5847479545988417e-06
9.1480000000000000e+03 4.5675457386981953e-06
9.1510000000000000e+03 4.5503519826726655e-06
9.1540000000000000e+03 4.5331666795903972e-06
9.1570000000000000e+03 4.5159898225275052e-06
9.1600000000000000e+03 4.4988214045679806e-06
9.1630000000000000e+03 4.4816614188037879e-06
9.1660000000000000e+03 4.4645098583347908e-06
9.1690000000000000e+03 4.4473667162687779e-06
9.1720000000000000e+03 4.4302319857213534e-06
9.1750000000000000e+03 4.4131056598161108e-06
9.1780000000000000e+03 4.3959877316844369e-06
9.1810000000000000e+03 4.3788781944655759e-06
9.1840000000000000e+03 4.3617770413066314e-06
9.1870000000000000e+03 4.3446842653625641e-06
9.1900000000000000e+03 4.3275998597961283e-06
9.1930000000000000e+03 4.3105238177778913e-06
9.1960000000000000e+03 4.2934561324862157e-06
9.1990000000000000e+03 4.2763967971072525e-06
9.2020000000000000e+03 4.2593458048349269e-06
9.2050000000000000e+03 4.2423031488709743e-06
9.2080000000000000e+03 4.2252688224247936e-06
9.2110000000000000e+03 4.2082428187135972e-06
9.2140000000000000e+03 4.1912251309623032e-06
9.2170000000000000e+03 4.1742157524035292e-06
9.2200000000000000e+03 4.1572146762776693e-06
9.2230000000000000e+03 4.1402218958327080e-06
9.2260000000000000e+03 4.1232374043244216e-06
9.2290000000000000e+03 4.1062611950161638e-06
9.2320000000000000e+03 4.0892932611790306e-06
9.2350000000000000e+03 4.0723335960917365e-06
9.2380000000000000e+03 4.0553821930406146e-06
9.2410000000000000e+03 4.0384390453196527e-06
9.2440000000000000e+03 4.0215041462304615e-06
9.2470000000000000e+03 4.0045774890822644e-06
9.2500000000000000e+03 3.9876590671918341e-06
9.2530000000000000e+03 3.9707488738835618e-06
9.2560000000000000e+03 3.9538469024894100e-06
9.2590000000000000e+03 3.9369531463489122e-06
9.2620000000000000e+03 3.9200675988091557e-06
9.2650000000000000e+03 3.9031902532247291e-06
9.2680000000000000e+03 3.8863211029577766e-06
9.2710000000000000e+03 3.8694601413779860e-06
9.2740000000000000e+03 3.8526073618624939e-06
9.2770000000000000e+03 3.8357627577960222e-06
9.2800000000000000e+03 3.8189263225706516e-06
9.2830000000000000e+03 3.8020980495860752e-06
9.2860000000000000e+03 3.7852779322493407e-06
9.2890000000000000e+03 3.7684659639749992e-06
9.2920000000000000e+03 3.7516621381850450e-06
9.2950000000000000e+03 3.7348664483089107e-06
9.2980000000000000e+03 3.7180788877834032e-06
9.3010000000000000e+03 3.7012994500527925e-06
9.3040000000000000e+03 3.6845281285687216e-06
9.3070000000000000e+03 3.6677649167902306e-06
9.3100000000000000e+03 3.6510098081837103e-06
9.3130000000000000e+03 3.6342627962229719e-06
9.3160000000000000e+03 3.6175238743891325e-06
9.3190000000000000e+03 3.6007930361706844e-06
9.3220000000000000e+03 3.5840702750634279e-06
9.3250000000000000e+03 3.5673555845705158e-06
9.3280000000000000e+03 3.5506489582024069e-06
9.3310000000000000e+03 3.5339503894768498e-06
9.3340000000000000e+03 3.5172598719188978e-06
9.3370000000000000e+03 3.5005773990609130e-06
9.3400000000000000e+03 3.4839029644424358e-06
9.3430000000000000e+03 3.4672365616103999e-06
9.3460000000000000e+03 3.4505781841188719e-06
9.3490000000000000e+03 3.4339278255292278e-06
9.3520000000000000e+03 3.4172854794100396e-06
9.3550000000000000e+03 3.4006511393371443e-06
9.3580000000000000e+03 3.3840247988935339e-06
9.3610000000000000e+03 3.3674064516693961e-06
9.3640000000000000e+03 3.3507960912621851e-06
9.3670000000000000e+03 3.3341937112764410e-06
9.3700000000000000e+03 3.3175993053239030e-06
9.3730000000000000e+03 3.3010128670234870e-06
9.3760000000000000e+03 3.2844343900012395e-06
9.3790000000000000e+03 3.2678638678903400e-06
9.3820000000000000e+03 3.2513012943311208e-06
9.3850000000000000e+03 3.2347466629709820e-06
9.3880000000000000e+03 3.2181999674644755e-06
9.3910000000000000e+03 3.2016612014732216e-06
9.3940000000000000e+03 3.1851303586659043e-06
9.3970000000000000e+03 3.1686074327183622e-06
9.4000000000000000e+03 3.1520924173134134e-06
9.4030000000000000e+03 3.1355853061409619e-06
9.4060000000000000e+03 3.1190860928979780e-06
9.4090000000000000e+03 3.1025947712884341e-06
9.4120000000000000e+03 3.0861113350233651e-06
9.4150000000000000e+03 3.0696357778207871e-06
9.4180000000000000e+03 3.0531680934056911e-06
9.4210000000000000e+03 3.0367082755101583e-06
9.4240000000000000e+03 3.0202563178731368e-06
9.4270000000000000e+03 3.0038122142406628e-06
9.4300000000000000e+03 2.9873759583656622e-06
9.4330000000000000e+03 2.9709475440080179e-06
9.4360000000000000e+03 2.9545269649345889e-06
9.4390000000000000e+03 2.9381142149191692e-06
9.4420000000000000e+03 2.9217092877424208e-06
9.4450000000000000e+03 2.9053121771920046e-06
9.4480000000000000e+03 2.8889228770624283e-06
9.4510000000000000e+03 2.8725413811551109e-06
9.4540000000000000e+03 2.8561676832783173e-06
9.4570000000000000e+03 2.8398017772472920e-06
9.4600000000000000e+03 2.8234436568840329e-06
9.4630000000000000e+03 2.8070933160174341e-06
9.4660000000000000e+03 2.7907507484832726e-06
9.4690000000000000e+03 2.7744159481240898e-06
9.4720000000000000e+03 2.7580889087893334e-06
9.4750000000000000e+03 2.7417696243351905e-06
9.4780000000000000e+03 2.7254580886247139e-06
9.4810000000000000e+03 2.7091542955276945e-06
9.4840000000000000e+03 2.6928582389207879e-06
9.4870000000000000e+03 2.6765699126873669e-06
9.4900000000000000e+03 2.6602893107176035e-06
9.4930000000000000e+03 2.6440164269083841e-06
9.4960000000000000e+03 2.6277512551634197e-06
9.4990000000000000e+03 2.6114937893930687e-06
9.5020000000000000e+03 2.5952440235145127e-06
9.5050000000000000e+03 2.5790019514515810e-06
9.5080000000000000e+03 2.5627675671348617e-06
9.5110000000000000e+03 2.5465408645015901e-06
9.5140000000000000e+03 2.5303218374957371e-06
9.5170000000000000e+03 2.5141104800679652e-06
9.5200000000000000e+03 2.4979067861755854e-06
9.5230000000000000e+03 2.4817107497825553e-06
9.5260000000000000e+03 2.4655223648595031e-06
9.5290000000000000e+03 2.4493416253837268e-06
9.5320000000000000e+03 2.4331685253391269e-06
9.5350000000000000e+03 2.4170030587162313e-06
9.5380000000000000e+03 2.4008452195121925e-06
9.5410000000000000e+03 2.3846950017307885e-06
9.5440000000000000e+03 2.3685523993823578e-06
9.5470000000000000e+03 2.3524174064838646e-06
9.5500000000000000e+03 2.3362900170588100e-06
9.5530000000000000e+03 2.3201702251372771e-06
9.5560000000000000e+03 2.3040580247559315e-06
9.5590000000000000e+03 2.2879534099579966e-06
9.5620000000000000e+03 2.2718563747931910e-06
9.5650000000000000e+03 2.2557669133177934e-06
9.5680000000000000e+03 2.2396850195946187e-06
9.5710000000000000e+03 2.2236106876929755e-06
9.5740000000000000e+03 2.2075439116886676e-06
9.5770000000000000e+03 2.1914846856640348e-06
9.5800000000000000e+03 2.1754330037078671e-06
9.5830000000000000e+03 2.1593888599154486e-06
9.5860000000000000e+03 2.1433522483885121e-06
9.5890000000000000e+03 2.1273231632352848e-06
9.5920000000000000e+03 2.1113015985703993e-06
9.5950000000000000e+03 2.0952875485149814e-06
9.5980000000000000e+03 2.0792810071965197e-06
9.6010000000000000e+03 2.0632819687489940e-06
9.6040000000000000e+03 2.0472904273127707e-06
9.6070000000000000e+03 2.0313063770346412e-06
9.6100000000000000e+03 2.0153298120677166e-06
9.6130000000000000e+03 1.9993607265715773e-06
9.6160000000000000e+03 1.9833991147121899e-06
9.6190000000000000e+03 1.9674449706617918e-06
9.6220000000000000e+03 1.9514982885990721e-06
9.6250000000000000e+03 1.9355590627090590e-06
9.6280000000000000e+03 1.9196272871830754e-06
9.6310000000000000e+03 1.9037029562188286e-06
9.6340000000000000e+03 1.8877860640203208e-06
9.6370000000000000e+03 1.8718766047978721e-06
9.6400000000000000e+03 1.8559745727681206e-06
9.6430000000000000e+03 1.8400799621539988e-06
9.6460000000000000e+03 1.8241927671847355e-06
9.6490000000000000e+03 1.8083129820958329e-06
9.6520000000000000e+03 1.7924406011290226e-06
9.6550000000000000e+03 1.7765756185323982e-06
9.6580000000000000e+03 1.7607180285601934e-06
9.6610000000000000e+03 1.7448678254729615e-06
9.6640000000000000e+03 1.7290250035374831e-06
9.6670000000000000e+03 1.7131895570267704e-06
9.6700000000000000e+03 1.6973614802199970e-06
9.6730000000000000e+03 1.6815407674026114e-06
9.6760000000000000e+03 1.6657274128662253e-06
9.6790000000000000e+03 1.6499214109087018e-06
9.6820000000000000e+03 1.6341227558340009e-06
9.6850000000000000e+03 1.6183314419523351e-06
9.6880000000000000e+03 1.6025474635800353e-06
9.6910000000000000e+03 1.5867708150396406e-06
9.6940000000000000e+03 1.5710014906597650e-06
9.6970000000000000e+03 1.5552394847752306e-06
9.7000000000000000e+03 1.5394847917269565e-06
9.7030000000000000e+03 1.5237374058620032e-06
9.7060000000000000e+03 1.5079973215335727e-06
9.7090000000000000e+03 1.4922645331008980e-06
9.7120000000000000e+03 1.4765390349293985e-06
9.7150000000000000e+03 1.4608208213905244e-06
9.7180000000000000e+03 1.4451098868618012e-06
9.7210000000000000e+03 1.4294062257268958e-06
9.7240000000000000e+03 1.4137098323754626e-06
9.7270000000000000e+03 1.3980207012032756e-06
9.7300000000000000e+03 1.3823388266121402e-06
9.7330000000000000e+03 1.3666642030098265e-06
9.7360000000000000e+03 1.3509968248102692e-06
9.7390000000000000e+03 1.3353366864333226e-06
9.7420000000000000e+03 1.3196837823048964e-06
9.7450000000000000e+03 1.3040381068568859e-06
9.7480000000000000e+03 1.2883996545272192e-06
9.7510000000000000e+03 1.2727684197597884e-06
9.7540000000000000e+03 1.2571443970044740e-06
9.7570000000000000e+03 1.2415275807171212e-06
9.7600000000000000e+03 1.2259179653595632e-06
9.7630000000000000e+03 1.2103155453995537e-06
9.7660000000000000e+03 1.1947203153108127e-06
9.7690000000000000e+03 1.1791322695730245e-06
9.7720000000000000e+03 1.1635514026717732e-06
9.7750000000000000e+03 1.1479777090985866e-06
9.7780000000000000e+03 1.1324111833508688e-06
9.7810000000000000e+03 1.1168518199319904e-06
9.7840000000000000e+03 1.1012996133511986e-06
9.7870000000000000e+03 1.0857545581235960e-06
9.7900000000000000e+03 1.0702166487702284e-06
9.7930000000000000e+03 1.0546858798179534e-06
9.7960000000000000e+03 1.0391622457995490e-06
9.7990000000000000e+03 1.0236457412536273e-06
9.8020000000000000e+03 1.0081363607246550e-06
9.8050000000000000e+03 9.9263409876295482e-07
9.8080000000000000e+03 9.7713894992466021e-07
9.8110000000000000e+03 9.6165090877173791e-07
9.8140000000000000e+03 9.4616996987196616e-07
9.8170000000000000e+03 9.3069612779897820e-07
9.8200000000000000e+03 9.1522937713213056e-07
9.8230000000000000e+03 8.9976971245667927e-07
9.8260000000000000e+03 8.8431712836355938e-07
9.8290000000000000e+03 8.6887161944953893e-07
9.8320000000000000e+03 8.5343318031717576e-07
9.8350000000000000e+03 8.3800180557477268e-07
9.8380000000000000e+03 8.2257748983633349e-07
9.8410000000000000e+03 8.0716022772169548e-07
9.8440000000000000e+03 7.9175001385637501e-07
9.8470000000000000e+03 7.7634684287165553e-07
9.8500000000000000e+03 7.6095070940452231e-07
9.8530000000000000e+03 7.4556160809768309e-07
9.8560000000000000e+03 7.3017953359954706e-07
9.8590000000000000e+03 7.1480448056424662e-07
9.8620000000000000e+03 6.9943644365159352e-07
9.8650000000000000e+03 6.8407541752705653e-07
9.8680000000000000e+03 6.6872139686180526e-07
9.8710000000000000e+03 6.5337437633268931e-07
9.8740000000000000e+03 6.3803435062221469e-07
9.8770000000000000e+03 6.2270131441852288e-07
9.8800000000000000e+03 6.0737526241539062e-07
9.8830000000000000e+03 5.9205618931229556e-07
9.8860000000000000e+03 5.7674408981426248e-07
9.8890000000000000e+03 5.6143895863201777e-07
9.8920000000000000e+03 5.4614079048183448e-07
9.8950000000000000e+03 5.3084958008564290e-07
9.8980000000000000e+03 5.1556532217092064e-07
9.9010000000000000e+03 5.0028801147082414e-07
9.9040000000000000e+03 4.8501764272396928e-07
9.9070000000000000e+03 4.6975421067467281e-07
9.9100000000000000e+03 4.5449771007275479e-07
9.9130000000000000e+03 4.3924813567360420e-07
9.9160000000000000e+03 4.2400548223815736e-07
9.9190000000000000e+03 4.0876974453291946e-07
9.9220000000000000e+03 3.9354091732992093e-07
9.9250000000000000e+03 3.7831899540671724e-07
9.9280000000000000e+03 3.6310397354641103e-07
9.9310000000000000e+03 3.4789584653758598e-07
9.9340000000000000e+03 3.3269460917437273e-07
9.9370000000000000e+03 3.1750025625636109e-07
9.9400000000000000e+03 3.0231278258868810e-07
9.9430000000000000e+03 2.8713218298192769e-07
9.9460000000000000e+03 2.7195845225215690e-07
9.9490000000000000e+03 2.5679158522091174e-07
9.9520000000000000e+03 2.4163157671523152e-07
9.9550000000000000e+03 2.2647842156752638e-07
9.9580000000000000e+03 2.1133211461575353e-07
9.9610000000000000e+03 1.9619265070326333e-07
9.9640000000000000e+03 1.8106002467882111e-07
9.9670000000000000e+03 1.6593423139667328e-07
9.9700000000000000e+03 1.5081526571643727e-07
9.9730000000000000e+03 1.3570312250316746e-07
9.9760000000000000e+03 1.2059779662731139e-07
9.9790000000000000e+03 1.0549928296473152e-07
9.9820000000000000e+03 9.0407576396661369e-08
9.9850000000000000e+03 7.5322671809749459e-08
9.9880000000000000e+03 6.0244564095949299e-08
9.9910000000000000e+03 4.5173248152673430e-08
9.9940000000000000e+03 3.0108718882639418e-08
9.9970000000000000e+03 1.5050971193935761e-08
1.0000000000000000e+04 0.0000000000000000e+00
