# Parameters: ALPHA=1.5 LMIN=0.01 LMAX=1000 C_AGING=1 TAU0=1 V1=0.1 V2=1
# index = 4
# t/tau = 1.0000000000000000e+03
# t = 1.0000000000000000e+03
# theta_max = 1.0000000000000000e+03
# columns: theta  P_t(theta)
0.0000000000000000e+00 3.1622776601683794e-01
1.0000000000000000e-04 3.1622776601683794e-01
1.0069351484163710e-04 3.1622776601683794e-01
1.0139183931162991e-04 3.1622776601683794e-01
1.0209500676546490e-04 3.1622776601683794e-01
1.0280305078995381e-04 3.1622776601683794e-01
1.0351600520483787e-04 3.1622776601683794e-01
1.0423390406440324e-04 3.1622776601683794e-01
1.0495678165910766e-04 3.1622776601683794e-01
1.0568467251721822e-04 3.1622776601683794e-01
1.0641761140646069e-04 3.1622776601683794e-01
1.0715563333568019e-04 3.1622776601683794e-01
1.0789877355651338e-04 3.1622776601683794e-01
1.0864706756507219e-04 3.1622776601683794e-01
1.0940055110363947e-04 3.1622776601683794e-01
1.1015926016237598e-04 3.1622776601683794e-01
1.1092323098103968e-04 3.1622776601683794e-01
1.1169250005071660e-04 3.1622776601683794e-01
1.1246710411556385e-04 3.1622776601683794e-01
1.1324708017456474e-04 3.1622776601683794e-01
1.1403246548329600e-04 3.1622776601683794e-01
1.1482329755570736e-04 3.1622776601683794e-01
1.1561961416591332e-04 3.1622776601683794e-01
1.1642145334999749e-04 3.1622776601683794e-01
1.1722885340782933e-04 3.1622776601683794e-01
1.1804185290489363e-04 3.1622776601683794e-01
1.1886049067413238e-04 3.1622776601683794e-01
1.1968480581780017e-04 3.1622776601683794e-01
1.2051483770933116e-04 3.1622776601683794e-01
1.2135062599522024e-04 3.1622776601683794e-01
1.2219221059691661e-04 3.1622776601683794e-01
1.2303963171273071e-04 3.1622776601683794e-01
1.2389292981975411e-04 3.1622776601683794e-01
1.2475214567579315e-04 3.1622776601683794e-01
1.2561732032131552e-04 3.1622776601683794e-01
1.2648849508141064e-04 3.1622776601683794e-01
1.2736571156776364e-04 3.1622776601683794e-01
1.2824901168064279e-04 3.1622776601683794e-01
1.2913843761090096e-04 3.1622776601683794e-01
1.3003403184199080e-04 3.1622776601683794e-01
1.3093583715199415e-04 3.1622776601683794e-01
1.3184389661566499e-04 3.1622776601683794e-01
1.3275825360648731e-04 3.1622776601683794e-01
1.3367895179874651e-04 3.1622776601683794e-01
1.3460603516961573e-04 3.1622776601683794e-01
1.3553954800125628e-04 3.1622776601683794e-01
1.3647953488293285e-04 3.1622776601683794e-01
1.3742604071314326e-04 3.1622776601683794e-01
1.3837911070176316e-04 3.1622776601683794e-01
1.3933879037220532e-04 3.1622776601683794e-01
1.4030512556359416e-04 3.1622776601683794e-01
1.4127816243295527e-04 3.1622776601683794e-01
1.4225794745741996e-04 3.1622776601683794e-01
1.4324452743644548e-04 3.1622776601683794e-01
1.4423794949405016e-04 3.1622776601683794e-01
1.4523826108106444e-04 3.1622776601683794e-01
1.4624550997739726e-04 3.1622776601683794e-01
1.4725974429431838e-04 3.1622776601683794e-01
1.4828101247675631e-04 3.1622776601683794e-01
1.4930936330561238e-04 3.1622776601683794e-01
1.5034484590009065e-04 3.1622776601683794e-01
1.5138750972004423e-04 3.1622776601683794e-01
1.5243740456833752e-04 3.1622776601683794e-01
1.5349458059322536e-04 3.1622776601683794e-01
1.5455908829074800e-04 3.1622776601683794e-01
1.5563097850714331e-04 3.1622776601683794e-01
1.5671030244127540e-04 3.1622776601683794e-01
1.5779711164708003e-04 3.1622776601683794e-01
1.5889145803602719e-04 3.1622776601683794e-01
1.5999339387960063e-04 3.1622776601683794e-01
1.6110297181179457e-04 3.1622776601683794e-01
1.6222024483162779e-04 3.1622776601683794e-01
1.6334526630567517e-04 3.1622776601683794e-01
1.6447808997061667e-04 3.1622776601683794e-01
1.6561876993580413e-04 3.1622776601683794e-01
1.6676736068584557e-04 3.1622776601683794e-01
1.6792391708320839e-04 3.1622776601683794e-01
1.6908849437083883e-04 3.1622776601683794e-01
1.7026114817480129e-04 3.1622776601683794e-01
1.7144193450693528e-04 3.1622776601683794e-01
1.7263090976753063e-04 3.1622776601683794e-01
1.7382813074802160e-04 3.1622776601683794e-01
1.7503365463369949e-04 3.1622776601683794e-01
1.7624753900644401e-04 3.1622776601683794e-01
1.7746984184747384e-04 3.1622776601683794e-01
1.7870062154011596e-04 3.1622776601683794e-01
1.7993993687259442e-04 3.1622776601683794e-01
1.8118784704083829e-04 3.1622776601683794e-01
1.8244441165130923e-04 3.1622776601683794e-01
1.8370969072384856e-04 3.1622776601683794e-01
1.8498374469454404e-04 3.1622776601683794e-01
1.8626663441861680e-04 3.1622776601683794e-01
1.8755842117332782e-04 3.1622776601683794e-01
1.8885916666090509e-04 3.1622776601683794e-01
1.9016893301149060e-04 3.1622776601683794e-01
1.9148778278610821e-04 3.1622776601683794e-01
1.9281577897965169e-04 3.1622776601683794e-01
1.9415298502389376e-04 3.1622776601683794e-01
1.9549946479051591e-04 3.1622776601683794e-01
1.9685528259415924e-04 3.1622776601683794e-01
1.9822050319549640e-04 3.1622776601683794e-01
1.9959519180432489e-04 3.1622776601683794e-01
2.0097941408268194e-04 3.1622776601683794e-01
2.0237323614798061e-04 3.1622776601683794e-01
2.0377672457616816e-04 3.1622776601683794e-01
2.0518994640490585e-04 3.1622776601683794e-01
2.0661296913677108e-04 3.1622776601683794e-01
2.0804586074248168e-04 3.1622776601683794e-01
2.0948868966414244e-04 3.1622776601683794e-01
2.1094152481851436e-04 3.1622776601683794e-01
2.1240443560030636e-04 3.1622776601683794e-01
2.1387749188549001e-04 3.1622776601683794e-01
2.1536076403463707e-04 3.1622776601683794e-01
2.1685432289628032e-04 3.1622776601683794e-01
2.1835823981029766e-04 3.1622776601683794e-01
2.1987258661131960e-04 3.1622776601683794e-01
2.2139743563216052e-04 3.1622776601683794e-01
2.2293285970727348e-04 3.1622776601683794e-01
2.2447893217622945e-04 3.1622776601683794e-01
2.2603572688722007e-04 3.1622776601683794e-01
2.2760331820058526e-04 3.1622776601683794e-01
2.2918178099236484e-04 3.1622776601683794e-01
2.3077119065787512e-04 3.1622776601683794e-01
2.3237162311530988e-04 3.1622776601683794e-01
2.3398315480936758e-04 3.1622776601683794e-01
2.3560586271490126e-04 3.1622776601683794e-01
2.3723982434059625e-04 3.1622776601683794e-01
2.3888511773267207e-04 3.1622776601683794e-01
2.4054182147861041e-04 3.1622776601683794e-01
2.4221001471090879e-04 3.1622776601683794e-01
2.4388977711086034e-04 3.1622776601683794e-01
2.4558118891235980e-04 3.1622776601683794e-01
2.4728433090573588e-04 3.1622776601683794e-01
2.4899928444161015e-04 3.1622776601683794e-01
2.5072613143478292e-04 3.1622776601683794e-01
2.5246495436814564e-04 3.1622776601683794e-01
2.5421583629662111e-04 3.1622776601683794e-01
2.5597886085113004e-04 3.1622776601683794e-01
2.5775411224258622e-04 3.1622776601683794e-01
2.5954167526591850e-04 3.1622776601683794e-01
2.6134163530412122e-04 3.1622776601683794e-01
2.6315407833233241e-04 3.1622776601683794e-01
2.6497909092194043e-04 3.1622776601683794e-01
2.6681676024471914e-04 3.1622776601683794e-01
2.6866717407699159e-04 3.1622776601683794e-01
2.7053042080382251e-04 3.1622776601683794e-01
2.7240658942324030e-04 3.1622776601683794e-01
2.7429576955048792e-04 3.1622776601683794e-01
2.7619805142230322e-04 3.1622776601683794e-01
2.7811352590122938e-04 3.1622776601683794e-01
2.8004228447995466e-04 3.1622776601683794e-01
2.8198441928568271e-04 3.1622776601683794e-01
2.8394002308453314e-04 3.1622776601683794e-01
2.8590918928597219e-04 3.1622776601683794e-01
2.8789201194727470e-04 3.1622776601683794e-01
2.8988858577801672e-04 3.1622776601683794e-01
2.9189900614459918e-04 3.1622776601683794e-01
2.9392336907480313e-04 3.1622776601683794e-01
2.9596177126237669e-04 3.1622776601683794e-01
2.9801431007165334e-04 3.1622776601683794e-01
3.0008108354220267e-04 3.1622776601683794e-01
3.0216219039351326e-04 3.1622776601683794e-01
3.0425773002970801e-04 3.1622776601683794e-01
3.0636780254429219e-04 3.1622776601683794e-01
3.0849250872493430e-04 3.1622776601683794e-01
3.1063195005828038e-04 3.1622776601683794e-01
3.1278622873480129e-04 3.1622776601683794e-01
3.1495544765367412e-04 3.1622776601683794e-01
3.1713971042769690e-04 3.1622776601683794e-01
3.1933912138823792e-04 3.1622776601683794e-01
3.2155378559021883e-04 3.1622776601683794e-01
3.2378380881713297e-04 3.1622776601683794e-01
3.2602929758609734e-04 3.1622776601683794e-01
3.2829035915294210e-04 3.1622776601683794e-01
3.3056710151733152e-04 3.1622776601683794e-01
3.3285963342792379e-04 3.1622776601683794e-01
3.3516806438756527e-04 3.1622776601683794e-01
3.3749250465852086e-04 3.1622776601683794e-01
3.3983306526774048e-04 3.1622776601683794e-01
3.4218985801216253e-04 3.1622776601683794e-01
3.4456299546405382e-04 3.1622776601683794e-01
3.4695259097638641e-04 3.1622776601683794e-01
3.4935875868825211e-04 3.1622776601683794e-01
3.5178161353031429e-04 3.1622776601683794e-01
3.5422127123029749e-04 3.1622776601683794e-01
3.5667784831851522e-04 3.1622776601683794e-01
3.5915146213343595e-04 3.1622776601683794e-01
3.6164223082728802e-04 3.1622776601683794e-01
3.6415027337170276e-04 3.1622776601683794e-01
3.6667570956339758e-04 3.1622776601683794e-01
3.6921866002989791e-04 3.1622776601683794e-01
3.7177924623529884e-04 3.1622776601683794e-01
3.7435759048606718e-04 3.1622776601683794e-01
3.7695381593688313e-04 3.1622776601683794e-01
3.7956804659652281e-04 3.1622776601683794e-01
3.8220040733378174e-04 3.1622776601683794e-01
3.8485102388343897e-04 3.1622776601683794e-01
3.8752002285226292e-04 3.1622776601683794e-01
3.9020753172505889e-04 3.1622776601683794e-01
3.9291367887075795e-04 3.1622776601683794e-01
3.9563859354854898e-04 3.1622776601683794e-01
3.9838240591405245e-04 3.1622776601683794e-01
4.0114524702553739e-04 3.1622776601683794e-01
4.0392724885018129e-04 3.1622776601683794e-01
4.0672854427037375e-04 3.1622776601683794e-01
4.0954926709006327e-04 3.1622776601683794e-01
4.1238955204114884e-04 3.1622776601683794e-01
4.1524953478991496e-04 3.1622776601683794e-01
4.1812935194351203e-04 3.1622776601683794e-01
4.2102914105648134e-04 3.1622776601683794e-01
4.2394904063732523e-04 3.1622776601683794e-01
4.2688919015512321e-04 3.1622776601683794e-01
4.2984973004619342e-04 3.1622776601683794e-01
4.3283080172080079e-04 3.1622776601683794e-01
4.3583254756991138e-04 3.1622776601683794e-01
4.3885511097199379e-04 3.1622776601683794e-01
4.4189863629986754e-04 3.1622776601683794e-01
4.4496326892759909e-04 3.1622776601683794e-01
4.4804915523744557e-04 3.1622776601683794e-01
4.5115644262684693e-04 3.1622776601683794e-01
4.5428527951546608e-04 3.1622776601683794e-01
4.5743581535227795e-04 3.1622776601683794e-01
4.6060820062270968e-04 3.1622776601683794e-01
4.6380258685582574e-04 3.1622776601683794e-01
4.6701912663156769e-04 3.1622776601683794e-01
4.7025797358804159e-04 3.1622776601683794e-01
4.7351928242885655e-04 3.1622776601683794e-01
4.7680320893051415e-04 3.1622776601683794e-01
4.8010990994984924e-04 3.1622776601683794e-01
4.8343954343152195e-04 3.1622776601683794e-01
4.8679226841556223e-04 3.1622776601683794e-01
4.9016824504496601e-04 3.1622776601683794e-01
4.9356763457334503e-04 3.1622776601683794e-01
4.9699059937262835e-04 3.1622776601683794e-01
5.0043730294081865e-04 3.1622776601683794e-01
5.0390790990980164e-04 3.1622776601683794e-01
5.0740258605320944e-04 3.1622776601683794e-01
5.1092149829433896e-04 3.1622776601683794e-01
5.1446481471412479e-04 3.1622776601683794e-01
5.1803270455916815e-04 3.1622776601683794e-01
5.2162533824982003e-04 3.1622776601683794e-01
5.2524288738832220e-04 3.1622776601683794e-01
5.2888552476700349e-04 3.1622776601683794e-01
5.3255342437653289e-04 3.1622776601683794e-01
5.3624676141423081e-04 3.1622776601683794e-01
5.3996571229243673e-04 3.1622776601683794e-01
5.4371045464693629e-04 3.1622776601683794e-01
5.4748116734544539e-04 3.1622776601683794e-01
5.5127803049615409e-04 3.1622776601683794e-01
5.5510122545632961e-04 3.1622776601683794e-01
5.5895093484097872e-04 3.1622776601683794e-01
5.6282734253157018e-04 3.1622776601683794e-01
5.6673063368481837e-04 3.1622776601683794e-01
5.7066099474152652e-04 3.1622776601683794e-01
5.7461861343549288e-04 3.1622776601683794e-01
5.7860367880247735e-04 3.1622776601683794e-01
5.8261638118923089e-04 3.1622776601683794e-01
5.8665691226258716e-04 3.1622776601683794e-01
5.9072546501861807e-04 3.1622776601683794e-01
5.9482223379185204e-04 3.1622776601683794e-01
5.9894741426455588e-04 3.1622776601683794e-01
6.0310120347608221e-04 3.1622776601683794e-01
6.0728379983228083e-04 3.1622776601683794e-01
6.1149540311497541e-04 3.1622776601683794e-01
6.1573621449150634e-04 3.1622776601683794e-01
6.2000643652433945e-04 3.1622776601683794e-01
6.2430627318074109e-04 3.1622776601683794e-01
6.2863592984252091e-04 3.1622776601683794e-01
6.3299561331584225e-04 3.1622776601683794e-01
6.3738553184109934e-04 3.1622776601683794e-01
6.4180589510286429e-04 3.1622776601683794e-01
6.4625691423990449e-04 3.1622776601683794e-01
6.5073880185526425e-04 3.1622776601683794e-01
6.5525177202642188e-04 3.1622776601683794e-01
6.5979604031551529e-04 3.1622776601683794e-01
6.6437182377963725e-04 3.1622776601683794e-01
6.6897934098120409e-04 3.1622776601683794e-01
6.7361881199839481e-04 3.1622776601683794e-01
6.7829045843566325e-04 3.1622776601683794e-01
6.8299450343432290e-04 3.1622776601683794e-01
6.8773117168320554e-04 3.1622776601683794e-01
6.9250068942939332e-04 3.1622776601683794e-01
6.9730328448902536e-04 3.1622776601683794e-01
7.0213918625817973e-04 3.1622776601683794e-01
7.0700862572383024e-04 3.1622776601683794e-01
7.1191183547487946e-04 3.1622776601683794e-01
7.1684904971326885e-04 3.1622776601683794e-01
7.2182050426516486e-04 3.1622776601683794e-01
7.2682643659222361e-04 3.1622776601683794e-01
7.3186708580293266e-04 3.1622776601683794e-01
7.3694269266403299e-04 3.1622776601683794e-01
7.4205349961201810e-04 3.1622776601683794e-01
7.4719975076471498e-04 3.1622776601683794e-01
7.5238169193294377e-04 3.1622776601683794e-01
7.5759957063225897e-04 3.1622776601683794e-01
7.6285363609477263e-04 3.1622776601683794e-01
7.6814413928105816e-04 3.1622776601683794e-01
7.7347133289213787e-04 3.1622776601683794e-01
7.7883547138155322e-04 3.1622776601683794e-01
7.8423681096751851e-04 3.1622776601683794e-01
7.8967560964515976e-04 3.1622776601683794e-01
7.9515212719883722e-04 3.1622776601683794e-01
8.0066662521455429e-04 3.1622776601683794e-01
8.0621936709245209e-04 3.1622776601683794e-01
8.1181061805939093e-04 3.1622776601683794e-01
8.1744064518161875e-04 3.1622776601683794e-01
8.2310971737752732e-04 3.1622776601683794e-01
8.2881810543049771e-04 3.1622776601683794e-01
8.3456608200183362e-04 3.1622776601683794e-01
8.4035392164378555e-04 3.1622776601683794e-01
8.4618190081266469e-04 3.1622776601683794e-01
8.5205029788204740e-04 3.1622776601683794e-01
8.5795939315607252e-04 3.1622776601683794e-01
8.6390946888282953e-04 3.1622776601683794e-01
8.6990080926784019e-04 3.1622776601683794e-01
8.7593370048763390e-04 3.1622776601683794e-01
8.8200843070341671e-04 3.1622776601683794e-01
8.8812529007483538e-04 3.1622776601683794e-01
8.9428457077383604e-04 3.1622776601683794e-01
9.0048656699862322e-04 3.1622776601683794e-01
9.0673157498770711e-04 3.1622776601683794e-01
9.1301989303405669e-04 3.1622776601683794e-01
9.1935182149934706e-04 3.1622776601683794e-01
9.2572766282830602e-04 3.1622776601683794e-01
9.3214772156316060e-04 3.1622776601683794e-01
9.3861230435818321e-04 3.1622776601683794e-01
9.4512171999433915e-04 3.1622776601683794e-01
9.5167627939403573e-04 3.1622776601683794e-01
9.5827629563597315e-04 3.1622776601683794e-01
9.6492208397009889e-04 3.1622776601683794e-01
9.7161396183266557e-04 3.1622776601683794e-01
9.7835224886139334e-04 3.1622776601683794e-01
9.8513726691073730e-04 3.1622776601683794e-01
9.9196934006726156e-04 3.1622776601683794e-01
9.9884879466511744e-04 3.1622776601683794e-01
1.0057759593016333e-03 3.1622776601683794e-01
1.0127511648530081e-03 3.1622776601683794e-01
1.0197747444901165e-03 3.1622776601683794e-01
1.0268470336944223e-03 3.1622776601683794e-01
1.0339683702740032e-03 3.1622776601683794e-01
1.0411390943796867e-03 3.1622776601683794e-01
1.0483595485212961e-03 3.1622776601683794e-01
1.0556300775840109e-03 3.1622776601683794e-01
1.0629510288448414e-03 3.1622776601683794e-01
1.0703227519892145e-03 3.1622776601683794e-01
1.0777455991276784e-03 3.1622776601683794e-01
1.0852199248127196e-03 3.1622776601683794e-01
1.0927460860556987e-03 3.1622776601683794e-01
1.1003244423439034e-03 3.1622776601683794e-01
1.1079553556577191e-03 3.1622776601683794e-01
1.1156391904879185e-03 3.1622776601683794e-01
1.1233763138530722e-03 3.1622776601683794e-01
1.1311670953170791e-03 3.1622776601683794e-01
1.1390119070068183e-03 3.1622776601683794e-01
1.1469111236299245e-03 3.1622776601683794e-01
1.1548651224926848e-03 3.1622776601683794e-01
1.1628742835180620e-03 3.1622776601683794e-01
1.1709389892638408e-03 3.1622776601683794e-01
1.1790596249409010e-03 3.1622776601683794e-01
1.1872365784316170e-03 3.1622776601683794e-01
1.1954702403083846e-03 3.1622776601683794e-01
1.2037610038522781e-03 3.1622776601683794e-01
1.2121092650718335e-03 3.1622776601683794e-01
1.2205154227219650e-03 3.1622776601683794e-01
1.2289798783230116e-03 3.1622776601683794e-01
1.2375030361799152e-03 3.1622776601683794e-01
1.2460853034015327e-03 3.1622776601683794e-01
1.2547270899200798e-03 3.1622776601683794e-01
1.2634288085107167e-03 3.1622776601683794e-01
1.2721908748112574e-03 3.1622776601683794e-01
1.2810137073420262e-03 3.1622776601683794e-01
1.2898977275258489e-03 3.1622776601683794e-01
1.2988433597081804e-03 3.1622776601683794e-01
1.3078510311773745e-03 3.1622776601683794e-01
1.3169211721850934e-03 3.1622776601683794e-01
1.3260542159668585e-03 3.1622776601683794e-01
1.3352505987627430e-03 3.1622776601683794e-01
1.3445107598382109e-03 3.1622776601683794e-01
1.3538351415050968e-03 3.1622776601683794e-01
1.3632241891427333e-03 3.1622776601683794e-01
1.3726783512192251e-03 3.1622776601683794e-01
1.3821980793128699e-03 3.1622776601683794e-01
1.3917838281337276e-03 3.1622776601683794e-01
1.4014360555453399e-03 3.1622776601683794e-01
1.4111552225866005e-03 3.1622776601683794e-01
1.4209417934937757e-03 3.1622776601683794e-01
1.4307962357226792e-03 3.1622776601683794e-01
1.4407190199710010e-03 3.1622776601683794e-01
1.4507106202007885e-03 3.1622776601683794e-01
1.4607715136610866e-03 3.1622776601683794e-01
1.4709021809107333e-03 3.1622776601683794e-01
1.4811031058413130e-03 3.1622776601683794e-01
1.4913747757002705e-03 3.1622776601683794e-01
1.5017176811141840e-03 3.1622776601683794e-01
1.5121323161121994e-03 3.1622776601683794e-01
1.5226191781496283e-03 3.1622776601683794e-01
1.5331787681317087e-03 3.1622776601683794e-01
1.5438115904375311e-03 3.1622776601683794e-01
1.5545181529441291e-03 3.1622776601683794e-01
1.5652989670507395e-03 3.1622776601683794e-01
1.5761545477032287e-03 3.1622776601683794e-01
1.5870854134186886e-03 3.1622776601683794e-01
1.5980920863102048e-03 3.1622776601683794e-01
1.6091750921117941e-03 3.1622776601683794e-01
1.6203349602035169e-03 3.1622776601683794e-01
1.6315722236367629e-03 3.1622776601683794e-01
1.6428874191597124e-03 3.1622776601683794e-01
1.6542810872429735e-03 3.1622776601683794e-01
1.6657537721053992e-03 3.1622776601683794e-01
1.6773060217400799e-03 3.1622776601683794e-01
1.6889383879405203e-03 3.1622776601683794e-01
1.7006514263269942e-03 3.1622776601683794e-01
1.7124456963730850e-03 3.1622776601683794e-01
1.7243217614324080e-03 3.1622776601683794e-01
1.7362801887655201e-03 3.1622776601683794e-01
1.7483215495670138e-03 3.1622776601683794e-01
1.7604464189927989e-03 3.1622776601683794e-01
1.7726553761875828e-03 3.1622776601683794e-01
1.7849490043125218e-03 3.1622776601683794e-01
1.7973278905730828e-03 3.1622776601683794e-01
1.8097926262470899e-03 3.1622776601683794e-01
1.8223438067129674e-03 3.1622776601683794e-01
1.8349820314781764e-03 3.1622776601683794e-01
1.8477079042078515e-03 3.1622776601683794e-01
1.8605220327536347e-03 3.1622776601683794e-01
1.8734250291827096e-03 3.1622776601683794e-01
1.8864175098070358e-03 3.1622776601683794e-01
1.8995000952127888e-03 3.1622776601683794e-01
1.9126734102900003e-03 3.1622776601683794e-01
1.9259380842624079e-03 3.1622776601683794e-01
1.9392947507175088e-03 3.1622776601683794e-01
1.9527440476368239e-03 3.1622776601683794e-01
1.9662866174263703e-03 3.1622776601683794e-01
1.9799231069473466e-03 3.1622776601683794e-01
1.9936541675470289e-03 3.1622776601683794e-01
2.0074804550898840e-03 3.1622776601683794e-01
2.0214026299888964e-03 3.1622776601683794e-01
2.0354213572371122e-03 3.1622776601683794e-01
2.0495373064394026e-03 3.1622776601683794e-01
2.0637511518444493e-03 3.1622776601683794e-01
2.0780635723769473e-03 3.1622776601683794e-01
2.0924752516700354e-03 3.1622776601683794e-01
2.1069868780979502e-03 3.1622776601683794e-01
2.1215991448089058e-03 3.1622776601683794e-01
2.1363127497582013e-03 3.1622776601683794e-01
2.1511283957415602e-03 3.1622776601683794e-01
2.1660467904286978e-03 3.1622776601683794e-01
2.1810686463971250e-03 3.1622776601683794e-01
2.1961946811661828e-03 3.1622776601683794e-01
2.2114256172313146e-03 3.1622776601683794e-01
2.2267621820985786e-03 3.1622776601683794e-01
2.2422051083193944e-03 3.1622776601683794e-01
2.2577551335255346e-03 3.1622776601683794e-01
2.2734130004643579e-03 3.1622776601683794e-01
2.2891794570342855e-03 3.1622776601683794e-01
2.3050552563205259e-03 3.1622776601683794e-01
2.3210411566310448e-03 3.1622776601683794e-01
2.3371379215327867e-03 3.1622776601683794e-01
2.3533463198881451e-03 3.1622776601683794e-01
2.3696671258916901e-03 3.1622776601683794e-01
2.3861011191071441e-03 3.1622776601683794e-01
2.4026490845046214e-03 3.1622776601683794e-01
2.4193118124981186e-03 3.1622776601683794e-01
2.4360900989832727e-03 3.1622776601683794e-01
2.4529847453753739e-03 3.1622776601683794e-01
2.4699965586476432e-03 3.1622776601683794e-01
2.4871263513697906e-03 3.1622776601683794e-01
2.5043749417468075e-03 3.1622776601683794e-01
2.5217431536580619e-03 3.1622776601683794e-01
2.5392318166966481e-03 3.1622776601683794e-01
2.5568417662090105e-03 3.1622776601683794e-01
2.5745738433348465e-03 3.1622776601683794e-01
2.5924288950472801e-03 3.1622776601683794e-01
2.6104077741933218e-03 3.1622776601683794e-01
2.6285113395346014e-03 3.1622776601683794e-01
2.6467404557883878e-03 3.1622776601683794e-01
2.6650959936688938e-03 3.1622776601683794e-01
2.6835788299288633e-03 3.1622776601683794e-01
2.7021898474014513e-03 3.1622776601683794e-01
2.7209299350423911e-03 3.1622776601683794e-01
2.7397999879724571e-03 3.1622776601683794e-01
2.7588009075202174e-03 3.1622776601683794e-01
2.7779336012650892e-03 3.1622776601683794e-01
2.7971989830806866e-03 3.1622776601683794e-01
2.8165979731784732e-03 3.1622776601683794e-01
2.8361314981517156e-03 3.1622776601683794e-01
2.8558004910197426e-03 3.1622776601683794e-01
2.8756058912725096e-03 3.1622776601683794e-01
2.8955486449154751e-03 3.1622776601683794e-01
2.9156297045147862e-03 3.1622776601683794e-01
2.9358500292427760e-03 3.1622776601683794e-01
2.9562105849237821e-03 3.1622776601683794e-01
2.9767123440802754e-03 3.1622776601683794e-01
2.9973562859793158e-03 3.1622776601683794e-01
3.0181433966793248e-03 3.1622776601683794e-01
3.0390746690771861e-03 3.1622776601683794e-01
3.0601511029556697e-03 3.1622776601683794e-01
3.0813737050311889e-03 3.1622776601683794e-01
3.1027434890018831e-03 3.1622776601683794e-01
3.1242614755960401e-03 3.1622776601683794e-01
3.1459286926208488e-03 3.1622776601683794e-01
3.1677461750114944e-03 3.1622776601683794e-01
3.1897149648805910e-03 3.1622776601683794e-01
3.2118361115679572e-03 3.1622776601683794e-01
3.2341106716907409e-03 3.1622776601683794e-01
3.2565397091938856e-03 3.1622776601683794e-01
3.2791242954009511e-03 3.1622776601683794e-01
3.3018655090652845e-03 3.1622776601683794e-01
3.3247644364215487e-03 3.1622776601683794e-01
3.3478221712376043e-03 3.1622776601683794e-01
3.3710398148667545e-03 3.1622776601683794e-01
3.3944184763003513e-03 3.1622776601683794e-01
3.4179592722207663e-03 3.1622776601683794e-01
3.4416633270547285e-03 3.1622776601683794e-01
3.4655317730270308e-03 3.1622776601683794e-01
3.4895657502146227e-03 3.1622776601683794e-01
3.5137664066010460e-03 3.1622776601683794e-01
3.5381348981312830e-03 3.1622776601683794e-01
3.5626723887669650e-03 3.1622776601683794e-01
3.5873800505419710e-03 3.1622776601683794e-01
3.6122590636184083e-03 3.1622776601683794e-01
3.6373106163429831e-03 3.1622776601683794e-01
3.6625359053037640e-03 3.1622776601683794e-01
3.6879361353873330e-03 3.1622776601683794e-01
3.7135125198363419e-03 3.1622776601683794e-01
3.7392662803074589e-03 3.1622776601683794e-01
3.7651986469297229e-03 3.1622776601683794e-01
3.7913108583632997e-03 3.1622776601683794e-01
3.8176041618586481e-03 3.1622776601683794e-01
3.8440798133160935e-03 3.1622776601683794e-01
3.8707390773458162e-03 3.1622776601683794e-01
3.8975832273282565e-03 3.1622776601683794e-01
3.9246135454749365e-03 3.1622776601683794e-01
3.9518313228897048e-03 3.1622776601683794e-01
3.9792378596304086e-03 3.1622776601683794e-01
4.0068344647709881e-03 3.1622776601683794e-01
4.0346224564640053e-03 3.1622776601683794e-01
4.0626031620036073e-03 3.1622776601683794e-01
4.0907779178889197e-03 3.1622776601683794e-01
4.1191480698878928e-03 3.1622776601683794e-01
4.1477149731015735e-03 3.1622776601683794e-01
4.1764799920288370e-03 3.1622776601683794e-01
4.2054445006315614e-03 3.1622776601683794e-01
4.2346098824002521e-03 3.1622776601683794e-01
4.2639775304201292e-03 3.1622776601683794e-01
4.2935488474376646e-03 3.1622776601683794e-01
4.3233252459275832e-03 3.1622776601683794e-01
4.3533081481603349e-03 3.1622776601683794e-01
4.3834989862700235e-03 3.1622776601683794e-01
4.4138992023228180e-03 3.1622776601683794e-01
4.4445102483858289e-03 3.1622776601683794e-01
4.4753335865964665e-03 3.1622776601683794e-01
4.5063706892322832e-03 3.1622776601683794e-01
4.5376230387812926e-03 3.1622776601683794e-01
4.5690921280127856e-03 3.1622776601683794e-01
4.6007794600486270e-03 3.1622776601683794e-01
4.6326865484350548e-03 3.1622776601683794e-01
4.6648149172149773e-03 3.1622776601683794e-01
4.6971661010007651e-03 3.1622776601683794e-01
4.7297416450475518e-03 3.1622776601683794e-01
4.7625431053270476e-03 3.1622776601683794e-01
4.7955720486018549e-03 3.1622776601683794e-01
4.8288300525003046e-03 3.1622776601683794e-01
4.8623187055918263e-03 3.1622776601683794e-01
4.8960396074628027e-03 3.1622776601683794e-01
4.9299943687929884e-03 3.1622776601683794e-01
4.9641846114324411e-03 3.1622776601683794e-01
4.9986119684789897e-03 3.1622776601683794e-01
5.0332780843562403e-03 3.1622776601683794e-01
5.0681846148921180e-03 3.1622776601683794e-01
5.1033332273979631e-03 3.1622776601683794e-01
5.1387256007481659e-03 3.1622776601683794e-01
5.1743634254603601e-03 3.1622776601683794e-01
5.2102484037761694e-03 3.1622776601683794e-01
5.2463822497425174e-03 3.1622776601683794e-01
5.2827666892934959e-03 3.1622776601683794e-01
5.3194034603328069e-03 3.1622776601683794e-01
5.3562943128167726e-03 3.1622776601683794e-01
5.3934410088379214e-03 3.1622776601683794e-01
5.4308453227091538e-03 3.1622776601683794e-01
5.4685090410484961e-03 3.1622776601683794e-01
5.5064339628644338e-03 3.1622776601683794e-01
5.5446218996418450e-03 3.1622776601683794e-01
5.5830746754285216e-03 3.1622776601683794e-01
5.6217941269223011e-03 3.1622776601683794e-01
5.6607821035587905e-03 3.1622776601683794e-01
5.7000404675997072e-03 3.1622776601683794e-01
5.7395710942218323e-03 3.1622776601683794e-01
5.7793758716065732e-03 3.1622776601683794e-01
5.8194567010301590e-03 3.1622776601683794e-01
5.8598154969544481e-03 3.1622776601683794e-01
5.9004541871183775e-03 3.1622776601683794e-01
5.9413747126300410e-03 3.1622776601683794e-01
5.9825790280594046e-03 3.1622776601683794e-01
6.0240691015316650e-03 3.1622776601683794e-01
6.0658469148212619e-03 3.1622776601683794e-01
6.1079144634465336e-03 3.1622776601683794e-01
6.1502737567650338e-03 3.1622776601683794e-01
6.1929268180695111e-03 3.1622776601683794e-01
6.2358756846845479e-03 3.1622776601683794e-01
6.2791224080638742e-03 3.1622776601683794e-01
6.3226690538883577e-03 3.1622776601683794e-01
6.3665177021646696e-03 3.1622776601683794e-01
6.4106704473246351e-03 3.1622776601683794e-01
6.4551293983252751e-03 3.1622776601683794e-01
6.4998966787495407e-03 3.1622776601683794e-01
6.5449744269077455e-03 3.1622776601683794e-01
6.5903647959397035e-03 3.1622776601683794e-01
6.6360699539175722e-03 3.1622776601683794e-01
6.6820920839494105e-03 3.1622776601683794e-01
6.7284333842834582e-03 3.1622776601683794e-01
6.7750960684131219e-03 3.1622776601683794e-01
6.8220823651827392e-03 3.1622776601683794e-01
6.8693945188939886e-03 3.1622776601683794e-01
6.9170347894131241e-03 3.1622776601683794e-01
6.9650054522789051e-03 3.1622776601683794e-01
7.0133087988112925e-03 3.1622776601683794e-01
7.0619471362208903e-03 3.1622776601683794e-01
7.1109227877191481e-03 3.1622776601683794e-01
7.1602380926293350e-03 3.1622776601683794e-01
7.2098954064982726e-03 3.1622776601683794e-01
7.2598971012088499e-03 3.1622776601683794e-01
7.3102455650933150e-03 3.1622776601683794e-01
7.3609432030473550e-03 3.1622776601683794e-01
7.4119924366449659e-03 3.1622776601683794e-01
7.4633957042541180e-03 3.1622776601683794e-01
7.5151554611532258e-03 3.1622776601683794e-01
7.5672741796484252e-03 3.1622776601683794e-01
7.6197543491916585e-03 3.1622776601683794e-01
7.6725984764995916e-03 3.1622776601683794e-01
7.7258090856733384e-03 3.1622776601683794e-01
7.7793887183190301e-03 3.1622776601683794e-01
7.8333399336692148e-03 3.1622776601683794e-01
7.8876653087050965e-03 3.1622776601683794e-01
7.9423674382796284e-03 3.1622776601683794e-01
7.9974489352414493e-03 3.1622776601683794e-01
8.0529124305596979e-03 3.1622776601683794e-01
8.1087605734496675e-03 3.1622776601683794e-01
8.1649960314993594e-03 3.1622776601683794e-01
8.2216214907968876e-03 3.1622776601683794e-01
8.2786396560587897e-03 3.1622776601683794e-01
8.3360532507592115e-03 3.1622776601683794e-01
8.3938650172599976e-03 3.1622776601683794e-01
8.4520777169416819e-03 3.1622776601683794e-01
8.5106941303353736e-03 3.1622776601683794e-01
8.5697170572555867e-03 3.1622776601683794e-01
8.6291493169339609e-03 3.1622776601683794e-01
8.6889937481539250e-03 3.1622776601683794e-01
8.7492532093862915e-03 3.1622776601683794e-01
8.8099305789257967e-03 3.1622776601683794e-01
8.8710287550285722e-03 3.1622776601683794e-01
8.9325506560505898e-03 3.1622776601683794e-01
8.9944992205870534e-03 3.1622776601683794e-01
9.0568774076127574e-03 3.1622776601683794e-01
9.1196881966234301e-03 3.1622776601683794e-01
9.1829345877780400e-03 3.1622776601683794e-01
9.2466196020421082e-03 3.1622776601683794e-01
9.3107462813319941e-03 3.1622776601683794e-01
9.3753176886602063e-03 3.1622776601683794e-01
9.4403369082816935e-03 3.1622776601683794e-01
9.5058070458411623e-03 3.1622776601683794e-01
9.5717312285214570e-03 3.1622776601683794e-01
9.6381126051928653e-03 3.1622776601683794e-01
9.7049543465635747e-03 3.1622776601683794e-01
9.7722596453310977e-03 3.1622776601683794e-01
9.8400317163347822e-03 3.1622776601683794e-01
9.9082737967093621e-03 3.1622776601683794e-01
9.9769891460395818e-03 3.1622776601683794e-01
1.0046181046515893e-02 3.1549779053748289e-01
1.0115852803091215e-02 3.1440597561506339e-01
1.0186007743638814e-02 3.1331792706293898e-01
1.0256649219111255e-02 3.1223363188848147e-01
1.0327780603700442e-02 3.1115307714388285e-01
1.0399405294998821e-02 3.1007624992600025e-01
1.0471526714161633e-02 3.0900313737620189e-01
1.0544148306070337e-02 3.0793372668021396e-01
1.0617273539497162e-02 3.0686800506796713e-01
1.0690905907270783e-02 3.0580595981344416e-01
1.0765048926443165e-02 3.0474757823452825e-01
1.0839706138457543e-02 3.0369284769285115e-01
1.0914881109317594e-02 3.0264175559364248e-01
1.0990577429757757e-02 3.0159428938557942e-01
1.1066798715414744e-02 3.0055043656063657e-01
1.1143548607000248e-02 2.9951018465393692e-01
1.1220830770474840e-02 2.9847352124360255e-01
1.1298648897223065e-02 2.9744043395060688e-01
1.1377006704229774e-02 2.9641091043862627e-01
1.1455907934257655e-02 2.9538493841389313e-01
1.1535356356026014e-02 2.9436250562504895e-01
1.1615355764390784e-02 2.9334359986299796e-01
1.1695909980525785e-02 2.9232820896076139e-01
1.1777022852105246e-02 2.9131632079333225e-01
1.1858698253487588e-02 2.9030792327753052e-01
1.1940940085900485e-02 2.8930300437185857e-01
1.2023752277627198e-02 2.8830155207635805e-01
1.2107138784194222e-02 2.8730355443246580e-01
1.2191103588560204e-02 2.8630899952287159e-01
1.2275650701306222e-02 2.8531787547137544e-01
1.2360784160827309e-02 2.8433017044274628e-01
1.2446508033525375e-02 2.8334587264258027e-01
1.2532826414003427e-02 2.8236497031715979e-01
1.2619743425261157e-02 2.8138745175331381e-01
1.2707263218891865e-02 2.8041330527827707e-01
1.2795389975280772e-02 2.7944251925955144e-01
1.2884127903804690e-02 2.7847508210476662e-01
1.2973481243033083e-02 2.7751098226154197e-01
1.3063454260930522e-02 2.7655020821734827e-01
1.3154051255060551e-02 2.7559274849937043e-01
1.3245276552790947e-02 2.7463859167437066e-01
1.3337134511500431e-02 2.7368772634855132e-01
1.3429629518786790e-02 2.7274014116741979e-01
1.3522765992676454e-02 2.7179582481565201e-01
1.3616548381835519e-02 2.7085476601695802e-01
1.3710981165782244e-02 2.6991695353394668e-01
1.3806068855101012e-02 2.6898237616799209e-01
1.3901815991657776e-02 2.6805102275909948e-01
1.3998227148817002e-02 2.6712288218577218e-01
1.4095306931660122e-02 2.6619794336487856e-01
1.4193059977205488e-02 2.6527619525151991e-01
1.4291490954629863e-02 2.6435762683889841e-01
1.4390604565491445e-02 2.6344222715818577e-01
1.4490405543954428e-02 2.6252998527839233e-01
1.4590898657015157e-02 2.6162089030623625e-01
1.4692088704729786e-02 2.6071493138601365e-01
1.4793980520443574e-02 2.5981209769946895e-01
1.4896578971021751e-02 2.5891237846566584e-01
1.4999888957081979e-02 2.5801576294085815e-01
1.5103915413228428e-02 2.5712224041836190e-01
1.5208663308287480e-02 2.5623180022842734e-01
1.5314137645545071e-02 2.5534443173811139e-01
1.5420343462985660e-02 2.5446012435115112e-01
1.5527285833532882e-02 2.5357886750783654e-01
1.5634969865291847e-02 2.5270065068488506e-01
1.5743400701793135e-02 2.5182546339531581e-01
1.5852583522238468e-02 2.5095329518832393e-01
1.5962523541748111e-02 2.5008413564915627e-01
1.6073226011609949e-02 2.4921797439898685e-01
1.6184696219530340e-02 2.4835480109479283e-01
1.6296939489886662e-02 2.4749460542923118e-01
1.6409961183981643e-02 2.4663737713051545e-01
1.6523766700299442e-02 2.4578310596229327e-01
1.6638361474763511e-02 2.4493178172352387e-01
1.6753750980996223e-02 2.4408339424835657e-01
1.6869940730580353e-02 2.4323793340600908e-01
1.6986936273322310e-02 2.4239538910064681e-01
1.7104743197517227e-02 2.4155575127126219e-01
1.7223367130215921e-02 2.4071900989155429e-01
1.7342813737493617e-02 2.3988515496980961e-01
1.7463088724720612e-02 2.3905417654878236e-01
1.7584197836834806e-02 2.3822606470557564e-01
1.7706146858616083e-02 2.3740080955152315e-01
1.7828941614962648e-02 2.3657840123207072e-01
1.7952587971169227e-02 2.3575882992665903e-01
1.8077091833207243e-02 2.3494208584860610e-01
1.8202459148006903e-02 2.3412815924499053e-01
1.8328695903741261e-02 2.3331704039653495e-01
1.8455808130112238e-02 2.3250871961749006e-01
1.8583801898638633e-02 2.3170318725551894e-01
1.8712683322946129e-02 2.3090043369158172e-01
1.8842458559059312e-02 2.3010044933982085e-01
1.8973133805695708e-02 2.2930322464744646e-01
1.9104715304561874e-02 2.2850875009462243e-01
1.9237209340651526e-02 2.2771701619435269e-01
1.9370622242545744e-02 2.2692801349236785e-01
1.9504960382715254e-02 2.2614173256701239e-01
1.9640230177824822e-02 2.2535816402913217e-01
1.9776438089039727e-02 2.2457729852196220e-01
1.9913590622334391e-02 2.2379912672101493e-01
2.0051694328803132e-02 2.2302363933396915e-01
2.0190755804973076e-02 2.2225082710055866e-01
2.0330781693119269e-02 2.2148068079246183e-01
2.0471778681581891e-02 2.2071319121319155e-01
2.0613753505085760e-02 2.1994834919798523e-01
2.0756712945062018e-02 2.1918614561369548e-01
2.0900663829972032e-02 2.1842657135868096e-01
2.1045613035633567e-02 2.1766961736269771e-01
2.1191567485549196e-02 2.1691527458679094e-01
2.1338534151237022e-02 2.1616353402318689e-01
2.1486520052563653e-02 2.1541438669518553e-01
2.1635532258079515e-02 2.1466782365705309e-01
2.1785577885356480e-02 2.1392383599391554e-01
2.1936664101327837e-02 2.1318241482165182e-01
2.2088798122630621e-02 2.1244355128678796e-01
2.2241987215950321e-02 2.1170723656639134e-01
2.2396238698367963e-02 2.1097346186796528e-01
2.2551559937709617e-02 2.1024221842934399e-01
2.2707958352898322e-02 2.0951349751858811e-01
2.2865441414308442e-02 2.0878729043388031e-01
2.3024016644122507e-02 2.0806358850342138e-01
2.3183691616690493e-02 2.0734238308532674e-01
2.3344473958891620e-02 2.0662366556752323e-01
2.3506371350498639e-02 2.0590742736764622e-01
2.3669391524544680e-02 2.0519365993293717e-01
2.3833542267692590e-02 2.0448235474014154e-01
2.3998831420606877e-02 2.0377350329540694e-01
2.4165266878328255e-02 2.0306709713418164e-01
2.4332856590650678e-02 2.0236312782111368e-01
2.4501608562501109e-02 2.0166158694995007e-01
2.4671530854321881e-02 2.0096246614343627e-01
2.4842631582455681e-02 2.0026575705321634e-01
2.5014918919533238e-02 1.9957145135973317e-01
2.5188401094863686e-02 1.9887954077212916e-01
2.5363086394827650e-02 1.9819001702814715e-01
2.5538983163273018e-02 1.9750287189403176e-01
2.5716099801913517e-02 1.9681809716443133e-01
2.5894444770729996e-02 1.9613568466229941e-01
2.6074026588374530e-02 1.9545562623879773e-01
2.6254853832577311e-02 1.9477791377319842e-01
2.6436935140556363e-02 1.9410253917278719e-01
2.6620279209430095e-02 1.9342949437276688e-01
2.6804894796632728e-02 1.9275877133616084e-01
2.6990790720332589e-02 1.9209036205371716e-01
2.7177975859853303e-02 1.9142425854381298e-01
2.7366459156097936e-02 1.9076045285235912e-01
2.7556249611976030e-02 1.9009893705270531e-01
2.7747356292833650e-02 1.8943970324554521e-01
2.7939788326886376e-02 1.8878274355882241e-01
2.8133554905655323e-02 1.8812805014763612e-01
2.8328665284406151e-02 1.8747561519414782e-01
2.8525128782591204e-02 1.8682543090748752e-01
2.8722954784294572e-02 1.8617748952366109e-01
2.8922152738680370e-02 1.8553178330545739e-01
2.9122732160444070e-02 1.8488830454235591e-01
2.9324702630266968e-02 1.8424704555043453e-01
2.9528073795273814e-02 1.8360799867227803e-01
2.9732855369493594e-02 1.8297115627688651e-01
2.9939057134323526e-02 1.8233651075958432e-01
3.0146688938996271e-02 1.8170405454192912e-01
3.0355760701050380e-02 1.8107378007162153e-01
3.0566282406804007e-02 1.8044567982241494e-01
3.0778264111831904e-02 1.7981974629402550e-01
3.0991715941445723e-02 1.7919597201204279e-01
3.1206648091177663e-02 1.7857434952784026e-01
3.1423070827267439e-02 1.7795487141848657e-01
3.1640994487152678e-02 1.7733753028665686e-01
3.1860429479962656e-02 1.7672231876054423e-01
3.2081386287015519e-02 1.7610922949377203e-01
3.2303875462318901e-02 1.7549825516530590e-01
3.2527907633074053e-02 1.7488938847936647e-01
3.2753493500183424e-02 1.7428262216534218e-01
3.2980643838761842e-02 1.7367794897770242e-01
3.3209369498651130e-02 1.7307536169591117e-01
3.3439681404938380e-02 1.7247485312434058e-01
3.3671590558477772e-02 1.7187641609218524e-01
3.3905108036416089e-02 1.7128004345337622e-01
3.4140244992721731e-02 1.7068572808649626e-01
3.4377012658717523e-02 1.7009346289469426e-01
3.4615422343617190e-02 1.6950324080560078e-01
3.4855485435065545e-02 1.6891505477124349e-01
3.5097213399682380e-02 1.6832889776796303e-01
3.5340617783610223e-02 1.6774476279632924e-01
3.5585710213065801e-02 1.6716264288105731e-01
3.5832502394895382e-02 1.6658253107092488e-01
3.6081006117133947e-02 1.6600442043868860e-01
3.6331233249568266e-02 1.6542830408100176e-01
3.6583195744303812e-02 1.6485417511833178e-01
3.6836905636335709e-02 1.6428202669487782e-01
3.7092375044123556e-02 1.6371185197848920e-01
3.7349616170170248e-02 1.6314364416058377e-01
3.7608641301604871e-02 1.6257739645606645e-01
3.7869462810769562e-02 1.6201310210324832e-01
3.8132093155810488e-02 1.6145075436376591e-01
3.8396544881272920e-02 1.6089034652250067e-01
3.8662830618700399e-02 1.6033187188749873e-01
3.8930963087238098e-02 1.5977532378989123e-01
3.9200955094240354e-02 1.5922069558381441e-01
3.9472819535882407e-02 1.5866798064633028e-01
3.9746569397776363e-02 1.5811717237734785e-01
4.0022217755591533e-02 1.5756826419954378e-01
4.0299777775678877e-02 1.5702124955828436e-01
4.0579262715699976e-02 1.5647612192154692e-01
4.0860685925260272e-02 1.5593287477984197e-01
4.1144060846546669e-02 1.5539150164613544e-01
4.1429401014969669e-02 1.5485199605577116e-01
4.1716720059809836e-02 1.5431435156639367e-01
4.2006031704868822e-02 1.5377856175787147e-01
4.2297349769124873e-02 1.5324462023222007e-01
4.2590688167392907e-02 1.5271252061352578e-01
4.2886060910989156e-02 1.5218225654786957e-01
4.3183482108400395e-02 1.5165382170325109e-01
4.3482965965957854e-02 1.5112720976951319e-01
4.3784526788515778e-02 1.5060241445826644e-01
4.4088178980134708e-02 1.5007942950281411e-01
4.4393937044769467e-02 1.4955824865807738e-01
4.4701815586961978e-02 1.4903886570052063e-01
4.5011829312538804e-02 1.4852127442807736e-01
4.5323993029313621e-02 1.4800546866007572e-01
4.5638321647794473e-02 1.4749144223716523e-01
4.5954830181896007e-02 1.4697918902124280e-01
4.6273533749656585e-02 1.4646870289537967e-01
4.6594447573960404e-02 1.4595997776374819e-01
4.6917586983264613e-02 1.4545300755154941e-01
4.7242967412331555e-02 1.4494778620493981e-01
4.7570604402965851e-02 1.4444430769095987e-01
4.7900513604756889e-02 1.4394256599746139e-01
4.8232710775826276e-02 1.4344255513303600e-01
4.8567211783580533e-02 1.4294426912694358e-01
4.8904032605468981e-02 1.4244770202904083e-01
4.9243189329746959e-02 1.4195284790971041e-01
4.9584698156244209e-02 1.4145970085978998e-01
4.9928575397138721e-02 1.4096825499050172e-01
5.0274837477735847e-02 1.4047850443338189e-01
5.0623500937252881e-02 1.3999044334021099e-01
5.0974582429609026e-02 1.3950406588294370e-01
5.1328098724220901e-02 1.3901936625363939e-01
5.1684066706803519e-02 1.3853633866439272e-01
5.2042503380176817e-02 1.3805497734726460e-01
5.2403425865077832e-02 1.3757527655421320e-01
5.2766851400978441e-02 1.3709723055702544e-01
5.3132797346908824e-02 1.3662083364724845e-01
5.3501281182286600e-02 1.3614608013612153e-01
5.3872320507751759e-02 1.3567296435450815e-01
5.4245933046007319e-02 1.3520148065282828e-01
5.4622136642665908e-02 1.3473162340099090e-01
5.5000949267102091e-02 1.3426338698832682e-01
5.5382389013310739e-02 1.3379676582352157e-01
5.5766474100771214e-02 1.3333175433454886e-01
5.6153222875317772e-02 1.3286834696860370e-01
5.6542653810015664e-02 1.3240653819203643e-01
5.6934785506043604e-02 1.3194632249028646e-01
5.7329636693582264e-02 1.3148769436781643e-01
5.7727226232708886e-02 1.3103064834804665e-01
5.8127573114298149e-02 1.3057517897328971e-01
5.8530696460929267e-02 1.3012128080468513e-01
5.8936615527799371e-02 1.2966894842213467e-01
5.9345349703643260e-02 1.2921817642423744e-01
5.9756918511659464e-02 1.2876895942822547e-01
6.0171341610442811e-02 1.2832129206989945e-01
6.0588638794923391e-02 1.2787516900356449e-01
6.1008829997312081e-02 1.2743058490196654e-01
6.1431935288052582e-02 1.2698753445622873e-01
6.1857974876780131e-02 1.2654601237578778e-01
6.2286969113286746e-02 1.2610601338833102e-01
6.2718938488493303e-02 1.2566753223973340e-01
6.3153903635428249e-02 1.2523056369399460e-01
6.3591885330213135e-02 1.2479510253317681e-01
6.4032904493055015e-02 1.2436114355734204e-01
6.4476982189245663e-02 1.2392868158449040e-01
6.4924139630167799e-02 1.2349771145049791e-01
6.5374398174308207e-02 1.2306822800905505e-01
6.5827779328277922e-02 1.2264022613160519e-01
6.6284304747839654e-02 1.2221370070728335e-01
6.6743996238941894e-02 1.2178864664285527e-01
6.7206875758760665e-02 1.2136505886265646e-01
6.7672965416748276e-02 1.2094293230853172e-01
6.8142287475689359e-02 1.2052226193977464e-01
6.8614864352764288e-02 1.2010304273306736e-01
6.9090718620619870e-02 1.1968526968242087e-01
6.9569873008447594e-02 1.1926893779911484e-01
7.0052350403069272e-02 1.1885404211163828e-01
7.0538173850030181e-02 1.1844057766563021e-01
7.1027366554699919e-02 1.1802853952382032e-01
7.1519951883380756e-02 1.1761792276597016e-01
7.2015953364423707e-02 1.1720872248881438e-01
7.2515394689352433e-02 1.1680093380600205e-01
7.3018299713994816e-02 1.1639455184803849e-01
7.3524692459622440e-02 1.1598957176222693e-01
7.4034597114097947e-02 1.1558598871261078e-01
7.4548038033030450e-02 1.1518379787991566e-01
7.5065039740938796e-02 1.1478299446149205e-01
7.5585626932422989e-02 1.1438357367125782e-01
7.6109824473343787e-02 1.1398553073964107e-01
7.6637657402010381e-02 1.1358886091352324e-01
7.7169150930376310e-02 1.1319355945618237e-01
7.7704330445243816e-02 1.1279962164723639e-01
7.8243221509476268e-02 1.1240704278258702e-01
7.8785849863219487e-02 1.1201581817436324e-01
7.9332241425130831e-02 1.1162594315086559e-01
7.9882422293617486e-02 1.1123741305651039e-01
8.0436418748082952e-02 1.1085022325177393e-01
8.0994257250182278e-02 1.1046436911313723e-01
8.1555964445086018e-02 1.1007984603303082e-01
8.2121567162752970e-02 1.0969664941977968e-01
8.2691092419211645e-02 1.0931477469754840e-01
8.3264567417850724e-02 1.0893421730628659e-01
8.3842019550718447e-02 1.0855497270167441e-01
8.4423476399830971e-02 1.0817703635506826e-01
8.5008965738489789e-02 1.0780040375344678e-01
8.5598515532608416e-02 1.0742507039935685e-01
8.6192153942048086e-02 1.0705103181086004e-01
8.6789909321962885e-02 1.0667828352147893e-01
8.7391810224154085e-02 1.0630682108014387e-01
8.7997885398433923e-02 1.0593664005113983e-01
8.8608163793998870e-02 1.0556773601405336e-01
8.9222674560812371e-02 1.0520010456371992e-01
8.9841447050997170e-02 1.0483374131017112e-01
9.0464510820237376e-02 1.0446864187858247e-01
9.1091895629190123e-02 1.0410480190922100e-01
9.1723631444907125e-02 1.0374221705739331e-01
9.2359748442266035e-02 1.0338088299339358e-01
9.3000277005411830e-02 1.0302079540245197e-01
9.3645247729207987e-02 1.0266194998468300e-01
9.4294691420697865e-02 1.0230434245503431e-01
9.4948639100576313e-02 1.0194796854323537e-01
9.5607122004671252e-02 1.0159282399374664e-01
9.6270171585435743e-02 1.0123890456570860e-01
9.6937819513450249e-02 1.0088620603289120e-01
9.7610097678935415e-02 1.0053472418364333e-01
9.8287038193275292e-02 1.0018445482084265e-01
9.8968673390551182e-02 9.9835393761845345e-02
9.9655035829086011e-02 9.9487536838436155e-02
1.0034615829299949e-01 9.9140879896778805e-02
1.0104207379377410e-01 9.8795418797366141e-02
1.0174281557183183e-01 9.8451149414970879e-02
1.0244841709812195e-01 9.8108067638596322e-02
1.0315891207571971e-01 9.7766169371427195e-02
1.0387433444143619e-01 9.7425450530780791e-02
1.0459471836743929e-01 9.7085907048058168e-02
1.0532009826288601e-01 9.6747534868695584e-02
1.0605050877556589e-01 9.6410329952116181e-02
1.0678598479355610e-01 9.6074288271681518e-02
1.0752656144688776e-01 9.5739405814643685e-02
1.0827227410922395e-01 9.5405678582097309e-02
1.0902315839954943e-01 9.5073102588931799e-02
1.0977925018387183e-01 9.4741673863783779e-02
1.1054058557693490e-01 9.4411388448989636e-02
1.1130720094394350e-01 9.4082242400538293e-02
1.1207913290230058e-01 9.3754231788024084e-02
1.1285641832335622e-01 9.3427352694599827e-02
1.1363909433416872e-01 9.3101601216930119e-02
1.1442719831927815e-01 9.2776973465144574e-02
1.1522076792249186e-01 9.2453465562791548e-02
1.1601984104868258e-01 9.2131073646791711e-02
1.1682445586559898e-01 9.1809793867392006e-02
1.1763465080568869e-01 9.1489622388119599e-02
1.1845046456793412e-01 9.1170555385736179e-02
1.1927193611970084e-01 9.0852589050192181e-02
1.2009910469859889e-01 9.0535719584581398e-02
1.2093200981435695e-01 9.0219943205095521e-02
1.2177069125070955e-01 8.9905256140979078e-02
1.2261518906729731e-01 8.9591654634484361e-02
1.2346554360158041e-01 8.9279134940826468e-02
1.2432179547076526e-01 8.8967693328138781e-02
1.2518398557374474e-01 8.8657326077428156e-02
1.2605215509305151e-01 8.8348029482530732e-02
1.2692634549682524e-01 8.8039799850067560e-02
1.2780659854079329e-01 8.7732633499400539e-02
1.2869295627026525e-01 8.7426526762588400e-02
1.2958546102214108e-01 8.7121475984343055e-02
1.3048415542693351e-01 8.6817477521985723e-02
1.3138908241080410e-01 8.6514527745403663e-02
1.3230028519761383e-01 8.6212623037006664e-02
1.3321780731098751e-01 8.5911759791683945e-02
1.3414169257639272e-01 8.5611934416761029e-02
1.3507198512323318e-01 8.5313143331956942e-02
1.3600872938695666e-01 8.5015382969341288e-02
1.3695197011117724e-01 8.4718649773291840e-02
1.3790175234981267e-01 8.4422940200451976e-02
1.3885812146923623e-01 8.4128250719688366e-02
1.3982112315044387e-01 8.3834577812048852e-02
1.4079080339123590e-01 8.3541917970720359e-02
1.4176720850841423e-01 8.3250267700987104e-02
1.4275038513999469e-01 8.2959623520188819e-02
1.4374038024743468e-01 8.2669981957679134e-02
1.4473724111787623e-01 8.2381339554784175e-02
1.4574101536640480e-01 8.2093692864761258e-02
1.4675175093832338e-01 8.1807038452757774e-02
1.4776949611144297e-01 8.1521372895770022e-02
1.4879429949838818e-01 8.1236692782602510e-02
1.4982621004891947e-01 8.0952994713827151e-02
1.5086527705227110e-01 8.0670275301742658e-02
1.5191155013950552e-01 8.0388531170334065e-02
1.5296507928588399e-01 8.0107758955232478e-02
1.5402591481325353e-01 7.9827955303674883e-02
1.5509410739245078e-01 7.9549116874464060e-02
1.5616970804572200e-01 7.9271240337928761e-02
1.5725276814916042e-01 7.8994322375883885e-02
1.5834333943516002e-01 7.8718359681590896e-02
1.5944147399488662e-01 7.8443348959718301e-02
1.6054722428076612e-01 7.8169286926302331e-02
1.6166064310898964e-01 7.7896170308707741e-02
1.6278178366203647e-01 7.7623995845588642e-02
1.6391069949121428e-01 7.7352760286849689e-02
1.6504744451921705e-01 7.7082460393607166e-02
1.6619207304270059e-01 7.6813092938150349e-02
1.6734463973487607e-01 7.6544654703902967e-02
1.6850519964812158e-01 7.6277142485384766e-02
1.6967380821661154e-01 7.6010553088173269e-02
1.7085052125896460e-01 7.5744883328865614e-02
1.7203539498090986e-01 7.5480130035040532e-02
1.7322848597797144e-01 7.5216290045220444e-02
1.7442985123817192e-01 7.4953360208833780e-02
1.7563954814475416e-01 7.4691337386177295e-02
1.7685763447892239e-01 7.4430218448378591e-02
1.7808416842260200e-01 7.4170000277358775e-02
1.7931920856121875e-01 7.3910679765795170e-02
1.8056281388649700e-01 7.3652253817084290e-02
1.8181504379927743e-01 7.3394719345304810e-02
1.8307595811235441e-01 7.3138073275180723e-02
1.8434561705333291e-01 7.2882312542044622e-02
1.8562408126750526e-01 7.2627434091801113e-02
1.8691141182074794e-01 7.2373434880890319e-02
1.8820767020243825e-01 7.2120311876251592e-02
1.8951291832839154e-01 7.1868062055287188e-02
1.9082721854381851e-01 7.1616682405826304e-02
1.9215063362630316e-01 7.1366169926089046e-02
1.9348322678880131e-01 7.1116521624650528e-02
1.9482506168266001e-01 7.0867734520405290e-02
1.9617620240065789e-01 7.0619805642531536e-02
1.9753671348006649e-01 7.0372732030455798e-02
1.9890665990573292e-01 7.0126510733817524e-02
2.0028610711318381e-01 6.9881138812433782e-02
2.0167512099175092e-01 6.9636613336264308e-02
2.0307376788771830e-01 6.9392931385376375e-02
2.0448211460749130e-01 6.9150090049910004e-02
2.0590022842078759e-01 6.8908086430043147e-02
2.0732817706385043e-01 6.8666917635957156e-02
2.0876602874268388e-01 6.8426580787802171e-02
2.1021385213631077e-01 6.8187073015662847e-02
2.1167171640005317e-01 6.7948391459523944e-02
2.1313969116883552e-01 6.7710533269236289e-02
2.1461784656051089e-01 6.7473495604482722e-02
2.1610625317920995e-01 6.7237275634744131e-02
2.1760498211871362e-01 6.7001870539265679e-02
2.1911410496584868e-01 6.6767277507023118e-02
2.2063369380390713e-01 6.6533493736689278e-02
2.2216382121608938e-01 6.6300516436600496e-02
2.2370456028897101e-01 6.6068342824723375e-02
2.2525598461599405e-01 6.5836970128621553e-02
2.2681816830098175e-01 6.5606395585422556e-02
2.2839118596167848e-01 6.5376616441784843e-02
2.2997511273331370e-01 6.5147629953864930e-02
2.3157002427219089e-01 6.4919433387284550e-02
2.3317599675930117e-01 6.4692024017098143e-02
2.3479310690396218e-01 6.4465399127760184e-02
2.3642143194748202e-01 6.4239556013092794e-02
2.3806104966684877e-01 6.4014491976253501e-02
2.3971203837844543e-01 6.3790204329702907e-02
2.4137447694179076e-01 6.3566690395172723e-02
2.4304844476330595e-01 6.3343947503633632e-02
2.4473402180010762e-01 6.3121972995263634e-02
2.4643128856382676e-01 6.2900764219416053e-02
2.4814032612445444e-01 6.2680318534588081e-02
2.4986121611421425e-01 6.2460633308389094e-02
2.5159404073146124e-01 6.2241705917509278e-02
2.5333888274460842e-01 6.2023533747688313e-02
2.5509582549607990e-01 6.1806114193684140e-02
2.5686495290629191e-01 6.1589444659241835e-02
2.5864634947766119e-01 6.1373522557062639e-02
2.6044010029864134e-01 6.1158345308773059e-02
2.6224629104778696e-01 6.0943910344894027e-02
2.6406500799784610e-01 6.0730215104810310e-02
2.6589633801988138e-01 6.0517257036739804e-02
2.6774036858741884e-01 6.0305033597703221e-02
2.6959718778062647e-01 6.0093542253493601e-02
2.7146688429052135e-01 5.9882780478646085e-02
2.7334954742320594e-01 5.9672745756407769e-02
2.7524526710413372e-01 5.9463435578707660e-02
2.7715413388240456e-01 5.9254847446126684e-02
2.7907623893508976e-01 5.9046978867867909e-02
2.8101167407158723e-01 5.8839827361726708e-02
2.8296053173800656e-01 5.8633390454061206e-02
2.8492290502158490e-01 5.8427665679762680e-02
2.8689888765513316e-01 5.8222650582226185e-02
2.8888857402151319e-01 5.8018342713321160e-02
2.9089205915814620e-01 5.7814739633362214e-02
2.9290943876155173e-01 5.7611838911079988e-02
2.9494080919191901e-01 5.7409638123592177e-02
2.9698626747770951e-01 5.7208134856374500e-02
2.9904591132029151e-01 5.7007326703231949e-02
3.0111983909860662e-01 5.6807211266270016e-02
3.0320814987386924e-01 5.6607786155866056e-02
3.0531094339429776e-01 5.6409048990640802e-02
3.0742832009987947e-01 5.6210997397429872e-02
3.0956038112716777e-01 5.6013629011255436e-02
3.1170722831411307e-01 5.5816941475298025e-02
3.1386896420492699e-01 5.5620932440868319e-02
3.1604569205498079e-01 5.5425599567379136e-02
3.1823751583573684e-01 5.5230940522317508e-02
3.2044454023971480e-01 5.5036952981216809e-02
3.2266687068549305e-01 5.4843634627628923e-02
3.2490461332274290e-01 5.4650983153096716e-02
3.2715787503729976e-01 5.4458996257126385e-02
3.2942676345626798e-01 5.4267671647160010e-02
3.3171138695316199e-01 5.4077007038548147e-02
3.3401185465308236e-01 5.3887000154522621e-02
3.3632827643792884e-01 5.3697648726169250e-02
3.3866076295164815e-01 5.3508950492400814e-02
3.4100942560551928e-01 5.3320903199930006e-02
3.4337437658347497e-01 5.3133504603242621e-02
3.4575572884746025e-01 5.2946752464570590e-02
3.4815359614282787e-01 5.2760644553865400e-02
3.5056809300377167e-01 5.2575178648771377e-02
3.5299933475879697e-01 5.2390352534599186e-02
3.5544743753622948e-01 5.2206164004299387e-02
3.5791251826976195e-01 5.2022610858436062e-02
3.6039469470403990e-01 5.1839690905160538e-02
3.6289408540028506e-01 5.1657401960185277e-02
3.6541080974195927e-01 5.1475741846757704e-02
3.6794498794046604e-01 5.1294708395634311e-02
3.7049674104089303e-01 5.1114299445054662e-02
3.7306619092779342e-01 5.0934512840715630e-02
3.7565346033100783e-01 5.0755346435745669e-02
3.7825867283152670e-01 5.0576798090679172e-02
3.8088195286739285e-01 5.0398865673430909e-02
3.8352342573964543e-01 5.0221547059270608e-02
3.8618321761830493e-01 5.0044840130797505e-02
3.8886145554839957e-01 4.9868742777915163e-02
3.9155826745603378e-01 4.9693252897806191e-02
3.9427378215449843e-01 4.9518368394907183e-02
3.9700812935042379e-01 4.9344087180883664e-02
3.9976143964997479e-01 4.9170407174605135e-02
4.0253384456508950e-01 4.8997326302120323e-02
4.0532547651976081e-01 4.8824842496632291e-02
4.0813646885636168e-01 4.8652953698473819e-02
4.1096695584201409e-01 4.8481657855082808e-02
4.1381707267500262e-01 4.8310952920977757e-02
4.1668695549123197e-01 4.8140836857733349e-02
4.1957674137072942e-01 4.7971307633956121e-02
4.2248656834419274e-01 4.7802363225260144e-02
4.2541657539958300e-01 4.7634001614242916e-02
4.2836690248876336e-01 4.7466220790461290e-02
4.3133769053418403e-01 4.7299018750407359e-02
4.3432908143561333e-01 4.7132393497484666e-02
4.3734121807691539e-01 4.6966343041984236e-02
4.4037424433287531e-01 4.6800865401060938e-02
4.4342830507607101e-01 4.6635958598709698e-02
4.4650354618379334e-01 4.6471620665741953e-02
4.4960011454501392e-01 4.6307849639762179e-02
4.5271815806740101e-01 4.6144643565144382e-02
4.5585782568438454e-01 4.5982000493008754e-02
4.5901926736226994e-01 4.5819918481198478e-02
4.6220263410740114e-01 4.5658395594256440e-02
4.6540807797337358e-01 4.5497429903402185e-02
4.6863575206829683e-01 4.5337019486508839e-02
4.7188581056210815e-01 4.5177162428080182e-02
4.7515840869393589e-01 4.5017856819227785e-02
4.7845370277951499e-01 4.4859100757648179e-02
4.8177185021865321e-01 4.4700892347600184e-02
4.8511300950274922e-01 4.4543229699882218e-02
4.8847734022236311e-01 4.4386110931809816e-02
4.9186500307483938e-01 4.4229534167193031e-02
4.9527615987198220e-01 4.4073497536314149e-02
4.9871097354778465e-01 4.3917999175905303e-02
5.0216960816621148e-01 4.3763037229126216e-02
5.0565222892903494e-01 4.3608609845542080e-02
5.0915900218372656e-01 4.3454715181101389e-02
5.1269009543140209e-01 4.3301351398113960e-02
5.1624567733482229e-01 4.3148516665229002e-02
5.1982591772644926e-01 4.2996209157413208e-02
5.2343098761655849e-01 4.2844427055928988e-02
5.2706105920140689e-01 4.2693168548312746e-02
5.3071630587145835e-01 4.2542431828353239e-02
5.3439690221966507e-01 4.2392215096070010e-02
5.3810302404980737e-01 4.2242516557691873e-02
5.4183484838489082e-01 4.2093334425635523e-02
5.4559255347560187e-01 4.1944666918484176e-02
5.4937631880882210e-01 4.1796512260966284e-02
5.5318632511620069e-01 4.1648868683934380e-02
5.5702275438278848e-01 4.1501734424343885e-02
5.6088578985572879e-01 4.1355107725232119e-02
5.6477561605301185e-01 4.1208986835697278e-02
5.6869241877228682e-01 4.1063370010877551e-02
5.7263638509973758e-01 4.0918255511930290e-02
5.7660770341901846e-01 4.0773641606011185e-02
5.8060656342025219e-01 4.0629526566253654e-02
5.8463315610909072e-01 4.0485908671748200e-02
5.8868767381583864e-01 4.0342786207521804e-02
5.9277031020463966e-01 4.0200157464517522e-02
5.9688126028272714e-01 4.0058020739574034e-02
6.0102072040973842e-01 3.9916374335405291e-02
6.0518888830709416e-01 3.9775216560580341e-02
6.0938596306744242e-01 3.9634545729502993e-02
6.1361214516416829e-01 3.9494360162391773e-02
6.1786763646096965e-01 3.9354658185259885e-02
6.2215264022149874e-01 3.9215438129895176e-02
6.2646736111907197e-01 3.9076698333840185e-02
6.3081200524644498e-01 3.8938437140372394e-02
6.3518678012565766e-01 3.8800652898484340e-02
6.3959189471794586e-01 3.8663343962863958e-02
6.4402755943372281e-01 3.8526508693874938e-02
6.4849398614262888e-01 3.8390145457537099e-02
6.5299138818365199e-01 3.8254252625506933e-02
6.5751998037531778e-01 3.8118828575058106e-02
6.6207997902594995e-01 3.7983871689062129e-02
6.6667160194400266e-01 3.7849380355969020e-02
6.7129506844846409e-01 3.7715352969788063e-02
6.7595059937933211e-01 3.7581787930068646e-02
6.8063841710816275e-01 3.7448683641881128e-02
6.8535874554869169e-01 3.7316038515797803e-02
6.9011181016752965e-01 3.7183850967873938e-02
6.9489783799493199e-01 3.7052119419628805e-02
6.9971705763564218e-01 3.6920842298026918e-02
7.0456969927981172e-01 3.6790018035459171e-02
7.0945599471399512e-01 3.6659645069724141e-02
7.1437617733222081e-01 3.6529721844009447e-02
7.1933048214713946e-01 3.6400246806873170e-02
7.2431914580124956e-01 3.6271218412225290e-02
7.2934240657820026e-01 3.6142635119309249e-02
7.3440050441417326e-01 3.6014495392683560e-02
7.3949368090934331e-01 3.5886797702203425e-02
7.4462217933941810e-01 3.5759540523002530e-02
7.4978624466725852e-01 3.5632722335474799e-02
7.5498612355457950e-01 3.5506341625256239e-02
7.6022206437373108e-01 3.5380396883206884e-02
7.6549431721956285e-01 3.5254886605392749e-02
7.7080313392136912e-01 3.5129809293067887e-02
7.7614876805491773e-01 3.5005163452656481e-02
7.8153147495456199e-01 3.4880947595735040e-02
7.8695151172543720e-01 3.4757160239014560e-02
7.9240913725574069e-01 3.4633799904322894e-02
7.9790461222909770e-01 3.4510865118587031e-02
8.0343819913701342e-01 3.4388354413815554e-02
8.0901016229141043e-01 3.4266266327081060e-02
8.1462076783725379e-01 3.4144599400502761e-02
8.2027028376526323e-01 3.4023352181229011e-02
8.2595897992471412e-01 3.3902523221419990e-02
8.3168712803632638e-01 3.3782111078230391e-02
8.3745500170524356e-01 3.3662114313792228e-02
8.4326287643410169e-01 3.3542531495197626e-02
8.4911102963618812e-01 3.3423361194481756e-02
8.5499974064869266e-01 3.3304601988605721e-02
8.6092929074605007e-01 3.3186252459439618e-02
8.6689996315337492e-01 3.3068311193745578e-02
8.7291204305999015e-01 3.2950776783160919e-02
8.7896581763304871e-01 3.2833647824181272e-02
8.8506157603125080e-01 3.2716922918143855e-02
8.9119960941865473e-01 3.2600600671210810e-02
8.9738021097858500e-01 3.2484679694352481e-02
9.0360367592763580e-01 3.2369158603330887e-02
9.0987030152977233e-01 3.2254036018683173e-02
9.1618038711052951e-01 3.2139310565705119e-02
9.2253423407130930e-01 3.2024980874434755e-02
9.2893214590377693e-01 3.1911045579635998e-02
9.3537442820435757e-01 3.1797503320782322e-02
9.4186138868883296e-01 3.1684352742040532e-02
9.4839333720703933e-01 3.1571592492254580e-02
9.5497058575766747e-01 3.1459221224929432e-02
9.6159344850316564e-01 3.1347237598214950e-02
9.6826224178474507e-01 3.1235640274889925e-02
9.7497728413749041e-01 3.1124427922346074e-02
9.8173889630557420e-01 3.1013599212572126e-02
9.8854740125757767e-01 3.0903152822137982e-02
9.9540312420191679e-01 3.0793087432178904e-02
1.0023063926023765e+00 3.0683401728379769e-02
1.0092575361937512e+00 3.0574094400959356e-02
1.0162568869975959e+00 3.0465164144654722e-02
1.0233047793380834e+00 3.0356609658705621e-02
1.0304015498579748e+00 3.0248429646838968e-02
1.0375475375346985e+00 3.0140622817253347e-02
1.0447430836965419e+00 3.0033187882603590e-02
1.0519885320389546e+00 2.9926123559985425e-02
1.0592842286409649e+00 2.9819428570920119e-02
1.0666305219817109e+00 2.9713101641339255e-02
1.0740277629570856e+00 2.9607141501569467e-02
1.0814763048964957e+00 2.9501546886317349e-02
1.0889765035797414e+00 2.9396316534654261e-02
1.0965287172540077e+00 2.9291449190001335e-02
1.1041333066509771e+00 2.9186943600114451e-02
1.1117906350040601e+00 2.9082798517069280e-02
1.1195010680657447e+00 2.8979012697246377e-02
1.1272649741250664e+00 2.8875584901316358e-02
1.1350827240252004e+00 2.8772513894225069e-02
1.1429546911811739e+00 2.8669798445178835e-02
1.1508812515977027e+00 2.8567437327629806e-02
1.1588627838871515e+00 2.8465429319261274e-02
1.1668996692876179e+00 2.8363773201973072e-02
1.1749922916811417e+00 2.8262467761867058e-02
1.1831410376120421e+00 2.8161511789232600e-02
1.1913462963053809e+00 2.8060904078532123e-02
1.1996084596855527e+00 2.7960643428386743e-02
1.2079279223950061e+00 2.7860728641561888e-02
1.2163050818130943e+00 2.7761158524953023e-02
1.2247403380750543e+00 2.7661931889571393e-02
1.2332340940911211e+00 2.7563047550529837e-02
1.2417867555657718e+00 2.7464504327028624e-02
1.2503987310171043e+00 2.7366301042341352e-02
1.2590704317963499e+00 2.7268436523800905e-02
1.2678022721075219e+00 2.7170909602785460e-02
1.2765946690271999e+00 2.7073719114704527e-02
1.2854480425244514e+00 2.6976863898984998e-02
1.2943628154808922e+00 2.6880342799057363e-02
1.3033394137108840e+00 2.6784154662341859e-02
1.3123782659818748e+00 2.6688298340234683e-02
1.3214798040348787e+00 2.6592772688094339e-02
1.3306444626050975e+00 2.6497576565227911e-02
1.3398726794426861e+00 2.6402708834877466e-02
1.3491648953336617e+00 2.6308168364206495e-02
1.3585215541209583e+00 2.6213954024286348e-02
1.3679431027256261e+00 2.6120064690082795e-02
1.3774299911681793e+00 2.6026499240442546e-02
1.3869826725900913e+00 2.5933256558079914e-02
1.3966016032754385e+00 2.5840335529563430e-02
1.4062872426726953e+00 2.5747735045302578e-02
1.4160400534166795e+00 2.5655453999534516e-02
1.4258605013506502e+00 2.5563491290310898e-02
1.4357490555485581e+00 2.5471845819484706e-02
1.4457061883374518e+00 2.5380516492697128e-02
1.4557323753200380e+00 2.5289502219364501e-02
1.4658280953973988e+00 2.5198801912665290e-02
1.4759938307918661e+00 2.5108414489527102e-02
1.4862300670700557e+00 2.5018338870613756e-02
1.4965372931660594e+00 2.4928573980312386e-02
1.5069160014048002e+00 2.4839118746720620e-02
1.5173666875255469e+00 2.4749972101633752e-02
1.5278898507055938e+00 2.4661132980532002e-02
1.5384859935841040e+00 2.4572600322567809e-02
1.5491556222861176e+00 2.4484373070553150e-02
1.5598992464467274e+00 2.4396450170946927e-02
1.5707173792354208e+00 2.4308830573842369e-02
1.5816105373805918e+00 2.4221513232954524e-02
1.5925792411942223e+00 2.4134497105607739e-02
1.6036240145967358e+00 2.4047781152723213e-02
1.6147453851420208e+00 2.3961364338806610e-02
1.6259438840426308e+00 2.3875245631935663e-02
1.6372200461951572e+00 2.3789424003747870e-02
1.6485744102057784e+00 2.3703898429428223e-02
1.6600075184159868e+00 2.3618667887696950e-02
1.6715199169284933e+00 2.3533731360797328e-02
1.6831121556333124e+00 2.3449087834483524e-02
1.6947847882340277e+00 2.3364736298008504e-02
1.7065383722742384e+00 2.3280675744111932e-02
1.7183734691641925e+00 2.3196905169008179e-02
1.7302906442076005e+00 2.3113423572374302e-02
1.7422904666286383e+00 2.3030229957338121e-02
1.7543735095991362e+00 2.2947323330466299e-02
1.7665403502659558e+00 2.2864702701752500e-02
1.7787915697785583e+00 2.2782367084605546e-02
1.7911277533167622e+00 2.2700315495837651e-02
1.8035494901186948e+00 2.2618546955652675e-02
1.8160573735089383e+00 2.2537060487634413e-02
1.8286520009268676e+00 2.2455855118734956e-02
1.8413339739551893e+00 2.2374929879263063e-02
1.8541038983486748e+00 2.2294283802872569e-02
1.8669623840630949e+00 2.2213915926550878e-02
1.8799100452843540e+00 2.2133825290607423e-02
1.8929475004578278e+00 2.2054010938662223e-02
1.9060753723179014e+00 2.1974471917634481e-02
1.9192942879177157e+00 2.1895207277731182e-02
1.9326048786591181e+00 2.1816216072435751e-02
1.9460077803228217e+00 2.1737497358496765e-02
1.9595036330987730e+00 2.1659050195916678e-02
1.9730930816167311e+00 2.1580873647940584e-02
1.9867767749770582e+00 2.1502966781045067e-02
2.0005553667817231e+00 2.1425328664927020e-02
2.0144295151655216e+00 2.1347958372492558e-02
2.0283998828275127e+00 2.1270854979845922e-02
2.0424671370626708e+00 2.1194017566278475e-02
2.0566319497937608e+00 2.1117445214257690e-02
2.0708949976034314e+00 2.1041137009416205e-02
2.0852569617665315e+00 2.0965092040540898e-02
2.0997185282826529e+00 2.0889309399561989e-02
2.1142803879088974e+00 2.0813788181542225e-02
2.1289432361928680e+00 2.0738527484666071e-02
2.1437077735058945e+00 2.0663526410228922e-02
2.1585747050764863e+00 2.0588784062626379e-02
2.1735447410240161e+00 2.0514299549343563e-02
2.1886185963926401e+00 2.0440071980944455e-02
2.2037969911854525e+00 2.0366100471061264e-02
2.2190806503988756e+00 2.0292384136383856e-02
2.2344703040572886e+00 2.0218922096649196e-02
2.2499666872478996e+00 2.0145713474630837e-02
2.2655705401558546e+00 2.0072757396128467e-02
2.2812826080995929e+00 2.0000052989957433e-02
2.2971036415664496e+00 1.9927599387938363e-02
2.3130343962484989e+00 1.9855395724886798e-02
2.3290756330786535e+00 1.9783441138602850e-02
2.3452281182670074e+00 1.9711734769860906e-02
2.3614926233374356e+00 1.9640275762399385e-02
2.3778699251644460e+00 1.9569063262910504e-02
2.3943608060102863e+00 1.9498096421030064e-02
2.4109660535623090e+00 1.9427374389327345e-02
2.4276864609705959e+00 1.9356896323294945e-02
2.4445228268858417e+00 1.9286661381338700e-02
2.4614759554975016e+00 1.9216668724767676e-02
2.4785466565722056e+00 1.9146917517784089e-02
2.4957357454924338e+00 1.9077406927473377e-02
2.5130440432954662e+00 1.9008136123794230e-02
2.5304723767125972e+00 1.8939104279568679e-02
2.5480215782086262e+00 1.8870310570472226e-02
2.5656924860216188e+00 1.8801754175023992e-02
2.5834859442029465e+00 1.8733434274576934e-02
2.6014028026576024e+00 1.8665350053308018e-02
2.6194439171847961e+00 1.8597500698208529e-02
2.6376101495188329e+00 1.8529885399074329e-02
2.6559023673702726e+00 1.8462503348496192e-02
2.6743214444673766e+00 1.8395353741850185e-02
2.6928682605978413e+00 1.8328435777288012e-02
2.7115437016508221e+00 1.8261748655727484e-02
2.7303486596592470e+00 1.8195291580842952e-02
2.7492840328424228e+00 1.8129063759055812e-02
2.7683507256489444e+00 1.8063064399525014e-02
2.7875496487998879e+00 1.7997292714137629e-02
2.8068817193323179e+00 1.7931747917499439e-02
2.8263478606430863e+00 1.7866429226925547e-02
2.8459490025329388e+00 1.7801335862431045e-02
2.8656860812509275e+00 1.7736467046721695e-02
2.8855600395391314e+00 1.7671822005184631e-02
2.9055718266776847e+00 1.7607399965879147e-02
2.9257223985301204e+00 1.7543200159527442e-02
2.9460127175890278e+00 1.7479221819505439e-02
2.9664437530220242e+00 1.7415464181833661e-02
2.9870164807180482e+00 1.7351926485168076e-02
3.0077318833339741e+00 1.7288607970791008e-02
3.0285909503415462e+00 1.7225507882602093e-02
3.0495946780746430e+00 1.7162625467109248e-02
3.0707440697768660e+00 1.7099959973419659e-02
3.0920401356494596e+00 1.7037510653230826e-02
3.1134838928995641e+00 1.6975276760821622e-02
3.1350763657888030e+00 1.6913257553043397e-02
3.1568185856822057e+00 1.6851452289311088e-02
3.1787115910974699e+00 1.6789860231594397e-02
3.2007564277545697e+00 1.6728480644408957e-02
3.2229541486257012e+00 1.6667312794807564e-02
3.2453058139855790e+00 1.6606355952371407e-02
3.2678124914620810e+00 1.6545609389201379e-02
3.2904752560872415e+00 1.6485072379909350e-02
3.3132951903486023e+00 1.6424744201609522e-02
3.3362733842409180e+00 1.6364624133909798e-02
3.3594109353182171e+00 1.6304711458903158e-02
3.3827089487462287e+00 1.6245005461159132e-02
3.4061685373551702e+00 1.6185505427715210e-02
3.4297908216929014e+00 1.6126210648068351e-02
3.4535769300784489e+00 1.6067120414166493e-02
3.4775279986558978e+00 1.6008234020400108e-02
3.5016451714486623e+00 1.5949550763593761e-02
3.5259296004141274e+00 1.5891069942997722e-02
3.5503824454986752e+00 1.5832790860279593e-02
3.5750048746930867e+00 1.5774712819515979e-02
3.5997980640883323e+00 1.5716835127184175e-02
3.6247631979317498e+00 1.5659157092153857e-02
3.6499014686836064e+00 1.5601678025678890e-02
3.6752140770740578e+00 1.5544397241389030e-02
3.7007022321605021e+00 1.5487314055281795e-02
3.7263671513853307e+00 1.5430427785714242e-02
3.7522100606340776e+00 1.5373737753394867e-02
3.7782321942939756e+00 1.5317243281375474e-02
3.8044347953129152e+00 1.5260943695043097e-02
3.8308191152588162e+00 1.5204838322111934e-02
3.8573864143794072e+00 1.5148926492615346e-02
3.8841379616624216e+00 1.5093207538897825e-02
3.9110750348962107e+00 1.5037680795607035e-02
3.9381989207307790e+00 1.4982345599685875e-02
3.9655109147392391e+00 1.4927201290364548e-02
3.9930123214796951e+00 1.4872247209152674e-02
4.0207044545575545e+00 1.4817482699831439e-02
4.0485886366882751e+00 1.4762907108445741e-02
4.0766661997605418e+00 1.4708519783296384e-02
4.1049384848998844e+00 1.4654320074932311e-02
4.1334068425327386e+00 1.4600307336142836e-02
4.1620726324509461e+00 1.4546480921949913e-02
4.1909372238767091e+00 1.4492840189600445e-02
4.2200019955279888e+00 1.4439384498558595e-02
4.2492683356843566e+00 1.4386113210498154e-02
4.2787376422533123e+00 1.4333025689294914e-02
4.3084113228370526e+00 1.4280121301019043e-02
4.3382907947997014e+00 1.4227399413927568e-02
4.3683774853350128e+00 1.4174859398456788e-02
4.3986728315345447e+00 1.4122500627214775e-02
4.4291782804562958e+00 1.4070322474973876e-02
4.4598952891938275e+00 1.4018324318663254e-02
4.4908253249458605e+00 1.3966505537361442e-02
4.5219698650863576e+00 1.3914865512288922e-02
4.5533303972350883e+00 1.3863403626800755e-02
4.5849084193286878e+00 1.3812119266379196e-02
4.6167054396922005e+00 1.3761011818626380e-02
4.6487229771111327e+00 1.3710080673256976e-02
4.6809625609039927e+00 1.3659325222090934e-02
4.7134257309953371e+00 1.3608744859046198e-02
4.7461140379893321e+00 1.3558338980131488e-02
4.7790290432438098e+00 1.3508106983439065e-02
4.8121723189448540e+00 1.3458048269137567e-02
4.8455454481818885e+00 1.3408162239464828e-02
4.8791500250233009e+00 1.3358448298720753e-02
4.9129876545925777e+00 1.3308905853260194e-02
4.9470599531449757e+00 1.3259534311485867e-02
4.9813685481447214e+00 1.3210333083841293e-02
5.0159150783427480e+00 1.3161301582803738e-02
5.0507011938549669e+00 1.3112439222877229e-02
5.0857285562410928e+00 1.3063745420585526e-02
5.1209988385840015e+00 1.3015219594465185e-02
5.1565137255696447e+00 1.2966861165058602e-02
5.1922749135675241e+00 1.2918669554907085e-02
5.2282841107117148e+00 1.2870644188543980e-02
5.2645430369824551e+00 1.2822784492487777e-02
5.3010534242883010e+00 1.2775089895235275e-02
5.3378170165488523e+00 1.2727559827254755e-02
5.3748355697780497e+00 1.2680193720979180e-02
5.4121108521680501e+00 1.2632991010799413e-02
5.4496446441736879e+00 1.2585951133057468e-02
5.4874387385975121e+00 1.2539073526039776e-02
5.5254949406754301e+00 1.2492357629970472e-02
5.5638150681629206e+00 1.2445802887004731e-02
5.6024009514218722e+00 1.2399408741222083e-02
5.6412544335080010e+00 1.2353174638619787e-02
5.6803773702588902e+00 1.2307100027106211e-02
5.7197716303826303e+00 1.2261184356494245e-02
5.7594390955470827e+00 1.2215427078494727e-02
5.7993816604697512e+00 1.2169827646709892e-02
5.8396012330082891e+00 1.2124385516626854e-02
5.8800997342516244e+00 1.2079100145611102e-02
5.9208790986117235e+00 1.2033970992900022e-02
5.9619412739159836e+00 1.1988997519596433e-02
6.0032882215002790e+00 1.1944179188662156e-02
6.0449219163026351e+00 1.1899515464911603e-02
6.0868443469575677e+00 1.1855005815005384e-02
6.1290575158910672e+00 1.1810649707443941e-02
6.1715634394162455e+00 1.1766446612561200e-02
6.2143641478296470e+00 1.1722396002518239e-02
6.2574616855082201e+00 1.1678497351296993e-02
6.3008581110069750e+00 1.1634750134693977e-02
6.3445554971573035e+00 1.1591153830314012e-02
6.3885559311659916e+00 1.1547707917564001e-02
6.4328615147149151e+00 1.1504411877646704e-02
6.4774743640614245e+00 1.1461265193554546e-02
6.5223966101394275e+00 1.1418267350063446e-02
6.5676303986611790e+00 1.1375417833726654e-02
6.6131778902197640e+00 1.1332716132868632e-02
6.6590412603923017e+00 1.1290161737578944e-02
6.7052226998438602e+00 1.1247754139706153e-02
6.7517244144320978e+00 1.1205492832851769e-02
6.7985486253126197e+00 1.1163377312364192e-02
6.8456975690450781e+00 1.1121407075332693e-02
6.8931734976999959e+00 1.1079581620581397e-02
6.9409786789663404e+00 1.1037900448663316e-02
6.9891153962598391e+00 1.0996363061854369e-02
7.0375859488320449e+00 1.0954968964147448e-02
7.0863926518801605e+00 1.0913717661246490e-02
7.1355378366576305e+00 1.0872608660560576e-02
7.1850238505854813e+00 1.0831641471198047e-02
7.2348530573644574e+00 1.0790815603960649e-02
7.2850278370879158e+00 1.0750130571337687e-02
7.3355505863555148e+00 1.0709585887500197e-02
7.3864237183876877e+00 1.0669181068295158e-02
7.4376496631409088e+00 1.0628915631239697e-02
7.4892308674237631e+00 1.0588789095515342e-02
7.5411697950138139e+00 1.0548800981962262e-02
7.5934689267752891e+00 1.0508950813073566e-02
7.6461307607775773e+00 1.0469238112989583e-02
7.6991578124145477e+00 1.0429662407492197e-02
7.7525526145247046e+00 1.0390223223999162e-02
7.8063177175121581e+00 1.0350920091558477e-02
7.8604556894684521e+00 1.0311752540842758e-02
7.9149691162952234e+00 1.0272720104143637e-02
7.9698606018277234e+00 1.0233822315366159e-02
8.0251327679591871e+00 1.0195058710023243e-02
8.0807882547660661e+00 1.0156428825230114e-02
8.1368297206341360e+00 1.0117932199698785e-02
8.1932598423854728e+00 1.0079568373732551e-02
8.2500813154063088e+00 1.0041336889220494e-02
8.3072968537757816e+00 1.0003237289632009e-02
8.3649091903955650e+00 9.9652691200113712e-03
8.4229210771204244e+00 9.9274319269722720e-03
8.4813352848896351e+00 9.8897252586924375e-03
8.5401546038593477e+00 9.8521486649082151e-03
8.5993818435358662e+00 9.8147016969091991e-03
8.6590198329098342e+00 9.7773839075328706e-03
8.7190714205913640e+00 9.7401948511592687e-03
8.7795394749461035e+00 9.7031340837056574e-03
8.8404268842322438e+00 9.6662011626212265e-03
8.9017365567384701e+00 9.6293956468818075e-03
8.9634714209228878e+00 9.5927170969846102e-03
9.0256344255528873e+00 9.5561650749429704e-03
9.0882285398460017e+00 9.5197391442811193e-03
9.1512567536117331e+00 9.4834388700289710e-03
9.2147220773943470e+00 9.4472638187169389e-03
9.2786275426166878e+00 9.4112135583707419e-03
9.3429762017249622e+00 9.3752876585062594e-03
9.4077711283345469e+00 9.3394856901243897e-03
9.4730154173767982e+00 9.3038072257059182e-03
9.5387121852468759e+00 9.2682518392064248e-03
9.6048645699526105e+00 9.2328191060511797e-03
9.6714757312643744e+00 9.1975086031300998e-03
9.7385488508660227e+00 9.1623199087926682e-03
9.8060871325068586e+00 9.1272526028429099e-03
9.8740938021546594e+00 9.0923062665343845e-03
9.9425721081497684e+00 9.0574804825651715e-03
1.0011525321360262e+01 9.0227748350728883e-03
1.0080956735338152e+01 8.9881889096297407e-03
1.0150869666476735e+01 8.9537222932375513e-03
1.0221267454168991e+01 8.9193745743228383e-03
1.0292153460967075e+01 8.8851453427319111e-03
1.0363531072742942e+01 8.8510341897259526e-03
1.0435403698850088e+01 8.8170407079761481e-03
1.0507774772286361e+01 8.7831644915588244e-03
1.0580647749857965e+01 8.7494051359506032e-03
1.0654026112344573e+01 8.7157622380235628e-03
1.0727913364665573e+01 8.6822353960404296e-03
1.0802313036047501e+01 8.6488242096497726e-03
1.0877228680192589e+01 8.6155282798812422e-03
1.0952663875448531e+01 8.5823472091407886e-03
1.1028622224979392e+01 8.5492806012059108e-03
1.1105107356937712e+01 8.5163280612209485e-03
1.1182122924637810e+01 8.4834891956923394e-03
1.1259672606730277e+01 8.4507636124839369e-03
1.1337760107377699e+01 8.4181509208123284e-03
1.1416389156431574e+01 8.3856507312421568e-03
1.1495563509610475e+01 8.3532626556814815e-03
1.1575286948679443e+01 8.3209863073771401e-03
1.1655563281630617e+01 8.2888213009101267e-03
1.1736396342865129e+01 8.2567672521909954e-03
1.1817789993376254e+01 8.2248237784552734e-03
1.1899748120933822e+01 8.1929904982588862e-03
1.1982274640269930e+01 8.1612670314736031e-03
1.2065373493265920e+01 8.1296529992824999e-03
1.2149048649140667e+01 8.0981480241754372e-03
1.2233304104640164e+01 8.0667517299445532e-03
1.2318143884228444e+01 8.0354637416797572e-03
1.2403572040279782e+01 8.0042836857642744e-03
1.2489592653272272e+01 7.9732111898701691e-03
1.2576209831982732e+01 7.9422458829539102e-03
1.2663427713682955e+01 7.9113873952519238e-03
1.2751250464337334e+01 7.8806353582761973e-03
1.2839682278801831e+01 7.8499894048098609e-03
1.2928727381024371e+01 7.8194491689028197e-03
1.3018390024246575e+01 7.7890142858673718e-03
1.3108674491206928e+01 7.7586843922738532e-03
1.3199585094345347e+01 7.7284591259463090e-03
1.3291126176009149e+01 7.6983381259581596e-03
1.3383302108660486e+01 7.6683210326278905e-03
1.3476117295085178e+01 7.6384074875147593e-03
1.3569576168603017e+01 7.6085971334145189e-03
1.3663683193279530e+01 7.5788896143551467e-03
1.3758442864139198e+01 7.5492845755925969e-03
1.3853859707380165e+01 7.5197816636065609e-03
1.3949938280590429e+01 7.4903805260962556e-03
1.4046683172965539e+01 7.4610808119762043e-03
1.4144099005527796e+01 7.4318821713720441e-03
1.4242190431346977e+01 7.4027842556163631e-03
1.4340962135762586e+01 7.3737867172445209e-03
1.4440418836607650e+01 7.3448892099905122e-03
1.4540565284434082e+01 7.3160913887828144e-03
1.4641406262739565e+01 7.2873929097402859e-03
1.4742946588196048e+01 7.2587934301680535e-03
1.4845191110879819e+01 7.2302926085534118e-03
1.4948144714503162e+01 7.2018901045617575e-03
1.5051812316647633e+01 7.1735855790325161e-03
1.5156198868998946e+01 7.1453786939750987e-03
1.5261309357583487e+01 7.1172691125648592e-03
1.5367148803006481e+01 7.0892564991390785e-03
1.5473722260691789e+01 7.0613405191929553e-03
1.5581034821123390e+01 7.0335208393756034e-03
1.5689091610088525e+01 7.0057971274860870e-03
1.5797897788922532e+01 6.9781690524694344e-03
1.5907458554755369e+01 6.9506362844127039e-03
1.6017779140759867e+01 6.9231984945410316e-03
1.6128864816401688e+01 6.8958553552137050e-03
1.6240720887691019e+01 6.8686065399202589e-03
1.6353352697436012e+01 6.8414517232765768e-03
1.6466765625497992e+01 6.8143905810209926e-03
1.6580965089048419e+01 6.7874227900104299e-03
1.6695956542827634e+01 6.7605480282165401e-03
1.6811745479405424e+01 6.7337659747218571e-03
1.6928337429443356e+01 6.7070763097159675e-03
1.7045737961958956e+01 6.6804787144916829e-03
1.7163952684591699e+01 6.6539728714412501e-03
1.7282987243870913e+01 6.6275584640525390e-03
1.7402847325485403e+01 6.6012351769052765e-03
1.7523538654555093e+01 6.5750026956672798e-03
1.7645066995904447e+01 6.5488607070906951e-03
1.7767438154337853e+01 6.5228088990082660e-03
1.7890657974916877e+01 6.4968469603295951e-03
1.8014732343239459e+01 6.4709745810374395e-03
1.8139667185721024e+01 6.4451914521840058e-03
1.8265468469877575e+01 6.4194972658872572e-03
1.8392142204610721e+01 6.3938917153272415e-03
1.8519694440494696e+01 6.3683744947424211e-03
1.8648131270065367e+01 6.3429452994260309e-03
1.8777458828111239e+01 6.3176038257224355e-03
1.8907683291966489e+01 6.2923497710234977e-03
1.9038810881806015e+01 6.2671828337649759e-03
1.9170847860942558e+01 6.2421027134229121e-03
1.9303800536125863e+01 6.2171091105100492e-03
1.9437675257843917e+01 6.1922017265722577e-03
1.9572478420626290e+01 6.1673802641849631e-03
1.9708216463349551e+01 6.1426444269496025e-03
1.9844895869544846e+01 6.1179939194900782e-03
1.9982523167707569e+01 6.0934284474492379e-03
2.0121104931609192e+01 6.0689477174853540e-03
2.0260647780611265e+01 6.0445514372686254e-03
2.0401158379981624e+01 6.0202393154776788e-03
2.0542643441212686e+01 5.9960110617961020e-03
2.0685109722342087e+01 5.9718663869089616e-03
2.0828564028275448e+01 5.9478050024993675e-03
2.0973013211111425e+01 5.9238266212450121e-03
2.1118464170468993e+01 5.8999309568147475e-03
2.1264923853817010e+01 5.8761177238651728e-03
2.1412399256806058e+01 5.8523866380372075e-03
2.1560897423602601e+01 5.8287374159527190e-03
2.1710425447225436e+01 5.8051697752111208e-03
2.1860990469884502e+01 5.7816834343860117e-03
2.2012599683322023e+01 5.7582781130218075e-03
2.2165260329156023e+01 5.7349535316303969e-03
2.2318979699226219e+01 5.7117094116878033e-03
2.2473765135942326e+01 5.6885454756308556e-03
2.2629624032634752e+01 5.6654614468538769e-03
2.2786563833907749e+01 5.6424570497053822e-03
2.2944592035995012e+01 5.6195320094847845e-03
2.3103716187117719e+01 5.5966860524391164e-03
2.3263943887845095e+01 5.5739189057597586e-03
2.3425282791457427e+01 5.5512302975791825e-03
2.3587740604311648e+01 5.5286199569677102e-03
2.3751325086209409e+01 5.5060876139302684e-03
2.3916044050767734e+01 5.4836329994031735e-03
2.4081905365792277e+01 5.4612558452509143e-03
2.4248916953653048e+01 5.4389558842629507e-03
2.4417086791662886e+01 5.4167328501505217e-03
2.4586422912458481e+01 5.3945864775434707e-03
2.4756933404384046e+01 5.3725165019870725e-03
2.4928626411877662e+01 5.3505226599388726e-03
2.5101510135860298e+01 5.3286046887655453e-03
2.5275592834127533e+01 5.3067623267397598e-03
2.5450882821743971e+01 5.2849953130370431e-03
2.5627388471440430e+01 5.2633033877326789e-03
2.5805118214013866e+01 5.2416862917985954e-03
2.5984080538730051e+01 5.2201437671002765e-03
2.6164283993729082e+01 5.1986755563936784e-03
2.6345737186433674e+01 5.1772814033221540e-03
2.6528448783960297e+01 5.1559610524133962e-03
2.6712427513533157e+01 5.1347142490763883e-03
2.6897682162901063e+01 5.1135407395983571e-03
2.7084221580757156e+01 5.0924402711417481e-03
2.7272054677161584e+01 5.0714125917412098e-03
2.7461190423967086e+01 5.0504574503005811e-03
2.7651637855247525e+01 5.0295745965898836e-03
2.7843406067729408e+01 5.0087637812423541e-03
2.8036504221226398e+01 4.9880247557514490e-03
2.8230941539076813e+01 4.9673572724678846e-03
2.8426727308584191e+01 4.9467610845966778e-03
2.8623870881460928e+01 4.9262359461942004e-03
2.8822381674274901e+01 4.9057816121652418e-03
2.9022269168899289e+01 4.8853978382600808e-03
2.9223542912965474e+01 4.8650843810715749e-03
2.9426212520319076e+01 4.8448409980322424e-03
2.9630287671479167e+01 4.8246674474113757e-03
2.9835778114100641e+01 4.8045634883121533e-03
3.0042693663439842e+01 4.7845288806687581e-03
3.0251044202823365e+01 4.7645633852435171e-03
3.0460839684120145e+01 4.7446667636240371e-03
3.0672090128216805e+01 4.7248387782203661e-03
3.0884805625496295e+01 4.7050791922621533e-03
3.1098996336319882e+01 4.6853877697958166e-03
3.1314672491512439e+01 4.6657642756817320e-03
3.1531844392851127e+01 4.6462084755914219e-03
3.1750522413557466e+01 4.6267201360047604e-03
3.1970716998792803e+01 4.6072990242071784e-03
3.2192438666157223e+01 4.5879449082868911e-03
3.2415698006191946e+01 4.5686575571321237e-03
3.2640505682885149e+01 4.5494367404283614e-03
3.2866872434181360e+01 4.5302822286555824e-03
3.3094809072494343e+01 4.5111937930855340e-03
3.3324326485223551e+01 4.4921712057789907e-03
3.3555435635274165e+01 4.4732142395830371e-03
3.3788147561580772e+01 4.4543226681283505e-03
3.4022473379634583e+01 4.4354962658265046e-03
3.4258424282014374e+01 4.4167348078672725e-03
3.4496011538921152e+01 4.3980380702159406e-03
3.4735246498716421e+01 4.3794058296106365e-03
3.4976140588464247e+01 4.3608378635596580e-03
3.5218705314477106e+01 4.3423339503388218e-03
3.5462952262865443e+01 4.3238938689888172e-03
3.5708893100091096e+01 4.3055173993125561e-03
3.5956539573524552e+01 4.2872043218725566e-03
3.6205903512006060e+01 4.2689544179883169e-03
3.6456996826410631e+01 4.2507674697337050e-03
3.6709831510216958e+01 4.2326432599343539e-03
3.6964419640080287e+01 4.2145815721650716e-03
3.7220773376409262e+01 4.1965821907472556e-03
3.7478904963946768e+01 4.1786449007463174e-03
3.7738826732354802e+01 4.1607694879691147e-03
3.8000551096803392e+01 4.1429557389613984e-03
3.8264090558563616e+01 4.1252034410052532e-03
3.8529457705604713e+01 4.1075123821165717e-03
3.8796665213195375e+01 4.0898823510425106e-03
3.9065725844509146e+01 4.0723131372589760e-03
3.9336652451234073e+01 4.0548045309681058e-03
3.9609457974186590e+01 4.0373563230957669e-03
3.9884155443929558e+01 4.0199683052890532e-03
4.0160757981394823e+01 4.0026402699138057e-03
4.0439278798509754e+01 3.9853720100521241e-03
4.0719731198828427e+01 3.9681633194999059e-03
4.1002128578167031e+01 3.9510139927643783e-03
4.1286484425243749e+01 3.9339238250616403e-03
4.1572812322323003e+01 3.9168926123142253e-03
4.1861125945864252e+01 3.8999201511486612e-03
4.2151439067175218e+01 3.8830062388930412e-03
4.2443765553069696e+01 3.8661506735746028e-03
4.2738119366529894e+01 3.8493532539173171e-03
4.3034514567373357e+01 3.8326137793394878e-03
4.3332965312924571e+01 3.8159320499513514e-03
4.3633485858691159e+01 3.7993078665526920e-03
4.3936090559044807e+01 3.7827410306304661e-03
4.4240793867906902e+01 3.7662313443564254e-03
4.4547610339438911e+01 3.7497786105847612e-03
4.4856554628737584e+01 3.7333826328497439e-03
4.5167641492534933e+01 3.7170432153633844e-03
4.5480885789903098e+01 3.7007601630130887e-03
4.5796302482964101e+01 3.6845332813593324e-03
4.6113906637604472e+01 3.6683623766333383e-03
4.6433713424194934e+01 3.6522472557347615e-03
4.6755738118314966e+01 3.6361877262293843e-03
4.7079996101482436e+01 3.6201835963468182e-03
4.7406502861888384e+01 3.6042346749782144e-03
4.7735273995136694e+01 3.5883407716739788e-03
4.8066325204989106e+01 3.5725016966415015e-03
4.8399672304115256e+01 3.5567172607428913e-03
4.8735331214848017e+01 3.5409872754927122e-03
4.9073317969943986e+01 3.5253115530557359e-03
4.9413648713349318e+01 3.5096899062446981e-03
4.9756339700970813e+01 3.4941221485180673e-03
5.0101407301452419e+01 3.4786080939778071e-03
5.0448867996957048e+01 3.4631475573671669e-03
5.0798738383953854e+01 3.4477403540684641e-03
5.1151035174010978e+01 3.4323863001008820e-03
5.1505775194593760e+01 3.4170852121182707e-03
5.1862975389868502e+01 3.4018369074069596e-03
5.2222652821511836e+01 3.3866412038835738e-03
5.2584824669525638e+01 3.3714979200928628e-03
5.2949508233057649e+01 3.3564068752055293e-03
5.3316720931227763e+01 3.3413678890160735e-03
5.3686480303960060e+01 3.3263807819406397e-03
5.4058804012820602e+01 3.3114453750148734e-03
5.4433709841861024e+01 3.2965614898917812e-03
5.4811215698468011e+01 3.2817289488396026e-03
5.5191339614218606e+01 3.2669475747396912e-03
5.5574099745741520e+01 3.2522171910843944e-03
5.5959514375584448e+01 3.2375376219749446e-03
5.6347601913087175e+01 3.2229086921193666e-03
5.6738380895261024e+01 3.2083302268303801e-03
5.7131869987674250e+01 3.1938020520233088e-03
5.7528087985343582e+01 3.1793239942140097e-03
5.7927053813631986e+01 3.1648958805167967e-03
5.8328786529152637e+01 3.1505175386423779e-03
5.8733305320679129e+01 3.1361887968957983e-03
5.9140629510062077e+01 3.1219094841743859e-03
5.9550778553151964e+01 3.1076794299657157e-03
5.9963772040728522e+01 3.0934984643455677e-03
6.0379629699436407e+01 3.0793664179758979e-03
6.0798371392727525e+01 3.0652831221028199e-03
6.1220017121809732e+01 3.0512484085545894e-03
6.1644587026602260e+01 3.0372621097395900e-03
6.2072101386697646e+01 3.0233240586443389e-03
6.2502580622330420e+01 3.0094340888314904e-03
6.2936045295352478e+01 2.9955920344378472e-03
6.3372516110215194e+01 2.9817977301723800e-03
6.3812013914958399e+01 2.9680510113142562e-03
6.4254559702206166e+01 2.9543517137108686e-03
6.4700174610169540e+01 2.9406996737758799e-03
6.5148879923656182e+01 2.9270947284872656e-03
6.5600697075087069e+01 2.9135367153853699e-03
6.6055647645520168e+01 2.9000254725709638e-03
6.6513753365681353e+01 2.8865608387033123e-03
6.6975036117002247e+01 2.8731426529982488e-03
6.7439517932665467e+01 2.8597707552262541e-03
6.7907220998657024e+01 2.8464449857105441e-03
6.8378167654826015e+01 2.8331651853251622e-03
6.8852380395951727e+01 2.8199311954930795e-03
6.9329881872818092e+01 2.8067428581842980e-03
6.9810694893295548e+01 2.7936000159139722e-03
7.0294842423430552e+01 2.7805025117405191e-03
7.0782347588542450e+01 2.7674501892637478e-03
7.1273233674328154e+01 2.7544428926229939e-03
7.1767524127974312e+01 2.7414804664952549e-03
7.2265242559277311e+01 2.7285627560933372e-03
7.2766412741770949e+01 2.7156896071640095e-03
7.3271058613862039e+01 2.7028608659861557e-03
7.3779204279973783e+01 2.6900763793689451e-03
7.4290874011697156e+01 2.6773359946499994e-03
7.4806092248950208e+01 2.6646395596935700e-03
7.5324883601145416e+01 2.6519869228887240e-03
7.5847272848365222e+01 2.6393779331475315e-03
7.6373284942545624e+01 2.6268124399032589e-03
7.6902945008667970e+01 2.6142902931085778e-03
7.7436278345959110e+01 2.6018113432337681e-03
7.7973310429099712e+01 2.5893754412649340e-03
7.8514066909441283e+01 2.5769824387022215e-03
7.9058573616231143e+01 2.5646321875580505e-03
7.9606856557846299e+01 2.5523245403553441e-03
8.0158941923035727e+01 2.5400593501257703e-03
8.0714856082171238e+01 2.5278364704079829e-03
8.1274625588507121e+01 2.5156557552458757e-03
8.1838277179448397e+01 2.5035170591868393e-03
8.2405837777827983e+01 2.4914202372800219e-03
8.2977334493192615e+01 2.4793651450746032e-03
8.3552794623097768e+01 2.4673516386180630e-03
8.4132245654411520e+01 2.4553795744544685e-03
8.4715715264627448e+01 2.4434488096227577e-03
8.5303231323186665e+01 2.4315592016550319e-03
8.5894821892808991e+01 2.4197106085748566e-03
8.6490515230833381e+01 2.4079028888955661e-03
8.7090339790567597e+01 2.3961359016185708e-03
8.7694324222647367e+01 2.3844095062316769e-03
8.8302497376404787e+01 2.3727235627074078e-03
8.8914888301246364e+01 2.3610779315013301e-03
8.9531526248040564e+01 2.3494724735503908e-03
9.0152440670514935e+01 2.3379070502712522e-03
9.0777661226663042e+01 2.3263815235586415e-03
9.1407217780161005e+01 2.3148957557836982e-03
9.2041140401793967e+01 2.3034496097923333e-03
9.2679459370892403e+01 2.2920429489035900e-03
9.3322205176778567e+01 2.2806756369080092e-03
9.3969408520222544e+01 2.2693475380660094e-03
9.4621100314908887e+01 2.2580585171062596e-03
9.5277311688913116e+01 2.2468084392240689e-03
9.5938073986188570e+01 2.2355971700797712e-03
9.6603418768063563e+01 2.2244245757971257e-03
9.7273377814748926e+01 2.2132905229617179e-03
9.7947983126855945e+01 2.2021948786193619e-03
9.8627266926924889e+01 2.1911375102745198e-03
9.9311261660964163e+01 2.1801182858887129e-03
1.0000000000000000e+02 2.1691370738789501e-03
1.0030000000000000e+02 2.1643892896519371e-03
1.0059999999999999e+02 2.1596627588931039e-03
1.0090000000000001e+02 2.1549573235055308e-03
1.0120000000000000e+02 2.1502728270338537e-03
1.0150000000000000e+02 2.1456091146424099e-03
1.0180000000000000e+02 2.1409660330937450e-03
1.0209999999999999e+02 2.1363434307274660e-03
1.0240000000000001e+02 2.1317411574394321e-03
1.0270000000000000e+02 2.1271590646612859e-03
1.0300000000000000e+02 2.1225970053403071e-03
1.0330000000000000e+02 2.1180548339195912e-03
1.0359999999999999e+02 2.1135324063185435e-03
1.0390000000000001e+02 2.1090295799136836e-03
1.0420000000000000e+02 2.1045462135197545e-03
1.0450000000000000e+02 2.1000821673711253e-03
1.0480000000000000e+02 2.0956373031034967e-03
1.0509999999999999e+02 2.0912114837358842e-03
1.0540000000000001e+02 2.0868045736528867e-03
1.0570000000000000e+02 2.0824164385872374e-03
1.0600000000000000e+02 2.0780469456026162e-03
1.0630000000000000e+02 2.0736959630767407e-03
1.0659999999999999e+02 2.0693633606847085e-03
1.0690000000000001e+02 2.0650490093826039e-03
1.0720000000000000e+02 2.0607527813913543e-03
1.0750000000000000e+02 2.0564745501808353e-03
1.0780000000000000e+02 2.0522141904542176e-03
1.0809999999999999e+02 2.0479715781325561e-03
1.0840000000000001e+02 2.0437465903396113e-03
1.0870000000000000e+02 2.0395391053869023e-03
1.0900000000000000e+02 2.0353490027589841e-03
1.0930000000000000e+02 2.0311761630989523e-03
1.0959999999999999e+02 2.0270204681941593e-03
1.0990000000000001e+02 2.0228818009621519e-03
1.1020000000000000e+02 2.0187600454368146e-03
1.1050000000000000e+02 2.0146550867547229e-03
1.1080000000000000e+02 2.0105668111416977e-03
1.1109999999999999e+02 2.0064951058995613e-03
1.1140000000000001e+02 2.0024398593930888e-03
1.1170000000000000e+02 1.9984009610371531e-03
1.1200000000000000e+02 1.9943783012840595e-03
1.1230000000000000e+02 1.9903717716110644e-03
1.1259999999999999e+02 1.9863812645080801e-03
1.1290000000000001e+02 1.9824066734655567e-03
1.1320000000000000e+02 1.9784478929625428e-03
1.1350000000000000e+02 1.9745048184549190e-03
1.1380000000000000e+02 1.9705773463638016e-03
1.1409999999999999e+02 1.9666653740641146e-03
1.1440000000000001e+02 1.9627687998733279e-03
1.1470000000000000e+02 1.9588875230403561e-03
1.1500000000000000e+02 1.9550214437346150e-03
1.1530000000000000e+02 1.9511704630352390e-03
1.1559999999999999e+02 1.9473344829204502e-03
1.1590000000000001e+02 1.9435134062570779e-03
1.1620000000000000e+02 1.9397071367902288e-03
1.1650000000000000e+02 1.9359155791331027e-03
1.1680000000000000e+02 1.9321386387569533e-03
1.1709999999999999e+02 1.9283762219811887e-03
1.1740000000000001e+02 1.9246282359636122e-03
1.1770000000000000e+02 1.9208945886908001e-03
1.1800000000000000e+02 1.9171751889686143e-03
1.1830000000000000e+02 1.9134699464128469e-03
1.1859999999999999e+02 1.9097787714399933e-03
1.1890000000000001e+02 1.9061015752581583e-03
1.1920000000000000e+02 1.9024382698580829e-03
1.1950000000000000e+02 1.8987887680042971e-03
1.1980000000000000e+02 1.8951529832263970e-03
1.2009999999999999e+02 1.8915308298104359e-03
1.2040000000000001e+02 1.8879222227904406e-03
1.2070000000000000e+02 1.8843270779400391e-03
1.2100000000000000e+02 1.8807453117642035e-03
1.2130000000000000e+02 1.8771768414911046e-03
1.2159999999999999e+02 1.8736215850640797e-03
1.2190000000000001e+02 1.8700794611337067e-03
1.2220000000000000e+02 1.8665503890499867e-03
1.2250000000000000e+02 1.8630342888546298e-03
1.2280000000000000e+02 1.8595310812734478e-03
1.2309999999999999e+02 1.8560406877088460e-03
1.2340000000000001e+02 1.8525630302324179e-03
1.2370000000000000e+02 1.8490980315776367e-03
1.2400000000000000e+02 1.8456456151326459e-03
1.2430000000000000e+02 1.8422057049331431e-03
1.2459999999999999e+02 1.8387782256553617e-03
1.2490000000000001e+02 1.8353631026091419e-03
1.2520000000000000e+02 1.8319602617310957e-03
1.2550000000000000e+02 1.8285696295778598e-03
1.2580000000000000e+02 1.8251911333194381e-03
1.2609999999999999e+02 1.8218247007326317e-03
1.2640000000000001e+02 1.8184702601945534e-03
1.2670000000000000e+02 1.8151277406762295e-03
1.2700000000000000e+02 1.8117970717362788e-03
1.2730000000000000e+02 1.8084781835146829e-03
1.2759999999999999e+02 1.8051710067266266e-03
1.2790000000000001e+02 1.8018754726564275e-03
1.2819999999999999e+02 1.7985915131515358e-03
1.2850000000000000e+02 1.7953190606166158e-03
1.2880000000000001e+02 1.7920580480077035e-03
1.2909999999999999e+02 1.7888084088264365e-03
1.2940000000000001e+02 1.7855700771143570e-03
1.2969999999999999e+02 1.7823429874472914e-03
1.3000000000000000e+02 1.7791270749297969e-03
1.3030000000000001e+02 1.7759222751896825e-03
1.3059999999999999e+02 1.7727285243725943e-03
1.3090000000000001e+02 1.7695457591366739e-03
1.3119999999999999e+02 1.7663739166472819e-03
1.3150000000000000e+02 1.7632129345717847e-03
1.3180000000000001e+02 1.7600627510744157e-03
1.3209999999999999e+02 1.7569233048111881e-03
1.3240000000000001e+02 1.7537945349248821e-03
1.3269999999999999e+02 1.7506763810400884e-03
1.3300000000000000e+02 1.7475687832583142e-03
1.3330000000000001e+02 1.7444716821531528e-03
1.3359999999999999e+02 1.7413850187655083e-03
1.3390000000000001e+02 1.7383087345988815e-03
1.3419999999999999e+02 1.7352427716147165e-03
1.3450000000000000e+02 1.7321870722277976e-03
1.3480000000000001e+02 1.7291415793017106e-03
1.3509999999999999e+02 1.7261062361443526e-03
1.3540000000000001e+02 1.7230809865035007e-03
1.3569999999999999e+02 1.7200657745624350e-03
1.3600000000000000e+02 1.7170605449356089e-03
1.3630000000000001e+02 1.7140652426643811e-03
1.3659999999999999e+02 1.7110798132127924e-03
1.3690000000000001e+02 1.7081042024633924e-03
1.3719999999999999e+02 1.7051383567131249e-03
1.3750000000000000e+02 1.7021822226692513e-03
1.3780000000000001e+02 1.6992357474453321e-03
1.3809999999999999e+02 1.6962988785572540e-03
1.3840000000000001e+02 1.6933715639192986e-03
1.3869999999999999e+02 1.6904537518402662e-03
1.3900000000000000e+02 1.6875453910196419e-03
1.3930000000000001e+02 1.6846464305438076e-03
1.3959999999999999e+02 1.6817568198822957e-03
1.3990000000000001e+02 1.6788765088840930e-03
1.4019999999999999e+02 1.6760054477739841e-03
1.4050000000000000e+02 1.6731435871489360e-03
1.4080000000000001e+02 1.6702908779745321e-03
1.4109999999999999e+02 1.6674472715814414e-03
1.4140000000000001e+02 1.6646127196619284e-03
1.4169999999999999e+02 1.6617871742664119e-03
1.4200000000000000e+02 1.6589705878000528e-03
1.4230000000000001e+02 1.6561629130193906e-03
1.4259999999999999e+02 1.6533641030290133e-03
1.4290000000000001e+02 1.6505741112782676e-03
1.4319999999999999e+02 1.6477928915580081e-03
1.4350000000000000e+02 1.6450203979973819e-03
1.4380000000000001e+02 1.6422565850606511e-03
1.4409999999999999e+02 1.6395014075440526e-03
1.4440000000000001e+02 1.6367548205726908e-03
1.4469999999999999e+02 1.6340167795974713e-03
1.4500000000000000e+02 1.6312872403920610e-03
1.4530000000000001e+02 1.6285661590498919e-03
1.4559999999999999e+02 1.6258534919811947e-03
1.4590000000000001e+02 1.6231491959100620e-03
1.4619999999999999e+02 1.6204532278715537e-03
1.4650000000000000e+02 1.6177655452088249e-03
1.4680000000000001e+02 1.6150861055702959e-03
1.4709999999999999e+02 1.6124148669068475e-03
1.4740000000000001e+02 1.6097517874690457e-03
1.4769999999999999e+02 1.6070968258044085e-03
1.4800000000000000e+02 1.6044499407546888e-03
1.4830000000000001e+02 1.6018110914531995e-03
1.4859999999999999e+02 1.5991802373221599e-03
1.4890000000000001e+02 1.5965573380700782e-03
1.4919999999999999e+02 1.5939423536891564e-03
1.4950000000000000e+02 1.5913352444527299e-03
1.4980000000000001e+02 1.5887359709127321e-03
1.5009999999999999e+02 1.5861444938971869e-03
1.5040000000000001e+02 1.5835607745077283e-03
1.5069999999999999e+02 1.5809847741171505e-03
1.5100000000000000e+02 1.5784164543669807e-03
1.5130000000000001e+02 1.5758557771650803e-03
1.5159999999999999e+02 1.5733027046832733e-03
1.5190000000000001e+02 1.5707571993549962e-03
1.5219999999999999e+02 1.5682192238729805e-03
1.5250000000000000e+02 1.5656887411869521e-03
1.5280000000000001e+02 1.5631657145013633e-03
1.5309999999999999e+02 1.5606501072731424e-03
1.5340000000000001e+02 1.5581418832094727e-03
1.5369999999999999e+02 1.5556410062655924e-03
1.5400000000000000e+02 1.5531474406426198e-03
1.5430000000000001e+02 1.5506611507853998e-03
1.5459999999999999e+02 1.5481821013803771e-03
1.5490000000000001e+02 1.5457102573534849e-03
1.5519999999999999e+02 1.5432455838680676e-03
1.5550000000000000e+02 1.5407880463228099e-03
1.5580000000000001e+02 1.5383376103497053e-03
1.5609999999999999e+02 1.5358942418120325e-03
1.5640000000000001e+02 1.5334579068023576e-03
1.5669999999999999e+02 1.5310285716405617e-03
1.5700000000000000e+02 1.5286062028718804e-03
1.5730000000000001e+02 1.5261907672649733e-03
1.5759999999999999e+02 1.5237822318100063e-03
1.5790000000000001e+02 1.5213805637167579e-03
1.5819999999999999e+02 1.5189857304127444e-03
1.5850000000000000e+02 1.5165976995413638e-03
1.5880000000000001e+02 1.5142164389600609e-03
1.5909999999999999e+02 1.5118419167385096e-03
1.5940000000000001e+02 1.5094741011568128e-03
1.5969999999999999e+02 1.5071129607037259e-03
1.6000000000000000e+02 1.5047584640748935e-03
1.6030000000000001e+02 1.5024105801711065e-03
1.6059999999999999e+02 1.5000692780965780e-03
1.6090000000000001e+02 1.4977345271572329e-03
1.6119999999999999e+02 1.4954062968590223e-03
1.6150000000000000e+02 1.4930845569062446e-03
1.6180000000000001e+02 1.4907692771998964e-03
1.6209999999999999e+02 1.4884604278360288e-03
1.6240000000000001e+02 1.4861579791041275e-03
1.6269999999999999e+02 1.4838619014855062e-03
1.6300000000000000e+02 1.4815721656517176e-03
1.6330000000000001e+02 1.4792887424629781e-03
1.6359999999999999e+02 1.4770116029666147e-03
1.6390000000000001e+02 1.4747407183955178e-03
1.6419999999999999e+02 1.4724760601666179e-03
1.6450000000000000e+02 1.4702175998793745e-03
1.6480000000000001e+02 1.4679653093142796e-03
1.6509999999999999e+02 1.4657191604313766e-03
1.6540000000000001e+02 1.4634791253687934e-03
1.6569999999999999e+02 1.4612451764412940e-03
1.6600000000000000e+02 1.4590172861388361e-03
1.6630000000000001e+02 1.4567954271251541e-03
1.6659999999999999e+02 1.4545795722363465e-03
1.6690000000000001e+02 1.4523696944794813e-03
1.6719999999999999e+02 1.4501657670312161e-03
1.6750000000000000e+02 1.4479677632364312e-03
1.6780000000000001e+02 1.4457756566068729e-03
1.6809999999999999e+02 1.4435894208198162e-03
1.6840000000000001e+02 1.4414090297167352e-03
1.6869999999999999e+02 1.4392344573019877e-03
1.6900000000000000e+02 1.4370656777415163e-03
1.6930000000000001e+02 1.4349026653615567e-03
1.6959999999999999e+02 1.4327453946473632e-03
1.6990000000000001e+02 1.4305938402419422e-03
1.7019999999999999e+02 1.4284479769448033e-03
1.7050000000000000e+02 1.4263077797107176e-03
1.7080000000000001e+02 1.4241732236484899e-03
1.7109999999999999e+02 1.4220442840197445e-03
1.7140000000000001e+02 1.4199209362377196e-03
1.7169999999999999e+02 1.4178031558660740e-03
1.7200000000000000e+02 1.4156909186177089e-03
1.7230000000000001e+02 1.4135842003535940e-03
1.7259999999999999e+02 1.4114829770816126e-03
1.7290000000000001e+02 1.4093872249554124e-03
1.7319999999999999e+02 1.4072969202732677e-03
1.7350000000000000e+02 1.4052120394769561e-03
1.7380000000000001e+02 1.4031325591506404e-03
1.7409999999999999e+02 1.4010584560197681e-03
1.7440000000000001e+02 1.3989897069499719e-03
1.7469999999999999e+02 1.3969262889459912e-03
1.7500000000000000e+02 1.3948681791505948e-03
1.7530000000000001e+02 1.3928153548435202e-03
1.7559999999999999e+02 1.3907677934404169e-03
1.7590000000000001e+02 1.3887254724918065e-03
1.7619999999999999e+02 1.3866883696820459e-03
1.7650000000000000e+02 1.3846564628283054e-03
1.7680000000000001e+02 1.3826297298795531e-03
1.7709999999999999e+02 1.3806081489155496e-03
1.7740000000000001e+02 1.3785916981458523e-03
1.7769999999999999e+02 1.3765803559088294e-03
1.7800000000000000e+02 1.3745741006706829e-03
1.7829999999999998e+02 1.3725729110244792e-03
1.7859999999999999e+02 1.3705767656891897e-03
1.7890000000000001e+02 1.3685856435087422e-03
1.7919999999999999e+02 1.3665995234510768e-03
1.7950000000000000e+02 1.3646183846072132e-03
1.7979999999999998e+02 1.3626422061903296e-03
1.8009999999999999e+02 1.3606709675348407e-03
1.8040000000000001e+02 1.3587046480954947e-03
1.8069999999999999e+02 1.3567432274464736e-03
1.8100000000000000e+02 1.3547866852804988e-03
1.8129999999999998e+02 1.3528350014079503e-03
1.8159999999999999e+02 1.3508881557559936e-03
1.8190000000000001e+02 1.3489461283677088e-03
1.8219999999999999e+02 1.3470088994012336e-03
1.8250000000000000e+02 1.3450764491289104e-03
1.8279999999999998e+02 1.3431487579364455e-03
1.8309999999999999e+02 1.3412258063220692e-03
1.8340000000000001e+02 1.3393075748957090e-03
1.8369999999999999e+02 1.3373940443781698e-03
1.8400000000000000e+02 1.3354851956003172e-03
1.8429999999999998e+02 1.3335810095022721e-03
1.8459999999999999e+02 1.3316814671326125e-03
1.8490000000000001e+02 1.3297865496475800e-03
1.8519999999999999e+02 1.3278962383102960e-03
1.8550000000000000e+02 1.3260105144899804e-03
1.8579999999999998e+02 1.3241293596611854e-03
1.8609999999999999e+02 1.3222527554030260e-03
1.8640000000000001e+02 1.3203806833984263e-03
1.8669999999999999e+02 1.3185131254333658e-03
1.8700000000000000e+02 1.3166500633961385e-03
1.8729999999999998e+02 1.3147914792766100e-03
1.8759999999999999e+02 1.3129373551654911e-03
1.8790000000000001e+02 1.3110876732536109e-03
1.8819999999999999e+02 1.3092424158311986e-03
1.8850000000000000e+02 1.3074015652871705e-03
1.8879999999999998e+02 1.3055651041084262e-03
1.8909999999999999e+02 1.3037330148791462e-03
1.8940000000000001e+02 1.3019052802800996e-03
1.8969999999999999e+02 1.3000818830879587e-03
1.9000000000000000e+02 1.2982628061746109e-03
1.9029999999999998e+02 1.2964480325064909e-03
1.9059999999999999e+02 1.2946375451439048e-03
1.9090000000000001e+02 1.2928313272403675e-03
1.9119999999999999e+02 1.2910293620419480e-03
1.9150000000000000e+02 1.2892316328866101e-03
1.9179999999999998e+02 1.2874381232035712e-03
1.9209999999999999e+02 1.2856488165126571e-03
1.9240000000000001e+02 1.2838636964236675e-03
1.9269999999999999e+02 1.2820827466357469e-03
1.9300000000000000e+02 1.2803059509367549e-03
1.9329999999999998e+02 1.2785332932026517e-03
1.9359999999999999e+02 1.2767647573968790e-03
1.9390000000000001e+02 1.2750003275697546e-03
1.9419999999999999e+02 1.2732399878578652e-03
1.9450000000000000e+02 1.2714837224834684e-03
1.9479999999999998e+02 1.2697315157538993e-03
1.9509999999999999e+02 1.2679833520609816e-03
1.9540000000000001e+02 1.2662392158804419e-03
1.9569999999999999e+02 1.2644990917713341e-03
1.9600000000000000e+02 1.2627629643754605e-03
1.9629999999999998e+02 1.2610308184168081e-03
1.9659999999999999e+02 1.2593026387009783e-03
1.9690000000000001e+02 1.2575784101146320e-03
1.9719999999999999e+02 1.2558581176249314e-03
1.9750000000000000e+02 1.2541417462789903e-03
1.9779999999999998e+02 1.2524292812033297e-03
1.9809999999999999e+02 1.2507207076033330e-03
1.9840000000000001e+02 1.2490160107627140e-03
1.9869999999999999e+02 1.2473151760429796e-03
1.9900000000000000e+02 1.2456181888829056e-03
1.9929999999999998e+02 1.2439250347980112e-03
1.9959999999999999e+02 1.2422356993800395e-03
1.9990000000000001e+02 1.2405501682964445e-03
2.0019999999999999e+02 1.2388684272898779e-03
2.0050000000000000e+02 1.2371904621776846e-03
2.0079999999999998e+02 1.2355162588513996e-03
2.0109999999999999e+02 1.2338458032762488e-03
2.0140000000000001e+02 1.2321790814906566e-03
2.0169999999999999e+02 1.2305160796057554e-03
2.0200000000000000e+02 1.2288567838048966e-03
2.0229999999999998e+02 1.2272011803431740e-03
2.0259999999999999e+02 1.2255492555469413e-03
2.0290000000000001e+02 1.2239009958133378e-03
2.0319999999999999e+02 1.2222563876098211e-03
2.0350000000000000e+02 1.2206154174736975e-03
2.0379999999999998e+02 1.2189780720116604e-03
2.0409999999999999e+02 1.2173443378993305e-03
2.0440000000000001e+02 1.2157142018808015e-03
2.0469999999999999e+02 1.2140876507681867e-03
2.0500000000000000e+02 1.2124646714411725e-03
2.0529999999999998e+02 1.2108452508465743e-03
2.0559999999999999e+02 1.2092293759978921e-03
2.0590000000000001e+02 1.2076170339748774e-03
2.0619999999999999e+02 1.2060082119230966e-03
2.0650000000000000e+02 1.2044028970535020e-03
2.0679999999999998e+02 1.2028010766420040e-03
2.0709999999999999e+02 1.2012027380290471e-03
2.0740000000000001e+02 1.1996078686191908e-03
2.0769999999999999e+02 1.1980164558806931e-03
2.0800000000000000e+02 1.1964284873450936e-03
2.0829999999999998e+02 1.1948439506068085e-03
2.0859999999999999e+02 1.1932628333227186e-03
2.0890000000000001e+02 1.1916851232117692e-03
2.0919999999999999e+02 1.1901108080545663e-03
2.0950000000000000e+02 1.1885398756929816e-03
2.0979999999999998e+02 1.1869723140297572e-03
2.1009999999999999e+02 1.1854081110281131e-03
2.1040000000000001e+02 1.1838472547113623e-03
2.1069999999999999e+02 1.1822897331625218e-03
2.1100000000000000e+02 1.1807355345239327e-03
2.1129999999999998e+02 1.1791846469968812e-03
2.1159999999999999e+02 1.1776370588412210e-03
2.1190000000000001e+02 1.1760927583750011e-03
2.1219999999999999e+02 1.1745517339740955e-03
2.1250000000000000e+02 1.1730139740718348e-03
2.1279999999999998e+02 1.1714794671586421e-03
2.1309999999999999e+02 1.1699482017816713e-03
2.1340000000000001e+02 1.1684201665444489e-03
2.1369999999999999e+02 1.1668953501065157e-03
2.1400000000000000e+02 1.1653737411830749e-03
2.1429999999999998e+02 1.1638553285446408e-03
2.1459999999999999e+02 1.1623401010166907e-03
2.1490000000000001e+02 1.1608280474793202e-03
2.1519999999999999e+02 1.1593191568668997e-03
2.1550000000000000e+02 1.1578134181677337e-03
2.1579999999999998e+02 1.1563108204237251e-03
2.1609999999999999e+02 1.1548113527300378e-03
2.1640000000000001e+02 1.1533150042347673e-03
2.1669999999999999e+02 1.1518217641386086e-03
2.1700000000000000e+02 1.1503316216945291e-03
2.1729999999999998e+02 1.1488445662074442e-03
2.1759999999999999e+02 1.1473605870338953e-03
2.1790000000000001e+02 1.1458796735817291e-03
2.1819999999999999e+02 1.1444018153097808e-03
2.1850000000000000e+02 1.1429270017275571e-03
2.1879999999999998e+02 1.1414552223949262e-03
2.1909999999999999e+02 1.1399864669218054e-03
2.1940000000000001e+02 1.1385207249678540e-03
2.1969999999999999e+02 1.1370579862421679e-03
2.2000000000000000e+02 1.1355982405029735e-03
2.2029999999999998e+02 1.1341414775573300e-03
2.2059999999999999e+02 1.1326876872608284e-03
2.2090000000000001e+02 1.1312368595172958e-03
2.2119999999999999e+02 1.1297889842784997e-03
2.2150000000000000e+02 1.1283440515438574e-03
2.2179999999999998e+02 1.1269020513601435e-03
2.2209999999999999e+02 1.1254629738212047e-03
2.2240000000000001e+02 1.1240268090676722e-03
2.2269999999999999e+02 1.1225935472866794e-03
2.2300000000000000e+02 1.1211631787115765e-03
2.2329999999999998e+02 1.1197356936216575e-03
2.2359999999999999e+02 1.1183110823418760e-03
2.2390000000000001e+02 1.1168893352425755e-03
2.2419999999999999e+02 1.1154704427392109e-03
2.2450000000000000e+02 1.1140543952920809e-03
2.2479999999999998e+02 1.1126411834060574e-03
2.2509999999999999e+02 1.1112307976303172e-03
2.2540000000000001e+02 1.1098232285580783e-03
2.2569999999999999e+02 1.1084184668263351e-03
2.2600000000000000e+02 1.1070165031155964e-03
2.2629999999999998e+02 1.1056173281496276e-03
2.2659999999999999e+02 1.1042209326951906e-03
2.2690000000000001e+02 1.1028273075617905e-03
2.2719999999999999e+02 1.1014364436014187e-03
2.2750000000000000e+02 1.1000483317083036e-03
2.2779999999999998e+02 1.0986629628186569e-03
2.2809999999999999e+02 1.0972803279104277e-03
2.2840000000000001e+02 1.0959004180030563e-03
2.2869999999999999e+02 1.0945232241572260e-03
2.2900000000000000e+02 1.0931487374746217e-03
2.2929999999999998e+02 1.0917769490976896e-03
2.2959999999999999e+02 1.0904078502093947e-03
2.2990000000000001e+02 1.0890414320329864e-03
2.3019999999999999e+02 1.0876776858317581e-03
2.3050000000000000e+02 1.0863166029088155e-03
2.3079999999999998e+02 1.0849581746068427e-03
2.3109999999999999e+02 1.0836023923078714e-03
2.3140000000000001e+02 1.0822492474330504e-03
2.3169999999999999e+02 1.0808987314424178e-03
2.3200000000000000e+02 1.0795508358346752e-03
2.3229999999999998e+02 1.0782055521469634e-03
2.3259999999999999e+02 1.0768628719546366e-03
2.3290000000000001e+02 1.0755227868710449e-03
2.3319999999999999e+02 1.0741852885473102e-03
2.3350000000000000e+02 1.0728503686721108e-03
2.3379999999999998e+02 1.0715180189714633e-03
2.3409999999999999e+02 1.0701882312085058e-03
2.3440000000000001e+02 1.0688609971832869e-03
2.3469999999999999e+02 1.0675363087325517e-03
2.3500000000000000e+02 1.0662141577295304e-03
2.3529999999999998e+02 1.0648945360837293e-03
2.3559999999999999e+02 1.0635774357407248e-03
2.3590000000000001e+02 1.0622628486819539e-03
2.3619999999999999e+02 1.0609507669245106e-03
2.3650000000000000e+02 1.0596411825209429e-03
2.3679999999999998e+02 1.0583340875590487e-03
2.3709999999999999e+02 1.0570294741616779e-03
2.3740000000000001e+02 1.0557273344865307e-03
2.3769999999999999e+02 1.0544276607259593e-03
2.3800000000000000e+02 1.0531304451067739e-03
2.3829999999999998e+02 1.0518356798900448e-03
2.3859999999999999e+02 1.0505433573709097e-03
2.3890000000000001e+02 1.0492534698783808e-03
2.3919999999999999e+02 1.0479660097751544e-03
2.3950000000000000e+02 1.0466809694574194e-03
2.3979999999999998e+02 1.0453983413546701e-03
2.4009999999999999e+02 1.0441181179295181e-03
2.4040000000000001e+02 1.0428402916775059e-03
2.4069999999999999e+02 1.0415648551269237e-03
2.4100000000000000e+02 1.0402918008386246e-03
2.4129999999999998e+02 1.0390211214058431e-03
2.4159999999999999e+02 1.0377528094540124e-03
2.4190000000000001e+02 1.0364868576405867e-03
2.4219999999999999e+02 1.0352232586548632e-03
2.4250000000000000e+02 1.0339620052178013e-03
2.4279999999999998e+02 1.0327030900818502e-03
2.4309999999999999e+02 1.0314465060307719e-03
2.4340000000000001e+02 1.0301922458794675e-03
2.4369999999999999e+02 1.0289403024738065e-03
2.4400000000000000e+02 1.0276906686904534e-03
2.4429999999999998e+02 1.0264433374366981e-03
2.4459999999999999e+02 1.0251983016502861e-03
2.4490000000000001e+02 1.0239555542992530e-03
2.4519999999999999e+02 1.0227150883817555e-03
2.4550000000000000e+02 1.0214768969259048e-03
2.4579999999999998e+02 1.0202409729896062e-03
2.4609999999999999e+02 1.0190073096603895e-03
2.4640000000000001e+02 1.0177759000552530e-03
2.4669999999999999e+02 1.0165467373204982e-03
2.4700000000000000e+02 1.0153198146315699e-03
2.4729999999999998e+02 1.0140951251928988e-03
2.4759999999999999e+02 1.0128726622377416e-03
2.4790000000000001e+02 1.0116524190280252e-03
2.4819999999999999e+02 1.0104343888541903e-03
2.4850000000000000e+02 1.0092185650350360e-03
2.4879999999999998e+02 1.0080049409175668e-03
2.4909999999999999e+02 1.0067935098768386e-03
2.4940000000000001e+02 1.0055842653158083e-03
2.4969999999999999e+02 1.0043772006651812e-03
2.5000000000000000e+02 1.0031723093832622e-03
2.5029999999999998e+02 1.0019695849558070e-03
2.5059999999999999e+02 1.0007690208958726e-03
2.5090000000000001e+02 9.9957061074367306e-04
2.5119999999999999e+02 9.9837434806643137e-04
2.5150000000000000e+02 9.9718022645823418e-04
2.5179999999999998e+02 9.9598823953989048e-04
2.5209999999999999e+02 9.9479838095878521e-04
2.5240000000000001e+02 9.9361064438873857e-04
2.5269999999999999e+02 9.9242502352986524e-04
2.5300000000000000e+02 9.9124151210843239e-04
2.5329999999999998e+02 9.9006010387672283e-04
2.5359999999999999e+02 9.8888079261289321e-04
2.5390000000000001e+02 9.8770357212084022e-04
2.5419999999999999e+02 9.8652843623005964e-04
2.5450000000000000e+02 9.8535537879551323e-04
2.5479999999999998e+02 9.8418439369749424e-04
2.5509999999999999e+02 9.8301547484149127e-04
2.5540000000000001e+02 9.8184861615805644e-04
2.5569999999999999e+02 9.8068381160267199e-04
2.5600000000000000e+02 9.7952105515562021e-04
2.5630000000000001e+02 9.7836034082185159e-04
2.5659999999999997e+02 9.7720166263085559e-04
2.5689999999999998e+02 9.7604501463653052e-04
2.5719999999999999e+02 9.7489039091705758e-04
2.5750000000000000e+02 9.7373778557477138e-04
2.5780000000000001e+02 9.7258719273603451e-04
2.5809999999999997e+02 9.7143860655111243e-04
2.5839999999999998e+02 9.7029202119404607e-04
2.5869999999999999e+02 9.6914743086253018e-04
2.5900000000000000e+02 9.6800482977778973e-04
2.5930000000000001e+02 9.6686421218445599e-04
2.5959999999999997e+02 9.6572557235044640e-04
2.5989999999999998e+02 9.6458890456684141e-04
2.6019999999999999e+02 9.6345420314776758e-04
2.6050000000000000e+02 9.6232146243027433e-04
2.6080000000000001e+02 9.6119067677421849e-04
2.6109999999999997e+02 9.6006184056214464e-04
2.6139999999999998e+02 9.5893494819916734e-04
2.6169999999999999e+02 9.5780999411285627e-04
2.6200000000000000e+02 9.5668697275312024e-04
2.6230000000000001e+02 9.5556587859209037e-04
2.6259999999999997e+02 9.5444670612400905e-04
2.6289999999999998e+02 9.5332944986511233e-04
2.6319999999999999e+02 9.5221410435352056e-04
2.6350000000000000e+02 9.5110066414912488e-04
2.6380000000000001e+02 9.4998912383347520e-04
2.6409999999999997e+02 9.4887947800967071e-04
2.6439999999999998e+02 9.4777172130224843e-04
2.6469999999999999e+02 9.4666584835707509e-04
2.6500000000000000e+02 9.4556185384123788e-04
2.6530000000000001e+02 9.4445973244293641e-04
2.6559999999999997e+02 9.4335947887137523e-04
2.6589999999999998e+02 9.4226108785665783e-04
2.6619999999999999e+02 9.4116455414967935e-04
2.6650000000000000e+02 9.4006987252202292e-04
2.6680000000000001e+02 9.3897703776585383e-04
2.6709999999999997e+02 9.3788604469381546e-04
2.6739999999999998e+02 9.3679688813892617e-04
2.6769999999999999e+02 9.3570956295447628e-04
2.6800000000000000e+02 9.3462406401392654e-04
2.6830000000000001e+02 9.3354038621080613e-04
2.6859999999999997e+02 9.3245852445861179e-04
2.6889999999999998e+02 9.3137847369070695e-04
2.6919999999999999e+02 9.3030022886022364e-04
2.6950000000000000e+02 9.2922378493996173e-04
2.6980000000000001e+02 9.2814913692229161e-04
2.7009999999999997e+02 9.2707627981905637e-04
2.7039999999999998e+02 9.2600520866147290e-04
2.7069999999999999e+02 9.2493591850003796e-04
2.7100000000000000e+02 9.2386840440443019e-04
2.7130000000000001e+02 9.2280266146341444e-04
2.7159999999999997e+02 9.2173868478474873e-04
2.7189999999999998e+02 9.2067646949508739e-04
2.7219999999999999e+02 9.1961601073988961e-04
2.7250000000000000e+02 9.1855730368332520e-04
2.7280000000000001e+02 9.1750034350818166e-04
2.7309999999999997e+02 9.1644512541577336e-04
2.7339999999999998e+02 9.1539164462584813e-04
2.7369999999999999e+02 9.1433989637649789e-04
2.7400000000000000e+02 9.1328987592406805e-04
2.7430000000000001e+02 9.1224157854306691e-04
2.7459999999999997e+02 9.1119499952607708e-04
2.7489999999999998e+02 9.1015013418366600e-04
2.7519999999999999e+02 9.0910697784429883e-04
2.7550000000000000e+02 9.0806552585424860e-04
2.7580000000000001e+02 9.0702577357751237e-04
2.7609999999999997e+02 9.0598771639572098e-04
2.7639999999999998e+02 9.0495134970805481e-04
2.7669999999999999e+02 9.0391666893115813e-04
2.7700000000000000e+02 9.0288366949905379e-04
2.7730000000000001e+02 9.0185234686305789e-04
2.7759999999999997e+02 9.0082269649169691e-04
2.7789999999999998e+02 8.9979471387062254e-04
2.7819999999999999e+02 8.9876839450253024e-04
2.7850000000000000e+02 8.9774373390707487e-04
2.7880000000000001e+02 8.9672072762079082e-04
2.7909999999999997e+02 8.9569937119700729e-04
2.7939999999999998e+02 8.9467966020577027e-04
2.7969999999999999e+02 8.9366159023375902e-04
2.8000000000000000e+02 8.9264515688420860e-04
2.8030000000000001e+02 8.9163035577682751e-04
2.8059999999999997e+02 8.9061718254772066e-04
2.8089999999999998e+02 8.8960563284930802e-04
2.8119999999999999e+02 8.8859570235024941e-04
2.8150000000000000e+02 8.8758738673536380e-04
2.8180000000000001e+02 8.8658068170555343e-04
2.8209999999999997e+02 8.8557558297772674e-04
2.8239999999999998e+02 8.8457208628472039e-04
2.8269999999999999e+02 8.8357018737522544e-04
2.8300000000000000e+02 8.8256988201371016e-04
2.8330000000000001e+02 8.8157116598034508e-04
2.8359999999999997e+02 8.8057403507092844e-04
2.8389999999999998e+02 8.7957848509681168e-04
2.8419999999999999e+02 8.7858451188482561e-04
2.8450000000000000e+02 8.7759211127720735e-04
2.8480000000000001e+02 8.7660127913152613e-04
2.8509999999999997e+02 8.7561201132061285e-04
2.8539999999999998e+02 8.7462430373248432e-04
2.8569999999999999e+02 8.7363815227027564e-04
2.8600000000000000e+02 8.7265355285216534e-04
2.8630000000000001e+02 8.7167050141130696e-04
2.8659999999999997e+02 8.7068899389575692e-04
2.8689999999999998e+02 8.6970902626840496e-04
2.8719999999999999e+02 8.6873059450690395e-04
2.8750000000000000e+02 8.6775369460360117e-04
2.8780000000000001e+02 8.6677832256546936e-04
2.8809999999999997e+02 8.6580447441403786e-04
2.8839999999999998e+02 8.6483214618532399e-04
2.8869999999999999e+02 8.6386133392976649e-04
2.8900000000000000e+02 8.6289203371215663e-04
2.8930000000000001e+02 8.6192424161157289e-04
2.8959999999999997e+02 8.6095795372131316e-04
2.8989999999999998e+02 8.5999316614882829e-04
2.9019999999999999e+02 8.5902987501565789e-04
2.9050000000000000e+02 8.5806807645736238e-04
2.9080000000000001e+02 8.5710776662346042e-04
2.9109999999999997e+02 8.5614894167736254e-04
2.9139999999999998e+02 8.5519159779630664e-04
2.9169999999999999e+02 8.5423573117129545e-04
2.9200000000000000e+02 8.5328133800703155e-04
2.9230000000000001e+02 8.5232841452185409e-04
2.9259999999999997e+02 8.5137695694767718e-04
2.9289999999999998e+02 8.5042696152992528e-04
2.9319999999999999e+02 8.4947842452747283e-04
2.9350000000000000e+02 8.4853134221258154e-04
2.9380000000000001e+02 8.4758571087083874e-04
2.9409999999999997e+02 8.4664152680109675e-04
2.9439999999999998e+02 8.4569878631541109e-04
2.9469999999999999e+02 8.4475748573898074e-04
2.9500000000000000e+02 8.4381762141008828e-04
2.9530000000000001e+02 8.4287918968003941e-04
2.9559999999999997e+02 8.4194218691310309e-04
2.9589999999999998e+02 8.4100660948645332e-04
2.9619999999999999e+02 8.4007245379011050e-04
2.9650000000000000e+02 8.3913971622688089e-04
2.9680000000000001e+02 8.3820839321230170e-04
2.9709999999999997e+02 8.3727848117458022e-04
2.9739999999999998e+02 8.3634997655453755e-04
2.9769999999999999e+02 8.3542287580555151e-04
2.9800000000000000e+02 8.3449717539349987e-04
2.9830000000000001e+02 8.3357287179670284e-04
2.9859999999999997e+02 8.3264996150586839e-04
2.9889999999999998e+02 8.3172844102403381e-04
2.9919999999999999e+02 8.3080830686651315e-04
2.9950000000000000e+02 8.2988955556083887e-04
2.9980000000000001e+02 8.2897218364670936e-04
3.0009999999999997e+02 8.2805618767593282e-04
3.0039999999999998e+02 8.2714156421237256e-04
3.0069999999999999e+02 8.2622830983189335e-04
3.0100000000000000e+02 8.2531642112230834e-04
3.0130000000000001e+02 8.2440589468332401e-04
3.0159999999999997e+02 8.2349672712648842e-04
3.0189999999999998e+02 8.2258891507513662e-04
3.0219999999999999e+02 8.2168245516433972e-04
3.0250000000000000e+02 8.2077734404085100e-04
3.0280000000000001e+02 8.1987357836305487e-04
3.0309999999999997e+02 8.1897115480091432e-04
3.0339999999999998e+02 8.1807007003592005e-04
3.0369999999999999e+02 8.1717032076103848e-04
3.0400000000000000e+02 8.1627190368066169e-04
3.0430000000000001e+02 8.1537481551055590e-04
3.0459999999999997e+02 8.1447905297781095e-04
3.0489999999999998e+02 8.1358461282079130e-04
3.0519999999999999e+02 8.1269149178908498e-04
3.0550000000000000e+02 8.1179968664345432e-04
3.0580000000000001e+02 8.1090919415578689e-04
3.0609999999999997e+02 8.1002001110904646e-04
3.0639999999999998e+02 8.0913213429722292e-04
3.0669999999999999e+02 8.0824556052528610e-04
3.0700000000000000e+02 8.0736028660913521e-04
3.0730000000000001e+02 8.0647630937555196e-04
3.0759999999999997e+02 8.0559362566215279e-04
3.0789999999999998e+02 8.0471223231734078e-04
3.0819999999999999e+02 8.0383212620025889e-04
3.0850000000000000e+02 8.0295330418074257e-04
3.0880000000000001e+02 8.0207576313927407e-04
3.0909999999999997e+02 8.0119949996693433e-04
3.0939999999999998e+02 8.0032451156535729e-04
3.0969999999999999e+02 7.9945079484668440e-04
3.1000000000000000e+02 7.9857834673351851e-04
3.1030000000000001e+02 7.9770716415887891e-04
3.1059999999999997e+02 7.9683724406615444e-04
3.1089999999999998e+02 7.9596858340905997e-04
3.1119999999999999e+02 7.9510117915159155e-04
3.1150000000000000e+02 7.9423502826798053e-04
3.1180000000000001e+02 7.9337012774265093e-04
3.1209999999999997e+02 7.9250647457017429e-04
3.1239999999999998e+02 7.9164406575522569e-04
3.1269999999999999e+02 7.9078289831254107e-04
3.1300000000000000e+02 7.8992296926687269e-04
3.1330000000000001e+02 7.8906427565294667e-04
3.1359999999999997e+02 7.8820681451542056e-04
3.1389999999999998e+02 7.8735058290883841e-04
3.1419999999999999e+02 7.8649557789759166e-04
3.1450000000000000e+02 7.8564179655587324e-04
3.1480000000000001e+02 7.8478923596763891e-04
3.1509999999999997e+02 7.8393789322656255e-04
3.1539999999999998e+02 7.8308776543599629e-04
3.1569999999999999e+02 7.8223884970892853e-04
3.1600000000000000e+02 7.8139114316794363e-04
3.1630000000000001e+02 7.8054464294517885e-04
3.1659999999999997e+02 7.7969934618228598e-04
3.1689999999999998e+02 7.7885525003038925e-04
3.1719999999999999e+02 7.7801235165004547e-04
3.1750000000000000e+02 7.7717064821120443e-04
3.1780000000000001e+02 7.7633013689316801e-04
3.1809999999999997e+02 7.7549081488455154e-04
3.1839999999999998e+02 7.7465267938324305e-04
3.1869999999999999e+02 7.7381572759636517e-04
3.1900000000000000e+02 7.7297995674023513e-04
3.1930000000000001e+02 7.7214536404032709e-04
3.1959999999999997e+02 7.7131194673123193e-04
3.1989999999999998e+02 7.7047970205661957e-04
3.2019999999999999e+02 7.6964862726920061e-04
3.2050000000000000e+02 7.6881871963068870e-04
3.2080000000000001e+02 7.6798997641176184e-04
3.2109999999999997e+02 7.6716239489202506e-04
3.2139999999999998e+02 7.6633597235997285e-04
3.2169999999999999e+02 7.6551070611295159e-04
3.2200000000000000e+02 7.6468659345712317e-04
3.2230000000000001e+02 7.6386363170742762e-04
3.2259999999999997e+02 7.6304181818754625e-04
3.2289999999999998e+02 7.6222115022986489e-04
3.2319999999999999e+02 7.6140162517543777e-04
3.2350000000000000e+02 7.6058324037395252e-04
3.2380000000000001e+02 7.5976599318369135e-04
3.2409999999999997e+02 7.5894988097149842e-04
3.2439999999999998e+02 7.5813490111274176e-04
3.2469999999999999e+02 7.5732105099127916e-04
3.2500000000000000e+02 7.5650832799942236e-04
3.2530000000000001e+02 7.5569672953790246e-04
3.2559999999999997e+02 7.5488625301583438e-04
3.2589999999999998e+02 7.5407689585068216e-04
3.2619999999999999e+02 7.5326865546822492e-04
3.2650000000000000e+02 7.5246152930252255e-04
3.2680000000000001e+02 7.5165551479588035e-04
3.2709999999999997e+02 7.5085060939881641e-04
3.2739999999999998e+02 7.5004681057002677e-04
3.2769999999999999e+02 7.4924411577635219e-04
3.2800000000000000e+02 7.4844252249274448e-04
3.2830000000000001e+02 7.4764202820223294e-04
3.2859999999999997e+02 7.4684263039589201e-04
3.2889999999999998e+02 7.4604432657280652e-04
3.2919999999999999e+02 7.4524711424004092e-04
3.2950000000000000e+02 7.4445099091260492e-04
3.2980000000000001e+02 7.4365595411342224e-04
3.3009999999999997e+02 7.4286200137329693e-04
3.3039999999999998e+02 7.4206913023088232e-04
3.3069999999999999e+02 7.4127733823264842e-04
3.3100000000000000e+02 7.4048662293284967e-04
3.3130000000000001e+02 7.3969698189349433e-04
3.3159999999999997e+02 7.3890841268431200e-04
3.3189999999999998e+02 7.3812091288272177e-04
3.3219999999999999e+02 7.3733448007380262e-04
3.3250000000000000e+02 7.3654911185026101e-04
3.3280000000000001e+02 7.3576480581239974e-04
3.3309999999999997e+02 7.3498155956808848e-04
3.3339999999999998e+02 7.3419937073273091e-04
3.3369999999999999e+02 7.3341823692923773e-04
3.3400000000000000e+02 7.3263815578799229e-04
3.3430000000000001e+02 7.3185912494682336e-04
3.3459999999999997e+02 7.3108114205097348e-04
3.3489999999999998e+02 7.3030420475307027e-04
3.3519999999999999e+02 7.2952831071309535e-04
3.3550000000000000e+02 7.2875345759835608e-04
3.3580000000000001e+02 7.2797964308345478e-04
3.3609999999999997e+02 7.2720686485026062e-04
3.3639999999999998e+02 7.2643512058787952e-04
3.3669999999999999e+02 7.2566440799262633e-04
3.3700000000000000e+02 7.2489472476799412e-04
3.3730000000000001e+02 7.2412606862462710e-04
3.3759999999999997e+02 7.2335843728029130e-04
3.3789999999999998e+02 7.2259182845984626e-04
3.3819999999999999e+02 7.2182623989521628e-04
3.3850000000000000e+02 7.2106166932536298e-04
3.3880000000000001e+02 7.2029811449625663e-04
3.3909999999999997e+02 7.1953557316084907e-04
3.3939999999999998e+02 7.1877404307904460e-04
3.3969999999999999e+02 7.1801352201767343e-04
3.4000000000000000e+02 7.1725400775046386e-04
3.4030000000000001e+02 7.1649549805801512e-04
3.4059999999999997e+02 7.1573799072776939e-04
3.4089999999999998e+02 7.1498148355398576e-04
3.4119999999999999e+02 7.1422597433771205e-04
3.4150000000000000e+02 7.1347146088675934e-04
3.4180000000000001e+02 7.1271794101567410e-04
3.4209999999999997e+02 7.1196541254571217e-04
3.4239999999999998e+02 7.1121387330481197e-04
3.4269999999999999e+02 7.1046332112756848e-04
3.4300000000000000e+02 7.0971375385520715e-04
3.4330000000000001e+02 7.0896516933555750e-04
3.4359999999999997e+02 7.0821756542302722e-04
3.4389999999999998e+02 7.0747093997857596e-04
3.4419999999999999e+02 7.0672529086969059e-04
3.4450000000000000e+02 7.0598061597035885e-04
3.4480000000000001e+02 7.0523691316104443e-04
3.4509999999999997e+02 7.0449418032866081e-04
3.4539999999999998e+02 7.0375241536654658e-04
3.4569999999999999e+02 7.0301161617444103e-04
3.4600000000000000e+02 7.0227178065845766e-04
3.4630000000000001e+02 7.0153290673106051e-04
3.4659999999999997e+02 7.0079499231103892e-04
3.4689999999999998e+02 7.0005803532348289e-04
3.4719999999999999e+02 6.9932203369975896e-04
3.4750000000000000e+02 6.9858698537748551e-04
3.4780000000000001e+02 6.9785288830050834e-04
3.4809999999999997e+02 6.9711974041887731e-04
3.4839999999999998e+02 6.9638753968882068e-04
3.4869999999999999e+02 6.9565628407272293e-04
3.4900000000000000e+02 6.9492597153910035e-04
3.4930000000000001e+02 6.9419660006257689e-04
3.4959999999999997e+02 6.9346816762386079e-04
3.4989999999999998e+02 6.9274067220972144e-04
3.5019999999999999e+02 6.9201411181296548e-04
3.5050000000000000e+02 6.9128848443241419e-04
3.5080000000000001e+02 6.9056378807288001e-04
3.5109999999999997e+02 6.8984002074514285e-04
3.5139999999999998e+02 6.8911718046592860e-04
3.5169999999999999e+02 6.8839526525788473e-04
3.5200000000000000e+02 6.8767427314955862e-04
3.5230000000000001e+02 6.8695420217537500e-04
3.5259999999999997e+02 6.8623505037561274e-04
3.5289999999999998e+02 6.8551681579638233e-04
3.5319999999999999e+02 6.8479949648960511e-04
3.5350000000000000e+02 6.8408309051298929e-04
3.5380000000000001e+02 6.8336759593000884e-04
3.5409999999999997e+02 6.8265301080988128e-04
3.5439999999999998e+02 6.8193933322754528e-04
3.5469999999999999e+02 6.8122656126363989e-04
3.5500000000000000e+02 6.8051469300448248e-04
3.5530000000000001e+02 6.7980372654204699e-04
3.5559999999999997e+02 6.7909365997394179e-04
3.5589999999999998e+02 6.7838449140338963e-04
3.5619999999999999e+02 6.7767621893920563e-04
3.5650000000000000e+02 6.7696884069577603e-04
3.5680000000000001e+02 6.7626235479303746e-04
3.5709999999999997e+02 6.7555675935645598e-04
3.5739999999999998e+02 6.7485205251700505e-04
3.5769999999999999e+02 6.7414823241114660e-04
3.5800000000000000e+02 6.7344529718080931e-04
3.5830000000000001e+02 6.7274324497336750e-04
3.5859999999999997e+02 6.7204207394162190e-04
3.5889999999999998e+02 6.7134178224377778e-04
3.5919999999999999e+02 6.7064236804342597e-04
3.5950000000000000e+02 6.6994382950952183e-04
3.5980000000000001e+02 6.6924616481636593e-04
3.6009999999999997e+02 6.6854937214358271e-04
3.6039999999999998e+02 6.6785344967610120e-04
3.6069999999999999e+02 6.6715839560413566e-04
3.6100000000000000e+02 6.6646420812316504e-04
3.6130000000000001e+02 6.6577088543391433e-04
3.6159999999999997e+02 6.6507842574233347e-04
3.6189999999999998e+02 6.6438682725957832e-04
3.6219999999999999e+02 6.6369608820199299e-04
3.6250000000000000e+02 6.6300620679108778e-04
3.6280000000000001e+02 6.6231718125352222e-04
3.6309999999999997e+02 6.6162900982108433e-04
3.6339999999999998e+02 6.6094169073067238e-04
3.6369999999999999e+02 6.6025522222427576e-04
3.6400000000000000e+02 6.5956960254895641e-04
3.6430000000000001e+02 6.5888482995682938e-04
3.6459999999999997e+02 6.5820090270504467e-04
3.6489999999999998e+02 6.5751781905576780e-04
3.6519999999999999e+02 6.5683557727616224e-04
3.6550000000000000e+02 6.5615417563837097e-04
3.6580000000000001e+02 6.5547361241949690e-04
3.6609999999999997e+02 6.5479388590158557e-04
3.6639999999999998e+02 6.5411499437160699e-04
3.6669999999999999e+02 6.5343693612143706e-04
3.6700000000000000e+02 6.5275970944783939e-04
3.6730000000000001e+02 6.5208331265244812e-04
3.6759999999999997e+02 6.5140774404174933e-04
3.6789999999999998e+02 6.5073300192706313e-04
3.6819999999999999e+02 6.5005908462452682e-04
3.6850000000000000e+02 6.4938599045507629e-04
3.6880000000000001e+02 6.4871371774442854e-04
3.6909999999999997e+02 6.4804226482306543e-04
3.6939999999999998e+02 6.4737163002621403e-04
3.6969999999999999e+02 6.4670181169383168e-04
3.7000000000000000e+02 6.4603280817058660e-04
3.7030000000000001e+02 6.4536461780584278e-04
3.7059999999999997e+02 6.4469723895364134e-04
3.7089999999999998e+02 6.4403066997268342e-04
3.7119999999999999e+02 6.4336490922631457e-04
3.7150000000000000e+02 6.4269995508250684e-04
3.7180000000000001e+02 6.4203580591384206e-04
3.7209999999999997e+02 6.4137246009749577e-04
3.7239999999999998e+02 6.4070991601521891e-04
3.7269999999999999e+02 6.4004817205332368e-04
3.7300000000000000e+02 6.3938722660266496e-04
3.7330000000000001e+02 6.3872707805862539e-04
3.7359999999999997e+02 6.3806772482109743e-04
3.7389999999999998e+02 6.3740916529446835e-04
3.7419999999999999e+02 6.3675139788760379e-04
3.7450000000000000e+02 6.3609442101383092e-04
3.7480000000000001e+02 6.3543823309092319e-04
3.7509999999999997e+02 6.3478283254108422e-04
3.7539999999999998e+02 6.3412821779093066e-04
3.7569999999999999e+02 6.3347438727147842e-04
3.7600000000000000e+02 6.3282133941812522e-04
3.7630000000000001e+02 6.3216907267063559e-04
3.7659999999999997e+02 6.3151758547312490e-04
3.7689999999999998e+02 6.3086687627404378e-04
3.7719999999999999e+02 6.3021694352616286e-04
3.7750000000000000e+02 6.2956778568655719e-04
3.7780000000000001e+02 6.2891940121659090e-04
3.7809999999999997e+02 6.2827178858190183e-04
3.7839999999999998e+02 6.2762494625238615e-04
3.7869999999999999e+02 6.2697887270218345e-04
3.7900000000000000e+02 6.2633356640966090e-04
3.7930000000000001e+02 6.2568902585739979e-04
3.7959999999999997e+02 6.2504524953217874e-04
3.7989999999999998e+02 6.2440223592495994e-04
3.8019999999999999e+02 6.2375998353087381e-04
3.8050000000000000e+02 6.2311849084920425e-04
3.8080000000000001e+02 6.2247775638337398e-04
3.8109999999999997e+02 6.2183777864092992e-04
3.8139999999999998e+02 6.2119855613352866e-04
3.8169999999999999e+02 6.2056008737692160e-04
3.8200000000000000e+02 6.1992237089094108e-04
3.8230000000000001e+02 6.1928540519948488e-04
3.8259999999999997e+02 6.1864918883050319e-04
3.8289999999999998e+02 6.1801372031598312e-04
3.8319999999999999e+02 6.1737899819193582e-04
3.8350000000000000e+02 6.1674502099838080e-04
3.8380000000000001e+02 6.1611178727933311e-04
3.8409999999999997e+02 6.1547929558278833e-04
3.8439999999999998e+02 6.1484754446070912e-04
3.8469999999999999e+02 6.1421653246901148e-04
3.8500000000000000e+02 6.1358625816755033e-04
3.8530000000000001e+02 6.1295672012010548e-04
3.8559999999999997e+02 6.1232791689436986e-04
3.8589999999999998e+02 6.1169984706193248e-04
3.8619999999999999e+02 6.1107250919826769e-04
3.8650000000000000e+02 6.1044590188272067e-04
3.8680000000000001e+02 6.0982002369849365e-04
3.8709999999999997e+02 6.0919487323263276e-04
3.8739999999999998e+02 6.0857044907601369e-04
3.8769999999999999e+02 6.0794674982333021e-04
3.8800000000000000e+02 6.0732377407307929e-04
3.8830000000000001e+02 6.0670152042754900e-04
3.8859999999999997e+02 6.0607998749280414e-04
3.8889999999999998e+02 6.0545917387867354e-04
3.8919999999999999e+02 6.0483907819873831e-04
3.8950000000000000e+02 6.0421969907031663e-04
3.8980000000000001e+02 6.0360103511445285e-04
3.9009999999999997e+02 6.0298308495590253e-04
3.9039999999999998e+02 6.0236584722312184e-04
3.9069999999999999e+02 6.0174932054825304e-04
3.9100000000000000e+02 6.0113350356711239e-04
3.9130000000000001e+02 6.0051839491917763e-04
3.9159999999999997e+02 5.9990399324757538e-04
3.9189999999999998e+02 5.9929029719906781e-04
3.9219999999999999e+02 5.9867730542404124e-04
3.9250000000000000e+02 5.9806501657649240e-04
3.9280000000000001e+02 5.9745342931401767e-04
3.9309999999999997e+02 5.9684254229779910e-04
3.9339999999999998e+02 5.9623235419259282e-04
3.9369999999999999e+02 5.9562286366671722e-04
3.9400000000000000e+02 5.9501406939203969e-04
3.9430000000000001e+02 5.9440597004396529e-04
3.9459999999999997e+02 5.9379856430142469e-04
3.9489999999999998e+02 5.9319185084686092e-04
3.9519999999999999e+02 5.9258582836621923e-04
3.9550000000000000e+02 5.9198049554893401e-04
3.9580000000000001e+02 5.9137585108791661e-04
3.9609999999999997e+02 5.9077189367954424e-04
3.9639999999999998e+02 5.9016862202364751e-04
3.9669999999999999e+02 5.8956603482349969e-04
3.9700000000000000e+02 5.8896413078580372e-04
3.9730000000000001e+02 5.8836290862068134e-04
3.9759999999999997e+02 5.8776236704166163e-04
3.9789999999999998e+02 5.8716250476566830e-04
3.9819999999999999e+02 5.8656332051300970e-04
3.9850000000000000e+02 5.8596481300736685e-04
3.9880000000000001e+02 5.8536698097578089e-04
3.9909999999999997e+02 5.8476982314864361e-04
3.9939999999999998e+02 5.8417333825968448e-04
3.9969999999999999e+02 5.8357752504596021e-04
4.0000000000000000e+02 5.8298238224784396e-04
4.0030000000000001e+02 5.8238790860901221e-04
4.0059999999999997e+02 5.8179410287643681e-04
4.0089999999999998e+02 5.8120096380037027e-04
4.0119999999999999e+02 5.8060849013433756e-04
4.0150000000000000e+02 5.8001668063512339e-04
4.0180000000000001e+02 5.7942553406276282e-04
4.0209999999999997e+02 5.7883504918052845e-04
4.0239999999999998e+02 5.7824522475492075e-04
4.0269999999999999e+02 5.7765605955565746e-04
4.0300000000000000e+02 5.7706755235566198e-04
4.0330000000000001e+02 5.7647970193105307e-04
4.0359999999999997e+02 5.7589250706113445e-04
4.0389999999999998e+02 5.7530596652838318e-04
4.0419999999999999e+02 5.7472007911844023e-04
4.0450000000000000e+02 5.7413484362009892e-04
4.0480000000000001e+02 5.7355025882529576e-04
4.0509999999999997e+02 5.7296632352909799e-04
4.0539999999999998e+02 5.7238303652969484e-04
4.0569999999999999e+02 5.7180039662838662e-04
4.0600000000000000e+02 5.7121840262957385e-04
4.0630000000000001e+02 5.7063705334074776e-04
4.0659999999999997e+02 5.7005634757247969e-04
4.0689999999999998e+02 5.6947628413841057e-04
4.0719999999999999e+02 5.6889686185524141e-04
4.0750000000000000e+02 5.6831807954272240e-04
4.0780000000000001e+02 5.6773993602364362e-04
4.0809999999999997e+02 5.6716243012382389e-04
4.0839999999999998e+02 5.6658556067210194e-04
4.0869999999999999e+02 5.6600932650032582e-04
4.0900000000000000e+02 5.6543372644334282e-04
4.0930000000000001e+02 5.6485875933899045e-04
4.0959999999999997e+02 5.6428442402808518e-04
4.0989999999999998e+02 5.6371071935441342e-04
4.1019999999999999e+02 5.6313764416472255e-04
4.1050000000000000e+02 5.6256519730870931e-04
4.1080000000000001e+02 5.6199337763901186e-04
4.1109999999999997e+02 5.6142218401119930e-04
4.1139999999999998e+02 5.6085161528376167e-04
4.1169999999999999e+02 5.6028167031810119e-04
4.1200000000000000e+02 5.5971234797852259e-04
4.1230000000000001e+02 5.5914364713222293e-04
4.1259999999999997e+02 5.5857556664928301e-04
4.1289999999999998e+02 5.5800810540265712e-04
4.1319999999999999e+02 5.5744126226816453e-04
4.1350000000000000e+02 5.5687503612447914e-04
4.1380000000000001e+02 5.5630942585312105e-04
4.1409999999999997e+02 5.5574443033844722e-04
4.1439999999999998e+02 5.5518004846764055e-04
4.1469999999999999e+02 5.5461627913070376e-04
4.1500000000000000e+02 5.5405312122044773e-04
4.1530000000000001e+02 5.5349057363248300e-04
4.1559999999999997e+02 5.5292863526521093e-04
4.1589999999999998e+02 5.5236730501981442e-04
4.1619999999999999e+02 5.5180658180024953e-04
4.1650000000000000e+02 5.5124646451323541e-04
4.1680000000000001e+02 5.5068695206824617e-04
4.1709999999999997e+02 5.5012804337750123e-04
4.1739999999999998e+02 5.4956973735595762e-04
4.1769999999999999e+02 5.4901203292129967e-04
4.1800000000000000e+02 5.4845492899393167e-04
4.1830000000000001e+02 5.4789842449696775e-04
4.1859999999999997e+02 5.4734251835622397e-04
4.1889999999999998e+02 5.4678720950020947e-04
4.1919999999999999e+02 5.4623249686011740e-04
4.1950000000000000e+02 5.4567837936981699e-04
4.1980000000000001e+02 5.4512485596584456e-04
4.2009999999999997e+02 5.4457192558739426e-04
4.2039999999999998e+02 5.4401958717631112e-04
4.2069999999999999e+02 5.4346783967708075e-04
4.2100000000000000e+02 5.4291668203682226e-04
4.2130000000000001e+02 5.4236611320527964e-04
4.2159999999999997e+02 5.4181613213481240e-04
4.2189999999999998e+02 5.4126673778038777e-04
4.2219999999999999e+02 5.4071792909957301e-04
4.2250000000000000e+02 5.4016970505252587e-04
4.2280000000000001e+02 5.3962206460198751e-04
4.2309999999999997e+02 5.3907500671327314e-04
4.2339999999999998e+02 5.3852853035426488e-04
4.2369999999999999e+02 5.3798263449540272e-04
4.2400000000000000e+02 5.3743731810967693e-04
4.2430000000000001e+02 5.3689258017261977e-04
4.2459999999999997e+02 5.3634841966229685e-04
4.2489999999999998e+02 5.3580483555930021e-04
4.2519999999999999e+02 5.3526182684673928e-04
4.2550000000000000e+02 5.3471939251023364e-04
4.2580000000000001e+02 5.3417753153790488e-04
4.2609999999999997e+02 5.3363624292036751e-04
4.2639999999999998e+02 5.3309552565072328e-04
4.2669999999999999e+02 5.3255537872455127e-04
4.2700000000000000e+02 5.3201580113990110e-04
4.2730000000000001e+02 5.3147679189728550e-04
4.2759999999999997e+02 5.3093834999967107e-04
4.2789999999999998e+02 5.3040047445247144e-04
4.2819999999999999e+02 5.2986316426354015e-04
4.2850000000000000e+02 5.2932641844316228e-04
4.2880000000000001e+02 5.2879023600404607e-04
4.2909999999999997e+02 5.2825461596131681e-04
4.2939999999999998e+02 5.2771955733250844e-04
4.2969999999999999e+02 5.2718505913755542e-04
4.3000000000000000e+02 5.2665112039878648e-04
4.3030000000000001e+02 5.2611774014091610e-04
4.3059999999999997e+02 5.2558491739103787e-04
4.3089999999999998e+02 5.2505265117861561e-04
4.3119999999999999e+02 5.2452094053547773e-04
4.3150000000000000e+02 5.2398978449580836e-04
4.3180000000000001e+02 5.2345918209614111e-04
4.3209999999999997e+02 5.2292913237535091e-04
4.3239999999999998e+02 5.2239963437464689e-04
4.3269999999999999e+02 5.2187068713756572e-04
4.3300000000000000e+02 5.2134228970996332e-04
4.3330000000000001e+02 5.2081444114000818e-04
4.3359999999999997e+02 5.2028714047817480e-04
4.3389999999999998e+02 5.1976038677723456e-04
4.3419999999999999e+02 5.1923417909225116e-04
4.3450000000000000e+02 5.1870851648057174e-04
4.3480000000000001e+02 5.1818339800182005e-04
4.3509999999999997e+02 5.1765882271788974e-04
4.3539999999999998e+02 5.1713478969293684e-04
4.3569999999999999e+02 5.1661129799337373e-04
4.3600000000000000e+02 5.1608834668786098e-04
4.3630000000000001e+02 5.1556593484730130e-04
4.3659999999999997e+02 5.1504406154483171e-04
4.3689999999999998e+02 5.1452272585581751e-04
4.3719999999999999e+02 5.1400192685784507e-04
4.3750000000000000e+02 5.1348166363071449e-04
4.3780000000000001e+02 5.1296193525643375e-04
4.3809999999999997e+02 5.1244274081921109e-04
4.3839999999999998e+02 5.1192407940544855e-04
4.3869999999999999e+02 5.1140595010373509e-04
4.3900000000000000e+02 5.1088835200484035e-04
4.3930000000000001e+02 5.1037128420170700e-04
4.3959999999999997e+02 5.0985474578944508e-04
4.3989999999999998e+02 5.0933873586532421e-04
4.4019999999999999e+02 5.0882325352876877e-04
4.4050000000000000e+02 5.0830829788134910e-04
4.4080000000000001e+02 5.0779386802677631e-04
4.4109999999999997e+02 5.0727996307089606e-04
4.4139999999999998e+02 5.0676658212168025e-04
4.4169999999999999e+02 5.0625372428922258e-04
4.4200000000000000e+02 5.0574138868573050e-04
4.4230000000000001e+02 5.0522957442551990e-04
4.4259999999999997e+02 5.0471828062500818e-04
4.4289999999999998e+02 5.0420750640270710e-04
4.4319999999999999e+02 5.0369725087921779e-04
4.4350000000000000e+02 5.0318751317722391e-04
4.4380000000000001e+02 5.0267829242148460e-04
4.4409999999999997e+02 5.0216958773882886e-04
4.4439999999999998e+02 5.0166139825814947e-04
4.4469999999999999e+02 5.0115372311039595e-04
4.4500000000000000e+02 5.0064656142856866e-04
4.4530000000000001e+02 5.0013991234771314e-04
4.4559999999999997e+02 4.9963377500491320e-04
4.4589999999999998e+02 4.9912814853928476e-04
4.4619999999999999e+02 4.9862303209196994e-04
4.4650000000000000e+02 4.9811842480613144e-04
4.4680000000000001e+02 4.9761432582694535e-04
4.4709999999999997e+02 4.9711073430159592e-04
4.4739999999999998e+02 4.9660764937926882e-04
4.4769999999999999e+02 4.9610507021114587e-04
4.4800000000000000e+02 4.9560299595039869e-04
4.4830000000000001e+02 4.9510142575218217e-04
4.4859999999999997e+02 4.9460035877362961e-04
4.4889999999999998e+02 4.9409979417384562e-04
4.4919999999999999e+02 4.9359973111390125e-04
4.4950000000000000e+02 4.9310016875682677e-04
4.4980000000000001e+02 4.9260110626760741e-04
4.5009999999999997e+02 4.9210254281317626e-04
4.5039999999999998e+02 4.9160447756240898e-04
4.5069999999999999e+02 4.9110690968611750e-04
4.5100000000000000e+02 4.9060983835704473e-04
4.5130000000000001e+02 4.9011326274985901e-04
4.5159999999999997e+02 4.8961718204114726e-04
4.5189999999999998e+02 4.8912159540941060e-04
4.5219999999999999e+02 4.8862650203505722e-04
4.5250000000000000e+02 4.8813190110039807e-04
4.5280000000000001e+02 4.8763779178964038e-04
4.5309999999999997e+02 4.8714417328888211e-04
4.5339999999999998e+02 4.8665104478610663e-04
4.5369999999999999e+02 4.8615840547117653e-04
4.5400000000000000e+02 4.8566625453582850e-04
4.5430000000000001e+02 4.8517459117366758e-04
4.5459999999999997e+02 4.8468341458016205e-04
4.5489999999999998e+02 4.8419272395263703e-04
4.5519999999999999e+02 4.8370251849026962e-04
4.5550000000000000e+02 4.8321279739408328e-04
4.5580000000000001e+02 4.8272355986694236e-04
4.5609999999999997e+02 4.8223480511354691e-04
4.5639999999999998e+02 4.8174653234042632e-04
4.5669999999999999e+02 4.8125874075593460e-04
4.5700000000000000e+02 4.8077142957024559e-04
4.5730000000000001e+02 4.8028459799534653e-04
4.5759999999999997e+02 4.7979824524503308e-04
4.5789999999999998e+02 4.7931237053490383e-04
4.5819999999999999e+02 4.7882697308235586e-04
4.5850000000000000e+02 4.7834205210657815e-04
4.5880000000000001e+02 4.7785760682854704e-04
4.5909999999999997e+02 4.7737363647102097e-04
4.5939999999999998e+02 4.7689014025853493e-04
4.5969999999999999e+02 4.7640711741739577e-04
4.6000000000000000e+02 4.7592456717567645e-04
4.6030000000000001e+02 4.7544248876321086e-04
4.6059999999999997e+02 4.7496088141158962e-04
4.6089999999999998e+02 4.7447974435415327e-04
4.6119999999999999e+02 4.7399907682598835e-04
4.6150000000000000e+02 4.7351887806392276e-04
4.6180000000000001e+02 4.7303914730651873e-04
4.6209999999999997e+02 4.7255988379406956e-04
4.6239999999999998e+02 4.7208108676859405e-04
4.6269999999999999e+02 4.7160275547383117e-04
4.6300000000000000e+02 4.7112488915523524e-04
4.6330000000000001e+02 4.7064748705997062e-04
4.6359999999999997e+02 4.7017054843690787e-04
4.6389999999999998e+02 4.6969407253661717e-04
4.6419999999999999e+02 4.6921805861136417e-04
4.6450000000000000e+02 4.6874250591510546e-04
4.6480000000000001e+02 4.6826741370348333e-04
4.6509999999999997e+02 4.6779278123382001e-04
4.6539999999999998e+02 4.6731860776511443e-04
4.6569999999999999e+02 4.6684489255803595e-04
4.6600000000000000e+02 4.6637163487492025e-04
4.6630000000000001e+02 4.6589883397976461e-04
4.6659999999999997e+02 4.6542648913822229e-04
4.6689999999999998e+02 4.6495459961759847e-04
4.6719999999999999e+02 4.6448316468684556e-04
4.6750000000000000e+02 4.6401218361655797e-04
4.6780000000000001e+02 4.6354165567896722e-04
4.6809999999999997e+02 4.6307158014793822e-04
4.6839999999999998e+02 4.6260195629896329e-04
4.6869999999999999e+02 4.6213278340915843e-04
4.6900000000000000e+02 4.6166406075725809e-04
4.6930000000000001e+02 4.6119578762361104e-04
4.6959999999999997e+02 4.6072796329017503e-04
4.6989999999999998e+02 4.6026058704051265e-04
4.7019999999999999e+02 4.5979365815978693e-04
4.7050000000000000e+02 4.5932717593475579e-04
4.7080000000000001e+02 4.5886113965376899e-04
4.7109999999999997e+02 4.5839554860676186e-04
4.7139999999999998e+02 4.5793040208525192e-04
4.7169999999999999e+02 4.5746569938233427e-04
4.7200000000000000e+02 4.5700143979267614e-04
4.7230000000000001e+02 4.5653762261251392e-04
4.7259999999999997e+02 4.5607424713964723e-04
4.7289999999999998e+02 4.5561131267343535e-04
4.7319999999999999e+02 4.5514881851479235e-04
4.7350000000000000e+02 4.5468676396618268e-04
4.7380000000000001e+02 4.5422514833161738e-04
4.7409999999999997e+02 4.5376397091664855e-04
4.7439999999999998e+02 4.5330323102836555e-04
4.7469999999999999e+02 4.5284292797539153e-04
4.7500000000000000e+02 4.5238306106787682e-04
4.7530000000000001e+02 4.5192362961749742e-04
4.7559999999999997e+02 4.5146463293744827e-04
4.7589999999999998e+02 4.5100607034243966e-04
4.7619999999999999e+02 4.5054794114869417e-04
4.7650000000000000e+02 4.5009024467394045e-04
4.7680000000000001e+02 4.4963298023741033e-04
4.7709999999999997e+02 4.4917614715983409e-04
4.7739999999999998e+02 4.4871974476343586e-04
4.7769999999999999e+02 4.4826377237193032e-04
4.7800000000000000e+02 4.4780822931051752e-04
4.7830000000000001e+02 4.4735311490587935e-04
4.7859999999999997e+02 4.4689842848617513e-04
4.7889999999999998e+02 4.4644416938103735e-04
4.7919999999999999e+02 4.4599033692156742e-04
4.7950000000000000e+02 4.4553693044033183e-04
4.7980000000000001e+02 4.4508394927135833e-04
4.8009999999999997e+02 4.4463139275013105e-04
4.8039999999999998e+02 4.4417926021358685e-04
4.8069999999999999e+02 4.4372755100011065e-04
4.8100000000000000e+02 4.4327626444953279e-04
4.8130000000000001e+02 4.4282539990312335e-04
4.8159999999999997e+02 4.4237495670358928e-04
4.8189999999999998e+02 4.4192493419506934e-04
4.8219999999999999e+02 4.4147533172313126e-04
4.8250000000000000e+02 4.4102614863476689e-04
4.8280000000000001e+02 4.4057738427838840e-04
4.8309999999999997e+02 4.4012903800382479e-04
4.8339999999999998e+02 4.3968110916231643e-04
4.8369999999999999e+02 4.3923359710651368e-04
4.8400000000000000e+02 4.3878650119047062e-04
4.8430000000000001e+02 4.3833982076964197e-04
4.8459999999999997e+02 4.3789355520087965e-04
4.8489999999999998e+02 4.3744770384242818e-04
4.8519999999999999e+02 4.3700226605392122e-04
4.8550000000000000e+02 4.3655724119637723e-04
4.8580000000000001e+02 4.3611262863219670e-04
4.8609999999999997e+02 4.3566842772515673e-04
4.8639999999999998e+02 4.3522463784040875e-04
4.8669999999999999e+02 4.3478125834447360e-04
4.8700000000000000e+02 4.3433828860523822e-04
4.8730000000000001e+02 4.3389572799195177e-04
4.8759999999999997e+02 4.3345357587522233e-04
4.8789999999999998e+02 4.3301183162701201e-04
4.8819999999999999e+02 4.3257049462063429e-04
4.8850000000000000e+02 4.3212956423074970e-04
4.8880000000000001e+02 4.3168903983336227e-04
4.8909999999999997e+02 4.3124892080581638e-04
4.8939999999999998e+02 4.3080920652679148e-04
4.8969999999999999e+02 4.3036989637630017e-04
4.9000000000000000e+02 4.2993098973568379e-04
4.9030000000000001e+02 4.2949248598760873e-04
4.9059999999999997e+02 4.2905438451606244e-04
4.9089999999999998e+02 4.2861668470635064e-04
4.9119999999999999e+02 4.2817938594509288e-04
4.9150000000000000e+02 4.2774248762021927e-04
4.9180000000000001e+02 4.2730598912096781e-04
4.9209999999999997e+02 4.2686988983787848e-04
4.9239999999999998e+02 4.2643418916279193e-04
4.9269999999999999e+02 4.2599888648884497e-04
4.9300000000000000e+02 4.2556398121046694e-04
4.9330000000000001e+02 4.2512947272337650e-04
4.9359999999999997e+02 4.2469536042457793e-04
4.9389999999999998e+02 4.2426164371235739e-04
4.9419999999999999e+02 4.2382832198628015e-04
4.9450000000000000e+02 4.2339539464718615e-04
4.9480000000000001e+02 4.2296286109718735e-04
4.9509999999999997e+02 4.2253072073966343e-04
4.9539999999999998e+02 4.2209897297925926e-04
4.9569999999999999e+02 4.2166761722188084e-04
4.9600000000000000e+02 4.2123665287469193e-04
4.9630000000000001e+02 4.2080607934611060e-04
4.9659999999999997e+02 4.2037589604580631e-04
4.9689999999999998e+02 4.1994610238469597e-04
4.9719999999999999e+02 4.1951669777494052e-04
4.9750000000000000e+02 4.1908768162994206e-04
4.9780000000000001e+02 4.1865905336433990e-04
4.9809999999999997e+02 4.1823081239400771e-04
4.9839999999999998e+02 4.1780295813604982e-04
4.9869999999999999e+02 4.1737549000879813e-04
4.9900000000000000e+02 4.1694840743180834e-04
4.9930000000000001e+02 4.1652170982585754e-04
4.9959999999999997e+02 4.1609539661293998e-04
4.9989999999999998e+02 4.1566946721626407e-04
5.0019999999999999e+02 4.1524392106024943e-04
5.0050000000000000e+02 4.1481875757052304e-04
5.0080000000000001e+02 4.1439397617391681e-04
5.0109999999999997e+02 4.1396957629846368e-04
5.0139999999999998e+02 4.1354555737339372e-04
5.0169999999999999e+02 4.1312191882913324e-04
5.0200000000000000e+02 4.1269866009729890e-04
5.0230000000000001e+02 4.1227578061069612e-04
5.0259999999999997e+02 4.1185327980331539e-04
5.0289999999999998e+02 4.1143115711032879e-04
5.0319999999999999e+02 4.1100941196808795e-04
5.0350000000000000e+02 4.1058804381411963e-04
5.0380000000000001e+02 4.1016705208712277e-04
5.0409999999999997e+02 4.0974643622696634e-04
5.0439999999999998e+02 4.0932619567468474e-04
5.0469999999999999e+02 4.0890632987247591e-04
5.0500000000000000e+02 4.0848683826369783e-04
5.0530000000000001e+02 4.0806772029286498e-04
5.0559999999999997e+02 4.0764897540564589e-04
5.0589999999999998e+02 4.0723060304885918e-04
5.0619999999999999e+02 4.0681260267047239e-04
5.0650000000000000e+02 4.0639497371959614e-04
5.0680000000000001e+02 4.0597771564648366e-04
5.0709999999999997e+02 4.0556082790252590e-04
5.0739999999999998e+02 4.0514430994024976e-04
5.0769999999999999e+02 4.0472816121331454e-04
5.0800000000000000e+02 4.0431238117650831e-04
5.0830000000000001e+02 4.0389696928574666e-04
5.0859999999999997e+02 4.0348192499806764e-04
5.0889999999999998e+02 4.0306724777162994e-04
5.0919999999999999e+02 4.0265293706571038e-04
5.0950000000000000e+02 4.0223899234069933e-04
5.0980000000000001e+02 4.0182541305809941e-04
5.1009999999999997e+02 4.0141219868052144e-04
5.1039999999999998e+02 4.0099934867168221e-04
5.1069999999999999e+02 4.0058686249640137e-04
5.1100000000000000e+02 4.0017473962059800e-04
5.1130000000000001e+02 3.9976297951128828e-04
5.1159999999999997e+02 3.9935158163658275e-04
5.1189999999999998e+02 3.9894054546568247e-04
5.1219999999999993e+02 3.9852987046887765e-04
5.1250000000000000e+02 3.9811955611754318e-04
5.1279999999999995e+02 3.9770960188413687e-04
5.1310000000000002e+02 3.9730000724219589e-04
5.1339999999999998e+02 3.9689077166633473e-04
5.1369999999999993e+02 3.9648189463224195e-04
5.1400000000000000e+02 3.9607337561667686e-04
5.1429999999999995e+02 3.9566521409746747e-04
5.1460000000000002e+02 3.9525740955350741e-04
5.1489999999999998e+02 3.9484996146475304e-04
5.1519999999999993e+02 3.9444286931222095e-04
5.1550000000000000e+02 3.9403613257798451e-04
5.1579999999999995e+02 3.9362975074517186e-04
5.1610000000000002e+02 3.9322372329796308e-04
5.1639999999999998e+02 3.9281804972158716e-04
5.1669999999999993e+02 3.9241272950231898e-04
5.1700000000000000e+02 3.9200776212747695e-04
5.1729999999999995e+02 3.9160314708542058e-04
5.1760000000000002e+02 3.9119888386554742e-04
5.1789999999999998e+02 3.9079497195828992e-04
5.1819999999999993e+02 3.9039141085511395e-04
5.1850000000000000e+02 3.8998820004851445e-04
5.1879999999999995e+02 3.8958533903201461e-04
5.1910000000000002e+02 3.8918282730016096e-04
5.1939999999999998e+02 3.8878066434852365e-04
5.1969999999999993e+02 3.8837884967369082e-04
5.2000000000000000e+02 3.8797738277326725e-04
5.2029999999999995e+02 3.8757626314587314e-04
5.2060000000000002e+02 3.8717549029113795e-04
5.2089999999999998e+02 3.8677506370970197e-04
5.2119999999999993e+02 3.8637498290321030e-04
5.2150000000000000e+02 3.8597524737431178e-04
5.2179999999999995e+02 3.8557585662665680e-04
5.2210000000000002e+02 3.8517681016489349e-04
5.2239999999999998e+02 3.8477810749466612e-04
5.2269999999999993e+02 3.8437974812261194e-04
5.2300000000000000e+02 3.8398173155635882e-04
5.2329999999999995e+02 3.8358405730452302e-04
5.2360000000000002e+02 3.8318672487670585e-04
5.2389999999999998e+02 3.8278973378349233e-04
5.2419999999999993e+02 3.8239308353644731e-04
5.2450000000000000e+02 3.8199677364811357e-04
5.2479999999999995e+02 3.8160080363200979e-04
5.2510000000000002e+02 3.8120517300262706e-04
5.2539999999999998e+02 3.8080988127542760e-04
5.2569999999999993e+02 3.8041492796684056e-04
5.2600000000000000e+02 3.8002031259426125e-04
5.2629999999999995e+02 3.7962603467604815e-04
5.2660000000000002e+02 3.7923209373151904e-04
5.2689999999999998e+02 3.7883848928095136e-04
5.2719999999999993e+02 3.7844522084557673e-04
5.2750000000000000e+02 3.7805228794758069e-04
5.2779999999999995e+02 3.7765969011009924e-04
5.2810000000000002e+02 3.7726742685721665e-04
5.2839999999999998e+02 3.7687549771396302e-04
5.2869999999999993e+02 3.7648390220631188e-04
5.2900000000000000e+02 3.7609263986117779e-04
5.2929999999999995e+02 3.7570171020641412e-04
5.2960000000000002e+02 3.7531111277080997e-04
5.2989999999999998e+02 3.7492084708408890e-04
5.3019999999999993e+02 3.7453091267690544e-04
5.3050000000000000e+02 3.7414130908084331e-04
5.3079999999999995e+02 3.7375203582841308e-04
5.3110000000000002e+02 3.7336309245304981e-04
5.3139999999999998e+02 3.7297447848911013e-04
5.3169999999999993e+02 3.7258619347187117e-04
5.3200000000000000e+02 3.7219823693752604e-04
5.3229999999999995e+02 3.7181060842318459e-04
5.3260000000000002e+02 3.7142330746686768e-04
5.3289999999999998e+02 3.7103633360750809e-04
5.3319999999999993e+02 3.7064968638494538e-04
5.3350000000000000e+02 3.7026336533992586e-04
5.3379999999999995e+02 3.6987737001409863e-04
5.3410000000000002e+02 3.6949169995001446e-04
5.3439999999999998e+02 3.6910635469112306e-04
5.3469999999999993e+02 3.6872133378177047e-04
5.3500000000000000e+02 3.6833663676719705e-04
5.3529999999999995e+02 3.6795226319353598e-04
5.3560000000000002e+02 3.6756821260780970e-04
5.3589999999999998e+02 3.6718448455792872e-04
5.3619999999999993e+02 3.6680107859268855e-04
5.3650000000000000e+02 3.6641799426176793e-04
5.3679999999999995e+02 3.6603523111572727e-04
5.3710000000000002e+02 3.6565278870600448e-04
5.3739999999999998e+02 3.6527066658491558e-04
5.3769999999999993e+02 3.6488886430564941e-04
5.3800000000000000e+02 3.6450738142226766e-04
5.3829999999999995e+02 3.6412621748970267e-04
5.3860000000000002e+02 3.6374537206375292e-04
5.3889999999999998e+02 3.6336484470108390e-04
5.3919999999999993e+02 3.6298463495922437e-04
5.3950000000000000e+02 3.6260474239656343e-04
5.3979999999999995e+02 3.6222516657235030e-04
5.4010000000000002e+02 3.6184590704669049e-04
5.4039999999999998e+02 3.6146696338054527e-04
5.4069999999999993e+02 3.6108833513572762e-04
5.4100000000000000e+02 3.6071002187490123e-04
5.4129999999999995e+02 3.6033202316157893e-04
5.4160000000000002e+02 3.5995433856011934e-04
5.4189999999999998e+02 3.5957696763572541e-04
5.4219999999999993e+02 3.5919990995444230e-04
5.4250000000000000e+02 3.5882316508315480e-04
5.4279999999999995e+02 3.5844673258958638e-04
5.4310000000000002e+02 3.5807061204229553e-04
5.4339999999999998e+02 3.5769480301067530e-04
5.4369999999999993e+02 3.5731930506494990e-04
5.4400000000000000e+02 3.5694411777617335e-04
5.4429999999999995e+02 3.5656924071622722e-04
5.4460000000000002e+02 3.5619467345781886e-04
5.4489999999999998e+02 3.5582041557447893e-04
5.4519999999999993e+02 3.5544646664055967e-04
5.4550000000000000e+02 3.5507282623123193e-04
5.4579999999999995e+02 3.5469949392248531e-04
5.4610000000000002e+02 3.5432646929112367e-04
5.4639999999999998e+02 3.5395375191476505e-04
5.4669999999999993e+02 3.5358134137183792e-04
5.4700000000000000e+02 3.5320923724158093e-04
5.4729999999999995e+02 3.5283743910403980e-04
5.4760000000000002e+02 3.5246594654006507e-04
5.4789999999999998e+02 3.5209475913131175e-04
5.4819999999999993e+02 3.5172387646023546e-04
5.4850000000000000e+02 3.5135329811009075e-04
5.4879999999999995e+02 3.5098302366493131e-04
5.4910000000000002e+02 3.5061305270960458e-04
5.4939999999999998e+02 3.5024338482975229e-04
5.4969999999999993e+02 3.4987401961180818e-04
5.5000000000000000e+02 3.4950495664299452e-04
5.5029999999999995e+02 3.4913619551132225e-04
5.5060000000000002e+02 3.4876773580558778e-04
5.5089999999999998e+02 3.4839957711537149e-04
5.5119999999999993e+02 3.4803171903103529e-04
5.5150000000000000e+02 3.4766416114372128e-04
5.5179999999999995e+02 3.4729690304535028e-04
5.5210000000000002e+02 3.4692994432861807e-04
5.5239999999999998e+02 3.4656328458699588e-04
5.5269999999999993e+02 3.4619692341472707e-04
5.5300000000000000e+02 3.4583086040682509e-04
5.5329999999999995e+02 3.4546509515907229e-04
5.5360000000000002e+02 3.4509962726801815e-04
5.5389999999999998e+02 3.4473445633097650e-04
5.5419999999999993e+02 3.4436958194602449e-04
5.5450000000000000e+02 3.4400500371200036e-04
5.5479999999999995e+02 3.4364072122850209e-04
5.5510000000000002e+02 3.4327673409588423e-04
5.5539999999999998e+02 3.4291304191525791e-04
5.5569999999999993e+02 3.4254964428848768e-04
5.5600000000000000e+02 3.4218654081819000e-04
5.5629999999999995e+02 3.4182373110773159e-04
5.5660000000000002e+02 3.4146121476122751e-04
5.5689999999999998e+02 3.4109899138353903e-04
5.5719999999999993e+02 3.4073706058027265e-04
5.5750000000000000e+02 3.4037542195777760e-04
5.5779999999999995e+02 3.4001407512314412e-04
5.5810000000000002e+02 3.3965301968420130e-04
5.5839999999999998e+02 3.3929225524951683e-04
5.5869999999999993e+02 3.3893178142839340e-04
5.5900000000000000e+02 3.3857159783086746e-04
5.5929999999999995e+02 3.3821170406770848e-04
5.5960000000000002e+02 3.3785209975041548e-04
5.5989999999999998e+02 3.3749278449121694e-04
5.6019999999999993e+02 3.3713375790306766e-04
5.6050000000000000e+02 3.3677501959964768e-04
5.6079999999999995e+02 3.3641656919536085e-04
5.6110000000000002e+02 3.3605840630533218e-04
5.6139999999999998e+02 3.3570053054540701e-04
5.6169999999999993e+02 3.3534294153214872e-04
5.6200000000000000e+02 3.3498563888283693e-04
5.6229999999999995e+02 3.3462862221546660e-04
5.6260000000000002e+02 3.3427189114874521e-04
5.6289999999999998e+02 3.3391544530209197e-04
5.6319999999999993e+02 3.3355928429563525e-04
5.6350000000000000e+02 3.3320340775021170e-04
5.6379999999999995e+02 3.3284781528736420e-04
5.6410000000000002e+02 3.3249250652933994e-04
5.6439999999999998e+02 3.3213748109908953e-04
5.6469999999999993e+02 3.3178273862026399e-04
5.6500000000000000e+02 3.3142827871721422e-04
5.6529999999999995e+02 3.3107410101498907e-04
5.6560000000000002e+02 3.3072020513933310e-04
5.6589999999999998e+02 3.3036659071668630e-04
5.6619999999999993e+02 3.3001325737418038e-04
5.6650000000000000e+02 3.2966020473963883e-04
5.6679999999999995e+02 3.2930743244157494e-04
5.6710000000000002e+02 3.2895494010918913e-04
5.6739999999999998e+02 3.2860272737236909e-04
5.6769999999999993e+02 3.2825079386168617e-04
5.6800000000000000e+02 3.2789913920839539e-04
5.6829999999999995e+02 3.2754776304443300e-04
5.6860000000000002e+02 3.2719666500241471e-04
5.6889999999999998e+02 3.2684584471563498e-04
5.6919999999999993e+02 3.2649530181806435e-04
5.6950000000000000e+02 3.2614503594434832e-04
5.6979999999999995e+02 3.2579504672980604e-04
5.7010000000000002e+02 3.2544533381042808e-04
5.7039999999999998e+02 3.2509589682287564e-04
5.7069999999999993e+02 3.2474673540447771e-04
5.7100000000000000e+02 3.2439784919323090e-04
5.7129999999999995e+02 3.2404923782779747e-04
5.7160000000000002e+02 3.2370090094750275e-04
5.7189999999999998e+02 3.2335283819233472e-04
5.7219999999999993e+02 3.2300504920294225e-04
5.7250000000000000e+02 3.2265753362063310e-04
5.7279999999999995e+02 3.2231029108737287e-04
5.7310000000000002e+02 3.2196332124578310e-04
5.7339999999999998e+02 3.2161662373913981e-04
5.7369999999999993e+02 3.2127019821137192e-04
5.7400000000000000e+02 3.2092404430705980e-04
5.7429999999999995e+02 3.2057816167143423e-04
5.7460000000000002e+02 3.2023254995037332e-04
5.7489999999999998e+02 3.1988720879040319e-04
5.7519999999999993e+02 3.1954213783869448e-04
5.7550000000000000e+02 3.1919733674306211e-04
5.7579999999999995e+02 3.1885280515196306e-04
5.7610000000000002e+02 3.1850854271449488e-04
5.7639999999999998e+02 3.1816454908039520e-04
5.7669999999999993e+02 3.1782082390003887e-04
5.7700000000000000e+02 3.1747736682443691e-04
5.7729999999999995e+02 3.1713417750523567e-04
5.7760000000000002e+02 3.1679125559471436e-04
5.7789999999999998e+02 3.1644860074578470e-04
5.7819999999999993e+02 3.1610621261198826e-04
5.7850000000000000e+02 3.1576409084749539e-04
5.7879999999999995e+02 3.1542223510710456e-04
5.7910000000000002e+02 3.1508064504623932e-04
5.7939999999999998e+02 3.1473932032094877e-04
5.7969999999999993e+02 3.1439826058790441e-04
5.8000000000000000e+02 3.1405746550439937e-04
5.8029999999999995e+02 3.1371693472834720e-04
5.8060000000000002e+02 3.1337666791828007e-04
5.8089999999999998e+02 3.1303666473334757e-04
5.8119999999999993e+02 3.1269692483331518e-04
5.8150000000000000e+02 3.1235744787856212e-04
5.8179999999999995e+02 3.1201823353008178e-04
5.8210000000000002e+02 3.1167928144947829e-04
5.8239999999999998e+02 3.1134059129896634e-04
5.8269999999999993e+02 3.1100216274136899e-04
5.8300000000000000e+02 3.1066399544011703e-04
5.8329999999999995e+02 3.1032608905924705e-04
5.8360000000000002e+02 3.0998844326339992e-04
5.8389999999999998e+02 3.0965105771782036e-04
5.8419999999999993e+02 3.0931393208835395e-04
5.8450000000000000e+02 3.0897706604144726e-04
5.8479999999999995e+02 3.0864045924414575e-04
5.8510000000000002e+02 3.0830411136409169e-04
5.8539999999999998e+02 3.0796802206952485e-04
5.8569999999999993e+02 3.0763219102927894e-04
5.8600000000000000e+02 3.0729661791278136e-04
5.8629999999999995e+02 3.0696130239005155e-04
5.8660000000000002e+02 3.0662624413169988e-04
5.8689999999999998e+02 3.0629144280892585e-04
5.8719999999999993e+02 3.0595689809351706e-04
5.8750000000000000e+02 3.0562260965784788e-04
5.8779999999999995e+02 3.0528857717487779e-04
5.8810000000000002e+02 3.0495480031815064e-04
5.8839999999999998e+02 3.0462127876179255e-04
5.8869999999999993e+02 3.0428801218051083e-04
5.8900000000000000e+02 3.0395500024959306e-04
5.8929999999999995e+02 3.0362224264490577e-04
5.8960000000000002e+02 3.0328973904289187e-04
5.8989999999999998e+02 3.0295748912057094e-04
5.9019999999999993e+02 3.0262549255553715e-04
5.9050000000000000e+02 3.0229374902595815e-04
5.9079999999999995e+02 3.0196225821057311e-04
5.9110000000000002e+02 3.0163101978869245e-04
5.9139999999999998e+02 3.0130003344019598e-04
5.9169999999999993e+02 3.0096929884553144e-04
5.9200000000000000e+02 3.0063881568571335e-04
5.9229999999999995e+02 3.0030858364232224e-04
5.9260000000000002e+02 2.9997860239750244e-04
5.9289999999999998e+02 2.9964887163396158e-04
5.9319999999999993e+02 2.9931939103496860e-04
5.9350000000000000e+02 2.9899016028435334e-04
5.9379999999999995e+02 2.9866117906650444e-04
5.9410000000000002e+02 2.9833244706636841e-04
5.9439999999999998e+02 2.9800396396944894e-04
5.9469999999999993e+02 2.9767572946180407e-04
5.9500000000000000e+02 2.9734774323004662e-04
5.9529999999999995e+02 2.9702000496134243e-04
5.9560000000000002e+02 2.9669251434340796e-04
5.9589999999999998e+02 2.9636527106451099e-04
5.9619999999999993e+02 2.9603827481346792e-04
5.9650000000000000e+02 2.9571152527964296e-04
5.9679999999999995e+02 2.9538502215294707e-04
5.9710000000000002e+02 2.9505876512383653e-04
5.9739999999999998e+02 2.9473275388331170e-04
5.9769999999999993e+02 2.9440698812291583e-04
5.9800000000000000e+02 2.9408146753473393e-04
5.9829999999999995e+02 2.9375619181139147e-04
5.9860000000000002e+02 2.9343116064605281e-04
5.9889999999999998e+02 2.9310637373242100e-04
5.9919999999999993e+02 2.9278183076473520e-04
5.9950000000000000e+02 2.9245753143777045e-04
5.9979999999999995e+02 2.9213347544683634e-04
6.0010000000000002e+02 2.9180966248777533e-04
6.0039999999999998e+02 2.9148609225696247e-04
6.0069999999999993e+02 2.9116276445130264e-04
6.0100000000000000e+02 2.9083967876823073e-04
6.0129999999999995e+02 2.9051683490571086e-04
6.0160000000000002e+02 2.9019423256223311e-04
6.0189999999999998e+02 2.8987187143681423e-04
6.0219999999999993e+02 2.8954975122899611e-04
6.0250000000000000e+02 2.8922787163884338e-04
6.0279999999999995e+02 2.8890623236694417e-04
6.0310000000000002e+02 2.8858483311440742e-04
6.0339999999999998e+02 2.8826367358286264e-04
6.0369999999999993e+02 2.8794275347445792e-04
6.0400000000000000e+02 2.8762207249185916e-04
6.0429999999999995e+02 2.8730163033824959e-04
6.0460000000000002e+02 2.8698142671732734e-04
6.0489999999999998e+02 2.8666146133330528e-04
6.0519999999999993e+02 2.8634173389090921e-04
6.0550000000000000e+02 2.8602224409537719e-04
6.0579999999999995e+02 2.8570299165245870e-04
6.0610000000000002e+02 2.8538397626841209e-04
6.0639999999999998e+02 2.8506519765000556e-04
6.0669999999999993e+02 2.8474665550451363e-04
6.0700000000000000e+02 2.8442834953971779e-04
6.0729999999999995e+02 2.8411027946390543e-04
6.0760000000000002e+02 2.8379244498586700e-04
6.0789999999999998e+02 2.8347484581489694e-04
6.0819999999999993e+02 2.8315748166079114e-04
6.0850000000000000e+02 2.8284035223384623e-04
6.0879999999999995e+02 2.8252345724485913e-04
6.0910000000000002e+02 2.8220679640512448e-04
6.0939999999999998e+02 2.8189036942643565e-04
6.0969999999999993e+02 2.8157417602108105e-04
6.1000000000000000e+02 2.8125821590184501e-04
6.1029999999999995e+02 2.8094248878200652e-04
6.1060000000000002e+02 2.8062699437533687e-04
6.1089999999999998e+02 2.8031173239610019e-04
6.1119999999999993e+02 2.7999670255905062e-04
6.1150000000000000e+02 2.7968190457943273e-04
6.1179999999999995e+02 2.7936733817298005e-04
6.1210000000000002e+02 2.7905300305591340e-04
6.1239999999999998e+02 2.7873889894494013e-04
6.1269999999999993e+02 2.7842502555725358e-04
6.1300000000000000e+02 2.7811138261053103e-04
6.1329999999999995e+02 2.7779796982293397e-04
6.1360000000000002e+02 2.7748478691310525e-04
6.1389999999999998e+02 2.7717183360016962e-04
6.1419999999999993e+02 2.7685910960373214e-04
6.1450000000000000e+02 2.7654661464387640e-04
6.1479999999999995e+02 2.7623434844116512e-04
6.1510000000000002e+02 2.7592231071663705e-04
6.1539999999999998e+02 2.7561050119180748e-04
6.1569999999999993e+02 2.7529891958866660e-04
6.1600000000000000e+02 2.7498756562967876e-04
6.1629999999999995e+02 2.7467643903778091e-04
6.1660000000000002e+02 2.7436553953638182e-04
6.1689999999999998e+02 2.7405486684936131e-04
6.1719999999999993e+02 2.7374442070106906e-04
6.1750000000000000e+02 2.7343420081632318e-04
6.1779999999999995e+02 2.7312420692040981e-04
6.1810000000000002e+02 2.7281443873908160e-04
6.1839999999999998e+02 2.7250489599855754e-04
6.1869999999999993e+02 2.7219557842552024e-04
6.1900000000000000e+02 2.7188648574711684e-04
6.1929999999999995e+02 2.7157761769095687e-04
6.1960000000000002e+02 2.7126897398511150e-04
6.1989999999999998e+02 2.7096055435811274e-04
6.2019999999999993e+02 2.7065235853895197e-04
6.2050000000000000e+02 2.7034438625707916e-04
6.2079999999999995e+02 2.7003663724240265e-04
6.2110000000000002e+02 2.6972911122528632e-04
6.2139999999999998e+02 2.6942180793655056e-04
6.2169999999999993e+02 2.6911472710747025e-04
6.2200000000000000e+02 2.6880786846977383e-04
6.2229999999999995e+02 2.6850123175564271e-04
6.2260000000000002e+02 2.6819481669770933e-04
6.2289999999999998e+02 2.6788862302905785e-04
6.2319999999999993e+02 2.6758265048322180e-04
6.2350000000000000e+02 2.6727689879418285e-04
6.2379999999999995e+02 2.6697136769637158e-04
6.2410000000000002e+02 2.6666605692466462e-04
6.2439999999999998e+02 2.6636096621438513e-04
6.2469999999999993e+02 2.6605609530130057e-04
6.2500000000000000e+02 2.6575144392162266e-04
6.2529999999999995e+02 2.6544701181200627e-04
6.2560000000000002e+02 2.6514279870954778e-04
6.2589999999999998e+02 2.6483880435178569e-04
6.2619999999999993e+02 2.6453502847669722e-04
6.2650000000000000e+02 2.6423147082270019e-04
6.2679999999999995e+02 2.6392813112864985e-04
6.2710000000000002e+02 2.6362500913383873e-04
6.2739999999999998e+02 2.6332210457799619e-04
6.2769999999999993e+02 2.6301941720128667e-04
6.2800000000000000e+02 2.6271694674430911e-04
6.2829999999999995e+02 2.6241469294809651e-04
6.2860000000000002e+02 2.6211265555411349e-04
6.2889999999999998e+02 2.6181083430425726e-04
6.2919999999999993e+02 2.6150922894085558e-04
6.2950000000000000e+02 2.6120783920666597e-04
6.2979999999999995e+02 2.6090666484487456e-04
6.3010000000000002e+02 2.6060570559909604e-04
6.3039999999999998e+02 2.6030496121337202e-04
6.3069999999999993e+02 2.6000443143217030e-04
6.3100000000000000e+02 2.5970411600038332e-04
6.3129999999999995e+02 2.5940401466332895e-04
6.3160000000000002e+02 2.5910412716674785e-04
6.3189999999999998e+02 2.5880445325680330e-04
6.3219999999999993e+02 2.5850499268008018e-04
6.3250000000000000e+02 2.5820574518358418e-04
6.3279999999999995e+02 2.5790671051474108e-04
6.3310000000000002e+02 2.5760788842139507e-04
6.3339999999999998e+02 2.5730927865180887e-04
6.3369999999999993e+02 2.5701088095466220e-04
6.3400000000000000e+02 2.5671269507905088e-04
6.3429999999999995e+02 2.5641472077448632e-04
6.3460000000000002e+02 2.5611695779089453e-04
6.3489999999999998e+02 2.5581940587861485e-04
6.3519999999999993e+02 2.5552206478839963e-04
6.3550000000000000e+02 2.5522493427141275e-04
6.3579999999999995e+02 2.5492801407922945e-04
6.3610000000000002e+02 2.5463130396383485e-04
6.3639999999999998e+02 2.5433480367762374e-04
6.3669999999999993e+02 2.5403851297339851e-04
6.3700000000000000e+02 2.5374243160436975e-04
6.3729999999999995e+02 2.5344655932415437e-04
6.3760000000000002e+02 2.5315089588677530e-04
6.3789999999999998e+02 2.5285544104666004e-04
6.3819999999999993e+02 2.5256019455864088e-04
6.3850000000000000e+02 2.5226515617795208e-04
6.3879999999999995e+02 2.5197032566023182e-04
6.3910000000000002e+02 2.5167570276151844e-04
6.3939999999999998e+02 2.5138128723825202e-04
6.3969999999999993e+02 2.5108707884727153e-04
6.4000000000000000e+02 2.5079307734581565e-04
6.4029999999999995e+02 2.5049928249152085e-04
6.4060000000000002e+02 2.5020569404242079e-04
6.4089999999999998e+02 2.4991231175694608e-04
6.4119999999999993e+02 2.4961913539392239e-04
6.4150000000000000e+02 2.4932616471257042e-04
6.4179999999999995e+02 2.4903339947250533e-04
6.4210000000000002e+02 2.4874083943373423e-04
6.4239999999999998e+02 2.4844848435665799e-04
6.4269999999999993e+02 2.4815633400206773e-04
6.4300000000000000e+02 2.4786438813114602e-04
6.4329999999999995e+02 2.4757264650546499e-04
6.4360000000000002e+02 2.4728110888698544e-04
6.4389999999999998e+02 2.4698977503805736e-04
6.4419999999999993e+02 2.4669864472141726e-04
6.4450000000000000e+02 2.4640771770018826e-04
6.4479999999999995e+02 2.4611699373788002e-04
6.4510000000000002e+02 2.4582647259838598e-04
6.4539999999999998e+02 2.4553615404598525e-04
6.4569999999999993e+02 2.4524603784533880e-04
6.4600000000000000e+02 2.4495612376149113e-04
6.4629999999999995e+02 2.4466641155986826e-04
6.4660000000000002e+02 2.4437690100627689e-04
6.4689999999999998e+02 2.4408759186690437e-04
6.4719999999999993e+02 2.4379848390831713e-04
6.4750000000000000e+02 2.4350957689745997e-04
6.4779999999999995e+02 2.4322087060165605e-04
6.4810000000000002e+02 2.4293236478860529e-04
6.4839999999999998e+02 2.4264405922638335e-04
6.4869999999999993e+02 2.4235595368344231e-04
6.4900000000000000e+02 2.4206804792860787e-04
6.4929999999999995e+02 2.4178034173108026e-04
6.4960000000000002e+02 2.4149283486043274e-04
6.4989999999999998e+02 2.4120552708661083e-04
6.5019999999999993e+02 2.4091841817993164e-04
6.5050000000000000e+02 2.4063150791108271e-04
6.5079999999999995e+02 2.4034479605112205e-04
6.5110000000000002e+02 2.4005828237147687e-04
6.5139999999999998e+02 2.3977196664394277e-04
6.5169999999999993e+02 2.3948584864068306e-04
6.5200000000000000e+02 2.3919992813422770e-04
6.5229999999999995e+02 2.3891420489747340e-04
6.5260000000000002e+02 2.3862867870368186e-04
6.5289999999999998e+02 2.3834334932648011e-04
6.5319999999999993e+02 2.3805821653985829e-04
6.5350000000000000e+02 2.3777328011816980e-04
6.5379999999999995e+02 2.3748853983613161e-04
6.5410000000000002e+02 2.3720399546882072e-04
6.5439999999999998e+02 2.3691964679167630e-04
6.5469999999999993e+02 2.3663549358049715e-04
6.5500000000000000e+02 2.3635153561144150e-04
6.5529999999999995e+02 2.3606777266102673e-04
6.5560000000000002e+02 2.3578420450612780e-04
6.5589999999999998e+02 2.3550083092397671e-04
6.5619999999999993e+02 2.3521765169216258e-04
6.5650000000000000e+02 2.3493466658862976e-04
6.5679999999999995e+02 2.3465187539167790e-04
6.5710000000000002e+02 2.3436927787996080e-04
6.5739999999999998e+02 2.3408687383248599e-04
6.5769999999999993e+02 2.3380466302861367e-04
6.5800000000000000e+02 2.3352264524805624e-04
6.5829999999999995e+02 2.3324082027087760e-04
6.5860000000000002e+02 2.3295918787749235e-04
6.5889999999999998e+02 2.3267774784866484e-04
6.5919999999999993e+02 2.3239649996550875e-04
6.5950000000000000e+02 2.3211544400948645e-04
6.5979999999999995e+02 2.3183457976240788e-04
6.6010000000000002e+02 2.3155390700643012e-04
6.6039999999999998e+02 2.3127342552405717e-04
6.6069999999999993e+02 2.3099313509813789e-04
6.6100000000000000e+02 2.3071303551186641e-04
6.6129999999999995e+02 2.3043312654878176e-04
6.6160000000000002e+02 2.3015340799276561e-04
6.6189999999999998e+02 2.2987387962804330e-04
6.6219999999999993e+02 2.2959454123918150e-04
6.6250000000000000e+02 2.2931539261108910e-04
6.6279999999999995e+02 2.2903643352901581e-04
6.6310000000000002e+02 2.2875766377855060e-04
6.6339999999999998e+02 2.2847908314562276e-04
6.6369999999999993e+02 2.2820069141649978e-04
6.6400000000000000e+02 2.2792248837778695e-04
6.6429999999999995e+02 2.2764447381642792e-04
6.6460000000000002e+02 2.2736664751970163e-04
6.6489999999999998e+02 2.2708900927522415e-04
6.6519999999999993e+02 2.2681155887094626e-04
6.6550000000000000e+02 2.2653429609515298e-04
6.6579999999999995e+02 2.2625722073646421e-04
6.6610000000000002e+02 2.2598033258383206e-04
6.6639999999999998e+02 2.2570363142654224e-04
6.6669999999999993e+02 2.2542711705421161e-04
6.6700000000000000e+02 2.2515078925678826e-04
6.6729999999999995e+02 2.2487464782455134e-04
6.6760000000000002e+02 2.2459869254810963e-04
6.6789999999999998e+02 2.2432292321840090e-04
6.6819999999999993e+02 2.2404733962669171e-04
6.6850000000000000e+02 2.2377194156457660e-04
6.6879999999999995e+02 2.2349672882397703e-04
6.6910000000000002e+02 2.2322170119714140e-04
6.6939999999999998e+02 2.2294685847664385e-04
6.6969999999999993e+02 2.2267220045538359e-04
6.7000000000000000e+02 2.2239772692658446e-04
6.7029999999999995e+02 2.2212343768379479e-04
6.7060000000000002e+02 2.2184933252088548e-04
6.7089999999999998e+02 2.2157541123205034e-04
6.7119999999999993e+02 2.2130167361180552e-04
6.7150000000000000e+02 2.2102811945498791e-04
6.7179999999999995e+02 2.2075474855675535e-04
6.7210000000000002e+02 2.2048156071258600e-04
6.7239999999999998e+02 2.2020855571827706e-04
6.7269999999999993e+02 2.1993573336994492e-04
6.7300000000000000e+02 2.1966309346402324e-04
6.7329999999999995e+02 2.1939063579726428e-04
6.7360000000000002e+02 2.1911836016673652e-04
6.7389999999999998e+02 2.1884626636982471e-04
6.7419999999999993e+02 2.1857435420422901e-04
6.7450000000000000e+02 2.1830262346796513e-04
6.7479999999999995e+02 2.1803107395936276e-04
6.7510000000000002e+02 2.1775970547706507e-04
6.7539999999999998e+02 2.1748851782002877e-04
6.7569999999999993e+02 2.1721751078752265e-04
6.7600000000000000e+02 2.1694668417912712e-04
6.7629999999999995e+02 2.1667603779473445e-04
6.7660000000000002e+02 2.1640557143454714e-04
6.7689999999999998e+02 2.1613528489907745e-04
6.7719999999999993e+02 2.1586517798914741e-04
6.7750000000000000e+02 2.1559525050588737e-04
6.7779999999999995e+02 2.1532550225073581e-04
6.7810000000000002e+02 2.1505593302543929e-04
6.7839999999999998e+02 2.1478654263205050e-04
6.7869999999999993e+02 2.1451733087292873e-04
6.7900000000000000e+02 2.1424829755073907e-04
6.7929999999999995e+02 2.1397944246845122e-04
6.7960000000000002e+02 2.1371076542934001e-04
6.7989999999999998e+02 2.1344226623698360e-04
6.8019999999999993e+02 2.1317394469526341e-04
6.8050000000000000e+02 2.1290580060836362e-04
6.8079999999999995e+02 2.1263783378077059e-04
6.8110000000000002e+02 2.1237004401727182e-04
6.8139999999999998e+02 2.1210243112295608e-04
6.8169999999999993e+02 2.1183499490321197e-04
6.8200000000000000e+02 2.1156773516372757e-04
6.8229999999999995e+02 2.1130065171049106e-04
6.8260000000000002e+02 2.1103374434978776e-04
6.8289999999999998e+02 2.1076701288820165e-04
6.8319999999999993e+02 2.1050045713261406e-04
6.8350000000000000e+02 2.1023407689020255e-04
6.8379999999999995e+02 2.0996787196844101e-04
6.8410000000000002e+02 2.0970184217509915e-04
6.8439999999999998e+02 2.0943598731824122e-04
6.8469999999999993e+02 2.0917030720622631e-04
6.8500000000000000e+02 2.0890480164770649e-04
6.8529999999999995e+02 2.0863947045162790e-04
6.8560000000000002e+02 2.0837431342722866e-04
6.8589999999999998e+02 2.0810933038403954e-04
6.8619999999999993e+02 2.0784452113188265e-04
6.8650000000000000e+02 2.0757988548087032e-04
6.8679999999999995e+02 2.0731542324140600e-04
6.8710000000000002e+02 2.0705113422418264e-04
6.8739999999999998e+02 2.0678701824018272e-04
6.8769999999999993e+02 2.0652307510067653e-04
6.8800000000000000e+02 2.0625930461722327e-04
6.8829999999999995e+02 2.0599570660166907e-04
6.8860000000000002e+02 2.0573228086614745e-04
6.8889999999999998e+02 2.0546902722307797e-04
6.8919999999999993e+02 2.0520594548516593e-04
6.8950000000000000e+02 2.0494303546540223e-04
6.8979999999999995e+02 2.0468029697706230e-04
6.9010000000000002e+02 2.0441772983370549e-04
6.9039999999999998e+02 2.0415533384917522e-04
6.9069999999999993e+02 2.0389310883759751e-04
6.9100000000000000e+02 2.0363105461338095e-04
6.9129999999999995e+02 2.0336917099121618e-04
6.9160000000000002e+02 2.0310745778607514e-04
6.9189999999999998e+02 2.0284591481321045e-04
6.9219999999999993e+02 2.0258454188815505e-04
6.9250000000000000e+02 2.0232333882672188e-04
6.9279999999999995e+02 2.0206230544500276e-04
6.9310000000000002e+02 2.0180144155936835e-04
6.9339999999999998e+02 2.0154074698646720e-04
6.9369999999999993e+02 2.0128022154322579e-04
6.9400000000000000e+02 2.0101986504684696e-04
6.9429999999999995e+02 2.0075967731481050e-04
6.9460000000000002e+02 2.0049965816487235e-04
6.9489999999999998e+02 2.0023980741506315e-04
6.9519999999999993e+02 1.9998012488368932e-04
6.9550000000000000e+02 1.9972061038933062e-04
6.9579999999999995e+02 1.9946126375084130e-04
6.9610000000000002e+02 1.9920208478734871e-04
6.9639999999999998e+02 1.9894307331825293e-04
6.9669999999999993e+02 1.9868422916322626e-04
6.9700000000000000e+02 1.9842555214221244e-04
6.9729999999999995e+02 1.9816704207542668e-04
6.9760000000000002e+02 1.9790869878335483e-04
6.9789999999999998e+02 1.9765052208675296e-04
6.9819999999999993e+02 1.9739251180664598e-04
6.9850000000000000e+02 1.9713466776432887e-04
6.9879999999999995e+02 1.9687698978136450e-04
6.9910000000000002e+02 1.9661947767958405e-04
6.9939999999999998e+02 1.9636213128108616e-04
6.9969999999999993e+02 1.9610495040823627e-04
7.0000000000000000e+02 1.9584793488366638e-04
7.0029999999999995e+02 1.9559108453027485e-04
7.0060000000000002e+02 1.9533439917122507e-04
7.0089999999999998e+02 1.9507787862994543e-04
7.0119999999999993e+02 1.9482152273012893e-04
7.0150000000000000e+02 1.9456533129573231e-04
7.0179999999999995e+02 1.9430930415097547e-04
7.0210000000000002e+02 1.9405344112034196e-04
7.0239999999999998e+02 1.9379774202857734e-04
7.0269999999999993e+02 1.9354220670068876e-04
7.0300000000000000e+02 1.9328683496194508e-04
7.0329999999999995e+02 1.9303162663787622e-04
7.0360000000000002e+02 1.9277658155427208e-04
7.0389999999999998e+02 1.9252169953718273e-04
7.0419999999999993e+02 1.9226698041291756e-04
7.0450000000000000e+02 1.9201242400804507e-04
7.0479999999999995e+02 1.9175803014939187e-04
7.0510000000000002e+02 1.9150379866404241e-04
7.0539999999999998e+02 1.9124972937933891e-04
7.0569999999999993e+02 1.9099582212288020e-04
7.0600000000000000e+02 1.9074207672252160e-04
7.0629999999999995e+02 1.9048849300637490e-04
7.0660000000000002e+02 1.9023507080280627e-04
7.0689999999999998e+02 1.8998180994043775e-04
7.0719999999999993e+02 1.8972871024814549e-04
7.0750000000000000e+02 1.8947577155505984e-04
7.0779999999999995e+02 1.8922299369056439e-04
7.0810000000000002e+02 1.8897037648429589e-04
7.0839999999999998e+02 1.8871791976614381e-04
7.0869999999999993e+02 1.8846562336624921e-04
7.0900000000000000e+02 1.8821348711500500e-04
7.0929999999999995e+02 1.8796151084305544e-04
7.0960000000000002e+02 1.8770969438129507e-04
7.0989999999999998e+02 1.8745803756086872e-04
7.1019999999999993e+02 1.8720654021317084e-04
7.1050000000000000e+02 1.8695520216984503e-04
7.1079999999999995e+02 1.8670402326278373e-04
7.1110000000000002e+02 1.8645300332412754e-04
7.1139999999999998e+02 1.8620214218626518e-04
7.1169999999999993e+02 1.8595143968183199e-04
7.1200000000000000e+02 1.8570089564371044e-04
7.1229999999999995e+02 1.8545050990502999e-04
7.1260000000000002e+02 1.8520028229916508e-04
7.1289999999999998e+02 1.8495021265973625e-04
7.1319999999999993e+02 1.8470030082060862e-04
7.1350000000000000e+02 1.8445054661589191e-04
7.1379999999999995e+02 1.8420094987994001e-04
7.1410000000000002e+02 1.8395151044735047e-04
7.1439999999999998e+02 1.8370222815296375e-04
7.1469999999999993e+02 1.8345310283186312e-04
7.1500000000000000e+02 1.8320413431937395e-04
7.1529999999999995e+02 1.8295532245106344e-04
7.1560000000000002e+02 1.8270666706274004e-04
7.1589999999999998e+02 1.8245816799045299e-04
7.1619999999999993e+02 1.8220982507049225e-04
7.1650000000000000e+02 1.8196163813938716e-04
7.1679999999999995e+02 1.8171360703390723e-04
7.1710000000000002e+02 1.8146573159106015e-04
7.1739999999999998e+02 1.8121801164809294e-04
7.1769999999999993e+02 1.8097044704249070e-04
7.1800000000000000e+02 1.8072303761197545e-04
7.1829999999999995e+02 1.8047578319450758e-04
7.1860000000000002e+02 1.8022868362828324e-04
7.1889999999999998e+02 1.7998173875173579e-04
7.1919999999999993e+02 1.7973494840353368e-04
7.1950000000000000e+02 1.7948831242258124e-04
7.1979999999999995e+02 1.7924183064801824e-04
7.2010000000000002e+02 1.7899550291921814e-04
7.2039999999999998e+02 1.7874932907578926e-04
7.2069999999999993e+02 1.7850330895757328e-04
7.2100000000000000e+02 1.7825744240464498e-04
7.2129999999999995e+02 1.7801172925731269e-04
7.2160000000000002e+02 1.7776616935611631e-04
7.2189999999999998e+02 1.7752076254182842e-04
7.2219999999999993e+02 1.7727550865545211e-04
7.2250000000000000e+02 1.7703040753822285e-04
7.2279999999999995e+02 1.7678545903160569e-04
7.2310000000000002e+02 1.7654066297729642e-04
7.2339999999999998e+02 1.7629601921722085e-04
7.2369999999999993e+02 1.7605152759353349e-04
7.2400000000000000e+02 1.7580718794861822e-04
7.2429999999999995e+02 1.7556300012508733e-04
7.2460000000000002e+02 1.7531896396578159e-04
7.2489999999999998e+02 1.7507507931376867e-04
7.2519999999999993e+02 1.7483134601234407e-04
7.2550000000000000e+02 1.7458776390503011e-04
7.2579999999999995e+02 1.7434433283557518e-04
7.2610000000000002e+02 1.7410105264795362e-04
7.2639999999999998e+02 1.7385792318636570e-04
7.2669999999999993e+02 1.7361494429523694e-04
7.2700000000000000e+02 1.7337211581921653e-04
7.2729999999999995e+02 1.7312943760317950e-04
7.2760000000000002e+02 1.7288690949222334e-04
7.2789999999999998e+02 1.7264453133166997e-04
7.2819999999999993e+02 1.7240230296706397e-04
7.2850000000000000e+02 1.7216022424417258e-04
7.2879999999999995e+02 1.7191829500898568e-04
7.2910000000000002e+02 1.7167651510771397e-04
7.2939999999999998e+02 1.7143488438679057e-04
7.2969999999999993e+02 1.7119340269286922e-04
7.3000000000000000e+02 1.7095206987282412e-04
7.3029999999999995e+02 1.7071088577374984e-04
7.3060000000000002e+02 1.7046985024296070e-04
7.3089999999999998e+02 1.7022896312799044e-04
7.3119999999999993e+02 1.6998822427659167e-04
7.3150000000000000e+02 1.6974763353673529e-04
7.3179999999999995e+02 1.6950719075661089e-04
7.3210000000000002e+02 1.6926689578462533e-04
7.3239999999999998e+02 1.6902674846940347e-04
7.3269999999999993e+02 1.6878674865978624e-04
7.3300000000000000e+02 1.6854689620483189e-04
7.3329999999999995e+02 1.6830719095381437e-04
7.3360000000000002e+02 1.6806763275622336e-04
7.3389999999999998e+02 1.6782822146176466e-04
7.3419999999999993e+02 1.6758895692035788e-04
7.3450000000000000e+02 1.6734983898213790e-04
7.3479999999999995e+02 1.6711086749745391e-04
7.3510000000000002e+02 1.6687204231686804e-04
7.3539999999999998e+02 1.6663336329115707e-04
7.3569999999999993e+02 1.6639483027130968e-04
7.3600000000000000e+02 1.6615644310852742e-04
7.3629999999999995e+02 1.6591820165422455e-04
7.3660000000000002e+02 1.6568010576002631e-04
7.3689999999999998e+02 1.6544215527777048e-04
7.3719999999999993e+02 1.6520435005950502e-04
7.3750000000000000e+02 1.6496668995748847e-04
7.3779999999999995e+02 1.6472917482419062e-04
7.3810000000000002e+02 1.6449180451228972e-04
7.3839999999999998e+02 1.6425457887467515e-04
7.3869999999999993e+02 1.6401749776444411e-04
7.3900000000000000e+02 1.6378056103490325e-04
7.3929999999999995e+02 1.6354376853956740e-04
7.3960000000000002e+02 1.6330712013215895e-04
7.3989999999999998e+02 1.6307061566660884e-04
7.4019999999999993e+02 1.6283425499705439e-04
7.4050000000000000e+02 1.6259803797784010e-04
7.4079999999999995e+02 1.6236196446351692e-04
7.4110000000000002e+02 1.6212603430884161e-04
7.4139999999999998e+02 1.6189024736877746e-04
7.4169999999999993e+02 1.6165460349849226e-04
7.4200000000000000e+02 1.6141910255335906e-04
7.4229999999999995e+02 1.6118374438895577e-04
7.4260000000000002e+02 1.6094852886106378e-04
7.4289999999999998e+02 1.6071345582566927e-04
7.4319999999999993e+02 1.6047852513896164e-04
7.4350000000000000e+02 1.6024373665733246e-04
7.4379999999999995e+02 1.6000909023737765e-04
7.4410000000000002e+02 1.5977458573589412e-04
7.4439999999999998e+02 1.5954022300988194e-04
7.4469999999999993e+02 1.5930600191654161e-04
7.4500000000000000e+02 1.5907192231327593e-04
7.4529999999999995e+02 1.5883798405768798e-04
7.4560000000000002e+02 1.5860418700758196e-04
7.4589999999999998e+02 1.5837053102096170e-04
7.4619999999999993e+02 1.5813701595603132e-04
7.4650000000000000e+02 1.5790364167119373e-04
7.4679999999999995e+02 1.5767040802505192e-04
7.4710000000000002e+02 1.5743731487640698e-04
7.4739999999999998e+02 1.5720436208425812e-04
7.4769999999999993e+02 1.5697154950780360e-04
7.4800000000000000e+02 1.5673887700643816e-04
7.4829999999999995e+02 1.5650634443975465e-04
7.4860000000000002e+02 1.5627395166754258e-04
7.4889999999999998e+02 1.5604169854978818e-04
7.4919999999999993e+02 1.5580958494667381e-04
7.4950000000000000e+02 1.5557761071857804e-04
7.4979999999999995e+02 1.5534577572607432e-04
7.5010000000000002e+02 1.5511407982993171e-04
7.5039999999999998e+02 1.5488252289111445e-04
7.5069999999999993e+02 1.5465110477078071e-04
7.5100000000000000e+02 1.5441982533028311e-04
7.5129999999999995e+02 1.5418868443116778e-04
7.5160000000000002e+02 1.5395768193517438e-04
7.5189999999999998e+02 1.5372681770423605e-04
7.5219999999999993e+02 1.5349609160047827e-04
7.5250000000000000e+02 1.5326550348621900e-04
7.5279999999999995e+02 1.5303505322396822e-04
7.5310000000000002e+02 1.5280474067642762e-04
7.5339999999999998e+02 1.5257456570649062e-04
7.5369999999999993e+02 1.5234452817724123e-04
7.5400000000000000e+02 1.5211462795195415e-04
7.5429999999999995e+02 1.5188486489409487e-04
7.5460000000000002e+02 1.5165523886731801e-04
7.5489999999999998e+02 1.5142574973546903e-04
7.5519999999999993e+02 1.5119639736258197e-04
7.5550000000000000e+02 1.5096718161287961e-04
7.5579999999999995e+02 1.5073810235077418e-04
7.5610000000000002e+02 1.5050915944086554e-04
7.5639999999999998e+02 1.5028035274794192e-04
7.5669999999999993e+02 1.5005168213697904e-04
7.5700000000000000e+02 1.4982314747313962e-04
7.5729999999999995e+02 1.4959474862177407e-04
7.5760000000000002e+02 1.4936648544841880e-04
7.5789999999999998e+02 1.4913835781879697e-04
7.5819999999999993e+02 1.4891036559881740e-04
7.5850000000000000e+02 1.4868250865457435e-04
7.5879999999999995e+02 1.4845478685234824e-04
7.5910000000000002e+02 1.4822720005860335e-04
7.5939999999999998e+02 1.4799974813998971e-04
7.5969999999999993e+02 1.4777243096334073e-04
7.6000000000000000e+02 1.4754524839567446e-04
7.6029999999999995e+02 1.4731820030419257e-04
7.6060000000000002e+02 1.4709128655627927e-04
7.6089999999999998e+02 1.4686450701950331e-04
7.6119999999999993e+02 1.4663786156161448e-04
7.6150000000000000e+02 1.4641135005054616e-04
7.6179999999999995e+02 1.4618497235441310e-04
7.6210000000000002e+02 1.4595872834151203e-04
7.6239999999999998e+02 1.4573261788032135e-04
7.6269999999999993e+02 1.4550664083949974e-04
7.6300000000000000e+02 1.4528079708788763e-04
7.6329999999999995e+02 1.4505508649450519e-04
7.6360000000000002e+02 1.4482950892855275e-04
7.6389999999999998e+02 1.4460406425941124e-04
7.6419999999999993e+02 1.4437875235663982e-04
7.6450000000000000e+02 1.4415357308997771e-04
7.6479999999999995e+02 1.4392852632934294e-04
7.6510000000000002e+02 1.4370361194483155e-04
7.6539999999999998e+02 1.4347882980671834e-04
7.6569999999999993e+02 1.4325417978545580e-04
7.6600000000000000e+02 1.4302966175167394e-04
7.6629999999999995e+02 1.4280527557618031e-04
7.6660000000000002e+02 1.4258102112995897e-04
7.6689999999999998e+02 1.4235689828417133e-04
7.6719999999999993e+02 1.4213290691015456e-04
7.6750000000000000e+02 1.4190904687942183e-04
7.6779999999999995e+02 1.4168531806366247e-04
7.6810000000000002e+02 1.4146172033474124e-04
7.6839999999999998e+02 1.4123825356469747e-04
7.6869999999999993e+02 1.4101491762574570e-04
7.6900000000000000e+02 1.4079171239027495e-04
7.6929999999999995e+02 1.4056863773084829e-04
7.6960000000000002e+02 1.4034569352020274e-04
7.6989999999999998e+02 1.4012287963124917e-04
7.7019999999999993e+02 1.3990019593707127e-04
7.7050000000000000e+02 1.3967764231092574e-04
7.7079999999999995e+02 1.3945521862624235e-04
7.7110000000000002e+02 1.3923292475662285e-04
7.7139999999999998e+02 1.3901076057584136e-04
7.7169999999999993e+02 1.3878872595784347e-04
7.7200000000000000e+02 1.3856682077674642e-04
7.7229999999999995e+02 1.3834504490683853e-04
7.7260000000000002e+02 1.3812339822257919e-04
7.7289999999999998e+02 1.3790188059859782e-04
7.7319999999999993e+02 1.3768049190969480e-04
7.7350000000000000e+02 1.3745923203083995e-04
7.7379999999999995e+02 1.3723810083717320e-04
7.7410000000000002e+02 1.3701709820400311e-04
7.7439999999999998e+02 1.3679622400680850e-04
7.7469999999999993e+02 1.3657547812123599e-04
7.7500000000000000e+02 1.3635486042310114e-04
7.7529999999999995e+02 1.3613437078838740e-04
7.7560000000000002e+02 1.3591400909324626e-04
7.7589999999999998e+02 1.3569377521399726e-04
7.7619999999999993e+02 1.3547366902712669e-04
7.7650000000000000e+02 1.3525369040928782e-04
7.7679999999999995e+02 1.3503383923730151e-04
7.7710000000000002e+02 1.3481411538815392e-04
7.7739999999999998e+02 1.3459451873899821e-04
7.7769999999999993e+02 1.3437504916715315e-04
7.7800000000000000e+02 1.3415570655010304e-04
7.7829999999999995e+02 1.3393649076549747e-04
7.7860000000000002e+02 1.3371740169115107e-04
7.7889999999999998e+02 1.3349843920504369e-04
7.7919999999999993e+02 1.3327960318531862e-04
7.7950000000000000e+02 1.3306089351028383e-04
7.7979999999999995e+02 1.3284231005841179e-04
7.8010000000000002e+02 1.3262385270833727e-04
7.8039999999999998e+02 1.3240552133885963e-04
7.8069999999999993e+02 1.3218731582894018e-04
7.8100000000000000e+02 1.3196923605770375e-04
7.8129999999999995e+02 1.3175128190443721e-04
7.8160000000000002e+02 1.3153345324858989e-04
7.8189999999999998e+02 1.3131574996977268e-04
7.8219999999999993e+02 1.3109817194775848e-04
7.8250000000000000e+02 1.3088071906248110e-04
7.8279999999999995e+02 1.3066339119403590e-04
7.8310000000000002e+02 1.3044618822267854e-04
7.8339999999999998e+02 1.3022911002882556e-04
7.8369999999999993e+02 1.3001215649305372e-04
7.8400000000000000e+02 1.2979532749609921e-04
7.8429999999999995e+02 1.2957862291885884e-04
7.8460000000000002e+02 1.2936204264238778e-04
7.8489999999999998e+02 1.2914558654790137e-04
7.8519999999999993e+02 1.2892925451677301e-04
7.8550000000000000e+02 1.2871304643053484e-04
7.8579999999999995e+02 1.2849696217087769e-04
7.8610000000000002e+02 1.2828100161964984e-04
7.8639999999999998e+02 1.2806516465885810e-04
7.8669999999999993e+02 1.2784945117066623e-04
7.8700000000000000e+02 1.2763386103739524e-04
7.8729999999999995e+02 1.2741839414152334e-04
7.8760000000000002e+02 1.2720305036568501e-04
7.8789999999999998e+02 1.2698782959267175e-04
7.8819999999999993e+02 1.2677273170543082e-04
7.8850000000000000e+02 1.2655775658706561e-04
7.8879999999999995e+02 1.2634290412083467e-04
7.8910000000000002e+02 1.2612817419015236e-04
7.8939999999999998e+02 1.2591356667858807e-04
7.8969999999999993e+02 1.2569908146986569e-04
7.9000000000000000e+02 1.2548471844786409e-04
7.9029999999999995e+02 1.2527047749661641e-04
7.9060000000000002e+02 1.2505635850030926e-04
7.9089999999999998e+02 1.2484236134328351e-04
7.9119999999999993e+02 1.2462848591003375e-04
7.9150000000000000e+02 1.2441473208520701e-04
7.9179999999999995e+02 1.2420109975360430e-04
7.9210000000000002e+02 1.2398758880017842e-04
7.9239999999999998e+02 1.2377419911003542e-04
7.9269999999999993e+02 1.2356093056843301e-04
7.9300000000000000e+02 1.2334778306078104e-04
7.9329999999999995e+02 1.2313475647264093e-04
7.9360000000000002e+02 1.2292185068972587e-04
7.9389999999999998e+02 1.2270906559789976e-04
7.9419999999999993e+02 1.2249640108317778e-04
7.9450000000000000e+02 1.2228385703172539e-04
7.9479999999999995e+02 1.2207143332985869e-04
7.9510000000000002e+02 1.2185912986404407e-04
7.9539999999999998e+02 1.2164694652089784e-04
7.9569999999999993e+02 1.2143488318718534e-04
7.9600000000000000e+02 1.2122293974982178e-04
7.9629999999999995e+02 1.2101111609587147e-04
7.9660000000000002e+02 1.2079941211254764e-04
7.9689999999999998e+02 1.2058782768721175e-04
7.9719999999999993e+02 1.2037636270737447e-04
7.9750000000000000e+02 1.2016501706069349e-04
7.9779999999999995e+02 1.1995379063497511e-04
7.9810000000000002e+02 1.1974268331817316e-04
7.9839999999999998e+02 1.1953169499838861e-04
7.9869999999999993e+02 1.1932082556386979e-04
7.9900000000000000e+02 1.1911007490301160e-04
7.9929999999999995e+02 1.1889944290435601e-04
7.9960000000000002e+02 1.1868892945659111e-04
7.9989999999999998e+02 1.1847853444855072e-04
8.0019999999999993e+02 1.1826825776921552e-04
8.0050000000000000e+02 1.1805809930771076e-04
8.0079999999999995e+02 1.1784805895330792e-04
8.0110000000000002e+02 1.1763813659542298e-04
8.0139999999999998e+02 1.1742833212361733e-04
8.0169999999999993e+02 1.1721864542759672e-04
8.0200000000000000e+02 1.1700907639721125e-04
8.0229999999999995e+02 1.1679962492245569e-04
8.0260000000000002e+02 1.1659029089346813e-04
8.0289999999999998e+02 1.1638107420053056e-04
8.0319999999999993e+02 1.1617197473406875e-04
8.0350000000000000e+02 1.1596299238465111e-04
8.0379999999999995e+02 1.1575412704298933e-04
8.0410000000000002e+02 1.1554537859993776e-04
8.0439999999999998e+02 1.1533674694649337e-04
8.0469999999999993e+02 1.1512823197379511e-04
8.0500000000000000e+02 1.1491983357312418e-04
8.0529999999999995e+02 1.1471155163590348e-04
8.0560000000000002e+02 1.1450338605369724e-04
8.0589999999999998e+02 1.1429533671821148e-04
8.0619999999999993e+02 1.1408740352129260e-04
8.0650000000000000e+02 1.1387958635492815e-04
8.0679999999999995e+02 1.1367188511124656e-04
8.0710000000000002e+02 1.1346429968251602e-04
8.0739999999999998e+02 1.1325682996114537e-04
8.0769999999999993e+02 1.1304947583968301e-04
8.0800000000000000e+02 1.1284223721081717e-04
8.0829999999999995e+02 1.1263511396737554e-04
8.0860000000000002e+02 1.1242810600232437e-04
8.0889999999999998e+02 1.1222121320876982e-04
8.0919999999999993e+02 1.1201443547995593e-04
8.0950000000000000e+02 1.1180777270926601e-04
8.0979999999999995e+02 1.1160122479022076e-04
8.1010000000000002e+02 1.1139479161647955e-04
8.1039999999999998e+02 1.1118847308183954e-04
8.1069999999999993e+02 1.1098226908023482e-04
8.1100000000000000e+02 1.1077617950573752e-04
8.1129999999999995e+02 1.1057020425255662e-04
8.1160000000000002e+02 1.1036434321503787e-04
8.1189999999999998e+02 1.1015859628766364e-04
8.1219999999999993e+02 1.0995296336505328e-04
8.1250000000000000e+02 1.0974744434196150e-04
8.1279999999999995e+02 1.0954203911327949e-04
8.1310000000000002e+02 1.0933674757403421e-04
8.1339999999999998e+02 1.0913156961938783e-04
8.1369999999999993e+02 1.0892650514463811e-04
8.1400000000000000e+02 1.0872155404521772e-04
8.1429999999999995e+02 1.0851671621669430e-04
8.1460000000000002e+02 1.0831199155476991e-04
8.1489999999999998e+02 1.0810737995528124e-04
8.1519999999999993e+02 1.0790288131419909e-04
8.1550000000000000e+02 1.0769849552762803e-04
8.1579999999999995e+02 1.0749422249180680e-04
8.1610000000000002e+02 1.0729006210310692e-04
8.1639999999999998e+02 1.0708601425803415e-04
8.1669999999999993e+02 1.0688207885322660e-04
8.1700000000000000e+02 1.0667825578545529e-04
8.1729999999999995e+02 1.0647454495162420e-04
8.1760000000000002e+02 1.0627094624876960e-04
8.1789999999999998e+02 1.0606745957405988e-04
8.1819999999999993e+02 1.0586408482479522e-04
8.1850000000000000e+02 1.0566082189840815e-04
8.1879999999999995e+02 1.0545767069246233e-04
8.1910000000000002e+02 1.0525463110465246e-04
8.1939999999999998e+02 1.0505170303280480e-04
8.1969999999999993e+02 1.0484888637487669e-04
8.2000000000000000e+02 1.0464618102895523e-04
8.2029999999999995e+02 1.0444358689325923e-04
8.2060000000000002e+02 1.0424110386613665e-04
8.2089999999999998e+02 1.0403873184606629e-04
8.2119999999999993e+02 1.0383647073165605e-04
8.2150000000000000e+02 1.0363432042164403e-04
8.2179999999999995e+02 1.0343228081489726e-04
8.2210000000000002e+02 1.0323035181041244e-04
8.2239999999999998e+02 1.0302853330731503e-04
8.2269999999999993e+02 1.0282682520485884e-04
8.2300000000000000e+02 1.0262522740242689e-04
8.2329999999999995e+02 1.0242373979953006e-04
8.2360000000000002e+02 1.0222236229580761e-04
8.2389999999999998e+02 1.0202109479102647e-04
8.2419999999999993e+02 1.0181993718508183e-04
8.2450000000000000e+02 1.0161888937799553e-04
8.2479999999999995e+02 1.0141795126991727e-04
8.2510000000000002e+02 1.0121712276112378e-04
8.2539999999999998e+02 1.0101640375201855e-04
8.2569999999999993e+02 1.0081579414313186e-04
8.2600000000000000e+02 1.0061529383511993e-04
8.2629999999999995e+02 1.0041490272876621e-04
8.2660000000000002e+02 1.0021462072497938e-04
8.2689999999999998e+02 1.0001444772479403e-04
8.2719999999999993e+02 9.9814383629370895e-05
8.2750000000000000e+02 9.9614428339995497e-05
8.2779999999999995e+02 9.9414581758079326e-05
8.2810000000000002e+02 9.9214843785157958e-05
8.2839999999999998e+02 9.9015214322892441e-05
8.2869999999999993e+02 9.8815693273068464e-05
8.2900000000000000e+02 9.8616280537595601e-05
8.2929999999999995e+02 9.8416976018508243e-05
8.2960000000000002e+02 9.8217779617964314e-05
8.2989999999999998e+02 9.8018691238246027e-05
8.3019999999999993e+02 9.7819710781758476e-05
8.3050000000000000e+02 9.7620838151030924e-05
8.3079999999999995e+02 9.7422073248715392e-05
8.3110000000000002e+02 9.7223415977586795e-05
8.3139999999999998e+02 9.7024866240543310e-05
8.3169999999999993e+02 9.6826423940605234e-05
8.3200000000000000e+02 9.6628088980915745e-05
8.3229999999999995e+02 9.6429861264739724e-05
8.3260000000000002e+02 9.6231740695464443e-05
8.3289999999999998e+02 9.6033727176598701e-05
8.3319999999999993e+02 9.5835820611773201e-05
8.3350000000000000e+02 9.5638020904739550e-05
8.3379999999999995e+02 9.5440327959371473e-05
8.3410000000000002e+02 9.5242741679662707e-05
8.3439999999999998e+02 9.5045261969728241e-05
8.3469999999999993e+02 9.4847888733804142e-05
8.3500000000000000e+02 9.4650621876245984e-05
8.3529999999999995e+02 9.4453461301530271e-05
8.3560000000000002e+02 9.4256406914253595e-05
8.3589999999999998e+02 9.4059458619131660e-05
8.3619999999999993e+02 9.3862616321000857e-05
8.3650000000000000e+02 9.3665879924815891e-05
8.3679999999999995e+02 9.3469249335652015e-05
8.3710000000000002e+02 9.3272724458702593e-05
8.3739999999999998e+02 9.3076305199280061e-05
8.3769999999999993e+02 9.2879991462816038e-05
8.3800000000000000e+02 9.2683783154859790e-05
8.3829999999999995e+02 9.2487680181079751e-05
8.3860000000000002e+02 9.2291682447261870e-05
8.3889999999999998e+02 9.2095789859310571e-05
8.3919999999999993e+02 9.1900002323247508e-05
8.3950000000000000e+02 9.1704319745211971e-05
8.3979999999999995e+02 9.1508742031460967e-05
8.4010000000000002e+02 9.1313269088368637e-05
8.4039999999999998e+02 9.1117900822425539e-05
8.4069999999999993e+02 9.0922637140239556e-05
8.4100000000000000e+02 9.0727477948535066e-05
8.4129999999999995e+02 9.0532423154152824e-05
8.4160000000000002e+02 9.0337472664050084e-05
8.4189999999999998e+02 9.0142626385299415e-05
8.4219999999999993e+02 8.9947884225090267e-05
8.4250000000000000e+02 8.9753246090727026e-05
8.4279999999999995e+02 8.9558711889629845e-05
8.4310000000000002e+02 8.9364281529333991e-05
8.4339999999999998e+02 8.9169954917490092e-05
8.4369999999999993e+02 8.8975731961863863e-05
8.4400000000000000e+02 8.8781612570335334e-05
8.4429999999999995e+02 8.8587596650899163e-05
8.4460000000000002e+02 8.8393684111664906e-05
8.4489999999999998e+02 8.8199874860855987e-05
8.4519999999999993e+02 8.8006168806809579e-05
8.4550000000000000e+02 8.7812565857976841e-05
8.4579999999999995e+02 8.7619065922923291e-05
8.4610000000000002e+02 8.7425668910326838e-05
8.4639999999999998e+02 8.7232374728979435e-05
8.4669999999999993e+02 8.7039183287785751e-05
8.4700000000000000e+02 8.6846094495763809e-05
8.4729999999999995e+02 8.6653108262044117e-05
8.4760000000000002e+02 8.6460224495869467e-05
8.4789999999999998e+02 8.6267443106595747e-05
8.4819999999999993e+02 8.6074764003690475e-05
8.4850000000000000e+02 8.5882187096733670e-05
8.4879999999999995e+02 8.5689712295416713e-05
8.4910000000000002e+02 8.5497339509542792e-05
8.4939999999999998e+02 8.5305068649027378e-05
8.4969999999999993e+02 8.5112899623896016e-05
8.5000000000000000e+02 8.4920832344286261e-05
8.5029999999999995e+02 8.4728866720446219e-05
8.5060000000000002e+02 8.4537002662735301e-05
8.5089999999999998e+02 8.4345240081623276e-05
8.5119999999999993e+02 8.4153578887689932e-05
8.5150000000000000e+02 8.3962018991625811e-05
8.5179999999999995e+02 8.3770560304231674e-05
8.5210000000000002e+02 8.3579202736417776e-05
8.5239999999999998e+02 8.3387946199204552e-05
8.5269999999999993e+02 8.3196790603721726e-05
8.5300000000000000e+02 8.3005735861208321e-05
8.5329999999999995e+02 8.2814781883013043e-05
8.5360000000000002e+02 8.2623928580593330e-05
8.5389999999999998e+02 8.2433175865515566e-05
8.5419999999999993e+02 8.2242523649454666e-05
8.5450000000000000e+02 8.2051971844194276e-05
8.5479999999999995e+02 8.1861520361626816e-05
8.5510000000000002e+02 8.1671169113751836e-05
8.5539999999999998e+02 8.1480918012678379e-05
8.5569999999999993e+02 8.1290766970621957e-05
8.5600000000000000e+02 8.1100715899906392e-05
8.5629999999999995e+02 8.0910764712963183e-05
8.5660000000000002e+02 8.0720913322330782e-05
8.5689999999999998e+02 8.0531161640655280e-05
8.5719999999999993e+02 8.0341509580689313e-05
8.5750000000000000e+02 8.0151957055292505e-05
8.5779999999999995e+02 7.9962503977431664e-05
8.5810000000000002e+02 7.9773150260179025e-05
8.5839999999999998e+02 7.9583895816714306e-05
8.5869999999999993e+02 7.9394740560322598e-05
8.5900000000000000e+02 7.9205684404395541e-05
8.5929999999999995e+02 7.9016727262430024e-05
8.5960000000000002e+02 7.8827869048029011e-05
8.5989999999999998e+02 7.8639109674901367e-05
8.6019999999999993e+02 7.8450449056860269e-05
8.6050000000000000e+02 7.8261887107824551e-05
8.6079999999999995e+02 7.8073423741818770e-05
8.6110000000000002e+02 7.7885058872971267e-05
8.6139999999999998e+02 7.7696792415515498e-05
8.6169999999999993e+02 7.7508624283789625e-05
8.6200000000000000e+02 7.7320554392235717e-05
8.6229999999999995e+02 7.7132582655400672e-05
8.6260000000000002e+02 7.6944708987934551e-05
8.6289999999999998e+02 7.6756933304592228e-05
8.6319999999999993e+02 7.6569255520231403e-05
8.6350000000000000e+02 7.6381675549813856e-05
8.6379999999999995e+02 7.6194193308404842e-05
8.6410000000000002e+02 7.6006808711172400e-05
8.6439999999999998e+02 7.5819521673387811e-05
8.6469999999999993e+02 7.5632332110425393e-05
8.6500000000000000e+02 7.5445239937762021e-05
8.6529999999999995e+02 7.5258245070977146e-05
8.6560000000000002e+02 7.5071347425752596e-05
8.6589999999999998e+02 7.4884546917872966e-05
8.6619999999999993e+02 7.4697843463223927e-05
8.6650000000000000e+02 7.4511236977794124e-05
8.6679999999999995e+02 7.4324727377673272e-05
8.6710000000000002e+02 7.4138314579053196e-05
8.6739999999999998e+02 7.3951998498226806e-05
8.6769999999999993e+02 7.3765779051588413e-05
8.6800000000000000e+02 7.3579656155633443e-05
8.6829999999999995e+02 7.3393629726958750e-05
8.6860000000000002e+02 7.3207699682261354e-05
8.6889999999999998e+02 7.3021865938339322e-05
8.6919999999999993e+02 7.2836128412091079e-05
8.6950000000000000e+02 7.2650487020515663e-05
8.6979999999999995e+02 7.2464941680712048e-05
8.7010000000000002e+02 7.2279492309879349e-05
8.7039999999999998e+02 7.2094138825316631e-05
8.7069999999999993e+02 7.1908881144422675e-05
8.7100000000000000e+02 7.1723719184695728e-05
8.7129999999999995e+02 7.1538652863733810e-05
8.7160000000000002e+02 7.1353682099233493e-05
8.7189999999999998e+02 7.1168806808991571e-05
8.7219999999999993e+02 7.0984026910902716e-05
8.7250000000000000e+02 7.0799342322960964e-05
8.7279999999999995e+02 7.0614752963259314e-05
8.7310000000000002e+02 7.0430258749988343e-05
8.7339999999999998e+02 7.0245859601437898e-05
8.7369999999999993e+02 7.0061555435995760e-05
8.7400000000000000e+02 6.9877346172147434e-05
8.7429999999999995e+02 6.9693231728476643e-05
8.7460000000000002e+02 6.9509212023664808e-05
8.7489999999999998e+02 6.9325286976491105e-05
8.7519999999999993e+02 6.9141456505831991e-05
8.7550000000000000e+02 6.8957720530661012e-05
8.7579999999999995e+02 6.8774078970049212e-05
8.7610000000000002e+02 6.8590531743164493e-05
8.7639999999999998e+02 6.8407078769271634e-05
8.7669999999999993e+02 6.8223719967732216e-05
8.7700000000000000e+02 6.8040455258004085e-05
8.7729999999999995e+02 6.7857284559641866e-05
8.7760000000000002e+02 6.7674207792296000e-05
8.7789999999999998e+02 6.7491224875713748e-05
8.7819999999999993e+02 6.7308335729737481e-05
8.7850000000000000e+02 6.7125540274305754e-05
8.7879999999999995e+02 6.6942838429452870e-05
8.7910000000000002e+02 6.6760230115308676e-05
8.7939999999999998e+02 6.6577715252098336e-05
8.7969999999999993e+02 6.6395293760142300e-05
8.8000000000000000e+02 6.6212965559855726e-05
8.8029999999999995e+02 6.6030730571749028e-05
8.8060000000000002e+02 6.5848588716427520e-05
8.8089999999999998e+02 6.5666539914591162e-05
8.8119999999999993e+02 6.5484584087033905e-05
8.8150000000000000e+02 6.5302721154644592e-05
8.8179999999999995e+02 6.5120951038406054e-05
8.8210000000000002e+02 6.4939273659395298e-05
8.8239999999999998e+02 6.4757688938783142e-05
8.8269999999999993e+02 6.4576196797834173e-05
8.8300000000000000e+02 6.4394797157906735e-05
8.8329999999999995e+02 6.4213489940452727e-05
8.8360000000000002e+02 6.4032275067016730e-05
8.8389999999999998e+02 6.3851152459237762e-05
8.8419999999999993e+02 6.3670122038846604e-05
8.8450000000000000e+02 6.3489183727668077e-05
8.8479999999999995e+02 6.3308337447618728e-05
8.8510000000000002e+02 6.3127583120708709e-05
8.8539999999999998e+02 6.2946920669040181e-05
8.8569999999999993e+02 6.2766350014807517e-05
8.8600000000000000e+02 6.2585871080297545e-05
8.8629999999999995e+02 6.2405483787889100e-05
8.8660000000000002e+02 6.2225188060053256e-05
8.8689999999999998e+02 6.2044983819352242e-05
8.8719999999999993e+02 6.1864870988440689e-05
8.8750000000000000e+02 6.1684849490063959e-05
8.8779999999999995e+02 6.1504919247059399e-05
8.8810000000000002e+02 6.1325080182355303e-05
8.8839999999999998e+02 6.1145332218971257e-05
8.8869999999999993e+02 6.0965675280017603e-05
8.8900000000000000e+02 6.0786109288695780e-05
8.8929999999999995e+02 6.0606634168297461e-05
8.8960000000000002e+02 6.0427249842205053e-05
8.8989999999999998e+02 6.0247956233891834e-05
8.9019999999999993e+02 6.0068753266920934e-05
8.9050000000000000e+02 5.9889640864945234e-05
8.9079999999999995e+02 5.9710618951708587e-05
8.9110000000000002e+02 5.9531687451043522e-05
8.9139999999999998e+02 5.9352846286873489e-05
8.9169999999999993e+02 5.9174095383210851e-05
8.9200000000000000e+02 5.8995434664157145e-05
8.9229999999999995e+02 5.8816864053904151e-05
8.9260000000000002e+02 5.8638383476732136e-05
8.9289999999999998e+02 5.8459992857010512e-05
8.9319999999999993e+02 5.8281692119197620e-05
8.9350000000000000e+02 5.8103481187840755e-05
8.9379999999999995e+02 5.7925359987575880e-05
8.9410000000000002e+02 5.7747328443127047e-05
8.9439999999999998e+02 5.7569386479306990e-05
8.9469999999999993e+02 5.7391534021017172e-05
8.9500000000000000e+02 5.7213770993245988e-05
8.9529999999999995e+02 5.7036097321070772e-05
8.9560000000000002e+02 5.6858512929656699e-05
8.9589999999999998e+02 5.6681017744256078e-05
8.9619999999999993e+02 5.6503611690209075e-05
8.9650000000000000e+02 5.6326294692943478e-05
8.9679999999999995e+02 5.6149066677974429e-05
8.9710000000000002e+02 5.5971927570903587e-05
8.9739999999999998e+02 5.5794877297420678e-05
8.9769999999999993e+02 5.5617915783301710e-05
8.9800000000000000e+02 5.5441042954409398e-05
8.9829999999999995e+02 5.5264258736693445e-05
8.9860000000000002e+02 5.5087563056190244e-05
8.9889999999999998e+02 5.4910955839022069e-05
8.9919999999999993e+02 5.4734437011397665e-05
8.9950000000000000e+02 5.4558006499612096e-05
8.9979999999999995e+02 5.4381664230046488e-05
9.0010000000000002e+02 5.4205410129167363e-05
9.0039999999999998e+02 5.4029244123527553e-05
9.0069999999999993e+02 5.3853166139765493e-05
9.0100000000000000e+02 5.3677176104604594e-05
9.0129999999999995e+02 5.3501273944853904e-05
9.0160000000000002e+02 5.3325459587408097e-05
9.0189999999999998e+02 5.3149732959246589e-05
9.0219999999999993e+02 5.2974093987433983e-05
9.0250000000000000e+02 5.2798542599119178e-05
9.0279999999999995e+02 5.2623078721536513e-05
9.0310000000000002e+02 5.2447702282004598e-05
9.0339999999999998e+02 5.2272413207926822e-05
9.0369999999999993e+02 5.2097211426790422e-05
9.0400000000000000e+02 5.1922096866167169e-05
9.0429999999999995e+02 5.1747069453713130e-05
9.0460000000000002e+02 5.1572129117167824e-05
9.0489999999999998e+02 5.1397275784355255e-05
9.0519999999999993e+02 5.1222509383182680e-05
9.0550000000000000e+02 5.1047829841641198e-05
9.0579999999999995e+02 5.0873237087805123e-05
9.0610000000000002e+02 5.0698731049832400e-05
9.0639999999999998e+02 5.0524311655964198e-05
9.0669999999999993e+02 5.0349978834524883e-05
9.0700000000000000e+02 5.0175732513921170e-05
9.0729999999999995e+02 5.0001572622643378e-05
9.0760000000000002e+02 4.9827499089264182e-05
9.0789999999999998e+02 4.9653511842439032e-05
9.0819999999999993e+02 4.9479610810905881e-05
9.0850000000000000e+02 4.9305795923484845e-05
9.0879999999999995e+02 4.9132067109078314e-05
9.0910000000000002e+02 4.8958424296671271e-05
9.0939999999999998e+02 4.8784867415329877e-05
9.0969999999999993e+02 4.8611396394202875e-05
9.1000000000000000e+02 4.8438011162520668e-05
9.1029999999999995e+02 4.8264711649594869e-05
9.1060000000000002e+02 4.8091497784818774e-05
9.1089999999999998e+02 4.7918369497667758e-05
9.1119999999999993e+02 4.7745326717697368e-05
9.1150000000000000e+02 4.7572369374544763e-05
9.1179999999999995e+02 4.7399497397928805e-05
9.1210000000000002e+02 4.7226710717648035e-05
9.1239999999999998e+02 4.7054009263582862e-05
9.1269999999999993e+02 4.6881392965693840e-05
9.1300000000000000e+02 4.6708861754022071e-05
9.1329999999999995e+02 4.6536415558689235e-05
9.1360000000000002e+02 4.6364054309897134e-05
9.1389999999999998e+02 4.6191777937928355e-05
9.1419999999999993e+02 4.6019586373144723e-05
9.1450000000000000e+02 4.5847479545988412e-05
9.1479999999999995e+02 4.5675457386981953e-05
9.1510000000000002e+02 4.5503519826726648e-05
9.1539999999999998e+02 4.5331666795903970e-05
9.1569999999999993e+02 4.5159898225275049e-05
9.1600000000000000e+02 4.4988214045679805e-05
9.1629999999999995e+02 4.4816614188037877e-05
9.1660000000000002e+02 4.4645098583347903e-05
9.1689999999999998e+02 4.4473667162687772e-05
9.1719999999999993e+02 4.4302319857213751e-05
9.1750000000000000e+02 4.4131056598161109e-05
9.1779999999999995e+02 4.3959877316844366e-05
9.1810000000000002e+02 4.3788781944655756e-05
9.1839999999999998e+02 4.3617770413066315e-05
9.1869999999999993e+02 4.3446842653625856e-05
9.1900000000000000e+02 4.3275998597961281e-05
9.1929999999999995e+02 4.3105238177778913e-05
9.1960000000000002e+02 4.2934561324862161e-05
9.1989999999999998e+02 4.2763967971072529e-05
9.2019999999999993e+02 4.2593458048349484e-05
9.2050000000000000e+02 4.2423031488709742e-05
9.2079999999999995e+02 4.2252688224247938e-05
9.2110000000000002e+02 4.2082428187135977e-05
9.2139999999999998e+02 4.1912251309623029e-05
9.2169999999999993e+02 4.1742157524035504e-05
9.2200000000000000e+02 4.1572146762776690e-05
9.2229999999999995e+02 4.1402218958327070e-05
9.2260000000000002e+02 4.1232374043244214e-05
9.2289999999999998e+02 4.1062611950161633e-05
9.2319999999999993e+02 4.0892932611790306e-05
9.2350000000000000e+02 4.0723335960917367e-05
9.2379999999999995e+02 4.0553821930406138e-05
9.2410000000000002e+02 4.0384390453196527e-05
9.2439999999999998e+02 4.0215041462304619e-05
9.2469999999999993e+02 4.0045774890822637e-05
9.2500000000000000e+02 3.9876590671918341e-05
9.2529999999999995e+02 3.9707488738835621e-05
9.2560000000000002e+02 3.9538469024894098e-05
9.2589999999999998e+02 3.9369531463489118e-05
9.2619999999999993e+02 3.9200675988091557e-05
9.2650000000000000e+02 3.9031902532247288e-05
9.2679999999999995e+02 3.8863211029577761e-05
9.2710000000000002e+02 3.8694601413779860e-05
9.2739999999999998e+02 3.8526073618625156e-05
9.2769999999999993e+02 3.8357627577960220e-05
9.2800000000000000e+02 3.8189263225706514e-05
9.2829999999999995e+02 3.8020980495860751e-05
9.2860000000000002e+02 3.7852779322493402e-05
9.2889999999999998e+02 3.7684659639749988e-05
9.2919999999999993e+02 3.7516621381850662e-05
9.2950000000000000e+02 3.7348664483089106e-05
9.2979999999999995e+02 3.7180788877834035e-05
9.3010000000000002e+02 3.7012994500527926e-05
9.3039999999999998e+02 3.6845281285687217e-05
9.3069999999999993e+02 3.6677649167902303e-05
9.3100000000000000e+02 3.6510098081837100e-05
9.3129999999999995e+02 3.6342627962229720e-05
9.3160000000000002e+02 3.6175238743891327e-05
9.3189999999999998e+02 3.6007930361706846e-05
9.3219999999999993e+02 3.5840702750634278e-05
9.3250000000000000e+02 3.5673555845705152e-05
9.3279999999999995e+02 3.5506489582024066e-05
9.3310000000000002e+02 3.5339503894768489e-05
9.3339999999999998e+02 3.5172598719189191e-05
9.3369999999999993e+02 3.5005773990609134e-05
9.3400000000000000e+02 3.4839029644424356e-05
9.3429999999999995e+02 3.4672365616103998e-05
9.3460000000000002e+02 3.4505781841188717e-05
9.3489999999999998e+02 3.4339278255292279e-05
9.3519999999999993e+02 3.4172854794100612e-05
9.3550000000000000e+02 3.4006511393371442e-05
9.3579999999999995e+02 3.3840247988935337e-05
9.3610000000000002e+02 3.3674064516693958e-05
9.3639999999999998e+02 3.3507960912621848e-05
9.3669999999999993e+02 3.3341937112764407e-05
9.3700000000000000e+02 3.3175993053239026e-05
9.3729999999999995e+02 3.3010128670234871e-05
9.3760000000000002e+02 3.2844343900012396e-05
9.3789999999999998e+02 3.2678638678903615e-05
9.3819999999999993e+02 3.2513012943311426e-05
9.3850000000000000e+02 3.2347466629709821e-05
9.3879999999999995e+02 3.2181999674644756e-05
9.3910000000000002e+02 3.2016612014732214e-05
9.3939999999999998e+02 3.1851303586659037e-05
9.3969999999999993e+02 3.1686074327183624e-05
9.4000000000000000e+02 3.1520924173134128e-05
9.4029999999999995e+02 3.1355853061409611e-05
9.4060000000000002e+02 3.1190860928979784e-05
9.4089999999999998e+02 3.1025947712884557e-05
9.4119999999999993e+02 3.0861113350233654e-05
9.4150000000000000e+02 3.0696357778207870e-05
9.4179999999999995e+02 3.0531680934056905e-05
9.4210000000000002e+02 3.0367082755101578e-05
9.4239999999999998e+02 3.0202563178731362e-05
9.4269999999999993e+02 3.0038122142406625e-05
9.4300000000000000e+02 2.9873759583656624e-05
9.4329999999999995e+02 2.9709475440080178e-05
9.4360000000000002e+02 2.9545269649345888e-05
9.4389999999999998e+02 2.9381142149191688e-05
9.4419999999999993e+02 2.9217092877424422e-05
9.4450000000000000e+02 2.9053121771920043e-05
9.4479999999999995e+02 2.8889228770624281e-05
9.4510000000000002e+02 2.8725413811551106e-05
9.4539999999999998e+02 2.8561676832783392e-05
9.4569999999999993e+02 2.8398017772472917e-05
9.4600000000000000e+02 2.8234436568840331e-05
9.4629999999999995e+02 2.8070933160174557e-05
9.4660000000000002e+02 2.7907507484832727e-05
9.4689999999999998e+02 2.7744159481241117e-05
9.4719999999999993e+02 2.7580889087893331e-05
9.4750000000000000e+02 2.7417696243351901e-05
9.4779999999999995e+02 2.7254580886247141e-05
9.4810000000000002e+02 2.7091542955276942e-05
9.4839999999999998e+02 2.6928582389207881e-05
9.4869999999999993e+02 2.6765699126873888e-05
9.4900000000000000e+02 2.6602893107176031e-05
9.4929999999999995e+02 2.6440164269084061e-05
9.4960000000000002e+02 2.6277512551634198e-05
9.4989999999999998e+02 2.6114937893930903e-05
9.5019999999999993e+02 2.5952440235145344e-05
9.5050000000000000e+02 2.5790019514515809e-05
9.5079999999999995e+02 2.5627675671348614e-05
9.5110000000000002e+02 2.5465408645015898e-05
9.5139999999999998e+02 2.5303218374957590e-05
9.5169999999999993e+02 2.5141104800679872e-05
9.5200000000000000e+02 2.4979067861755853e-05
9.5229999999999995e+02 2.4817107497825552e-05
9.5260000000000002e+02 2.4655223648595032e-05
9.5289999999999998e+02 2.4493416253837264e-05
9.5319999999999993e+02 2.4331685253391267e-05
9.5350000000000000e+02 2.4170030587162310e-05
9.5379999999999995e+02 2.4008452195122141e-05
9.5410000000000002e+02 2.3846950017307882e-05
9.5439999999999998e+02 2.3685523993823796e-05
9.5469999999999993e+02 2.3524174064838644e-05
9.5500000000000000e+02 2.3362900170588095e-05
9.5529999999999995e+02 2.3201702251372769e-05
9.5560000000000002e+02 2.3040580247559314e-05
9.5589999999999998e+02 2.2879534099579965e-05
9.5619999999999993e+02 2.2718563747931910e-05
9.5650000000000000e+02 2.2557669133177934e-05
9.5679999999999995e+02 2.2396850195946187e-05
9.5710000000000002e+02 2.2236106876929753e-05
9.5739999999999998e+02 2.2075439116886673e-05
9.5769999999999993e+02 2.1914846856640349e-05
9.5800000000000000e+02 2.1754330037078672e-05
9.5829999999999995e+02 2.1593888599154485e-05
9.5860000000000002e+02 2.1433522483885119e-05
9.5889999999999998e+02 2.1273231632352846e-05
9.5919999999999993e+02 2.1113015985703991e-05
9.5950000000000000e+02 2.0952875485149815e-05
9.5979999999999995e+02 2.0792810071965196e-05
9.6010000000000002e+02 2.0632819687489940e-05
9.6039999999999998e+02 2.0472904273127925e-05
9.6069999999999993e+02 2.0313063770346412e-05
9.6100000000000000e+02 2.0153298120677164e-05
9.6129999999999995e+02 1.9993607265715991e-05
9.6160000000000002e+02 1.9833991147121897e-05
9.6189999999999998e+02 1.9674449706617917e-05
9.6219999999999993e+02 1.9514982885990723e-05
9.6250000000000000e+02 1.9355590627090591e-05
9.6279999999999995e+02 1.9196272871830753e-05
9.6310000000000002e+02 1.9037029562188286e-05
9.6339999999999998e+02 1.8877860640203207e-05
9.6369999999999993e+02 1.8718766047978722e-05
9.6400000000000000e+02 1.8559745727681205e-05
9.6429999999999995e+02 1.8400799621540206e-05
9.6460000000000002e+02 1.8241927671847353e-05
9.6489999999999998e+02 1.8083129820958328e-05
9.6519999999999993e+02 1.7924406011290445e-05
9.6550000000000000e+02 1.7765756185323980e-05
9.6579999999999995e+02 1.7607180285601934e-05
9.6610000000000002e+02 1.7448678254729615e-05
9.6639999999999998e+02 1.7290250035375053e-05
9.6669999999999993e+02 1.7131895570267704e-05
9.6700000000000000e+02 1.6973614802199969e-05
9.6729999999999995e+02 1.6815407674026113e-05
9.6760000000000002e+02 1.6657274128662254e-05
9.6789999999999998e+02 1.6499214109087016e-05
9.6819999999999993e+02 1.6341227558340228e-05
9.6850000000000000e+02 1.6183314419523350e-05
9.6879999999999995e+02 1.6025474635800572e-05
9.6910000000000002e+02 1.5867708150396404e-05
9.6939999999999998e+02 1.5710014906597648e-05
9.6969999999999993e+02 1.5552394847752306e-05
9.7000000000000000e+02 1.5394847917269565e-05
9.7029999999999995e+02 1.5237374058620250e-05
9.7060000000000002e+02 1.5079973215335725e-05
9.7089999999999998e+02 1.4922645331009200e-05
9.7119999999999993e+02 1.4765390349293985e-05
9.7150000000000000e+02 1.4608208213905244e-05
9.7179999999999995e+02 1.4451098868618009e-05
9.7210000000000002e+02 1.4294062257268957e-05
9.7239999999999998e+02 1.4137098323754844e-05
9.7269999999999993e+02 1.3980207012032975e-05
9.7300000000000000e+02 1.3823388266121402e-05
9.7329999999999995e+02 1.3666642030098486e-05
9.7360000000000002e+02 1.3509968248102691e-05
9.7389999999999998e+02 1.3353366864333226e-05
9.7419999999999993e+02 1.3196837823048964e-05
9.7450000000000000e+02 1.3040381068568858e-05
9.7479999999999995e+02 1.2883996545272191e-05
9.7510000000000002e+02 1.2727684197597884e-05
9.7539999999999998e+02 1.2571443970044739e-05
9.7569999999999993e+02 1.2415275807171432e-05
9.7600000000000000e+02 1.2259179653595630e-05
9.7629999999999995e+02 1.2103155453995538e-05
9.7660000000000002e+02 1.1947203153108127e-05
9.7689999999999998e+02 1.1791322695730244e-05
9.7719999999999993e+02 1.1635514026717951e-05
9.7750000000000000e+02 1.1479777090985864e-05
9.7779999999999995e+02 1.1324111833508688e-05
9.7810000000000002e+02 1.1168518199319904e-05
9.7839999999999998e+02 1.1012996133511986e-05
9.7869999999999993e+02 1.0857545581235960e-05
9.7900000000000000e+02 1.0702166487702285e-05
9.7929999999999995e+02 1.0546858798179533e-05
9.7960000000000002e+02 1.0391622457995489e-05
9.7989999999999998e+02 1.0236457412536272e-05
9.8019999999999993e+02 1.0081363607246770e-05
9.8050000000000000e+02 9.9263409876295469e-06
9.8079999999999995e+02 9.7713894992466021e-06
9.8110000000000002e+02 9.6165090877173782e-06
9.8139999999999998e+02 9.4616996987196620e-06
9.8169999999999993e+02 9.3069612779897817e-06
9.8200000000000000e+02 9.1522937713213050e-06
9.8229999999999995e+02 8.9976971245667917e-06
9.8260000000000002e+02 8.8431712836355919e-06
9.8289999999999998e+02 8.6887161944956096e-06
9.8319999999999993e+02 8.5343318031719774e-06
9.8350000000000000e+02 8.3800180557477261e-06
9.8379999999999995e+02 8.2257748983633342e-06
9.8410000000000002e+02 8.0716022772169544e-06
9.8439999999999998e+02 7.9175001385637482e-06
9.8469999999999993e+02 7.7634684287165548e-06
9.8500000000000000e+02 7.6095070940452225e-06
9.8529999999999995e+02 7.4556160809768299e-06
9.8560000000000002e+02 7.3017953359954702e-06
9.8589999999999998e+02 7.1480448056426860e-06
9.8619999999999993e+02 6.9943644365159350e-06
9.8650000000000000e+02 6.8407541752705645e-06
9.8679999999999995e+02 6.6872139686180528e-06
9.8710000000000002e+02 6.5337437633268923e-06
9.8739999999999998e+02 6.3803435062221469e-06
9.8769999999999993e+02 6.2270131441852284e-06
9.8800000000000000e+02 6.0737526241539062e-06
9.8829999999999995e+02 5.9205618931229547e-06
9.8860000000000002e+02 5.7674408981426251e-06
9.8889999999999998e+02 5.6143895863201777e-06
9.8919999999999993e+02 5.4614079048183446e-06
9.8950000000000000e+02 5.3084958008564292e-06
9.8979999999999995e+02 5.1556532217094266e-06
9.9010000000000002e+02 5.0028801147082420e-06
9.9039999999999998e+02 4.8501764272396924e-06
9.9069999999999993e+02 4.6975421067469479e-06
9.9100000000000000e+02 4.5449771007275471e-06
9.9129999999999995e+02 4.3924813567360416e-06
9.9160000000000002e+02 4.2400548223815732e-06
9.9189999999999998e+02 4.0876974453291941e-06
9.9219999999999993e+02 3.9354091732992091e-06
9.9250000000000000e+02 3.7831899540671725e-06
9.9279999999999995e+02 3.6310397354641104e-06
9.9310000000000002e+02 3.4789584653758595e-06
9.9339999999999998e+02 3.3269460917437266e-06
9.9369999999999993e+02 3.1750025625636109e-06
9.9400000000000000e+02 3.0231278258868811e-06
9.9429999999999995e+02 2.8713218298192768e-06
9.9460000000000002e+02 2.7195845225215687e-06
9.9489999999999998e+02 2.5679158522093378e-06
9.9519999999999993e+02 2.4163157671523153e-06
9.9550000000000000e+02 2.2647842156752635e-06
9.9579999999999995e+02 2.1133211461575350e-06
9.9610000000000002e+02 1.9619265070326331e-06
9.9639999999999998e+02 1.8106002467882111e-06
9.9669999999999993e+02 1.6593423139667329e-06
9.9700000000000000e+02 1.5081526571643726e-06
9.9729999999999995e+02 1.3570312250316746e-06
9.9760000000000002e+02 1.2059779662731138e-06
9.9789999999999998e+02 1.0549928296473151e-06
9.9819999999999993e+02 9.0407576396661358e-07
9.9850000000000000e+02 7.5322671809749453e-07
9.9879999999999995e+02 6.0244564095949289e-07
9.9910000000000002e+02 4.5173248152673436e-07
9.9939999999999998e+02 3.0108718882661429e-07
9.9969999999999993e+02 1.5050971193957773e-07
1.0000000000000000e+03 0.0000000000000000e+00
