# Parameters: ALPHA=1.5 LMIN=0.01 LMAX=1000 C_AGING=1 TAU0=1 V1=0.1 V2=1
# index = 2
# t/tau = 1.0000000000000001e-01
# t = 1.0000000000000001e-01
# theta_max = 9.9991000000000004e+03
# columns: theta  P_t(theta)
0.0000000000000000e+00 3.1622776601683794e-01
1.0000000000000000e-04 3.1622776601683794e-01
1.0080956281447744e-04 3.1622776601683794e-01
1.0162567954846073e-04 3.1622776601683794e-01
1.0244840326004509e-04 3.1622776601683794e-01
1.0327778743686431e-04 3.1622776601683794e-01
1.0411388599956833e-04 3.1622776601683794e-01
1.0495675330532827e-04 3.1622776601683794e-01
1.0580644415137103e-04 3.1622776601683794e-01
1.0666301377854138e-04 3.1622776601683794e-01
1.0752651787489341e-04 3.1622776601683794e-01
1.0839701257931099e-04 3.1622776601683794e-01
1.0927455448515753e-04 3.1622776601683794e-01
1.1015920064395527e-04 3.1622776601683794e-01
1.1105100856909432e-04 3.1622776601683794e-01
1.1195003623957187e-04 3.1622776601683794e-01
1.1285634210376158e-04 3.1622776601683794e-01
1.1376998508321310e-04 3.1622776601683794e-01
1.1469102457648332e-04 3.1622776601683794e-01
1.1561952046299772e-04 3.1622776601683794e-01
1.1655553310694329e-04 3.1622776601683794e-01
1.1749912336119305e-04 3.1622776601683794e-01
1.1845035257126226e-04 3.1622776601683794e-01
1.1940928257929663e-04 3.1622776601683794e-01
1.2037597572809290e-04 3.1622776601683794e-01
1.2135049486515207e-04 3.1622776601683794e-01
1.2233290334676469e-04 3.1622776601683794e-01
1.2332326504213074e-04 3.1622776601683794e-01
1.2432164433751129e-04 3.1622776601683794e-01
1.2532810614041470e-04 3.1622776601683794e-01
1.2634271588381630e-04 3.1622776601683794e-01
1.2736553953041256e-04 3.1622776601683794e-01
1.2839664357690937e-04 3.1622776601683794e-01
1.2943609505834517e-04 3.1622776601683794e-01
1.3048396155244935e-04 3.1622776601683794e-01
1.3154031118403501e-04 3.1622776601683794e-01
1.3260521262942887e-04 3.1622776601683794e-01
1.3367873512093548e-04 3.1622776601683794e-01
1.3476094845133837e-04 3.1622776601683794e-01
1.3585192297843753e-04 3.1622776601683794e-01
1.3695172962962349e-04 3.1622776601683794e-01
1.3806043990648864e-04 3.1622776601683794e-01
1.3917812588947555e-04 3.1622776601683794e-01
1.4030486024256333e-04 3.1622776601683794e-01
1.4144071621799182e-04 3.1622776601683794e-01
1.4258576766102327e-04 3.1622776601683794e-01
1.4374008901474412e-04 3.1622776601683794e-01
1.4490375532490426e-04 3.1622776601683794e-01
1.4607684224479607e-04 3.1622776601683794e-01
1.4725942604017282e-04 3.1622776601683794e-01
1.4845158359420697e-04 3.1622776601683794e-01
1.4965339241248857e-04 3.1622776601683794e-01
1.5086493062806410e-04 3.1622776601683794e-01
1.5208627700651626e-04 3.1622776601683794e-01
1.5331751095108416e-04 3.1622776601683794e-01
1.5455871250782654e-04 3.1622776601683794e-01
1.5580996237082498e-04 3.1622776601683794e-01
1.5707134188743048e-04 3.1622776601683794e-01
1.5834293306355186e-04 3.1622776601683794e-01
1.5962481856898728e-04 3.1622776601683794e-01
1.6091708174279889e-04 3.1622776601683794e-01
1.6221980659873088e-04 3.1622776601683794e-01
1.6353307783067143e-04 3.1622776601683794e-01
1.6485698081815918e-04 3.1622776601683794e-01
1.6619160163193321e-04 3.1622776601683794e-01
1.6753702703952984e-04 3.1622776601683794e-01
1.6889334451092289e-04 3.1622776601683794e-01
1.7026064222421059e-04 3.1622776601683794e-01
1.7163900907134829e-04 3.1622776601683794e-01
1.7302853466392751e-04 3.1622776601683794e-01
1.7442930933900188e-04 3.1622776601683794e-01
1.7584142416496028e-04 3.1622776601683794e-01
1.7726497094744753e-04 3.1622776601683794e-01
1.7870004223533232e-04 3.1622776601683794e-01
1.8014673132672504e-04 3.1622776601683794e-01
1.8160513227504280e-04 3.1622776601683794e-01
1.8307533989512414e-04 3.1622776601683794e-01
1.8455744976939324e-04 3.1622776601683794e-01
1.8605155825407414e-04 3.1622776601683794e-01
1.8755776248545496e-04 3.1622776601683794e-01
1.8907616038620314e-04 3.1622776601683794e-01
1.9060685067173177e-04 3.1622776601683794e-01
1.9214993285661668e-04 3.1622776601683794e-01
1.9370550726106721e-04 3.1622776601683794e-01
1.9527367501744771e-04 3.1622776601683794e-01
1.9685453807685252e-04 3.1622776601683794e-01
1.9844819921573405e-04 3.1622776601683794e-01
2.0005476204258476e-04 3.1622776601683794e-01
2.0167433100467286e-04 3.1622776601683794e-01
2.0330701139483287e-04 3.1622776601683794e-01
2.0495290935831085e-04 3.1622776601683794e-01
2.0661213189966559e-04 3.1622776601683794e-01
2.0828478688972440e-04 3.1622776601683794e-01
2.0997098307259720e-04 3.1622776601683794e-01
2.1167083007274568e-04 3.1622776601683794e-01
2.1338443840211035e-04 3.1622776601683794e-01
2.1511191946729539e-04 3.1622776601683794e-01
2.1685338557681126e-04 3.1622776601683794e-01
2.1860894994837654e-04 3.1622776601683794e-01
2.2037872671627819e-04 3.1622776601683794e-01
2.2216283093879228e-04 3.1622776601683794e-01
2.2396137860566316e-04 3.1622776601683794e-01
2.2577448664564564e-04 3.1622776601683794e-01
2.2760227293410612e-04 3.1622776601683794e-01
2.2944485630068613e-04 3.1622776601683794e-01
2.3130235653702767e-04 3.1622776601683794e-01
2.3317489440456151e-04 3.1622776601683794e-01
2.3506259164235787e-04 3.1622776601683794e-01
2.3696557097504137e-04 3.1622776601683794e-01
2.3888395612076948e-04 3.1622776601683794e-01
2.4081787179927608e-04 3.1622776601683794e-01
2.4276744373997899e-04 3.1622776601683794e-01
2.4473279869015530e-04 3.1622776601683794e-01
2.4671406442318075e-04 3.1622776601683794e-01
2.4871136974683676e-04 3.1622776601683794e-01
2.5072484451168467e-04 3.1622776601683794e-01
2.5275461961950767e-04 3.1622776601683794e-01
2.5480082703182108e-04 3.1622776601683794e-01
2.5686359977845170e-04 3.1622776601683794e-01
2.5894307196618651e-04 3.1622776601683794e-01
2.6103937878749033e-04 3.1622776601683794e-01
2.6315265652929675e-04 3.1622776601683794e-01
2.6528304258186750e-04 3.1622776601683794e-01
2.6743067544772469e-04 3.1622776601683794e-01
2.6959569475065530e-04 3.1622776601683794e-01
2.7177824124478877e-04 3.1622776601683794e-01
2.7397845682374737e-04 3.1622776601683794e-01
2.7619648452987156e-04 3.1622776601683794e-01
2.7843246856351964e-04 3.1622776601683794e-01
2.8068655429244147e-04 3.1622776601683794e-01
2.8295888826123115e-04 3.1622776601683794e-01
2.8524961820085287e-04 3.1622776601683794e-01
2.8755889303824582e-04 3.1622776601683794e-01
2.8988686290600646e-04 3.1622776601683794e-01
2.9223367915214872e-04 3.1622776601683794e-01
2.9459949434994384e-04 3.1622776601683794e-01
2.9698446230783955e-04 3.1622776601683794e-01
2.9938873807945962e-04 3.1622776601683794e-01
3.0181247797368449e-04 3.1622776601683794e-01
3.0425583956481239e-04 3.1622776601683794e-01
3.0671898170280524e-04 3.1622776601683794e-01
3.0920206452361503e-04 3.1622776601683794e-01
3.1170524945959481e-04 3.1622776601683794e-01
3.1422869924999385e-04 3.1622776601683794e-01
3.1677257795153797e-04 3.1622776601683794e-01
3.1933705094909520e-04 3.1622776601683794e-01
3.2192228496642794e-04 3.1622776601683794e-01
3.2452844807703260e-04 3.1622776601683794e-01
3.2715570971506502e-04 3.1622776601683794e-01
3.2980424068635794e-04 3.1622776601683794e-01
3.3247421317952441e-04 3.1622776601683794e-01
3.3516580077715228e-04 3.1622776601683794e-01
3.3787917846708965e-04 3.1622776601683794e-01
3.4061452265382109e-04 3.1622776601683794e-01
3.4337201116993633e-04 3.1622776601683794e-01
3.4615182328769144e-04 3.1622776601683794e-01
3.4895413973066427e-04 3.1622776601683794e-01
3.5177914268550375e-04 3.1622776601683794e-01
3.5462701581377313e-04 3.1622776601683794e-01
3.5749794426389252e-04 3.1622776601683794e-01
3.6039211468317427e-04 3.1622776601683794e-01
3.6330971522995819e-04 3.1622776601683794e-01
3.6625093558584381e-04 3.1622776601683794e-01
3.6921596696802257e-04 3.1622776601683794e-01
3.7220500214170897e-04 3.1622776601683794e-01
3.7521823543267327e-04 3.1622776601683794e-01
3.7825586273987501e-04 3.1622776601683794e-01
3.8131808154819789e-04 3.1622776601683794e-01
3.8440509094129089e-04 3.1622776601683794e-01
3.8751709161450974e-04 3.1622776601683794e-01
3.9065428588796531e-04 3.1622776601683794e-01
3.9381687771967674e-04 3.1622776601683794e-01
3.9700507271883131e-04 3.1622776601683794e-01
4.0021907815915211e-04 3.1622776601683794e-01
4.0345910299237304e-04 3.1622776601683794e-01
4.0672535786182398e-04 3.1622776601683794e-01
4.1001805511612364e-04 3.1622776601683794e-01
4.1333740882298740e-04 3.1622776601683794e-01
4.1668363478314293e-04 3.1622776601683794e-01
4.2005695054436027e-04 3.1622776601683794e-01
4.2345757541559529e-04 3.1622776601683794e-01
4.2688573048124776e-04 3.1622776601683794e-01
4.3034163861553436e-04 3.1622776601683794e-01
4.3382552449697861e-04 3.1622776601683794e-01
4.3733761462301789e-04 3.1622776601683794e-01
4.4087813732472897e-04 3.1622776601683794e-01
4.4444732278167080e-04 3.1622776601683794e-01
4.4804540303685172e-04 3.1622776601683794e-01
4.5167261201181370e-04 3.1622776601683794e-01
4.5532918552184033e-04 3.1622776601683794e-01
4.5901536129128818e-04 3.1622776601683794e-01
4.6273137896904172e-04 3.1622776601683794e-01
4.6647748014409378e-04 3.1622776601683794e-01
4.7025390836125179e-04 3.1622776601683794e-01
4.7406090913697181e-04 3.1622776601683794e-01
4.7789872997531846e-04 3.1622776601683794e-01
4.8176762038405860e-04 3.1622776601683794e-01
4.8566783189088079e-04 3.1622776601683794e-01
4.8959961805974820e-04 3.1622776601683794e-01
4.9356323450738349e-04 3.1622776601683794e-01
4.9755893891988742e-04 3.1622776601683794e-01
5.0158699106949139e-04 3.1622776601683794e-01
5.0564765283144626e-04 3.1622776601683794e-01
5.0974118820104825e-04 3.1622776601683794e-01
5.1386786331079936e-04 3.1622776601683794e-01
5.1802794644771339e-04 3.1622776601683794e-01
5.2222170807075525e-04 3.1622776601683794e-01
5.2644942082842507e-04 3.1622776601683794e-01
5.3071135957648383e-04 3.1622776601683794e-01
5.3500780139582275e-04 3.1622776601683794e-01
5.3933902561047664e-04 3.1622776601683794e-01
5.4370531380578411e-04 3.1622776601683794e-01
5.4810694984669362e-04 3.1622776601683794e-01
5.5254421989621959e-04 3.1622776601683794e-01
5.5701741243404388e-04 3.1622776601683794e-01
5.6152681827527427e-04 3.1622776601683794e-01
5.6607273058934926e-04 3.1622776601683794e-01
5.7065544491909776e-04 3.1622776601683794e-01
5.7527525919995358e-04 3.1622776601683794e-01
5.7993247377932514e-04 3.1622776601683794e-01
5.8462739143612169e-04 3.1622776601683794e-01
5.8936031740043811e-04 3.1622776601683794e-01
5.9413155937339886e-04 3.1622776601683794e-01
5.9894142754716084e-04 3.1622776601683794e-01
6.0379023462508302e-04 3.1622776601683794e-01
6.0867829584205385e-04 3.1622776601683794e-01
6.1360592898498619e-04 3.1622776601683794e-01
6.1857345441347752e-04 3.1622776601683794e-01
6.2358119508063763e-04 3.1622776601683794e-01
6.2862947655408451e-04 3.1622776601683794e-01
6.3371862703711051e-04 3.1622776601683794e-01
6.3884897739002007e-04 3.1622776601683794e-01
6.4402086115163972e-04 3.1622776601683794e-01
6.4923461456100077e-04 3.1622776601683794e-01
6.5449057657920265e-04 3.1622776601683794e-01
6.5978908891144693e-04 3.1622776601683794e-01
6.6513049602925348e-04 3.1622776601683794e-01
6.7051514519285568e-04 3.1622776601683794e-01
6.7594338647377651e-04 3.1622776601683794e-01
6.8141557277758783e-04 3.1622776601683794e-01
6.8693205986685368e-04 3.1622776601683794e-01
6.9249320638426035e-04 3.1622776601683794e-01
6.9809937387592988e-04 3.1622776601683794e-01
7.0375092681492922e-04 3.1622776601683794e-01
7.0944823262496335e-04 3.1622776601683794e-01
7.1519166170426246e-04 3.1622776601683794e-01
7.2098158744966355e-04 3.1622776601683794e-01
7.2681838628088516e-04 3.1622776601683794e-01
7.3270243766500028e-04 3.1622776601683794e-01
7.3863412414110587e-04 3.1622776601683794e-01
7.4461383134519416e-04 3.1622776601683794e-01
7.5064194803522066e-04 3.1622776601683794e-01
7.5671886611638301e-04 3.1622776601683794e-01
7.6284498066659658e-04 3.1622776601683794e-01
7.6902068996218096e-04 3.1622776601683794e-01
7.7524639550375274e-04 3.1622776601683794e-01
7.8152250204232784e-04 3.1622776601683794e-01
7.8784941760563624e-04 3.1622776601683794e-01
7.9422755352464864e-04 3.1622776601683794e-01
8.0065732446031807e-04 3.1622776601683794e-01
8.0713914843053968e-04 3.1622776601683794e-01
8.1367344683732322e-04 3.1622776601683794e-01
8.2026064449419516e-04 3.1622776601683794e-01
8.2690116965381314e-04 3.1622776601683794e-01
8.3359545403580951e-04 3.1622776601683794e-01
8.4034393285485783e-04 3.1622776601683794e-01
8.4714704484896810e-04 3.1622776601683794e-01
8.5400523230800987e-04 3.1622776601683794e-01
8.6091894110246724e-04 3.1622776601683794e-01
8.6788862071242670e-04 3.1622776601683794e-01
8.7491472425679578e-04 3.1622776601683794e-01
8.8199770852276664e-04 3.1622776601683794e-01
8.8913803399551011e-04 3.1622776601683794e-01
8.9633616488811354e-04 3.1622776601683794e-01
9.0359256917176098e-04 3.1622776601683794e-01
9.1090771860615697e-04 3.1622776601683794e-01
9.1828208877019722e-04 3.1622776601683794e-01
9.2571615909288756e-04 3.1622776601683794e-01
9.3321041288451246e-04 3.1622776601683794e-01
9.4076533736805784e-04 3.1622776601683794e-01
9.4838142371088299e-04 3.1622776601683794e-01
9.5605916705665799e-04 3.1622776601683794e-01
9.6379906655755156e-04 3.1622776601683794e-01
9.7160162540668217e-04 3.1622776601683794e-01
9.7946735087083318e-04 3.1622776601683794e-01
9.8739675432343074e-04 3.1622776601683794e-01
9.9539035127779035e-04 3.1622776601683794e-01
1.0034486614206319e-03 3.1622776601683794e-01
1.0115722086458661e-03 3.1622776601683794e-01
1.0197615210886511e-03 3.1622776601683794e-01
1.0280171311597345e-03 3.1622776601683794e-01
1.0363395755800615e-03 3.1622776601683794e-01
1.0447293954156710e-03 3.1622776601683794e-01
1.0531871361128713e-03 3.1622776601683794e-01
1.0617133475337012e-03 3.1622776601683794e-01
1.0703085839916776e-03 3.1622776601683794e-01
1.0789734042878343e-03 3.1622776601683794e-01
1.0877083717470513e-03 3.1622776601683794e-01
1.0965140542546735e-03 3.1622776601683794e-01
1.1053910242934382e-03 3.1622776601683794e-01
1.1143398589806893e-03 3.1622776601683794e-01
1.1233611401058974e-03 3.1622776601683794e-01
1.1324554541684846e-03 3.1622776601683794e-01
1.1416233924159544e-03 3.1622776601683794e-01
1.1508655508823298e-03 3.1622776601683794e-01
1.1601825304269043e-03 3.1622776601683794e-01
1.1695749367733039e-03 3.1622776601683794e-01
1.1790433805488698e-03 3.1622776601683794e-01
1.1885884773243512e-03 3.1622776601683794e-01
1.1982108476539328e-03 3.1622776601683794e-01
1.2079111171155741e-03 3.1622776601683794e-01
1.2176899163516810e-03 3.1622776601683794e-01
1.2275478811101057e-03 3.1622776601683794e-01
1.2374856522854789e-03 3.1622776601683794e-01
1.2475038759608757e-03 3.1622776601683794e-01
1.2576032034498199e-03 3.1622776601683794e-01
1.2677842913386280e-03 3.1622776601683794e-01
1.2780478015290921e-03 3.1622776601683794e-01
1.2883944012815180e-03 3.1622776601683794e-01
1.2988247632581026e-03 3.1622776601683794e-01
1.3093395655666648e-03 3.1622776601683794e-01
1.3199394918047330e-03 3.1622776601683794e-01
1.3306252311039869e-03 3.1622776601683794e-01
1.3413974781750593e-03 3.1622776601683794e-01
1.3522569333527027e-03 3.1622776601683794e-01
1.3632043026413191e-03 3.1622776601683794e-01
1.3742402977608614e-03 3.1622776601683794e-01
1.3853656361930975e-03 3.1622776601683794e-01
1.3965810412282656e-03 3.1622776601683794e-01
1.4078872420120916e-03 3.1622776601683794e-01
1.4192849735931935e-03 3.1622776601683794e-01
1.4307749769708702e-03 3.1622776601683794e-01
1.4423579991432744e-03 3.1622776601683794e-01
1.4540347931559794e-03 3.1622776601683794e-01
1.4658061181509342e-03 3.1622776601683794e-01
1.4776727394158211e-03 3.1622776601683794e-01
1.4896354284338017e-03 3.1622776601683794e-01
1.5016949629336836e-03 3.1622776601683794e-01
1.5138521269404755e-03 3.1622776601683794e-01
1.5261077108263616e-03 3.1622776601683794e-01
1.5384625113620846e-03 3.1622776601683794e-01
1.5509173317687481e-03 3.1622776601683794e-01
1.5634729817700335e-03 3.1622776601683794e-01
1.5761302776448455e-03 3.1622776601683794e-01
1.5888900422803799e-03 3.1622776601683794e-01
1.6017531052256169e-03 3.1622776601683794e-01
1.6147203027452612e-03 3.1622776601683794e-01
1.6277924778741045e-03 3.1622776601683794e-01
1.6409704804718343e-03 3.1622776601683794e-01
1.6542551672782861e-03 3.1622776601683794e-01
1.6676474019691428e-03 3.1622776601683794e-01
1.6811480552120842e-03 3.1622776601683794e-01
1.6947580047233920e-03 3.1622776601683794e-01
1.7084781353250125e-03 3.1622776601683794e-01
1.7223093390020831e-03 3.1622776601683794e-01
1.7362525149609163e-03 3.1622776601683794e-01
1.7503085696874694e-03 3.1622776601683794e-01
1.7644784170062712e-03 3.1622776601683794e-01
1.7787629781398342e-03 3.1622776601683794e-01
1.7931631817685459e-03 3.1622776601683794e-01
1.8076799640910446e-03 3.1622776601683794e-01
1.8223142688850850e-03 3.1622776601683794e-01
1.8370670475688952e-03 3.1622776601683794e-01
1.8519392592630335e-03 3.1622776601683794e-01
1.8669318708527361e-03 3.1622776601683794e-01
1.8820458570507879e-03 3.1622776601683794e-01
1.8972822004608844e-03 3.1622776601683794e-01
1.9126418916415150e-03 3.1622776601683794e-01
1.9281259291703628e-03 3.1622776601683794e-01
1.9437353197092238e-03 3.1622776601683794e-01
1.9594710780694541e-03 3.1622776601683794e-01
1.9753342272779448e-03 3.1622776601683794e-01
1.9913257986436321e-03 3.1622776601683794e-01
2.0074468318245493e-03 3.1622776601683794e-01
2.0236983748954064e-03 3.1622776601683794e-01
2.0400814844157441e-03 3.1622776601683794e-01
2.0565972254986131e-03 3.1622776601683794e-01
2.0732466718798247e-03 3.1622776601683794e-01
2.0900309059877550e-03 3.1622776601683794e-01
2.1069510190137183e-03 3.1622776601683794e-01
2.1240081109829066e-03 3.1622776601683794e-01
2.1412032908259093e-03 3.1622776601683794e-01
2.1585376764508054e-03 3.1622776601683794e-01
2.1760123948158364e-03 3.1622776601683794e-01
2.1936285820026856e-03 3.1622776601683794e-01
2.2113873832903283e-03 3.1622776601683794e-01
2.2292899532294925e-03 3.1622776601683794e-01
2.2473374557177204e-03 3.1622776601683794e-01
2.2655310640750342e-03 3.1622776601683794e-01
2.2838719611202210e-03 3.1622776601683794e-01
2.3023613392477273e-03 3.1622776601683794e-01
2.3210004005051839e-03 3.1622776601683794e-01
2.3397903566715465e-03 3.1622776601683794e-01
2.3587324293358886e-03 3.1622776601683794e-01
2.3778278499768124e-03 3.1622776601683794e-01
2.3970778600425134e-03 3.1622776601683794e-01
2.4164837110314894e-03 3.1622776601683794e-01
2.4360466645739049e-03 3.1622776601683794e-01
2.4557679925136132e-03 3.1622776601683794e-01
2.4756489769908428e-03 3.1622776601683794e-01
2.4956909105255517e-03 3.1622776601683794e-01
2.5158950961014629e-03 3.1622776601683794e-01
2.5362628472507618e-03 3.1622776601683794e-01
2.5567954881395107e-03 3.1622776601683794e-01
2.5774943536537257e-03 3.1622776601683794e-01
2.5983607894861619e-03 3.1622776601683794e-01
2.6193961522238043e-03 3.1622776601683794e-01
2.6406018094360614e-03 3.1622776601683794e-01
2.6619791397636742e-03 3.1622776601683794e-01
2.6835295330083476e-03 3.1622776601683794e-01
2.7052543902231063e-03 3.1622776601683794e-01
2.7271551238033710e-03 3.1622776601683794e-01
2.7492331575787996e-03 3.1622776601683794e-01
2.7714899269058414e-03 3.1622776601683794e-01
2.7939268787610595e-03 3.1622776601683794e-01
2.8165454718351991e-03 3.1622776601683794e-01
2.8393471766280255e-03 3.1622776601683794e-01
2.8623334755439210e-03 3.1622776601683794e-01
2.8855058629882646e-03 3.1622776601683794e-01
2.9088658454645838e-03 3.1622776601683794e-01
2.9324149416725034e-03 3.1622776601683794e-01
2.9561546826064643e-03 3.1622776601683794e-01
2.9800866116552801e-03 3.1622776601683794e-01
3.0042122847024622e-03 3.1622776601683794e-01
3.0285332702273764e-03 3.1622776601683794e-01
3.0530511494072151e-03 3.1622776601683794e-01
3.0777675162197921e-03 3.1622776601683794e-01
3.1026839775471736e-03 3.1622776601683794e-01
3.1278021532801454e-03 3.1622776601683794e-01
3.1531236764235295e-03 3.1622776601683794e-01
3.1786501932023386e-03 3.1622776601683794e-01
3.2043833631688200e-03 3.1622776601683794e-01
3.2303248593103366e-03 3.1622776601683794e-01
3.2564763681581341e-03 3.1622776601683794e-01
3.2828395898969877e-03 3.1622776601683794e-01
3.3094162384757378e-03 3.1622776601683794e-01
3.3362080417187155e-03 3.1622776601683794e-01
3.3632167414380763e-03 3.1622776601683794e-01
3.3904440935470428e-03 3.1622776601683794e-01
3.4178918681740463e-03 3.1622776601683794e-01
3.4455618497778321e-03 3.1622776601683794e-01
3.4734558372634546e-03 3.1622776601683794e-01
3.5015756440992356e-03 3.1622776601683794e-01
3.5299230984346622e-03 3.1622776601683794e-01
3.5585000432192394e-03 3.1622776601683794e-01
3.5873083363223059e-03 3.1622776601683794e-01
3.6163498506538209e-03 3.1622776601683794e-01
3.6456264742861250e-03 3.1622776601683794e-01
3.6751401105766944e-03 3.1622776601683794e-01
3.7048926782918684e-03 3.1622776601683794e-01
3.7348861117316168e-03 3.1622776601683794e-01
3.7651223608552785e-03 3.1622776601683794e-01
3.7956033914083383e-03 3.1622776601683794e-01
3.8263311850502248e-03 3.1622776601683794e-01
3.8573077394831456e-03 3.1622776601683794e-01
3.8885350685819620e-03 3.1622776601683794e-01
3.9200152025251163e-03 3.1622776601683794e-01
3.9517501879266269e-03 3.1622776601683794e-01
3.9837420879691235e-03 3.1622776601683794e-01
4.0159929825380088e-03 3.1622776601683794e-01
4.0485049683566601e-03 3.1622776601683794e-01
4.0812801591227476e-03 3.1622776601683794e-01
4.1143206856456508e-03 3.1622776601683794e-01
4.1476286959849914e-03 3.1622776601683794e-01
4.1812063555902819e-03 3.1622776601683794e-01
4.2150558474417085e-03 3.1622776601683794e-01
4.2491793721920537e-03 3.1622776601683794e-01
4.2835791483097707e-03 3.1622776601683794e-01
4.3182574122231964e-03 3.1622776601683794e-01
4.3532164184659720e-03 3.1622776601683794e-01
4.3884584398235990e-03 3.1622776601683794e-01
4.4239857674812080e-03 3.1622776601683794e-01
4.4598007111725105e-03 3.1622776601683794e-01
4.4959055993299638e-03 3.1622776601683794e-01
4.5323027792361489e-03 3.1622776601683794e-01
4.5689946171763723e-03 3.1622776601683794e-01
4.6059834985925129e-03 3.1622776601683794e-01
4.6432718282380849e-03 3.1622776601683794e-01
4.6808620303346081e-03 3.1622776601683794e-01
4.7187565487291907e-03 3.1622776601683794e-01
4.7569578470534214e-03 3.1622776601683794e-01
4.7954684088835327e-03 3.1622776601683794e-01
4.8342907379018670e-03 3.1622776601683794e-01
4.8734273580596484e-03 3.1622776601683794e-01
4.9128808137410699e-03 3.1622776601683794e-01
4.9526536699287197e-03 3.1622776601683794e-01
4.9927485123703146e-03 3.1622776601683794e-01
5.0331679477468409e-03 3.1622776601683794e-01
5.0739146038419969e-03 3.1622776601683794e-01
5.1149911297130425e-03 3.1622776601683794e-01
5.1564001958630187e-03 3.1622776601683794e-01
5.1981444944143680e-03 3.1622776601683794e-01
5.2402267392839532e-03 3.1622776601683794e-01
5.2826496663595001e-03 3.1622776601683794e-01
5.3254160336774631e-03 3.1622776601683794e-01
5.3685286216023417e-03 3.1622776601683794e-01
5.4119902330074122e-03 3.1622776601683794e-01
5.4558036934569919e-03 3.1622776601683794e-01
5.4999718513901071e-03 3.1622776601683794e-01
5.5444975783056879e-03 3.1622776601683794e-01
5.5893837689492531e-03 3.1622776601683794e-01
5.6346333415011043e-03 3.1622776601683794e-01
5.6802492377660448e-03 3.1622776601683794e-01
5.7262344233646378e-03 3.1622776601683794e-01
5.7725918879260102e-03 3.1622776601683794e-01
5.8193246452822008e-03 3.1622776601683794e-01
5.8664357336641274e-03 3.1622776601683794e-01
5.9139282158990891e-03 3.1622776601683794e-01
5.9618051796098978e-03 3.1622776601683794e-01
6.0100697374156093e-03 3.1622776601683794e-01
6.0587250271338889e-03 3.1622776601683794e-01
6.1077742119850032e-03 3.1622776601683794e-01
6.1572204807974762e-03 3.1622776601683794e-01
6.2070670482154023e-03 3.1622776601683794e-01
6.2573171549074437e-03 3.1622776601683794e-01
6.3079740677774920e-03 3.1622776601683794e-01
6.3590410801770986e-03 3.1622776601683794e-01
6.4105215121195575e-03 3.1622776601683794e-01
6.4624187104957544e-03 3.1622776601683794e-01
6.5147360492917609e-03 3.1622776601683794e-01
6.5674769298081845e-03 3.1622776601683794e-01
6.6206447808812964e-03 3.1622776601683794e-01
6.6742430591059535e-03 3.1622776601683794e-01
6.7282752490603242e-03 3.1622776601683794e-01
6.7827448635324056e-03 3.1622776601683794e-01
6.8376554437484431e-03 3.1622776601683794e-01
6.8930105596031232e-03 3.1622776601683794e-01
6.9488138098916744e-03 3.1622776601683794e-01
7.0050688225438305e-03 3.1622776601683794e-01
7.0617792548596982e-03 3.1622776601683794e-01
7.1189487937475251e-03 3.1622776601683794e-01
7.1765811559633954e-03 3.1622776601683794e-01
7.2346800883528782e-03 3.1622776601683794e-01
7.2932493680945868e-03 3.1622776601683794e-01
7.3522928029457922e-03 3.1622776601683794e-01
7.4118142314899427e-03 3.1622776601683794e-01
7.4718175233862323e-03 3.1622776601683794e-01
7.5323065796211773e-03 3.1622776601683794e-01
7.5932853327622283e-03 3.1622776601683794e-01
7.6547577472134412e-03 3.1622776601683794e-01
7.7167278194732129e-03 3.1622776601683794e-01
7.7791995783941040e-03 3.1622776601683794e-01
7.8421770854447768e-03 3.1622776601683794e-01
7.9056644349740097e-03 3.1622776601683794e-01
7.9696657544769262e-03 3.1622776601683794e-01
8.0341852048633148e-03 3.1622776601683794e-01
8.0992269807281369e-03 3.1622776601683794e-01
8.1647953106242371e-03 3.1622776601683794e-01
8.2308944573372487e-03 3.1622776601683794e-01
8.2975287181627361e-03 3.1622776601683794e-01
8.3647024251855689e-03 3.1622776601683794e-01
8.4324199455615735e-03 3.1622776601683794e-01
8.5006856818014183e-03 3.1622776601683794e-01
8.5695040720568921e-03 3.1622776601683794e-01
8.6388795904093953e-03 3.1622776601683794e-01
8.7088167471608309e-03 3.1622776601683794e-01
8.7793200891268294e-03 3.1622776601683794e-01
8.8503941999323477e-03 3.1622776601683794e-01
8.9220437003096689e-03 3.1622776601683794e-01
8.9942732483988038e-03 3.1622776601683794e-01
9.0670875400503427e-03 3.1622776601683794e-01
9.1404913091307077e-03 3.1622776601683794e-01
9.2144893278299726e-03 3.1622776601683794e-01
9.2890864069720760e-03 3.1622776601683794e-01
9.3642873963276016e-03 3.1622776601683794e-01
9.4400971849290683e-03 3.1622776601683794e-01
9.5165207013887861e-03 3.1622776601683794e-01
9.5935629142192783e-03 3.1622776601683794e-01
9.6712288321562957e-03 3.1622776601683794e-01
9.7495235044844537e-03 3.1622776601683794e-01
9.8284520213655080e-03 3.1622776601683794e-01
9.9080195141692407e-03 3.1622776601683794e-01
9.9882311558071243e-03 3.1622776601683794e-01
1.0069092161068589e-02 3.1513750386342815e-01
1.0150607786960064e-02 3.1386554298803632e-01
1.0232783333046745e-02 3.1259869972195725e-01
1.0315624141797137e-02 3.1133695347499390e-01
1.0399135598930390e-02 3.1008028373979180e-01
1.0483323133766417e-02 3.0882867009150589e-01
1.0568192219578901e-02 3.0758209218746840e-01
1.0653748373951111e-02 3.0634052976685827e-01
1.0739997159134615e-02 3.0510396265037193e-01
1.0826944182410907e-02 3.0387237073989509e-01
1.0914595096455936e-02 3.0264573401817646e-01
1.1002955599707622e-02 3.0142403254850214e-01
1.1092031436736318e-02 3.0020724647437141e-01
1.1181828398618289e-02 2.9899535601917449e-01
1.1272352323312182e-02 2.9778834148587069e-01
1.1363609096038603e-02 2.9658618325666863e-01
1.1455604649662707e-02 2.9538886179270690e-01
1.1548344965079926e-02 2.9419635763373692e-01
1.1641836071604798e-02 2.9300865139780641e-01
1.1736084047362930e-02 2.9182572378094473e-01
1.1831095019686200e-02 2.9064755555684862e-01
1.1926875165511074e-02 2.8947412757656993e-01
1.2023430711780197e-02 2.8830542076820459e-01
1.2120767935847236e-02 2.8714141613658228e-01
1.2218893165884960e-02 2.8598209476295805e-01
1.2317812781296691e-02 2.8482743780470460e-01
1.2417533213131019e-02 2.8367742649500599e-01
1.2518060944499920e-02 2.8253204214255279e-01
1.2619402511000216e-02 2.8139126613123822e-01
1.2721564501138507e-02 2.8025507991985565e-01
1.2824553556759488e-02 2.7912346504179697e-01
1.2928376373477758e-02 2.7799640310475282e-01
1.3033039701113127e-02 2.7687387579041334e-01
1.3138550344129422e-02 2.7575586485417086e-01
1.3244915162076891e-02 2.7464235212482274e-01
1.3352141070038152e-02 2.7353331950427651e-01
1.3460235039077751e-02 2.7242874896725577e-01
1.3569204096695394e-02 2.7132862256100682e-01
1.3679055327282792e-02 2.7023292240500718e-01
1.3789795872584269e-02 2.6914163069067498e-01
1.3901432932161057e-02 2.6805472968107924e-01
1.4013973763859362e-02 2.6697220171065184e-01
1.4127425684282192e-02 2.6589402918490046e-01
1.4241796069265077e-02 2.6482019458012240e-01
1.4357092354355557e-02 2.6375068044311989e-01
1.4473322035296604e-02 2.6268546939091614e-01
1.4590492668513944e-02 2.6162454411047337e-01
1.4708611871607290e-02 2.6056788735841097e-01
1.4827687323845637e-02 2.5951548196072555e-01
1.4947726766666478e-02 2.5846731081251118e-01
1.5068738004179101e-02 2.5742335687768225e-01
1.5190728903671975e-02 2.5638360318869613e-01
1.5313707396124180e-02 2.5534803284627722e-01
1.5437681476721083e-02 2.5431662901914270e-01
1.5562659205374091e-02 2.5328937494372850e-01
1.5688648707244651e-02 2.5226625392391749e-01
1.5815658173272507e-02 2.5124724933076720e-01
1.5943695860708183e-02 2.5023234460224070e-01
1.6072770093649855e-02 2.4922152324293625e-01
1.6202889263584500e-02 2.4821476882381999e-01
1.6334061829933445e-02 2.4721206498195852e-01
1.6466296320602342e-02 2.4621339542025333e-01
1.6599601332535605e-02 2.4521874390717546e-01
1.6733985532275314e-02 2.4422809427650197e-01
1.6869457656524652e-02 2.4324143042705312e-01
1.7006026512715901e-02 2.4225873632243064e-01
1.7143700979583027e-02 2.4127999599075731e-01
1.7282490007738936e-02 2.4030519352441701e-01
1.7422402620257370e-02 2.3933431307979636e-01
1.7563447913259519e-02 2.3836733887702721e-01
1.7705635056505391e-02 2.3740425519973024e-01
1.7848973293989941e-02 2.3644504639475933e-01
1.7993471944544093e-02 2.3548969687194737e-01
1.8139140402440555e-02 2.3453819110385263e-01
1.8285988138004576e-02 2.3359051362550645e-01
1.8434024698229620e-02 2.3264664903416218e-01
1.8583259707398075e-02 2.3170658198904456e-01
1.8733702867706939e-02 2.3077029721110018e-01
1.8885363959898590e-02 2.2983777948274964e-01
1.9038252843896663e-02 2.2890901364763983e-01
1.9192379459447045e-02 2.2798398461039793e-01
1.9347753826764135e-02 2.2706267733638563e-01
1.9504386047182257e-02 2.2614507685145516e-01
1.9662286303812372e-02 2.2523116824170578e-01
1.9821464862204138e-02 2.2432093665324107e-01
1.9981932071013255e-02 2.2341436729192829e-01
2.0143698362674323e-02 2.2251144542315701e-01
2.0306774254079035e-02 2.2161215637160028e-01
2.0471170347259950e-02 2.2071648552097572e-01
2.0636897330079697e-02 2.1982441831380839e-01
2.0803965976925912e-02 2.1893594025119364e-01
2.0972387149411645e-02 2.1805103689256181e-01
2.1142171797081527e-02 2.1716969385544357e-01
2.1313330958123648e-02 2.1629189681523581e-01
2.1485875760087127e-02 2.1541763150496931e-01
2.1659817420605614e-02 2.1454688371507646e-01
2.1835167248126546e-02 2.1367963929316044e-01
2.2011936642646338e-02 2.1281588414376520e-01
2.2190137096451547e-02 2.1195560422814644e-01
2.2369780194865987e-02 2.1109878556404327e-01
2.2550877617003959e-02 2.1024541422545120e-01
2.2733441136529541e-02 2.0939547634239544e-01
2.2917482622422002e-02 2.0854895810070584e-01
2.3103014039747474e-02 2.0770584574179204e-01
2.3290047450436772e-02 2.0686612556242029e-01
2.3478595014069664e-02 2.0602978391449023e-01
2.3668668988665327e-02 2.0519680720481326e-01
2.3860281731479329e-02 2.0436718189489173e-01
2.4053445699806938e-02 2.0354089450069887e-01
2.4248173451793101e-02 2.0271793159245943e-01
2.4444477647248809e-02 2.0189827979443165e-01
2.4642371048474186e-02 2.0108192578468959e-01
2.4841866521088204e-02 2.0026885629490684e-01
2.5042977034865056e-02 1.9945905811014092e-01
2.5245715664577447e-02 1.9865251806861831e-01
2.5450095590846575e-02 1.9784922306152045e-01
2.5656130100999035e-02 1.9704916003277093e-01
2.5863832589930687e-02 1.9625231597882317e-01
2.6073216560977466e-02 1.9545867794844912e-01
2.6284295626793314e-02 1.9466823304252867e-01
2.6497083510235154e-02 1.9388096841384000e-01
2.6711594045255069e-02 1.9309687126685091e-01
2.6927841177799623e-02 1.9231592885751075e-01
2.7145838966716636e-02 1.9153812849304327e-01
2.7365601584669101e-02 1.9076345753174043e-01
2.7587143319056633e-02 1.8999190338275668e-01
2.7810478572944330e-02 1.8922345350590461e-01
2.8035621865999106e-02 1.8845809541145120e-01
2.8262587835433742e-02 1.8769581665991431e-01
2.8491391236958440e-02 1.8693660486186101e-01
2.8722046945740140e-02 1.8618044767770606e-01
2.8954569957369621e-02 1.8542733281751114e-01
2.9188975388836344e-02 1.8467724804078564e-01
2.9425278479511336e-02 1.8393018115628698e-01
2.9663494592137896e-02 1.8318612002182300e-01
2.9903639213830387e-02 1.8244505254405449e-01
3.0145727957081054e-02 1.8170696667829864e-01
3.0389776560775111e-02 1.8097185042833308e-01
3.0635800891213930e-02 1.8023969184620114e-01
3.0883816943146548e-02 1.7951047903201761e-01
3.1133840840809564e-02 1.7878420013377525e-01
3.1385888838975348e-02 1.7806084334715222e-01
3.1639977324008924e-02 1.7734039691532019e-01
3.1896122814933196e-02 1.7662284912875331e-01
3.2154341964502953e-02 1.7590818832503782e-01
3.2414651560287500e-02 1.7519640288868249e-01
3.2677068525762021e-02 1.7448748125093005e-01
3.2941609921407905e-02 1.7378141188956878e-01
3.3208292945821831e-02 1.7307818332874556e-01
3.3477134936833942e-02 1.7237778413877911e-01
3.3748153372635002e-02 1.7168020293597452e-01
3.4021365872912677e-02 1.7098542838243794e-01
3.4296790199997096e-02 1.7029344918589259e-01
3.4574444260015616e-02 1.6960425409949476e-01
3.4854346104056952e-02 1.6891783192165144e-01
3.5136513929344665e-02 1.6823417149583828e-01
3.5420966080420328e-02 1.6755326171041790e-01
3.5707721050336080e-02 1.6687509149845964e-01
3.5996797481856933e-02 1.6619964983755942e-01
3.6288214168672825e-02 1.6552692574966074e-01
3.6581990056620335e-02 1.6485690830087640e-01
3.6878144244914569e-02 1.6418958660131036e-01
3.7176695987390748e-02 1.6352494980488125e-01
3.7477664693755998e-02 1.6286298710914565e-01
3.7781069930851202e-02 1.6220368775512276e-01
3.8086931423923095e-02 1.6154704102711953e-01
3.8395269057906703e-02 1.6089303625255641e-01
3.8706102878718077e-02 1.6024166280179394e-01
3.9019453094557587e-02 1.5959291008795995e-01
3.9335340077223592e-02 1.5894676756677750e-01
3.9653784363437042e-02 1.5830322473639352e-01
3.9974806656176497e-02 1.5766227113720815e-01
4.0298427826024157e-02 1.5702389635170461e-01
4.0624668912522699e-02 1.5638809000428003e-01
4.0953551125543067e-02 1.5575484176107682e-01
4.1285095846663469e-02 1.5512414132981453e-01
4.1619324630559430e-02 1.5449597845962273e-01
4.1956259206405090e-02 1.5387034294087437e-01
4.2295921479285938e-02 1.5324722460501977e-01
4.2638333531622816e-02 1.5262661332442165e-01
4.2983517624607705e-02 1.5200849901218991e-01
4.3331496199650883e-02 1.5139287162201831e-01
4.3682291879839991e-02 1.5077972114802077e-01
4.4035927471410670e-02 1.5016903762456918e-01
4.4392425965229472e-02 1.4956081112613087e-01
4.4751810538288403e-02 1.4895503176710773e-01
4.5114104555211781e-02 1.4835168970167528e-01
4.5479331569775273e-02 1.4775077512362275e-01
4.5847515326437077e-02 1.4715227826619384e-01
4.6218679761881758e-02 1.4655618940192769e-01
4.6592849006576370e-02 1.4596249884250095e-01
4.6970047386339232e-02 1.4537119693857034e-01
4.7350299423921494e-02 1.4478227407961564e-01
4.7733629840601290e-02 1.4419572069378378e-01
4.8120063557791110e-02 1.4361152724773296e-01
4.8509625698657896e-02 1.4302968424647788e-01
4.8902341589756454e-02 1.4245018223323538e-01
4.9298236762675862e-02 1.4187301178927084e-01
4.9697336955699535e-02 1.4129816353374475e-01
5.0099668115478432e-02 1.4072562812356076e-01
5.0505256398717960e-02 1.4015539625321333e-01
5.0914128173878498e-02 1.3958745865463679e-01
5.1326310022889600e-02 1.3902180609705470e-01
5.1741828742878325e-02 1.3845842938682962e-01
5.2160711347911275e-02 1.3789731936731384e-01
5.2582985070750883e-02 1.3733846691870050e-01
5.3008677364625931e-02 1.3678186295787545e-01
5.3437815905016270e-02 1.3622749843826948e-01
5.3870428591452191e-02 1.3567536434971147e-01
5.4306543549328214e-02 1.3512545171828169e-01
5.4746189131731578e-02 1.3457775160616622e-01
5.5189393921285600e-02 1.3403225511151143e-01
5.5636186732007799e-02 1.3348895336827957e-01
5.6086596611183370e-02 1.3294783754610437e-01
5.6540652841253480e-02 1.3240889885014781e-01
5.6998384941719084e-02 1.3187212852095687e-01
5.7459822671059951e-02 1.3133751783432152e-01
5.7924996028669531e-02 1.3080505810113260e-01
5.8393935256805175e-02 1.3027474066724071e-01
5.8866670842554307e-02 1.2974655691331569e-01
5.9343233519816498e-02 1.2922049825470622e-01
5.9823654271301444e-02 1.2869655614130068e-01
6.0307964330543445e-02 1.2817472205738786e-01
6.0796195183931853e-02 1.2765498752151871e-01
6.1288378572758088e-02 1.2713734408636848e-01
6.1784546495279334e-02 1.2662178333859928e-01
6.2284731208798641e-02 1.2610829689872366e-01
6.2788965231762306e-02 1.2559687642096803e-01
6.3297281345873826e-02 1.2508751359313733e-01
6.3809712598225224e-02 1.2458020013647959e-01
6.4326292303445387e-02 1.2407492780555188e-01
6.4847054045866145e-02 1.2357168838808580e-01
6.5372031681705564e-02 1.2307047370485424e-01
6.5901259341269072e-02 1.2257127560953841e-01
6.6434771431168368e-02 1.2207408598859541e-01
6.6972602636558187e-02 1.2157889676112649e-01
6.7514787923391509e-02 1.2108569987874543e-01
6.8061362540692588e-02 1.2059448732544804e-01
6.8612362022848719e-02 1.2010525111748166e-01
6.9167822191920386e-02 1.1961798330321542e-01
6.9727779159970055e-02 1.1913267596301126e-01
7.0292269331410126e-02 1.1864932120909479e-01
7.0861329405369544e-02 1.1816791118542741e-01
7.1434996378079832e-02 1.1768843806757842e-01
7.2013307545280070e-02 1.1721089406259813e-01
7.2596300504641942e-02 1.1673527140889084e-01
7.3184013158213823e-02 1.1626156237608892e-01
7.3776483714885002e-02 1.1578975926492713e-01
7.4373750692869764e-02 1.1531985440711742e-01
7.4975852922211400e-02 1.1485184016522446e-01
7.5582829547306926e-02 1.1438570893254127e-01
7.6194720029451796e-02 1.1392145313296573e-01
7.6811564149405431e-02 1.1345906522087743e-01
7.7433402009977545e-02 1.1299853768101502e-01
7.8060274038635150e-02 1.1253986302835409e-01
7.8692220990131137e-02 1.1208303380798547e-01
7.9329283949153659e-02 1.1162804259499408e-01
7.9971504332997226e-02 1.1117488199433823e-01
8.0618923894255429e-02 1.1072354464072946e-01
8.1271584723535198e-02 1.1027402319851290e-01
8.1929529252193475e-02 1.0982631036154787e-01
8.2592800255095647e-02 1.0938039885308927e-01
8.3261440853396582e-02 1.0893628142566923e-01
8.3935494517343806e-02 1.0849395086097943e-01
8.4615005069103980e-02 1.0805339996975361e-01
8.5300016685611657e-02 1.0761462159165090e-01
8.5990573901441422e-02 1.0717760859513928e-01
8.6686721611703280e-02 1.0674235387737978e-01
8.7388505074961209e-02 1.0630885036411106e-01
8.8095969916175840e-02 1.0587709100953424e-01
8.8809162129670438e-02 1.0544706879619867e-01
8.9528128082121225e-02 1.0501877673488762e-01
9.0252914515571867e-02 1.0459220786450477e-01
9.0983568550472058e-02 1.0416735525196118e-01
9.1720137688741279e-02 1.0374421199206245e-01
9.2462669816856830e-02 1.0332277120739659e-01
9.3211213208967220e-02 1.0290302604822209e-01
9.3965816530030305e-02 1.0248496969235686e-01
9.4726528838977531e-02 1.0206859534506707e-01
9.5493399591903144e-02 1.0165389623895688e-01
9.6266478645279555e-02 1.0124086563385837e-01
9.7045816259198656e-02 1.0082949681672204e-01
9.7831463100639240e-02 1.0041978310150773e-01
9.8623470246761227e-02 1.0001171782907584e-01
9.9421889188226240e-02 9.9605294367079170e-02
1.0022677183254512e-01 9.9302686002002150e-03
1.0103817050745256e-01 9.9262025944263990e-03
1.0185613796430923e-01 9.9221086725042890e-03
1.0268072738153113e-01 9.9179866793639784e-03
1.0351199236804699e-01 9.9138364596098490e-03
1.0434998696678344e-01 9.9096578575284689e-03
1.0519476565817858e-01 9.9054507170966283e-03
1.0604638336372391e-01 9.9012148819895181e-03
1.0690489544953481e-01 9.8969501955890552e-03
1.0777035772995026e-01 9.8926565009923913e-03
1.0864282647116126e-01 9.8883336410205257e-03
1.0952235839486907e-01 9.8839814582271021e-03
1.1040901068197265e-01 9.8795997949073459e-03
1.1130284097628632e-01 9.8751884931071732e-03
1.1220390738828732e-01 9.8707473946324179e-03
1.1311226849889361e-01 9.8662763410582617e-03
1.1402798336327258e-01 9.8617751737387887e-03
1.1495111151468015e-01 9.8572437338167070e-03
1.1588171296833154e-01 9.8526818622332313e-03
1.1681984822530264e-01 9.8480893997381306e-03
1.1776557827646368e-01 9.8434661868999247e-03
1.1871896460644428e-01 9.8388120641162390e-03
1.1968006919763070e-01 9.8341268716243494e-03
1.2064895453419562e-01 9.8294104495118620e-03
1.2162568360616027e-01 9.8246626377275596e-03
1.2261031991348977e-01 9.8198832760924264e-03
1.2360292747022121e-01 9.8150722043108332e-03
1.2460357080862565e-01 9.8102292619818773e-03
1.2561231498340339e-01 9.8053542886108996e-03
1.2662922557591330e-01 9.8004471236211744e-03
1.2765436869843669e-01 9.7955076063657460e-03
1.2868781099847518e-01 9.7905355761394551e-03
1.2972961966308388e-01 9.7855308721911307e-03
1.3077986242323922e-01 9.7804933337359255e-03
1.3183860755824253e-01 9.7754227999678686e-03
1.3290592390015896e-01 9.7703191100725374e-03
1.3398188083829232e-01 9.7651821032399399e-03
1.3506654832369666e-01 9.7600116186775457e-03
1.3615999687372352e-01 9.7548074956234944e-03
1.3726229757660688e-01 9.7495695733599754e-03
1.3837352209608444e-01 9.7442976912267814e-03
1.3949374267605710e-01 9.7389916886350385e-03
1.4062303214528535e-01 9.7336514050810844e-03
1.4176146392212424e-01 9.7282766801605556e-03
1.4290911201929665e-01 9.7228673535826177e-03
1.4406605104870479e-01 9.7174232651843894e-03
1.4523235622628120e-01 9.7119442549455180e-03
1.4640810337687862e-01 9.7064301630029378e-03
1.4759336893919953e-01 9.7008808296658051e-03
1.4878822997076585e-01 9.6952960954306121e-03
1.4999276415292834e-01 9.6896758009964411e-03
1.5120704979591734e-01 9.6840197872804304e-03
1.5243116584393349e-01 9.6783278954333859e-03
1.5366519188028041e-01 9.6725999668555718e-03
1.5490920813253861e-01 9.6668358432126754e-03
1.5616329547778113e-01 9.6610353664519383e-03
1.5742753544783183e-01 9.6551983788184699e-03
1.5870201023456576e-01 9.6493247228716973e-03
1.5998680269525303e-01 9.6434142415020348e-03
1.6128199635794521e-01 9.6374667779476793e-03
1.6258767542690600e-01 9.6314821758115964e-03
1.6390392478808555e-01 9.6254602790786601e-03
1.6523083001463898e-01 9.6194009321329804e-03
1.6656847737248998e-01 9.6133039797753651e-03
1.6791695382593894e-01 9.6071692672409833e-03
1.6927634704331704e-01 9.6009966402171663e-03
1.7064674540268554e-01 9.5947859448613729e-03
1.7202823799758168e-01 9.5885370278193348e-03
1.7342091464281090e-01 9.5822497362433468e-03
1.7482486588028576e-01 9.5759239178107251e-03
1.7624018298491267e-01 9.5695594207424253e-03
1.7766695797052554e-01 9.5631560938217973e-03
1.7910528359586822e-01 9.5567137864135381e-03
1.8055525337062475e-01 9.5502323484827571e-03
1.8201696156149885e-01 9.5437116306142187e-03
1.8349050319834251e-01 9.5371514840317320e-03
1.8497597408033384e-01 9.5305517606176816e-03
1.8647347078220569e-01 9.5239123129327325e-03
1.8798309066052390e-01 9.5172329942356387e-03
1.8950493186001699e-01 9.5105136585032449e-03
1.9103909331995650e-01 9.5037541604506056e-03
1.9258567478058972e-01 9.4969543555512292e-03
1.9414477678962391e-01 9.4901141000575135e-03
1.9571650070876292e-01 9.4832332510212600e-03
1.9730094872029763e-01 9.4763116663143729e-03
1.9889822383374836e-01 9.4693492046496464e-03
2.0050842989256257e-01 9.4623457256017302e-03
2.0213167158086531e-01 9.4553010896281722e-03
2.0376805443026569e-01 9.4482151580906389e-03
2.0541768482671732e-01 9.4410877932762181e-03
2.0708067001743491e-01 9.4339188584188719e-03
2.0875711811786685e-01 9.4267082177209843e-03
2.1044713811872387e-01 9.4194557363750514e-03
2.1215083989306505e-01 9.4121612805854564e-03
2.1386833420344092e-01 9.4048247175903821e-03
2.1559973270909435e-01 9.3974459156838004e-03
2.1734514797321999e-01 9.3900247442376093e-03
2.1910469347028216e-01 9.3825610737238267e-03
2.2087848359339241e-01 9.3750547757369060e-03
2.2266663366174619e-01 9.3675057230161486e-03
2.2446925992812039e-01 9.3599137894682036e-03
2.2628647958643125e-01 9.3522788501896499e-03
2.2811841077935308e-01 9.3446007814896783e-03
2.2996517260599969e-01 9.3368794609128402e-03
2.3182688512966673e-01 9.3291147672618837e-03
2.3370366938563791e-01 9.3213065806206710e-03
2.3559564738905336e-01 9.3134547823771428e-03
2.3750294214284254e-01 9.3055592552463828e-03
2.3942567764572092e-01 9.2976198832937090e-03
2.4136397890025132e-01 9.2896365519578705e-03
2.4331797192097102e-01 9.2816091480742470e-03
2.4528778374258386e-01 9.2735375598981470e-03
2.4727354242821975e-01 9.2654216771281203e-03
2.4927537707775974e-01 9.2572613909293333e-03
2.5129341783622972e-01 9.2490565939569707e-03
2.5332779590226129e-01 9.2408071803796905e-03
2.5537864353662132e-01 9.2325130459030829e-03
2.5744609407081082e-01 9.2241740877931667e-03
2.5953028191573269e-01 9.2157902048999301e-03
2.6163134257043102e-01 9.2073612976808373e-03
2.6374941263089935e-01 9.1988872682244004e-03
2.6588462979896177e-01 9.1903680202737280e-03
2.6803713289122527e-01 9.1818034592500708e-03
2.7020706184810411e-01 9.1731934922763964e-03
2.7239455774291849e-01 9.1645380282009189e-03
2.7459976279106546e-01 9.1558369776206447e-03
2.7682282035926525e-01 9.1470902529048916e-03
2.7906387497488161e-01 9.1382977682187734e-03
2.8132307233531806e-01 9.1294594395466729e-03
2.8360055931749034e-01 9.1205751847156756e-03
2.8589648398737483e-01 9.1116449234189684e-03
2.8821099560963515e-01 9.1026685772391813e-03
2.9054424465732598e-01 9.0936460696716959e-03
2.9289638282167613e-01 9.0845773261478881e-03
2.9526756302194990e-01 9.0754622740583275e-03
2.9765793941538937e-01 9.0663008427758780e-03
3.0006766740723623e-01 9.0570929636787593e-03
3.0249690366083509e-01 9.0478385701735203e-03
3.0494580610781896e-01 9.0385375977179230e-03
3.0741453395837637e-01 9.0291899838437391e-03
3.0990324771160260e-01 9.0197956681794603e-03
3.1241210916593365e-01 9.0103545924729023e-03
3.1494128142966571e-01 9.0008667006136987e-03
3.1749092893155911e-01 8.9913319386556879e-03
3.2006121743152804e-01 8.9817502548391812e-03
3.2265231403141753e-01 8.9721215996131035e-03
3.2526438718586692e-01 8.9624459256570019e-03
3.2789760671326174e-01 8.9527231879029199e-03
3.3055214380677383e-01 8.9429533435571359e-03
3.3322817104549152e-01 8.9331363521217341e-03
3.3592586240563915e-01 8.9232721754160336e-03
3.3864539327188786e-01 8.9133607775978597e-03
3.4138694044875800e-01 8.9034021251846365e-03
3.4415068217211348e-01 8.8933961870742984e-03
3.4693679812074940e-01 8.8833429345660520e-03
3.4974546942807372e-01 8.8732423413809165e-03
3.5257687869388304e-01 8.8630943836820898e-03
3.5543120999623395e-01 8.8528990400951052e-03
3.5830864890341080e-01 8.8426562917277886e-03
3.6120938248598938e-01 8.8323661221900145e-03
3.6413359932899958e-01 8.8220285176132136e-03
3.6708148954418551e-01 8.8116434666696709e-03
3.7005324478236523e-01 8.8012109605916117e-03
3.7304905824589046e-01 8.7907309931900112e-03
3.7606912470120751e-01 8.7802035608731937e-03
3.7911364049151935e-01 8.7696286626651552e-03
3.8218280354955048e-01 8.7590063002236512e-03
3.8527681341041503e-01 8.7483364778580056e-03
3.8839587122458946e-01 8.7376192025466447e-03
3.9154017977098948e-01 8.7268544839543844e-03
3.9470994347015365e-01 8.7160423344493990e-03
3.9790536839753293e-01 8.7051827691199263e-03
4.0112666229688893e-01 8.6942758057906612e-03
4.0437403459379911e-01 8.6833214650388589e-03
4.0764769640927273e-01 8.6723197702101226e-03
4.1094786057347615e-01 8.6612707474338930e-03
4.1427474163956968e-01 8.6501744256385921e-03
4.1762855589765618e-01 8.6390308365664609e-03
4.2100952138884279e-01 8.6278400147880626e-03
4.2441785791941639e-01 8.6166019977164370e-03
4.2785378707513372e-01 8.6053168256209293e-03
4.3131753223562758e-01 8.5939845416406375e-03
4.3480931858892907e-01 8.5826051917975536e-03
4.3832937314610781e-01 8.5711788250092784e-03
4.4187792475603083e-01 8.5597054931014389e-03
4.4545520412024031e-01 8.5481852508196687e-03
4.4906144380795243e-01 8.5366181558412454e-03
4.5269687827117722e-01 8.5250042687863500e-03
4.5636174385996098e-01 8.5133436532289150e-03
4.6005627883775208e-01 8.5016363757070678e-03
4.6378072339689125e-01 8.4898825057332164e-03
4.6753531967422696e-01 8.4780821158036909e-03
4.7132031176685785e-01 8.4662352814079776e-03
4.7513594574800155e-01 8.4543420810375639e-03
4.7898246968299313e-01 8.4424025961943299e-03
4.8286013364541241e-01 8.4304169113985240e-03
4.8676918973334182e-01 8.4183851141963265e-03
4.9070989208575622e-01 8.4063072951669430e-03
4.9468249689904487e-01 8.3941835479292883e-03
4.9868726244366818e-01 8.3820139691481999e-03
5.0272444908094771e-01 8.3697986585402409e-03
5.0679431927999374e-01 8.3575377188789823e-03
5.1089713763476874e-01 8.3452312559999086e-03
5.1503317088128953e-01 8.3328793788047927e-03
5.1920268791496860e-01 8.3204821992656445e-03
5.2340595980809557e-01 8.3080398324281851e-03
5.2764325982746074e-01 8.2955523964148119e-03
5.3191486345212058e-01 8.2830200124271534e-03
5.3622104839130746e-01 8.2704428047480714e-03
5.4056209460248461e-01 8.2578209007432308e-03
5.4493828430954683e-01 8.2451544308621526e-03
5.4934990202116829e-01 8.2324435286387949e-03
5.5379723454930008e-01 8.2196883306916175e-03
5.5828057102781570e-01 8.2068889767231874e-03
5.6280020293130928e-01 8.1940456095192394e-03
5.6735642409404485e-01 8.1811583749472738e-03
5.7194953072905919e-01 8.1682274219546241e-03
5.7657982144742004e-01 8.1552529025660271e-03
5.8124759727763886e-01 8.1422349718806974e-03
5.8595316168524236e-01 8.1291737880688688e-03
5.9069682059250095e-01 8.1160695123678340e-03
5.9547888239831848e-01 8.1029223090774739e-03
6.0029965799828122e-01 8.0897323455552672e-03
6.0515946080487060e-01 8.0764997922107805e-03
6.1005860676783918e-01 8.0632248224996369e-03
6.1499741439475086e-01 8.0499076129169952e-03
6.1997620477168858e-01 8.0365483429904478e-03
6.2499530158412875e-01 8.0231471952724662e-03
6.3005503113798511e-01 8.0097043553322804e-03
6.3515572238082263e-01 7.9962200117472456e-03
6.4029770692324339e-01 7.9826943560937034e-03
6.4548131906044581e-01 7.9691275829372916e-03
6.5070689579395780e-01 7.9555198898227601e-03
6.5597477685354622e-01 7.9418714772632494e-03
6.6128530471930402e-01 7.9281825487290489e-03
6.6663882464391544e-01 7.9144533106358349e-03
6.7203568467510222e-01 7.9006839723323972e-03
6.7747623567825077e-01 7.8868747460878290e-03
6.8296083135922359e-01 7.8730258470782102e-03
6.8848982828735394e-01 7.8591374933727788e-03
6.9406358591862805e-01 7.8452099059195743e-03
6.9968246661905398e-01 7.8312433085305690e-03
7.0534683568822054e-01 7.8172379278663006e-03
7.1105706138304581e-01 7.8031939934199730e-03
7.1681351494171908e-01 7.7891117375010720e-03
7.2261657060783602e-01 7.7749913952184528e-03
7.2846660565472932e-01 7.7608332044629431e-03
7.3436400040999605e-01 7.7466374058894330e-03
7.4030913828022449e-01 7.7324042428984748e-03
7.4630240577591977e-01 7.7181339616173798e-03
7.5234419253663221e-01 7.7038268108808291e-03
7.5843489135628950e-01 7.6894830422109955e-03
7.6457489820873248e-01 7.6751029097971782e-03
7.7076461227345927e-01 7.6606866704749576e-03
7.7700443596157653e-01 7.6462345837048674e-03
7.8329477494196176e-01 7.6317469115506015e-03
7.8963603816763672e-01 7.6172239186567438e-03
7.9602863790235501e-01 7.6026658722260351e-03
8.0247298974740378e-01 7.5880730419961859e-03
8.0896951266862427e-01 7.5734457002162104e-03
8.1551862902364902e-01 7.5587841216223422e-03
8.2212076458936079e-01 7.5440885834134721e-03
8.2877634858957405e-01 7.5293593652261707e-03
8.3548581372293929e-01 7.5145967491092435e-03
8.4224959619107453e-01 7.4998010194978889e-03
8.4906813572692408e-01 7.4849724631874054e-03
8.5594187562334623e-01 7.4701113693064914e-03
8.6287126276193371e-01 7.4552180292901220e-03
8.6985674764206633e-01 7.4402927368520310e-03
8.7689878441019953e-01 7.4253357879567701e-03
8.8399783088938944e-01 7.4103474807913948e-03
8.9115434860905718e-01 7.3953281157367393e-03
8.9836880283499487e-01 7.3802779953383276e-03
9.0564166259961332e-01 7.3651974242768970e-03
9.1297340073243516e-01 7.3500867093385432e-03
9.2036449389083530e-01 7.3349461593845248e-03
9.2781542259102912e-01 7.3197760853206889e-03
9.3532667123931290e-01 7.3045768000665704e-03
9.4289872816355624e-01 7.2893486185241193e-03
9.5053208564494929e-01 7.2740918575461234e-03
9.5822723995000780e-01 7.2588068359042846e-03
9.6598469136283671e-01 7.2434938742569864e-03
9.7380494421765507e-01 7.2281532951167394e-03
9.8168850693158416e-01 7.2127854228173308e-03
9.8963589203770119e-01 7.1973905834806697e-03
9.9764761621836073e-01 7.1819691049833517e-03
1.0057242003387854e+00 7.1665213169229388e-03
1.0138661694809288e+00 7.1510475505839636e-03
1.0220740529776136e+00 7.1355481389036744e-03
1.0303483844469428e+00 7.1200234164375186e-03
1.0386897018269945e+00 7.1044737193243787e-03
1.0470985474107926e+00 7.0888993852515824e-03
1.0555754678815641e+00 7.0733007534196550e-03
1.0641210143482795e+00 7.0576781645068729e-03
1.0727357423814836e+00 7.0420319606335864e-03
1.0814202120494127e+00 7.0263624853263550e-03
1.0901749879544080e+00 7.0106700834818647e-03
1.0990006392696210e+00 6.9949551013306736e-03
1.1078977397760175e+00 6.9792178864007655e-03
1.1168668678996803e+00 6.9634587874809499e-03
1.1259086067494151e+00 6.9476781545840761e-03
1.1350235441546597e+00 6.9318763389101179e-03
1.1442122727036999e+00 6.9160536928091010e-03
1.1534753897821963e+00 6.9002105697438974e-03
1.1628134976120219e+00 6.8843473242528952e-03
1.1722272032904135e+00 6.8684643119125508e-03
1.1817171188294417e+00 6.8525618892998318e-03
1.1912838611957994e+00 6.8366404139545683e-03
1.2009280523509118e+00 6.8207002443416934e-03
1.2106503192913731e+00 6.8047417398134314e-03
1.2204512940897088e+00 6.7887652605713878e-03
1.2303316139354679e+00 6.7727711676285945e-03
1.2402919211766499e+00 6.7567598227714909e-03
1.2503328633614641e+00 6.7407315885218595e-03
1.2604550932804297e+00 6.7246868280987316e-03
1.2706592690088152e+00 6.7086259053802623e-03
1.2809460539494215e+00 6.6925491848655828e-03
1.2913161168757123e+00 6.6764570316366571e-03
1.3017701319752923e+00 6.6603498113201095e-03
1.3123087788937386e+00 6.6442278900491038e-03
1.3229327427787854e+00 6.6280916344251964e-03
1.3336427143248692e+00 6.6119414114802367e-03
1.3444393898180311e+00 6.5957775886383080e-03
1.3553234711811855e+00 6.5796005336776903e-03
1.3662956660197534e+00 6.5634106146928977e-03
1.3773566876676666e+00 6.5472082000567556e-03
1.3885072552337423e+00 6.5309936583825634e-03
1.3997480936484363e+00 6.5147673584863286e-03
1.4110799337109712e+00 6.4985296693490773e-03
1.4225035121368483e+00 6.4822809600792747e-03
1.4340195716057440e+00 6.4660215998753349e-03
1.4456288608097931e+00 6.4497519579882574e-03
1.4573321345022632e+00 6.4334724036843489e-03
1.4691301535466241e+00 6.4171833062081187e-03
1.4810236849660132e+00 6.4008850347452633e-03
1.4930135019931017e+00 6.3845779583858288e-03
1.5051003841203656e+00 6.3682624460874955e-03
1.5172851171507615e+00 6.3519388666390432e-03
1.5295684932488147e+00 6.3356075886239621e-03
1.5419513109921201e+00 6.3192689803842541e-03
1.5544343754232601e+00 6.3029234099844008e-03
1.5670184981021416e+00 6.2865712451755243e-03
1.5797044971587597e+00 6.2702128533597482e-03
1.5924931973463852e+00 6.2538486015547498e-03
1.6053854300951846e+00 6.2374788563585243e-03
1.6183820335662742e+00 6.2211039839143740e-03
1.6314838527062108e+00 6.2047243498761073e-03
1.6446917393019245e+00 6.1883403193734700e-03
1.6580065520360954e+00 6.1719522569778223e-03
1.6714291565429793e+00 6.1555605266680460e-03
1.6849604254646855e+00 6.1391654917966982e-03
1.6986012385079088e+00 6.1227675150564353e-03
1.7123524825011223e+00 6.1063669584466790e-03
1.7262150514522330e+00 6.0899641832405683e-03
1.7401898466067032e+00 6.0735595499521620e-03
1.7542777765061432e+00 6.0571534183039349e-03
1.7684797570473791e+00 6.0407461471945600e-03
1.7827967115419960e+00 6.0243380946669632e-03
1.7972295707763668e+00 6.0079296178766912e-03
1.8117792730721651e+00 5.9915210730605642e-03
1.8264467643473672e+00 5.9751128155056434e-03
1.8412329981777502e+00 5.9587051995185084e-03
1.8561389358588858e+00 5.9422985783948341e-03
1.8711655464686370e+00 5.9258933043893104e-03
1.8863138069301608e+00 5.9094897286858664e-03
1.9015847020754215e+00 5.8930882013682306e-03
1.9169792247092159e+00 5.8766890713908230e-03
1.9324983756737200e+00 5.8602926865499849e-03
1.9481431639135554e+00 5.8438993934555412e-03
1.9639146065413842e+00 5.8275095375027262e-03
1.9798137289040345e+00 5.8111234628444300e-03
1.9958415646491612e+00 5.7947415123638163e-03
2.0119991557924459e+00 5.7783640276472996e-03
2.0282875527853417e+00 5.7619913489578541e-03
2.0447078145833664e+00 5.7456238152087183e-03
2.0612610087149483e+00 5.7292617639374379e-03
2.0779482113508272e+00 5.7129055312802905e-03
2.0947705073740233e+00 5.6965554519470725e-03
2.1117289904503642e+00 5.6802118591962672e-03
2.1288247630995905e+00 5.6638750848105792e-03
2.1460589367670324e+00 5.6475454590728599e-03
2.1634326318958683e+00 5.6312233107423939e-03
2.1809469779999686e+00 5.6149089670315859e-03
2.1986031137373261e+00 5.5986027535830270e-03
2.2164021869840869e+00 5.5823049944469308e-03
2.2343453549091752e+00 5.5660160120589884e-03
2.2524337840495239e+00 5.5497361272185868e-03
2.2706686503859164e+00 5.5334656590674252e-03
2.2890511394194379e+00 5.5172049250685274e-03
2.3075824462485506e+00 5.5009542409856452e-03
2.3262637756467881e+00 5.4847139208630590e-03
2.3450963421410838e+00 5.4684842770057630e-03
2.3640813700907288e+00 5.4522656199600629e-03
2.3832200937669725e+00 5.4360582584945536e-03
2.4025137574332649e+00 5.4198624995815108e-03
2.4219636154261495e+00 5.4036786483786670e-03
2.4415709322368135e+00 5.3875070082113922e-03
2.4613369825932936e+00 5.3713478805552713e-03
2.4812630515433503e+00 5.3552015650190805e-03
2.5013504345380140e+00 5.3390683593281651e-03
2.5216004375158034e+00 5.3229485593082075e-03
2.5420143769876322e+00 5.3068424588694017e-03
2.5625935801223951e+00 5.2907503499910191e-03
2.5833393848332529e+00 5.2746725227063810e-03
2.6042531398646136e+00 5.2586092650882118e-03
2.6253362048798188e+00 5.2425608632344096e-03
2.6465899505495396e+00 5.2265276012541878e-03
2.6680157586408857e+00 5.2105097612546326e-03
2.6896150221072412e+00 5.1945076233276405e-03
2.7113891451788210e+00 5.1785214655372495e-03
2.7333395434539671e+00 5.1625515639073744e-03
2.7554676439911781e+00 5.1465981924099045e-03
2.7777748854018887e+00 5.1306616229532228e-03
2.8002627179439958e+00 5.1147421253710862e-03
2.8229326036161466e+00 5.0988399674119014e-03
2.8457860162527830e+00 5.0829554147283854e-03
2.8688244416199651e+00 5.0670887308676034e-03
2.8920493775119609e+00 5.0512401772613924e-03
2.9154623338486245e+00 5.0354100132171562e-03
2.9390648327735596e+00 5.0195984959090422e-03
2.9628584087530783e+00 5.0038058803694866e-03
2.9868446086759617e+00 4.9880324194811407e-03
3.0110249919540268e+00 4.9722783639691518e-03
3.0354011306235096e+00 4.9565439623938303e-03
3.0599746094472660e+00 4.9408294611436631e-03
3.0847470260178027e+00 4.9251351044287016e-03
3.1097199908611421e+00 4.9094611342743091e-03
3.1348951275415256e+00 4.8938077905152583e-03
3.1602740727669674e+00 4.8781753107901863e-03
3.1858584764956612e+00 4.8625639305364078e-03
3.2116500020432479e+00 4.8469738829850680e-03
3.2376503261909542e+00 4.8314053991566491e-03
3.2638611392946046e+00 4.8158587078568141e-03
3.2902841453945140e+00 4.8003340356725984e-03
3.3169210623262755e+00 4.7848316069689324e-03
3.3437736218324394e+00 4.7693516438854985e-03
3.3708435696751016e+00 4.7538943663339240e-03
3.3981326657493951e+00 4.7384599919953014e-03
3.4256426841979133e+00 4.7230487363180270e-03
3.4533754135260475e+00 4.7076608125159658e-03
3.4813326567182612e+00 4.6922964315669422e-03
3.5095162313553128e+00 4.6769558022115290e-03
3.5379279697324160e+00 4.6616391309521584e-03
3.5665697189783674e+00 4.6463466220525483e-03
3.5954433411756286e+00 4.6310784775374153e-03
3.6245507134813919e+00 4.6158348971924966e-03
3.6538937282496153e+00 4.6006160785648821e-03
3.6834742931540476e+00 4.5854222169636246e-03
3.7132943313122597e+00 4.5702535054606393e-03
3.7433557814106626e+00 4.5551101348919060e-03
3.7736605978305553e+00 4.5399922938589429e-03
3.8042107507751797e+00 4.5249001687305583e-03
3.8350082263978087e+00 4.5098339436448875e-03
3.8660550269308773e+00 4.4947938005116929e-03
3.8973531708161455e+00 4.4797799190149420e-03
3.9289046928359319e+00 4.4647924766156363e-03
3.9607116442453907e+00 4.4498316485549212e-03
3.9927760929058800e+00 4.4348976078574295e-03
4.0251001234193922e+00 4.4199905253349010e-03
4.0576858372640814e+00 4.4051105695900351e-03
4.0905353529308899e+00 4.3902579070205982e-03
4.1236508060612724e+00 4.3754327018237721e-03
4.1570343495860449e+00 4.3606351160007358e-03
4.1906881538653478e+00 4.3458653093614887e-03
4.2246144068297529e+00 4.3311234395298969e-03
4.2588153141225051e+00 4.3164096619489776e-03
4.2932930992429119e+00 4.3017241298863897e-03
4.3280500036909091e+00 4.2870669944401639e-03
4.3630882871127810e+00 4.2724384045446260e-03
4.3984102274480676e+00 4.2578385069765544e-03
4.4340181210776599e+00 4.2432674463615261e-03
4.4699142829730967e+00 4.2287253651804736e-03
4.5061010468470641e+00 4.2142124037764517e-03
4.5425807653051171e+00 4.1997287003615845e-03
4.5793558099986331e+00 4.1852743910242079e-03
4.6164285717789948e+00 4.1708496097362154e-03
4.6538014608530309e+00 4.1564544883605685e-03
4.6914769069397053e+00 4.1420891566590025e-03
4.7294573594280855e+00 4.1277537422999035e-03
4.7677452875365836e+00 4.1134483708663598e-03
4.8063431804734806e+00 4.0991731658643850e-03
4.8452535475987677e+00 4.0849282487313019e-03
4.8844789185872761e+00 4.0707137388443010e-03
4.9240218435931506e+00 4.0565297535291381e-03
4.9638848934156270e+00 4.0423764080690103e-03
5.0040706596661835e+00 4.0282538157135599e-03
5.0445817549370187e+00 4.0141620876880495e-03
5.0854208129709022e+00 4.0001013332026615e-03
5.1265904888324130e+00 3.9860716594619467e-03
5.1680934590805370e+00 3.9720731716744182e-03
5.2099324219426961e+00 3.9581059730622557e-03
5.2521100974901485e+00 3.9441701648711700e-03
5.2946292278148430e+00 3.9302658463803699e-03
5.3374925772076880e+00 3.9163931149126599e-03
5.3807029323382549e+00 3.9025520658446636e-03
5.4242631024359644e+00 3.8887427926171561e-03
5.4681759194727073e+00 3.8749653867455099e-03
5.5124442383469692e+00 3.8612199378302535e-03
5.5570709370694313e+00 3.8475065335677352e-03
5.6020589169500781e+00 3.8338252597608894e-03
5.6474111027868261e+00 3.8201762003300952e-03
5.6931304430556589e+00 3.8065594373241519e-03
5.7392199101023333e+00 3.7929750509313204e-03
5.7856825003356080e+00 3.7794231194904770e-03
5.8325212344220541e+00 3.7659037195023411e-03
5.8797391574824376e+00 3.7524169256407938e-03
5.9273393392896843e+00 3.7389628107642710e-03
5.9753248744684688e+00 3.7255414459272376e-03
6.0236988826963866e+00 3.7121529003917384e-03
6.0724645089067915e+00 3.6987972416390128e-03
6.1216249234932407e+00 3.6854745353811923e-03
6.1711833225156258e+00 3.6721848455730402e-03
6.2211429279079473e+00 3.6589282344237813e-03
6.2715069876877836e+00 3.6457047624089724e-03
6.3222787761674599e+00 3.6325144882824356e-03
6.3734615941669119e+00 3.6193574690882488e-03
6.4250587692282899e+00 3.6062337601727810e-03
6.4770736558322843e+00 3.5931434151967858e-03
6.5295096356162174e+00 3.5800864861475290e-03
6.5823701175938902e+00 3.5670630233509719e-03
6.6356585383772053e+00 3.5540730754839859e-03
6.6893783623996068e+00 3.5411166895866109e-03
6.7435330821412940e+00 3.5281939110743473e-03
6.7981262183562965e+00 3.5153047837504794e-03
6.8531613203013508e+00 3.5024493498184341e-03
6.9086419659666625e+00 3.4896276498941649e-03
6.9645717623085135e+00 3.4768397230185580e-03
7.0209543454837595e+00 3.4640856066698728e-03
7.0777933810862361e+00 3.4513653367761890e-03
7.1350925643850562e+00 3.4386789477278859e-03
7.1928556205648650e+00 3.4260264723901257e-03
7.2510863049680090e+00 3.4134079421153682e-03
7.3097884033386968e+00 3.4008233867558733e-03
7.3689657320691131e+00 3.3882728346762386e-03
7.4286221384475306e+00 3.3757563127659292e-03
7.4887615009084429e+00 3.3632738464518140e-03
7.5493877292847005e+00 3.3508254597107152e-03
7.6105047650617150e+00 3.3384111750819488e-03
7.6721165816336887e+00 3.3260310136798694e-03
7.7342271845619530e+00 3.3136849952064150e-03
7.7968406118353739e+00 3.3013731379636408e-03
7.8599609341328689e+00 3.2890954588662567e-03
7.9235922550880646e+00 3.2768519734541436e-03
7.9877387115560730e+00 3.2646426959048740e-03
8.0524044738824525e+00 3.2524676390462094e-03
8.1175937461743235e+00 3.2403268143685964e-03
8.1833107665736975e+00 3.2282202320376278e-03
8.2495598075330090e+00 3.2161479009065147e-03
8.3163451760928737e+00 3.2041098285285128e-03
8.3836712141621117e+00 3.1921060211693507e-03
8.4515422988000193e+00 3.1801364838196199e-03
8.5199628425009379e+00 3.1682012202071514e-03
8.5889372934811217e+00 3.1563002328093641e-03
8.6584701359679297e+00 3.1444335228655927e-03
8.7285658904913639e+00 3.1326010903893727e-03
8.7992291141779440e+00 3.1208029341807182e-03
8.8704644010470037e+00 3.1090390518383492e-03
8.9422763823093394e+00 3.0973094397719011e-03
9.0146697266683145e+00 3.0856140932140905e-03
9.0876491406233804e+00 3.0739530062328557e-03
9.1612193687760453e+00 3.0623261717434560e-03
9.2353851941383649e+00 3.0507335815205348e-03
9.3101514384438637e+00 3.0391752262101455e-03
9.3855229624610441e+00 3.0276510953417372e-03
9.4615046663093718e+00 3.0161611773400995e-03
9.5381014897778602e+00 3.0047054595372697e-03
9.6153184126462232e+00 2.9932839281843885e-03
9.6931604550086110e+00 2.9818965684635214e-03
9.7716326775999960e+00 2.9705433644994293e-03
9.8507401821251719e+00 2.9592242993712954e-03
9.9304881115904475e+00 2.9479393551244070e-03
1.0010881650637987e+01 2.9366885127817795e-03
1.0091926025882898e+01 2.9254717523557495e-03
1.0173626506253019e+01 2.9142890528595020e-03
1.0255988403331468e+01 2.9031403923185529e-03
1.0339017071701958e+01 2.8920257477821846e-03
1.0422717909296933e+01 2.8809450953348192e-03
1.0507096357748482e+01 2.8698984101073505e-03
1.0592157902742128e+01 2.8588856662884101e-03
1.0677908074373468e+01 2.8479068371355895e-03
1.0764352447507679e+01 2.8369618949866020e-03
1.0851496642141996e+01 2.8260508112703865e-03
1.0939346323771046e+01 2.8151735565181591e-03
1.1027907203755207e+01 2.8043301003744013e-03
1.1117185039691888e+01 2.7935204116078037e-03
1.1207185635789884e+01 2.7827444581221285e-03
1.1297914843246696e+01 2.7720022069670377e-03
1.1389378560628948e+01 2.7612936243488406e-03
1.1481582734255873e+01 2.7506186756411956e-03
1.1574533358585871e+01 2.7399773253957448e-03
1.1668236476606271e+01 2.7293695373526851e-03
1.1762698180226169e+01 2.7187952744512833e-03
1.1857924610672494e+01 2.7082544988403243e-03
1.1953921958889275e+01 2.6977471718884990e-03
1.2050696465940096e+01 2.6872732541947295e-03
1.2148254423413894e+01 2.6768327055984257e-03
1.2246602173833965e+01 2.6664254851896836e-03
1.2345746111070317e+01 2.6560515513194207e-03
1.2445692680755338e+01 2.6457108616094386e-03
1.2546448380702875e+01 2.6354033729624263e-03
1.2648019761330653e+01 2.6251290415718986e-03
1.2750413426086144e+01 2.6148878229320664e-03
1.2853636031875885e+01 2.6046796718476430e-03
1.2957694289498226e+01 2.5945045424435832e-03
1.3062594964079670e+01 2.5843623881747560e-03
1.3168344875514663e+01 2.5742531618355505e-03
1.3274950898908976e+01 2.5641768155694167e-03
1.3382419965026690e+01 2.5541333008783349e-03
1.3490759060740752e+01 2.5441225686322275e-03
1.3599975229487255e+01 2.5341445690782883e-03
1.3710075571723328e+01 2.5241992518502594e-03
1.3821067245388763e+01 2.5142865659776308e-03
1.3932957466371352e+01 2.5044064598947762e-03
1.4045753508976054e+01 2.4945588814500202e-03
1.4159462706397886e+01 2.4847437779146370e-03
1.4274092451198683e+01 2.4749610959917830e-03
1.4389650195787727e+01 2.4652107818253564e-03
1.4506143452906207e+01 2.4554927810087964e-03
1.4623579796115690e+01 2.4458070385938047e-03
1.4741966860290479e+01 2.4361534990990103e-03
1.4861312342113978e+01 2.4265321065185521e-03
1.4981624000579089e+01 2.4169428043306078e-03
1.5102909657492605e+01 2.4073855355058438e-03
1.5225177197983788e+01 2.3978602425158025e-03
1.5348434571016963e+01 2.3883668673412165e-03
1.5472689789908326e+01 2.3789053514802622e-03
1.5597950932846873e+01 2.3694756359567385e-03
1.5724226143419639e+01 2.3600776613281814e-03
1.5851523631141104e+01 2.3507113676939067e-03
1.5979851671986928e+01 2.3413766947029905e-03
1.6109218608931993e+01 2.3320735815621774e-03
1.6239632852492790e+01 2.3228019670437235e-03
1.6371102881274233e+01 2.3135617894931705e-03
1.6503637242520874e+01 2.3043529868370526e-03
1.6637244552672573e+01 2.2951754965905369e-03
1.6771933497924696e+01 2.2860292558649965e-03
1.6907712834792779e+01 2.2769142013755175e-03
1.7044591390681891e+01 2.2678302694483371e-03
1.7182578064460476e+01 2.2587773960282150e-03
1.7321681827038908e+01 2.2497555166857411e-03
1.7461911721952720e+01 2.2407645666245755e-03
1.7603276865950530e+01 2.2318044806886243e-03
1.7745786449586774e+01 2.2228751933691419e-03
1.7889449737819206e+01 2.2139766388117785e-03
1.8034276070611234e+01 2.2051087508235538e-03
1.8180274863539104e+01 2.1962714628797745e-03
1.8327455608404108e+01 2.1874647081308709e-03
1.8475827873849610e+01 2.1786884194091882e-03
1.8625401305983154e+01 2.1699425292357002e-03
1.8776185629003599e+01 2.1612269698266600e-03
1.8928190645833272e+01 2.1525416731001949e-03
1.9081426238755334e+01 2.1438865706828267e-03
1.9235902370056241e+01 2.1352615939159358e-03
1.9391629082673401e+01 2.1266666738621576e-03
1.9548616500848130e+01 2.1181017413117210e-03
1.9706874830783800e+01 2.1095667267887214e-03
1.9866414361309438e+01 2.1010615605573280e-03
2.0027245464548606e+01 2.0925861726279337e-03
2.0189378596593723e+01 2.0841404927632421e-03
2.0352824298185816e+01 2.0757244504842941e-03
2.0517593195399858e+01 2.0673379750764278e-03
2.0683696000335569e+01 2.0589809955951855e-03
2.0851143511813845e+01 2.0506534408721508e-03
2.1019946616078826e+01 2.0423552395207357e-03
2.1190116287505610e+01 2.0340863199419003e-03
2.1361663589313785e+01 2.0258466103298144e-03
2.1534599674286639e+01 2.0176360386774603e-03
2.1708935785496244e+01 2.0094545327821794e-03
2.1884683257034421e+01 2.0013020202511514e-03
2.2061853514749544e+01 1.9931784285068281e-03
2.2240458076989441e+01 1.9850836847922979e-03
2.2420508555350192e+01 1.9770177161765961e-03
2.2602016655431054e+01 1.9689804495599608e-03
2.2784994177595422e+01 1.9609718116790297e-03
2.2969453017738086e+01 1.9529917291119764e-03
2.3155405168058561e+01 1.9450401282835980e-03
2.3342862717840752e+01 1.9371169354703412e-03
2.3531837854238919e+01 1.9292220768052717e-03
2.3722342863069965e+01 1.9213554782829955e-03
2.3914390129612226e+01 1.9135170657645171e-03
2.4107992139410630e+01 1.9057067649820463e-03
2.4303161479088445e+01 1.8979245015437541e-03
2.4499910837165565e+01 1.8901702009384675e-03
2.4698253004883387e+01 1.8824437885403198e-03
2.4898200877036480e+01 1.8747451896133375e-03
2.5099767452810866e+01 1.8670743293159840e-03
2.5302965836629134e+01 1.8594311327056448e-03
2.5507809239002427e+01 1.8518155247430610e-03
2.5714310977389236e+01 1.8442274302967175e-03
2.5922484477061268e+01 1.8366667741471685e-03
2.6132343271976247e+01 1.8291334809913233e-03
2.6343901005657777e+01 1.8216274754466737e-03
2.6557171432082331e+01 1.8141486820554766e-03
2.6772168416573500e+01 1.8066970252888811e-03
2.6988905936703354e+01 1.7992724295510119e-03
2.7207398083201198e+01 1.7918748191829989e-03
2.7427659060869658e+01 1.7845041184669614e-03
2.7649703189508113e+01 1.7771602516299420e-03
2.7873544904843754e+01 1.7698431428477919e-03
2.8099198759470042e+01 1.7625527162490097e-03
2.8326679423792822e+01 1.7552888959185343e-03
2.8556001686984096e+01 1.7480516059014877e-03
2.8787180457943471e+01 1.7408407702068729e-03
2.9020230766267499e+01 1.7336563128112262e-03
2.9255167763226744e+01 1.7264981576622217e-03
2.9492006722750837e+01 1.7193662286822315e-03
2.9730763042421415e+01 1.7122604497718452e-03
2.9971452244473262e+01 1.7051807448133314e-03
3.0214089976803383e+01 1.6981270376740722e-03
3.0458692013988340e+01 1.6910992522099410e-03
3.0705274258309817e+01 1.6840973122686414e-03
3.0953852740788410e+01 1.6771211416930017e-03
3.1204443622225938e+01 1.6701706643242299e-03
3.1457063194256058e+01 1.6632458040051180e-03
3.1711727880403426e+01 1.6563464845832142e-03
3.1968454237151466e+01 1.6494726299139447e-03
3.2227258955018684e+01 1.6426241638637020e-03
3.2488158859643868e+01 1.6358010103128822e-03
3.2751170912879907e+01 1.6290030931588901e-03
3.3016312213896548e+01 1.6222303363191018e-03
3.3283600000292033e+01 1.6154826637337840e-03
3.3553051649213813e+01 1.6087599993689758e-03
3.3824684678488261e+01 1.6020622672193324e-03
3.4098516747759547e+01 1.5953893913109292e-03
3.4374565659637788e+01 1.5887412957040217e-03
3.4652849360856351e+01 1.5821179044957796e-03
3.4933385943438729e+01 1.5755191418229688e-03
3.5216193645874704e+01 1.5689449318646031e-03
3.5501290854306070e+01 1.5623951988445611e-03
3.5788696103722032e+01 1.5558698670341581e-03
3.6078428079164105e+01 1.5493688607546912e-03
3.6370505616941010e+01 1.5428921043799376e-03
3.6664947705853194e+01 1.5364395223386247e-03
3.6961773488427383e+01 1.5300110391168638e-03
3.7261002262161092e+01 1.5236065792605432e-03
3.7562653480777151e+01 1.5172260673776937e-03
3.7866746755488542e+01 1.5108694281408138e-03
3.8173301856273319e+01 1.5045365862891625e-03
3.8482338713159955e+01 1.4982274666310185e-03
3.8793877417522957e+01 1.4919419940459084e-03
3.9107938223389183e+01 1.4856800934867935e-03
3.9424541548754554e+01 1.4794416899822341e-03
3.9743707976911480e+01 1.4732267086385122e-03
4.0065458257787085e+01 1.4670350746417281e-03
4.0389813309292116e+01 1.4608667132598619e-03
4.0716794218681002e+01 1.4547215498448022e-03
4.1046422243922748e+01 1.4485995098343478e-03
4.1378718815082948e+01 1.4425005187541735e-03
4.1713705535717061e+01 1.4364245022197692e-03
4.2051404184274844e+01 1.4303713859383444e-03
4.2391836715516348e+01 1.4243410957107067e-03
4.2735025261939164e+01 1.4183335574331070e-03
4.3080992135217386e+01 1.4123486970990572e-03
4.3429759827652063e+01 1.4063864408011193e-03
4.3781351013633596e+01 1.4004467147326627e-03
4.4135788551115816e+01 1.3945294451895942e-03
4.4493095483102046e+01 1.3886345585720616e-03
4.4853295039143205e+01 1.3827619813861259e-03
4.5216410636847968e+01 1.3769116402454105e-03
4.5582465883405312e+01 1.3710834618727141e-03
4.5951484577119231e+01 1.3652773731016078e-03
4.6323490708955923e+01 1.3594933008779966e-03
4.6698508464103568e+01 1.3537311722616569e-03
4.7076562223544556e+01 1.3479909144277513e-03
4.7457676565640710e+01 1.3422724546683096e-03
4.7841876267731116e+01 1.3365757203936911e-03
4.8229186307742999e+01 1.3309006391340179e-03
4.8619631865815535e+01 1.3252471385405847e-03
4.9013238325937003e+01 1.3196151463872410e-03
4.9410031277594996e+01 1.3140045905717516e-03
4.9810036517440082e+01 1.3084153991171311e-03
5.0213280050962936e+01 1.3028475001729534e-03
5.0619788094184955e+01 1.2973008220166402e-03
5.1029587075362763e+01 1.2917752930547226e-03
5.1442703636706284e+01 1.2862708418240809e-03
5.1859164636110897e+01 1.2807873969931612e-03
5.2278997148903514e+01 1.2753248873631688e-03
5.2702228469602758e+01 1.2698832418692406e-03
5.3128886113693611e+01 1.2644623895815908e-03
5.3558997819416142e+01 1.2590622597066403e-03
5.3992591549568949e+01 1.2536827815881188e-03
5.4429695493326953e+01 1.2483238847081496e-03
5.4870338068074233e+01 1.2429854986883112e-03
5.5314547921251425e+01 1.2376675532906761e-03
5.5762353932218183e+01 1.2323699784188313e-03
5.6213785214130752e+01 1.2270927041188771e-03
5.6668871115834577e+01 1.2218356605804060e-03
5.7127641223772521e+01 1.2165987781374602e-03
5.7590125363908271e+01 1.2113819872694700e-03
5.8056353603665421e+01 1.2061852186021722e-03
5.8526356253882263e+01 1.2010084029085092e-03
5.9000163870782288e+01 1.1958514711095103e-03
5.9477807257960897e+01 1.1907143542751485e-03
5.9959317468387916e+01 1.1855969836251860e-03
6.0444725806426462e+01 1.1804992905299963e-03
6.0934063829868172e+01 1.1754212065113684e-03
6.1427363351984738e+01 1.1703626632432939e-03
6.1924656443596355e+01 1.1653235925527358e-03
6.2425975435156623e+01 1.1603039264203793e-03
6.2931352918854508e+01 1.1553035969813642e-03
6.3440821750733114e+01 1.1503225365260040e-03
6.3954415052825972e+01 1.1453606775004802e-03
6.4472166215310224e+01 1.1404179525075283e-03
6.4994108898677453e+01 1.1354942943071014e-03
6.5520277035922163e+01 1.1305896358170179e-03
6.6050704834747592e+01 1.1257039101135980e-03
6.6585426779789969e+01 1.1208370504322742e-03
6.7124477634860256e+01 1.1159889901681962e-03
6.7667892445204316e+01 1.1111596628768138e-03
6.8215706539781308e+01 1.1063490022744469e-03
6.8767955533560439e+01 1.1015569422388387e-03
6.9324675329836538e+01 1.0967834168096940e-03
6.9885902122564104e+01 1.0920283601892043e-03
7.0451672398710528e+01 1.0872917067425547e-03
7.1022022940627963e+01 1.0825733909984208e-03
7.1596990828444916e+01 1.0778733476494464e-03
7.2176613442476835e+01 1.0731915115527102e-03
7.2760928465656264e+01 1.0685278177301766e-03
7.3349973885982791e+01 1.0638822013691353e-03
7.3943787998992619e+01 1.0592545978226244e-03
7.4542409410248496e+01 1.0546449426098398e-03
7.5145877037849402e+01 1.0500531714165329e-03
7.5754230114960777e+01 1.0454792200953970e-03
7.6367508192365221e+01 1.0409230246664349e-03
7.6985751141033617e+01 1.0363845213173194e-03
7.7608999154717580e+01 1.0318636464037370e-03
7.8237292752562283e+01 1.0273603364497228e-03
7.8870672781740936e+01 1.0228745281479791e-03
7.9509180420110084e+01 1.0184061583601864e-03
8.0152857178887075e+01 1.0139551641172966e-03
8.0801744905348571e+01 1.0095214826198193e-03
8.1455885785551189e+01 1.0051050512380956e-03
8.2115322347074283e+01 1.0007058075125563e-03
8.2780097461784479e+01 9.9632368915397555e-04
8.3450254348623275e+01 9.9195863404370559e-04
8.4125836576416575e+01 9.8761058023390681e-04
8.4806888066707302e+01 9.8327946594776376e-04
8.5493453096610921e+01 9.7896522957968907e-04
8.6185576301693800e+01 9.7466780969552138e-04
8.6883302678875395e+01 9.7038714503270716e-04
8.7586677589353457e+01 9.6612317450047607e-04
8.8295746761553119e+01 9.6187583718000506e-04
8.9010556294099871e+01 9.5764507232457018e-04
8.9731152658816413e+01 9.5343081935969447e-04
9.0457582703744180e+01 9.4923301788327641e-04
9.1189893656188886e+01 9.4505160766571834e-04
9.1928133125790964e+01 9.4088652865003926e-04
9.2672349107620690e+01 9.3673772095198191e-04
9.3422589985298700e+01 9.3260512486010628e-04
9.4178904534141409e+01 9.2848868083587725e-04
9.4941341924332036e+01 9.2438832951374360e-04
9.5709951724117360e+01 9.2030401170120537e-04
9.6484783903030134e+01 9.1623566837887530e-04
9.7265888835137986e+01 9.1218324070052874e-04
9.8053317302318234e+01 9.0814666999314763e-04
9.8847120497559374e+01 9.0412589775695437e-04
9.9647350028289381e+01 9.0012086566543823e-04
1.0045405791973054e+02 8.9613151556537402e-04
1.0126729661828242e+02 8.9215778947682970e-04
1.0208711899493061e+02 8.8819962959317230e-04
1.0291357834868491e+02 8.8425697828105831e-04
1.0374672841004397e+02 8.8032977808042161e-04
1.0458662334448860e+02 8.7641797170445268e-04
1.0543331775600316e+02 8.7252150203957020e-04
1.0628686669062562e+02 8.6864031214538382e-04
1.0714732564002612e+02 8.6477434525465170e-04
1.0801475054511484e+02 8.6092354477322977e-04
1.0888919779967877e+02 8.5708785428001476e-04
1.0977072425404776e+02 8.5326721752688019e-04
1.1065938721879111e+02 8.4946157843860325e-04
1.1155524446844305e+02 8.4567088111278796e-04
1.1245835424525897e+02 8.4189506981978131e-04
1.1336877526300191e+02 8.3813408900258030e-04
1.1428656671075967e+02 8.3438788327673606e-04
1.1521178825679294e+02 8.3065639743024880e-04
1.1614450005241443e+02 8.2693957642345829e-04
1.1708476273589952e+02 8.2323736538892636e-04
1.1803263743642863e+02 8.1954970963131566e-04
1.1898818577806094e+02 8.1587655462726251e-04
1.1995146988374147e+02 8.1221784602523907e-04
1.2092255237933934e+02 8.0857352964541665e-04
1.2190149639771948e+02 8.0494355147951919e-04
1.2288836558284699e+02 8.0132785769067055e-04
1.2388322409392481e+02 7.9772639461324064e-04
1.2488613660956500e+02 7.9413910875268093e-04
1.2589716833199354e+02 7.9056594678535792e-04
1.2691638499128956e+02 7.8700685555838003e-04
1.2794385284965807e+02 7.8346178208942138e-04
1.2897963870573864e+02 7.7993067356653628e-04
1.3002380989894766e+02 7.7641347734797321e-04
1.3107643431385640e+02 7.7291014096198180e-04
1.3213758038460432e+02 7.6942061210661468e-04
1.3320731709934833e+02 7.6594483864952565e-04
1.3428571400474772e+02 7.6248276862776244e-04
1.3537284121048569e+02 7.5903435024755569e-04
1.3646876939382736e+02 7.5559953188410179e-04
1.3757356980421491e+02 7.5217826208134322e-04
1.3868731426789901e+02 7.4877048955174425e-04
1.3981007519260939e+02 7.4537616317606095e-04
1.4094192557226171e+02 7.4199523200310722e-04
1.4208293899170323e+02 7.3862764524951858e-04
1.4323318963149671e+02 7.3527335229951101e-04
1.4439275227274328e+02 7.3193230270463395e-04
1.4556170230194394e+02 7.2860444618352220e-04
1.4674011571590086e+02 7.2528973262164190e-04
1.4792806912665810e+02 7.2198811207103356e-04
1.4912563976648201e+02 7.1869953475005299e-04
1.5033290549288304e+02 7.1542395104310394e-04
1.5154994479367696e+02 7.1216131150037259e-04
1.5277683679208766e+02 7.0891156683755574e-04
1.5401366125189131e+02 7.0567466793558455e-04
1.5526049858260188e+02 7.0245056584034796e-04
1.5651742984469891e+02 6.9923921176241060e-04
1.5778453675489740e+02 6.9604055707672729e-04
1.5906190169146072e+02 6.9285455332235518e-04
1.6034960769955543e+02 6.8968115220216432e-04
1.6164773849665150e+02 6.8652030558254129e-04
1.6295637847796414e+02 6.8337196549309281e-04
1.6427561272194086e+02 6.8023608412634551e-04
1.6560552699579267e+02 6.7711261383744290e-04
1.6694620776107004e+02 6.7400150714383986e-04
1.6829774217928392e+02 6.7090271672499318e-04
1.6966021811757253e+02 6.6781619542205072e-04
1.7103372415441370e+02 6.6474189623753725e-04
1.7241834958538394e+02 6.6167977233503716e-04
1.7381418442896293e+02 6.5862977703887702e-04
1.7522131943238708e+02 6.5559186383380122e-04
1.7663984607754841e+02 6.5256598636465014e-04
1.7806985658694245e+02 6.4955209843603121e-04
1.7951144392966364e+02 6.4655015401199225e-04
1.8096470182744974e+02 6.4356010721568940e-04
1.8242972476077477e+02 6.4058191232905289e-04
1.8390660797499154e+02 6.3761552379245170e-04
1.8539544748652409e+02 6.3466089620435584e-04
1.8689634008910903e+02 6.3171798432099739e-04
1.8840938336008978e+02 6.2878674305602675e-04
1.8993467566675932e+02 6.2586712748016900e-04
1.9147231617275574e+02 6.2295909282087834e-04
1.9302240484450905e+02 6.2006259446199092e-04
1.9458504245774031e+02 6.1717758794337324e-04
1.9616033060401332e+02 6.1430402896057187e-04
1.9774837169733942e+02 6.1144187336445975e-04
1.9934926898083575e+02 6.0859107716088024e-04
2.0096312653343742e+02 6.0575159651029198e-04
2.0259004927666336e+02 6.0292338772740921e-04
2.0423014298143877e+02 6.0010640728084088e-04
2.0588351427497062e+02 5.9730061179273110e-04
2.0755027064768015e+02 5.9450595803839411e-04
2.0923052046019106e+02 5.9172240294594976e-04
2.1092437295037439e+02 5.8894990359595854e-04
2.1263193824045035e+02 5.8618841722105281e-04
2.1435332734414769e+02 5.8343790120556809e-04
2.1608865217392125e+02 5.8069831308517263e-04
2.1783802554822682e+02 5.7796961054649694e-04
2.1960156119885713e+02 5.7525175142675940e-04
2.2137937377833501e+02 5.7254469371339264e-04
2.2317157886736746e+02 5.6984839554366832e-04
2.2497829298235985e+02 5.6716281520432111e-04
2.2679963358299116e+02 5.6448791113117042e-04
2.2863571907985016e+02 5.6182364190874266e-04
2.3048666884213375e+02 5.5916996626988993e-04
2.3235260320540766e+02 5.5652684309541098e-04
2.3423364347942899e+02 5.5389423141366881e-04
2.3612991195603411e+02 5.5127209040020772e-04
2.3804153191708849e+02 5.4866037937737009e-04
2.3996862764250170e+02 5.4605905781391175e-04
2.4191132441830723e+02 5.4346808532461648e-04
2.4386974854480775e+02 5.4088742166991056e-04
2.4584402734478616e+02 5.3831702675547497e-04
2.4783428917178333e+02 5.3575686063185774e-04
2.4984066341844257e+02 5.3320688349408588e-04
2.5186328052492232e+02 5.3066705568127618e-04
2.5390227198737509e+02 5.2813733767624572e-04
2.5595777036649827e+02 5.2561769010511935e-04
2.5802990929615100e+02 5.2310807373694168e-04
2.6011882349204251e+02 5.2060844948328261e-04
2.6222464876049031e+02 5.1811877839784675e-04
2.6434752200724932e+02 5.1563902167607980e-04
2.6648758124641262e+02 5.1316914065477521e-04
2.6864496560938392e+02 5.1070909681168121e-04
2.7081981535392350e+02 5.0825885176510488e-04
2.7301227187326538e+02 5.0581836727351954e-04
2.7522247770531141e+02 5.0338760523516764e-04
2.7745057654189708e+02 5.0096652768766585e-04
2.7969671323813355e+02 4.9855509680761013e-04
2.8196103382182508e+02 4.9615327491017833e-04
2.8424368550296276e+02 4.9376102444873373e-04
2.8654481668329498e+02 4.9137830801442896e-04
2.8886457696597546e+02 4.8900508833580800e-04
2.9120311716528960e+02 4.8664132827840972e-04
2.9356058931645924e+02 4.8428699084436912e-04
2.9593714668552616e+02 4.8194203917202133e-04
2.9833294377931776e+02 4.7960643653550137e-04
3.0074813635549100e+02 4.7728014634434806e-04
3.0318288143265903e+02 4.7496313214310431e-04
3.0563733730059903e+02 4.7265535761091998e-04
3.0811166353054369e+02 4.7035678656115194e-04
3.1060602098555484e+02 4.6806738294096715e-04
3.1312057183098193e+02 4.6578711083094246e-04
3.1565547954500499e+02 4.6351593444466722e-04
3.1821090892926185e+02 4.6125381812834427e-04
3.2078702611956385e+02 4.5900072636039039e-04
3.2338399859669585e+02 4.5675662375103905e-04
3.2600199519730501e+02 4.5452147504194062e-04
3.2864118612487692e+02 4.5229524510576464e-04
3.3130174296080150e+02 4.5007789894580040e-04
3.3398383867552781e+02 4.4786940169555984e-04
3.3668764763980926e+02 4.4566971861837807e-04
3.3941334563604033e+02 4.4347881510701533e-04
3.4216110986968351e+02 4.4129665668326033e-04
3.4493111898079178e+02 4.3912320899753058e-04
3.4772355305562121e+02 4.3695843782847496e-04
3.5053859363833931e+02 4.3480230908257765e-04
3.5337642374282751e+02 4.3265478879375935e-04
3.5623722786457967e+02 4.3051584312298063e-04
3.5912119199269659e+02 4.2838543835784545e-04
3.6202850362197762e+02 4.2626354091220367e-04
3.6495935176511028e+02 4.2415011732575592e-04
3.6791392696495893e+02 4.2204513426365642e-04
3.7089242130695095e+02 4.1994855851611813e-04
3.7389502843156703e+02 4.1786035699801653e-04
3.7692194354692890e+02 4.1578049674849469e-04
3.7997336344149051e+02 4.1370894493056884e-04
3.8304948649683200e+02 4.1164566883073351e-04
3.8615051270055716e+02 4.0959063585856766e-04
3.8927664365929490e+02 4.0754381354634093e-04
3.9242808261180642e+02 4.0550516954861973e-04
3.9560503444219887e+02 4.0347467164187511e-04
3.9880770569324358e+02 4.0145228772409081e-04
4.0203630457980671e+02 3.9943798581436871e-04
4.0529104100238413e+02 3.9743173405253985e-04
4.0857212656074796e+02 3.9543350069877145e-04
4.1187977456770352e+02 3.9344325413317706e-04
4.1521420006295716e+02 3.9146096285542614e-04
4.1857561982709683e+02 3.8948659548435337e-04
4.2196425239568549e+02 3.8752012075757107e-04
4.2538031807346920e+02 3.8556150753107812e-04
4.2882403894869788e+02 3.8361072477887396e-04
4.3229563890756680e+02 3.8166774159256901e-04
4.3579534364877014e+02 3.7973252718099821e-04
4.3932338069817479e+02 3.7780505086983438e-04
4.4287997942361238e+02 3.7588528210120151e-04
4.4646537104979132e+02 3.7397319043328941e-04
4.5007978867332918e+02 3.7206874553996931e-04
4.5372346727790710e+02 3.7017191721040830e-04
4.5739664374954680e+02 3.6828267534868604e-04
4.6109955689201149e+02 3.6640098997341153e-04
4.6483244744232951e+02 3.6452683121734073e-04
4.6859555808644802e+02 3.6266016932699340e-04
4.7238913347500892e+02 3.6080097466227297e-04
4.7621342023925484e+02 3.5894921769608480e-04
4.8006866700706308e+02 3.5710486901395651e-04
4.8395512441910978e+02 3.5526789931365852e-04
4.8787304514516495e+02 3.5343827940482472e-04
4.9182268390051900e+02 3.5161598020857479e-04
4.9580429746254305e+02 3.4980097275713617e-04
4.9981814468738094e+02 3.4799322819346819e-04
5.0386448652678104e+02 3.4619271777088444e-04
5.0794358604505959e+02 3.4439941285267843e-04
5.1205570843620364e+02 3.4261328491174851e-04
5.1620112104111217e+02 3.4083430553022355e-04
5.2038009336497669e+02 3.3906244639909006e-04
5.2459289709480265e+02 3.3729767931781881e-04
5.2883980611707204e+02 3.3553997619399401e-04
5.3312109653555046e+02 3.3378930904294111e-04
5.3743704668923726e+02 3.3204564998735647e-04
5.4178793717045914e+02 3.3030897125693883e-04
5.4617405084311554e+02 3.2857924518801872e-04
5.5059567286106653e+02 3.2685644422319088e-04
5.5505309068667168e+02 3.2514054091094740e-04
5.5954659410947875e+02 3.2343150790531053e-04
5.6407647526506412e+02 3.2172931796546633e-04
5.6864302865402510e+02 3.2003394395540061e-04
5.7324655116112649e+02 3.1834535884353360e-04
5.7788734207460197e+02 3.1666353570235657e-04
5.8256570310561005e+02 3.1498844770807009e-04
5.8728193840785207e+02 3.1332006814022053e-04
5.9203635459734437e+02 3.1165837038133956e-04
5.9682926077235231e+02 3.1000332791658402e-04
6.0166096853348597e+02 3.0835491433337610e-04
6.0653179200395789e+02 3.0671310332104439e-04
6.1144204785000557e+02 3.0507786867046635e-04
6.1639205530147865e+02 3.0344918427371078e-04
6.2138213617259328e+02 3.0182702412368190e-04
6.2641261488285227e+02 3.0021136231376378e-04
6.3148381847813960e+02 2.9860217303746567e-04
6.3659607665198087e+02 2.9699943058806802e-04
6.4174972176697759e+02 2.9540310935826980e-04
6.4694508887641553e+02 2.9381318383983618e-04
6.5218251574604710e+02 2.9222962862324761e-04
6.5746234287605057e+02 2.9065241839734902e-04
6.6278491352316735e+02 2.8908152794900050e-04
6.6815057372301737e+02 2.8751693216272855e-04
6.7355967231259729e+02 2.8595860602037798e-04
6.7901256095295628e+02 2.8440652460076573e-04
6.8450959415206239e+02 2.8286066307933369e-04
6.9005112928784797e+02 2.8132099672780413e-04
6.9563752663144408e+02 2.7978750091383519e-04
7.0126914937060280e+02 2.7826015110067739e-04
7.0694636363330949e+02 2.7673892284683086e-04
7.1266953851158530e+02 2.7522379180570385e-04
7.1843904608548314e+02 2.7371473372527166e-04
7.2425526144727837e+02 2.7221172444773657e-04
7.3011856272585203e+02 2.7071473990918944e-04
7.3602933111127766e+02 2.6922375613927063e-04
7.4198795087960161e+02 2.6773874926083296e-04
7.4799480941782610e+02 2.6625969548960539e-04
7.5405029724909423e+02 2.6478657113385769e-04
7.6015480805807954e+02 2.6331935259406536e-04
7.6630873871658014e+02 2.6185801636257613e-04
7.7251248930932070e+02 2.6040253902327731e-04
7.7876646315996300e+02 2.5895289725126348e-04
7.8507106685732811e+02 2.5750906781250540e-04
7.9142671028182644e+02 2.5607102756352082e-04
7.9783380663211017e+02 2.5463875345104397e-04
8.0429277245193362e+02 2.5321222251169782e-04
8.1080402765723420e+02 2.5179141187166694e-04
8.1736799556343260e+02 2.5037629874637054e-04
8.2398510291295383e+02 2.4896686044013710e-04
8.3065577990297083e+02 2.4756307434587967e-04
8.3738046021337288e+02 2.4616491794477217e-04
8.4415958103496132e+02 2.4477236880592605e-04
8.5099358309786896e+02 2.4338540458606969e-04
8.5788291070021853e+02 2.4200400302922543e-04
8.6482801173700420e+02 2.4062814196639109e-04
8.7182933772921160e+02 2.3925779931521982e-04
8.7888734385317230e+02 2.3789295307970242e-04
8.8600248897015615e+02 2.3653358134984961e-04
8.9317523565620320e+02 2.3517966230137579e-04
9.0040605023219712e+02 2.3383117419538345e-04
9.0769540279418300e+02 2.3248809537804836e-04
9.1504376724392591e+02 2.3115040428030659e-04
9.2245162131972631e+02 2.2981807941754097e-04
9.2991944662747517e+02 2.2849109938926959e-04
9.3744772867196559e+02 2.2716944287883478e-04
9.4503695688845721e+02 2.2585308865309339e-04
9.5268762467449551e+02 2.2454201556210745e-04
9.6040022942198857e+02 2.2323620253883605e-04
9.6817527254954507e+02 2.2193562859882822e-04
9.7601325953507194e+02 2.2064027283991665e-04
9.8391469994863803e+02 2.1935011444191199e-04
9.9188010748559964e+02 2.1806513266629907e-04
9.9991000000000190e+02 2.1678530685593266e-04
1.0029097300000001e+03 2.1631114642692656e-04
1.0059094600000001e+03 2.1583910667946789e-04
1.0089091900000001e+03 2.1536917185263830e-04
1.0119089200000001e+03 2.1490132634902274e-04
1.0149086500000001e+03 2.1443555473253491e-04
1.0179083800000001e+03 2.1397184172627858e-04
1.0209081100000001e+03 2.1351017221044277e-04
1.0239078400000001e+03 2.1305053122023100e-04
1.0269075700000001e+03 2.1259290394382423e-04
1.0299073000000001e+03 2.1213727572037594e-04
1.0329070300000001e+03 2.1168363203803931e-04
1.0359067600000001e+03 2.1123195853202598e-04
1.0389064900000001e+03 2.1078224098269557e-04
1.0419062200000001e+03 2.1033446531367543e-04
1.0449059500000001e+03 2.0988861759001012e-04
1.0479056800000001e+03 2.0944468401633962e-04
1.0509054100000001e+03 2.0900265093510721e-04
1.0539051400000001e+03 2.0856250482479400e-04
1.0569048700000001e+03 2.0812423229818190e-04
1.0599046000000001e+03 2.0768782010064372e-04
1.0629043300000001e+03 2.0725325510845911e-04
1.0659040600000001e+03 2.0682052432715711e-04
1.0689037900000001e+03 2.0638961488988425e-04
1.0719035200000001e+03 2.0596051405579756e-04
1.0749032500000001e+03 2.0553320920848226e-04
1.0779029800000001e+03 2.0510768785439372e-04
1.0809027100000001e+03 2.0468393762132354e-04
1.0839024400000001e+03 2.0426194625688818e-04
1.0869021700000001e+03 2.0384170162704129e-04
1.0899019000000001e+03 2.0342319171460829e-04
1.0929016300000001e+03 2.0300640461784274e-04
1.0959013600000001e+03 2.0259132854900518e-04
1.0989010900000001e+03 2.0217795183296249e-04
1.1019008200000001e+03 2.0176626290580889e-04
1.1049005500000001e+03 2.0135625031350698e-04
1.1079002800000001e+03 2.0094790271054936e-04
1.1109000100000001e+03 2.0054120885864025e-04
1.1138997400000001e+03 2.0013615762539595e-04
1.1168994700000001e+03 1.9973273798306563e-04
1.1198992000000001e+03 1.9933093900726946e-04
1.1228989300000001e+03 1.9893074987575689e-04
1.1258986600000001e+03 1.9853215986718198e-04
1.1288983900000001e+03 1.9813515835989686e-04
1.1318981200000001e+03 1.9773973483076335e-04
1.1348978500000001e+03 1.9734587885398078e-04
1.1378975800000001e+03 1.9695358009993218e-04
1.1408973100000001e+03 1.9656282833404584e-04
1.1438970400000001e+03 1.9617361341567398e-04
1.1468967700000001e+03 1.9578592529698760e-04
1.1498965000000001e+03 1.9539975402188694e-04
1.1528962300000001e+03 1.9501508972492729e-04
1.1558959600000001e+03 1.9463192263026113e-04
1.1588956900000001e+03 1.9425024305059371e-04
1.1618954200000001e+03 1.9387004138615526e-04
1.1648951500000001e+03 1.9349130812368640e-04
1.1678948800000001e+03 1.9311403383543837e-04
1.1708946100000001e+03 1.9273820917818749e-04
1.1738943400000001e+03 1.9236382489226330e-04
1.1768940700000001e+03 1.9199087180059028e-04
1.1798938000000001e+03 1.9161934080774292e-04
1.1828935300000001e+03 1.9124922289901443e-04
1.1858932600000001e+03 1.9088050913949761e-04
1.1888929900000001e+03 1.9051319067317924e-04
1.1918927200000001e+03 1.9014725872204649e-04
1.1948924500000001e+03 1.8978270458520590e-04
1.1978921800000001e+03 1.8941951963801453e-04
1.2008919100000001e+03 1.8905769533122290e-04
1.2038916400000001e+03 1.8869722319012964e-04
1.2068913700000001e+03 1.8833809481374802e-04
1.2098911000000001e+03 1.8798030187398336e-04
1.2128908300000001e+03 1.8762383611482206e-04
1.2158905600000001e+03 1.8726868935153133e-04
1.2188902900000000e+03 1.8691485346987007e-04
1.2218900200000000e+03 1.8656232042530996e-04
1.2248897500000000e+03 1.8621108224226745e-04
1.2278894800000000e+03 1.8586113101334587e-04
1.2308892100000000e+03 1.8551245889858781e-04
1.2338889400000000e+03 1.8516505812473711e-04
1.2368886700000000e+03 1.8481892098451156e-04
1.2398884000000000e+03 1.8447403983588419e-04
1.2428881300000000e+03 1.8413040710137487e-04
1.2458878600000000e+03 1.8378801526735102e-04
1.2488875900000000e+03 1.8344685688333767e-04
1.2518873200000000e+03 1.8310692456133636e-04
1.2548870500000000e+03 1.8276821097515326e-04
1.2578867800000000e+03 1.8243070885973596e-04
1.2608865100000000e+03 1.8209441101051904e-04
1.2638862400000000e+03 1.8175931028277813e-04
1.2668859700000000e+03 1.8142539959099235e-04
1.2698857000000000e+03 1.8109267190821482e-04
1.2728854300000000e+03 1.8076112026545202e-04
1.2758851600000000e+03 1.8043073775105044e-04
1.2788848900000000e+03 1.8010151751009140e-04
1.2818846200000000e+03 1.7977345274379367e-04
1.2848843500000000e+03 1.7944653670892401e-04
1.2878840800000000e+03 1.7912076271721470e-04
1.2908838100000000e+03 1.7879612413478898e-04
1.2938835400000000e+03 1.7847261438159385e-04
1.2968832700000000e+03 1.7815022693083940e-04
1.2998830000000000e+03 1.7782895530844633e-04
1.3028827300000000e+03 1.7750879309249944e-04
1.3058824600000000e+03 1.7718973391270880e-04
1.3088821900000000e+03 1.7687177144987725e-04
1.3118819200000000e+03 1.7655489943537467e-04
1.3148816500000000e+03 1.7623911165061894e-04
1.3178813800000000e+03 1.7592440192656353e-04
1.3208811100000000e+03 1.7561076414319117e-04
1.3238808400000000e+03 1.7529819222901396e-04
1.3268805700000000e+03 1.7498668016057982e-04
1.3298803000000000e+03 1.7467622196198484e-04
1.3328800300000000e+03 1.7436681170439201e-04
1.3358797600000000e+03 1.7405844350555538e-04
1.3388794900000000e+03 1.7375111152935065e-04
1.3418792200000000e+03 1.7344480998531100e-04
1.3448789500000000e+03 1.7313953312816921e-04
1.3478786800000000e+03 1.7283527525740447e-04
1.3508784100000000e+03 1.7253203071679603e-04
1.3538781400000000e+03 1.7222979389398105e-04
1.3568778700000000e+03 1.7192855922001829e-04
1.3598776000000000e+03 1.7162832116895759e-04
1.3628773300000000e+03 1.7132907425741365e-04
1.3658770600000000e+03 1.7103081304414557e-04
1.3688767900000000e+03 1.7073353212964146e-04
1.3718765200000000e+03 1.7043722615570764e-04
1.3748762500000000e+03 1.7014188980506311e-04
1.3778759800000000e+03 1.6984751780093883e-04
1.3808757100000000e+03 1.6955410490668160e-04
1.3838754400000000e+03 1.6926164592536306e-04
1.3868751700000000e+03 1.6897013569939275e-04
1.3898749000000000e+03 1.6867956911013635e-04
1.3928746300000000e+03 1.6838994107753810e-04
1.3958743600000000e+03 1.6810124655974759e-04
1.3988740900000000e+03 1.6781348055275154e-04
1.4018738200000000e+03 1.6752663809000906e-04
1.4048735500000000e+03 1.6724071424209188e-04
1.4078732800000000e+03 1.6695570411632849e-04
1.4108730100000000e+03 1.6667160285645263e-04
1.4138727400000000e+03 1.6638840564225539e-04
1.4168724700000000e+03 1.6610610768924222e-04
1.4198722000000000e+03 1.6582470424829286e-04
1.4228719300000000e+03 1.6554419060532639e-04
1.4258716600000000e+03 1.6526456208096899e-04
1.4288713900000000e+03 1.6498581403022651e-04
1.4318711200000000e+03 1.6470794184216022e-04
1.4348708500000000e+03 1.6443094093956641e-04
1.4378705800000000e+03 1.6415480677865965e-04
1.4408703100000000e+03 1.6387953484876014e-04
1.4438700400000000e+03 1.6360512067198371e-04
1.4468697700000000e+03 1.6333155980293636e-04
1.4498695000000000e+03 1.6305884782841129e-04
1.4528692300000000e+03 1.6278698036709043e-04
1.4558689600000000e+03 1.6251595306924834e-04
1.4588686900000000e+03 1.6224576161646015e-04
1.4618684200000000e+03 1.6197640172131258e-04
1.4648681500000000e+03 1.6170786912711804e-04
1.4678678800000000e+03 1.6144015960763220e-04
1.4708676100000000e+03 1.6117326896677463e-04
1.4738673400000000e+03 1.6090719303835259e-04
1.4768670700000000e+03 1.6064192768578769e-04
1.4798668000000000e+03 1.6037746880184615e-04
1.4828665300000000e+03 1.6011381230837126e-04
1.4858662600000000e+03 1.5985095415601969e-04
1.4888659900000000e+03 1.5958889032399986e-04
1.4918657200000000e+03 1.5932761681981394e-04
1.4948654500000000e+03 1.5906712967900228e-04
1.4978651800000000e+03 1.5880742496489063e-04
1.5008649100000000e+03 1.5854849876834035e-04
1.5038646400000000e+03 1.5829034720750150e-04
1.5068643700000000e+03 1.5803296642756803e-04
1.5098641000000000e+03 1.5777635260053616e-04
1.5128638300000000e+03 1.5752050192496543e-04
1.5158635600000000e+03 1.5726541062574182e-04
1.5188632900000000e+03 1.5701107495384427e-04
1.5218630200000000e+03 1.5675749118611280e-04
1.5248627500000000e+03 1.5650465562501987e-04
1.5278624800000000e+03 1.5625256459844388e-04
1.5308622100000000e+03 1.5600121445944503e-04
1.5338619400000000e+03 1.5575060158604421e-04
1.5368616700000000e+03 1.5550072238100290e-04
1.5398614000000000e+03 1.5525157327160726e-04
1.5428611300000000e+03 1.5500315070945291e-04
1.5458608600000000e+03 1.5475545117023308e-04
1.5488605900000000e+03 1.5450847115352836e-04
1.5518603200000000e+03 1.5426220718259902e-04
1.5548600500000000e+03 1.5401665580417953e-04
1.5578597800000000e+03 1.5377181358827501e-04
1.5608595100000000e+03 1.5352767712796018e-04
1.5638592400000000e+03 1.5328424303918012e-04
1.5668589700000000e+03 1.5304150796055331e-04
1.5698587000000000e+03 1.5279946855317663e-04
1.5728584300000000e+03 1.5255812150043258e-04
1.5758581600000000e+03 1.5231746350779829e-04
1.5788578900000000e+03 1.5207749130265665e-04
1.5818576200000000e+03 1.5183820163410937e-04
1.5848573500000000e+03 1.5159959127279221e-04
1.5878570800000000e+03 1.5136165701069165e-04
1.5908568100000000e+03 1.5112439566096391e-04
1.5938565400000000e+03 1.5088780405775559e-04
1.5968562700000000e+03 1.5065187905602629e-04
1.5998560000000000e+03 1.5041661753137310e-04
1.6028557300000000e+03 1.5018201637985665e-04
1.6058554600000000e+03 1.4994807251782923e-04
1.6088551900000000e+03 1.4971478288176442e-04
1.6118549200000000e+03 1.4948214442808884e-04
1.6148546500000000e+03 1.4925015413301513e-04
1.6178543800000000e+03 1.4901880899237697e-04
1.6208541100000000e+03 1.4878810602146560e-04
1.6238538400000000e+03 1.4855804225486846e-04
1.6268535700000000e+03 1.4832861474630850e-04
1.6298533000000000e+03 1.4809982056848613e-04
1.6328530300000000e+03 1.4787165681292232e-04
1.6358527600000000e+03 1.4764412058980311e-04
1.6388524900000000e+03 1.4741720902782616e-04
1.6418522200000000e+03 1.4719091927404814e-04
1.6448519500000000e+03 1.4696524849373458e-04
1.6478516800000000e+03 1.4674019387021046e-04
1.6508514100000000e+03 1.4651575260471252e-04
1.6538511400000000e+03 1.4629192191624311e-04
1.6568508700000000e+03 1.4606869904142556e-04
1.6598506000000000e+03 1.4584608123436088e-04
1.6628503300000000e+03 1.4562406576648559e-04
1.6658500600000000e+03 1.4540264992643181e-04
1.6688497900000000e+03 1.4518183101988767e-04
1.6718495200000000e+03 1.4496160636945989e-04
1.6748492500000000e+03 1.4474197331453725e-04
1.6778489800000000e+03 1.4452292921115584e-04
1.6808487100000000e+03 1.4430447143186522e-04
1.6838484400000000e+03 1.4408659736559590e-04
1.6868481700000000e+03 1.4386930441752857e-04
1.6898479000000000e+03 1.4365259000896410e-04
1.6928476300000000e+03 1.4343645157719508e-04
1.6958473600000000e+03 1.4322088657537854e-04
1.6988470900000000e+03 1.4300589247240983e-04
1.7018468200000000e+03 1.4279146675279797e-04
1.7048465500000000e+03 1.4257760691654175e-04
1.7078462800000000e+03 1.4236431047900762e-04
1.7108460100000000e+03 1.4215157497080833e-04
1.7138457400000000e+03 1.4193939793768261e-04
1.7168454700000000e+03 1.4172777694037672e-04
1.7198452000000000e+03 1.4151670955452636e-04
1.7228449300000000e+03 1.4130619337053996e-04
1.7258446600000000e+03 1.4109622599348337e-04
1.7288443900000000e+03 1.4088680504296537e-04
1.7318441200000000e+03 1.4067792815302419e-04
1.7348438500000000e+03 1.4046959297201532e-04
1.7378435800000000e+03 1.4026179716250029e-04
1.7408433100000000e+03 1.4005453840113680e-04
1.7438430400000000e+03 1.3984781437856899e-04
1.7468427700000000e+03 1.3964162279932006e-04
1.7498425000000000e+03 1.3943596138168469e-04
1.7528422300000000e+03 1.3923082785762331e-04
1.7558419600000000e+03 1.3902621997265694e-04
1.7588416900000000e+03 1.3882213548576308e-04
1.7618414200000000e+03 1.3861857216927262e-04
1.7648411500000000e+03 1.3841552780876788e-04
1.7678408800000002e+03 1.3821300020298117e-04
1.7708406100000002e+03 1.3801098716369485e-04
1.7738403400000002e+03 1.3780948651564173e-04
1.7768400700000002e+03 1.3760849609640688e-04
1.7798398000000002e+03 1.3740801375633014e-04
1.7828395300000002e+03 1.3720803735840952e-04
1.7858392600000002e+03 1.3700856477820555e-04
1.7888389900000002e+03 1.3680959390374646e-04
1.7918387200000002e+03 1.3661112263543441e-04
1.7948384500000002e+03 1.3641314888595209e-04
1.7978381800000002e+03 1.3621567058017087e-04
1.8008379100000002e+03 1.3601868565505932e-04
1.8038376400000002e+03 1.3582219205959264e-04
1.8068373700000002e+03 1.3562618775466315e-04
1.8098371000000002e+03 1.3543067071299097e-04
1.8128368300000002e+03 1.3523563891903659e-04
1.8158365600000002e+03 1.3504109036891303e-04
1.8188362900000002e+03 1.3484702307029969e-04
1.8218360200000002e+03 1.3465343504235670e-04
1.8248357500000002e+03 1.3446032431563965e-04
1.8278354800000002e+03 1.3426768893201572e-04
1.8308352100000002e+03 1.3407552694458036e-04
1.8338349400000002e+03 1.3388383641757437e-04
1.8368346700000002e+03 1.3369261542630221e-04
1.8398344000000002e+03 1.3350186205705070e-04
1.8428341300000002e+03 1.3331157440700880e-04
1.8458338600000002e+03 1.3312175058418751e-04
1.8488335900000002e+03 1.3293238870734132e-04
1.8518333200000002e+03 1.3274348690588952e-04
1.8548330500000002e+03 1.3255504331983870e-04
1.8578327800000002e+03 1.3236705609970609e-04
1.8608325100000002e+03 1.3217952340644284e-04
1.8638322400000002e+03 1.3199244341135887e-04
1.8668319700000002e+03 1.3180581429604788e-04
1.8698317000000002e+03 1.3161963425231294e-04
1.8728314300000002e+03 1.3143390148209302e-04
1.8758311600000002e+03 1.3124861419739009e-04
1.8788308900000002e+03 1.3106377062019692e-04
1.8818306200000002e+03 1.3087936898242510e-04
1.8848303500000002e+03 1.3069540752583435e-04
1.8878300800000002e+03 1.3051188450196192e-04
1.8908298100000002e+03 1.3032879817205281e-04
1.8938295400000002e+03 1.3014614680699073e-04
1.8968292700000002e+03 1.2996392868722920e-04
1.8998290000000002e+03 1.2978214210272395e-04
1.9028287300000002e+03 1.2960078535286513e-04
1.9058284600000002e+03 1.2941985674641085e-04
1.9088281900000002e+03 1.2923935460142064e-04
1.9118279200000002e+03 1.2905927724518999e-04
1.9148276500000002e+03 1.2887962301418509e-04
1.9178273800000002e+03 1.2870039025397842e-04
1.9208271100000002e+03 1.2852157731918466e-04
1.9238268400000002e+03 1.2834318257339737e-04
1.9268265700000002e+03 1.2816520438912584e-04
1.9298263000000002e+03 1.2798764114773308e-04
1.9328260300000002e+03 1.2781049123937365e-04
1.9358257600000002e+03 1.2763375306293264e-04
1.9388254900000002e+03 1.2745742502596474e-04
1.9418252200000002e+03 1.2728150554463399e-04
1.9448249500000002e+03 1.2710599304365409e-04
1.9478246800000002e+03 1.2693088595622904e-04
1.9508244100000002e+03 1.2675618272399447e-04
1.9538241400000002e+03 1.2658188179695949e-04
1.9568238700000002e+03 1.2640798163344869e-04
1.9598236000000002e+03 1.2623448070004512e-04
1.9628233300000002e+03 1.2606137747153324e-04
1.9658230600000002e+03 1.2588867043084292e-04
1.9688227900000002e+03 1.2571635806899340e-04
1.9718225200000002e+03 1.2554443888503777e-04
1.9748222500000002e+03 1.2537291138600852e-04
1.9778219800000002e+03 1.2520177408686253e-04
1.9808217100000002e+03 1.2503102551042751e-04
1.9838214400000002e+03 1.2486066418734821e-04
1.9868211700000002e+03 1.2469068865603340e-04
1.9898209000000002e+03 1.2452109746260328e-04
1.9928206300000002e+03 1.2435188916083687e-04
1.9958203600000002e+03 1.2418306231212078e-04
1.9988200900000002e+03 1.2401461548539752e-04
2.0018198200000002e+03 1.2384654725711446e-04
2.0048195500000002e+03 1.2367885621117347e-04
2.0078192800000002e+03 1.2351154093888085e-04
2.0108190100000002e+03 1.2334460003889742e-04
2.0138187400000002e+03 1.2317803211718952e-04
2.0168184700000002e+03 1.2301183578697968e-04
2.0198182000000002e+03 1.2284600966869870e-04
2.0228179300000002e+03 1.2268055238993700e-04
2.0258176600000002e+03 1.2251546258539725e-04
2.0288173900000002e+03 1.2235073889684705e-04
2.0318171200000002e+03 1.2218637997307179e-04
2.0348168500000002e+03 1.2202238446982823e-04
2.0378165800000002e+03 1.2185875104979841e-04
2.0408163100000002e+03 1.2169547838254360e-04
2.0438160400000002e+03 1.2153256514445916e-04
2.0468157700000002e+03 1.2137001001872921e-04
2.0498155000000002e+03 1.2120781169528213e-04
2.0528152300000002e+03 1.2104596887074615e-04
2.0558149600000002e+03 1.2088448024840515e-04
2.0588146900000002e+03 1.2072334453815552e-04
2.0618144200000002e+03 1.2056256045646232e-04
2.0648141500000002e+03 1.2040212672631667e-04
2.0678138800000002e+03 1.2024204207719311e-04
2.0708136100000002e+03 1.2008230524500723e-04
2.0738133400000002e+03 1.1992291497207385e-04
2.0768130700000002e+03 1.1976387000706536e-04
2.0798128000000002e+03 1.1960516910497060e-04
2.0828125300000002e+03 1.1944681102705367e-04
2.0858122600000002e+03 1.1928879454081357e-04
2.0888119900000002e+03 1.1913111841994382e-04
2.0918117200000002e+03 1.1897378144429243e-04
2.0948114500000001e+03 1.1881678239982227e-04
2.0978111800000001e+03 1.1866012007857183e-04
2.1008109100000001e+03 1.1850379327861610e-04
2.1038106400000001e+03 1.1834780080402774e-04
2.1068103700000001e+03 1.1819214146483893e-04
2.1098101000000001e+03 1.1803681407700288e-04
2.1128098300000001e+03 1.1788181746235629e-04
2.1158095600000001e+03 1.1772715044858179e-04
2.1188092900000001e+03 1.1757281186917050e-04
2.1218090200000001e+03 1.1741880056338527e-04
2.1248087500000001e+03 1.1726511537622401e-04
2.1278084800000001e+03 1.1711175515838313e-04
2.1308082100000001e+03 1.1695871876622162e-04
2.1338079400000001e+03 1.1680600506172522e-04
2.1368076700000001e+03 1.1665361291247081e-04
2.1398074000000001e+03 1.1650154119159116e-04
2.1428071300000001e+03 1.1634978877773991e-04
2.1458068600000001e+03 1.1619835455505686e-04
2.1488065900000001e+03 1.1604723741313361e-04
2.1518063200000001e+03 1.1589643624697915e-04
2.1548060500000001e+03 1.1574594995698613e-04
2.1578057800000001e+03 1.1559577744889702e-04
2.1608055100000001e+03 1.1544591763377089e-04
2.1638052400000001e+03 1.1529636942794998e-04
2.1668049700000001e+03 1.1514713175302701e-04
2.1698047000000001e+03 1.1499820353581253e-04
2.1728044300000001e+03 1.1484958370830220e-04
2.1758041600000001e+03 1.1470127120764496e-04
2.1788038900000001e+03 1.1455326497611107e-04
2.1818036200000001e+03 1.1440556396106018e-04
2.1848033500000001e+03 1.1425816711491017e-04
2.1878030800000001e+03 1.1411107339510578e-04
2.1908028100000001e+03 1.1396428176408766e-04
2.1938025400000001e+03 1.1381779118926162e-04
2.1968022700000001e+03 1.1367160064296829e-04
2.1998020000000001e+03 1.1352570910245257e-04
2.2028017300000001e+03 1.1338011554983378e-04
2.2058014600000001e+03 1.1323481897207572e-04
2.2088011900000001e+03 1.1308981836095719e-04
2.2118009200000001e+03 1.1294511271304244e-04
2.2148006500000001e+03 1.1280070102965218e-04
2.2178003800000001e+03 1.1265658231683445e-04
2.2208001100000001e+03 1.1251275558533601e-04
2.2237998400000001e+03 1.1236921985057382e-04
2.2267995700000001e+03 1.1222597413260674e-04
2.2297993000000001e+03 1.1208301745610726e-04
2.2327990300000001e+03 1.1194034885033389e-04
2.2357987600000001e+03 1.1179796734910322e-04
2.2387984900000001e+03 1.1165587199076265e-04
2.2417982200000001e+03 1.1151406181816290e-04
2.2447979500000001e+03 1.1137253587863109e-04
2.2477976800000001e+03 1.1123129322394378e-04
2.2507974100000001e+03 1.1109033291030034e-04
2.2537971400000001e+03 1.1094965399829643e-04
2.2567968700000001e+03 1.1080925555289773e-04
2.2597966000000001e+03 1.1066913664341375e-04
2.2627963300000001e+03 1.1052929634347213e-04
2.2657960600000001e+03 1.1038973373099255e-04
2.2687957900000001e+03 1.1025044788816159e-04
2.2717955200000001e+03 1.1011143790140720e-04
2.2747952500000001e+03 1.0997270286137348e-04
2.2777949800000001e+03 1.0983424186289578e-04
2.2807947100000001e+03 1.0969605400497584e-04
2.2837944400000001e+03 1.0955813839075728e-04
2.2867941700000001e+03 1.0942049412750094e-04
2.2897939000000001e+03 1.0928312032656091e-04
2.2927936300000001e+03 1.0914601610336009e-04
2.2957933600000001e+03 1.0900918057736651e-04
2.2987930900000001e+03 1.0887261287206954e-04
2.3017928200000001e+03 1.0873631211495623e-04
2.3047925500000001e+03 1.0860027743748798e-04
2.3077922800000001e+03 1.0846450797507724e-04
2.3107920100000001e+03 1.0832900286706440e-04
2.3137917400000001e+03 1.0819376125669501e-04
2.3167914700000001e+03 1.0805878229109685e-04
2.3197912000000001e+03 1.0792406512125757e-04
2.3227909300000001e+03 1.0778960890200202e-04
2.3257906600000001e+03 1.0765541279197005e-04
2.3287903900000001e+03 1.0752147595359452e-04
2.3317901200000001e+03 1.0738779755307925e-04
2.3347898500000001e+03 1.0725437676037713e-04
2.3377895800000001e+03 1.0712121274916873e-04
2.3407893100000001e+03 1.0698830469684043e-04
2.3437890400000001e+03 1.0685565178446351e-04
2.3467887700000001e+03 1.0672325319677260e-04
2.3497885000000001e+03 1.0659110812214482e-04
2.3527882300000001e+03 1.0645921575257883e-04
2.3557879600000001e+03 1.0632757528367405e-04
2.3587876900000001e+03 1.0619618591461016e-04
2.3617874200000001e+03 1.0606504684812653e-04
2.3647871500000001e+03 1.0593415729050197e-04
2.3677868800000001e+03 1.0580351645153441e-04
2.3707866100000001e+03 1.0567312354452116e-04
2.3737863400000001e+03 1.0554297778623871e-04
2.3767860700000001e+03 1.0541307839692311e-04
2.3797858000000001e+03 1.0528342460025037e-04
2.3827855300000001e+03 1.0515401562331685e-04
2.3857852600000001e+03 1.0502485069662008e-04
2.3887849900000001e+03 1.0489592905403943e-04
2.3917847200000001e+03 1.0476724993281700e-04
2.3947844500000001e+03 1.0463881257353877e-04
2.3977841800000001e+03 1.0451061622011567e-04
2.4007839100000001e+03 1.0438266011976502e-04
2.4037836400000001e+03 1.0425494352299175e-04
2.4067833700000001e+03 1.0412746568357024e-04
2.4097831000000001e+03 1.0400022585852576e-04
2.4127828300000001e+03 1.0387322330811642e-04
2.4157825600000001e+03 1.0374645729581500e-04
2.4187822900000001e+03 1.0361992708829118e-04
2.4217820200000001e+03 1.0349363195539354e-04
2.4247817500000001e+03 1.0336757117013207e-04
2.4277814800000001e+03 1.0324174400866033e-04
2.4307812100000001e+03 1.0311614975025817e-04
2.4337809400000001e+03 1.0299078767731441e-04
2.4367806700000001e+03 1.0286565707530950e-04
2.4397804000000001e+03 1.0274075723279849e-04
2.4427801300000001e+03 1.0261608744139402e-04
2.4457798600000001e+03 1.0249164699574954e-04
2.4487795900000001e+03 1.0236743519354237e-04
2.4517793200000001e+03 1.0224345133545714e-04
2.4547790500000001e+03 1.0211969472516939e-04
2.4577787800000001e+03 1.0199616466932880e-04
2.4607785100000001e+03 1.0187286047754331e-04
2.4637782400000001e+03 1.0174978146236252e-04
2.4667779700000001e+03 1.0162692693926187e-04
2.4697777000000001e+03 1.0150429622662653e-04
2.4727774300000001e+03 1.0138188864573546e-04
2.4757771600000001e+03 1.0125970352074582e-04
2.4787768900000001e+03 1.0113774017867714e-04
2.4817766200000001e+03 1.0101599794939574e-04
2.4847763500000001e+03 1.0089447616559941e-04
2.4877760800000001e+03 1.0077317416280183e-04
2.4907758100000001e+03 1.0065209127931757e-04
2.4937755400000001e+03 1.0053122685624678e-04
2.4967752700000001e+03 1.0041058023746009e-04
2.4997750000000001e+03 1.0029015076958370e-04
2.5027747300000001e+03 1.0016993780198457e-04
2.5057744600000001e+03 1.0004994068675563e-04
2.5087741900000001e+03 9.9930158778701084e-05
2.5117739200000001e+03 9.9810591435321827e-05
2.5147736500000001e+03 9.9691238016800976e-05
2.5177733800000001e+03 9.9572097885989558e-05
2.5207731100000001e+03 9.9453170408392188e-05
2.5237728400000001e+03 9.9334454952152863e-05
2.5267725700000001e+03 9.9215950888040797e-05
2.5297723000000001e+03 9.9097657589436507e-05
2.5327720300000001e+03 9.8979574432318012e-05
2.5357717600000001e+03 9.8861700795246609e-05
2.5387714900000001e+03 9.8744036059353612e-05
2.5417712200000001e+03 9.8626579608326355e-05
2.5447709500000001e+03 9.8509330828394873e-05
2.5477706800000001e+03 9.8392289108318248e-05
2.5507704100000001e+03 9.8275453839371347e-05
2.5537701400000001e+03 9.8158824415331457e-05
2.5567698700000001e+03 9.8042400232465043e-05
2.5597696000000001e+03 9.7926180689514807e-05
2.5627693300000001e+03 9.7810165187686406e-05
2.5657690600000001e+03 9.7694353130635658e-05
2.5687687900000001e+03 9.7578743924455546e-05
2.5717685200000001e+03 9.7463336977663586e-05
2.5747682500000001e+03 9.7348131701188994e-05
2.5777679800000001e+03 9.7233127508360040e-05
2.5807677100000001e+03 9.7118323814891568e-05
2.5837674400000001e+03 9.7003720038872594e-05
2.5867671700000001e+03 9.6889315600753688e-05
2.5897669000000001e+03 9.6775109923334914e-05
2.5927666300000001e+03 9.6661102431753470e-05
2.5957663600000001e+03 9.6547292553471529e-05
2.5987660900000001e+03 9.6433679718264207e-05
2.6017658200000001e+03 9.6320263358207596e-05
2.6047655500000001e+03 9.6207042907666714e-05
2.6077652800000001e+03 9.6094017803283836e-05
2.6107650100000001e+03 9.5981187483966464e-05
2.6137647400000001e+03 9.5868551390875976e-05
2.6167644700000001e+03 9.5756108967415653e-05
2.6197642000000001e+03 9.5643859659219385e-05
2.6227639300000001e+03 9.5531802914140059e-05
2.6257636600000001e+03 9.5419938182238144e-05
2.6287633900000001e+03 9.5308264915770476e-05
2.6317631200000001e+03 9.5196782569178799e-05
2.6347628500000001e+03 9.5085490599078793e-05
2.6377625800000001e+03 9.4974388464248849e-05
2.6407623100000001e+03 9.4863475625618876e-05
2.6437620400000001e+03 9.4752751546259596e-05
2.6467617700000001e+03 9.4642215691371345e-05
2.6497615000000001e+03 9.4531867528273468e-05
2.6527612300000001e+03 9.4421706526393389e-05
2.6557609600000001e+03 9.4311732157255910e-05
2.6587606900000001e+03 9.4201943894472621e-05
2.6617604200000001e+03 9.4092341213731254e-05
2.6647601500000001e+03 9.3982923592785160e-05
2.6677598800000001e+03 9.3873690511443055e-05
2.6707596100000001e+03 9.3764641451558257e-05
2.6737593400000001e+03 9.3655775897018750e-05
2.6767590700000001e+03 9.3547093333736590e-05
2.6797588000000001e+03 9.3438593249638009e-05
2.6827585300000001e+03 9.3330275134653127e-05
2.6857582600000001e+03 9.3222138480705808e-05
2.6887579900000001e+03 9.3114182781703838e-05
2.6917577200000001e+03 9.3006407533528812e-05
2.6947574500000001e+03 9.2898812234026338e-05
2.6977571800000001e+03 9.2791396382996237e-05
2.7007569100000001e+03 9.2684159482182583e-05
2.7037566400000001e+03 9.2577101035264348e-05
2.7067563700000001e+03 9.2470220547845300e-05
2.7097561000000001e+03 9.2363517527444886e-05
2.7127558300000001e+03 9.2256991483488320e-05
2.7157555600000001e+03 9.2150641927297346e-05
2.7187552900000001e+03 9.2044468372080691e-05
2.7217550200000001e+03 9.1938470332924760e-05
2.7247547500000001e+03 9.1832647326784390e-05
2.7277544800000001e+03 9.1726998872473459e-05
2.7307542100000001e+03 9.1621524490655845e-05
2.7337539400000001e+03 9.1516223703836186e-05
2.7367536700000001e+03 9.1411096036350906e-05
2.7397534000000001e+03 9.1306141014358999e-05
2.7427531300000001e+03 9.1201358165833387e-05
2.7457528600000001e+03 9.1096747020551601e-05
2.7487525900000001e+03 9.0992307110087265e-05
2.7517523200000001e+03 9.0888037967801024e-05
2.7547520500000001e+03 9.0783939128832075e-05
2.7577517800000001e+03 9.0680010130089129e-05
2.7607515100000001e+03 9.0576250510241980e-05
2.7637512400000001e+03 9.0472659809712885e-05
2.7667509700000001e+03 9.0369237570667919e-05
2.7697507000000001e+03 9.0265983337008585e-05
2.7727504300000001e+03 9.0162896654363329e-05
2.7757501600000001e+03 9.0059977070078992e-05
2.7787498900000001e+03 8.9957224133212823e-05
2.7817496200000000e+03 8.9854637394523742e-05
2.7847493500000000e+03 8.9752216406464435e-05
2.7877490800000000e+03 8.9649960723173008e-05
2.7907488100000000e+03 8.9547869900464774e-05
2.7937485400000000e+03 8.9445943495824350e-05
2.7967482700000000e+03 8.9344181068397367e-05
2.7997480000000000e+03 8.9242582178982631e-05
2.8027477300000000e+03 8.9141146390024078e-05
2.8057474600000000e+03 8.9039873265602868e-05
2.8087471900000000e+03 8.8938762371429584e-05
2.8117469200000000e+03 8.8837813274836313e-05
2.8147466500000000e+03 8.8737025544768938e-05
2.8177463800000000e+03 8.8636398751779395e-05
2.8207461100000000e+03 8.8535932468017953e-05
2.8237458400000000e+03 8.8435626267225568e-05
2.8267455700000000e+03 8.8335479724726401e-05
2.8297453000000000e+03 8.8235492417420110e-05
2.8327450300000000e+03 8.8135663923774460e-05
2.8357447600000000e+03 8.8035993823817763e-05
2.8387444900000000e+03 8.7936481699131557e-05
2.8417442200000000e+03 8.7837127132843172e-05
2.8447439500000000e+03 8.7737929709618377e-05
2.8477436800000000e+03 8.7638889015654120e-05
2.8507434100000000e+03 8.7540004638671329e-05
2.8537431400000000e+03 8.7441276167907572e-05
2.8567428700000000e+03 8.7342703194109948e-05
2.8597426000000000e+03 8.7244285309528085e-05
2.8627423300000000e+03 8.7146022107906891e-05
2.8657420600000000e+03 8.7047913184479499e-05
2.8687417900000000e+03 8.6949958135960488e-05
2.8717415200000000e+03 8.6852156560538650e-05
2.8747412500000000e+03 8.6754508057870178e-05
2.8777409800000000e+03 8.6657012229071902e-05
2.8807407100000000e+03 8.6559668676714228e-05
2.8837404400000000e+03 8.6462477004814486e-05
2.8867401700000000e+03 8.6365436818830054e-05
2.8897399000000000e+03 8.6268547725651802e-05
2.8927396300000000e+03 8.6171809333597250e-05
2.8957393600000000e+03 8.6075221252403909e-05
2.8987390900000000e+03 8.5978783093222804e-05
2.9017388200000000e+03 8.5882494468611769e-05
2.9047385500000000e+03 8.5786354992528979e-05
2.9077382800000000e+03 8.5690364280326432e-05
2.9107380100000000e+03 8.5594521948743470e-05
2.9137377400000000e+03 8.5498827615900400e-05
2.9167374700000000e+03 8.5403280901291982e-05
2.9197372000000000e+03 8.5307881425781255e-05
2.9227369300000000e+03 8.5212628811593110e-05
2.9257366600000000e+03 8.5117522682307949e-05
2.9287363900000000e+03 8.5022562662855639e-05
2.9317361200000000e+03 8.4927748379508993e-05
2.9347358500000000e+03 8.4833079459877919e-05
2.9377355800000000e+03 8.4738555532903087e-05
2.9407353100000000e+03 8.4644176228849803e-05
2.9437350400000000e+03 8.4549941179302130e-05
2.9467347700000000e+03 8.4455850017156519e-05
2.9497345000000000e+03 8.4361902376616125e-05
2.9527342300000000e+03 8.4268097893184729e-05
2.9557339600000000e+03 8.4174436203660660e-05
2.9587336900000000e+03 8.4080916946131093e-05
2.9617334200000000e+03 8.3987539759966019e-05
2.9647331500000000e+03 8.3894304285812483e-05
2.9677328800000000e+03 8.3801210165588836e-05
2.9707326100000000e+03 8.3708257042478806e-05
2.9737323400000000e+03 8.3615444560925864e-05
2.9767320700000000e+03 8.3522772366627433e-05
2.9797318000000000e+03 8.3430240106529296e-05
2.9827315300000000e+03 8.3337847428819952e-05
2.9857312600000000e+03 8.3245593982924864e-05
2.9887309900000000e+03 8.3153479419501001e-05
2.9917307200000000e+03 8.3061503390431237e-05
2.9947304500000000e+03 8.2969665548818827e-05
2.9977301800000000e+03 8.2877965548981927e-05
3.0007299100000000e+03 8.2786403046448067e-05
3.0037296400000000e+03 8.2694977697948878e-05
3.0067293700000000e+03 8.2603689161414427e-05
3.0097291000000000e+03 8.2512537095968109e-05
3.0127288300000000e+03 8.2421521161921116e-05
3.0157285600000000e+03 8.2330641020767181e-05
3.0187282900000000e+03 8.2239896335177342e-05
3.0217280200000000e+03 8.2149286768994594e-05
3.0247277500000000e+03 8.2058811987228736e-05
3.0277274800000000e+03 8.1968471656051074e-05
3.0307272100000000e+03 8.1878265442789363e-05
3.0337269400000000e+03 8.1788193015922618e-05
3.0367266700000000e+03 8.1698254045075913e-05
3.0397264000000000e+03 8.1608448201015414e-05
3.0427261300000000e+03 8.1518775155643288e-05
3.0457258600000000e+03 8.1429234581992580e-05
3.0487255900000000e+03 8.1339826154222360e-05
3.0517253200000000e+03 8.1250549547612531e-05
3.0547250500000000e+03 8.1161404438559090e-05
3.0577247800000000e+03 8.1072390504569177e-05
3.0607245100000000e+03 8.0983507424255941e-05
3.0637242400000000e+03 8.0894754877333997e-05
3.0667239700000000e+03 8.0806132544614253e-05
3.0697237000000000e+03 8.0717640107999408e-05
3.0727234300000000e+03 8.0629277250478926e-05
3.0757231600000000e+03 8.0541043656124343e-05
3.0787228900000000e+03 8.0452939010084527e-05
3.0817226200000000e+03 8.0364962998580989e-05
3.0847223500000000e+03 8.0277115308903082e-05
3.0877220800000000e+03 8.0189395629403466e-05
3.0907218100000000e+03 8.0101803649493359e-05
3.0937215400000000e+03 8.0014339059638015e-05
3.0967212700000000e+03 7.9927001551352073e-05
3.0997210000000000e+03 7.9839790817194857e-05
3.1027207300000000e+03 7.9752706550766168e-05
3.1057204600000000e+03 7.9665748446701429e-05
3.1087201900000000e+03 7.9578916200667379e-05
3.1117199200000000e+03 7.9492209509357512e-05
3.1147196500000000e+03 7.9405628070487643e-05
3.1177193800000000e+03 7.9319171582791517e-05
3.1207191100000000e+03 7.9232839746016338e-05
3.1237188400000000e+03 7.9146632260918484e-05
3.1267185700000000e+03 7.9060548829259144e-05
3.1297183000000000e+03 7.8974589153799822e-05
3.1327180300000000e+03 7.8888752938298225e-05
3.1357177600000000e+03 7.8803039887503874e-05
3.1387174900000000e+03 7.8717449707153839e-05
3.1417172200000000e+03 7.8631982103968598e-05
3.1447169500000000e+03 7.8546636785647598e-05
3.1477166800000000e+03 7.8461413460865364e-05
3.1507164100000000e+03 7.8376311839266984e-05
3.1537161400000000e+03 7.8291331631464179e-05
3.1567158700000000e+03 7.8206472549031253e-05
3.1597156000000000e+03 7.8121734304500648e-05
3.1627153300000000e+03 7.8037116611359117e-05
3.1657150600000000e+03 7.7952619184043585e-05
3.1687147900000000e+03 7.7868241737937130e-05
3.1717145200000000e+03 7.7783983989364921e-05
3.1747142500000000e+03 7.7699845655590153e-05
3.1777139800000000e+03 7.7615826454810222e-05
3.1807137100000000e+03 7.7531926106152595e-05
3.1837134400000000e+03 7.7448144329671012e-05
3.1867131700000000e+03 7.7364480846341422e-05
3.1897129000000000e+03 7.7280935378058204e-05
3.1927126300000000e+03 7.7197507647630190e-05
3.1957123600000000e+03 7.7114197378776823e-05
3.1987120900000000e+03 7.7031004296124384e-05
3.2017118200000000e+03 7.6947928125202107e-05
3.2047115500000000e+03 7.6864968592438380e-05
3.2077112800000000e+03 7.6782125425156953e-05
3.2107110100000000e+03 7.6699398351573182e-05
3.2137107400000000e+03 7.6616787100790347e-05
3.2167104700000000e+03 7.6534291402795797e-05
3.2197102000000000e+03 7.6451910988457349e-05
3.2227099300000000e+03 7.6369645589519588e-05
3.2257096600000000e+03 7.6287494938600137e-05
3.2287093900000000e+03 7.6205458769186058e-05
3.2317091200000000e+03 7.6123536815630253e-05
3.2347088500000000e+03 7.6041728813147757e-05
3.2377085800000000e+03 7.5960034497812211e-05
3.2407083100000000e+03 7.5878453606552257e-05
3.2437080400000000e+03 7.5796985877148016e-05
3.2467077700000000e+03 7.5715631048227551e-05
3.2497075000000000e+03 7.5634388859263245e-05
3.2527072300000000e+03 7.5553259050568404e-05
3.2557069600000000e+03 7.5472241363293770e-05
3.2587066900000000e+03 7.5391335539423947e-05
3.2617064200000000e+03 7.5310541321774090e-05
3.2647061500000000e+03 7.5229858453986385e-05
3.2677058800000000e+03 7.5149286680526684e-05
3.2707056100000000e+03 7.5068825746680946e-05
3.2737053400000000e+03 7.4988475398552129e-05
3.2767050700000000e+03 7.4908235383056642e-05
3.2797048000000000e+03 7.4828105447920980e-05
3.2827045300000000e+03 7.4748085341678477e-05
3.2857042600000000e+03 7.4668174813665955e-05
3.2887039900000000e+03 7.4588373614020443e-05
3.2917037200000000e+03 7.4508681493675930e-05
3.2947034500000000e+03 7.4429098204359956e-05
3.2977031800000000e+03 7.4349623498590501e-05
3.3007029100000000e+03 7.4270257129672743e-05
3.3037026400000000e+03 7.4190998851695806e-05
3.3067023700000000e+03 7.4111848419529519e-05
3.3097021000000000e+03 7.4032805588821330e-05
3.3127018300000000e+03 7.3953870115993093e-05
3.3157015600000000e+03 7.3875041758237852e-05
3.3187012900000000e+03 7.3796320273516796e-05
3.3217010200000000e+03 7.3717705420556128e-05
3.3247007500000000e+03 7.3639196958843878e-05
3.3277004800000000e+03 7.3560794648626924e-05
3.3307002100000000e+03 7.3482498250907816e-05
3.3336999400000000e+03 7.3404307527441775e-05
3.3366996700000000e+03 7.3326222240733692e-05
3.3396994000000000e+03 7.3248242154034903e-05
3.3426991300000000e+03 7.3170367031340493e-05
3.3456988600000000e+03 7.3092596637385951e-05
3.3486985900000000e+03 7.3014930737644470e-05
3.3516983200000000e+03 7.2937369098323787e-05
3.3546980500000000e+03 7.2859911486363276e-05
3.3576977800000000e+03 7.2782557669431164e-05
3.3606975100000000e+03 7.2705307415921240e-05
3.3636972400000000e+03 7.2628160494950388e-05
3.3666969700000000e+03 7.2551116676355376e-05
3.3696967000000000e+03 7.2474175730690021e-05
3.3726964300000000e+03 7.2397337429222481e-05
3.3756961600000000e+03 7.2320601543932137e-05
3.3786958900000000e+03 7.2243967847507019e-05
3.3816956200000000e+03 7.2167436113340809e-05
3.3846953500000000e+03 7.2091006115530037e-05
3.3876950800000000e+03 7.2014677628871423e-05
3.3906948100000000e+03 7.1938450428858831e-05
3.3936945400000000e+03 7.1862324291680773e-05
3.3966942700000000e+03 7.1786298994217480e-05
3.3996940000000000e+03 7.1710374314038169e-05
3.4026937300000000e+03 7.1634550029398410e-05
3.4056934600000000e+03 7.1558825919237253e-05
3.4086931900000000e+03 7.1483201763174656e-05
3.4116929200000000e+03 7.1407677341508771e-05
3.4146926500000000e+03 7.1332252435213114e-05
3.4176923800000000e+03 7.1256926825934153e-05
3.4206921100000000e+03 7.1181700295988457e-05
3.4236918400000000e+03 7.1106572628360006e-05
3.4266915700000000e+03 7.1031543606697869e-05
3.4296913000000000e+03 7.0956613015313278e-05
3.4326910300000000e+03 7.0881780639177067e-05
3.4356907600000000e+03 7.0807046263917259e-05
3.4386904900000000e+03 7.0732409675816328e-05
3.4416902200000000e+03 7.0657870661808679e-05
3.4446899500000000e+03 7.0583429009478060e-05
3.4476896800000000e+03 7.0509084507055080e-05
3.4506894100000000e+03 7.0434836943414648e-05
3.4536891400000000e+03 7.0360686108073470e-05
3.4566888700000000e+03 7.0286631791187466e-05
3.4596886000000000e+03 7.0212673783549460e-05
3.4626883300000000e+03 7.0138811876586425e-05
3.4656880600000000e+03 7.0065045862357261e-05
3.4686877899999999e+03 6.9991375533550208e-05
3.4716875199999999e+03 6.9917800683480470e-05
3.4746872499999999e+03 6.9844321106087674e-05
3.4776869799999999e+03 6.9770936595933572e-05
3.4806867099999999e+03 6.9697646948199514e-05
3.4836864399999999e+03 6.9624451958684111e-05
3.4866861699999999e+03 6.9551351423800933e-05
3.4896858999999999e+03 6.9478345140575870e-05
3.4926856299999999e+03 6.9405432906645038e-05
3.4956853599999999e+03 6.9332614520252304e-05
3.4986850899999999e+03 6.9259889780246900e-05
3.5016848199999999e+03 6.9187258486081186e-05
3.5046845499999999e+03 6.9114720437808276e-05
3.5076842799999999e+03 6.9042275436079727e-05
3.5106840099999999e+03 6.8969923282143254e-05
3.5136837399999999e+03 6.8897663777840352e-05
3.5166834699999999e+03 6.8825496725604190e-05
3.5196831999999999e+03 6.8753421928457231e-05
3.5226829299999999e+03 6.8681439190008934e-05
3.5256826599999999e+03 6.8609548314453594e-05
3.5286823899999999e+03 6.8537749106568061e-05
3.5316821199999999e+03 6.8466041371709571e-05
3.5346818499999999e+03 6.8394424915813387e-05
3.5376815799999999e+03 6.8322899545390772e-05
3.5406813099999999e+03 6.8251465067526706e-05
3.5436810399999999e+03 6.8180121289877625e-05
3.5466807699999999e+03 6.8108868020669427e-05
3.5496804999999999e+03 6.8037705068695146e-05
3.5526802299999999e+03 6.7966632243312858e-05
3.5556799599999999e+03 6.7895649354443574e-05
3.5586796899999999e+03 6.7824756212568998e-05
3.5616794199999999e+03 6.7753952628729562e-05
3.5646791499999999e+03 6.7683238414522115e-05
3.5676788799999999e+03 6.7612613382097992e-05
3.5706786099999999e+03 6.7542077344160819e-05
3.5736783399999999e+03 6.7471630113964470e-05
3.5766780699999999e+03 6.7401271505310951e-05
3.5796777999999999e+03 6.7331001332548366e-05
3.5826775299999999e+03 6.7260819410568847e-05
3.5856772599999999e+03 6.7190725554806555e-05
3.5886769899999999e+03 6.7120719581235507e-05
3.5916767199999999e+03 6.7050801306367725e-05
3.5946764499999999e+03 6.6980970547251032e-05
3.5976761799999999e+03 6.6911227121467260e-05
3.6006759099999999e+03 6.6841570847130002e-05
3.6036756399999999e+03 6.6772001542882809e-05
3.6066753699999999e+03 6.6702519027897144e-05
3.6096750999999999e+03 6.6633123121870349e-05
3.6126748299999999e+03 6.6563813645023785e-05
3.6156745599999999e+03 6.6494590418100821e-05
3.6186742899999999e+03 6.6425453262364845e-05
3.6216740199999999e+03 6.6356401999597469e-05
3.6246737499999999e+03 6.6287436452096412e-05
3.6276734799999999e+03 6.6218556442673685e-05
3.6306732099999999e+03 6.6149761794653692e-05
3.6336729399999999e+03 6.6081052331871305e-05
3.6366726699999999e+03 6.6012427878669891e-05
3.6396723999999999e+03 6.5943888259899596e-05
3.6426721299999999e+03 6.5875433300915346e-05
3.6456718599999999e+03 6.5807062827574905e-05
3.6486715899999999e+03 6.5738776666237237e-05
3.6516713199999999e+03 6.5670574643760473e-05
3.6546710499999999e+03 6.5602456587500094e-05
3.6576707799999999e+03 6.5534422325307199e-05
3.6606705099999999e+03 6.5466471685526507e-05
3.6636702399999999e+03 6.5398604496994697e-05
3.6666699699999999e+03 6.5330820589038559e-05
3.6696696999999999e+03 6.5263119791473075e-05
3.6726694299999999e+03 6.5195501934599775e-05
3.6756691599999999e+03 6.5127966849204866e-05
3.6786688899999999e+03 6.5060514366557543e-05
3.6816686199999999e+03 6.4993144318408060e-05
3.6846683499999999e+03 6.4925856536986052e-05
3.6876680799999999e+03 6.4858650854998960e-05
3.6906678099999999e+03 6.4791527105629879e-05
3.6936675399999999e+03 6.4724485122536217e-05
3.6966672699999999e+03 6.4657524739847726e-05
3.6996669999999999e+03 6.4590645792164905e-05
3.7026667299999999e+03 6.4523848114557159e-05
3.7056664599999999e+03 6.4457131542561209e-05
3.7086661899999999e+03 6.4390495912179375e-05
3.7116659199999999e+03 6.4323941059877784e-05
3.7146656499999999e+03 6.4257466822584757e-05
3.7176653799999999e+03 6.4191073037689228e-05
3.7206651099999999e+03 6.4124759543038814e-05
3.7236648399999999e+03 6.4058526176938475e-05
3.7266645699999999e+03 6.3992372778148566e-05
3.7296642999999999e+03 6.3926299185883341e-05
3.7326640299999999e+03 6.3860305239809369e-05
3.7356637599999999e+03 6.3794390780043706e-05
3.7386634899999999e+03 6.3728555647152445e-05
3.7416632199999999e+03 6.3662799682149019e-05
3.7446629499999999e+03 6.3597122726492591e-05
3.7476626799999999e+03 6.3531524622086454e-05
3.7506624099999999e+03 6.3466005211276443e-05
3.7536621399999999e+03 6.3400564336849369e-05
3.7566618699999999e+03 6.3335201842031332e-05
3.7596615999999999e+03 6.3269917570486260e-05
3.7626613299999999e+03 6.3204711366314284e-05
3.7656610599999999e+03 6.3139583074050190e-05
3.7686607899999999e+03 6.3074532538661863e-05
3.7716605199999999e+03 6.3009559605548687e-05
3.7746602499999999e+03 6.2944664120540109e-05
3.7776599799999999e+03 6.2879845929893969e-05
3.7806597099999999e+03 6.2815104880295056e-05
3.7836594399999999e+03 6.2750440818853609e-05
3.7866591699999999e+03 6.2685853593103739e-05
3.7896588999999999e+03 6.2621343051001880e-05
3.7926586299999999e+03 6.2556909040925463e-05
3.7956583599999999e+03 6.2492551411671163e-05
3.7986580899999999e+03 6.2428270012453700e-05
3.8016578199999999e+03 6.2364064692904057e-05
3.8046575499999999e+03 6.2299935303068252e-05
3.8076572799999999e+03 6.2235881693405693e-05
3.8106570099999999e+03 6.2171903714787816e-05
3.8136567399999999e+03 6.2108001218496613e-05
3.8166564699999999e+03 6.2044174056223120e-05
3.8196561999999999e+03 6.1980422080066020e-05
3.8226559299999999e+03 6.1916745142530247e-05
3.8256556599999999e+03 6.1853143096525452e-05
3.8286553899999999e+03 6.1789615795364571e-05
3.8316551199999999e+03 6.1726163092762628e-05
3.8346548499999999e+03 6.1662784842834989e-05
3.8376545799999999e+03 6.1599480900096171e-05
3.8406543099999999e+03 6.1536251119458413e-05
3.8436540399999999e+03 6.1473095356230167e-05
3.8466537699999999e+03 6.1410013466114938e-05
3.8496534999999999e+03 6.1347005305209580e-05
3.8526532299999999e+03 6.1284070730003226e-05
3.8556529599999999e+03 6.1221209597375685e-05
3.8586526899999999e+03 6.1158421764596216e-05
3.8616524199999999e+03 6.1095707089322136e-05
3.8646521499999999e+03 6.1033065429597378e-05
3.8676518799999999e+03 6.0970496643851282e-05
3.8706516099999999e+03 6.0908000590897137e-05
3.8736513399999999e+03 6.0845577129930906e-05
3.8766510699999999e+03 6.0783226120529897e-05
3.8796507999999999e+03 6.0720947422651333e-05
3.8826505299999999e+03 6.0658740896631231e-05
3.8856502599999999e+03 6.0596606403182829e-05
3.8886499899999999e+03 6.0534543803395516e-05
3.8916497199999999e+03 6.0472552958733414e-05
3.8946494499999999e+03 6.0410633731034046e-05
3.8976491799999999e+03 6.0348785982507125e-05
3.9006489099999999e+03 6.0287009575733212e-05
3.9036486399999999e+03 6.0225304373662444e-05
3.9066483699999999e+03 6.0163670239613301e-05
3.9096480999999999e+03 6.0102107037271253e-05
3.9126478299999999e+03 6.0040614630687553e-05
3.9156475599999999e+03 5.9979192884277923e-05
3.9186472899999999e+03 5.9917841662821445e-05
3.9216470199999999e+03 5.9856560831459091e-05
3.9246467499999999e+03 5.9795350255692613e-05
3.9276464799999999e+03 5.9734209801383339e-05
3.9306462099999999e+03 5.9673139334750785e-05
3.9336459399999999e+03 5.9612138722371600e-05
3.9366456699999999e+03 5.9551207831178224e-05
3.9396453999999999e+03 5.9490346528457684e-05
3.9426451299999999e+03 5.9429554681850449e-05
3.9456448599999999e+03 5.9368832159349131e-05
3.9486445899999999e+03 5.9308178829297333e-05
3.9516443199999999e+03 5.9247594560388496e-05
3.9546440499999999e+03 5.9187079221664548e-05
3.9576437799999999e+03 5.9126632682514915e-05
3.9606435099999999e+03 5.9066254812675138e-05
3.9636432399999999e+03 5.9005945482225906e-05
3.9666429699999999e+03 5.8945704561591699e-05
3.9696426999999999e+03 5.8885531921539709e-05
3.9726424299999999e+03 5.8825427433178627e-05
3.9756421599999999e+03 5.8765390967957557e-05
3.9786418899999999e+03 5.8705422397664786e-05
3.9816416199999999e+03 5.8645521594426740e-05
3.9846413499999999e+03 5.8585688430706622e-05
3.9876410799999999e+03 5.8525922779303544e-05
3.9906408099999999e+03 5.8466224513351194e-05
3.9936405399999999e+03 5.8406593506316795e-05
3.9966402699999999e+03 5.8347029631999967e-05
3.9996399999999999e+03 5.8287532764531540e-05
4.0026397299999999e+03 5.8228102778372542e-05
4.0056394599999999e+03 5.8168739548313034e-05
4.0086391899999999e+03 5.8109442949470982e-05
4.0116389199999999e+03 5.8050212857291195e-05
4.0146386499999999e+03 5.7991049147544156e-05
4.0176383799999999e+03 5.7931951696325043e-05
4.0206381099999999e+03 5.7872920380052544e-05
4.0236378399999999e+03 5.7813955075467792e-05
4.0266375699999999e+03 5.7755055659633314e-05
4.0296372999999999e+03 5.7696222009931914e-05
4.0326370299999999e+03 5.7637454004065635e-05
4.0356367599999999e+03 5.7578751520054653e-05
4.0386364899999999e+03 5.7520114436236283e-05
4.0416362199999999e+03 5.7461542631263840e-05
4.0446359499999999e+03 5.7403035984105607e-05
4.0476356799999999e+03 5.7344594374043844e-05
4.0506354099999999e+03 5.7286217680673637e-05
4.0536351399999999e+03 5.7227905783901957e-05
4.0566348699999999e+03 5.7169658563946575e-05
4.0596345999999999e+03 5.7111475901334985e-05
4.0626343299999999e+03 5.7053357676903494e-05
4.0656340599999999e+03 5.6995303771796067e-05
4.0686337899999999e+03 5.6937314067463409e-05
4.0716335200000003e+03 5.6879388445661821e-05
4.0746332500000003e+03 5.6821526788452409e-05
4.0776329800000003e+03 5.6763728978199824e-05
4.0806327100000003e+03 5.6705994897571364e-05
4.0836324400000003e+03 5.6648324429536062e-05
4.0866321700000003e+03 5.6590717457363524e-05
4.0896319000000003e+03 5.6533173864623113e-05
4.0926316300000003e+03 5.6475693535182765e-05
4.0956313600000003e+03 5.6418276353208161e-05
4.0986310899999999e+03 5.6360922203161711e-05
4.1016308200000003e+03 5.6303630969801479e-05
4.1046305499999999e+03 5.6246402538180390e-05
4.1076302800000003e+03 5.6189236793645117e-05
4.1106300099999999e+03 5.6132133621835124e-05
4.1136297400000003e+03 5.6075092908681787e-05
4.1166294699999999e+03 5.6018114540407423e-05
4.1196292000000003e+03 5.5961198403524202e-05
4.1226289299999999e+03 5.5904344384833448e-05
4.1256286600000003e+03 5.5847552371424373e-05
4.1286283899999999e+03 5.5790822250673459e-05
4.1316281200000003e+03 5.5734153910243300e-05
4.1346278499999999e+03 5.5677547238081756e-05
4.1376275800000003e+03 5.5621002122420968e-05
4.1406273099999999e+03 5.5564518451776551e-05
4.1436270400000003e+03 5.5508096114946471e-05
4.1466267699999999e+03 5.5451735001010353e-05
4.1496265000000003e+03 5.5395434999328388e-05
4.1526262299999999e+03 5.5339195999540491e-05
4.1556259600000003e+03 5.5283017891565419e-05
4.1586256899999998e+03 5.5226900565599838e-05
4.1616254200000003e+03 5.5170843912117354e-05
4.1646251499999998e+03 5.5114847821867739e-05
4.1676248800000003e+03 5.5058912185875968e-05
4.1706246099999998e+03 5.5003036895441341e-05
4.1736243400000003e+03 5.4947221842136567e-05
4.1766240699999998e+03 5.4891466917806956e-05
4.1796238000000003e+03 5.4835772014569391e-05
4.1826235299999998e+03 5.4780137024811698e-05
4.1856232600000003e+03 5.4724561841191470e-05
4.1886229899999998e+03 5.4669046356635471e-05
4.1916227200000003e+03 5.4613590464338557e-05
4.1946224499999998e+03 5.4558194057762984e-05
4.1976221800000003e+03 5.4502857030637384e-05
4.2006219099999998e+03 5.4447579276956117e-05
4.2036216400000003e+03 5.4392360690978160e-05
4.2066213699999998e+03 5.4337201167226504e-05
4.2096211000000003e+03 5.4282100600487108e-05
4.2126208299999998e+03 5.4227058885808211e-05
4.2156205600000003e+03 5.4172075918499402e-05
4.2186202899999998e+03 5.4117151594130787e-05
4.2216200200000003e+03 5.4062285808532221e-05
4.2246197499999998e+03 5.4007478457792394e-05
4.2276194800000003e+03 5.3952729438258074e-05
4.2306192099999998e+03 5.3898038646533251e-05
4.2336189400000003e+03 5.3843405979478258e-05
4.2366186699999998e+03 5.3788831334209149e-05
4.2396184000000003e+03 5.3734314608096618e-05
4.2426181299999998e+03 5.3679855698765404e-05
4.2456178600000003e+03 5.3625454504093347e-05
4.2486175899999998e+03 5.3571110922210693e-05
4.2516173200000003e+03 5.3516824851499231e-05
4.2546170499999998e+03 5.3462596190591454e-05
4.2576167800000003e+03 5.3408424838369861e-05
4.2606165099999998e+03 5.3354310693966104e-05
4.2636162400000003e+03 5.3300253656760182e-05
4.2666159699999998e+03 5.3246253626379784e-05
4.2696157000000003e+03 5.3192310502699244e-05
4.2726154299999998e+03 5.3138424185839101e-05
4.2756151600000003e+03 5.3084594576165018e-05
4.2786148899999998e+03 5.3030821574287191e-05
4.2816146200000003e+03 5.2977105081059506e-05
4.2846143499999998e+03 5.2923444997578833e-05
4.2876140800000003e+03 5.2869841225184135e-05
4.2906138099999998e+03 5.2816293665455889e-05
4.2936135400000003e+03 5.2762802220215083e-05
4.2966132699999998e+03 5.2709366791522820e-05
4.2996130000000003e+03 5.2655987281679095e-05
4.3026127299999998e+03 5.2602663593222509e-05
4.3056124600000003e+03 5.2549395628929168e-05
4.3086121899999998e+03 5.2496183291812196e-05
4.3116119200000003e+03 5.2443026485120777e-05
4.3146116499999998e+03 5.2389925112339581e-05
4.3176113800000003e+03 5.2336879077187937e-05
4.3206111099999998e+03 5.2283888283619153e-05
4.3236108400000003e+03 5.2230952635819668e-05
4.3266105699999998e+03 5.2178072038208610e-05
4.3296103000000003e+03 5.2125246395436640e-05
4.3326100299999998e+03 5.2072475612385669e-05
4.3356097600000003e+03 5.2019759594167816e-05
4.3386094899999998e+03 5.1967098246124837e-05
4.3416092200000003e+03 5.1914491473827440e-05
4.3446089499999998e+03 5.1861939183074427e-05
4.3476086800000003e+03 5.1809441279892169e-05
4.3506084099999998e+03 5.1756997670533749e-05
4.3536081400000003e+03 5.1704608261478327e-05
4.3566078699999998e+03 5.1652272959430516e-05
4.3596076000000003e+03 5.1599991671319448e-05
4.3626073299999998e+03 5.1547764304298365e-05
4.3656070600000003e+03 5.1495590765743739e-05
4.3686067899999998e+03 5.1443470963254637e-05
4.3716065200000003e+03 5.1391404804652048e-05
4.3746062499999998e+03 5.1339392197978146e-05
4.3776059800000003e+03 5.1287433051495669e-05
4.3806057099999998e+03 5.1235527273687270e-05
4.3836054400000003e+03 5.1183674773254654e-05
4.3866051699999998e+03 5.1131875459118199e-05
4.3896049000000003e+03 5.1080129240415942e-05
4.3926046299999998e+03 5.1028436026503260e-05
4.3956043600000003e+03 5.0976795726951915e-05
4.3986040899999998e+03 5.0925208251549534e-05
4.4016038200000003e+03 5.0873673510298956e-05
4.4046035499999998e+03 5.0822191413417474e-05
4.4076032800000003e+03 5.0770761871336293e-05
4.4106030099999998e+03 5.0719384794699773e-05
4.4136027400000003e+03 5.0668060094364838e-05
4.4166024699999998e+03 5.0616787681400402e-05
4.4196022000000003e+03 5.0565567467086485e-05
4.4226019299999998e+03 5.0514399362913803e-05
4.4256016600000003e+03 5.0463283280583040e-05
4.4286013899999998e+03 5.0412219132004186e-05
4.4316011200000003e+03 5.0361206829295933e-05
4.4346008499999998e+03 5.0310246284785037e-05
4.4376005800000003e+03 5.0259337411005631e-05
4.4406003099999998e+03 5.0208480120698689e-05
4.4436000400000003e+03 5.0157674326811316e-05
4.4465997699999998e+03 5.0106919942496215e-05
4.4495995000000003e+03 5.0056216881110879e-05
4.4525992299999998e+03 5.0005565056217230e-05
4.4555989600000003e+03 4.9954964381580767e-05
4.4585986899999998e+03 4.9904414771170143e-05
4.4615984200000003e+03 4.9853916139156337e-05
4.4645981499999998e+03 4.9803468399912224e-05
4.4675978800000003e+03 4.9753071468011891e-05
4.4705976099999998e+03 4.9702725258230072e-05
4.4735973400000003e+03 4.9652429685541425e-05
4.4765970699999998e+03 4.9602184665120120e-05
4.4795968000000003e+03 4.9551990112339014e-05
4.4825965299999998e+03 4.9501845942769264e-05
4.4855962600000003e+03 4.9451752072179596e-05
4.4885959899999998e+03 4.9401708416535770e-05
4.4915957200000003e+03 4.9351714891999950e-05
4.4945954499999998e+03 4.9301771414930131e-05
4.4975951800000003e+03 4.9251877901879556e-05
4.5005949099999998e+03 4.9202034269596134e-05
4.5035946400000003e+03 4.9152240435021847e-05
4.5065943699999998e+03 4.9102496315292208e-05
4.5095941000000003e+03 4.9052801827735526e-05
4.5125938299999998e+03 4.9003156889872599e-05
4.5155935600000003e+03 4.8953561419415918e-05
4.5185932899999998e+03 4.8904015334269151e-05
4.5215930200000003e+03 4.8854518552526585e-05
4.5245927499999998e+03 4.8805070992472600e-05
4.5275924800000003e+03 4.8755672572581033e-05
4.5305922099999998e+03 4.8706323211514638e-05
4.5335919400000002e+03 4.8657022828124528e-05
4.5365916699999998e+03 4.8607771341449660e-05
4.5395914000000002e+03 4.8558568670716119e-05
4.5425911299999998e+03 4.8509414735336784e-05
4.5455908600000002e+03 4.8460309454910610e-05
4.5485905899999998e+03 4.8411252749222127e-05
4.5515903200000002e+03 4.8362244538240909e-05
4.5545900499999998e+03 4.8313284742120998e-05
4.5575897800000002e+03 4.8264373281200360e-05
4.5605895099999998e+03 4.8215510076000357e-05
4.5635892400000002e+03 4.8166695047225164e-05
4.5665889699999998e+03 4.8117928115761335e-05
4.5695887000000002e+03 4.8069209202677083e-05
4.5725884299999998e+03 4.8020538229221972e-05
4.5755881600000002e+03 4.7971915116826120e-05
4.5785878899999998e+03 4.7923339787099927e-05
4.5815876200000002e+03 4.7874812161833346e-05
4.5845873499999998e+03 4.7826332162995493e-05
4.5875870800000002e+03 4.7777899712733975e-05
4.5905868099999998e+03 4.7729514733374566e-05
4.5935865400000002e+03 4.7681177147420410e-05
4.5965862699999998e+03 4.7632886877551827e-05
4.5995860000000002e+03 4.7584643846625473e-05
4.6025857299999998e+03 4.7536447977674074e-05
4.6055854600000002e+03 4.7488299193905738e-05
4.6085851899999998e+03 4.7440197418703590e-05
4.6115849200000002e+03 4.7392142575625076e-05
4.6145846499999998e+03 4.7344134588401668e-05
4.6175843800000002e+03 4.7296173380938149e-05
4.6205841099999998e+03 4.7248258877312272e-05
4.6235838400000002e+03 4.7200391001774153e-05
4.6265835699999998e+03 4.7152569678745832e-05
4.6295833000000002e+03 4.7104794832820629e-05
4.6325830299999998e+03 4.7057066388762950e-05
4.6355827600000002e+03 4.7009384271507420e-05
4.6385824899999998e+03 4.6961748406158654e-05
4.6415822200000002e+03 4.6914158717990660e-05
4.6445819499999998e+03 4.6866615132446318e-05
4.6475816800000002e+03 4.6819117575136971e-05
4.6505814099999998e+03 4.6771665971841920e-05
4.6535811400000002e+03 4.6724260248507791e-05
4.6565808699999998e+03 4.6676900331248348e-05
4.6595806000000002e+03 4.6629586146343678e-05
4.6625803299999998e+03 4.6582317620239926e-05
4.6655800600000002e+03 4.6535094679548768e-05
4.6685797899999998e+03 4.6487917251046897e-05
4.6715795200000002e+03 4.6440785261675532e-05
4.6745792499999998e+03 4.6393698638540047e-05
4.6775789800000002e+03 4.6346657308909369e-05
4.6805787099999998e+03 4.6299661200215583e-05
4.6835784400000002e+03 4.6252710240053446e-05
4.6865781699999998e+03 4.6205804356179904e-05
4.6895779000000002e+03 4.6158943476513645e-05
4.6925776299999998e+03 4.6112127529134613e-05
4.6955773600000002e+03 4.6065356442283574e-05
4.6985770899999998e+03 4.6018630144361650e-05
4.7015768200000002e+03 4.5971948563929760e-05
4.7045765499999998e+03 4.5925311629708385e-05
4.7075762800000002e+03 4.5878719270576839e-05
4.7105760099999998e+03 4.5832171415573024e-05
4.7135757400000002e+03 4.5785667993892855e-05
4.7165754699999998e+03 4.5739208934889941e-05
4.7195752000000002e+03 4.5692794168074878e-05
4.7225749299999998e+03 4.5646423623115153e-05
4.7255746600000002e+03 4.5600097229834376e-05
4.7285743899999998e+03 4.5553814918212022e-05
4.7315741200000002e+03 4.5507576618382900e-05
4.7345738499999998e+03 4.5461382260636817e-05
4.7375735800000002e+03 4.5415231775417968e-05
4.7405733099999998e+03 4.5369125093324688e-05
4.7435730400000002e+03 4.5323062145108768e-05
4.7465727699999998e+03 4.5277042861675350e-05
4.7495725000000002e+03 4.5231067174082128e-05
4.7525722299999998e+03 4.5185135013539271e-05
4.7555719600000002e+03 4.5139246311408643e-05
4.7585716899999998e+03 4.5093400999203695e-05
4.7615714200000002e+03 4.5047599008588754e-05
4.7645711499999998e+03 4.5001840271378808e-05
4.7675708800000002e+03 4.4956124719538958e-05
4.7705706099999998e+03 4.4910452285184045e-05
4.7735703400000002e+03 4.4864822900578194e-05
4.7765700699999998e+03 4.4819236498134484e-05
4.7795698000000002e+03 4.4773693010414299e-05
4.7825695299999998e+03 4.4728192370127297e-05
4.7855692600000002e+03 4.4682734510130503e-05
4.7885689899999998e+03 4.4637319363428321e-05
4.7915687200000002e+03 4.4591946863171922e-05
4.7945684499999998e+03 4.4546616942658788e-05
4.7975681800000002e+03 4.4501329535332459e-05
4.8005679099999998e+03 4.4456084574781961e-05
4.8035676400000002e+03 4.4410881994741500e-05
4.8065673699999998e+03 4.4365721729090045e-05
4.8095671000000002e+03 4.4320603711850818e-05
4.8125668299999998e+03 4.4275527877191075e-05
4.8155665600000002e+03 4.4230494159421548e-05
4.8185662899999998e+03 4.4185502492996090e-05
4.8215660200000002e+03 4.4140552812511270e-05
4.8245657499999998e+03 4.4095645052706003e-05
4.8275654800000002e+03 4.4050779148461109e-05
4.8305652099999998e+03 4.4005955034798955e-05
4.8335649400000002e+03 4.3961172646883045e-05
4.8365646699999998e+03 4.3916431920017646e-05
4.8395644000000002e+03 4.3871732789647281e-05
4.8425641299999997e+03 4.3827075191356531e-05
4.8455638600000002e+03 4.3782459060869472e-05
4.8485635899999997e+03 4.3737884334049462e-05
4.8515633200000002e+03 4.3693350946898498e-05
4.8545630499999997e+03 4.3648858835557101e-05
4.8575627800000002e+03 4.3604407936303801e-05
4.8605625099999997e+03 4.3559998185554701e-05
4.8635622400000002e+03 4.3515629519863171e-05
4.8665619699999997e+03 4.3471301875919570e-05
4.8695617000000002e+03 4.3427015190550589e-05
4.8725614299999997e+03 4.3382769400719140e-05
4.8755611600000002e+03 4.3338564443523860e-05
4.8785608899999997e+03 4.3294400256198725e-05
4.8815606200000002e+03 4.3250276776112697e-05
4.8845603499999997e+03 4.3206193940769395e-05
4.8875600800000002e+03 4.3162151687806668e-05
4.8905598099999997e+03 4.3118149954996204e-05
4.8935595400000002e+03 4.3074188680243231e-05
4.8965592699999997e+03 4.3030267801586157e-05
4.8995590000000002e+03 4.2986387257196049e-05
4.9025587299999997e+03 4.2942546985376484e-05
4.9055584600000002e+03 4.2898746924563020e-05
4.9085581899999997e+03 4.2854987013322920e-05
4.9115579200000002e+03 4.2811267190354769e-05
4.9145576499999997e+03 4.2767587394488063e-05
4.9175573800000002e+03 4.2723947564682952e-05
4.9205571099999997e+03 4.2680347640029785e-05
4.9235568400000002e+03 4.2636787559748797e-05
4.9265565699999997e+03 4.2593267263189766e-05
4.9295563000000002e+03 4.2549786689831613e-05
4.9325560299999997e+03 4.2506345779282109e-05
4.9355557600000002e+03 4.2462944471277473e-05
4.9385554899999997e+03 4.2419582705682007e-05
4.9415552200000002e+03 4.2376260422487810e-05
4.9445549499999997e+03 4.2332977561814409e-05
4.9475546800000002e+03 4.2289734063908381e-05
4.9505544099999997e+03 4.2246529869142989e-05
4.9535541400000002e+03 4.2203364918017898e-05
4.9565538699999997e+03 4.2160239151158881e-05
4.9595536000000002e+03 4.2117152509317217e-05
4.9625533299999997e+03 4.2074104933369716e-05
4.9655530600000002e+03 4.2031096364318100e-05
4.9685527899999997e+03 4.1988126743288748e-05
4.9715525200000002e+03 4.1945196011532430e-05
4.9745522499999997e+03 4.1902304110423848e-05
4.9775519800000002e+03 4.1859450981461363e-05
4.9805517099999997e+03 4.1816636566266673e-05
4.9835514400000002e+03 4.1773860806584475e-05
4.9865511699999997e+03 4.1731123644282080e-05
4.9895509000000002e+03 4.1688425021349134e-05
4.9925506299999997e+03 4.1645764879897299e-05
4.9955503600000002e+03 4.1603143162159835e-05
4.9985500899999997e+03 4.1560559810491381e-05
5.0015498200000002e+03 4.1518014767367577e-05
5.0045495499999997e+03 4.1475507975384716e-05
5.0075492800000002e+03 4.1433039377259477e-05
5.0105490099999997e+03 4.1390608915828514e-05
5.0135487400000002e+03 4.1348216534048251e-05
5.0165484699999997e+03 4.1305862174994435e-05
5.0195482000000002e+03 4.1263545781861899e-05
5.0225479299999997e+03 4.1221267297964257e-05
5.0255476600000002e+03 4.1179026666733444e-05
5.0285473899999997e+03 4.1136823831719606e-05
5.0315471200000002e+03 4.1094658736590622e-05
5.0345468499999997e+03 4.1052531325131840e-05
5.0375465800000002e+03 4.1010441541245768e-05
5.0405463099999997e+03 4.0968389328951807e-05
5.0435460400000002e+03 4.0926374632385776e-05
5.0465457699999997e+03 4.0884397395799878e-05
5.0495455000000002e+03 4.0842457563562058e-05
5.0525452299999997e+03 4.0800555080155948e-05
5.0555449600000002e+03 4.0758689890180456e-05
5.0585446899999997e+03 4.0716861938349485e-05
5.0615444200000002e+03 4.0675071169491571e-05
5.0645441499999997e+03 4.0633317528549659e-05
5.0675438800000002e+03 4.0591600960580735e-05
5.0705436099999997e+03 4.0549921410755584e-05
5.0735433400000002e+03 4.0508278824358383e-05
5.0765430699999997e+03 4.0466673146786564e-05
5.0795428000000002e+03 4.0425104323550287e-05
5.0825425299999997e+03 4.0383572300272408e-05
5.0855422600000002e+03 4.0342077022687925e-05
5.0885419899999997e+03 4.0300618436643852e-05
5.0915417200000002e+03 4.0259196488098878e-05
5.0945414499999997e+03 4.0217811123123039e-05
5.0975411800000002e+03 4.0176462287897432e-05
5.1005409099999997e+03 4.0135149928713922e-05
5.1035406400000002e+03 4.0093873991974927e-05
5.1065403699999997e+03 4.0052634424193005e-05
5.1095401000000002e+03 4.0011431171990581e-05
5.1125398299999997e+03 3.9970264182099799e-05
5.1155395600000002e+03 3.9929133401362016e-05
5.1185392899999997e+03 3.9888038776727680e-05
5.1215390200000002e+03 3.9846980255256020e-05
5.1245387499999997e+03 3.9805957784114649e-05
5.1275384800000002e+03 3.9764971310579372e-05
5.1305382099999997e+03 3.9724020782033925e-05
5.1335379400000002e+03 3.9683106145969651e-05
5.1365376699999997e+03 3.9642227349985190e-05
5.1395374000000002e+03 3.9601384341786162e-05
5.1425371299999997e+03 3.9560577069185095e-05
5.1455368600000002e+03 3.9519805480100898e-05
5.1485365899999997e+03 3.9479069522558716e-05
5.1515363200000002e+03 3.9438369144689545e-05
5.1545360499999997e+03 3.9397704294730171e-05
5.1575357800000002e+03 3.9357074921022602e-05
5.1605355099999997e+03 3.9316480972014048e-05
5.1635352400000002e+03 3.9275922396256509e-05
5.1665349699999997e+03 3.9235399142406470e-05
5.1695347000000002e+03 3.9194911159224755e-05
5.1725344299999997e+03 3.9154458395576182e-05
5.1755341600000002e+03 3.9114040800429291e-05
5.1785338899999997e+03 3.9073658322856064e-05
5.1815336200000002e+03 3.9033310912031679e-05
5.1845333499999997e+03 3.8992998517234285e-05
5.1875330800000002e+03 3.8952721087844609e-05
5.1905328099999997e+03 3.8912478573345784e-05
5.1935325400000002e+03 3.8872270923323099e-05
5.1965322699999997e+03 3.8832098087463672e-05
5.1995320000000002e+03 3.8791960015556215e-05
5.2025317299999997e+03 3.8751856657490755e-05
5.2055314600000002e+03 3.8711787963258413e-05
5.2085311899999997e+03 3.8671753882951084e-05
5.2115309200000002e+03 3.8631754366761193e-05
5.2145306499999997e+03 3.8591789364981525e-05
5.2175303800000002e+03 3.8551858828004756e-05
5.2205301099999997e+03 3.8511962706323417e-05
5.2235298400000001e+03 3.8472100950529559e-05
5.2265295699999997e+03 3.8432273511314428e-05
5.2295293000000001e+03 3.8392480339468248e-05
5.2325290299999997e+03 3.8352721385880015e-05
5.2355287600000001e+03 3.8312996601537246e-05
5.2385284899999997e+03 3.8273305937525629e-05
5.2415282200000001e+03 3.8233649345028788e-05
5.2445279499999997e+03 3.8194026775328198e-05
5.2475276800000001e+03 3.8154438179802664e-05
5.2505274099999997e+03 3.8114883509928339e-05
5.2535271400000001e+03 3.8075362717278221e-05
5.2565268699999997e+03 3.8035875753522147e-05
5.2595266000000001e+03 3.7996422570426350e-05
5.2625263299999997e+03 3.7957003119853330e-05
5.2655260600000001e+03 3.7917617353761532e-05
5.2685257899999997e+03 3.7878265224205180e-05
5.2715255200000001e+03 3.7838946683333917e-05
5.2745252499999997e+03 3.7799661683392751e-05
5.2775249800000001e+03 3.7760410176721538e-05
5.2805247099999997e+03 3.7721192115755006e-05
5.2835244400000001e+03 3.7682007453022353e-05
5.2865241699999997e+03 3.7642856141147115e-05
5.2895239000000001e+03 3.7603738132846700e-05
5.2925236299999997e+03 3.7564653380932490e-05
5.2955233600000001e+03 3.7525601838309316e-05
5.2985230899999997e+03 3.7486583457975415e-05
5.3015228200000001e+03 3.7447598193021968e-05
5.3045225499999997e+03 3.7408645996633124e-05
5.3075222800000001e+03 3.7369726822085591e-05
5.3105220099999997e+03 3.7330840622748416e-05
5.3135217400000001e+03 3.7291987352082871e-05
5.3165214699999997e+03 3.7253166963642033e-05
5.3195212000000001e+03 3.7214379411070663e-05
5.3225209299999997e+03 3.7175624648105026e-05
5.3255206600000001e+03 3.7136902628572558e-05
5.3285203899999997e+03 3.7098213306391616e-05
5.3315201200000001e+03 3.7059556635571382e-05
5.3345198499999997e+03 3.7020932570211478e-05
5.3375195800000001e+03 3.6982341064501890e-05
5.3405193099999997e+03 3.6943782072722570e-05
5.3435190400000001e+03 3.6905255549243381e-05
5.3465187699999997e+03 3.6866761448523743e-05
5.3495185000000001e+03 3.6828299725112439e-05
5.3525182299999997e+03 3.6789870333647453e-05
5.3555179600000001e+03 3.6751473228855666e-05
5.3585176899999997e+03 3.6713108365552682e-05
5.3615174200000001e+03 3.6674775698642487e-05
5.3645171499999997e+03 3.6636475183117504e-05
5.3675168800000001e+03 3.6598206774058024e-05
5.3705166099999997e+03 3.6559970426632227e-05
5.3735163400000001e+03 3.6521766096095875e-05
5.3765160699999997e+03 3.6483593737792116e-05
5.3795158000000001e+03 3.6445453307151216e-05
5.3825155299999997e+03 3.6407344759690359e-05
5.3855152600000001e+03 3.6369268051013552e-05
5.3885149899999997e+03 3.6331223136811201e-05
5.3915147200000001e+03 3.6293209972860015e-05
5.3945144499999997e+03 3.6255228515022779e-05
5.3975141800000001e+03 3.6217278719248157e-05
5.4005139099999997e+03 3.6179360541570388e-05
5.4035136400000001e+03 3.6141473938109195e-05
5.4065133699999997e+03 3.6103618865069491e-05
5.4095131000000001e+03 3.6065795278741158e-05
5.4125128299999997e+03 3.6028003135498901e-05
5.4155125600000001e+03 3.5990242391801976e-05
5.4185122899999997e+03 3.5952513004194054e-05
5.4215120200000001e+03 3.5914814929302820e-05
5.4245117499999997e+03 3.5877148123840107e-05
5.4275114800000001e+03 3.5839512544601311e-05
5.4305112099999997e+03 3.5801908148465430e-05
5.4335109400000001e+03 3.5764334892394786e-05
5.4365106699999997e+03 3.5726792733434787e-05
5.4395104000000001e+03 3.5689281628713761e-05
5.4425101299999997e+03 3.5651801535442736e-05
5.4455098600000001e+03 3.5614352410915230e-05
5.4485095899999997e+03 3.5576934212507090e-05
5.4515093200000001e+03 3.5539546897676159e-05
5.4545090499999997e+03 3.5502190423962263e-05
5.4575087800000001e+03 3.5464864748986886e-05
5.4605085099999997e+03 3.5427569830452909e-05
5.4635082400000001e+03 3.5390305626144623e-05
5.4665079699999997e+03 3.5353072093927303e-05
5.4695077000000001e+03 3.5315869191747158e-05
5.4725074299999997e+03 3.5278696877631010e-05
5.4755071600000001e+03 3.5241555109686215e-05
5.4785068899999997e+03 3.5204443846100420e-05
5.4815066200000001e+03 3.5167363045141283e-05
5.4845063499999997e+03 3.5130312665156445e-05
5.4875060800000001e+03 3.5093292664573163e-05
5.4905058099999997e+03 3.5056303001898208e-05
5.4935055400000001e+03 3.5019343635717657e-05
5.4965052699999997e+03 3.4982414524696711e-05
5.4995050000000001e+03 3.4945515627579417e-05
5.5025047299999997e+03 3.4908646903188615e-05
5.5055044600000001e+03 3.4871808310425631e-05
5.5085041899999997e+03 3.4834999808270109e-05
5.5115039200000001e+03 3.4798221355779824e-05
5.5145036499999997e+03 3.4761472912090579e-05
5.5175033800000001e+03 3.4724754436415821e-05
5.5205031099999997e+03 3.4688065888046643e-05
5.5235028400000001e+03 3.4651407226351494e-05
5.5265025699999997e+03 3.4614778410776033e-05
5.5295023000000001e+03 3.4578179400842821e-05
5.5325020299999996e+03 3.4541610156151366e-05
5.5355017600000001e+03 3.4505070636377724e-05
5.5385014899999996e+03 3.4468560801274426e-05
5.5415012200000001e+03 3.4432080610670162e-05
5.5445009499999996e+03 3.4395630024469835e-05
5.5475006800000001e+03 3.4359209002654113e-05
5.5505004099999996e+03 3.4322817505279421e-05
5.5535001400000001e+03 3.4286455492477649e-05
5.5564998699999996e+03 3.4250122924456095e-05
5.5594996000000001e+03 3.4213819761497073e-05
5.5624993299999996e+03 3.4177545963958005e-05
5.5654990600000001e+03 3.4141301492270999e-05
5.5684987899999996e+03 3.4105086306942820e-05
5.5714985200000001e+03 3.4068900368554561e-05
5.5744982499999996e+03 3.4032743637761716e-05
5.5774979800000001e+03 3.3996616075293663e-05
5.5804977099999996e+03 3.3960517641953776e-05
5.5834974400000001e+03 3.3924448298619088e-05
5.5864971699999996e+03 3.3888408006240201e-05
5.5894969000000001e+03 3.3852396725840961e-05
5.5924966299999996e+03 3.3816414418518507e-05
5.5954963600000001e+03 3.3780461045442883e-05
5.5984960899999996e+03 3.3744536567857007e-05
5.6014958200000001e+03 3.3708640947076362e-05
5.6044955499999996e+03 3.3672774144489017e-05
5.6074952800000001e+03 3.3636936121555240e-05
5.6104950100000005e+03 3.3601126839807394e-05
5.6134947400000001e+03 3.3565346260849923e-05
5.6164944700000005e+03 3.3529594346358882e-05
5.6194942000000001e+03 3.3493871058082068e-05
5.6224939300000005e+03 3.3458176357838561e-05
5.6254936600000001e+03 3.3422510207518818e-05
5.6284933900000005e+03 3.3386872569084345e-05
5.6314931200000001e+03 3.3351263404567519e-05
5.6344928500000005e+03 3.3315682676071538e-05
5.6374925800000001e+03 3.3280130345770120e-05
5.6404923100000005e+03 3.3244606375907367e-05
5.6434920400000001e+03 3.3209110728797740e-05
5.6464917700000005e+03 3.3173643366825610e-05
5.6494915000000001e+03 3.3138204252445375e-05
5.6524912300000005e+03 3.3102793348181084e-05
5.6554909600000001e+03 3.3067410616626469e-05
5.6584906900000005e+03 3.3032056020444514e-05
5.6614904200000001e+03 3.2996729522367558e-05
5.6644901500000005e+03 3.2961431085196977e-05
5.6674898800000001e+03 3.2926160671803068e-05
5.6704896100000005e+03 3.2890918245124833e-05
5.6734893400000001e+03 3.2855703768169863e-05
5.6764890700000005e+03 3.2820517204014223e-05
5.6794888000000001e+03 3.2785358515802209e-05
5.6824885300000005e+03 3.2750227666746136e-05
5.6854882600000001e+03 3.2715124620126373e-05
5.6884879900000005e+03 3.2680049339290966e-05
5.6914877200000001e+03 3.2645001787655612e-05
5.6944874500000005e+03 3.2609981928703446e-05
5.6974871800000001e+03 3.2574989725984908e-05
5.7004869100000005e+03 3.2540025143117525e-05
5.7034866400000001e+03 3.2505088143785864e-05
5.7064863700000005e+03 3.2470178691741253e-05
5.7094861000000001e+03 3.2435296750801710e-05
5.7124858300000005e+03 3.2400442284851668e-05
5.7154855600000001e+03 3.2365615257842049e-05
5.7184852900000005e+03 3.2330815633789801e-05
5.7214850200000001e+03 3.2296043376778003e-05
5.7244847500000005e+03 3.2261298450955581e-05
5.7274844800000001e+03 3.2226580820537187e-05
5.7304842100000005e+03 3.2191890449802974e-05
5.7334839400000001e+03 3.2157227303098575e-05
5.7364836700000005e+03 3.2122591344834863e-05
5.7394834000000001e+03 3.2087982539487779e-05
5.7424831300000005e+03 3.2053400851598232e-05
5.7454828600000001e+03 3.2018846245771927e-05
5.7484825900000005e+03 3.1984318686679230e-05
5.7514823200000001e+03 3.1949818139054959e-05
5.7544820500000005e+03 3.1915344567698310e-05
5.7574817800000001e+03 3.1880897937472627e-05
5.7604815100000005e+03 3.1846478213305306e-05
5.7634812400000001e+03 3.1812085360187661e-05
5.7664809700000005e+03 3.1777719343174719e-05
5.7694807000000001e+03 3.1743380127385099e-05
5.7724804300000005e+03 3.1709067678000842e-05
5.7754801600000001e+03 3.1674781960267339e-05
5.7784798900000005e+03 3.1640522939493082e-05
5.7814796200000001e+03 3.1606290581049533e-05
5.7844793500000005e+03 3.1572084850371069e-05
5.7874790800000001e+03 3.1537905712954769e-05
5.7904788100000005e+03 3.1503753134360174e-05
5.7934785400000001e+03 3.1469627080209360e-05
5.7964782700000005e+03 3.1435527516186589e-05
5.7994780000000001e+03 3.1401454408038283e-05
5.8024777300000005e+03 3.1367407721572792e-05
5.8054774600000001e+03 3.1333387422660399e-05
5.8084771900000005e+03 3.1299393477232953e-05
5.8114769200000001e+03 3.1265425851283950e-05
5.8144766500000005e+03 3.1231484510868220e-05
5.8174763800000001e+03 3.1197569422101911e-05
5.8204761100000005e+03 3.1163680551162231e-05
5.8234758400000001e+03 3.1129817864287409e-05
5.8264755700000005e+03 3.1095981327776472e-05
5.8294753000000001e+03 3.1062170907989219e-05
5.8324750300000005e+03 3.1028386571345892e-05
5.8354747600000001e+03 3.0994628284327229e-05
5.8384744900000005e+03 3.0960896013474234e-05
5.8414742200000001e+03 3.0927189725387978e-05
5.8444739500000005e+03 3.0893509386729653e-05
5.8474736800000001e+03 3.0859854964220179e-05
5.8504734100000005e+03 3.0826226424640281e-05
5.8534731400000001e+03 3.0792623734830216e-05
5.8564728700000005e+03 3.0759046861689735e-05
5.8594726000000001e+03 3.0725495772177863e-05
5.8624723300000005e+03 3.0691970433312777e-05
5.8654720600000001e+03 3.0658470812171764e-05
5.8684717900000005e+03 3.0624996875890928e-05
5.8714715200000001e+03 3.0591548591665183e-05
5.8744712500000005e+03 3.0558125926748041e-05
5.8774709800000001e+03 3.0524728848451578e-05
5.8804707100000005e+03 3.0491357324146109e-05
5.8834704400000001e+03 3.0458011321260277e-05
5.8864701700000005e+03 3.0424690807280806e-05
5.8894699000000001e+03 3.0391395749752340e-05
5.8924696300000005e+03 3.0358126116277370e-05
5.8954693600000001e+03 3.0324881874516083e-05
5.8984690900000005e+03 3.0291662992186218e-05
5.9014688200000001e+03 3.0258469437062960e-05
5.9044685500000005e+03 3.0225301176978769e-05
5.9074682800000000e+03 3.0192158179823327e-05
5.9104680100000005e+03 3.0159040413543297e-05
5.9134677400000000e+03 3.0125947846142239e-05
5.9164674700000005e+03 3.0092880445680541e-05
5.9194672000000000e+03 3.0059838180275249e-05
5.9224669300000005e+03 3.0026821018099836e-05
5.9254666600000000e+03 2.9993828927384303e-05
5.9284663900000005e+03 2.9960861876414761e-05
5.9314661200000000e+03 2.9927919833533567e-05
5.9344658500000005e+03 2.9895002767139065e-05
5.9374655800000000e+03 2.9862110645685444e-05
5.9404653100000005e+03 2.9829243437682656e-05
5.9434650400000000e+03 2.9796401111696291e-05
5.9464647700000005e+03 2.9763583636347438e-05
5.9494645000000000e+03 2.9730790980312547e-05
5.9524642300000005e+03 2.9698023112323320e-05
5.9554639600000000e+03 2.9665280001166575e-05
5.9584636900000005e+03 2.9632561615684161e-05
5.9614634200000000e+03 2.9599867924772741e-05
5.9644631500000005e+03 2.9567198897383779e-05
5.9674628800000000e+03 2.9534554502523364e-05
5.9704626100000005e+03 2.9501934709252043e-05
5.9734623400000000e+03 2.9469339486684758e-05
5.9764620700000005e+03 2.9436768803990719e-05
5.9794618000000000e+03 2.9404222630393303e-05
5.9824615300000005e+03 2.9371700935169797e-05
5.9854612600000000e+03 2.9339203687651484e-05
5.9884609900000005e+03 2.9306730857223354e-05
5.9914607200000000e+03 2.9274282413324048e-05
5.9944604500000005e+03 2.9241858325445749e-05
5.9974601800000000e+03 2.9209458563134094e-05
6.0004599100000005e+03 2.9177083095987856e-05
6.0034596400000000e+03 2.9144731893659143e-05
6.0064593700000005e+03 2.9112404925852999e-05
6.0094591000000000e+03 2.9080102162327442e-05
6.0124588300000005e+03 2.9047823572893258e-05
6.0154585600000000e+03 2.9015569127414009e-05
6.0184582900000005e+03 2.8983338795805694e-05
6.0214580200000000e+03 2.8951132548036912e-05
6.0244577500000005e+03 2.8918950354128462e-05
6.0274574800000000e+03 2.8886792184153478e-05
6.0304572100000005e+03 2.8854658008237092e-05
6.0334569400000000e+03 2.8822547796556525e-05
6.0364566700000005e+03 2.8790461519340781e-05
6.0394564000000000e+03 2.8758399146870661e-05
6.0424561300000005e+03 2.8726360649478559e-05
6.0454558600000000e+03 2.8694345997548487e-05
6.0484555900000005e+03 2.8662355161515731e-05
6.0514553200000000e+03 2.8630388111866994e-05
6.0544550500000005e+03 2.8598444819140058e-05
6.0574547800000000e+03 2.8566525253923866e-05
6.0604545100000005e+03 2.8534629386858198e-05
6.0634542400000000e+03 2.8502757188633760e-05
6.0664539700000005e+03 2.8470908629991967e-05
6.0694537000000000e+03 2.8439083681724819e-05
6.0724534300000005e+03 2.8407282314674799e-05
6.0754531600000000e+03 2.8375504499734830e-05
6.0784528900000005e+03 2.8343750207848090e-05
6.0814526200000000e+03 2.8312019410007892e-05
6.0844523500000005e+03 2.8280312077257611e-05
6.0874520800000000e+03 2.8248628180690602e-05
6.0904518100000005e+03 2.8216967691450004e-05
6.0934515400000000e+03 2.8185330580728673e-05
6.0964512700000005e+03 2.8153716819769120e-05
6.0994510000000000e+03 2.8122126379863320e-05
6.1024507300000005e+03 2.8090559232352602e-05
6.1054504600000000e+03 2.8059015348627707e-05
6.1084501900000005e+03 2.8027494700128380e-05
6.1114499200000000e+03 2.7995997258343520e-05
6.1144496500000005e+03 2.7964522994811014e-05
6.1174493800000000e+03 2.7933071881117508e-05
6.1204491100000005e+03 2.7901643888898450e-05
6.1234488400000000e+03 2.7870238989837898e-05
6.1264485700000005e+03 2.7838857155668428e-05
6.1294483000000000e+03 2.7807498358171076e-05
6.1324480300000005e+03 2.7776162569175081e-05
6.1354477600000000e+03 2.7744849760558052e-05
6.1384474900000005e+03 2.7713559904245543e-05
6.1414472200000000e+03 2.7682292972211189e-05
6.1444469500000005e+03 2.7651048936476494e-05
6.1474466800000000e+03 2.7619827769110727e-05
6.1504464100000005e+03 2.7588629442230828e-05
6.1534461400000000e+03 2.7557453928001375e-05
6.1564458700000005e+03 2.7526301198634329e-05
6.1594456000000000e+03 2.7495171226389089e-05
6.1624453300000005e+03 2.7464063983572235e-05
6.1654450600000000e+03 2.7432979442537600e-05
6.1684447900000005e+03 2.7401917575685986e-05
6.1714445200000000e+03 2.7370878355465212e-05
6.1744442500000005e+03 2.7339861754369890e-05
6.1774439800000000e+03 2.7308867744941420e-05
6.1804437100000005e+03 2.7277896299767793e-05
6.1834434400000000e+03 2.7246947391483649e-05
6.1864431700000005e+03 2.7216020992769963e-05
6.1894429000000000e+03 2.7185117076354062e-05
6.1924426300000005e+03 2.7154235615009577e-05
6.1954423600000000e+03 2.7123376581556243e-05
6.1984420900000005e+03 2.7092539948859781e-05
6.2014418200000000e+03 2.7061725689831927e-05
6.2044415500000005e+03 2.7030933777430199e-05
6.2074412800000000e+03 2.7000164184657930e-05
6.2104410100000005e+03 2.6969416884563940e-05
6.2134407400000000e+03 2.6938691850242767e-05
6.2164404700000005e+03 2.6907989054834277e-05
6.2194402000000000e+03 2.6877308471523719e-05
6.2224399300000005e+03 2.6846650073541550e-05
6.2254396600000000e+03 2.6816013834163414e-05
6.2284393900000005e+03 2.6785399726709979e-05
6.2314391200000000e+03 2.6754807724546849e-05
6.2344388500000005e+03 2.6724237801084529e-05
6.2374385800000000e+03 2.6693689929778235e-05
6.2404383100000005e+03 2.6663164084127842e-05
6.2434380400000000e+03 2.6632660237677822e-05
6.2464377700000005e+03 2.6602178364017089e-05
6.2494375000000000e+03 2.6571718436778896e-05
6.2524372300000005e+03 2.6541280429640845e-05
6.2554369600000000e+03 2.6510864316324663e-05
6.2584366900000005e+03 2.6480470070596140e-05
6.2614364200000000e+03 2.6450097666265113e-05
6.2644361500000005e+03 2.6419747077185266e-05
6.2674358800000000e+03 2.6389418277254132e-05
6.2704356100000005e+03 2.6359111240412863e-05
6.2734353400000000e+03 2.6328825940646327e-05
6.2764350700000005e+03 2.6298562351982815e-05
6.2794348000000000e+03 2.6268320448494098e-05
6.2824345300000004e+03 2.6238100204295265e-05
6.2854342600000000e+03 2.6207901593544609e-05
6.2884339900000004e+03 2.6177724590443615e-05
6.2914337200000000e+03 2.6147569169236789e-05
6.2944334500000004e+03 2.6117435304211633e-05
6.2974331800000000e+03 2.6087322969698456e-05
6.3004329100000004e+03 2.6057232140070365e-05
6.3034326400000000e+03 2.6027162789743193e-05
6.3064323700000004e+03 2.5997114893175318e-05
6.3094321000000000e+03 2.5967088424867601e-05
6.3124318300000004e+03 2.5937083359363397e-05
6.3154315600000000e+03 2.5907099671248293e-05
6.3184312900000004e+03 2.5877137335150142e-05
6.3214310200000000e+03 2.5847196325738932e-05
6.3244307500000004e+03 2.5817276617726711e-05
6.3274304800000000e+03 2.5787378185867485e-05
6.3304302100000004e+03 2.5757501004957082e-05
6.3334299400000000e+03 2.5727645049833209e-05
6.3364296700000004e+03 2.5697810295375131e-05
6.3394294000000000e+03 2.5667996716503843e-05
6.3424291300000004e+03 2.5638204288181773e-05
6.3454288600000000e+03 2.5608432985412819e-05
6.3484285900000004e+03 2.5578682783242198e-05
6.3514283200000000e+03 2.5548953656756364e-05
6.3544280500000004e+03 2.5519245581082943e-05
6.3574277800000000e+03 2.5489558531390696e-05
6.3604275100000004e+03 2.5459892482889209e-05
6.3634272400000000e+03 2.5430247410829188e-05
6.3664269700000004e+03 2.5400623290501996e-05
6.3694267000000000e+03 2.5371020097239724e-05
6.3724264300000004e+03 2.5341437806415216e-05
6.3754261600000000e+03 2.5311876393441791e-05
6.3784258900000004e+03 2.5282335833773198e-05
6.3814256200000000e+03 2.5252816102903685e-05
6.3844253500000004e+03 2.5223317176367695e-05
6.3874250800000000e+03 2.5193839029739970e-05
6.3904248100000004e+03 2.5164381638635257e-05
6.3934245400000000e+03 2.5134944978708507e-05
6.3964242700000004e+03 2.5105529025654478e-05
6.3994240000000000e+03 2.5076133755207914e-05
6.4024237300000004e+03 2.5046759143143303e-05
6.4054234600000000e+03 2.5017405165274853e-05
6.4084231900000004e+03 2.4988071797456346e-05
6.4114229200000000e+03 2.4958759015581168e-05
6.4144226500000004e+03 2.4929466795582153e-05
6.4174223800000000e+03 2.4900195113431487e-05
6.4204221100000004e+03 2.4870943945140613e-05
6.4234218400000000e+03 2.4841713266760283e-05
6.4264215700000004e+03 2.4812503054380289e-05
6.4294213000000000e+03 2.4783313284129476e-05
6.4324210300000004e+03 2.4754143932175664e-05
6.4354207600000000e+03 2.4724994974725612e-05
6.4384204900000004e+03 2.4695866388024755e-05
6.4414202200000000e+03 2.4666758148357320e-05
6.4444199500000004e+03 2.4637670232046205e-05
6.4474196800000000e+03 2.4608602615452797e-05
6.4504194100000004e+03 2.4579555274976959e-05
6.4534191400000000e+03 2.4550528187056996e-05
6.4564188700000004e+03 2.4521521328169488e-05
6.4594186000000000e+03 2.4492534674829248e-05
6.4624183300000004e+03 2.4463568203589305e-05
6.4654180600000000e+03 2.4434621891040665e-05
6.4684177900000004e+03 2.4405695713812404e-05
6.4714175200000000e+03 2.4376789648571444e-05
6.4744172500000004e+03 2.4347903672022655e-05
6.4774169800000000e+03 2.4319037760908545e-05
6.4804167100000004e+03 2.4290191892009338e-05
6.4834164400000000e+03 2.4261366042142933e-05
6.4864161700000004e+03 2.4232560188164632e-05
6.4894159000000000e+03 2.4203774306967270e-05
6.4924156300000004e+03 2.4175008375481032e-05
6.4954153600000000e+03 2.4146262370673333e-05
6.4984150900000004e+03 2.4117536269548888e-05
6.5014148200000000e+03 2.4088830049149477e-05
6.5044145500000004e+03 2.4060143686553951e-05
6.5074142800000000e+03 2.4031477158878192e-05
6.5104140100000004e+03 2.4002830443274891e-05
6.5134137400000000e+03 2.3974203516933698e-05
6.5164134700000004e+03 2.3945596357080863e-05
6.5194132000000000e+03 2.3917008940979401e-05
6.5224129300000004e+03 2.3888441245928937e-05
6.5254126600000000e+03 2.3859893249265560e-05
6.5284123900000004e+03 2.3831364928361864e-05
6.5314121200000000e+03 2.3802856260626737e-05
6.5344118500000004e+03 2.3774367223505486e-05
6.5374115800000000e+03 2.3745897794479521e-05
6.5404113100000004e+03 2.3717447951066452e-05
6.5434110400000000e+03 2.3689017670819966e-05
6.5464107700000004e+03 2.3660606931329746e-05
6.5494105000000000e+03 2.3632215710221370e-05
6.5524102300000004e+03 2.3603843985156310e-05
6.5554099600000000e+03 2.3575491733831782e-05
6.5584096900000004e+03 2.3547158933980719e-05
6.5614094200000000e+03 2.3518845563371668e-05
6.5644091500000004e+03 2.3490551599808771e-05
6.5674088800000000e+03 2.3462277021131589e-05
6.5704086100000004e+03 2.3434021805215148e-05
6.5734083400000000e+03 2.3405785929969820e-05
6.5764080700000004e+03 2.3377569373341152e-05
6.5794078000000000e+03 2.3349372113310007e-05
6.5824075300000004e+03 2.3321194127892268e-05
6.5854072600000000e+03 2.3293035395138913e-05
6.5884069900000004e+03 2.3264895893135891e-05
6.5914067200000000e+03 2.3236775600004065e-05
6.5944064500000004e+03 2.3208674493899107e-05
6.5974061799999999e+03 2.3180592553011478e-05
6.6004059100000004e+03 2.3152529755566269e-05
6.6034056399999999e+03 2.3124486079823311e-05
6.6064053700000004e+03 2.3096461504076857e-05
6.6094050999999999e+03 2.3068456006655698e-05
6.6124048300000004e+03 2.3040469565923057e-05
6.6154045599999999e+03 2.3012502160276451e-05
6.6184042900000004e+03 2.2984553768147669e-05
6.6214040199999999e+03 2.2956624368002709e-05
6.6244037500000004e+03 2.2928713938341722e-05
6.6274034799999999e+03 2.2900822457698884e-05
6.6304032100000004e+03 2.2872949904642348e-05
6.6334029399999999e+03 2.2845096257774259e-05
6.6364026700000004e+03 2.2817261495730507e-05
6.6394023999999999e+03 2.2789445597180863e-05
6.6424021300000004e+03 2.2761648540828762e-05
6.6454018599999999e+03 2.2733870305411320e-05
6.6484015900000004e+03 2.2706110869699153e-05
6.6514013199999999e+03 2.2678370212496461e-05
6.6544010500000004e+03 2.2650648312640875e-05
6.6574007799999999e+03 2.2622945149003381e-05
6.6604005100000004e+03 2.2595260700488252e-05
6.6634002399999999e+03 2.2567594946033095e-05
6.6663999700000004e+03 2.2539947864608528e-05
6.6693996999999999e+03 2.2512319435218403e-05
6.6723994300000004e+03 2.2484709636899563e-05
6.6753991599999999e+03 2.2457118448721855e-05
6.6783988900000004e+03 2.2429545849787948e-05
6.6813986199999999e+03 2.2401991819233450e-05
6.6843983500000004e+03 2.2374456336226646e-05
6.6873980799999999e+03 2.2346939379968603e-05
6.6903978100000004e+03 2.2319440929692949e-05
6.6933975399999999e+03 2.2291960964665993e-05
6.6963972700000004e+03 2.2264499464186419e-05
6.6993969999999999e+03 2.2237056407585465e-05
6.7023967300000004e+03 2.2209631774226684e-05
6.7053964599999999e+03 2.2182225543505979e-05
6.7083961900000004e+03 2.2154837694851425e-05
6.7113959199999999e+03 2.2127468207723375e-05
6.7143956500000004e+03 2.2100117061614225e-05
6.7173953799999999e+03 2.2072784236048505e-05
6.7203951100000004e+03 2.2045469710582580e-05
6.7233948399999999e+03 2.2018173464804934e-05
6.7263945700000004e+03 2.1990895478335754e-05
6.7293942999999999e+03 2.1963635730827111e-05
6.7323940300000004e+03 2.1936394201962744e-05
6.7353937599999999e+03 2.1909170871458133e-05
6.7383934900000004e+03 2.1881965719060288e-05
6.7413932199999999e+03 2.1854778724547846e-05
6.7443929500000004e+03 2.1827609867730813e-05
6.7473926799999999e+03 2.1800459128450707e-05
6.7503924100000004e+03 2.1773326486580321e-05
6.7533921399999999e+03 2.1746211922023822e-05
6.7563918700000004e+03 2.1719115414716541e-05
6.7593915999999999e+03 2.1692036944624973e-05
6.7623913300000004e+03 2.1664976491746768e-05
6.7653910599999999e+03 2.1637934036110574e-05
6.7683907900000004e+03 2.1610909557776022e-05
6.7713905199999999e+03 2.1583903036833651e-05
6.7743902500000004e+03 2.1556914453404867e-05
6.7773899799999999e+03 2.1529943787641931e-05
6.7803897100000004e+03 2.1502991019727678e-05
6.7833894399999999e+03 2.1476056129875791e-05
6.7863891700000004e+03 2.1449139098330480e-05
6.7893888999999999e+03 2.1422239905366453e-05
6.7923886300000004e+03 2.1395358531289029e-05
6.7953883599999999e+03 2.1368494956433860e-05
6.7983880900000004e+03 2.1341649161167012e-05
6.8013878199999999e+03 2.1314821125884826e-05
6.8043875500000004e+03 2.1288010831013888e-05
6.8073872799999999e+03 2.1261218257011065e-05
6.8103870100000004e+03 2.1234443384363171e-05
6.8133867399999999e+03 2.1207686193587309e-05
6.8163864700000004e+03 2.1180946665230381e-05
6.8193861999999999e+03 2.1154224779869371e-05
6.8223859300000004e+03 2.1127520518111116e-05
6.8253856599999999e+03 2.1100833860592295e-05
6.8283853900000004e+03 2.1074164787979325e-05
6.8313851199999999e+03 2.1047513280968350e-05
6.8343848500000004e+03 2.1020879320285190e-05
6.8373845799999999e+03 2.0994262886685263e-05
6.8403843100000004e+03 2.0967663960953445e-05
6.8433840399999999e+03 2.0941082523904226e-05
6.8463837700000004e+03 2.0914518556381395e-05
6.8493834999999999e+03 2.0887972039258145e-05
6.8523832300000004e+03 2.0861442953437038e-05
6.8553829599999999e+03 2.0834931279849756e-05
6.8583826900000004e+03 2.0808436999457306e-05
6.8613824199999999e+03 2.0781960093249694e-05
6.8643821500000004e+03 2.0755500542246134e-05
6.8673818799999999e+03 2.0729058327494752e-05
6.8703816100000004e+03 2.0702633430072693e-05
6.8733813399999999e+03 2.0676225831085982e-05
6.8763810700000004e+03 2.0649835511669482e-05
6.8793807999999999e+03 2.0623462452986901e-05
6.8823805300000004e+03 2.0597106636230607e-05
6.8853802599999999e+03 2.0570768042621721e-05
6.8883799900000004e+03 2.0544446653409901e-05
6.8913797199999999e+03 2.0518142449873453e-05
6.8943794500000004e+03 2.0491855413319115e-05
6.8973791799999999e+03 2.0465585525082167e-05
6.9003789100000004e+03 2.0439332766526179e-05
6.9033786399999999e+03 2.0413097119043198e-05
6.9063783700000004e+03 2.0386878564053439e-05
6.9093780999999999e+03 2.0360677083005383e-05
6.9123778300000004e+03 2.0334492657375729e-05
6.9153775599999999e+03 2.0308325268669264e-05
6.9183772900000004e+03 2.0282174898418820e-05
6.9213770199999999e+03 2.0256041528185300e-05
6.9243767500000004e+03 2.0229925139557527e-05
6.9273764799999999e+03 2.0203825714152200e-05
6.9303762100000004e+03 2.0177743233613939e-05
6.9333759399999999e+03 2.0151677679615106e-05
6.9363756700000004e+03 2.0125629033855797e-05
6.9393753999999999e+03 2.0099597278063815e-05
6.9423751300000004e+03 2.0073582393994622e-05
6.9453748599999999e+03 2.0047584363431220e-05
6.9483745900000004e+03 2.0021603168184151e-05
6.9513743199999999e+03 1.9995638790091394e-05
6.9543740500000004e+03 1.9969691211018420e-05
6.9573737799999999e+03 1.9943760412857998e-05
6.9603735100000004e+03 1.9917846377530252e-05
6.9633732399999999e+03 1.9891949086982538e-05
6.9663729700000004e+03 1.9866068523189424e-05
6.9693726999999999e+03 1.9840204668152655e-05
6.9723724300000003e+03 1.9814357503901036e-05
6.9753721599999999e+03 1.9788527012490462e-05
6.9783718900000003e+03 1.9762713176003802e-05
6.9813716199999999e+03 1.9736915976550887e-05
6.9843713500000003e+03 1.9711135396268394e-05
6.9873710799999999e+03 1.9685371417319920e-05
6.9903708100000003e+03 1.9659624021895750e-05
6.9933705399999999e+03 1.9633893192213022e-05
6.9963702700000003e+03 1.9608178910515437e-05
6.9993699999999999e+03 1.9582481159073423e-05
7.0023697300000003e+03 1.9556799920183986e-05
7.0053694599999999e+03 1.9531135176170587e-05
7.0083691900000003e+03 1.9505486909383219e-05
7.0113689199999999e+03 1.9479855102198340e-05
7.0143686500000003e+03 1.9454239737018683e-05
7.0173683799999999e+03 1.9428640796273453e-05
7.0203681100000003e+03 1.9403058262417979e-05
7.0233678399999999e+03 1.9377492117933929e-05
7.0263675700000003e+03 1.9351942345329097e-05
7.0293672999999999e+03 1.9326408927137402e-05
7.0323670300000003e+03 1.9300891845918878e-05
7.0353667599999999e+03 1.9275391084259521e-05
7.0383664900000003e+03 1.9249906624771349e-05
7.0413662199999999e+03 1.9224438450092294e-05
7.0443659500000003e+03 1.9198986542886179e-05
7.0473656799999999e+03 1.9173550885842634e-05
7.0503654100000003e+03 1.9148131461677031e-05
7.0533651399999999e+03 1.9122728253130588e-05
7.0563648700000003e+03 1.9097341242970045e-05
7.0593645999999999e+03 1.9071970413987903e-05
7.0623643300000003e+03 1.9046615749002164e-05
7.0653640599999999e+03 1.9021277230856408e-05
7.0683637900000003e+03 1.8995954842419670e-05
7.0713635199999999e+03 1.8970648566586412e-05
7.0743632500000003e+03 1.8945358386276516e-05
7.0773629799999999e+03 1.8920084284435200e-05
7.0803627100000003e+03 1.8894826244032888e-05
7.0833624399999999e+03 1.8869584248065382e-05
7.0863621700000003e+03 1.8844358279553582e-05
7.0893618999999999e+03 1.8819148321543538e-05
7.0923616300000003e+03 1.8793954357106415e-05
7.0953613599999999e+03 1.8768776369338484e-05
7.0983610900000003e+03 1.8743614341360888e-05
7.1013608199999999e+03 1.8718468256319820e-05
7.1043605500000003e+03 1.8693338097386376e-05
7.1073602799999999e+03 1.8668223847756494e-05
7.1103600100000003e+03 1.8643125490650878e-05
7.1133597399999999e+03 1.8618043009315104e-05
7.1163594700000003e+03 1.8592976387019343e-05
7.1193591999999999e+03 1.8567925607058532e-05
7.1223589300000003e+03 1.8542890652752179e-05
7.1253586599999999e+03 1.8517871507444423e-05
7.1283583900000003e+03 1.8492868154503857e-05
7.1313581199999999e+03 1.8467880577323615e-05
7.1343578500000003e+03 1.8442908759321270e-05
7.1373575799999999e+03 1.8417952683938777e-05
7.1403573100000003e+03 1.8393012334642383e-05
7.1433570399999999e+03 1.8368087694922753e-05
7.1463567700000003e+03 1.8343178748294717e-05
7.1493564999999999e+03 1.8318285478297302e-05
7.1523562300000003e+03 1.8293407868493759e-05
7.1553559599999999e+03 1.8268545902471436e-05
7.1583556900000003e+03 1.8243699563841729e-05
7.1613554199999999e+03 1.8218868836240082e-05
7.1643551500000003e+03 1.8194053703325914e-05
7.1673548799999999e+03 1.8169254148782594e-05
7.1703546100000003e+03 1.8144470156317332e-05
7.1733543399999999e+03 1.8119701709661237e-05
7.1763540700000003e+03 1.8094948792569227e-05
7.1793537999999999e+03 1.8070211388819912e-05
7.1823535300000003e+03 1.8045489482215683e-05
7.1853532599999999e+03 1.8020783056582545e-05
7.1883529900000003e+03 1.7996092095770180e-05
7.1913527199999999e+03 1.7971416583651785e-05
7.1943524500000003e+03 1.7946756504124115e-05
7.1973521799999999e+03 1.7922111841107483e-05
7.2003519100000003e+03 1.7897482578545509e-05
7.2033516399999999e+03 1.7872868700405346e-05
7.2063513700000003e+03 1.7848270190677431e-05
7.2093510999999999e+03 1.7823687033375563e-05
7.2123508300000003e+03 1.7799119212536740e-05
7.2153505599999999e+03 1.7774566712221292e-05
7.2183502900000003e+03 1.7750029516512631e-05
7.2213500199999999e+03 1.7725507609517351e-05
7.2243497500000003e+03 1.7701000975365173e-05
7.2273494799999999e+03 1.7676509598208820e-05
7.2303492100000003e+03 1.7652033462224053e-05
7.2333489399999999e+03 1.7627572551609614e-05
7.2363486700000003e+03 1.7603126850587120e-05
7.2393483999999999e+03 1.7578696343401144e-05
7.2423481300000003e+03 1.7554281014319038e-05
7.2453478599999999e+03 1.7529880847630988e-05
7.2483475900000003e+03 1.7505495827649893e-05
7.2513473199999999e+03 1.7481125938711392e-05
7.2543470500000003e+03 1.7456771165173840e-05
7.2573467799999999e+03 1.7432431491418129e-05
7.2603465100000003e+03 1.7408106901847763e-05
7.2633462399999999e+03 1.7383797380888869e-05
7.2663459700000003e+03 1.7359502912989974e-05
7.2693456999999999e+03 1.7335223482622107e-05
7.2723454300000003e+03 1.7310959074278733e-05
7.2753451599999999e+03 1.7286709672475689e-05
7.2783448900000003e+03 1.7262475261751078e-05
7.2813446199999998e+03 1.7238255826665397e-05
7.2843443500000003e+03 1.7214051351801343e-05
7.2873440799999998e+03 1.7189861821763860e-05
7.2903438100000003e+03 1.7165687221179986e-05
7.2933435399999998e+03 1.7141527534698986e-05
7.2963432700000003e+03 1.7117382746992143e-05
7.2993429999999998e+03 1.7093252842752795e-05
7.3023427300000003e+03 1.7069137806696341e-05
7.3053424599999998e+03 1.7045037623560097e-05
7.3083421900000003e+03 1.7020952278103306e-05
7.3113419199999998e+03 1.6996881755107109e-05
7.3143416500000003e+03 1.6972826039374495e-05
7.3173413799999998e+03 1.6948785115730259e-05
7.3203411100000003e+03 1.6924758969020941e-05
7.3233408399999998e+03 1.6900747584114809e-05
7.3263405700000003e+03 1.6876750945901845e-05
7.3293402999999998e+03 1.6852769039293636e-05
7.3323400300000003e+03 1.6828801849223388e-05
7.3353397599999998e+03 1.6804849360645924e-05
7.3383394900000003e+03 1.6780911558537463e-05
7.3413392199999998e+03 1.6756988427895860e-05
7.3443389500000003e+03 1.6733079953740281e-05
7.3473386799999998e+03 1.6709186121111442e-05
7.3503384100000003e+03 1.6685306915071252e-05
7.3533381399999998e+03 1.6661442320703134e-05
7.3563378700000003e+03 1.6637592323111654e-05
7.3593375999999998e+03 1.6613756907422676e-05
7.3623373300000003e+03 1.6589936058783321e-05
7.3653370599999998e+03 1.6566129762361823e-05
7.3683367900000003e+03 1.6542338003347542e-05
7.3713365199999998e+03 1.6518560766950995e-05
7.3743362500000003e+03 1.6494798038403726e-05
7.3773359799999998e+03 1.6471049802958251e-05
7.3803357100000003e+03 1.6447316045888106e-05
7.3833354399999998e+03 1.6423596752487813e-05
7.3863351700000003e+03 1.6399891908072676e-05
7.3893348999999998e+03 1.6376201497978995e-05
7.3923346300000003e+03 1.6352525507563797e-05
7.3953343599999998e+03 1.6328863922204957e-05
7.3983340900000003e+03 1.6305216727301074e-05
7.4013338199999998e+03 1.6281583908271461e-05
7.4043335500000003e+03 1.6257965450556090e-05
7.4073332799999998e+03 1.6234361339615626e-05
7.4103330100000003e+03 1.6210771560931253e-05
7.4133327399999998e+03 1.6187196100004795e-05
7.4163324700000003e+03 1.6163634942358555e-05
7.4193321999999998e+03 1.6140088073535300e-05
7.4223319300000003e+03 1.6116555479098329e-05
7.4253316599999998e+03 1.6093037144631277e-05
7.4283313900000003e+03 1.6069533055738166e-05
7.4313311199999998e+03 1.6046043198043374e-05
7.4343308500000003e+03 1.6022567557191606e-05
7.4373305799999998e+03 1.5999106118847790e-05
7.4403303100000003e+03 1.5975658868697057e-05
7.4433300399999998e+03 1.5952225792444829e-05
7.4463297700000003e+03 1.5928806875816576e-05
7.4493294999999998e+03 1.5905402104557934e-05
7.4523292300000003e+03 1.5882011464434621e-05
7.4553289599999998e+03 1.5858634941232420e-05
7.4583286900000003e+03 1.5835272520757043e-05
7.4613284199999998e+03 1.5811924188834296e-05
7.4643281500000003e+03 1.5788589931309812e-05
7.4673278799999998e+03 1.5765269734049182e-05
7.4703276100000003e+03 1.5741963582937817e-05
7.4733273399999998e+03 1.5718671463881053e-05
7.4763270700000003e+03 1.5695393362803903e-05
7.4793267999999998e+03 1.5672129265651204e-05
7.4823265300000003e+03 1.5648879158387515e-05
7.4853262599999998e+03 1.5625643026997030e-05
7.4883259900000003e+03 1.5602420857483646e-05
7.4913257199999998e+03 1.5579212635870830e-05
7.4943254500000003e+03 1.5556018348201710e-05
7.4973251799999998e+03 1.5532837980538881e-05
7.5003249100000003e+03 1.5509671518964434e-05
7.5033246399999998e+03 1.5486518949580032e-05
7.5063243700000003e+03 1.5463380258506677e-05
7.5093240999999998e+03 1.5440255431884809e-05
7.5123238300000003e+03 1.5417144455874249e-05
7.5153235599999998e+03 1.5394047316654194e-05
7.5183232900000003e+03 1.5370964000423029e-05
7.5213230199999998e+03 1.5347894493398487e-05
7.5243227500000003e+03 1.5324838781817523e-05
7.5273224799999998e+03 1.5301796851936284e-05
7.5303222100000003e+03 1.5278768690030043e-05
7.5333219399999998e+03 1.5255754282393269e-05
7.5363216700000003e+03 1.5232753615339454e-05
7.5393213999999998e+03 1.5209766675201216e-05
7.5423211300000003e+03 1.5186793448330125e-05
7.5453208599999998e+03 1.5163833921096814e-05
7.5483205900000003e+03 1.5140888079890819e-05
7.5513203199999998e+03 1.5117955911120621e-05
7.5543200500000003e+03 1.5095037401213595e-05
7.5573197799999998e+03 1.5072132536615943e-05
7.5603195100000003e+03 1.5049241303792732e-05
7.5633192399999998e+03 1.5026363689227802e-05
7.5663189700000003e+03 1.5003499679423735e-05
7.5693186999999998e+03 1.4980649260901802e-05
7.5723184300000003e+03 1.4957812420202058e-05
7.5753181599999998e+03 1.4934989143883156e-05
7.5783178900000003e+03 1.4912179418522317e-05
7.5813176199999998e+03 1.4889383230715424e-05
7.5843173500000003e+03 1.4866600567076902e-05
7.5873170799999998e+03 1.4843831414239699e-05
7.5903168100000003e+03 1.4821075758855218e-05
7.5933165399999998e+03 1.4798333587593370e-05
7.5963162700000003e+03 1.4775604887142448e-05
7.5993159999999998e+03 1.4752889644209169e-05
7.6023157300000003e+03 1.4730187845518564e-05
7.6053154599999998e+03 1.4707499477814021e-05
7.6083151900000003e+03 1.4684824527857227e-05
7.6113149199999998e+03 1.4662162982428107e-05
7.6143146500000003e+03 1.4639514828324820e-05
7.6173143799999998e+03 1.4616880052363767e-05
7.6203141100000003e+03 1.4594258641379404e-05
7.6233138399999998e+03 1.4571650582224461e-05
7.6263135700000003e+03 1.4549055861769616e-05
7.6293132999999998e+03 1.4526474466903764e-05
7.6323130300000003e+03 1.4503906384533713e-05
7.6353127599999998e+03 1.4481351601584347e-05
7.6383124900000003e+03 1.4458810104998506e-05
7.6413122199999998e+03 1.4436281881736930e-05
7.6443119500000003e+03 1.4413766918778323e-05
7.6473116799999998e+03 1.4391265203119254e-05
7.6503114100000003e+03 1.4368776721774111e-05
7.6533111399999998e+03 1.4346301461775107e-05
7.6563108700000003e+03 1.4323839410172262e-05
7.6593105999999998e+03 1.4301390554033293e-05
7.6623103300000002e+03 1.4278954880443687e-05
7.6653100599999998e+03 1.4256532376506623e-05
7.6683097900000002e+03 1.4234123029342891e-05
7.6713095199999998e+03 1.4211726826090956e-05
7.6743092500000002e+03 1.4189343753906814e-05
7.6773089799999998e+03 1.4166973799964120e-05
7.6803087100000002e+03 1.4144616951453953e-05
7.6833084399999998e+03 1.4122273195585000e-05
7.6863081700000002e+03 1.4099942519583359e-05
7.6893078999999998e+03 1.4077624910692562e-05
7.6923076300000002e+03 1.4055320356173572e-05
7.6953073599999998e+03 1.4033028843304745e-05
7.6983070900000002e+03 1.4010750359381781e-05
7.7013068199999998e+03 1.3988484891717662e-05
7.7043065500000002e+03 1.3966232427642711e-05
7.7073062799999998e+03 1.3943992954504491e-05
7.7103060100000002e+03 1.3921766459667757e-05
7.7133057399999998e+03 1.3899552930514521e-05
7.7163054700000002e+03 1.3877352354443911e-05
7.7193051999999998e+03 1.3855164718872265e-05
7.7223049300000002e+03 1.3832990011232921e-05
7.7253046599999998e+03 1.3810828218976416e-05
7.7283043900000002e+03 1.3788679329570233e-05
7.7313041199999998e+03 1.3766543330498921e-05
7.7343038500000002e+03 1.3744420209264035e-05
7.7373035799999998e+03 1.3722309953384065e-05
7.7403033100000002e+03 1.3700212550394399e-05
7.7433030399999998e+03 1.3678127987847409e-05
7.7463027700000002e+03 1.3656056253312246e-05
7.7493024999999998e+03 1.3633997334374962e-05
7.7523022300000002e+03 1.3611951218638433e-05
7.7553019599999998e+03 1.3589917893722252e-05
7.7583016900000002e+03 1.3567897347262801e-05
7.7613014199999998e+03 1.3545889566913221e-05
7.7643011500000002e+03 1.3523894540343262e-05
7.7673008799999998e+03 1.3501912255239460e-05
7.7703006100000002e+03 1.3479942699304871e-05
7.7733003399999998e+03 1.3457985860259243e-05
7.7763000700000002e+03 1.3436041725838852e-05
7.7792997999999998e+03 1.3414110283796551e-05
7.7822995300000002e+03 1.3392191521901701e-05
7.7852992599999998e+03 1.3370285427940175e-05
7.7882989900000002e+03 1.3348391989714305e-05
7.7912987199999998e+03 1.3326511195042831e-05
7.7942984500000002e+03 1.3304643031760949e-05
7.7972981799999998e+03 1.3282787487720220e-05
7.8002979100000002e+03 1.3260944550788504e-05
7.8032976399999998e+03 1.3239114208850073e-05
7.8062973700000002e+03 1.3217296449805414e-05
7.8092970999999998e+03 1.3195491261571326e-05
7.8122968300000002e+03 1.3173698632080856e-05
7.8152965599999998e+03 1.3151918549283203e-05
7.8182962900000002e+03 1.3130151001143797e-05
7.8212960199999998e+03 1.3108395975644241e-05
7.8242957500000002e+03 1.3086653460782182e-05
7.8272954799999998e+03 1.3064923444571479e-05
7.8302952100000002e+03 1.3043205915041940e-05
7.8332949399999998e+03 1.3021500860239533e-05
7.8362946700000002e+03 1.2999808268226143e-05
7.8392943999999998e+03 1.2978128127079701e-05
7.8422941300000002e+03 1.2956460424894092e-05
7.8452938599999998e+03 1.2934805149779146e-05
7.8482935900000002e+03 1.2913162289860539e-05
7.8512933199999998e+03 1.2891531833279900e-05
7.8542930500000002e+03 1.2869913768194652e-05
7.8572927799999998e+03 1.2848308082778077e-05
7.8602925100000002e+03 1.2826714765219230e-05
7.8632922399999998e+03 1.2805133803722956e-05
7.8662919700000002e+03 1.2783565186509852e-05
7.8692916999999998e+03 1.2762008901816183e-05
7.8722914300000002e+03 1.2740464937893932e-05
7.8752911599999998e+03 1.2718933283010795e-05
7.8782908900000002e+03 1.2697413925449991e-05
7.8812906199999998e+03 1.2675906853510408e-05
7.8842903500000002e+03 1.2654412055506564e-05
7.8872900799999998e+03 1.2632929519768478e-05
7.8902898100000002e+03 1.2611459234641637e-05
7.8932895399999998e+03 1.2590001188487163e-05
7.8962892700000002e+03 1.2568555369681579e-05
7.8992889999999998e+03 1.2547121766616825e-05
7.9022887300000002e+03 1.2525700367700309e-05
7.9052884599999998e+03 1.2504291161354874e-05
7.9082881900000002e+03 1.2482894136018638e-05
7.9112879199999998e+03 1.2461509280145126e-05
7.9142876500000002e+03 1.2440136582203144e-05
7.9172873799999998e+03 1.2418776030676856e-05
7.9202871100000002e+03 1.2397427614065576e-05
7.9232868399999998e+03 1.2376091320884002e-05
7.9262865700000002e+03 1.2354767139661912e-05
7.9292862999999998e+03 1.2333455058944337e-05
7.9322860300000002e+03 1.2312155067291476e-05
7.9352857599999998e+03 1.2290867153278649e-05
7.9382854900000002e+03 1.2269591305496279e-05
7.9412852199999998e+03 1.2248327512549862e-05
7.9442849500000002e+03 1.2227075763059980e-05
7.9472846799999998e+03 1.2205836045662243e-05
7.9502844100000002e+03 1.2184608349007251e-05
7.9532841399999998e+03 1.2163392661760627e-05
7.9562838700000002e+03 1.2142188972602881e-05
7.9592835999999998e+03 1.2120997270229504e-05
7.9622833300000002e+03 1.2099817543350902e-05
7.9652830599999998e+03 1.2078649780692348e-05
7.9682827900000002e+03 1.2057493970993920e-05
7.9712825199999997e+03 1.2036350103010606e-05
7.9742822500000002e+03 1.2015218165512141e-05
7.9772819799999997e+03 1.1994098147283116e-05
7.9802817100000002e+03 1.1972990037122736e-05
7.9832814399999997e+03 1.1951893823845113e-05
7.9862811700000002e+03 1.1930809496278930e-05
7.9892808999999997e+03 1.1909737043267597e-05
7.9922806300000002e+03 1.1888676453669179e-05
7.9952803599999997e+03 1.1867627716356389e-05
7.9982800900000002e+03 1.1846590820216499e-05
8.0012798199999997e+03 1.1825565754151409e-05
8.0042795500000002e+03 1.1804552507077566e-05
8.0072792799999997e+03 1.1783551067925940e-05
8.0102790100000002e+03 1.1762561425641989e-05
8.0132787399999997e+03 1.1741583569185723e-05
8.0162784700000002e+03 1.1720617487531503e-05
8.0192781999999997e+03 1.1699663169668234e-05
8.0222779300000002e+03 1.1678720604599163e-05
8.0252776599999997e+03 1.1657789781341965e-05
8.0282773900000002e+03 1.1636870688928606e-05
8.0312771199999997e+03 1.1615963316405496e-05
8.0342768500000002e+03 1.1595067652833282e-05
8.0372765799999997e+03 1.1574183687286918e-05
8.0402763100000002e+03 1.1553311408855606e-05
8.0432760399999997e+03 1.1532450806642849e-05
8.0462757700000002e+03 1.1511601869766306e-05
8.0492754999999997e+03 1.1490764587357862e-05
8.0522752300000002e+03 1.1469938948563570e-05
8.0552749599999997e+03 1.1449124942543618e-05
8.0582746900000002e+03 1.1428322558472326e-05
8.0612744199999997e+03 1.1407531785538083e-05
8.0642741500000002e+03 1.1386752612943423e-05
8.0672738799999997e+03 1.1365985029904867e-05
8.0702736100000002e+03 1.1345229025652954e-05
8.0732733399999997e+03 1.1324484589432335e-05
8.0762730700000002e+03 1.1303751710501498e-05
8.0792727999999997e+03 1.1283030378133013e-05
8.0822725300000002e+03 1.1262320581613280e-05
8.0852722599999997e+03 1.1241622310242732e-05
8.0882719900000002e+03 1.1220935553335551e-05
8.0912717199999997e+03 1.1200260300219878e-05
8.0942714500000002e+03 1.1179596540237664e-05
8.0972711799999997e+03 1.1158944262744737e-05
8.1002709100000002e+03 1.1138303457110600e-05
8.1032706399999997e+03 1.1117674112718646e-05
8.1062703700000002e+03 1.1097056218965986e-05
8.1092700999999997e+03 1.1076449765263389e-05
8.1122698300000002e+03 1.1055854741035437e-05
8.1152695599999997e+03 1.1035271135720314e-05
8.1182692900000002e+03 1.1014698938769889e-05
8.1212690199999997e+03 1.0994138139649683e-05
8.1242687500000002e+03 1.0973588727838822e-05
8.1272684799999997e+03 1.0953050692830013e-05
8.1302682100000002e+03 1.0932524024129498e-05
8.1332679399999997e+03 1.0912008711257167e-05
8.1362676700000002e+03 1.0891504743746297e-05
8.1392673999999997e+03 1.0871012111143812e-05
8.1422671300000002e+03 1.0850530803009968e-05
8.1452668599999997e+03 1.0830060808918615e-05
8.1482665900000002e+03 1.0809602118456930e-05
8.1512663199999997e+03 1.0789154721225550e-05
8.1542660500000002e+03 1.0768718606838491e-05
8.1572657799999997e+03 1.0748293764923150e-05
8.1602655100000002e+03 1.0727880185120265e-05
8.1632652399999997e+03 1.0707477857083872e-05
8.1662649700000002e+03 1.0687086770481343e-05
8.1692646999999997e+03 1.0666706914993330e-05
8.1722644300000002e+03 1.0646338280313683e-05
8.1752641599999997e+03 1.0625980856149556e-05
8.1782638900000002e+03 1.0605634632221281e-05
8.1812636199999997e+03 1.0585299598262400e-05
8.1842633500000002e+03 1.0564975744019624e-05
8.1872630799999997e+03 1.0544663059252773e-05
8.1902628100000002e+03 1.0524361533734863e-05
8.1932625399999997e+03 1.0504071157251952e-05
8.1962622699999993e+03 1.0483791919603230e-05
8.1992620000000006e+03 1.0463523810600888e-05
8.2022617300000002e+03 1.0443266820070234e-05
8.2052614599999997e+03 1.0423020937849531e-05
8.2082611899999993e+03 1.0402786153790058e-05
8.2112609200000006e+03 1.0382562457756092e-05
8.2142606500000002e+03 1.0362349839624853e-05
8.2172603799999997e+03 1.0342148289286499e-05
8.2202601099999993e+03 1.0321957796644043e-05
8.2232598400000006e+03 1.0301778351613470e-05
8.2262595700000002e+03 1.0281609944123617e-05
8.2292592999999997e+03 1.0261452564116149e-05
8.2322590299999993e+03 1.0241306201545550e-05
8.2352587600000006e+03 1.0221170846379110e-05
8.2382584900000002e+03 1.0201046488596953e-05
8.2412582199999997e+03 1.0180933118191906e-05
8.2442579499999993e+03 1.0160830725169602e-05
8.2472576800000006e+03 1.0140739299548344e-05
8.2502574100000002e+03 1.0120658831359143e-05
8.2532571399999997e+03 1.0100589310645743e-05
8.2562568699999993e+03 1.0080530727464492e-05
8.2592566000000006e+03 1.0060483071884383e-05
8.2622563300000002e+03 1.0040446333987062e-05
8.2652560599999997e+03 1.0020420503866738e-05
8.2682557899999993e+03 1.0000405571630227e-05
8.2712555200000006e+03 9.9804015273968717e-06
8.2742552500000002e+03 9.9604083612985974e-06
8.2772549799999997e+03 9.9404260634798305e-06
8.2802547099999992e+03 9.9204546240974095e-06
8.2832544400000006e+03 9.9004940333207851e-06
8.2862541700000002e+03 9.8805442813317833e-06
8.2892538999999997e+03 9.8606053583246900e-06
8.2922536299999992e+03 9.8406772545061949e-06
8.2952533600000006e+03 9.8207599600953510e-06
8.2982530900000002e+03 9.8008534653236815e-06
8.3012528199999997e+03 9.7809577604349575e-06
8.3042525499999992e+03 9.7610728356853558e-06
8.3072522800000006e+03 9.7411986813433200e-06
8.3102520100000002e+03 9.7213352876896214e-06
8.3132517399999997e+03 9.7014826450173098e-06
8.3162514699999992e+03 9.6816407436316527e-06
8.3192512000000006e+03 9.6618095738501571e-06
8.3222509300000002e+03 9.6419891260026206e-06
8.3252506599999997e+03 9.6221793904309330e-06
8.3282503899999992e+03 9.6023803574892339e-06
8.3312501200000006e+03 9.5825920175437432e-06
8.3342498500000002e+03 9.5628143609728967e-06
8.3372495799999997e+03 9.5430473781671972e-06
8.3402493099999992e+03 9.5232910595292734e-06
8.3432490400000006e+03 9.5035453954737974e-06
8.3462487700000001e+03 9.4838103764275417e-06
8.3492484999999997e+03 9.4640859928292611e-06
8.3522482299999992e+03 9.4443722351297908e-06
8.3552479600000006e+03 9.4246690937918972e-06
8.3582476900000001e+03 9.4049765592904086e-06
8.3612474199999997e+03 9.3852946221120251e-06
8.3642471499999992e+03 9.3656232727554749e-06
8.3672468800000006e+03 9.3459625017313157e-06
8.3702466100000001e+03 9.3263122995621027e-06
8.3732463399999997e+03 9.3066726567822274e-06
8.3762460699999992e+03 9.2870435639379297e-06
8.3792458000000006e+03 9.2674250115872875e-06
8.3822455300000001e+03 9.2478169903002696e-06
8.3852452599999997e+03 9.2282194906585980e-06
8.3882449899999992e+03 9.2086325032557905e-06
8.3912447200000006e+03 9.1890560186971438e-06
8.3942444500000001e+03 9.1694900275997116e-06
8.3972441799999997e+03 9.1499345205922566e-06
8.4002439099999992e+03 9.1303894883152697e-06
8.4032436400000006e+03 9.1108549214209124e-06
8.4062433700000001e+03 9.0913308105730773e-06
8.4092430999999997e+03 9.0718171464472413e-06
8.4122428299999992e+03 9.0523139197305802e-06
8.4152425600000006e+03 9.0328211211218372e-06
8.4182422900000001e+03 9.0133387413313953e-06
8.4212420199999997e+03 8.9938667710811960e-06
8.4242417499999992e+03 8.9744052011047514e-06
8.4272414800000006e+03 8.9549540221471204e-06
8.4302412100000001e+03 8.9355132249648679e-06
8.4332409399999997e+03 8.9160828003261360e-06
8.4362406699999992e+03 8.8966627390104460e-06
8.4392404000000006e+03 8.8772530318088623e-06
8.4422401300000001e+03 8.8578536695239101e-06
8.4452398599999997e+03 8.8384646429694932e-06
8.4482395899999992e+03 8.8190859429709912e-06
8.4512393200000006e+03 8.7997175603651389e-06
8.4542390500000001e+03 8.7803594860000708e-06
8.4572387799999997e+03 8.7610117107352576e-06
8.4602385099999992e+03 8.7416742254415579e-06
8.4632382400000006e+03 8.7223470210011144e-06
8.4662379700000001e+03 8.7030300883074063e-06
8.4692376999999997e+03 8.6837234182651700e-06
8.4722374299999992e+03 8.6644270017904465e-06
8.4752371600000006e+03 8.6451408298104846e-06
8.4782368900000001e+03 8.6258648932638477e-06
8.4812366199999997e+03 8.6065991831002142e-06
8.4842363499999992e+03 8.5873436902805363e-06
8.4872360800000006e+03 8.5680984057768997e-06
8.4902358100000001e+03 8.5488633205726200e-06
8.4932355399999997e+03 8.5296384256621040e-06
8.4962352699999992e+03 8.5104237120509002e-06
8.4992350000000006e+03 8.4912191707556262e-06
8.5022347300000001e+03 8.4720247928041058e-06
8.5052344599999997e+03 8.4528405692351235e-06
8.5082341899999992e+03 8.4336664910985581e-06
8.5112339200000006e+03 8.4145025494553424e-06
8.5142336500000001e+03 8.3953487353774304e-06
8.5172333799999997e+03 8.3762050399477915e-06
8.5202331099999992e+03 8.3570714542603432e-06
8.5232328400000006e+03 8.3379479694200031e-06
8.5262325700000001e+03 8.3188345765426406e-06
8.5292322999999997e+03 8.2997312667550486e-06
8.5322320299999992e+03 8.2806380311949535e-06
8.5352317600000006e+03 8.2615548610109626e-06
8.5382314900000001e+03 8.2424817473625981e-06
8.5412312199999997e+03 8.2234186814202141e-06
8.5442309499999992e+03 8.2043656543650372e-06
8.5472306800000006e+03 8.1853226573891224e-06
8.5502304100000001e+03 8.1662896816953380e-06
8.5532301399999997e+03 8.1472667184973757e-06
8.5562298699999992e+03 8.1282537590196319e-06
8.5592296000000006e+03 8.1092507944973265e-06
8.5622293300000001e+03 8.0902578161764502e-06
8.5652290599999997e+03 8.0712748153136850e-06
8.5682287899999992e+03 8.0523017831764143e-06
8.5712285200000006e+03 8.0333387110427431e-06
8.5742282500000001e+03 8.0143855902014730e-06
8.5772279799999997e+03 7.9954424119520357e-06
8.5802277099999992e+03 7.9765091676044966e-06
8.5832274400000006e+03 7.9575858484795733e-06
8.5862271700000001e+03 7.9386724459086408e-06
8.5892268999999997e+03 7.9197689512335724e-06
8.5922266299999992e+03 7.9008753558069138e-06
8.5952263600000006e+03 7.8819916509916952e-06
8.5982260900000001e+03 7.8631178281615504e-06
8.6012258199999997e+03 7.8442538787006396e-06
8.6042255499999992e+03 7.8253997940035994e-06
8.6072252800000006e+03 7.8065555654755645e-06
8.6102250100000001e+03 7.7877211845322168e-06
8.6132247399999997e+03 7.7688966425996262e-06
8.6162244699999992e+03 7.7500819311143388e-06
8.6192242000000006e+03 7.7312770415232936e-06
8.6222239300000001e+03 7.7124819652839483e-06
8.6252236599999997e+03 7.6936966938640671e-06
8.6282233899999992e+03 7.6749212187417769e-06
8.6312231200000006e+03 7.6561555314056638e-06
8.6342228500000001e+03 7.6373996233546154e-06
8.6372225799999997e+03 7.6186534860978167e-06
8.6402223099999992e+03 7.5999171111548281e-06
8.6432220400000006e+03 7.5811904900554827e-06
8.6462217700000001e+03 7.5624736143398976e-06
8.6492214999999997e+03 7.5437664755584693e-06
8.6522212299999992e+03 7.5250690652718485e-06
8.6552209600000006e+03 7.5063813750509038e-06
8.6582206900000001e+03 7.4877033964767376e-06
8.6612204199999996e+03 7.4690351211406666e-06
8.6642201499999992e+03 7.4503765406441998e-06
8.6672198800000006e+03 7.4317276465989692e-06
8.6702196100000001e+03 7.4130884306268450e-06
8.6732193399999996e+03 7.3944588843597794e-06
8.6762190699999992e+03 7.3758389994398696e-06
8.6792188000000006e+03 7.3572287675193188e-06
8.6822185300000001e+03 7.3386281802604115e-06
8.6852182599999996e+03 7.3200372293355788e-06
8.6882179900000010e+03 7.3014559064272047e-06
8.6912177200000006e+03 7.2828842032277923e-06
8.6942174500000001e+03 7.2643221114399111e-06
8.6972171799999996e+03 7.2457696227760324e-06
8.7002169100000010e+03 7.2272267289587324e-06
8.7032166400000006e+03 7.2086934217205344e-06
8.7062163700000001e+03 7.1901696928039172e-06
8.7092160999999996e+03 7.1716555339613466e-06
8.7122158300000010e+03 7.1531509369551765e-06
8.7152155600000006e+03 7.1346558935577742e-06
8.7182152900000001e+03 7.1161703955513236e-06
8.7212150199999996e+03 7.0976944347279170e-06
8.7242147500000010e+03 7.0792280028895731e-06
8.7272144800000005e+03 7.0607710918481481e-06
8.7302142100000001e+03 7.0423236934253179e-06
8.7332139399999996e+03 7.0238857994526422e-06
8.7362136700000010e+03 7.0054574017714311e-06
8.7392134000000005e+03 6.9870384922328558e-06
8.7422131300000001e+03 6.9686290626978402e-06
8.7452128599999996e+03 6.9502291050371026e-06
8.7482125900000010e+03 6.9318386111310926e-06
8.7512123200000005e+03 6.9134575728700297e-06
8.7542120500000001e+03 6.8950859821538233e-06
8.7572117799999996e+03 6.8767238308921290e-06
8.7602115100000010e+03 6.8583711110042514e-06
8.7632112400000005e+03 6.8400278144192382e-06
8.7662109700000001e+03 6.8216939330757825e-06
8.7692106999999996e+03 6.8033694589221969e-06
8.7722104300000010e+03 6.7850543839164590e-06
8.7752101600000005e+03 6.7667487000261623e-06
8.7782098900000001e+03 6.7484523992284978e-06
8.7812096199999996e+03 6.7301654735102797e-06
8.7842093500000010e+03 6.7118879148678268e-06
8.7872090800000005e+03 6.6936197153071462e-06
8.7902088100000001e+03 6.6753608668436692e-06
8.7932085399999996e+03 6.6571113615024161e-06
8.7962082700000010e+03 6.6388711913179002e-06
8.7992080000000005e+03 6.6206403483342130e-06
8.8022077300000001e+03 6.6024188246048156e-06
8.8052074599999996e+03 6.5842066121927723e-06
8.8082071900000010e+03 6.5660037031704780e-06
8.8112069200000005e+03 6.5478100896198806e-06
8.8142066500000001e+03 6.5296257636323081e-06
8.8172063799999996e+03 6.5114507173085310e-06
8.8202061100000010e+03 6.4932849427586950e-06
8.8232058400000005e+03 6.4751284321023231e-06
8.8262055700000001e+03 6.4569811774683821e-06
8.8292052999999996e+03 6.4388431709951102e-06
8.8322050300000010e+03 6.4207144048301367e-06
8.8352047600000005e+03 6.4025948711304761e-06
8.8382044900000001e+03 6.3844845620623172e-06
8.8412042199999996e+03 6.3663834698012921e-06
8.8442039500000010e+03 6.3482915865322378e-06
8.8472036800000005e+03 6.3302089044492985e-06
8.8502034100000001e+03 6.3121354157558866e-06
8.8532031399999996e+03 6.2940711126646183e-06
8.8562028700000010e+03 6.2760159873973959e-06
8.8592026000000005e+03 6.2579700321853009e-06
8.8622023300000001e+03 6.2399332392686189e-06
8.8652020599999996e+03 6.2219056008968551e-06
8.8682017900000010e+03 6.2038871093286519e-06
8.8712015200000005e+03 6.1858777568318318e-06
8.8742012500000001e+03 6.1678775356834135e-06
8.8772009799999996e+03 6.1498864381694467e-06
8.8802007100000010e+03 6.1319044565851792e-06
8.8832004400000005e+03 6.1139315832349508e-06
8.8862001700000001e+03 6.0959678104321694e-06
8.8891998999999996e+03 6.0780131304993573e-06
8.8921996300000010e+03 6.0600675357680390e-06
8.8951993600000005e+03 6.0421310185788731e-06
8.8981990900000001e+03 6.0242035712815252e-06
8.9011988199999996e+03 6.0062851862346136e-06
8.9041985500000010e+03 5.9883758558058751e-06
8.9071982800000005e+03 5.9704755723720056e-06
8.9101980100000001e+03 5.9525843283186321e-06
8.9131977399999996e+03 5.9347021160404354e-06
8.9161974700000010e+03 5.9168289279409412e-06
8.9191972000000005e+03 5.8989647564327451e-06
8.9221969300000001e+03 5.8811095939372935e-06
8.9251966599999996e+03 5.8632634328849467e-06
8.9281963900000010e+03 5.8454262657149787e-06
8.9311961200000005e+03 5.8275980848755781e-06
8.9341958500000001e+03 5.8097788828237651e-06
8.9371955799999996e+03 5.7919686520254686e-06
8.9401953100000010e+03 5.7741673849553820e-06
8.9431950400000005e+03 5.7563750740971586e-06
8.9461947700000001e+03 5.7385917119431666e-06
8.9491944999999996e+03 5.7208172909945990e-06
8.9521942300000010e+03 5.7030518037614820e-06
8.9551939600000005e+03 5.6852952427626184e-06
8.9581936900000001e+03 5.6675476005255554e-06
8.9611934199999996e+03 5.6498088695865733e-06
8.9641931500000010e+03 5.6320790424907402e-06
8.9671928800000005e+03 5.6143581117918591e-06
8.9701926100000001e+03 5.5966460700523877e-06
8.9731923399999996e+03 5.5789429098435429e-06
8.9761920700000010e+03 5.5612486237451917e-06
8.9791918000000005e+03 5.5435632043459415e-06
8.9821915300000001e+03 5.5258866442429597e-06
8.9851912599999996e+03 5.5082189360421553e-06
8.9881909900000010e+03 5.4905600723580235e-06
8.9911907200000005e+03 5.4729100458137052e-06
8.9941904500000001e+03 5.4552688490409744e-06
8.9971901799999996e+03 5.4376364746801236e-06
9.0001899100000010e+03 5.4200129153801146e-06
9.0031896400000005e+03 5.4023981637984314e-06
9.0061893700000001e+03 5.3847922126011645e-06
9.0091890999999996e+03 5.3671950544628790e-06
9.0121888300000010e+03 5.3496066820667452e-06
9.0151885600000005e+03 5.3320270881044323e-06
9.0181882900000001e+03 5.3144562652761045e-06
9.0211880199999996e+03 5.2968942062904023e-06
9.0241877500000010e+03 5.2793409038645058e-06
9.0271874800000005e+03 5.2617963507240250e-06
9.0301872100000001e+03 5.2442605396030248e-06
9.0331869399999996e+03 5.2267334632440440e-06
9.0361866700000010e+03 5.2092151143980305e-06
9.0391864000000005e+03 5.1917054858243630e-06
9.0421861300000000e+03 5.1742045702908260e-06
9.0451858599999996e+03 5.1567123605735710e-06
9.0481855900000010e+03 5.1392288494571833e-06
9.0511853200000005e+03 5.1217540297345620e-06
9.0541850500000000e+03 5.1042878942070224e-06
9.0571847799999996e+03 5.0868304356841719e-06
9.0601845100000010e+03 5.0693816469839641e-06
9.0631842400000005e+03 5.0519415209326948e-06
9.0661839700000000e+03 5.0345100503649573e-06
9.0691836999999996e+03 5.0170872281236241e-06
9.0721834300000010e+03 4.9996730470598411e-06
9.0751831600000005e+03 4.9822675000331003e-06
9.0781828900000000e+03 4.9648705799110345e-06
9.0811826199999996e+03 4.9474822795696214e-06
9.0841823500000010e+03 4.9301025918930059e-06
9.0871820800000005e+03 4.9127315097736082e-06
9.0901818100000000e+03 4.8953690261120360e-06
9.0931815399999996e+03 4.8780151338170669e-06
9.0961812700000009e+03 4.8606698258056639e-06
9.0991810000000005e+03 4.8433330950030478e-06
9.1021807300000000e+03 4.8260049343424905e-06
9.1051804599999996e+03 4.8086853367654819e-06
9.1081801900000009e+03 4.7913742952216059e-06
9.1111799200000005e+03 4.7740718026685950e-06
9.1141796500000000e+03 4.7567778520723015e-06
9.1171793799999996e+03 4.7394924364066599e-06
9.1201791100000009e+03 4.7222155486536777e-06
9.1231788400000005e+03 4.7049471818034679e-06
9.1261785700000000e+03 4.6876873288542215e-06
9.1291782999999996e+03 4.6704359828121162e-06
9.1321780300000009e+03 4.6531931366914341e-06
9.1351777600000005e+03 4.6359587835144915e-06
9.1381774900000000e+03 4.6187329163115691e-06
9.1411772199999996e+03 4.6015155281209660e-06
9.1441769500000009e+03 4.5843066119890107e-06
9.1471766800000005e+03 4.5671061609699817e-06
9.1501764100000000e+03 4.5499141681261029e-06
9.1531761399999996e+03 4.5327306265276530e-06
9.1561758700000009e+03 4.5155555292527059e-06
9.1591756000000005e+03 4.4983888693874322e-06
9.1621753300000000e+03 4.4812306400257995e-06
9.1651750599999996e+03 4.4640808342697646e-06
9.1681747900000009e+03 4.4469394452291152e-06
9.1711745200000005e+03 4.4298064660215958e-06
9.1741742500000000e+03 4.4126818897727981e-06
9.1771739799999996e+03 4.3955657096161588e-06
9.1801737100000009e+03 4.3784579186929684e-06
9.1831734400000005e+03 4.3613585101524227e-06
9.1861731700000000e+03 4.3442674771514611e-06
9.1891728999999996e+03 4.3271848128549097e-06
9.1921726300000009e+03 4.3101105104353392e-06
9.1951723600000005e+03 4.2930445630731567e-06
9.1981720900000000e+03 4.2759869639565827e-06
9.2011718199999996e+03 4.2589377062815031e-06
9.2041715500000009e+03 4.2418967832516999e-06
9.2071712800000005e+03 4.2248641880785980e-06
9.2101710100000000e+03 4.2078399139814114e-06
9.2131707399999996e+03 4.1908239541871045e-06
9.2161704700000009e+03 4.1738163019302577e-06
9.2191702000000005e+03 4.1568169504532859e-06
9.2221699300000000e+03 4.1398258930062015e-06
9.2251696599999996e+03 4.1228431228467408e-06
9.2281693900000009e+03 4.1058686332402787e-06
9.2311691200000005e+03 4.0889024174598954e-06
9.2341688500000000e+03 4.0719444687863082e-06
9.2371685799999996e+03 4.0549947805078516e-06
9.2401683100000009e+03 4.0380533459204546e-06
9.2431680400000005e+03 4.0211201583277484e-06
9.2461677700000000e+03 4.0041952110409162e-06
9.2491674999999996e+03 3.9872784973787145e-06
9.2521672300000009e+03 3.9703700106674912e-06
9.2551669600000005e+03 3.9534697442412120e-06
9.2581666900000000e+03 3.9365776914413721e-06
9.2611664199999996e+03 3.9196938456169698e-06
9.2641661500000009e+03 3.9028182001246232e-06
9.2671658800000005e+03 3.8859507483284084e-06
9.2701656100000000e+03 3.8690914835999573e-06
9.2731653399999996e+03 3.8522403993183800e-06
9.2761650700000009e+03 3.8353974888702975e-06
9.2791648000000005e+03 3.8185627456498115e-06
9.2821645300000000e+03 3.8017361630585109e-06
9.2851642599999996e+03 3.7849177345054006e-06
9.2881639900000009e+03 3.7681074534069483e-06
9.2911637200000005e+03 3.7513053131871283e-06
9.2941634500000000e+03 3.7345113072772449e-06
9.2971631799999996e+03 3.7177254291160857e-06
9.3001629100000009e+03 3.7009476721498144e-06
9.3031626400000005e+03 3.6841780298320100e-06
9.3061623700000000e+03 3.6674164956236285e-06
9.3091620999999996e+03 3.6506630629929976e-06
9.3121618300000009e+03 3.6339177254158215e-06
9.3151615600000005e+03 3.6171804763751324e-06
9.3181612900000000e+03 3.6004513093613374e-06
9.3211610199999996e+03 3.5837302178721304e-06
9.3241607500000009e+03 3.5670171954125789e-06
9.3271604800000005e+03 3.5503122354950354e-06
9.3301602100000000e+03 3.5336153316391619e-06
9.3331599399999996e+03 3.5169264773719067e-06
9.3361596700000009e+03 3.5002456662274582e-06
9.3391594000000005e+03 3.4835728917473592e-06
9.3421591300000000e+03 3.4669081474803280e-06
9.3451588599999995e+03 3.4502514269823668e-06
9.3481585900000009e+03 3.4336027238167226e-06
9.3511583200000005e+03 3.4169620315538393e-06
9.3541580500000000e+03 3.4003293437714477e-06
9.3571577799999995e+03 3.3837046540543859e-06
9.3601575100000009e+03 3.3670879559947385e-06
9.3631572400000005e+03 3.3504792431917612e-06
9.3661569700000000e+03 3.3338785092519549e-06
9.3691566999999995e+03 3.3172857477888651e-06
9.3721564300000009e+03 3.3007009524232544e-06
9.3751561600000005e+03 3.2841241167830632e-06
9.3781558900000000e+03 3.2675552345032984e-06
9.3811556199999995e+03 3.2509942992261405e-06
9.3841553500000009e+03 3.2344413046008172e-06
9.3871550800000005e+03 3.2178962442837739e-06
9.3901548100000000e+03 3.2013591119384570e-06
9.3931545399999995e+03 3.1848299012353781e-06
9.3961542700000009e+03 3.1683086058522028e-06
9.3991540000000005e+03 3.1517952194735975e-06
9.4021537300000000e+03 3.1352897357913168e-06
9.4051534599999995e+03 3.1187921485041350e-06
9.4081531900000009e+03 3.1023024513178513e-06
9.4111529200000004e+03 3.0858206379453057e-06
9.4141526500000000e+03 3.0693467021063414e-06
9.4171523799999995e+03 3.0528806375278209e-06
9.4201521100000009e+03 3.0364224379435420e-06
9.4231518400000004e+03 3.0199720970943681e-06
9.4261515700000000e+03 3.0035296087280735e-06
9.4291512999999995e+03 2.9870949665994125e-06
9.4321510300000009e+03 2.9706681644700719e-06
9.4351507600000004e+03 2.9542491961087160e-06
9.4381504900000000e+03 2.9378380552909221e-06
9.4411502199999995e+03 2.9214347357991794e-06
9.4441499500000009e+03 2.9050392314229086e-06
9.4471496800000004e+03 2.8886515359584233e-06
9.4501494100000000e+03 2.8722716432089263e-06
9.4531491399999995e+03 2.8558995469844864e-06
9.4561488700000009e+03 2.8395352411020864e-06
9.4591486000000004e+03 2.8231787193855316e-06
9.4621483300000000e+03 2.8068299756655180e-06
9.4651480599999995e+03 2.7904890037795649e-06
9.4681477900000009e+03 2.7741557975719934e-06
9.4711475200000004e+03 2.7578303508939923e-06
9.4741472500000000e+03 2.7415126576035749e-06
9.4771469799999995e+03 2.7252027115655126e-06
9.4801467100000009e+03 2.7089005066513979e-06
9.4831464400000004e+03 2.6926060367395853e-06
9.4861461700000000e+03 2.6763192957152718e-06
9.4891458999999995e+03 2.6600402774703250e-06
9.4921456300000009e+03 2.6437689759034151e-06
9.4951453600000004e+03 2.6275053849199912e-06
9.4981450900000000e+03 2.6112494984321734e-06
9.5011448199999995e+03 2.5950013103588599e-06
9.5041445500000009e+03 2.5787608146256407e-06
9.5071442800000004e+03 2.5625280051648210e-06
9.5101440100000000e+03 2.5463028759154203e-06
9.5131437399999995e+03 2.5300854208231023e-06
9.5161434700000009e+03 2.5138756338402480e-06
9.5191432000000004e+03 2.4976735089259288e-06
9.5221429300000000e+03 2.4814790400458195e-06
9.5251426599999995e+03 2.4652922211722873e-06
9.5281423900000009e+03 2.4491130462843020e-06
9.5311421200000004e+03 2.4329415093675277e-06
9.5341418500000000e+03 2.4167776044141847e-06
9.5371415799999995e+03 2.4006213254231875e-06
9.5401413100000009e+03 2.3844726663999206e-06
9.5431410400000004e+03 2.3683316213565285e-06
9.5461407700000000e+03 2.3521981843116474e-06
9.5491404999999995e+03 2.3360723492904518e-06
9.5521402300000009e+03 2.3199541103247855e-06
9.5551399600000004e+03 2.3038434614529872e-06
9.5581396900000000e+03 2.2877403967199527e-06
9.5611394199999995e+03 2.2716449101770969e-06
9.5641391500000009e+03 2.2555569958824356e-06
9.5671388800000004e+03 2.2394766479004142e-06
9.5701386100000000e+03 2.2234038603020577e-06
9.5731383399999995e+03 2.2073386271648640e-06
9.5761380700000009e+03 2.1912809425728257e-06
9.5791378000000004e+03 2.1752308006164260e-06
9.5821375300000000e+03 2.1591881953926227e-06
9.5851372599999995e+03 2.1431531210048215e-06
9.5881369900000009e+03 2.1271255715629009e-06
9.5911367200000004e+03 2.1111055411832091e-06
9.5941364500000000e+03 2.0950930239884809e-06
9.5971361799999995e+03 2.0790880141079413e-06
9.6001359100000009e+03 2.0630905056771799e-06
9.6031356400000004e+03 2.0471004928382115e-06
9.6061353700000000e+03 2.0311179697395019e-06
9.6091350999999995e+03 2.0151429305358128e-06
9.6121348300000009e+03 1.9991753693884190e-06
9.6151345600000004e+03 1.9832152804648507e-06
9.6181342900000000e+03 1.9672626579390844e-06
9.6211340199999995e+03 1.9513174959913931e-06
9.6241337500000009e+03 1.9353797888084346e-06
9.6271334800000004e+03 1.9194495305832488e-06
9.6301332100000000e+03 1.9035267155151058e-06
9.6331329399999995e+03 1.8876113378096583e-06
9.6361326700000009e+03 1.8717033916789000e-06
9.6391324000000004e+03 1.8558028713410530e-06
9.6421321300000000e+03 1.8399097710207018e-06
9.6451318599999995e+03 1.8240240849487035e-06
9.6481315900000009e+03 1.8081458073621235e-06
9.6511313200000004e+03 1.7922749325044099e-06
9.6541310500000000e+03 1.7764114546252193e-06
9.6571307799999995e+03 1.7605553679804149e-06
9.6601305100000009e+03 1.7447066668321561e-06
9.6631302400000004e+03 1.7288653454488307e-06
9.6661299700000000e+03 1.7130313981050574e-06
9.6691296999999995e+03 1.6972048190816400e-06
9.6721294300000009e+03 1.6813856026656107e-06
9.6751291600000004e+03 1.6655737431502324e-06
9.6781288900000000e+03 1.6497692348348868e-06
9.6811286199999995e+03 1.6339720720251855e-06
9.6841283500000009e+03 1.6181822490329253e-06
9.6871280800000004e+03 1.6023997601760222e-06
9.6901278100000000e+03 1.5866245997786005e-06
9.6931275399999995e+03 1.5708567621708806e-06
9.6961272700000009e+03 1.5550962416892698e-06
9.6991270000000004e+03 1.5393430326762716e-06
9.7021267300000000e+03 1.5235971294805099e-06
9.7051264599999995e+03 1.5078585264567711e-06
9.7081261900000009e+03 1.4921272179658740e-06
9.7111259200000004e+03 1.4764031983748001e-06
9.7141256500000000e+03 1.4606864620565846e-06
9.7171253799999995e+03 1.4449770033903598e-06
9.7201251100000009e+03 1.4292748167612676e-06
9.7231248400000004e+03 1.4135798965606134e-06
9.7261245699999999e+03 1.3978922371856907e-06
9.7291242999999995e+03 1.3822118330398659e-06
9.7321240300000009e+03 1.3665386785324958e-06
9.7351237600000004e+03 1.3508727680790548e-06
9.7381234899999999e+03 1.3352140961009390e-06
9.7411232199999995e+03 1.3195626570256420e-06
9.7441229500000009e+03 1.3039184452865792e-06
9.7471226800000004e+03 1.2882814553232402e-06
9.7501224099999999e+03 1.2726516815810590e-06
9.7531221399999995e+03 1.2570291185114785e-06
9.7561218700000009e+03 1.2414137605718411e-06
9.7591216000000004e+03 1.2258056022255642e-06
9.7621213299999999e+03 1.2102046379418992e-06
9.7651210599999995e+03 1.1946108621961499e-06
9.7681207900000009e+03 1.1790242694694766e-06
9.7711205200000004e+03 1.1634448542490256e-06
9.7741202499999999e+03 1.1478726110278436e-06
9.7771199799999995e+03 1.1323075343048979e-06
9.7801197100000009e+03 1.1167496185850116e-06
9.7831194400000004e+03 1.1011988583789950e-06
9.7861191699999999e+03 1.0856552482034911e-06
9.7891188999999995e+03 1.0701187825809993e-06
9.7921186300000008e+03 1.0545894560399388e-06
9.7951183600000004e+03 1.0390672631146299e-06
9.7981180899999999e+03 1.0235521983451368e-06
9.8011178199999995e+03 1.0080442562774452e-06
9.8041175500000008e+03 9.9254343146337437e-07
9.8071172800000004e+03 9.7704971846059901e-07
9.8101170099999999e+03 9.6156311183258230e-07
9.8131167399999995e+03 9.4608360614857759e-07
9.8161164700000008e+03 9.3061119598371504e-07
9.8191162000000004e+03 9.1514587591889205e-07
9.8221159299999999e+03 8.9968764054079506e-07
9.8251156599999995e+03 8.8423648444190009e-07
9.8281153900000008e+03 8.6879240222045061e-07
9.8311151200000004e+03 8.5335538848045658e-07
9.8341148499999999e+03 8.3792543783173988e-07
9.8371145799999995e+03 8.2250254488980110e-07
9.8401143100000008e+03 8.0708670427593032e-07
9.8431140400000004e+03 7.9167791061714100e-07
9.8461137699999999e+03 7.7627615854616928e-07
9.8491134999999995e+03 7.6088144270149713e-07
9.8521132300000008e+03 7.4549375772728495e-07
9.8551129600000004e+03 7.3011309827343916e-07
9.8581126899999999e+03 7.1473945899554493e-07
9.8611124199999995e+03 6.9937283455486667e-07
9.8641121500000008e+03 6.8401321961834784e-07
9.8671118800000004e+03 6.6866060885863326e-07
9.8701116099999999e+03 6.5331499695402500e-07
9.8731113399999995e+03 6.3797637858848201e-07
9.8761110700000008e+03 6.2264474845157676e-07
9.8791108000000004e+03 6.0732010123860427e-07
9.8821105299999999e+03 5.9200243165042965e-07
9.8851102599999995e+03 5.7669173439357418e-07
9.8881099900000008e+03 5.6138800418017305e-07
9.8911097200000004e+03 5.4609123572795199e-07
9.8941094499999999e+03 5.3080142376031661e-07
9.8971091799999995e+03 5.1551856300617453e-07
9.9001089100000008e+03 5.0024264820004780e-07
9.9031086400000004e+03 4.8497367408211457e-07
9.9061083699999999e+03 4.6971163539805667e-07
9.9091080999999995e+03 4.5445652689910277e-07
9.9121078300000008e+03 4.3920834334211676e-07
9.9151075600000004e+03 4.2396707948946582e-07
9.9181072899999999e+03 4.0873273010908581e-07
9.9211070199999995e+03 3.9350528997437195e-07
9.9241067500000008e+03 3.7828475386437664e-07
9.9271064800000004e+03 3.6307111656358926e-07
9.9301062099999999e+03 3.4786437286202413e-07
9.9331059399999995e+03 3.3266451755519891e-07
9.9361056700000008e+03 3.1747154544415617e-07
9.9391054000000004e+03 3.0228545133544167e-07
9.9421051299999999e+03 2.8710623004101605e-07
9.9451048599999995e+03 2.7193387637838725e-07
9.9481045900000008e+03 2.5676838517047804e-07
9.9511043200000004e+03 2.4160975124573654e-07
9.9541040499999999e+03 2.2645796943802559e-07
9.9571037799999995e+03 2.1131303458664536e-07
9.9601035100000008e+03 1.9617494153633281e-07
9.9631032400000004e+03 1.8104368513730617e-07
9.9661029699999999e+03 1.6591926024517658e-07
9.9691026999999995e+03 1.5080166172097022e-07
9.9721024300000008e+03 1.3569088443110631e-07
9.9751021600000004e+03 1.2058692324746314e-07
9.9781018899999999e+03 1.0548977304724595e-07
9.9811016199999995e+03 9.0399428713097032e-08
9.9841013500000008e+03 7.5315885133029678e-08
9.9871010800000004e+03 6.0239137200450196e-08
9.9901008099999999e+03 4.5169179814047876e-08
9.9931005399999995e+03 3.0106007877993044e-08
9.9961002700000008e+03 1.5049616301694983e-08
9.9991000000000004e+03 0.0000000000000000e+00
