# Parameters: ALPHA=1.5 LMIN=0.01 LMAX=1000 C_AGING=1 TAU0=1 V1=0.1 V2=1
# index = 1
# t/tau = 1.0000000000000000e-03
# t = 1.0000000000000000e-03
# theta_max = 9.9999910000000000e+03
# columns: theta  P_t(theta)
0.0000000000000000e+00 3.1622776601683794e-01
1.0000000000000000e-04 3.1622776601683794e-01
1.0080956730799452e-04 3.1622776601683794e-01
1.0162568860825067e-04 3.1622776601683794e-01
1.0244841695974736e-04 3.1622776601683794e-01
1.0327780585101128e-04 3.1622776601683794e-01
1.0411390920359511e-04 3.1622776601683794e-01
1.0495678137558240e-04 3.1622776601683794e-01
1.0580647716512239e-04 3.1622776601683794e-01
1.0666305181399181e-04 3.1622776601683794e-01
1.0752656101118713e-04 3.1622776601683794e-01
1.0839706089654448e-04 3.1622776601683794e-01
1.0927460806438970e-04 3.1622776601683794e-01
1.1015925956721813e-04 3.1622776601683794e-01
1.1105107291940304e-04 3.1622776601683794e-01
1.1195010610093568e-04 3.1622776601683794e-01
1.1285641756119391e-04 3.1622776601683794e-01
1.1377006622274311e-04 3.1622776601683794e-01
1.1469111148516603e-04 3.1622776601683794e-01
1.1561961322892549e-04 3.1622776601683794e-01
1.1655563181925657e-04 3.1622776601683794e-01
1.1749922811009160e-04 3.1622776601683794e-01
1.1845046344801680e-04 3.1622776601683794e-01
1.1940939967625982e-04 3.1622776601683794e-01
1.2037609913871133e-04 3.1622776601683794e-01
1.2135062468397727e-04 3.1622776601683794e-01
1.2233303966946587e-04 3.1622776601683794e-01
1.2332340796550583e-04 3.1622776601683794e-01
1.2432179395949916e-04 3.1622776601683794e-01
1.2532826256010754e-04 3.1622776601683794e-01
1.2634287920147157e-04 3.1622776601683794e-01
1.2736570984746569e-04 3.1622776601683794e-01
1.2839682099598579e-04 3.1622776601683794e-01
1.2943627968327353e-04 3.1622776601683794e-01
1.3048415348827354e-04 3.1622776601683794e-01
1.3154051053702800e-04 3.1622776601683794e-01
1.3260541950710483e-04 3.1622776601683794e-01
1.3367894963206320e-04 3.1622776601683794e-01
1.3476117070595486e-04 3.1622776601683794e-01
1.3585215308786080e-04 3.1622776601683794e-01
1.3695196770646678e-04 3.1622776601683794e-01
1.3806068606467340e-04 3.1622776601683794e-01
1.3917838024424595e-04 3.1622776601683794e-01
1.4030512291049951e-04 3.1622776601683794e-01
1.4144098731702444e-04 3.1622776601683794e-01
1.4258604731044773e-04 3.1622776601683794e-01
1.4374037733523457e-04 3.1622776601683794e-01
1.4490405243852857e-04 3.1622776601683794e-01
1.4607714827502999e-04 3.1622776601683794e-01
1.4725974111191531e-04 3.1622776601683794e-01
1.4845190783379457e-04 3.1622776601683794e-01
1.4965372594771112e-04 3.1622776601683794e-01
1.5086527358817935e-04 3.1622776601683794e-01
1.5208662952226573e-04 3.1622776601683794e-01
1.5331787315470873e-04 3.1622776601683794e-01
1.5455908453308159e-04 3.1622776601683794e-01
1.5581034435299703e-04 3.1622776601683794e-01
1.5707173396335242e-04 3.1622776601683794e-01
1.5834333537161982e-04 3.1622776601683794e-01
1.5962523124917640e-04 3.1622776601683794e-01
1.6091750493668039e-04 3.1622776601683794e-01
1.6222024044948820e-04 3.1622776601683794e-01
1.6353352248311720e-04 3.1622776601683794e-01
1.6485743641875237e-04 3.1622776601683794e-01
1.6619206832879627e-04 3.1622776601683794e-01
1.6753750498246610e-04 3.1622776601683794e-01
1.6889383385143366e-04 3.1622776601683794e-01
1.7026114311551345e-04 3.1622776601683794e-01
1.7163952166839423e-04 3.1622776601683794e-01
1.7302905912341970e-04 3.1622776601683794e-01
1.7442984581941340e-04 3.1622776601683794e-01
1.7584197282655243e-04 3.1622776601683794e-01
1.7726553195228880e-04 3.1622776601683794e-01
1.7870061574731694e-04 3.1622776601683794e-01
1.8014731751159210e-04 3.1622776601683794e-01
1.8160573130039485e-04 3.1622776601683794e-01
1.8307595193044719e-04 3.1622776601683794e-01
1.8455807498607568e-04 3.1622776601683794e-01
1.8605219682542694e-04 3.1622776601683794e-01
1.8755841458673121e-04 3.1622776601683794e-01
1.8907682619461800e-04 3.1622776601683794e-01
1.9060753036648323e-04 3.1622776601683794e-01
1.9215062661890581e-04 3.1622776601683794e-01
1.9370621527411907e-04 3.1622776601683794e-01
1.9527439746653161e-04 3.1622776601683794e-01
1.9685527514930393e-04 3.1622776601683794e-01
1.9844895110097515e-04 3.1622776601683794e-01
2.0005552893214665e-04 3.1622776601683794e-01
2.0167511309221683e-04 3.1622776601683794e-01
2.0330780887617219e-04 3.1622776601683794e-01
2.0495372243143365e-04 3.1622776601683794e-01
2.0661296076475614e-04 3.1622776601683794e-01
2.0828563174918715e-04 3.1622776601683794e-01
2.0997184413107817e-04 3.1622776601683794e-01
2.1167170753715660e-04 3.1622776601683794e-01
2.1338533248165117e-04 3.1622776601683794e-01
2.1511283037347779e-04 3.1622776601683794e-01
2.1685431352348318e-04 3.1622776601683794e-01
2.1860989515174500e-04 3.1622776601683794e-01
2.2037968939493462e-04 3.1622776601683794e-01
2.2216381131373564e-04 3.1622776601683794e-01
2.2396237690032626e-04 3.1622776601683794e-01
2.2577550308591852e-04 3.1622776601683794e-01
2.2760330774836227e-04 3.1622776601683794e-01
2.2944590971980716e-04 3.1622776601683794e-01
2.3130342879442909e-04 3.1622776601683794e-01
2.3317598573621917e-04 3.1622776601683794e-01
2.3506370228683330e-04 3.1622776601683794e-01
2.3696670117350906e-04 3.1622776601683794e-01
2.3888510611704260e-04 3.1622776601683794e-01
2.4081904183983420e-04 3.1622776601683794e-01
2.4276863407399487e-04 3.1622776601683794e-01
2.4473400956952278e-04 3.1622776601683794e-01
2.4671529610254179e-04 3.1622776601683794e-01
2.4871262248360958e-04 3.1622776601683794e-01
2.5072611856609271e-04 3.1622776601683794e-01
2.5275591525460709e-04 3.1622776601683794e-01
2.5480214451353074e-04 3.1622776601683794e-01
2.5686493937558094e-04 3.1622776601683794e-01
2.5894443395046556e-04 3.1622776601683794e-01
2.6104076343359974e-04 3.1622776601683794e-01
2.6315406411489745e-04 3.1622776601683794e-01
2.6528447338763060e-04 3.1622776601683794e-01
2.6743212975736198e-04 3.1622776601683794e-01
2.6959717285095106e-04 3.1622776601683794e-01
2.7177974342562953e-04 3.1622776601683794e-01
2.7397998337815483e-04 3.1622776601683794e-01
2.7619803575403289e-04 3.1622776601683794e-01
2.7843404475682052e-04 3.1622776601683794e-01
2.8068815575749855e-04 3.1622776601683794e-01
2.8296051530392373e-04 3.1622776601683794e-01
2.8525127113035708e-04 3.1622776601683794e-01
2.8756057216706694e-04 3.1622776601683794e-01
2.8988856855001352e-04 3.1622776601683794e-01
2.9223541163060738e-04 3.1622776601683794e-01
2.9460125398555201e-04 3.1622776601683794e-01
2.9698624942676061e-04 3.1622776601683794e-01
2.9939055301135873e-04 3.1622776601683794e-01
3.0181432105176267e-04 3.1622776601683794e-01
3.0425771112584305e-04 3.1622776601683794e-01
3.0672088208717025e-04 3.1622776601683794e-01
3.0920399407534008e-04 3.1622776601683794e-01
3.1170720852638734e-04 3.1622776601683794e-01
3.1423068818327890e-04 3.1622776601683794e-01
3.1677459710649692e-04 3.1622776601683794e-01
3.1933910068470214e-04 3.1622776601683794e-01
3.2192436564548916e-04 3.1622776601683794e-01
3.2453056006622377e-04 3.1622776601683794e-01
3.2715785338497110e-04 3.1622776601683794e-01
3.2980641641151246e-04 3.1622776601683794e-01
3.3247642133844797e-04 3.1622776601683794e-01
3.3516804175239413e-04 3.1622776601683794e-01
3.3788145264526659e-04 3.1622776601683794e-01
3.4061683042565963e-04 3.1622776601683794e-01
3.4337435293031255e-04 3.1622776601683794e-01
3.4615419943567408e-04 3.1622776601683794e-01
3.4895655066955540e-04 3.1622776601683794e-01
3.5178158882288109e-04 3.1622776601683794e-01
3.5462949756153480e-04 3.1622776601683794e-01
3.5750046203829783e-04 3.1622776601683794e-01
3.6039466890488926e-04 3.1622776601683794e-01
3.6331230632409794e-04 3.1622776601683794e-01
3.6625356398201872e-04 3.1622776601683794e-01
3.6921863310038157e-04 3.1622776601683794e-01
3.7220770644898644e-04 3.1622776601683794e-01
3.7522097835823362e-04 3.1622776601683794e-01
3.7825864473175867e-04 3.1622776601683794e-01
3.8132090305917013e-04 3.1622776601683794e-01
3.8440795242888621e-04 3.1622776601683794e-01
3.8751999354108161e-04 3.1622776601683794e-01
3.9065722872073222e-04 3.1622776601683794e-01
3.9381986193077264e-04 3.1622776601683794e-01
3.9700809878535334e-04 3.1622776601683794e-01
4.0022214656320969e-04 3.1622776601683794e-01
4.0346221422113936e-04 3.1622776601683794e-01
4.0672851240758405e-04 3.1622776601683794e-01
4.1002125347632830e-04 3.1622776601683794e-01
4.1334065150030157e-04 3.1622776601683794e-01
4.1668692228549953e-04 3.1622776601683794e-01
4.2006028338501103e-04 3.1622776601683794e-01
4.2346095411316517e-04 3.1622776601683794e-01
4.2688915555978701e-04 3.1622776601683794e-01
4.3034511060457248e-04 3.1622776601683794e-01
4.3382904393157994e-04 3.1622776601683794e-01
4.3734118204383470e-04 3.1622776601683794e-01
4.4088175327805837e-04 3.1622776601683794e-01
4.4445098781951010e-04 3.1622776601683794e-01
4.4804911771695555e-04 3.1622776601683794e-01
4.5167637689774942e-04 3.1622776601683794e-01
4.5533300118304768e-04 3.1622776601683794e-01
4.5901922830313591e-04 3.1622776601683794e-01
4.6273529791288634e-04 3.1622776601683794e-01
4.6648145160734010e-04 3.1622776601683794e-01
4.7025793293741089e-04 3.1622776601683794e-01
4.7406498742572295e-04 3.1622776601683794e-01
4.7790286258256944e-04 3.1622776601683794e-01
4.8177180792200787e-04 3.1622776601683794e-01
4.8567207497807809e-04 3.1622776601683794e-01
4.8960391732115916e-04 3.1622776601683794e-01
4.9356759057445185e-04 3.1622776601683794e-01
4.9756335243059829e-04 3.1622776601683794e-01
5.0159146266843797e-04 3.1622776601683794e-01
5.0565218316989265e-04 3.1622776601683794e-01
5.0974577793699665e-04 3.1622776601683794e-01
5.1387251310905629e-04 3.1622776601683794e-01
5.1803265697995707e-04 3.1622776601683794e-01
5.2222648001560212e-04 3.1622776601683794e-01
5.2645425487149846e-04 3.1622776601683794e-01
5.3071625641048419e-04 3.1622776601683794e-01
5.3501276172059531e-04 3.1622776601683794e-01
5.3934405013308386e-04 3.1622776601683794e-01
5.4371040324057427e-04 3.1622776601683794e-01
5.4811210491537512e-04 3.1622776601683794e-01
5.5254944132792998e-04 3.1622776601683794e-01
5.5702270096542731e-04 3.1622776601683794e-01
5.6153217465055140e-04 3.1622776601683794e-01
5.6607815556039239e-04 3.1622776601683794e-01
5.7066093924550761e-04 3.1622776601683794e-01
5.7528082364913312e-04 3.1622776601683794e-01
5.7993810912655805e-04 3.1622776601683794e-01
5.8463309846464766e-04 3.1622776601683794e-01
5.8936609690153283e-04 3.1622776601683794e-01
5.9413741214645033e-04 3.1622776601683794e-01
5.9894735439975266e-04 3.1622776601683794e-01
6.0379623637307105e-04 3.1622776601683794e-01
6.0868437330964813e-04 3.1622776601683794e-01
6.1361208300483427e-04 3.1622776601683794e-01
6.1857968582674496e-04 3.1622776601683794e-01
6.2358750473709347e-04 3.1622776601683794e-01
6.2863586531218313e-04 3.1622776601683794e-01
6.3372509576407898e-04 3.1622776601683794e-01
6.3885552696194123e-04 3.1622776601683794e-01
6.4402749245354119e-04 3.1622776601683794e-01
6.4924132848694191e-04 3.1622776601683794e-01
6.5449737403236083e-04 3.1622776601683794e-01
6.5979597080420940e-04 3.1622776601683794e-01
6.6513746328330462e-04 3.1622776601683794e-01
6.7052219873927027e-04 3.1622776601683794e-01
6.7595052725310872e-04 3.1622776601683794e-01
6.8142280173996651e-04 3.1622776601683794e-01
6.8693937797207347e-04 3.1622776601683794e-01
6.9250061460187555e-04 3.1622776601683794e-01
6.9810687318535344e-04 3.1622776601683794e-01
7.0375851820552414e-04 3.1622776601683794e-01
7.0945591709614263e-04 3.1622776601683794e-01
7.1519944026558497e-04 3.1622776601683794e-01
7.2098946112093484e-04 3.1622776601683794e-01
7.2682635609225504e-04 3.1622776601683794e-01
7.3271050465706573e-04 3.1622776601683794e-01
7.3864228936501098e-04 3.1622776601683794e-01
7.4462209586273161e-04 3.1622776601683794e-01
7.5065031291893984e-04 3.1622776601683794e-01
7.5672733244968931e-04 3.1622776601683794e-01
7.6285354954386101e-04 3.1622776601683794e-01
7.6902936248884305e-04 3.1622776601683794e-01
7.7525517279643133e-04 3.1622776601683794e-01
7.8153138522892691e-04 3.1622776601683794e-01
7.8785840782545689e-04 3.1622776601683794e-01
7.9423665192849798e-04 3.1622776601683794e-01
8.0066653221062042e-04 3.1622776601683794e-01
8.0714846670145097e-04 3.1622776601683794e-01
8.1368287681484407e-04 3.1622776601683794e-01
8.2027018737628637e-04 3.1622776601683794e-01
8.2691082665050926e-04 3.1622776601683794e-01
8.3360522636933903e-04 3.1622776601683794e-01
8.4035382175975796e-04 3.1622776601683794e-01
8.4715705157220752e-04 3.1622776601683794e-01
8.5401535810910635e-04 3.1622776601683794e-01
8.6092918725360907e-04 3.1622776601683794e-01
8.6789898849859719e-04 3.1622776601683794e-01
8.7492521497589595e-04 3.1622776601683794e-01
8.8200832348574155e-04 3.1622776601683794e-01
8.8914877452647169e-04 3.1622776601683794e-01
8.9634703232447190e-04 3.1622776601683794e-01
9.0360356486434887e-04 3.1622776601683794e-01
9.1091884391936368e-04 3.1622776601683794e-01
9.1829334508209651e-04 3.1622776601683794e-01
9.2572754779536939e-04 3.1622776601683794e-01
9.3322193538342005e-04 3.1622776601683794e-01
9.4077699508331690e-04 3.1622776601683794e-01
9.4839321807664459e-04 3.1622776601683794e-01
9.5607109952142936e-04 3.1622776601683794e-01
9.6381113858433852e-04 3.1622776601683794e-01
9.7161383847312705e-04 3.1622776601683794e-01
9.7947970646935513e-04 3.1622776601683794e-01
9.8740925396137154e-04 3.1622776601683794e-01
9.9540299647755438e-04 3.1622776601683794e-01
1.0034614537198345e-03 3.1622776601683798e-02
1.0115851495974756e-03 3.1622776601683798e-02
1.0197746122611443e-03 3.1622776601683798e-02
1.0280303741372373e-03 3.1622776601683798e-02
1.0363529719625061e-03 3.1622776601683798e-02
1.0447429468189442e-03 3.1622776601683798e-02
1.0532008441689678e-03 3.1622776601683798e-02
1.0617272138908819e-03 3.1622776601683798e-02
1.0703226103146225e-03 3.1622776601683798e-02
1.0789875922578031e-03 3.1622776601683798e-02
1.0877227230620384e-03 3.1622776601683798e-02
1.0965285706295764e-03 3.1622776601683798e-02
1.1054057074602118e-03 3.1622776601683798e-02
1.1143547106885151e-03 3.1622776601683798e-02
1.1233761621213462e-03 3.1622776601683798e-02
1.1324706482756829e-03 3.1622776601683798e-02
1.1416387604167564e-03 3.1622776601683798e-02
1.1508810945964831e-03 3.1622776601683798e-02
1.1601982516922257e-03 3.1622776601683798e-02
1.1695908374458486e-03 3.1622776601683798e-02
1.1790594625031097e-03 3.1622776601683798e-02
1.1886047424533495e-03 3.1622776601683798e-02
1.1982272978695240e-03 3.1622776601683798e-02
1.2079277543485419e-03 3.1622776601683798e-02
1.2177067425519386e-03 3.1622776601683798e-02
1.2275648982468842e-03 3.1622776601683798e-02
1.2375028623475058e-03 3.1622776601683798e-02
1.2475212809565676e-03 3.1622776601683798e-02
1.2576208054074650e-03 3.1622776601683798e-02
1.2678020923065812e-03 3.1622776601683798e-02
1.2780658035759656e-03 3.1622776601683798e-02
1.2884126064963727e-03 3.1622776601683798e-02
1.2988431737506474e-03 3.1622776601683798e-02
1.3093581834674498e-03 3.1622776601683798e-02
1.3199583192653531e-03 3.1622776601683798e-02
1.3306442702972778e-03 3.1622776601683798e-02
1.3414167312953069e-03 3.1622776601683798e-02
1.3522764026158410e-03 3.1622776601683798e-02
1.3632239902851429e-03 3.1622776601683798e-02
1.3742602060452299e-03 3.1622776601683798e-02
1.3853857674001487e-03 3.1622776601683798e-02
1.3966013976626293e-03 3.1622776601683798e-02
1.4079078260010988e-03 3.1622776601683798e-02
1.4193057874871001e-03 3.1622776601683798e-02
1.4307960231430682e-03 3.1622776601683798e-02
1.4423792799905203e-03 3.1622776601683798e-02
1.4540563110986087e-03 3.1622776601683798e-02
1.4658278756330941e-03 3.1622776601683798e-02
1.4776947389056900e-03 3.1622776601683798e-02
1.4896576724238240e-03 3.1622776601683798e-02
1.5017174539407993e-03 3.1622776601683798e-02
1.5138748675063499e-03 3.1622776601683798e-02
1.5261307035176266e-03 3.1622776601683798e-02
1.5384857587705705e-03 3.1622776601683798e-02
1.5509408365117284e-03 3.1622776601683798e-02
1.5634967464904625e-03 3.1622776601683798e-02
1.5761543050116071e-03 3.1622776601683798e-02
1.5889143349885292e-03 3.1622776601683798e-02
1.6017776659966333e-03 3.1622776601683798e-02
1.6147451343272994e-03 3.1622776601683798e-02
1.6278175830422438e-03 3.1622776601683798e-02
1.6409958620283401e-03 3.1622776601683798e-02
1.6542808280528628e-03 3.1622776601683798e-02
1.6676733448191996e-03 3.1622776601683798e-02
1.6811742830229945e-03 3.1622776601683798e-02
1.6947845204087581e-03 3.1622776601683798e-02
1.7085049418269392e-03 3.1622776601683798e-02
1.7223364392914390e-03 3.1622776601683798e-02
1.7362799120376193e-03 3.1622776601683798e-02
1.7503362665807500e-03 3.1622776601683798e-02
1.7645064167749595e-03 3.1622776601683798e-02
1.7787912838726331e-03 3.1622776601683798e-02
1.7931917965843219e-03 3.1622776601683798e-02
1.8077088911391081e-03 3.1622776601683798e-02
1.8223435113454787e-03 3.1622776601683798e-02
1.8370966086526908e-03 3.1622776601683798e-02
1.8519691422126171e-03 3.1622776601683798e-02
1.8669620789421170e-03 3.1622776601683798e-02
1.8820763935858851e-03 3.1622776601683798e-02
1.8973130687798387e-03 3.1622776601683798e-02
1.9126730951149857e-03 3.1622776601683798e-02
1.9281574712018436e-03 3.1622776601683798e-02
1.9437672037353475e-03 3.1622776601683798e-02
1.9595033075603058e-03 3.1622776601683798e-02
1.9753668057373853e-03 3.1622776601683798e-02
1.9913587296096088e-03 3.1622776601683798e-02
2.0074801188694228e-03 3.1622776601683798e-02
2.0237320216262770e-03 3.1622776601683798e-02
2.0401154944747800e-03 3.1622776601683798e-02
2.0566316025633765e-03 3.1622776601683798e-02
2.0732814196636131e-03 3.1622776601683798e-02
2.0900660282399345e-03 3.1622776601683798e-02
2.1069865195200623e-03 3.1622776601683798e-02
2.1240439935659482e-03 3.1622776601683798e-02
2.1412395593452768e-03 3.1622776601683798e-02
2.1585743348035819e-03 3.1622776601683798e-02
2.1760494469369096e-03 3.1622776601683798e-02
2.1936660318651064e-03 3.1622776601683798e-02
2.2114252349056647e-03 3.1622776601683798e-02
2.2293282106482016e-03 3.1622776601683798e-02
2.2473761230295086e-03 3.1622776601683798e-02
2.2655701454092278e-03 3.1622776601683798e-02
2.2839114606461449e-03 3.1622776601683798e-02
2.3024012611750737e-03 3.1622776601683798e-02
2.3210407490844003e-03 3.1622776601683798e-02
2.3398311361942162e-03 3.1622776601683798e-02
2.3587736441351213e-03 3.1622776601683798e-02
2.3778695044276302e-03 3.1622776601683798e-02
2.3971199585622448e-03 3.1622776601683798e-02
2.4165262580801766e-03 3.1622776601683798e-02
2.4360896646546944e-03 3.1622776601683798e-02
2.4558114501731722e-03 3.1622776601683798e-02
2.4756928968197576e-03 3.1622776601683798e-02
2.4957352971587527e-03 3.1622776601683798e-02
2.5159399542186273e-03 3.1622776601683798e-02
2.5363081815767533e-03 3.1622776601683798e-02
2.5568413034447886e-03 3.1622776601683798e-02
2.5775406547547761e-03 3.1622776601683798e-02
2.5984075812459386e-03 3.1622776601683798e-02
2.6194434395521542e-03 3.1622776601683798e-02
2.6406495972901753e-03 3.1622776601683798e-02
2.6620274331485227e-03 3.1622776601683798e-02
2.6835783369771387e-03 3.1622776601683798e-02
2.7053037098777257e-03 3.1622776601683798e-02
2.7272049642948584e-03 3.1622776601683798e-02
2.7492835241077931e-03 3.1622776601683798e-02
2.7715408247230467e-03 3.1622776601683798e-02
2.7939783131677260e-03 3.1622776601683798e-02
2.8165974481835854e-03 3.1622776601683798e-02
2.8393997003218875e-03 3.1622776601683798e-02
2.8623865520389850e-03 3.1622776601683798e-02
2.8855594977927239e-03 3.1622776601683798e-02
2.9089200441395815e-03 3.1622776601683798e-02
2.9324697098326354e-03 3.1622776601683798e-02
2.9562100259202819e-03 3.1622776601683798e-02
2.9801425358457856e-03 3.1622776601683798e-02
3.0042687955476317e-03 3.1622776601683798e-02
3.0285903735606631e-03 3.1622776601683798e-02
3.0531088511180789e-03 3.1622776601683798e-02
3.0778258222542150e-03 3.1622776601683798e-02
3.1027428939081982e-03 3.1622776601683798e-02
3.1278616860284021e-03 3.1622776601683798e-02
3.1531838316777709e-03 3.1622776601683798e-02
3.1787109771400030e-03 3.1622776601683798e-02
3.2044447820265580e-03 3.1622776601683798e-02
3.2303869193845811e-03 3.1622776601683798e-02
3.2565390758056466e-03 3.1622776601683798e-02
3.2829029515354358e-03 3.1622776601683798e-02
3.3094802605842504e-03 3.1622776601683798e-02
3.3362727308384721e-03 3.1622776601683798e-02
3.3632821041728760e-03 3.1622776601683798e-02
3.3905101365638863e-03 3.1622776601683798e-02
3.4179585982037478e-03 3.1622776601683798e-02
3.4456292736155894e-03 3.1622776601683798e-02
3.4735239617694701e-03 3.1622776601683798e-02
3.5016444761993078e-03 3.1622776601683798e-02
3.5299926451208136e-03 3.1622776601683798e-02
3.5585703115503186e-03 3.1622776601683798e-02
3.5873793334246285e-03 3.1622776601683798e-02
3.6164215837217861e-03 3.1622776601683798e-02
3.6456989505828513e-03 3.1622776601683798e-02
3.6752133374346693e-03 3.1622776601683798e-02
3.7049666631135906e-03 3.1622776601683798e-02
3.7349608619902538e-03 3.1622776601683798e-02
3.7651978840953131e-03 3.1622776601683798e-02
3.7956796952462496e-03 3.1622776601683798e-02
3.8264082771751456e-03 3.1622776601683798e-02
3.8573856276575514e-03 3.1622776601683798e-02
3.8886137606423459e-03 3.1622776601683798e-02
3.9200947063826787e-03 3.1622776601683798e-02
3.9518305115679763e-03 3.1622776601683798e-02
3.9838232394569786e-03 3.1622776601683798e-02
4.0160749700119108e-03 3.1622776601683798e-02
4.0485878000336732e-03 3.1622776601683798e-02
4.0813638432982005e-03 3.1622776601683798e-02
4.1144052306938510e-03 3.1622776601683798e-02
4.1477141103599610e-03 3.1622776601683798e-02
4.1812926478265108e-03 3.1622776601683798e-02
4.2151430261548883e-03 3.1622776601683798e-02
4.2492674460798486e-03 3.1622776601683798e-02
4.2836681261525598e-03 3.1622776601683798e-02
4.3183473028848727e-03 3.1622776601683798e-02
4.3533072308946869e-03 3.1622776601683798e-02
4.3885501830525720e-03 3.1622776601683798e-02
4.4240784506294987e-03 3.1622776601683798e-02
4.4598943434458211e-03 3.1622776601683798e-02
4.4960001900214552e-03 3.1622776601683798e-02
4.5323983377272350e-03 3.1622776601683798e-02
4.5690911529375619e-03 3.1622776601683798e-02
4.6060810211842095e-03 3.1622776601683798e-02
4.6433703473114565e-03 3.1622776601683798e-02
4.6809615556323968e-03 3.1622776601683798e-02
4.7188570900865883e-03 3.1622776601683798e-02
4.7570594143989103e-03 3.1622776601683798e-02
4.7955710122397546e-03 3.1622776601683798e-02
4.8343943873865088e-03 3.1622776601683798e-02
4.8735320638863067e-03 3.1622776601683798e-02
4.9129865862201604e-03 3.1622776601683798e-02
4.9527605194683499e-03 3.1622776601683798e-02
4.9928564494772249e-03 3.1622776601683798e-02
5.0332769830272834e-03 3.1622776601683798e-02
5.0740247480026849e-03 3.1622776601683798e-02
5.1151023935620656e-03 3.1622776601683798e-02
5.1565125903107840e-03 3.1622776601683798e-02
5.1982580304745611e-03 3.1622776601683798e-02
5.2403414280744768e-03 3.1622776601683798e-02
5.2827655191034608e-03 3.1622776601683798e-02
5.3255330617041239e-03 3.1622776601683798e-02
5.3686468363481196e-03 3.1622776601683798e-02
5.4121096460168763e-03 3.1622776601683798e-02
5.4559243163838410e-03 3.1622776601683798e-02
5.5000936959982072e-03 3.1622776601683798e-02
5.5446206564700702e-03 3.1622776601683798e-02
5.5895080926571632e-03 3.1622776601683798e-02
5.6347589228530172e-03 3.1622776601683798e-02
5.6803760889767392e-03 3.1622776601683798e-02
5.7263625567642272e-03 3.1622776601683798e-02
5.7727213159610288e-03 3.1622776601683798e-02
5.8194553805166801e-03 3.1622776601683798e-02
5.8665677887806645e-03 3.1622776601683798e-02
5.9140616036999702e-03 3.1622776601683798e-02
5.9619399130181753e-03 3.1622776601683798e-02
6.0102058294762466e-03 3.1622776601683798e-02
6.0588624910148606e-03 3.1622776601683798e-02
6.1079130609784588e-03 3.1622776601683798e-02
6.1573607283208617e-03 3.1622776601683798e-02
6.2072087078126406e-03 3.1622776601683798e-02
6.2574602402500805e-03 3.1622776601683798e-02
6.3081185926658935e-03 3.1622776601683798e-02
6.3591870585416399e-03 3.1622776601683798e-02
6.4106689580218047e-03 3.1622776601683798e-02
6.4625676381297016e-03 3.1622776601683798e-02
6.5148864729850263e-03 3.1622776601683798e-02
6.5676288640232703e-03 3.1622776601683798e-02
6.6207982402168072e-03 3.1622776601683798e-02
6.6743980582978793e-03 3.1622776601683798e-02
6.7284318029832797e-03 3.1622776601683798e-02
6.7829029872009308e-03 3.1622776601683798e-02
6.8378151523182931e-03 3.1622776601683798e-02
6.8931718683725501e-03 3.1622776601683798e-02
6.9489767343027696e-03 3.1622776601683798e-02
7.0052333781838224e-03 3.1622776601683798e-02
7.0619454574623181e-03 3.1622776601683798e-02
7.1191166591943293e-03 3.1622776601683798e-02
7.1767507002851580e-03 3.1622776601683798e-02
7.2348513277309340e-03 3.1622776601683798e-02
7.2934223188622438e-03 3.1622776601683798e-02
7.3524674815897278e-03 3.1622776601683798e-02
7.4119906546515979e-03 3.1622776601683798e-02
7.4719957078632658e-03 3.1622776601683798e-02
7.5324865423688726e-03 3.1622776601683798e-02
7.5934670908949778e-03 3.1622776601683798e-02
7.6549413180061858e-03 3.1622776601683798e-02
7.7169132203629203e-03 3.1622776601683798e-02
7.7793868269812848e-03 3.1622776601683798e-02
7.8423661994949500e-03 3.1622776601683798e-02
7.9058554324192721e-03 3.1622776601683798e-02
7.9698586534174398e-03 3.1622776601683798e-02
8.0343800235688784e-03 3.1622776601683798e-02
8.0994237376397268e-03 3.1622776601683798e-02
8.1649940243556044e-03 3.1622776601683798e-02
8.2310951466764929e-03 3.1622776601683798e-02
8.2977314020739011e-03 3.1622776601683798e-02
8.3649071228102858e-03 3.1622776601683798e-02
8.4326266762206545e-03 3.1622776601683798e-02
8.5008944649965605e-03 3.1622776601683798e-02
8.5697149274722804e-03 3.1622776601683798e-02
8.6390925379134214e-03 3.1622776601683798e-02
8.7090318068077533e-03 3.1622776601683798e-02
8.7795372811585136e-03 3.1622776601683798e-02
8.8506135447799627e-03 3.1622776601683798e-02
8.9222652185954269e-03 3.1622776601683798e-02
8.9944969609377402e-03 3.1622776601683798e-02
9.0673134678520440e-03 3.1622776601683798e-02
9.1407194734011571e-03 3.1622776601683798e-02
9.2147197499732915e-03 3.1622776601683798e-02
9.2893191085923893e-03 3.1622776601683798e-02
9.3645223992308308e-03 3.1622776601683798e-02
9.4403345111248281e-03 3.1622776601683798e-02
9.5167603730922177e-03 3.1622776601683798e-02
9.5938049538529403e-03 3.1622776601683798e-02
9.6714732623520913e-03 3.1622776601683798e-02
9.7497703480855149e-03 3.1622776601683798e-02
9.8287013014281589e-03 3.1622776601683798e-02
9.9082712539649426e-03 3.1622776601683798e-02
9.9884853788244597e-03 3.1622776601683798e-02
1.0069348891015231e-02 3.1622776601683798e-02
1.0150867047764793e-02 3.1622776601683798e-02
1.0233045148861478e-02 3.1622776601683798e-02
1.0315888536998975e-02 3.1622776601683798e-02
1.0399402598123672e-02 3.1622776601683798e-02
1.0483592761784809e-02 3.1622776601683798e-02
1.0568464501487492e-02 3.1622776601683798e-02
1.0654023335048534e-02 3.1622776601683798e-02
1.0740274824955190e-02 3.1622776601683798e-02
1.0827224578726787e-02 3.1622776601683798e-02
1.0914878249279300e-02 3.1622776601683798e-02
1.1003241535292863e-02 3.1622776601683798e-02
1.1092320181582262e-02 3.1622776601683798e-02
1.1182119979470431e-02 3.1622776601683798e-02
1.1272646767164940e-02 3.1622776601683798e-02
1.1363906430137603e-02 3.1622776601683798e-02
1.1455904901507077e-02 3.1622776601683798e-02
1.1548648162424614e-02 3.1622776601683798e-02
1.1642142242462907e-02 3.1622776601683798e-02
1.1736393220008100e-02 3.1622776601683798e-02
1.1831407222654964e-02 3.1622776601683798e-02
1.1927190427605275e-02 3.1622776601683798e-02
1.2023749062069418e-02 3.1622776601683798e-02
1.2121089403671223e-02 3.1622776601683798e-02
1.2219217780856127e-02 3.1622776601683798e-02
1.2318140573302584e-02 3.1622776601683798e-02
1.2417864212336843e-02 3.1622776601683798e-02
1.2518395181351068e-02 3.1622776601683798e-02
1.2619740016224840e-02 3.1622776601683798e-02
1.2721905305750091e-02 3.1622776601683798e-02
1.2824897692059464e-02 3.1622776601683798e-02
1.2928723871058114e-02 3.1622776601683798e-02
1.3033390592859077e-02 3.1622776601683798e-02
1.3138904662222090e-02 3.1622776601683798e-02
1.3245272938996000e-02 3.1622776601683798e-02
1.3352502338564748e-02 3.1622776601683798e-02
1.3460599832296964e-02 3.1622776601683798e-02
1.3569572447999199e-02 3.1622776601683798e-02
1.3679427270372824e-02 3.1622776601683798e-02
1.3790171441474649e-02 3.1622776601683798e-02
1.3901812161181217e-02 3.1622776601683798e-02
1.4014356687656939e-02 3.1622776601683798e-02
1.4127812337825944e-02 3.1622776601683798e-02
1.4242186487847792e-02 3.1622776601683798e-02
1.4357486573597013e-02 3.1622776601683798e-02
1.4473720091146549e-02 3.1622776601683798e-02
1.4590894597255098e-02 3.1622776601683798e-02
1.4709017709858413e-02 3.1622776601683798e-02
1.4828097108564543e-02 3.1622776601683798e-02
1.4948140535153153e-02 3.1622776601683798e-02
1.5069155794078823e-02 3.1622776601683798e-02
1.5191150752978437e-02 3.1622776601683798e-02
1.5314133343182705e-02 3.1622776601683798e-02
1.5438111560231792e-02 3.1622776601683798e-02
1.5563093464395144e-02 3.1622776601683798e-02
1.5689087181195511e-02 3.1622776601683798e-02
1.5816100901937226e-02 3.1622776601683798e-02
1.5944142884238729e-02 3.1622776601683798e-02
1.6073221452569449e-02 3.1622776601683798e-02
1.6203344998791006e-02 3.1622776601683798e-02
1.6334521982702774e-02 3.1622776601683798e-02
1.6466760932591903e-02 3.1622776601683798e-02
1.6600070445787773e-02 3.1622776601683798e-02
1.6734459189220920e-02 3.1622776601683798e-02
1.6869935899986536e-02 3.1622776601683798e-02
1.7006509385912451e-02 3.1622776601683798e-02
1.7144188526131806e-02 3.1622776601683798e-02
1.7282982271660308e-02 3.1622776601683798e-02
1.7422899645978148e-02 3.1622776601683798e-02
1.7563949745616671e-02 3.1622776601683798e-02
1.7706141740749762e-02 3.1622776601683798e-02
1.7849484875790033e-02 3.1622776601683798e-02
1.7993988469989845e-02 3.1622776601683798e-02
1.8139661918047185e-02 3.1622776601683798e-02
1.8286514690716415e-02 3.1622776601683798e-02
1.8434556335424061e-02 3.1622776601683798e-02
1.8583796476889475e-02 3.1622776601683798e-02
1.8734244817750600e-02 3.1622776601683798e-02
1.8885911139194758e-02 3.1622776601683798e-02
1.9038805301594561e-02 3.1622776601683798e-02
1.9192937245148988e-02 3.1622776601683798e-02
1.9348316990529617e-02 3.1622776601683798e-02
1.9504954639532085e-02 3.1622776601683798e-02
1.9662860375732887e-02 3.1622776601683798e-02
1.9822044465151414e-02 3.1622776601683798e-02
1.9982517256917409e-02 3.1622776601683798e-02
2.0144289183943762e-02 3.1622776601683798e-02
2.0307370763604837e-02 3.1622776601683798e-02
2.0471772598420208e-02 3.1622776601683798e-02
2.0637505376743987e-02 3.1622776601683798e-02
2.0804579873459714e-02 3.1622776601683798e-02
2.0973006950680842e-02 3.1622776601683798e-02
2.1142797558456959e-02 3.1622776601683798e-02
2.1313962735485678e-02 3.1622776601683798e-02
2.1486513609830293e-02 3.1622776601683798e-02
2.1660461399643262e-02 3.1622776601683798e-02
2.1835817413895533e-02 3.1622776601683798e-02
2.2012593053111793e-02 3.1622776601683798e-02
2.2190799810111659e-02 3.1622776601683798e-02
2.2370449270756820e-02 3.1622776601683798e-02
2.2551553114704352e-02 3.1622776601683798e-02
2.2734123116166006e-02 3.1622776601683798e-02
2.2918171144673698e-02 3.1622776601683798e-02
2.3103709165851197e-02 3.1622776601683798e-02
2.3290749242192047e-02 3.1622776601683798e-02
2.3479303533843802e-02 3.1622776601683798e-02
2.3669384299398591e-02 3.1622776601683798e-02
2.3861003896690110e-02 3.1622776601683798e-02
2.4054174783596997e-02 3.1622776601683798e-02
2.4248909518852849e-02 3.1622776601683798e-02
2.4445220762862638e-02 3.1622776601683798e-02
2.4643121278525849e-02 3.1622776601683798e-02
2.4842623932066221e-02 3.1622776601683798e-02
2.5043741693868238e-02 3.1622776601683798e-02
2.5246487639320372e-02 3.1622776601683798e-02
2.5450874949665189e-02 3.1622776601683798e-02
2.5656916912856230e-02 3.1622776601683798e-02
2.5864626924422016e-02 3.1622776601683798e-02
2.6074018488336872e-02 3.1622776601683798e-02
2.6285105217898879e-02 3.1622776601683798e-02
2.6497900836614935e-02 3.1622776601683798e-02
2.6712419179092960e-02 3.1622776601683798e-02
2.6928674191941341e-02 3.1622776601683798e-02
2.7146679934675639e-02 3.1622776601683798e-02
2.7366450580632681e-02 3.1622776601683798e-02
2.7588000417891945e-02 3.1622776601683798e-02
2.7811343850204572e-02 3.1622776601683798e-02
2.8036495397929757e-02 3.1622776601683798e-02
2.8263469698978770e-02 3.1622776601683798e-02
2.8492281509766623e-02 3.1622776601683798e-02
2.8722945706171444e-02 3.1622776601683798e-02
2.8955477284501607e-02 3.1622776601683798e-02
2.9189891362470695e-02 3.1622776601683798e-02
2.9426203180180376e-02 3.1622776601683798e-02
2.9664428101111140e-02 3.1622776601683798e-02
2.9904581613121262e-02 3.1622776601683798e-02
3.0146679329453613e-02 3.1622776601683798e-02
3.0390736989750793e-02 3.1622776601683798e-02
3.0636770461078398e-02 3.1622776601683798e-02
3.0884795738956593e-02 3.1622776601683798e-02
3.1134828948400053e-02 3.1622776601683798e-02
3.1386886344966315e-02 3.1622776601683798e-02
3.1640984315812540e-02 3.1622776601683798e-02
3.1897139380761011e-02 3.1622776601683798e-02
3.2155368193373078e-02 3.1622776601683798e-02
3.2415687542031876e-02 3.1622776601683798e-02
3.2678114351033800e-02 3.1622776601683798e-02
3.2942665681688819e-02 3.1622776601683798e-02
3.3209358733429686e-02 3.1622776601683798e-02
3.3478210844930134e-02 3.1622776601683798e-02
3.3749239495232161e-02 3.1622776601683798e-02
3.4022462304882317e-02 3.1622776601683798e-02
3.4297897037077384e-02 3.1622776601683798e-02
3.4575561598819166e-02 3.1622776601683798e-02
3.4855474042078692e-02 3.1622776601683798e-02
3.5137652564969861e-02 3.1622776601683798e-02
3.5422115512932534e-02 3.1622776601683798e-02
3.5708881379925270e-02 3.1622776601683798e-02
3.5997968809627690e-02 3.1622776601683798e-02
3.6289396596652479e-02 3.1622776601683798e-02
3.6583183687767432e-02 3.1622776601683798e-02
3.6879349183127158e-02 3.1622776601683798e-02
3.7177912337514878e-02 3.1622776601683798e-02
3.7478892561594243e-02 3.1622776601683798e-02
3.7782309423171276e-02 3.1622776601683798e-02
3.8088182648466584e-02 3.1622776601683798e-02
3.8396532123397789e-02 3.1622776601683798e-02
3.8707377894872427e-02 3.1622776601683798e-02
3.9020740172091194e-02 3.1622776601683798e-02
3.9336639327861904e-02 3.1622776601683798e-02
3.9655095899923970e-02 3.1622776601683798e-02
3.9976130592283603e-02 3.1622776601683798e-02
4.0299764276559909e-02 3.1622776601683798e-02
4.0626017993341770e-02 3.1622776601683798e-02
4.0954912953555814e-02 3.1622776601683798e-02
4.1286470539845410e-02 3.1622776601683798e-02
4.1620712307960765e-02 3.1622776601683798e-02
4.1957659988160444e-02 3.1622776601683798e-02
4.2297335486624059e-02 3.1622776601683798e-02
4.2639760886876509e-02 3.1622776601683798e-02
4.2984958451223673e-02 3.1622776601683798e-02
4.3332950622199787e-02 3.1622776601683798e-02
4.3683760024026498e-02 3.1622776601683798e-02
4.4037409464083771e-02 3.1622776601683798e-02
4.4393921934392677e-02 3.1622776601683798e-02
4.4753320613110104e-02 3.1622776601683798e-02
4.5115628866035790e-02 3.1622776601683798e-02
4.5480870248131328e-02 3.1622776601683798e-02
4.5849068505051577e-02 3.1622776601683798e-02
4.6220247574688463e-02 3.1622776601683798e-02
4.6594431588727246e-02 3.1622776601683798e-02
4.6971644874215422e-02 3.1622776601683798e-02
4.7351911955144356e-02 3.1622776601683798e-02
4.7735257554043523e-02 3.1622776601683798e-02
4.8121706593588019e-02 3.1622776601683798e-02
4.8511284198218728e-02 3.1622776601683798e-02
4.8904015695775786e-02 3.1622776601683798e-02
4.9299926619145271e-02 3.1622776601683798e-02
4.9699042707919132e-02 3.1622776601683798e-02
5.0101389910068649e-02 3.1622776601683798e-02
5.0506994383631404e-02 3.1622776601683798e-02
5.0915882498411905e-02 3.1622776601683798e-02
5.1328080837695925e-02 3.1622776601683798e-02
5.1743616199978880e-02 3.1622776601683798e-02
5.2162515600708038e-02 3.1622776601683798e-02
5.2584806274038880e-02 3.1622776601683798e-02
5.3010515674605727e-02 3.1622776601683798e-02
5.3439671479306609e-02 3.1622776601683798e-02
5.3872301589102722e-02 3.1622776601683798e-02
5.4308434130832306e-02 3.1622776601683798e-02
5.4748097459039233e-02 3.1622776601683798e-02
5.5191320157816560e-02 3.1622776601683798e-02
5.5638131042664803e-02 3.1622776601683798e-02
5.6088559162365333e-02 3.1622776601683798e-02
5.6542633800868977e-02 3.1622776601683798e-02
5.7000384479199841e-02 3.1622776601683798e-02
5.7461840957374589e-02 3.1622776601683798e-02
5.7927033236337272e-02 3.1622776601683798e-02
5.8395991559909773e-02 3.1622776601683798e-02
5.8868746416758010e-02 3.1622776601683798e-02
5.9345328542374245e-02 3.1622776601683798e-02
5.9825768921075217e-02 3.1622776601683798e-02
6.0310098788016554e-02 3.1622776601683798e-02
6.0798349631223499e-02 3.1622776601683798e-02
6.1290553193638055e-02 3.1622776601683798e-02
6.1786741475182705e-02 3.1622776601683798e-02
6.2286946734840871e-02 3.1622776601683798e-02
6.2791201492754065e-02 3.1622776601683798e-02
6.3299538532336344e-02 3.1622776601683798e-02
6.3811990902405497e-02 3.1622776601683798e-02
6.4328591919331768e-02 3.1622776601683798e-02
6.4849375169203846e-02 3.1622776601683798e-02
6.5374374510012406e-02 3.1622776601683798e-02
6.5903624073851322e-02 3.1622776601683798e-02
6.6437158269136792e-02 3.1622776601683798e-02
6.6975011782844304e-02 3.1622776601683798e-02
6.7517219582763646e-02 3.1622776601683798e-02
6.8063816919772535e-02 3.1622776601683798e-02
6.8614839330128227e-02 3.1622776601683798e-02
6.9170322637777865e-02 3.1622776601683798e-02
6.9730302956687612e-02 3.1622776601683798e-02
7.0294816693190459e-02 3.1622776601683798e-02
7.0863900548353162e-02 3.1622776601683798e-02
7.1437591520362373e-02 3.1622776601683798e-02
7.2015926906929845e-02 3.1622776601683798e-02
7.2598944307717544e-02 3.1622776601683798e-02
7.3186681626781935e-02 3.1622776601683798e-02
7.3779177075038352e-02 3.1622776601683798e-02
7.4376469172745208e-02 3.1622776601683798e-02
7.4978596752008325e-02 3.1622776601683798e-02
7.5585598959305583e-02 3.1622776601683798e-02
7.6197515258031936e-02 3.1622776601683798e-02
7.6814385431065085e-02 3.1622776601683798e-02
7.7436249583351852e-02 3.1622776601683798e-02
7.8063148144515676e-02 3.1622776601683798e-02
7.8695121871484960e-02 3.1622776601683798e-02
7.9332211851142892e-02 3.1622776601683798e-02
7.9974459502998654e-02 3.1622776601683798e-02
8.0621906581880204e-02 3.1622776601683798e-02
8.1274595180648945e-02 3.1622776601683798e-02
8.1932567732936362e-02 3.1622776601683798e-02
8.2595867015902644e-02 3.1622776601683798e-02
8.3264536153017973e-02 3.1622776601683798e-02
8.3938618616866037e-02 3.1622776601683798e-02
8.4618158231970345e-02 3.1622776601683798e-02
8.5303199177643396e-02 3.1622776601683798e-02
8.5993785990858995e-02 3.1622776601683798e-02
8.6689963569147710e-02 3.1622776601683798e-02
8.7391777173515844e-02 3.1622776601683798e-02
8.8099272431388043e-02 3.1622776601683798e-02
8.8812495339573541e-02 3.1622776601683798e-02
8.9531492267256832e-02 3.1622776601683798e-02
9.0256309959012140e-02 3.1622776601683798e-02
9.0986995537842452e-02 3.1622776601683798e-02
9.1723596508243202e-02 3.1508622143082123e-02
9.2466160759290691e-02 3.1392747207480809e-02
9.3214736567755516e-02 3.1277214609719418e-02
9.3969372601241233e-02 3.1162024243417973e-02
9.4730117921348431e-02 3.1047175991167627e-02
9.5497021986864272e-02 3.0932669724649666e-02
9.6270134656978215e-02 3.0818505304754037e-02
9.7049506194523349e-02 3.0704682581697465e-02
9.7835187269244270e-02 3.0591201395141088e-02
9.8627228961091246e-02 3.0478061574307682e-02
9.9425682763541079e-02 3.0365262938098412e-02
1.0023060058694502e-01 3.0252805295208983e-02
1.0104203476190343e-01 3.0140688444245535e-02
1.0186003804266820e-01 3.0028912173839784e-02
1.0268466361057239e-01 2.9917476262763833e-02
1.0351596507748768e-01 2.9806380480044407e-02
1.0435399648930999e-01 2.9695624585076560e-02
1.0519881232947313e-01 2.9585208327736829e-02
1.0605046752249099e-01 2.9475131448495947e-02
1.0690901743752840e-01 2.9365393678530860e-02
1.0777451789200072e-01 2.9255994739836335e-02
1.0864702515520301e-01 2.9146934345335870e-02
1.0952659595196805e-01 2.9038212198992198e-02
1.1041328746635440e-01 2.8929827995917017e-02
1.1130715734536395e-01 2.8821781422480350e-02
1.1220826370268998e-01 2.8714072156419131e-02
1.1311666512249517e-01 2.8606699866945348e-02
1.1403242066322050e-01 2.8499664214853452e-02
1.1495558986142466e-01 2.8392964852627309e-02
1.1588623273565495e-01 2.8286601424546396e-02
1.1682440979034919e-01 2.8180573566791475e-02
1.1777018201976937e-01 2.8074880907549647e-02
1.1872361091196700e-01 2.7969523067118727e-02
1.1968475845278083e-01 2.7864499658011053e-02
1.2065368712986668e-01 2.7759810285056575e-02
1.2163045993676001e-01 2.7655454545505442e-02
1.2261514037697135e-01 2.7551432029129807e-02
1.2360779246811483e-01 2.7447742318325107e-02
1.2460848074607034e-01 2.7344384988210586e-02
1.2561727026917910e-01 2.7241359606729264e-02
1.2663422662247345e-01 2.7138665734747193e-02
1.2765941592194061e-01 2.7036302926152084e-02
1.2869290481882134e-01 2.6934270727951251e-02
1.2973476050394295e-01 2.6832568680368922e-02
1.3078505071208782e-01 2.6731196316942860e-02
1.3184384372639685e-01 2.6630153164620335e-02
1.3291120838280907e-01 2.6529438743853419e-02
1.3398721407453668e-01 2.6429052568693604e-02
1.3507193075657672e-01 2.6328994146885748e-02
1.3616542895025890e-01 2.6229262979961410e-02
1.3726777974783061e-01 2.6129858563331377e-02
1.3837905481707891e-01 2.6030780386377631e-02
1.3949932640598972e-01 2.5932027932544604e-02
1.4062866734744511e-01 2.5833600679429736e-02
1.4176715106395832e-01 2.5735498098873363e-02
1.4291485157244727e-01 2.5637719657047947e-02
1.4407184348904661e-01 2.5540264814546569e-02
1.4523820203395890e-01 2.5443133026470815e-02
1.4641400303634480e-01 2.5346323742517926e-02
1.4759932293925307e-01 2.5249836407067277e-02
1.4879423880459042e-01 2.5153670459266184e-02
1.4999882831813163e-01 2.5057825333115010e-02
1.5121316979456997e-01 2.4962300457551625e-02
1.5243734218260899e-01 2.4867095256535150e-02
1.5367142507009504e-01 2.4772209149129015e-02
1.5491549868919177e-01 2.4677641549583382e-02
1.5616964392159605e-01 2.4583391867416825e-02
1.5743394230379668e-01 2.4489459507497383e-02
1.5870847603237506e-01 2.4395843870122901e-02
1.5999332796934940e-01 2.4302544351100724e-02
1.6128858164756166e-01 2.4209560341826662e-02
1.6259432127610829e-01 2.4116891229363349e-02
1.6391063174581513e-01 2.4024536396517859e-02
1.6523759863475646e-01 2.3932495221918697e-02
1.6657530821381858e-01 2.3840767080092085e-02
1.6792384745230868e-01 2.3749351341537616e-02
1.6928330402360905e-01 2.3658247372803205e-02
1.7065376631087709e-01 2.3567454536559354e-02
1.7203532341279126e-01 2.3476972191672826e-02
1.7342806514934375e-01 2.3386799693279583e-02
1.7483208206768019e-01 2.3296936392857091e-02
1.7624746544798617e-01 2.3207381638295957e-02
1.7767430730942196e-01 2.3118134773970914e-02
1.7911270041610466e-01 2.3029195140811157e-02
1.8056273828313951e-01 2.2940562076369995e-02
1.8202451518269941e-01 2.2852234914893903e-02
1.8349812615015396e-01 2.2764212987390852e-02
1.8498366699024810e-01 2.2676495621698062e-02
1.8648123428333049e-01 2.2589082142549080e-02
1.8799092539163290e-01 2.2501971871640193e-02
1.8951283846559983e-01 2.2415164127696258e-02
1.9104707245026972e-01 2.2328658226535816e-02
1.9259372709170761e-01 2.2242453481135665e-02
1.9415290294349014e-01 2.2156549201694724e-02
1.9572470137324285e-01 2.2070944695697287e-02
1.9730922456923047e-01 2.1985639267975695e-02
1.9890657554700034e-01 2.1900632220772306e-02
2.0051685815608017e-01 2.1815922853800931e-02
2.0214017708672941e-01 2.1731510464307557e-02
2.0377663787674569e-01 2.1647394347130547e-02
2.0542634691832615e-01 2.1563573794760170e-02
2.0708941146498422e-01 2.1480048097397550e-02
2.0876593963852286e-01 2.1396816543012988e-02
2.1045604043606378e-01 2.1313878417403682e-02
2.1215982373713382e-01 2.1231233004250873e-02
2.1387740031080835e-01 2.1148879585176385e-02
2.1560888182291310e-01 2.1066817439798532e-02
2.1735438084328382e-01 2.0985045845787524e-02
2.1911401085308488e-01 2.0903564078920162e-02
2.2088788625218689e-01 2.0822371413134078e-02
2.2267612236660461e-01 2.0741467120581301e-02
2.2447883545599437e-01 2.0660850471681293e-02
2.2629614272121285e-01 2.0580520735173399e-02
2.2812816231193628e-01 2.0500477178168736e-02
2.2997501333434225e-01 2.0420719066201479e-02
2.3183681585885302e-01 2.0341245663279651e-02
2.3371369092794161e-01 2.0262056231935287e-02
2.3560576056400151e-01 2.0183150033274082e-02
2.3751314777727939e-01 2.0104526327024471e-02
2.3943597657387281e-01 2.0026184371586171e-02
2.4137437196379216e-01 1.9948123424078142e-02
2.4332845996908803e-01 1.9870342740386099e-02
2.4529836763204418e-01 1.9792841575209337e-02
2.4728422302343728e-01 1.9715619182107166e-02
2.4928615525086315e-01 1.9638674813544740e-02
2.5130429446713054e-01 1.9562007720938371e-02
2.5333877187872256e-01 1.9485617154700312e-02
2.5538971975432734e-01 1.9409502364283040e-02
2.5745727143343705e-01 1.9333662598223000e-02
2.5954156133501682e-01 1.9258097104183879e-02
2.6164272496624352e-01 1.9182805128999302e-02
2.6376089893131610e-01 1.9107785918715075e-02
2.6589622094033633e-01 1.9033038718630917e-02
2.6804882981826206e-01 1.8958562773341677e-02
2.7021886551393248e-01 1.8884357326778074e-02
2.7240646910916677e-01 1.8810421622246935e-02
2.7461178282793663e-01 1.8736754902470953e-02
2.7683495004561237e-01 1.8663356409627952e-02
2.7907611529828452e-01 1.8590225385389684e-02
2.8133542429216035e-01 1.8517361070960157e-02
2.8361302391303722e-01 1.8444762707113437e-02
2.8590906223585166e-01 1.8372429534231075e-02
2.8822368853430674e-01 1.8300360792338963e-02
2.9055705329057629e-01 1.8228555721143833e-02
2.9290930820508887e-01 1.8157013560069189e-02
2.9528060620639002e-01 1.8085733548290898e-02
2.9767110146108477e-01 1.8014714924772225e-02
3.0008094938386087e-01 1.7943956928298505e-02
3.0251030664759199e-01 1.7873458797511333e-02
3.0495933119352470e-01 1.7803219770942284e-02
3.0742818224154606e-01 1.7733239087046278e-02
3.0991702030053531e-01 1.7663515984234431e-02
3.1242600717879904e-01 1.7594049700906535e-02
3.1495530599459104e-01 1.7524839475483063e-02
3.1750508118671722e-01 1.7455884546436814e-02
3.2007549852522615e-01 1.7387184152324073e-02
3.2266672512218669e-01 1.7318737531815401e-02
3.2527892944255227e-01 1.7250543923726016e-02
3.2791228131511363e-01 1.7182602567045718e-02
3.3056695194353963e-01 1.7114912700968484e-02
3.3324311391750833e-01 1.7047473564921586e-02
3.3594094122392720e-01 1.6980284398594385e-02
3.3866060925824504e-01 1.6913344441966661e-02
3.4140229483585471e-01 1.6846652935336624e-02
3.4416617620358864e-01 1.6780209119348476e-02
3.4695243305130757e-01 1.6714012235019619e-02
3.4976124652358231e-01 1.6648061523767518e-02
3.5259279923147124e-01 1.6582356227436087e-02
3.5544727526439179e-01 1.6516895588321832e-02
3.5832486020208942e-01 1.6451678849199538e-02
3.6122574112670242e-01 1.6386705253347591e-02
3.6415010663492492e-01 1.6321974044572987e-02
3.6709814685026826e-01 1.6257484467235954e-02
3.7007005343542160e-01 1.6193235766274208e-02
3.7306601960471242e-01 1.6129227187226855e-02
3.7608624013666841e-01 1.6065457976258010e-02
3.7913091138668048e-01 1.6001927380179970e-02
3.8220023129976854e-01 1.5938634646476078e-02
3.8529439942345067e-01 1.5875579023323344e-02
3.8841361692071652e-01 1.5812759759614551e-02
3.9155808658310559e-01 1.5750176104980192e-02
3.9472801284389103e-01 1.5687827309809981e-02
3.9792360179137143e-01 1.5625712625274096e-02
4.0114506118226845e-01 1.5563831303344041e-02
4.0439260045523451e-01 1.5502182596813234e-02
4.0766643074446879e-01 1.5440765759317281e-02
4.1096676489344391e-01 1.5379580045353879e-02
4.1429381746874372e-01 1.5318624710302488e-02
4.1764780477401298e-01 1.5257899010443637e-02
4.2102894486401993e-01 1.5197402202977947e-02
4.2443745755883311e-01 1.5137133546044859e-02
4.2787356445811231e-01 1.5077092298741050e-02
4.3133748895551588e-01 1.5017277721138556e-02
4.3482945625322394e-01 1.4957689074302625e-02
4.3834969337658020e-01 1.4898325620309238e-02
4.4189842918885097e-01 1.4839186622262395e-02
4.4547589440610497e-01 1.4780271344311072e-02
4.4908232161221279e-01 1.4721579051665924e-02
4.5271794527396780e-01 1.4663109010615707e-02
4.5638300175633018e-01 1.4604860488543427e-02
4.6007772933779323e-01 1.4546832753942199e-02
4.6380236822587534e-01 1.4489025076430866e-02
4.6755716057273611e-01 1.4431436726769333e-02
4.7134235049092021e-01 1.4374066976873632e-02
4.7515818406922739e-01 1.4316915099830753e-02
4.7900490938871210e-01 1.4259980369913196e-02
4.8288277653881162e-01 1.4203262062593276e-02
4.8679203763360585e-01 1.4146759454557156e-02
4.9073294682820762e-01 1.4090471823718679e-02
4.9470576033528668e-01 1.4034398449232906e-02
4.9871073644172664e-01 1.3978538611509415e-02
5.0274813552541731e-01 1.3922891592225393e-02
5.0681822007218280e-01 1.3867456674338457e-02
5.1092125469284666e-01 1.3812233142099241e-02
5.1505750614043511e-01 1.3757220281063770e-02
5.1922724332751968e-01 1.3702417378105581e-02
5.2343073734370016e-01 1.3647823721427633e-02
5.2766826147322921e-01 1.3593438600573968e-02
5.3194009121277930e-01 1.3539261306441185e-02
5.3624650428935383e-01 1.3485291131289649e-02
5.4058778067834368e-01 1.3431527368754520e-02
5.4496420262172829e-01 1.3377969313856545e-02
5.4937605464642658e-01 1.3324616263012635e-02
5.5382362358279391e-01 1.3271467514046250e-02
5.5830719858327060e-01 1.3218522366197557e-02
5.6282707114118047e-01 1.3165780120133386e-02
5.6738353510968220e-01 1.3113240077956985e-02
5.7197688672087355e-01 1.3060901543217570e-02
5.7660742460505032e-01 1.3008763820919681e-02
5.8127544981012169e-01 1.2956826217532335e-02
5.8598126582118226e-01 1.2905088040997999e-02
5.9072517858024265e-01 1.2853548600741324e-02
5.9550749650612023e-01 1.2802207207677765e-02
6.0032853051449009e-01 1.2751063174221951e-02
6.0518859403809899e-01 1.2700115814295880e-02
6.1008800304714284e-01 1.2649364443336962e-02
6.1502707606980878e-01 1.2598808378305839e-02
6.2000613421298423e-01 1.2548446937694056e-02
6.2502550118313294e-01 1.2498279441531531e-02
6.3008550330734014e-01 1.2448305211393887e-02
6.3518646955452873e-01 1.2398523570409558e-02
6.4032873155684644e-01 1.2348933843266770e-02
6.4551262363122641e-01 1.2299535356220328e-02
6.5073848280112223e-01 1.2250327437098252e-02
6.5600664881841930e-01 1.2201309415308228e-02
6.6131746418552328e-01 1.2152480621843915e-02
6.6667127417762728e-01 1.2103840389291092e-02
6.7206842686515955e-01 1.2055388051833621e-02
6.7750927313641263e-01 1.2007122945259284e-02
6.8299416672035596e-01 1.1959044406965449e-02
6.8852346420963328e-01 1.1911151775964572e-02
6.9409752508374545e-01 1.1863444392889591e-02
6.9971671173242211e-01 1.1815921599999104e-02
7.0538138947918172e-01 1.1768582741182467e-02
7.1109192660508236e-01 1.1721427161964695e-02
7.1684869437266507e-01 1.1674454209511253e-02
7.2265206705009133e-01 1.1627663232632675e-02
7.2850242193547521e-01 1.1581053581789083e-02
7.3440013938141280e-01 1.1534624609094527e-02
7.4034560281971051e-01 1.1488375668321204e-02
7.4633919878631350e-01 1.1442306114903555e-02
7.5238131694643529e-01 1.1396415305942214e-02
7.5847235011989189e-01 1.1350702600207811e-02
7.6461269430663992e-01 1.1305167358144685e-02
7.7080274871252208e-01 1.1259808941874444e-02
7.7704291577522144e-01 1.1214626715199382e-02
7.8333360119042472e-01 1.1169620043605806e-02
7.8967521393819817e-01 1.1124788294267225e-02
7.9606816630957722e-01 1.1080130836047404e-02
8.0251287393337056e-01 1.1035647039503315e-02
8.0900975580318202e-01 1.0991336276887975e-02
8.1555923430465038e-01 1.0947197922153141e-02
8.2216173524291092e-01 1.0903231350951901e-02
8.2881768787027754e-01 1.0859435940641178e-02
8.3552752491415094e-01 1.0815811070284079e-02
8.4229168260515130e-01 1.0772356120652159e-02
8.4911060070547917e-01 1.0729070474227565e-02
8.5598472253750613e-01 1.0685953515205087e-02
8.6291449501259698e-01 1.0643004629494079e-02
8.6990036866016451e-01 1.0600223204720297e-02
8.7694279765696059e-01 1.0557608630227618e-02
8.8404223985660346e-01 1.0515160297079667e-02
8.9119915681934458e-01 1.0472877598061337e-02
8.9841401384207631e-01 1.0430759927680213e-02
9.0568727998858267e-01 1.0388806682167896e-02
9.1301942812003456e-01 1.0347017259481233e-02
9.2041093492573245e-01 1.0305391059303439e-02
9.2786228095409740e-01 1.0263927483045160e-02
9.3537395064391360e-01 1.0222625933845387e-02
9.4294643235582309e-01 1.0181485816572329e-02
9.5058021840407603e-01 1.0140506537824183e-02
9.5827580508853782e-01 1.0099687505929791e-02
9.6603369272695538e-01 1.0059028130949237e-02
9.7385438568748461e-01 1.0018527824674349e-02
9.8173839242148087e-01 9.9781860006291200e-03
9.8968622549655560e-01 9.9380020740700240e-03
9.9769840162990020e-01 9.8979754619862789e-03
1.0057754417218792e+00 9.8581055831000065e-03
1.0139178708898966e+00 9.8183918578663276e-03
1.0221262185025346e+00 9.7788337084733657e-03
1.0304010182139713e+00 9.7394305588421690e-03
1.0387428079986738e+00 9.7001818346265836e-03
1.0471521301863749e+00 9.6610869632130034e-03
1.0556295314973314e+00 9.6221453737201038e-03
1.0641755630778689e+00 9.5833564969984349e-03
1.0727907805362134e+00 9.5447197656300126e-03
1.0814757439786133e+00 9.5062346139277755e-03
1.0902310180457542e+00 9.4679004779350262e-03
1.0990571719494679e+00 9.4297167954247446e-03
1.1079547795097393e+00 9.3916830058988973e-03
1.1169244191920125e+00 9.3537985505876223e-03
1.1259666741447980e+00 9.3160628724483878e-03
1.1350821322375870e+00 9.2784754161650655e-03
1.1442713860990690e+00 9.2410356281469389e-03
1.1535350331556622e+00 9.2037429565276670e-03
1.1628736756703537e+00 9.1665968511641573e-03
1.1722879207818544e+00 9.1295967636354156e-03
1.1817783805440725e+00 9.0927421472412825e-03
1.1913456719659037e+00 9.0560324570011681e-03
1.2009904170513468e+00 9.0194671496526876e-03
1.2107132428399410e+00 8.9830456836502547e-03
1.2205147814475328e+00 8.9467675191636231e-03
1.2303956701073722e+00 8.9106321180763576e-03
1.2403565512115409e+00 8.8746389439842612e-03
1.2503980723527173e+00 8.8387874621937475e-03
1.2605208863662778e+00 8.8030771397201567e-03
1.2707256513727414e+00 8.7675074452860258e-03
1.2810130308205547e+00 8.7320778493192933e-03
1.2913836935292271e+00 8.6967878239514670e-03
1.3018383137328113e+00 8.6616368430157426e-03
1.3123775711237387e+00 8.6266243820450599e-03
1.3230021508970082e+00 8.5917499182701293e-03
1.3337127437947340e+00 8.5570129306173914e-03
1.3445100461510522e+00 8.5224128997069461e-03
1.3553947599373926e+00 8.4879493078504325e-03
1.3663675928081158e+00 8.4536216390488535e-03
1.3774292581465213e+00 8.4194293789903642e-03
1.3885804751112263e+00 8.3853720150480360e-03
1.3998219686829212e+00 8.3514490362775248e-03
1.4111544697115026e+00 8.3176599334147706e-03
1.4225787149635896e+00 8.2840041988735801e-03
1.4340954471704228e+00 8.2504813267432302e-03
1.4457054150761515e+00 8.2170908127860015e-03
1.4574093734865139e+00 8.1838321544346736e-03
1.4692080833179078e+00 8.1507048507899887e-03
1.4811023116468616e+00 8.1177084026180790e-03
1.4930928317599050e+00 8.0848423123478508e-03
1.5051804232038419e+00 8.0521060840683355e-03
1.5173658718364331e+00 8.0194992235260078e-03
1.5296499698774861e+00 7.9870212381220607e-03
1.5420335159603615e+00 7.9546716369096604e-03
1.5545173151838942e+00 7.9224499305911474e-03
1.5671021791647364e+00 7.8903556315152220e-03
1.5797889260901230e+00 7.8583882536740896e-03
1.5925783807710656e+00 7.8265473127005804e-03
1.6054713746959759e+00 7.7948323258652278e-03
1.6184687460847238e+00 7.7632428120733201e-03
1.6315713399431337e+00 7.7317782918619304e-03
1.6447800081179207e+00 7.7004382873969027e-03
1.6580956093520722e+00 7.6692223224698233e-03
1.6715190093406784e+00 7.6381299224949550e-03
1.6850510807872134e+00 7.6071606145061421e-03
1.6986927034602741e+00 7.5763139271537040e-03
1.7124447642507761e+00 7.5455893907012692e-03
1.7263081572296133e+00 7.5149865370226308e-03
1.7402837837057861e+00 7.4845048995985288e-03
1.7543725522849971e+00 7.4541440135134389e-03
1.7685753789287246e+00 7.4239034154523244e-03
1.7828931870137710e+00 7.3937826436973652e-03
1.7973269073922953e+00 7.3637812381246674e-03
1.8118774784523313e+00 7.3338987402009458e-03
1.8265458461787958e+00 7.3041346929801840e-03
1.8413329642149905e+00 7.2744886411002735e-03
1.8562397939246003e+00 7.2449601307796379e-03
1.8712673044541979e+00 7.2155487098138184e-03
1.8864164727962485e+00 7.1862539275720635e-03
1.9016882838526292e+00 7.1570753349938761e-03
1.9170837304986612e+00 7.1280124845855527e-03
1.9326038136476593e+00 7.0990649304167033e-03
1.9482495423160049e+00 7.0702322281167495e-03
1.9640219336887474e+00 7.0415139348714052e-03
1.9799220131857322e+00 7.0129096094191405e-03
1.9959508145282698e+00 6.9844188120476228e-03
2.0121093798063399e+00 6.9560411045901547e-03
2.0283987595463424e+00 6.9277760504220789e-03
2.0448200127793950e+00 6.8996232144571748e-03
2.0613742071101853e+00 6.8715821631440471e-03
2.0780624187863794e+00 6.8436524644624758e-03
2.0948857327685930e+00 6.8158336879197848e-03
2.1118452428009280e+00 6.7881254045471656e-03
2.1289420514820807e+00 6.7605271868960018e-03
2.1461772703370268e+00 6.7330386090341766e-03
2.1635520198892833e+00 6.7056592465423743e-03
2.1810674297337611e+00 6.6783886765103490e-03
2.1987246386102006e+00 6.6512264775332123e-03
2.2165247944772086e+00 6.6241722297076680e-03
2.2344690545868873e+00 6.5972255146282766e-03
2.2525585855600760e+00 6.5703859153836792e-03
2.2707945634621929e+00 6.5436530165528216e-03
2.2891781738796988e+00 6.5170264042011677e-03
2.3077106119971735e+00 6.4905056658768976e-03
2.3263930826750219e+00 6.4640903906071018e-03
2.3452268005278034e+00 6.4377801688939619e-03
2.3642129900032010e+00 6.4115745927109200e-03
2.3833528854616257e+00 6.3854732554988417e-03
2.4026477312564660e+00 6.3594757521621761e-03
2.4220987818149893e+00 6.3335816790650919e-03
2.4417073017198954e+00 6.3077906340276201e-03
2.4614745657915340e+00 6.2821022163217751e-03
2.4814018591707807e+00 6.2565160266676934e-03
2.5014904774025943e+00 6.2310316672297295e-03
2.5217417265202404e+00 6.2056487416125693e-03
2.5421569231302037e+00 6.1803668548573347e-03
2.5627373944977840e+00 6.1551856134376710e-03
2.5834844786333875e+00 6.1301046252558418e-03
2.6043995243795144e+00 6.1051234996388030e-03
2.6254838914984546e+00 6.0802418473342819e-03
2.6467389507606871e+00 6.0554592805068513e-03
2.6681660840340014e+00 6.0307754127339889e-03
2.6897666843733372e+00 6.0061898590021475e-03
2.7115421561113502e+00 5.9817022357027986e-03
2.7334939149497162e+00 5.9573121606284933e-03
2.7556233880511671e+00 5.9330192529689118e-03
2.7779320141322792e+00 5.9088231333068973e-03
2.8004212435570062e+00 5.8847234236145069e-03
2.8230925384309762e+00 5.8607197472490425e-03
2.8459473726965445e+00 5.8368117289490868e-03
2.8689872322286232e+00 5.8129989948305337e-03
2.8922136149312814e+00 5.7892811723826180e-03
2.9156280308351303e+00 5.7656578904639409e-03
2.9392320021954941e+00 5.7421287792984903e-03
2.9630270635913805e+00 5.7186934704716672e-03
2.9870147620252445e+00 5.6953515969263074e-03
3.0111966570235702e+00 5.6721027929586883e-03
3.0355743207382551e+00 5.6489466942145645e-03
3.0601493380488272e+00 5.6258829376851626e-03
3.0849233066654795e+00 5.6029111617032137e-03
3.1098978372329453e+00 5.5800310059389603e-03
3.1350745534352105e+00 5.5572421113961688e-03
3.1604550921010754e+00 5.5345441204081424e-03
3.1860411033105720e+00 5.5119366766337415e-03
3.2118342505022413e+00 5.4894194250533872e-03
3.2378362105812761e+00 5.4669920119650795e-03
3.2640486740285493e+00 5.4446540849804152e-03
3.2904733450105113e+00 5.4224052930205912e-03
3.3171119414899888e+00 5.4002452863124309e-03
3.3439661953378721e+00 5.3781737163843954e-03
3.3710378524457139e+00 5.3561902360625942e-03
3.3983286728392330e+00 5.3342944994668193e-03
3.4258404307927424e+00 5.3124861620065487e-03
3.4535749149444972e+00 5.2907648803769787e-03
3.4815339284129854e+00 5.2691303125550412e-03
3.5097192889141526e+00 5.2475821177954312e-03
3.5381328288795770e+00 5.2261199566266351e-03
3.5667763955756069e+00 5.2047434908469538e-03
3.5956518512234501e+00 5.1834523835205450e-03
3.6247610731202529e+00 5.1622462989734472e-03
3.6541059537611438e+00 5.1411249027896230e-03
3.6836884009622746e+00 5.1200878618069944e-03
3.7135103379848489e+00 5.0991348441134909e-03
3.7435737036601688e+00 5.0782655190430891e-03
3.7738804525156793e+00 5.0574795571718678e-03
3.8044325549020406e+00 5.0367766303140524e-03
3.8352319971212263e+00 5.0161564115180834e-03
3.8662807815556626e+00 4.9956185750626618e-03
3.8975809267984101e+00 4.9751627964528195e-03
3.9291344677843987e+00 4.9547887524159853e-03
3.9609434559227235e+00 4.9344961208980615e-03
3.9930099592300201e+00 4.9142845810594858e-03
4.0253360624649090e+00 4.8941538132713279e-03
4.0579238672635372e+00 4.8741034991113541e-03
4.0907754922762081e+00 4.8541333213601356e-03
4.1238930733051262e+00 4.8342429639971268e-03
4.1572787634432524e+00 4.8144321121967679e-03
4.1909347332142852e+00 4.7947004523245891e-03
4.2248631707137747e+00 4.7750476719333138e-03
4.2590662817513714e+00 4.7554734597589753e-03
4.2935462899942456e+00 4.7359775057170322e-03
4.3283054371116485e+00 4.7165595008984915e-03
4.3633459829206522e+00 4.6972191375660348e-03
4.3986702055330680e+00 4.6779561091501547e-03
4.4342804015035560e+00 4.6587701102452951e-03
4.4701788859789344e+00 4.6396608366059879e-03
4.5063679928486913e+00 4.6206279851430145e-03
4.5428500748967213e+00 4.6016712539195528e-03
4.5796275039542875e+00 4.5827903421473458e-03
4.6167026710542247e+00 4.5639849501828630e-03
4.6540779865863868e+00 4.5452547795234834e-03
4.6917558804543580e+00 4.5265995328036667e-03
4.7297388022334248e+00 4.5080189137911451e-03
4.7680292213298348e+00 4.4895126273831170e-03
4.8066296271413442e+00 4.4710803796024438e-03
4.8455425292190579e+00 4.4527218775938507e-03
4.8847704574305837e+00 4.4344368296201538e-03
4.9243159621245134e+00 4.4162249450584636e-03
4.9641816142962263e+00 4.3980859343964182e-03
5.0043700057550415e+00 4.3800195092284153e-03
5.0448837492927154e+00 4.3620253822518502e-03
5.0857254788533144e+00 4.3441032672633627e-03
5.1268978497044557e+00 4.3262528791550899e-03
5.1684035386099341e+00 4.3084739339109288e-03
5.2102452440037510e+00 4.2907661486027973e-03
5.2524256861655410e+00 4.2731292413869188e-03
5.2949476073974413e+00 4.2555629315000933e-03
5.3378137722023657e+00 4.2380669392559963e-03
5.3810269674637441e+00 4.2206409860414658e-03
5.4245900026266964e+00 4.2032847943128167e-03
5.4685057098806977e+00 4.1859980875921451e-03
5.5127769443437025e+00 4.1687805904636454e-03
5.5574065842477669e+00 4.1516320285699473e-03
5.6023975311261687e+00 4.1345521286084378e-03
5.6477527100020550e+00 4.1175406183276125e-03
5.6934750695786027e+00 4.1005972265234199e-03
5.7395675824307277e+00 4.0837216830356213e-03
5.7860332451983352e+00 4.0669137187441563e-03
5.8328750787811519e+00 4.0501730655655155e-03
5.8800961285351212e+00 4.0334994564491218e-03
5.9276994644703889e+00 4.0168926253737192e-03
5.9756881814509057e+00 4.0003523073437715e-03
6.0240653993956217e+00 3.9838782383858681e-03
6.0728342634813348e+00 3.9674701555451365e-03
6.1219979443471653e+00 3.9511277968816644e-03
6.1715596383006952e+00 3.9348509014669247e-03
6.2215225675257591e+00 3.9186392093802265e-03
6.2718899802919452e+00 3.9024924617051511e-03
6.3226651511657694e+00 3.8864104005260055e-03
6.3738513812235675e+00 3.8703927689242930e-03
6.4254519982661069e+00 3.8544393109751843e-03
6.4774703570349468e+00 3.8385497717439900e-03
6.5299098394305339e+00 3.8227238972826567e-03
6.5827738547320767e+00 3.8069614346262623e-03
6.6360658398191967e+00 3.7912621317895186e-03
6.6897892593953614e+00 3.7756257377632892e-03
6.7439476062131511e+00 3.7600520025111131e-03
6.7985444013013279e+00 3.7445406769657293e-03
6.8535831941937531e+00 3.7290915130256254e-03
6.9090675631601481e+00 3.7137042635515824e-03
6.9650011154387430e+00 3.6983786823632315e-03
7.0213874874707844e+00 3.6831145242356210e-03
7.0782303451369639e+00 3.6679115448957919e-03
7.1355333839957362e+00 3.6527695010193655e-03
7.1933003295235967e+00 3.6376881502271250e-03
7.2515349373572775e+00 3.6226672510816299e-03
7.3102409935379207e+00 3.6077065630838174e-03
7.3694223147572133e+00 3.5928058466696273e-03
7.4290827486055369e+00 3.5779648632066263e-03
7.4892261738221038e+00 3.5631833749906455e-03
7.5498565005471319e+00 3.5484611452424285e-03
7.6109776705760588e+00 3.5337979381042852e-03
7.6725936576158009e+00 3.5191935186367554e-03
7.7347084675431148e+00 3.5046476528152815e-03
7.7973261386650234e+00 3.4901601075268910e-03
7.8604507419813645e+00 3.4757306505668879e-03
7.9240863814494542e+00 3.4613590506355533e-03
7.9882371942509103e+00 3.4470450773348505e-03
8.0529073510606199e+00 3.4327885011651471e-03
8.1181010563178919e+00 3.4185890935219429e-03
8.1838225484997942e+00 3.4044466266926030e-03
8.2500761003967291e+00 3.3903608738531043e-03
8.3168660193902042e+00 3.3763316090647893e-03
8.3841966477328906e+00 3.3623586072711333e-03
8.4520723628309042e+00 3.3484416442945116e-03
8.5204975775284186e+00 3.3345804968329890e-03
8.5894767403945487e+00 3.3207749424571014e-03
8.6590143360125715e+00 3.3070247596066631e-03
8.7291148852714855e+00 3.2933297275875750e-03
8.7997829456599206e+00 3.2796896265686422e-03
8.8710231115624563e+00 3.2661042375783989e-03
8.9428400145582998e+00 3.2525733425019512e-03
9.0152383237224125e+00 3.2390967240778202e-03
9.0882227459290572e+00 3.2256741658947979e-03
9.1617980261578165e+00 3.2123054523888099e-03
9.2359689478020712e+00 3.1989903688397921e-03
9.3107403329800000e+00 3.1857287013685705e-03
9.3861170428480616e+00 3.1725202369337568e-03
9.4621039779170548e+00 3.1593647633286512e-03
9.5387060783707156e+00 3.1462620691781419e-03
9.6159283243868874e+00 3.1332119439356422e-03
9.6937757364613049e+00 3.1202141778800033e-03
9.7722533757339942e+00 3.1072685621124667e-03
9.8513663443183219e+00 3.0943748885535970e-03
9.9311197856326920e+00 3.0815329499402542e-03
1.0011518884734945e+01 3.0687425398225466e-03
1.0092568868659450e+01 3.0560034525608142e-03
1.0174275006756950e+01 3.0433154833226081e-03
1.0256642611037105e+01 3.0306784280796899e-03
1.0339677036513892e+01 3.0180920836050265e-03
1.0423383681553720e+01 3.0055562474698111e-03
1.0507767988226407e+01 2.9930707180404765e-03
1.0592835442658997e+01 2.9806352944757282e-03
1.0678591575392414e+01 2.9682497767235905e-03
1.0765041961741042e+01 2.9559139655184435e-03
1.0852192222155189e+01 2.9436276623780898e-03
1.0940048022586476e+01 2.9313906696008221e-03
1.1028615074856230e+01 2.9192027902624931e-03
1.1117899137026814e+01 2.9070638282136054e-03
1.1207906013775983e+01 2.8949735880764074e-03
1.1298641556774259e+01 2.8829318752419944e-03
1.1390111665065380e+01 2.8709384958674226e-03
1.1482322285449813e+01 2.8589932568728309e-03
1.1575279412871378e+01 2.8470959659385761e-03
1.1668989090807004e+01 2.8352464315023651e-03
1.1763457411659617e+01 2.8234444627564161e-03
1.1858690517154265e+01 2.8116898696446046e-03
1.1954694598737387e+01 2.7999824628596403e-03
1.2051475897979344e+01 2.7883220538402437e-03
1.2149040706980216e+01 2.7767084547683238e-03
1.2247395368778868e+01 2.7651414785661854e-03
1.2346546277765329e+01 2.7536209388937223e-03
1.2446499880096532e+01 2.7421466501456365e-03
1.2547262674115363e+01 2.7307184274486624e-03
1.2648841210773194e+01 2.7193360866587905e-03
1.2751242094055744e+01 2.7079994443585153e-03
1.2854471981412448e+01 2.6967083178540806e-03
1.2958537584189271e+01 2.6854625251727386e-03
1.3063445668065043e+01 2.6742618850600177e-03
1.3169203053491316e+01 2.6631062169769999e-03
1.3275816616135790e+01 2.6519953410976040e-03
1.3383293287329330e+01 2.6409290783058793e-03
1.3491640054516566e+01 2.6299072501933156e-03
1.3600863961710218e+01 2.6189296790561454e-03
1.3710972109949026e+01 2.6079961878926702e-03
1.3821971657759411e+01 2.5971066004005939e-03
1.3933869821620892e+01 2.5862607409743534e-03
1.4046673876435241e+01 2.5754584347024729e-03
1.4160391155999459e+01 2.5646995073649198e-03
1.4275029053482569e+01 2.5539837854304656e-03
1.4390595021906284e+01 2.5433110960540657e-03
1.4507096574629516e+01 2.5326812670742409e-03
1.4624541285836901e+01 2.5220941270104680e-03
1.4742936791031189e+01 2.5115495050605798e-03
1.4862290787529666e+01 2.5010472310981781e-03
1.4982611034964579e+01 2.4905871356700506e-03
1.5103905355787624e+01 2.4801690499935939e-03
1.5226181635778506e+01 2.4697928059542558e-03
1.5349447824557632e+01 2.4594582361029751e-03
1.5473711936102918e+01 2.4491651736536385e-03
1.5598982049270845e+01 2.4389134524805370e-03
1.5725266308321666e+01 2.4287029071158425e-03
1.5852572923448907e+01 2.4185333727470811e-03
1.5980910171313131e+01 2.4084046852146275e-03
1.6110286395580044e+01 2.3983166810091949e-03
1.6240710007462940e+01 2.3882691972693438e-03
1.6372189486269544e+01 2.3782620717789959e-03
1.6504733379953297e+01 2.3682951429649527e-03
1.6638350305669050e+01 2.3583682498944315e-03
1.6773048950333344e+01 2.3484812322725995e-03
1.6908838071189152e+01 2.3386339304401248e-03
1.7045726496375220e+01 2.3288261853707309e-03
1.7183723125500023e+01 2.3190578386687636e-03
1.7322836930220358e+01 2.3093287325667610e-03
1.7463076954824611e+01 2.2996387099230376e-03
1.7604452316820797e+01 2.2899876142192734e-03
1.7746972207529250e+01 2.2803752895581139e-03
1.7890645892680272e+01 2.2708015806607740e-03
1.8035482713016467e+01 2.2612663328646565e-03
1.8181492084900039e+01 2.2517693921209714e-03
1.8328683500924992e+01 2.2423106049923726e-03
1.8477066530534255e+01 2.2328898186505957e-03
1.8626650820641849e+01 2.2235068808741055e-03
1.8777446096260046e+01 2.2141616400457552e-03
1.8929462161131660e+01 2.2048539451504493e-03
1.9082708898367365e+01 2.1955836457728190e-03
1.9237196271088298e+01 2.1863505920949010e-03
1.9392934323073757e+01 2.1771546348938299e-03
1.9549933179414200e+01 2.1679956255395336e-03
1.9708203047169501e+01 2.1588734159924410e-03
1.9867754216032552e+01 2.1497878588011962e-03
2.0028597058998244e+01 2.1407388071003793e-03
2.0190742033037846e+01 2.1317261146082374e-03
2.0354199679778816e+01 2.1227496356244265e-03
2.0518980626190221e+01 2.1138092250277503e-03
2.0685095585273572e+01 2.1049047382739219e-03
2.0852555356759353e+01 2.0960360313933236e-03
2.1021370827809125e+01 2.0872029609887775e-03
2.1191552973723354e+01 2.0784053842333229e-03
2.1363112858654947e+01 2.0696431588680063e-03
2.1536061636328579e+01 2.0609161431996720e-03
2.1710410550765843e+01 2.0522241960987662e-03
2.1886170937016225e+01 2.0435671769971492e-03
2.2063354221894095e+01 2.0349449458859077e-03
2.2241971924721565e+01 2.0263573633131885e-03
2.2422035658077416e+01 2.0178042903820259e-03
2.2603557128552072e+01 2.0092855887481873e-03
2.2786548137508682e+01 2.0008011206180194e-03
2.2971020581850375e+01 1.9923507487463097e-03
2.3156986454793728e+01 1.9839343364341450e-03
2.3344457846648442e+01 1.9755517475267938e-03
2.3533446945603458e+01 1.9672028464115766e-03
2.3723966038519283e+01 1.9588874980157591e-03
2.3916027511726845e+01 1.9506055678044491e-03
2.4109643851832747e+01 1.9423569217784957e-03
2.4304827646531084e+01 1.9341414264724042e-03
2.4501591585421799e+01 1.9259589489522525e-03
2.4699948460835696e+01 1.9178093568136196e-03
2.4899911168666115e+01 1.9096925181795151e-03
2.5101492709207299e+01 1.9016083016983262e-03
2.5304706187999656e+01 1.8935565765417638e-03
2.5509564816681753e+01 1.8855372124028155e-03
2.5716081913849266e+01 1.8775500794937163e-03
2.5924270905920867e+01 1.8695950485439145e-03
2.6134145328011122e+01 1.8616719907980530e-03
2.6345718824810461e+01 1.8537807780139547e-03
2.6559005151472284e+01 1.8459212824606154e-03
2.6774018174507169e+01 1.8380933769162071e-03
2.6990771872684476e+01 1.8302969346660834e-03
2.7209280337941095e+01 1.8225318295007969e-03
2.7429557776297631e+01 1.8147979357141209e-03
2.7651618508781990e+01 1.8070951281010811e-03
2.7875476972360435e+01 1.7994232819559918e-03
2.8101147720876192e+01 1.7917822730705018e-03
2.8328645425995635e+01 1.7841719777316450e-03
2.8557984878162181e+01 1.7765922727198998e-03
2.8789180987557785e+01 1.7690430353072579e-03
2.9022248785072410e+01 1.7615241432552937e-03
2.9257203423281176e+01 1.7540354748132479e-03
2.9494060177429496e+01 1.7465769087161140e-03
2.9732834446426182e+01 1.7391483241827341e-03
2.9973541753844565e+01 1.7317496009138995e-03
3.0216197748931759e+01 1.7243806190904609e-03
3.0460818207626087e+01 1.7170412593714430e-03
3.0707419033582653e+01 1.7097314028921707e-03
3.0956016259207406e+01 1.7024509312623943e-03
3.1206626046699398e+01 1.6951997265644311e-03
3.1459264689101563e+01 1.6879776713513046e-03
3.1713948611359974e+01 1.6807846486449015e-03
3.1970694371391708e+01 1.6736205419341226e-03
3.2229518661161322e+01 1.6664852351730528e-03
3.2490438307766063e+01 1.6593786127791299e-03
3.2753470274529860e+01 1.6523005596313241e-03
3.3018631662106138e+01 1.6452509610683219e-03
3.3285939709589663e+01 1.6382297028867199e-03
3.3555411795637248e+01 1.6312366713392211e-03
3.3827065439597639e+01 1.6242717531328428e-03
3.4100918302650520e+01 1.6173348354271266e-03
3.4376988188954677e+01 1.6104258058323600e-03
3.4655293046805575e+01 1.6035445524077991e-03
3.4935850969802203e+01 1.5966909636599025e-03
3.5218680198023392e+01 1.5898649285405711e-03
3.5503799119213710e+01 1.5830663364453912e-03
3.5791226269978893e+01 1.5762950772118889e-03
3.6080980336990969e+01 1.5695510411177869e-03
3.6373080158203152e+01 1.5628341188792718e-03
3.6667544724074588e+01 1.5561442016492652e-03
3.6964393178804947e+01 1.5494811810157010e-03
3.7263644821579085e+01 1.5428449489998121e-03
3.7565319107821779e+01 1.5362353980544194e-03
3.7869435650462506e+01 1.5296524210622337e-03
3.8176014221210650e+01 1.5230959113341548e-03
3.8485074751840884e+01 1.5165657626075857e-03
3.8796637335489024e+01 1.5100618690447479e-03
3.9110722227958313e+01 1.5035841252310075e-03
3.9427349849036389e+01 1.4971324261732004e-03
3.9746540783822795e+01 1.4907066672979728e-03
4.0068315784067330e+01 1.4843067444501221e-03
4.0392695769519122e+01 1.4779325538909452e-03
4.0719701829286812e+01 1.4715839922965926e-03
4.1049355223209545e+01 1.4652609567564327e-03
4.1381677383239165e+01 1.4589633447714160e-03
4.1716689914833609e+01 1.4526910542524503e-03
4.2054414598361525e+01 1.4464439835187807e-03
4.2394873390518313e+01 1.4402220312963760e-03
4.2738088425753588e+01 1.4340250967163196e-03
4.3084082017710280e+01 1.4278530793132081e-03
4.3432876660675184e+01 1.4217058790235567e-03
4.3784495031041565e+01 1.4155833961842093e-03
4.4138959988783341e+01 1.4094855315307539e-03
4.4496294578941288e+01 1.4034121861959473e-03
4.4856522033121308e+01 1.3973632617081415e-03
4.5219665771004792e+01 1.3913386599897202e-03
4.5585749401871212e+01 1.3853382833555385e-03
4.5954796726133040e+01 1.3793620345113693e-03
4.6326831736883150e+01 1.3734098165523562e-03
4.6701878621454561e+01 1.3674815329614727e-03
4.7079961762993108e+01 1.3615770876079848e-03
4.7461105742042598e+01 1.3556963847459220e-03
4.7845335338142853e+01 1.3498393290125546e-03
4.8232675531440783e+01 1.3440058254268732e-03
4.8623151504314372e+01 1.3381957793880794e-03
4.9016788643009917e+01 1.3324090966740760e-03
4.9413612539292494e+01 1.3266456834399691e-03
4.9813648992109663e+01 1.3209054462165733e-03
5.0216924009268894e+01 1.3151882919089190e-03
5.0623463809128360e+01 1.3094941277947733e-03
5.1033294822301471e+01 1.3038228615231595e-03
5.1446443693375258e+01 1.2981744011128864e-03
5.1862937282642598e+01 1.2925486549510805e-03
5.2282802667848550e+01 1.2869455317917270e-03
5.2706067145950705e+01 1.2813649407542142e-03
5.3132758234893963e+01 1.2758067913218815e-03
5.3562903675399397e+01 1.2702709933405806e-03
5.3996531432767995e+01 1.2647574570172316e-03
5.4433669698698644e+01 1.2592660929183939e-03
5.4874346893120993e+01 1.2537968119688372e-03
5.5318591666043176e+01 1.2483495254501204e-03
5.5766432899414411e+01 1.2429241449991746e-03
5.6217899709002744e+01 1.2375205826068928e-03
5.6673021446287969e+01 1.2321387506167246e-03
5.7131827700369811e+01 1.2267785617232766e-03
5.7594348299891728e+01 1.2214399289709164e-03
5.8060613314980117e+01 1.2161227657523838e-03
5.8530653059199274e+01 1.2108269858074094e-03
5.9004498091522215e+01 1.2055525032213324e-03
5.9482179218317398e+01 1.2002992324237304e-03
5.9963727495351570e+01 1.1950670881870499e-03
6.0449174229808825e+01 1.1898559856252458e-03
6.0938550982325999e+01 1.1846658401924203e-03
6.1431889569044451e+01 1.1794965676814773e-03
6.1929222063678701e+01 1.1743480842227687e-03
6.2430580799601536e+01 1.1692203062827573e-03
6.2935998371946177e+01 1.1641131506626790e-03
6.3445507639725385e+01 1.1590265344972128e-03
6.3959141727967726e+01 1.1539603752531533e-03
6.4476934029871202e+01 1.1489145907280904e-03
6.4998918208974231e+01 1.1438890990490946e-03
6.5525128201344145e+01 1.1388838186714057e-03
6.6055598217783682e+01 1.1338986683771275e-03
6.6590362746055035e+01 1.1289335672739259e-03
6.7129456553122026e+01 1.1239884347937371e-03
6.7672914687410440e+01 1.1190631906914741e-03
6.8220772481086698e+01 1.1141577550437415e-03
6.8773065552354865e+01 1.1092720482475578e-03
6.9329829807772327e+01 1.1044059910190779e-03
6.9891101444584294e+01 1.0995595043923226e-03
7.0456916953076899e+01 1.0947325097179156e-03
7.1027313118949820e+01 1.0899249286618199e-03
7.1602327025707694e+01 1.0851366832040849e-03
7.2181996057071103e+01 1.0803676956375938e-03
7.2766357899407012e+01 1.0756178885668185e-03
7.3355450544178851e+01 1.0708871849065800e-03
7.3949312290416572e+01 1.0661755078808098e-03
7.4547981747206563e+01 1.0614827810213206e-03
7.5151497836201628e+01 1.0568089281665796e-03
7.5759899794151679e+01 1.0521538734604861e-03
7.6373227175454488e+01 1.0475175413511546e-03
7.6991519854727315e+01 1.0428998565897036e-03
7.7614818029399260e+01 1.0383007442290469e-03
7.8243162222324671e+01 1.0337201296226925e-03
7.8876593284417680e+01 1.0291579384235432e-03
7.9515152397308086e+01 1.0246140965827037e-03
8.0158881076018702e+01 1.0200885303482928e-03
8.0807821171664315e+01 1.0155811662642578e-03
8.1462014874172738e+01 1.0110919311691964e-03
8.2121504715027626e+01 1.0066207521951811e-03
8.2786333570033619e+01 1.0021675567665907e-03
8.3456544662103866e+01 9.9773227259894242e-04
8.4132181564070052e+01 9.9331482769773232e-04
8.4813288201515306e+01 9.8891515035727864e-04
8.5499908855629940e+01 9.8453316915956884e-04
8.6192088166090187e+01 9.8016881297311505e-04
8.6889871133960625e+01 9.7582201095180792e-04
8.7593303124619680e+01 9.7149269253377904e-04
8.8302429870709091e+01 9.6718078744026826e-04
8.9017297475107100e+01 9.6288622567449248e-04
8.9737952413925740e+01 9.5860893752052227e-04
9.0464441539532515e+01 9.5434885354215931e-04
9.1196812083596328e+01 9.5010590458182147e-04
9.1935111660158327e+01 9.4588002175943038e-04
9.2679388268727166e+01 9.4167113647130479e-04
9.3429690297400043e+01 9.3747918038905467e-04
9.4186066526008261e+01 9.3330408545848603e-04
9.4948566129288750e+01 9.2914578389850322e-04
9.5717238680080968e+01 9.2500420820002145e-04
9.6492134152549937e+01 9.2087929112487788e-04
9.7273302925435146e+01 9.1677096570475240e-04
9.8060795785325936e+01 9.1267916524008844e-04
9.8854663929963152e+01 9.0860382329902207e-04
9.9654958971567922e+01 9.0454487371630999e-04
1.0046173294019698e+02 9.0050225059226641e-04
1.0127503828712558e+02 8.9647588829170255e-04
1.0209492788825708e+02 8.9246572144287013e-04
1.0292145504756087e+02 8.8847168493640907e-04
1.0375467350053820e+02 8.8449371392429824e-04
1.0459463741771489e+02 8.8053174381881388e-04
1.0544140140816411e+02 8.7658571029148647e-04
1.0629502052305577e+02 8.7265554927206843e-04
1.0715555025923649e+02 8.6874119694749935e-04
1.0802304656283680e+02 8.6484258976088130e-04
1.0889756583290921e+02 8.6095966441045147e-04
1.0977916492509425e+02 8.5709235784856659e-04
1.1066790115531708e+02 8.5324060728068517e-04
1.1156383230351422e+02 8.4940435016435509e-04
1.1246701661738918e+02 8.4558352420820973e-04
1.1337751281620031e+02 8.4177806737095891e-04
1.1429538009457745e+02 8.3798791786039489e-04
1.1522067812637121e+02 8.3421301413239208e-04
1.1615346706853178e+02 8.3045329488991976e-04
1.1709380756502080e+02 8.2670869908204865e-04
1.1804176075075321e+02 8.2297916590297272e-04
1.1899738825557229e+02 8.1926463479102605e-04
1.1996075220825671e+02 8.1556504542770530e-04
1.2093191524055894e+02 8.1188033773670152e-04
1.2191094049127814e+02 8.0821045188292774e-04
1.2289789161036406e+02 8.0455532827155673e-04
1.2389283276305609e+02 8.0091490754705878e-04
1.2489582863405411e+02 7.9728913059224531e-04
1.2590694443172414e+02 7.9367793852731599e-04
1.2692624589233820e+02 7.9008127270890731e-04
1.2795379928434717e+02 7.8649907472914992e-04
1.2898967141269017e+02 7.8293128641472316e-04
1.3003392962313671e+02 7.7937784982592007e-04
1.3108664180666622e+02 7.7583870725570912e-04
1.3214787640388073e+02 7.7231380122880786e-04
1.3321770240945554e+02 7.6880307450075147e-04
1.3429618937662391e+02 7.6530647005697153e-04
1.3538340742169933e+02 7.6182393111187598e-04
1.3647942722863442e+02 7.5835540110793186e-04
1.3758432005361547e+02 7.5490082371475415e-04
1.3869815772969611e+02 7.5146014282819460e-04
1.3982101267146624e+02 7.4803330256943907e-04
1.4095295787976130e+02 7.4462024728410322e-04
1.4209406694640697e+02 7.4122092154133652e-04
1.4324441405900492e+02 7.3783527013292465e-04
1.4440407400575492e+02 7.3446323807240183e-04
1.4557312218031757e+02 7.3110477059416064e-04
1.4675163458671634e+02 7.2775981315256809e-04
1.4793968784427781e+02 7.2442831142108699e-04
1.4913735919261424e+02 7.2111021129139601e-04
1.5034472649664383e+02 7.1780545887251894e-04
1.5156186825165443e+02 7.1451400048995136e-04
1.5278886358840538e+02 7.1123578268479778e-04
1.5402579227827346e+02 7.0797075221290398e-04
1.5527273473843789e+02 7.0471885604400100e-04
1.5652977203710918e+02 7.0148004136084681e-04
1.5779698589879993e+02 6.9825425555837257e-04
1.5907445870963718e+02 6.9504144624283476e-04
1.6036227352271965e+02 6.9184156123096730e-04
1.6166051406351616e+02 6.8865454854914049e-04
1.6296926473531025e+02 6.8548035643251851e-04
1.6428861062468636e+02 6.8231893332422640e-04
1.6561863750706206e+02 6.7917022787451493e-04
1.6695943185226517e+02 6.7603418893993103e-04
1.6831108083015431e+02 6.7291076558249354e-04
1.6967367231628748e+02 6.6979990706886620e-04
1.7104729489763372e+02 6.6670156286954255e-04
1.7243203787833392e+02 6.6361568265802581e-04
1.7382799128550545e+02 6.6054221631001771e-04
1.7523524587509647e+02 6.5748111390260611e-04
1.7665389313778505e+02 6.5443232571346058e-04
1.7808402530492793e+02 6.5139580222002861e-04
1.7952573535455733e+02 6.4837149409873167e-04
1.8097911701742439e+02 6.4535935222417384e-04
1.8244426478309458e+02 6.4235932766834136e-04
1.8392127390608928e+02 6.3937137169981667e-04
1.8541024041208001e+02 6.3639543578298749e-04
1.8691126110413006e+02 6.3343147157726471e-04
1.8842443356898937e+02 6.3047943093629791e-04
1.8994985618343776e+02 6.2753926590719870e-04
1.9148762812068128e+02 6.2461092872976654e-04
1.9303784935680042e+02 6.2169437183571272e-04
1.9460062067724857e+02 6.1878954784789554e-04
1.9617604368340599e+02 6.1589640957955040e-04
1.9776422079918368e+02 6.1301491003352981e-04
1.9936525527768396e+02 6.1014500240154021e-04
2.0097925120791169e+02 6.0728664006338897e-04
2.0260631352154311e+02 6.0443977658622503e-04
2.0424654799974641e+02 6.0160436572379386e-04
2.0590006128005948e+02 5.9878036141568442e-04
2.0756696086332352e+02 5.9596771778658688e-04
2.0924735512067053e+02 5.9316638914554967e-04
2.1094135330057065e+02 5.9037632998523997e-04
2.1264906553593306e+02 5.8759749498120916e-04
2.1437060285126782e+02 5.8482983899115664e-04
2.1610607716990222e+02 5.8207331705420321e-04
2.1785560132125914e+02 5.7932788439015945e-04
2.1961928904819092e+02 5.7659349639880533e-04
2.2139725501437485e+02 5.7387010865916595e-04
2.2318961481176845e+02 5.7115767692879251e-04
2.2499648496812318e+02 5.6845615714304863e-04
2.2681798295456193e+02 5.6576550541439466e-04
2.2865422719321438e+02 5.6308567803168012e-04
2.3050533706491817e+02 5.6041663145943367e-04
2.3237143291697831e+02 5.5775832233716054e-04
2.3425263607099231e+02 5.5511070747864028e-04
2.3614906883073843e+02 5.5247374387122584e-04
2.3806085449012531e+02 5.4984738867515153e-04
2.3998811734120977e+02 5.4723159922283489e-04
2.4193098268227547e+02 5.4462633301818983e-04
2.4388957682598104e+02 5.4203154773593625e-04
2.4586402710757011e+02 5.3944720122091675e-04
2.4785446189315175e+02 5.3687325148741227e-04
2.4986101058804445e+02 5.3430965671846407e-04
2.5188380364518972e+02 5.3175637526519618e-04
2.5392297257363427e+02 5.2921336564614027e-04
2.5597864994707803e+02 5.2668058654656595e-04
2.5805096941249531e+02 5.2415799681780953e-04
2.6014006569882150e+02 5.2164555547660986e-04
2.6224607462571464e+02 5.1914322170444323e-04
2.6436913311238305e+02 5.1665095484686326e-04
2.6650937918648941e+02 5.1416871441284210e-04
2.6866695199312232e+02 5.1169646007411548e-04
2.7084199180384371e+02 5.0923415166452904e-04
2.7303464002580881e+02 5.0678174917938713e-04
2.7524503921095800e+02 5.0433921277480691e-04
2.7747333306528657e+02 5.0190650276707113e-04
2.7971966645818560e+02 4.9948357963198705e-04
2.8198418543186239e+02 4.9707040400424429e-04
2.8426703721083305e+02 4.9466693667678003e-04
2.8656837021149659e+02 4.9227313860014037e-04
2.8888833405178156e+02 4.8988897088185197e-04
2.9122707956087447e+02 4.8751439478578873e-04
2.9358475878902647e+02 4.8514937173154533e-04
2.9596152501743666e+02 4.8279386329381368e-04
2.9835753276821987e+02 4.8044783120175771e-04
3.0077293781445007e+02 4.7811123733839625e-04
3.0320789719029051e+02 4.7578404373998319e-04
3.0566256920120077e+02 4.7346621259539406e-04
3.0813711343422949e+02 4.7115770624551345e-04
3.1063169076839097e+02 4.6885848718262270e-04
3.1314646338512216e+02 4.6656851804979522e-04
3.1568159477882909e+02 4.6428776164028900e-04
3.1823724976751390e+02 4.6201618089694498e-04
3.2081359450349254e+02 4.5975373891158613e-04
3.2341079648419458e+02 4.5750039892441944e-04
3.2602902456305532e+02 4.5525612432343975e-04
3.2866844896049122e+02 4.5302087864383786e-04
3.3132924127496767e+02 4.5079462556740860e-04
3.3401157449415604e+02 4.4857732892196228e-04
3.3671562300617813e+02 4.4636895268073892e-04
3.3944156261094622e+02 4.4416946096182357e-04
3.4218957053158982e+02 4.4197881802756641e-04
3.4495982542598040e+02 4.3979698828400184e-04
3.4775250739834377e+02 4.3762393628027276e-04
3.5056779801097196e+02 4.3545962670805515e-04
3.5340588029602503e+02 4.3330402440098679e-04
3.5626693876743150e+02 4.3115709433409673e-04
3.5915115943288544e+02 4.2901880162323679e-04
3.6205872980593699e+02 4.2688911152451815e-04
3.6498983891818602e+02 4.2476798943374565e-04
3.6794467733156915e+02 4.2265540088585953e-04
3.7092343715075145e+02 4.2055131155437417e-04
3.7392631203561314e+02 4.1845568725082415e-04
3.7695349721384304e+02 4.1636849392420755e-04
3.8000518949362828e+02 4.1428969766043591e-04
3.8308158727645093e+02 4.1221926468178378e-04
3.8618289056998753e+02 4.1015716134634072e-04
3.8930930100110999e+02 4.0810335414746655e-04
3.9246102182899693e+02 4.0605780971324728e-04
3.9563825795834532e+02 4.0402049480595554e-04
3.9884121595269511e+02 4.0199137632150990e-04
4.0207010404785592e+02 3.9997042128893921e-04
4.0532513216544646e+02 3.9795759686984852e-04
4.0860651192654348e+02 3.9595287035788497e-04
4.1191445666543706e+02 3.9395620917820931e-04
4.1524918144350369e+02 3.9196758088696587e-04
4.1861090306318471e+02 3.8998695317075878e-04
4.2199984008208486e+02 3.8801429384612549e-04
4.2541621282717813e+02 3.8604957085901708e-04
4.2886024340913531e+02 3.8409275228427686e-04
4.3233215573676137e+02 3.8214380632512358e-04
4.3583217553155367e+02 3.8020270131263595e-04
4.3936053034237841e+02 3.7826940570523778e-04
4.4291744956026116e+02 3.7634388808818845e-04
4.4650316443330416e+02 3.7442611717307140e-04
4.5011790808171673e+02 3.7251606179728851e-04
4.5376191551297512e+02 3.7061369092355307e-04
4.5743542363709736e+02 3.6871897363938822e-04
4.6113867128204953e+02 3.6683187915662345e-04
4.6487189920926932e+02 3.6495237681089736e-04
4.6863535012932027e+02 3.6308043606115935e-04
4.7242926871767287e+02 3.6121602648917335e-04
4.7625390163060825e+02 3.5935911779902684e-04
4.8010949752125799e+02 3.5750967981663636e-04
4.8399630705576635e+02 3.5566768248926139e-04
4.8791458292959055e+02 3.5383309588501386e-04
4.9186457988392584e+02 3.5200589019237502e-04
4.9584655472227064e+02 3.5018603571971007e-04
4.9986076632711928e+02 3.4837350289478795e-04
5.0390747567679398e+02 3.4656826226430105e-04
5.0798694586241373e+02 3.4477028449338658e-04
5.1209944210499509e+02 3.4297954036515256e-04
5.1624523177269941e+02 3.4119600078020190e-04
5.2042458439821121e+02 3.3941963675616210e-04
5.2463777169626542e+02 3.3765041942721339e-04
5.2888506758130882e+02 3.3588832004362225e-04
5.3316674818531169e+02 3.3413330997127312e-04
5.3748309187571749e+02 3.3238536069120519e-04
5.4183437927354089e+02 3.3064444379914988e-04
5.4622089327161439e+02 3.2891053100506817e-04
5.5064291905297648e+02 3.2718359413269426e-04
5.5510074410941604e+02 3.2546360511907584e-04
5.5959465826015958e+02 3.2375053601412120e-04
5.6412495367071756e+02 3.2204435898014336e-04
5.6869192487187479e+02 3.2034504629141074e-04
5.7329586877884174e+02 3.1865257033369542e-04
5.7793708471055834e+02 3.1696690360382600e-04
5.8261587440915093e+02 3.1528801870924140e-04
5.8733254205955382e+02 3.1361588836754565e-04
5.9208739430928051e+02 3.1195048540606644e-04
5.9688074028836502e+02 3.1029178276141290e-04
6.0171289162945470e+02 3.0863975347903745e-04
6.0658416248807521e+02 3.0699437071279753e-04
6.1149486956305100e+02 3.0535560772452087e-04
6.1644533211709654e+02 3.0372343788357135e-04
6.2143587199757474e+02 3.0209783466641588e-04
6.2646681365741711e+02 3.0047877165619572e-04
6.3153848417622248e+02 2.9886622254229607e-04
6.3665121328151668e+02 2.9726016111992061e-04
6.4180533337019426e+02 2.9566056128966486e-04
6.4700117953012386e+02 2.9406739705709403e-04
6.5223908956193861e+02 2.9248064253231969e-04
6.5751940400099318e+02 2.9090027192958066e-04
6.6284246613950495e+02 2.8932625956682465e-04
6.6820862204887499e+02 2.8775857986529022e-04
6.7361822060218265e+02 2.8619720734909322e-04
6.7907161349687226e+02 2.8464211664481196e-04
6.8456915527761305e+02 2.8309328248107656e-04
6.9011120335935482e+02 2.8155067968815768e-04
6.9569811805055906e+02 2.8001428319755919e-04
7.0133026257662948e+02 2.7848406804161023e-04
7.0700800310352190e+02 2.7696000935306062e-04
7.1273170876155211e+02 2.7544208236467729e-04
7.1850175166939641e+02 2.7393026240884154e-04
7.2431850695827904e+02 2.7242452491714963e-04
7.3018235279636724e+02 2.7092484542001321e-04
7.3609367041335099e+02 2.6943119954626307e-04
7.4205284412523440e+02 2.6794356302275199e-04
7.4806026135931575e+02 2.6646191167396262e-04
7.5411631267937832e+02 2.6498622142161405e-04
7.6022139181108435e+02 2.6351646828427040e-04
7.6637589566756697e+02 2.6205262837695320e-04
7.7258022437524176e+02 2.6059467791075185e-04
7.7883478129981359e+02 2.5914259319243898e-04
7.8513997307250747e+02 2.5769635062408469e-04
7.9149620961649862e+02 2.5625592670267450e-04
7.9790390417356946e+02 2.5482129801972670e-04
8.0436347333097058e+02 2.5339244126091340e-04
8.1087533704850648e+02 2.5196933320568163e-04
8.1743991868584158e+02 2.5055195072687598e-04
8.2405764503001819e+02 2.4914027079036416e-04
8.3072894632321072e+02 2.4773427045466170e-04
8.3745425629068995e+02 2.4633392687056104e-04
8.4423401216902789e+02 2.4493921728075920e-04
8.5106865473451796e+02 2.4355011901948948e-04
8.5795862833183730e+02 2.4216660951215235e-04
8.6490438090293003e+02 2.4078866627495014e-04
8.7190636401613165e+02 2.3941626691452144e-04
8.7896503289552993e+02 2.3804938912757700e-04
8.8608084645055442e+02 2.3668801070053896e-04
8.9325426730581921e+02 2.3533210950917857e-04
9.0048576183119212e+02 2.3398166351825875e-04
9.0777580017212279e+02 2.3263665078117460e-04
9.1512485628020102e+02 2.3129704943959881e-04
9.2253340794397729e+02 2.2996283772312495e-04
9.3000193682001941e+02 2.2863399394891564e-04
9.3753092846422908e+02 2.2731049652134971e-04
9.4512087236341301e+02 2.2599232393167128e-04
9.5277226196709876e+02 2.2467945475764152e-04
9.6048559471962426e+02 2.2337186766318944e-04
9.6826137209247008e+02 2.2206954139806706e-04
9.7610009961686978e+02 2.2077245479750295e-04
9.8400228691666985e+02 2.1948058678185960e-04
9.9196844774146462e+02 2.1819391635629067e-04
9.9999910000000011e+02 2.1691242261039976e-04
1.0029990973000000e+03 2.1643765037390565e-04
1.0059990946000000e+03 2.1596500343750897e-04
1.0089990919000001e+03 2.1549446599200659e-04
1.0119990892000000e+03 2.1502602239234416e-04
1.0149990865000000e+03 2.1455965715543105e-04
1.0179990838000000e+03 2.1409535495799133e-04
1.0209990811000000e+03 2.1363310063444871e-04
1.0239990784000000e+03 2.1317287917484615e-04
1.0269990757000000e+03 2.1271467572279897e-04
1.0299990730000000e+03 2.1225847557348017e-04
1.0329990703000001e+03 2.1180426417163856e-04
1.0359990676000000e+03 2.1135202710964818e-04
1.0389990648999999e+03 2.1090175012558891e-04
1.0419990622000000e+03 2.1045341910135720e-04
1.0449990594999999e+03 2.1000702006080703e-04
1.0479990568000001e+03 2.0956253916791964e-04
1.0509990541000000e+03 2.0911996272500287e-04
1.0539990514000001e+03 2.0867927717091756e-04
1.0569990487000000e+03 2.0824046907933275e-04
1.0599990459999999e+03 2.0780352515700737e-04
1.0629990433000000e+03 2.0736843224209873e-04
1.0659990405999999e+03 2.0693517730249752e-04
1.0689990379000001e+03 2.0650374743418827e-04
1.0719990352000000e+03 2.0607412985963500e-04
1.0749990325000001e+03 2.0564631192619183e-04
1.0779990298000000e+03 2.0522028110453791e-04
1.0809990270999999e+03 2.0479602498713631e-04
1.0839990244000001e+03 2.0437353128671592e-04
1.0869990217000000e+03 2.0395278783477732e-04
1.0899990190000001e+03 2.0353378258012043e-04
1.0929990163000000e+03 2.0311650358739470e-04
1.0959990136000001e+03 2.0270093903567129e-04
1.0989990109000000e+03 2.0228707721703653e-04
1.1019990081999999e+03 2.0187490653520657e-04
1.1049990055000001e+03 2.0146441550416240e-04
1.1079990028000000e+03 2.0105559274680588e-04
1.1109990001000001e+03 2.0064842699363494e-04
1.1139989974000000e+03 2.0024290708143912e-04
1.1169989946999999e+03 1.9983902195201377e-04
1.1199989920000000e+03 1.9943676065089383e-04
1.1229989892999999e+03 1.9903611232610570e-04
1.1259989866000001e+03 1.9863706622693766e-04
1.1289989839000000e+03 1.9823961170272844e-04
1.1319989812000001e+03 1.9784373820167284e-04
1.1349989785000000e+03 1.9744943526964551e-04
1.1379989757999999e+03 1.9705669254904131e-04
1.1409989731000001e+03 1.9666549977763239e-04
1.1439989704000000e+03 1.9627584678744240e-04
1.1469989677000001e+03 1.9588772350363588e-04
1.1499989650000000e+03 1.9550111994342452e-04
1.1529989623000001e+03 1.9511602621498866e-04
1.1559989596000000e+03 1.9473243251641410e-04
1.1589989568999999e+03 1.9435032913464457e-04
1.1619989542000001e+03 1.9396970644444821e-04
1.1649989515000000e+03 1.9359055490739981e-04
1.1679989488000001e+03 1.9321286507087619e-04
1.1709989461000000e+03 1.9283662756706702e-04
1.1739989433999999e+03 1.9246183311199858e-04
1.1769989407000000e+03 1.9208847250457147e-04
1.1799989380000000e+03 1.9171653662561220e-04
1.1829989353000001e+03 1.9134601643693738e-04
1.1859989326000000e+03 1.9097690298043154e-04
1.1889989299000001e+03 1.9060918737713711e-04
1.1919989272000000e+03 1.9024286082635779e-04
1.1949989244999999e+03 1.8987791460477348e-04
1.1979989218000001e+03 1.8951434006556802e-04
1.2009989191000000e+03 1.8915212863756866e-04
1.2039989164000001e+03 1.8879127182439736e-04
1.2069989137000000e+03 1.8843176120363373e-04
1.2099989110000001e+03 1.8807358842598936e-04
1.2129989083000000e+03 1.8771674521449340e-04
1.2159989055999999e+03 1.8736122336368924e-04
1.2189989029000001e+03 1.8700701473884203e-04
1.2219989002000000e+03 1.8665411127515681e-04
1.2249988975000001e+03 1.8630250497700743e-04
1.2279988948000000e+03 1.8595218791717558e-04
1.2309988920999999e+03 1.8560315223610014e-04
1.2339988894000001e+03 1.8525539014113657e-04
1.2369988867000000e+03 1.8490889390582619e-04
1.2399988840000001e+03 1.8456365586917519e-04
1.2429988813000000e+03 1.8421966843494328e-04
1.2459988786000001e+03 1.8387692407094137e-04
1.2489988759000000e+03 1.8353541530833923e-04
1.2519988731999999e+03 1.8319513474098170e-04
1.2549988705000001e+03 1.8285607502471416e-04
1.2579988678000000e+03 1.8251822887671676e-04
1.2609988651000001e+03 1.8218158907484734e-04
1.2639988624000000e+03 1.8184614845699322e-04
1.2669988597000001e+03 1.8151189992043090e-04
1.2699988570000000e+03 1.8117883642119464e-04
1.2729988542999999e+03 1.8084695097345265e-04
1.2759988516000001e+03 1.8051623664889227e-04
1.2789988489000000e+03 1.8018668657611168e-04
1.2819988462000001e+03 1.7985829394002106e-04
1.2849988435000000e+03 1.7953105198125006e-04
1.2879988407999999e+03 1.7920495399556381e-04
1.2909988381000001e+03 1.7887999333328580e-04
1.2939988354000000e+03 1.7855616339872854e-04
1.2969988327000001e+03 1.7823345764963097e-04
1.2999988300000000e+03 1.7791186959660395e-04
1.3029988273000001e+03 1.7759139280258153e-04
1.3059988246000000e+03 1.7727202088227992e-04
1.3089988218999999e+03 1.7695374750166339e-04
1.3119988192000001e+03 1.7663656637741660e-04
1.3149988165000000e+03 1.7632047127642331e-04
1.3179988138000001e+03 1.7600545601525219e-04
1.3209988111000000e+03 1.7569151445964864e-04
1.3239988084000001e+03 1.7537864052403327e-04
1.3269988057000000e+03 1.7506682817100612e-04
1.3299988030000000e+03 1.7475607141085770e-04
1.3329988003000001e+03 1.7444636430108553e-04
1.3359987976000000e+03 1.7413770094591675e-04
1.3389987949000001e+03 1.7383007549583705e-04
1.3419987922000000e+03 1.7352348214712471e-04
1.3449987895000002e+03 1.7321791514139114e-04
1.3479987868000001e+03 1.7291336876512609e-04
1.3509987841000000e+03 1.7260983734924943e-04
1.3539987814000001e+03 1.7230731526866766e-04
1.3569987787000000e+03 1.7200579694183623e-04
1.3599987760000001e+03 1.7170527683032670e-04
1.3629987733000000e+03 1.7140574943840000e-04
1.3659987705999999e+03 1.7110720931258377e-04
1.3689987679000001e+03 1.7080965104125561e-04
1.3719987652000000e+03 1.7051306925423108e-04
1.3749987625000001e+03 1.7021745862235644e-04
1.3779987598000000e+03 1.6992281385710674e-04
1.3809987571000001e+03 1.6962912971018823e-04
1.3839987544000001e+03 1.6933640097314568e-04
1.3869987517000000e+03 1.6904462247697475e-04
1.3899987490000001e+03 1.6875378909173819e-04
1.3929987463000000e+03 1.6846389572618730e-04
1.3959987436000001e+03 1.6817493732738749e-04
1.3989987409000000e+03 1.6788690888034852e-04
1.4019987382000002e+03 1.6759980540765874e-04
1.4049987355000001e+03 1.6731362196912382e-04
1.4079987328000000e+03 1.6702835366140984e-04
1.4109987301000001e+03 1.6674399561769054e-04
1.4139987274000000e+03 1.6646054300729831e-04
1.4169987247000001e+03 1.6617799103537948e-04
1.4199987220000000e+03 1.6589633494255423e-04
1.4229987192999999e+03 1.6561557000457916e-04
1.4259987166000001e+03 1.6533569153201480e-04
1.4289987139000000e+03 1.6505669486989685e-04
1.4319987112000001e+03 1.6477857539741052e-04
1.4349987085000000e+03 1.6450132852756946e-04
1.4379987058000002e+03 1.6422494970689795e-04
1.4409987031000001e+03 1.6394943441511674e-04
1.4439987004000000e+03 1.6367477816483253e-04
1.4469986977000001e+03 1.6340097650123094e-04
1.4499986950000000e+03 1.6312802500177337e-04
1.4529986923000001e+03 1.6285591927589626e-04
1.4559986896000000e+03 1.6258465496471537e-04
1.4589986869000002e+03 1.6231422774073184e-04
1.4619986842000001e+03 1.6204463330754239e-04
1.4649986815000000e+03 1.6177586739955286e-04
1.4679986788000001e+03 1.6150792578169439e-04
1.4709986761000000e+03 1.6124080424914338e-04
1.4739986734000001e+03 1.6097449862704423e-04
1.4769986707000000e+03 1.6070900477023549e-04
1.4799986680000002e+03 1.6044431856297844e-04
1.4829986653000001e+03 1.6018043591868960e-04
1.4859986626000000e+03 1.5991735277967543e-04
1.4889986599000001e+03 1.5965506511687031e-04
1.4919986572000000e+03 1.5939356892957741e-04
1.4949986545000002e+03 1.5913286024521247e-04
1.4979986518000001e+03 1.5887293511905026e-04
1.5009986491000000e+03 1.5861378963397379e-04
1.5039986464000001e+03 1.5835541990022646e-04
1.5069986437000000e+03 1.5809782205516697e-04
1.5099986410000001e+03 1.5784099226302657e-04
1.5129986383000000e+03 1.5758492671466912e-04
1.5159986356000002e+03 1.5732962162735424e-04
1.5189986329000001e+03 1.5707507324450208e-04
1.5219986302000000e+03 1.5682127783546145e-04
1.5249986275000001e+03 1.5656823169528006e-04
1.5279986248000000e+03 1.5631593114447760e-04
1.5309986221000001e+03 1.5606437252882056e-04
1.5339986194000001e+03 1.5581355221910051e-04
1.5369986167000002e+03 1.5556346661091365e-04
1.5399986140000001e+03 1.5531411212444364e-04
1.5429986113000000e+03 1.5506548520424629e-04
1.5459986086000001e+03 1.5481758231903649e-04
1.5489986059000000e+03 1.5457039996147763e-04
1.5519986032000002e+03 1.5432393464797329e-04
1.5549986005000001e+03 1.5407818291846093e-04
1.5579985978000000e+03 1.5383314133620793e-04
1.5609985951000001e+03 1.5358880648760965e-04
1.5639985924000000e+03 1.5334517498198980e-04
1.5669985897000001e+03 1.5310224345140271e-04
1.5699985870000000e+03 1.5286000855043794e-04
1.5729985843000002e+03 1.5261846695602651e-04
1.5759985816000001e+03 1.5237761536724973e-04
1.5789985789000000e+03 1.5213745050514968e-04
1.5819985762000001e+03 1.5189796911254150e-04
1.5849985735000000e+03 1.5165916795382804e-04
1.5879985708000002e+03 1.5142104381481625e-04
1.5909985681000001e+03 1.5118359350253544e-04
1.5939985654000002e+03 1.5094681384505737e-04
1.5969985627000001e+03 1.5071070169131857e-04
1.5999985600000000e+03 1.5047525391094374e-04
1.6029985573000001e+03 1.5024046739407201e-04
1.6059985546000000e+03 1.5000633905118394e-04
1.6089985519000002e+03 1.4977286581293104e-04
1.6119985492000001e+03 1.4954004462996659e-04
1.6149985465000000e+03 1.4930787247277854e-04
1.6179985438000001e+03 1.4907634633152384e-04
1.6209985411000000e+03 1.4884546321586455e-04
1.6239985384000001e+03 1.4861522015480573e-04
1.6269985357000000e+03 1.4838561419653465e-04
1.6299985330000002e+03 1.4815664240826209e-04
1.6329985303000001e+03 1.4792830187606494e-04
1.6359985276000000e+03 1.4770058970473021e-04
1.6389985249000001e+03 1.4747350301760122e-04
1.6419985222000000e+03 1.4724703895642479e-04
1.6449985195000002e+03 1.4702119468120004e-04
1.6479985168000001e+03 1.4679596737002899e-04
1.6509985141000002e+03 1.4657135421896833e-04
1.6539985114000001e+03 1.4634735244188293e-04
1.6569985087000000e+03 1.4612395927030057e-04
1.6599985060000001e+03 1.4590117195326826e-04
1.6629985033000000e+03 1.4567898775721003e-04
1.6659985006000002e+03 1.4545740396578602e-04
1.6689984979000001e+03 1.4523641787975286e-04
1.6719984952000000e+03 1.4501602681682590e-04
1.6749984925000001e+03 1.4479622811154215e-04
1.6779984898000000e+03 1.4457701911512494e-04
1.6809984871000001e+03 1.4435839719534999e-04
1.6839984844000001e+03 1.4414035973641257e-04
1.6869984817000002e+03 1.4392290413879608e-04
1.6899984790000001e+03 1.4370602781914183e-04
1.6929984763000000e+03 1.4348972821012014e-04
1.6959984736000001e+03 1.4327400276030271e-04
1.6989984709000000e+03 1.4305884893403637e-04
1.7019984682000002e+03 1.4284426421131753e-04
1.7049984655000001e+03 1.4263024608766872e-04
1.7079984628000002e+03 1.4241679207401521e-04
1.7109984601000001e+03 1.4220389969656400e-04
1.7139984574000000e+03 1.4199156649668314e-04
1.7169984547000001e+03 1.4177979003078236e-04
1.7199984520000000e+03 1.4156856787019521e-04
1.7229984493000002e+03 1.4135789760106186e-04
1.7259984466000001e+03 1.4114777682421359e-04
1.7289984439000002e+03 1.4093820315505743e-04
1.7319984412000001e+03 1.4072917422346316e-04
1.7349984385000000e+03 1.4052068767365022e-04
1.7379984358000002e+03 1.4031274116407648e-04
1.7409984331000001e+03 1.4010533236732777e-04
1.7439984304000002e+03 1.3989845897000830e-04
1.7469984277000001e+03 1.3969211867263250e-04
1.7499984250000000e+03 1.3948630918951760e-04
1.7529984223000001e+03 1.3928102824867694e-04
1.7559984196000000e+03 1.3907627359171536e-04
1.7589984169000002e+03 1.3887204297372422e-04
1.7619984142000001e+03 1.3866833416317827e-04
1.7649984115000002e+03 1.3846514494183311e-04
1.7679984088000001e+03 1.3826247310462400e-04
1.7709984061000000e+03 1.3806031645956511e-04
1.7739984034000001e+03 1.3785867282764997e-04
1.7769984007000000e+03 1.3765754004275299e-04
1.7799983980000002e+03 1.3745691595153152e-04
1.7829983953000001e+03 1.3725679841332915e-04
1.7859983926000002e+03 1.3705718530007975e-04
1.7889983899000001e+03 1.3685807449621246e-04
1.7919983872000000e+03 1.3665946389855739e-04
1.7949983845000002e+03 1.3646135141625248e-04
1.7979983818000001e+03 1.3626373497065090e-04
1.8009983791000002e+03 1.3606661249522962e-04
1.8039983764000001e+03 1.3586998193549846e-04
1.8069983737000000e+03 1.3567384124891030e-04
1.8099983710000001e+03 1.3547818840477178e-04
1.8129983683000000e+03 1.3528302138415539e-04
1.8159983656000002e+03 1.3508833817981144e-04
1.8189983629000001e+03 1.3489413679608172e-04
1.8219983602000002e+03 1.3470041524881363e-04
1.8249983575000001e+03 1.3450717156527454e-04
1.8279983548000000e+03 1.3431440378406810e-04
1.8309983521000001e+03 1.3412210995505014e-04
1.8339983494000001e+03 1.3393028813924593e-04
1.8369983467000002e+03 1.3373893640876813e-04
1.8399983440000001e+03 1.3354805284673539e-04
1.8429983413000002e+03 1.3335763554719166e-04
1.8459983386000001e+03 1.3316768261502622e-04
1.8489983359000000e+03 1.3297819216589459e-04
1.8519983332000002e+03 1.3278916232613999e-04
1.8549983305000001e+03 1.3260059123271537e-04
1.8579983278000002e+03 1.3241247703310650e-04
1.8609983251000001e+03 1.3222481788525536e-04
1.8639983224000002e+03 1.3203761195748455e-04
1.8669983197000001e+03 1.3185085742842208e-04
1.8699983170000000e+03 1.3166455248692698e-04
1.8729983143000002e+03 1.3147869533201539e-04
1.8759983116000001e+03 1.3129328417278786e-04
1.8789983089000002e+03 1.3110831722835625e-04
1.8819983062000001e+03 1.3092379272777247e-04
1.8849983035000000e+03 1.3073970890995694e-04
1.8879983008000002e+03 1.3055606402362799e-04
1.8909982981000001e+03 1.3037285632723202e-04
1.8939982954000002e+03 1.3019008408887410e-04
1.8969982927000001e+03 1.3000774558624920e-04
1.8999982900000002e+03 1.2982583910657394e-04
1.9029982873000001e+03 1.2964436294651911e-04
1.9059982846000000e+03 1.2946331541214263e-04
1.9089982819000002e+03 1.2928269481882331e-04
1.9119982792000001e+03 1.2910249949119471e-04
1.9149982765000002e+03 1.2892272776308006e-04
1.9179982738000001e+03 1.2874337797742761e-04
1.9209982711000002e+03 1.2856444848624628e-04
1.9239982684000001e+03 1.2838593765054226e-04
1.9269982657000000e+03 1.2820784384025589e-04
1.9299982630000002e+03 1.2803016543419895e-04
1.9329982603000001e+03 1.2785290081999303e-04
1.9359982576000002e+03 1.2767604839400778e-04
1.9389982549000001e+03 1.2749960656130031e-04
1.9419982522000000e+03 1.2732357373555414e-04
1.9449982495000002e+03 1.2714794833902017e-04
1.9479982468000001e+03 1.2697272880245653e-04
1.9509982441000002e+03 1.2679791356507014e-04
1.9539982414000001e+03 1.2662350107445813e-04
1.9569982387000002e+03 1.2644948978654999e-04
1.9599982360000001e+03 1.2627587816555012e-04
1.9629982333000000e+03 1.2610266468388094e-04
1.9659982306000002e+03 1.2592984782212643e-04
1.9689982279000001e+03 1.2575742606897616e-04
1.9719982252000002e+03 1.2558539792116986e-04
1.9749982225000001e+03 1.2541376188344205e-04
1.9779982198000002e+03 1.2524251646846784e-04
1.9809982171000001e+03 1.2507166019680869e-04
1.9839982144000001e+03 1.2490119159685846e-04
1.9869982117000002e+03 1.2473110920479066e-04
1.9899982090000001e+03 1.2456141156450522e-04
1.9929982063000002e+03 1.2439209722757636e-04
1.9959982036000001e+03 1.2422316475320055e-04
1.9989982009000000e+03 1.2405461270814522e-04
2.0019981982000002e+03 1.2388643966669728e-04
2.0049981955000001e+03 1.2371864421061303e-04
2.0079981928000002e+03 1.2355122492906738e-04
2.0109981901000001e+03 1.2338418041860446e-04
2.0139981874000002e+03 1.2321750928308791e-04
2.0169981847000001e+03 1.2305121013365199e-04
2.0199981820000000e+03 1.2288528158865302e-04
2.0229981793000002e+03 1.2271972227362101e-04
2.0259981766000001e+03 1.2255453082121211e-04
2.0289981739000002e+03 1.2238970587116082e-04
2.0319981712000001e+03 1.2222524607023328e-04
2.0349981685000002e+03 1.2206115007218045e-04
2.0379981658000002e+03 1.2189741653769176e-04
2.0409981631000001e+03 1.2173404413434929e-04
2.0439981604000002e+03 1.2157103153658230e-04
2.0469981577000001e+03 1.2140837742562186e-04
2.0499981550000002e+03 1.2124608048945630e-04
2.0529981523000001e+03 1.2108413942278649e-04
2.0559981496000000e+03 1.2092255292698193e-04
2.0589981468999999e+03 1.2076131971003691e-04
2.0619981442000003e+03 1.2060043848652718e-04
2.0649981415000002e+03 1.2043990797756705e-04
2.0679981388000001e+03 1.2027972691076627e-04
2.0709981361000000e+03 1.2011989402018806e-04
2.0739981334000004e+03 1.1996040804630703e-04
2.0769981307000003e+03 1.1980126773596736e-04
2.0799981280000002e+03 1.1964247184234153e-04
2.0829981253000001e+03 1.1948401912488925e-04
2.0859981226000000e+03 1.1932590834931681e-04
2.0889981199000003e+03 1.1916813828753670e-04
2.0919981172000003e+03 1.1901070771762741e-04
2.0949981145000002e+03 1.1885361542379395e-04
2.0979981118000001e+03 1.1869686019632808e-04
2.1009981091000000e+03 1.1854044083156949e-04
2.1039981064000003e+03 1.1838435613186672e-04
2.1069981037000002e+03 1.1822860490553890e-04
2.1099981010000001e+03 1.1807318596683744e-04
2.1129980983000000e+03 1.1791809813590784e-04
2.1159980955999999e+03 1.1776334023875261e-04
2.1189980929000003e+03 1.1760891110719351e-04
2.1219980902000002e+03 1.1745480957883464e-04
2.1249980875000001e+03 1.1730103449702577e-04
2.1279980848000000e+03 1.1714758471082579e-04
2.1309980821000004e+03 1.1699445907496646e-04
2.1339980794000003e+03 1.1684165644981686e-04
2.1369980767000002e+03 1.1668917570134726e-04
2.1399980740000001e+03 1.1653701570109415e-04
2.1429980713000000e+03 1.1638517532612500e-04
2.1459980686000004e+03 1.1623365345900343e-04
2.1489980659000003e+03 1.1608244898775486e-04
2.1519980632000002e+03 1.1593156080583203e-04
2.1549980605000001e+03 1.1578098781208109e-04
2.1579980578000000e+03 1.1563072891070778e-04
2.1609980551000003e+03 1.1548078301124407e-04
2.1639980524000002e+03 1.1533114902851469e-04
2.1669980497000001e+03 1.1518182588260449e-04
2.1699980470000000e+03 1.1503281249882524e-04
2.1729980442999999e+03 1.1488410780768373e-04
2.1759980416000003e+03 1.1473571074484887e-04
2.1789980389000002e+03 1.1458762025112030e-04
2.1819980362000001e+03 1.1443983527239622e-04
2.1849980335000000e+03 1.1429235475964215e-04
2.1879980308000004e+03 1.1414517766885935e-04
2.1909980281000003e+03 1.1399830296105410e-04
2.1939980254000002e+03 1.1385172960220685e-04
2.1969980227000001e+03 1.1370545656324128e-04
2.1999980200000000e+03 1.1355948281999445e-04
2.2029980173000004e+03 1.1341380735318633e-04
2.2059980146000003e+03 1.1326842914839014e-04
2.2089980119000002e+03 1.1312334719600252e-04
2.2119980092000001e+03 1.1297856049121415e-04
2.2149980065000000e+03 1.1283406803398048e-04
2.2179980038000003e+03 1.1268986882899276e-04
2.2209980011000002e+03 1.1254596188564931e-04
2.2239979984000001e+03 1.1240234621802677e-04
2.2269979957000000e+03 1.1225902084485187e-04
2.2299979930000000e+03 1.1211598478947313e-04
2.2329979903000003e+03 1.1197323707983318e-04
2.2359979876000002e+03 1.1183077674844069e-04
2.2389979849000001e+03 1.1168860283234298e-04
2.2419979822000000e+03 1.1154671437309878e-04
2.2449979795000004e+03 1.1140511041675084e-04
2.2479979768000003e+03 1.1126379001379930e-04
2.2509979741000002e+03 1.1112275221917468e-04
2.2539979714000001e+03 1.1098199609221152e-04
2.2569979687000000e+03 1.1084152069662182e-04
2.2599979660000004e+03 1.1070132510046922e-04
2.2629979633000003e+03 1.1056140837614268e-04
2.2659979606000002e+03 1.1042176960033094e-04
2.2689979579000001e+03 1.1028240785399674e-04
2.2719979552000000e+03 1.1014332222235163e-04
2.2749979525000003e+03 1.1000451179483053e-04
2.2779979498000002e+03 1.0986597566506693e-04
2.2809979471000001e+03 1.0972771293086776e-04
2.2839979444000001e+03 1.0958972269418904e-04
2.2869979417000000e+03 1.0945200406111095e-04
2.2899979390000003e+03 1.0931455614181402e-04
2.2929979363000002e+03 1.0917737805055450e-04
2.2959979336000001e+03 1.0904046890564077e-04
2.2989979309000000e+03 1.0890382782940929e-04
2.3019979282000004e+03 1.0876745394820101e-04
2.3049979255000003e+03 1.0863134639233808e-04
2.3079979228000002e+03 1.0849550429610033e-04
2.3109979201000001e+03 1.0835992679770229e-04
2.3139979174000000e+03 1.0822461303927014e-04
2.3169979147000004e+03 1.0808956216681898e-04
2.3199979120000003e+03 1.0795477333023021e-04
2.3229979093000002e+03 1.0782024568322886e-04
2.3259979066000001e+03 1.0768597838336153e-04
2.3289979039000000e+03 1.0755197059197421e-04
2.3319979012000003e+03 1.0741822147418993e-04
2.3349978985000002e+03 1.0728473019888755e-04
2.3379978958000002e+03 1.0715149593867929e-04
2.3409978931000001e+03 1.0701851786988985e-04
2.3439978904000000e+03 1.0688579517253480e-04
2.3469978877000003e+03 1.0675332703029908e-04
2.3499978850000002e+03 1.0662111263051644e-04
2.3529978823000001e+03 1.0648915116414797e-04
2.3559978796000000e+03 1.0635744182576163e-04
2.3589978769000004e+03 1.0622598381351153e-04
2.3619978742000003e+03 1.0609477632911748e-04
2.3649978715000002e+03 1.0596381857784437e-04
2.3679978688000001e+03 1.0583310976848230e-04
2.3709978661000000e+03 1.0570264911332635e-04
2.3739978634000004e+03 1.0557243582815653e-04
2.3769978607000003e+03 1.0544246913221819e-04
2.3799978580000002e+03 1.0531274824820229e-04
2.3829978553000001e+03 1.0518327240222578e-04
2.3859978526000000e+03 1.0505404082381216e-04
2.3889978499000003e+03 1.0492505274587260e-04
2.3919978472000003e+03 1.0479630740468631e-04
2.3949978445000002e+03 1.0466780403988196e-04
2.3979978418000001e+03 1.0453954189441852e-04
2.4009978391000004e+03 1.0441152021456675e-04
2.4039978364000003e+03 1.0428373824989045e-04
2.4069978337000002e+03 1.0415619525322817e-04
2.4099978310000001e+03 1.0402889048067443e-04
2.4129978283000000e+03 1.0390182319156215e-04
2.4159978256000004e+03 1.0377499264844398e-04
2.4189978229000003e+03 1.0364839811707454e-04
2.4219978202000002e+03 1.0352203886639275e-04
2.4249978175000001e+03 1.0339591416850370e-04
2.4279978148000000e+03 1.0327002329866139e-04
2.4309978121000004e+03 1.0314436553525108e-04
2.4339978094000003e+03 1.0301894015977194e-04
2.4369978067000002e+03 1.0289374645681970e-04
2.4399978040000001e+03 1.0276878371406988e-04
2.4429978013000000e+03 1.0264405122226011e-04
2.4459977986000004e+03 1.0251954827517394e-04
2.4489977959000003e+03 1.0239527416962359e-04
2.4519977932000002e+03 1.0227122820543340e-04
2.4549977905000001e+03 1.0214740968542320e-04
2.4579977878000004e+03 1.0202381791539200e-04
2.4609977851000003e+03 1.0190045220410149e-04
2.4639977824000002e+03 1.0177731186325995e-04
2.4669977797000001e+03 1.0165439620750588e-04
2.4699977770000000e+03 1.0153170455439234e-04
2.4729977743000004e+03 1.0140923622437064e-04
2.4759977716000003e+03 1.0128699054077480e-04
2.4789977689000002e+03 1.0116496682980587e-04
2.4819977662000001e+03 1.0104316442051601e-04
2.4849977635000000e+03 1.0092158264479343e-04
2.4879977608000004e+03 1.0080022083734664e-04
2.4909977581000003e+03 1.0067907833568942e-04
2.4939977554000002e+03 1.0055815448012537e-04
2.4969977527000001e+03 1.0043744861373316e-04
2.4999977500000000e+03 1.0031696008235116e-04
2.5029977473000004e+03 1.0019668823456285e-04
2.5059977446000003e+03 1.0007663242168195e-04
2.5089977419000002e+03 9.9956791997737524e-05
2.5119977392000001e+03 9.9837166319459751e-05
2.5149977365000004e+03 9.9717754746265032e-05
2.5179977338000003e+03 9.9598556640241934e-05
2.5209977311000002e+03 9.9479571366136655e-05
2.5239977284000001e+03 9.9360798291338914e-05
2.5269977257000000e+03 9.9242236785867602e-05
2.5299977230000004e+03 9.9123886222357102e-05
2.5329977203000003e+03 9.9005745976043136e-05
2.5359977176000002e+03 9.8887815424748872e-05
2.5389977149000001e+03 9.8770093948871365e-05
2.5419977122000000e+03 9.8652580931367522e-05
2.5449977095000004e+03 9.8535275757741028e-05
2.5479977068000003e+03 9.8418177816028414e-05
2.5509977041000002e+03 9.8301286496785774e-05
2.5539977014000001e+03 9.8184601193075541e-05
2.5569976987000000e+03 9.8068121300453226e-05
2.5599976960000004e+03 9.7951846216954105e-05
2.5629976933000003e+03 9.7835775343080403e-05
2.5659976906000002e+03 9.7719908081788059e-05
2.5689976879000001e+03 9.7604243838474039e-05
2.5719976852000004e+03 9.7488782020963406e-05
2.5749976825000003e+03 9.7373522039496583e-05
2.5779976798000002e+03 9.7258463306716813e-05
2.5809976771000001e+03 9.7143605237657438e-05
2.5839976744000001e+03 9.7028947249729454e-05
2.5869976717000004e+03 9.6914488762709153e-05
2.5899976690000003e+03 9.6800229198725816e-05
2.5929976663000002e+03 9.6686167982249274e-05
2.5959976636000001e+03 9.6572304540078007e-05
2.5989976609000000e+03 9.6458638301326796e-05
2.6019976582000004e+03 9.6345168697414775e-05
2.6049976555000003e+03 9.6231895162053702e-05
2.6079976528000002e+03 9.6118817131235672e-05
2.6109976501000001e+03 9.6005934043221714e-05
2.6139976474000000e+03 9.5893245338529831e-05
2.6169976447000004e+03 9.5780750459923379e-05
2.6199976420000003e+03 9.5668448852399767e-05
2.6229976393000002e+03 9.5556339963178517e-05
2.6259976366000001e+03 9.5444423241690057e-05
2.6289976339000004e+03 9.5332698139564525e-05
2.6319976312000003e+03 9.5221164110620210e-05
2.6349976285000002e+03 9.5109820610852437e-05
2.6379976258000002e+03 9.4998667098422469e-05
2.6409976231000001e+03 9.4887703033646423e-05
2.6439976204000004e+03 9.4776927878984193e-05
2.6469976177000003e+03 9.4666341099028598e-05
2.6499976150000002e+03 9.4555942160494429e-05
2.6529976123000001e+03 9.4445730532207760e-05
2.6559976096000000e+03 9.4335705685095114e-05
2.6589976069000004e+03 9.4225867092172734e-05
2.6619976042000003e+03 9.4116214228536283e-05
2.6649976015000002e+03 9.4006746571349942e-05
2.6679975988000001e+03 9.3897463599836159e-05
2.6709975961000000e+03 9.3788364795265193e-05
2.6739975934000004e+03 9.3679449640944726e-05
2.6769975907000003e+03 9.3570717622209649e-05
2.6799975880000002e+03 9.3462168226411866e-05
2.6829975853000001e+03 9.3353800942909989e-05
2.6859975826000004e+03 9.3245615263059446e-05
2.6889975799000003e+03 9.3137610680202424e-05
2.6919975772000003e+03 9.3029786689657624e-05
2.6949975745000002e+03 9.2922142788710871e-05
2.6979975718000001e+03 9.2814678476604756e-05
2.7009975691000004e+03 9.2707393254529125e-05
2.7039975664000003e+03 9.2600286625611362e-05
2.7069975637000002e+03 9.2493358094906643e-05
2.7099975610000001e+03 9.2386607169388300e-05
2.7129975583000000e+03 9.2280033357938391e-05
2.7159975556000004e+03 9.2173636171338089e-05
2.7189975529000003e+03 9.2067415122258316e-05
2.7219975502000002e+03 9.1961369725250465e-05
2.7249975475000001e+03 9.1855499496736786e-05
2.7279975448000005e+03 9.1749803955001440e-05
2.7309975421000004e+03 9.1644282620181170e-05
2.7339975394000003e+03 9.1538935014256074e-05
2.7369975367000002e+03 9.1433760661040642e-05
2.7399975340000001e+03 9.1328759086174632e-05
2.7429975313000004e+03 9.1223929817114068e-05
2.7459975286000004e+03 9.1119272383122492e-05
2.7489975259000003e+03 9.1014786315261770e-05
2.7519975232000002e+03 9.0910471146383526e-05
2.7549975205000001e+03 9.0806326411120298e-05
2.7579975178000004e+03 9.0702351645876724e-05
2.7609975151000003e+03 9.0598546388821058e-05
2.7639975124000002e+03 9.0494910179876405e-05
2.7669975097000001e+03 9.0391442560712167e-05
2.7699975070000000e+03 9.0288143074735653e-05
2.7729975043000004e+03 9.0185011267083395e-05
2.7759975016000003e+03 9.0082046684613012e-05
2.7789974989000002e+03 8.9979248875894638e-05
2.7819974962000001e+03 8.9876617391202661e-05
2.7849974935000005e+03 8.9774151782507432e-05
2.7879974908000004e+03 8.9671851603467299e-05
2.7909974881000003e+03 8.9569716409419997e-05
2.7939974854000002e+03 8.9467745757374869e-05
2.7969974827000001e+03 8.9365939206004699e-05
2.7999974800000005e+03 8.9264296315637681e-05
2.8029974773000004e+03 8.9162816648249443e-05
2.8059974746000003e+03 8.9061499767455142e-05
2.8089974719000002e+03 8.8960345238501526e-05
2.8119974692000001e+03 8.8859352628259177e-05
2.8149974665000004e+03 8.8758521505214697e-05
2.8179974638000003e+03 8.8657851439462909e-05
2.8209974611000002e+03 8.8557342002699191e-05
2.8239974584000001e+03 8.8456992768211898e-05
2.8269974557000000e+03 8.8356803310874613e-05
2.8299974530000004e+03 8.8256773207138659e-05
2.8329974503000003e+03 8.8156902035025695e-05
2.8359974476000002e+03 8.8057189374119970e-05
2.8389974449000001e+03 8.7957634805561143e-05
2.8419974422000005e+03 8.7858237912036668e-05
2.8449974395000004e+03 8.7758998277774717e-05
2.8479974368000003e+03 8.7659915488536686e-05
2.8509974341000002e+03 8.7560989131609893e-05
2.8539974314000001e+03 8.7462218795800526e-05
2.8569974287000005e+03 8.7363604071426327e-05
2.8599974260000004e+03 8.7265144550309587e-05
2.8629974233000003e+03 8.7166839825769852e-05
2.8659974206000002e+03 8.7068689492617095e-05
2.8689974179000001e+03 8.6970693147144461e-05
2.8719974152000004e+03 8.6872850387121592e-05
2.8749974125000003e+03 8.6775160811787398e-05
2.8779974098000002e+03 8.6677624021843337e-05
2.8809974071000001e+03 8.6580239619446506e-05
2.8839974044000001e+03 8.6483007208202831e-05
2.8869974017000004e+03 8.6385926393160270e-05
2.8899973990000003e+03 8.6288996780802156e-05
2.8929973963000002e+03 8.6192217979040326e-05
2.8959973936000001e+03 8.6095589597208737e-05
2.8989973909000005e+03 8.5999111246056503e-05
2.9019973882000004e+03 8.5902782537741602e-05
2.9049973855000003e+03 8.5806603085824171e-05
2.9079973828000002e+03 8.5710572505260014e-05
2.9109973801000001e+03 8.5614690412394190e-05
2.9139973774000005e+03 8.5518956424954470e-05
2.9169973747000004e+03 8.5423370162045030e-05
2.9199973720000003e+03 8.5327931244140101e-05
2.9229973693000002e+03 8.5232639293077528e-05
2.9259973666000001e+03 8.5137493932052534e-05
2.9289973639000004e+03 8.5042494785611520e-05
2.9319973612000003e+03 8.4947641479645781e-05
2.9349973585000002e+03 8.4852933641385266e-05
2.9379973558000002e+03 8.4758370899392583e-05
2.9409973531000001e+03 8.4663952883556754e-05
2.9439973504000004e+03 8.4569679225087100e-05
2.9469973477000003e+03 8.4475549556507309e-05
2.9499973450000002e+03 8.4381563511649389e-05
2.9529973423000001e+03 8.4287720725647635e-05
2.9559973396000005e+03 8.4194020834932657e-05
2.9589973369000004e+03 8.4100463477225577e-05
2.9619973342000003e+03 8.4007048291532093e-05
2.9649973315000002e+03 8.3913774918136544e-05
2.9679973288000001e+03 8.3820642998596188e-05
2.9709973261000005e+03 8.3727652175735474e-05
2.9739973234000004e+03 8.3634802093640143e-05
2.9769973207000003e+03 8.3542092397651508e-05
2.9799973180000002e+03 8.3449522734360999e-05
2.9829973153000001e+03 8.3357092751604176e-05
2.9859973126000004e+03 8.3264802098455330e-05
2.9889973099000003e+03 8.3172650425221816e-05
2.9919973072000003e+03 8.3080637383438466e-05
2.9949973045000002e+03 8.2988762625862145e-05
2.9979973018000001e+03 8.2897025806466098e-05
3.0009972991000004e+03 8.2805426580434527e-05
3.0039972964000003e+03 8.2713964604157365e-05
3.0069972937000002e+03 8.2622639535224525e-05
3.0099972910000001e+03 8.2531451032420640e-05
3.0129972883000005e+03 8.2440398755719853e-05
3.0159972856000004e+03 8.2349482366280295e-05
3.0189972829000003e+03 8.2258701526438920e-05
3.0219972802000002e+03 8.2168055899706132e-05
3.0249972775000001e+03 8.2077545150760655e-05
3.0279972748000005e+03 8.1987168945444195e-05
3.0309972721000004e+03 8.1896926950756471e-05
3.0339972694000003e+03 8.1806818834849774e-05
3.0369972667000002e+03 8.1716844267024064e-05
3.0399972640000001e+03 8.1627002917721792e-05
3.0429972613000004e+03 8.1537294458522834e-05
3.0459972586000004e+03 8.1447718562139499e-05
3.0489972559000003e+03 8.1358274902411357e-05
3.0519972532000002e+03 8.1268963154300478e-05
3.0549972505000001e+03 8.1179782993886284e-05
3.0579972478000004e+03 8.1090734098360724e-05
3.0609972451000003e+03 8.1001816146023301e-05
3.0639972424000002e+03 8.0913028816276272e-05
3.0669972397000001e+03 8.0824371789619623e-05
3.0699972370000005e+03 8.0735844747646473e-05
3.0729972343000004e+03 8.0647447373038140e-05
3.0759972316000003e+03 8.0559179349559305e-05
3.0789972289000002e+03 8.0471040362053390e-05
3.0819972262000001e+03 8.0383030096437786e-05
3.0849972235000005e+03 8.0295148239699070e-05
3.0879972208000004e+03 8.0207394479888519e-05
3.0909972181000003e+03 8.0119768506117247e-05
3.0939972154000002e+03 8.0032270008551672e-05
3.0969972127000001e+03 7.9944898678408998e-05
3.0999972100000005e+03 7.9857654207952450e-05
3.1029972073000004e+03 7.9770536290486903e-05
3.1059972046000003e+03 7.9683544620354297e-05
3.1089972019000002e+03 7.9596678892928990e-05
3.1119971992000001e+03 7.9509938804613598e-05
3.1149971965000004e+03 7.9423324052834142e-05
3.1179971938000003e+03 7.9336834336035929e-05
3.1209971911000002e+03 7.9250469353679066e-05
3.1239971884000001e+03 7.9164228806233932e-05
3.1269971857000005e+03 7.9078112395176951e-05
3.1299971830000004e+03 7.8992119822986255e-05
3.1329971803000003e+03 7.8906250793137335e-05
3.1359971776000002e+03 7.8820505010098688e-05
3.1389971749000001e+03 7.8734882179327698e-05
3.1419971722000005e+03 7.8649382007266164e-05
3.1449971695000004e+03 7.8564004201336289e-05
3.1479971668000003e+03 7.8478748469936382e-05
3.1509971641000002e+03 7.8393614522436660e-05
3.1539971614000001e+03 7.8308602069175083e-05
3.1569971587000005e+03 7.8223710821453239e-05
3.1599971560000004e+03 7.8138940491532272e-05
3.1629971533000003e+03 7.8054290792628741e-05
3.1659971506000002e+03 7.7969761438910430e-05
3.1689971479000005e+03 7.7885352145492498e-05
3.1719971452000004e+03 7.7801062628433373e-05
3.1749971425000003e+03 7.7716892604730688e-05
3.1779971398000002e+03 7.7632841792317321e-05
3.1809971371000001e+03 7.7548909910057399e-05
3.1839971344000005e+03 7.7465096677742463e-05
3.1869971317000004e+03 7.7381401816087331e-05
3.1899971290000003e+03 7.7297825046726456e-05
3.1929971263000002e+03 7.7214366092209780e-05
3.1959971236000001e+03 7.7131024675999014e-05
3.1989971209000005e+03 7.7047800522463784e-05
3.2019971182000004e+03 7.6964693356877721e-05
3.2049971155000003e+03 7.6881702905414725e-05
3.2079971128000002e+03 7.6798828895145195e-05
3.2109971101000001e+03 7.6716071054032167e-05
3.2139971074000005e+03 7.6633429110927601e-05
3.2169971047000004e+03 7.6550902795568721e-05
3.2199971020000003e+03 7.6468491838574222e-05
3.2229970993000002e+03 7.6386195971440583e-05
3.2259970966000005e+03 7.6304014926538433e-05
3.2289970939000004e+03 7.6221948437108866e-05
3.2319970912000003e+03 7.6139996237259785e-05
3.2349970885000002e+03 7.6058158061962345e-05
3.2379970858000001e+03 7.5976433647047354e-05
3.2409970831000005e+03 7.5894822729201568e-05
3.2439970804000004e+03 7.5813325045964226e-05
3.2469970777000003e+03 7.5731940335723591e-05
3.2499970750000002e+03 7.5650668337713225e-05
3.2529970723000001e+03 7.5569508792008627e-05
3.2559970696000005e+03 7.5488461439523656e-05
3.2589970669000004e+03 7.5407526022007167e-05
3.2619970642000003e+03 7.5326702282039410e-05
3.2649970615000002e+03 7.5245989963028737e-05
3.2679970588000001e+03 7.5165388809208018e-05
3.2709970561000005e+03 7.5084898565631422e-05
3.2739970534000004e+03 7.5004518978170906e-05
3.2769970507000003e+03 7.4924249793512836e-05
3.2799970480000002e+03 7.4844090759154739e-05
3.2829970453000005e+03 7.4764041623401819e-05
3.2859970426000004e+03 7.4684102135363811e-05
3.2889970399000003e+03 7.4604272044951527e-05
3.2919970372000002e+03 7.4524551102873683e-05
3.2949970345000002e+03 7.4444939060633474e-05
3.2979970318000005e+03 7.4365435670525559e-05
3.3009970291000004e+03 7.4286040685632597e-05
3.3039970264000003e+03 7.4206753859822129e-05
3.3069970237000002e+03 7.4127574947743403e-05
3.3099970210000001e+03 7.4048503704824100e-05
3.3129970183000005e+03 7.3969539887267240e-05
3.3159970156000004e+03 7.3890683252047997e-05
3.3189970129000003e+03 7.3811933556910476e-05
3.3219970102000002e+03 7.3733290560364730e-05
3.3249970075000001e+03 7.3654754021683616e-05
3.3279970048000005e+03 7.3576323700899542e-05
3.3309970021000004e+03 7.3497999358801649e-05
3.3339969994000003e+03 7.3419780756932504e-05
3.3369969967000002e+03 7.3341667657585212e-05
3.3399969940000005e+03 7.3263659823800327e-05
3.3429969913000004e+03 7.3185757019362857e-05
3.3459969886000003e+03 7.3107959008799093e-05
3.3489969859000003e+03 7.3030265557373966e-05
3.3519969832000002e+03 7.2952676431087699e-05
3.3549969805000005e+03 7.2875191396673097e-05
3.3579969778000004e+03 7.2797810221592550e-05
3.3609969751000003e+03 7.2720532674034989e-05
3.3639969724000002e+03 7.2643358522913088e-05
3.3669969697000001e+03 7.2566287537860380e-05
3.3699969670000005e+03 7.2489319489228195e-05
3.3729969643000004e+03 7.2412454148083015e-05
3.3759969616000003e+03 7.2335691286203496e-05
3.3789969589000002e+03 7.2259030676077551e-05
3.3819969562000001e+03 7.2182472090899692e-05
3.3849969535000005e+03 7.2106015304568028e-05
3.3879969508000004e+03 7.2029660091681630e-05
3.3909969481000003e+03 7.1953406227537659e-05
3.3939969454000002e+03 7.1877253488128481e-05
3.3969969427000005e+03 7.1801201650139131e-05
3.3999969400000004e+03 7.1725250490944429e-05
3.4029969373000004e+03 7.1649399788606196e-05
3.4059969346000003e+03 7.1573649321870659e-05
3.4089969319000002e+03 7.1497998870165627e-05
3.4119969292000005e+03 7.1422448213597796e-05
3.4149969265000004e+03 7.1346997132950256e-05
3.4179969238000003e+03 7.1271645409679560e-05
3.4209969211000002e+03 7.1196392825913156e-05
3.4239969184000001e+03 7.1121239164446859e-05
3.4269969157000005e+03 7.1046184208742034e-05
3.4299969130000004e+03 7.0971227742923094e-05
3.4329969103000003e+03 7.0896369551774876e-05
3.4359969076000002e+03 7.0821609420740033e-05
3.4389969049000001e+03 7.0746947135916398e-05
3.4419969022000005e+03 7.0672382484054496e-05
3.4449968995000004e+03 7.0597915252554994e-05
3.4479968968000003e+03 7.0523545229466057e-05
3.4509968941000002e+03 7.0449272203480922e-05
3.4539968914000005e+03 7.0375095963935193e-05
3.4569968887000005e+03 7.0301016300804717e-05
3.4599968860000004e+03 7.0227033004702626e-05
3.4629968833000003e+03 7.0153145866877066e-05
3.4659968806000002e+03 7.0079354679208859e-05
3.4689968779000005e+03 7.0005659234208744e-05
3.4719968752000004e+03 6.9932059325015204e-05
3.4749968725000003e+03 6.9858554745391843e-05
3.4779968698000002e+03 6.9785145289724977e-05
3.4809968671000001e+03 6.9711830753021371e-05
3.4839968644000005e+03 6.9638610930905636e-05
3.4869968617000004e+03 6.9565485619617980e-05
3.4899968590000003e+03 6.9492454616011724e-05
3.4929968563000002e+03 6.9419517717551047e-05
3.4959968536000006e+03 6.9346674722308484e-05
3.4989968509000005e+03 6.9273925428962695e-05
3.5019968482000004e+03 6.9201269636796090e-05
3.5049968455000003e+03 6.9128707145692472e-05
3.5079968428000002e+03 6.9056237756134805e-05
3.5109968401000006e+03 6.8983861269202766e-05
3.5139968374000005e+03 6.8911577486570639e-05
3.5169968347000004e+03 6.8839386210504871e-05
3.5199968320000003e+03 6.8767287243861876e-05
3.5229968293000002e+03 6.8695280390085802e-05
3.5259968266000005e+03 6.8623365453206119e-05
3.5289968239000004e+03 6.8551542237835675e-05
3.5319968212000003e+03 6.8479810549168182e-05
3.5349968185000002e+03 6.8408170192976086e-05
3.5379968158000001e+03 6.8336620975608436e-05
3.5409968131000005e+03 6.8265162703988626e-05
3.5439968104000004e+03 6.8193795185612184e-05
3.5469968077000003e+03 6.8122518228544600e-05
3.5499968050000002e+03 6.8051331641419218e-05
3.5529968023000006e+03 6.7980235233435036e-05
3.5559967996000005e+03 6.7909228814354484e-05
3.5589967969000004e+03 6.7838312194501503e-05
3.5619967942000003e+03 6.7767485184759113e-05
3.5649967915000002e+03 6.7696747596567575e-05
3.5679967888000006e+03 6.7626099241922086e-05
3.5709967861000005e+03 6.7555539933370840e-05
3.5739967834000004e+03 6.7485069484012804e-05
3.5769967807000003e+03 6.7414687707495661e-05
3.5799967780000002e+03 6.7344394418013845e-05
3.5829967753000005e+03 6.7274189430306327e-05
3.5859967726000004e+03 6.7204072559654725e-05
3.5889967699000003e+03 6.7134043621881130e-05
3.5919967672000002e+03 6.7064102433346155e-05
3.5949967645000002e+03 6.6994248810946865e-05
3.5979967618000005e+03 6.6924482572114754e-05
3.6009967591000004e+03 6.6854803534813849e-05
3.6039967564000003e+03 6.6785211517538543e-05
3.6069967537000002e+03 6.6715706339311816e-05
3.6099967510000006e+03 6.6646287819682989e-05
3.6129967483000005e+03 6.6576955778726069e-05
3.6159967456000004e+03 6.6507710037037499e-05
3.6189967429000003e+03 6.6438550415734451e-05
3.6219967402000002e+03 6.6369476736452697e-05
3.6249967375000006e+03 6.6300488821344783e-05
3.6279967348000005e+03 6.6231586493078126e-05
3.6309967321000004e+03 6.6162769574832958e-05
3.6339967294000003e+03 6.6094037890300592e-05
3.6369967267000002e+03 6.6025391263681399e-05
3.6399967240000005e+03 6.5956829519683022e-05
3.6429967213000004e+03 6.5888352483518356e-05
3.6459967186000003e+03 6.5819959980903866e-05
3.6489967159000003e+03 6.5751651838057531e-05
3.6519967132000002e+03 6.5683427881697143e-05
3.6549967105000005e+03 6.5615287939038323e-05
3.6579967078000004e+03 6.5547231837792847e-05
3.6609967051000003e+03 6.5479259406166674e-05
3.6639967024000002e+03 6.5411370472858148e-05
3.6669966997000006e+03 6.5343564867056302e-05
3.6699966970000005e+03 6.5275842418438881e-05
3.6729966943000004e+03 6.5208202957170645e-05
3.6759966916000003e+03 6.5140646313901598e-05
3.6789966889000002e+03 6.5073172319765111e-05
3.6819966862000006e+03 6.5005780806376307e-05
3.6849966835000005e+03 6.4938471605830106e-05
3.6879966808000004e+03 6.4871244550699619e-05
3.6909966781000003e+03 6.4804099474034300e-05
3.6939966754000002e+03 6.4737036209358266e-05
3.6969966727000005e+03 6.4670054590668563e-05
3.6999966700000004e+03 6.4603154452433392e-05
3.7029966673000004e+03 6.4536335629590452e-05
3.7059966646000003e+03 6.4469597957545141e-05
3.7089966619000002e+03 6.4402941272168984e-05
3.7119966592000005e+03 6.4336365409797773e-05
3.7149966565000004e+03 6.4269870207230064e-05
3.7179966538000003e+03 6.4203455501725350e-05
3.7209966511000002e+03 6.4137121131002418e-05
3.7239966484000006e+03 6.4070866933237778e-05
3.7269966457000005e+03 6.4004692747063875e-05
3.7299966430000004e+03 6.3938598411567515e-05
3.7329966403000003e+03 6.3872583766288186e-05
3.7359966376000002e+03 6.3806648651216471e-05
3.7389966349000006e+03 6.3740792906792344e-05
3.7419966322000005e+03 6.3675016373903633e-05
3.7449966295000004e+03 6.3609318893884369e-05
3.7479966268000003e+03 6.3543700308513095e-05
3.7509966241000002e+03 6.3478160460011439e-05
3.7539966214000005e+03 6.3412699191042366e-05
3.7569966187000005e+03 6.3347316344708650e-05
3.7599966160000004e+03 6.3282011764551364e-05
3.7629966133000003e+03 6.3216785294548138e-05
3.7659966106000002e+03 6.3151636779111800e-05
3.7689966079000005e+03 6.3086566063088586e-05
3.7719966052000004e+03 6.3021572991756817e-05
3.7749966025000003e+03 6.2956657410825252e-05
3.7779965998000002e+03 6.2891819166431456e-05
3.7809965971000006e+03 6.2827058105140423e-05
3.7839965944000005e+03 6.2762374073943025e-05
3.7869965917000004e+03 6.2697766920254366e-05
3.7899965890000003e+03 6.2633236491912433e-05
3.7929965863000002e+03 6.2568782637176490e-05
3.7959965836000006e+03 6.2504405204725618e-05
3.7989965809000005e+03 6.2440104043657172e-05
3.8019965782000004e+03 6.2375879003485476e-05
3.8049965755000003e+03 6.2311729934139980e-05
3.8079965728000002e+03 6.2247656685964181e-05
3.8109965701000006e+03 6.2183659109713962e-05
3.8139965674000005e+03 6.2119737056556121e-05
3.8169965647000004e+03 6.2055890378066958e-05
3.8199965620000003e+03 6.1992118926230828e-05
3.8229965593000002e+03 6.1928422553438726e-05
3.8259965566000005e+03 6.1864801112486775e-05
3.8289965539000004e+03 6.1801254456574843e-05
3.8319965512000003e+03 6.1737782439305196e-05
3.8349965485000002e+03 6.1674384914680918e-05
3.8379965458000006e+03 6.1611061737104595e-05
3.8409965431000005e+03 6.1547812761376971e-05
3.8439965404000004e+03 6.1484637842695419e-05
3.8469965377000003e+03 6.1421536836652626e-05
3.8499965350000002e+03 6.1358509599235251e-05
3.8529965323000006e+03 6.1295555986822366e-05
3.8559965296000005e+03 6.1232675856184331e-05
3.8589965269000004e+03 6.1169869064481197e-05
3.8619965242000003e+03 6.1107135469261524e-05
3.8649965215000002e+03 6.1044474928460851e-05
3.8679965188000006e+03 6.0981887300400544e-05
3.8709965161000005e+03 6.0919372443786238e-05
3.8739965134000004e+03 6.0856930217706670e-05
3.8769965107000003e+03 6.0794560481632285e-05
3.8799965080000002e+03 6.0732263095413810e-05
3.8829965053000005e+03 6.0670037919281146e-05
3.8859965026000004e+03 6.0607884813841828e-05
3.8889964999000003e+03 6.0545803640079848e-05
3.8919964972000002e+03 6.0483794259354342e-05
3.8949964945000006e+03 6.0421856533398207e-05
3.8979964918000005e+03 6.0359990324316865e-05
3.9009964891000004e+03 6.0298195494587042e-05
3.9039964864000003e+03 6.0236471907055280e-05
3.9069964837000002e+03 6.0174819424936925e-05
3.9099964810000006e+03 6.0113237911814597e-05
3.9129964783000005e+03 6.0051727231637158e-05
3.9159964756000004e+03 5.9990287248718233e-05
3.9189964729000003e+03 5.9928917827735146e-05
3.9219964702000002e+03 5.9867618833727447e-05
3.9249964675000006e+03 5.9806390132095950e-05
3.9279964648000005e+03 5.9745231588601233e-05
3.9309964621000004e+03 5.9684143069362536e-05
3.9339964594000003e+03 5.9623124440856479e-05
3.9369964567000006e+03 5.9562175569915922e-05
3.9399964540000005e+03 5.9501296323728567e-05
3.9429964513000004e+03 5.9440486569835984e-05
3.9459964486000003e+03 5.9379746176132176e-05
3.9489964459000003e+03 5.9319075010862497e-05
3.9519964432000006e+03 5.9258472942622389e-05
3.9549964405000005e+03 5.9197939840356333e-05
3.9579964378000004e+03 5.9137475573356445e-05
3.9609964351000003e+03 5.9077080011261373e-05
3.9639964324000002e+03 5.9016753024055226e-05
3.9669964297000006e+03 5.8956494482066244e-05
3.9699964270000005e+03 5.8896304255965731e-05
3.9729964243000004e+03 5.8836182216766812e-05
3.9759964216000003e+03 5.8776128235823322e-05
3.9789964189000002e+03 5.8716142184828681e-05
3.9819964162000006e+03 5.8656223935814582e-05
3.9849964135000005e+03 5.8596373361150129e-05
3.9879964108000004e+03 5.8536590333540396e-05
3.9909964081000003e+03 5.8476874726025486e-05
3.9939964054000006e+03 5.8417226411979260e-05
3.9969964027000005e+03 5.8357645265108419e-05
3.9999964000000004e+03 5.8298131159451088e-05
4.0029963973000004e+03 5.8238683969375996e-05
4.0059963946000003e+03 5.8179303569581107e-05
4.0089963919000006e+03 5.8119989835092719e-05
4.0119963892000005e+03 5.8060742641264168e-05
4.0149963865000004e+03 5.8001561863774937e-05
4.0179963838000003e+03 5.7942447378629343e-05
4.0209963811000002e+03 5.7883399062155636e-05
4.0239963784000006e+03 5.7824416791004745e-05
4.0269963757000005e+03 5.7765500442149356e-05
4.0299963730000004e+03 5.7706649892882727e-05
4.0329963703000003e+03 5.7647865020817629e-05
4.0359963676000002e+03 5.7589145703885304e-05
4.0389963649000006e+03 5.7530491820334397e-05
4.0419963622000005e+03 5.7471903248729872e-05
4.0449963595000004e+03 5.7413379867951975e-05
4.0479963568000003e+03 5.7354921557195199e-05
4.0509963541000006e+03 5.7296528195967191e-05
4.0539963514000005e+03 5.7238199664087750e-05
4.0569963487000005e+03 5.7179935841687756e-05
4.0599963460000004e+03 5.7121736609208177e-05
4.0629963433000003e+03 5.7063601847399004e-05
4.0659963406000006e+03 5.7005531437318191e-05
4.0689963379000005e+03 5.6947525260330763e-05
4.0719963352000004e+03 5.6889583198107642e-05
4.0749963325000003e+03 5.6831705132624699e-05
4.0779963298000002e+03 5.6773890946161817e-05
4.0809963271000006e+03 5.6716140521301752e-05
4.0839963244000005e+03 5.6658453740929193e-05
4.0869963217000004e+03 5.6600830488229835e-05
4.0899963190000003e+03 5.6543270646689214e-05
4.0929963163000002e+03 5.6485774100091928e-05
4.0959963136000006e+03 5.6428340732520468e-05
4.0989963109000000e+03 5.6370970428354371e-05
4.1019963082000004e+03 5.6313663072269103e-05
4.1049963055000007e+03 5.6256418549235240e-05
4.1079963028000002e+03 5.6199236744517445e-05
4.1109963001000006e+03 5.6142117543673368e-05
4.1139962974000000e+03 5.6085060832552905e-05
4.1169962947000004e+03 5.6028066497297102e-05
4.1199962920000007e+03 5.5971134424337198e-05
4.1229962893000002e+03 5.5914264500393783e-05
4.1259962866000005e+03 5.5857456612475699e-05
4.1289962839000009e+03 5.5800710647879194e-05
4.1319962812000003e+03 5.5744026494187019e-05
4.1349962785000007e+03 5.5687404039267379e-05
4.1379962758000001e+03 5.5630843171273071e-05
4.1409962731000005e+03 5.5574343778640517e-05
4.1439962704000009e+03 5.5517905750088949e-05
4.1469962677000003e+03 5.5461528974619332e-05
4.1499962650000007e+03 5.5405213341513559e-05
4.1529962623000001e+03 5.5348958740333488e-05
4.1559962596000005e+03 5.5292765060920024e-05
4.1589962569000008e+03 5.5236632193392252e-05
4.1619962542000003e+03 5.5180560028146609e-05
4.1649962515000007e+03 5.5124548455855692e-05
4.1679962488000001e+03 5.5068597367467750e-05
4.1709962461000005e+03 5.5012706654205483e-05
4.1739962434000008e+03 5.4956876207565359e-05
4.1769962407000003e+03 5.4901105919316614e-05
4.1799962380000006e+03 5.4845395681500383e-05
4.1829962353000001e+03 5.4789745386428890e-05
4.1859962326000004e+03 5.4734154926684486e-05
4.1889962299000008e+03 5.4678624195118838e-05
4.1919962272000002e+03 5.4623153084852041e-05
4.1949962245000006e+03 5.4567741489271744e-05
4.1979962218000001e+03 5.4512389302032332e-05
4.2009962191000004e+03 5.4457096417053978e-05
4.2039962164000008e+03 5.4401862728521912e-05
4.2069962137000002e+03 5.4346688130885509e-05
4.2099962110000006e+03 5.4291572518857341e-05
4.2129962083000000e+03 5.4236515787412591e-05
4.2159962056000004e+03 5.4181517831787868e-05
4.2189962029000008e+03 5.4126578547480732e-05
4.2219962002000002e+03 5.4071697830248601e-05
4.2249961975000006e+03 5.4016875576107974e-05
4.2279961948000000e+03 5.3962111681333712e-05
4.2309961921000004e+03 5.3907406042458016e-05
4.2339961894000007e+03 5.3852758556269846e-05
4.2369961867000002e+03 5.3798169119813960e-05
4.2399961840000005e+03 5.3743637630390047e-05
4.2429961813000009e+03 5.3689163985552019e-05
4.2459961786000003e+03 5.3634748083107276e-05
4.2489961759000007e+03 5.3580389821115612e-05
4.2519961732000002e+03 5.3526089097888751e-05
4.2549961705000005e+03 5.3471845811989319e-05
4.2579961678000009e+03 5.3417659862230165e-05
4.2609961651000003e+03 5.3363531147673482e-05
4.2639961624000007e+03 5.3309459567630127e-05
4.2669961597000001e+03 5.3255445021658688e-05
4.2699961570000005e+03 5.3201487409564885e-05
4.2729961543000009e+03 5.3147586631400586e-05
4.2759961516000003e+03 5.3093742587463202e-05
4.2789961489000007e+03 5.3039955178294802e-05
4.2819961462000001e+03 5.2986224304681407e-05
4.2849961435000005e+03 5.2932549867652137e-05
4.2879961408000008e+03 5.2878931768478615e-05
4.2909961381000003e+03 5.2825369908673994e-05
4.2939961354000006e+03 5.2771864189992319e-05
4.2969961327000001e+03 5.2718414514427759e-05
4.2999961300000004e+03 5.2665020784213839e-05
4.3029961273000008e+03 5.2611682901822678e-05
4.3059961246000003e+03 5.2558400769964314e-05
4.3089961219000006e+03 5.2505174291585748e-05
4.3119961192000001e+03 5.2452003369870570e-05
4.3149961165000004e+03 5.2398887908237795e-05
4.3179961138000008e+03 5.2345827810341435e-05
4.3209961111000002e+03 5.2292822980069679e-05
4.3239961084000006e+03 5.2239873321544102e-05
4.3269961057000000e+03 5.2186978739118985e-05
4.3299961030000004e+03 5.2134139137380571e-05
4.3329961003000008e+03 5.2081354421146414e-05
4.3359960976000002e+03 5.2028624495464554e-05
4.3389960949000006e+03 5.1975949265612828e-05
4.3419960922000000e+03 5.1923328637098211e-05
4.3449960895000004e+03 5.1870762515656027e-05
4.3479960868000007e+03 5.1818250807249349e-05
4.3509960841000002e+03 5.1765793418068181e-05
4.3539960814000005e+03 5.1713390254528736e-05
4.3569960787000009e+03 5.1661041223272868e-05
4.3599960760000004e+03 5.1608746231167331e-05
4.3629960733000007e+03 5.1556505185302939e-05
4.3659960706000002e+03 5.1504317992994099e-05
4.3689960679000005e+03 5.1452184561777917e-05
4.3719960652000009e+03 5.1400104799413657e-05
4.3749960625000003e+03 5.1348078613882003e-05
4.3779960598000007e+03 5.1296105913384330e-05
4.3809960571000001e+03 5.1244186606342086e-05
4.3839960544000005e+03 5.1192320601396058e-05
4.3869960517000009e+03 5.1140507807405821e-05
4.3899960490000003e+03 5.1088748133448891e-05
4.3929960463000007e+03 5.1037041488820178e-05
4.3959960436000001e+03 5.0985387783031293e-05
4.3989960409000005e+03 5.0933786925809822e-05
4.4019960382000008e+03 5.0882238827098734e-05
4.4049960355000003e+03 5.0830743397055759e-05
4.4079960328000006e+03 5.0779300546052559e-05
4.4109960301000001e+03 5.0727910184674318e-05
4.4139960274000005e+03 5.0676572223718781e-05
4.4169960247000008e+03 5.0625286574195964e-05
4.4199960220000003e+03 5.0574053147327204e-05
4.4229960193000006e+03 5.0522871854544636e-05
4.4259960166000001e+03 5.0471742607490595e-05
4.4289960139000004e+03 5.0420665318016901e-05
4.4319960112000008e+03 5.0369639898184223e-05
4.4349960085000002e+03 5.0318666260261509e-05
4.4379960058000006e+03 5.0267744316725223e-05
4.4409960031000001e+03 5.0216873980258907e-05
4.4439960004000004e+03 5.0166055163752371e-05
4.4469959977000008e+03 5.0115287780301139e-05
4.4499959950000002e+03 5.0064571743205887e-05
4.4529959923000006e+03 5.0013906965971696e-05
4.4559959896000000e+03 4.9963293362307498e-05
4.4589959869000004e+03 4.9912730846125480e-05
4.4619959842000007e+03 4.9862219331540449e-05
4.4649959815000002e+03 4.9811758732869204e-05
4.4679959788000006e+03 4.9761348964629891e-05
4.4709959761000009e+03 4.9710989941541565e-05
4.4739959734000004e+03 4.9660681578523339e-05
4.4769959707000007e+03 4.9610423790693918e-05
4.4799959680000002e+03 4.9560216493371054e-05
4.4829959653000005e+03 4.9510059602070809e-05
4.4859959626000009e+03 4.9459953032506992e-05
4.4889959599000003e+03 4.9409896700590700e-05
4.4919959572000007e+03 4.9359890522429540e-05
4.4949959545000002e+03 4.9309934414327128e-05
4.4979959518000005e+03 4.9260028292782484e-05
4.5009959491000009e+03 4.9210172074489516e-05
4.5039959464000003e+03 4.9160365676336261e-05
4.5069959437000007e+03 4.9110609015404536e-05
4.5099959410000001e+03 4.9060902008969146e-05
4.5129959383000005e+03 4.9011244574497416e-05
4.5159959356000008e+03 4.8961636629648651e-05
4.5189959329000003e+03 4.8912078092273454e-05
4.5219959302000007e+03 4.8862568880413196e-05
4.5249959275000001e+03 4.8813108912299516e-05
4.5279959248000005e+03 4.8763698106353623e-05
4.5309959221000008e+03 4.8714336381185908e-05
4.5339959194000003e+03 4.8665023655595179e-05
4.5369959167000006e+03 4.8615759848568222e-05
4.5399959140000001e+03 4.8566544879279265e-05
4.5429959113000004e+03 4.8517378667089333e-05
4.5459959086000008e+03 4.8468261131545753e-05
4.5489959059000003e+03 4.8419192192381583e-05
4.5519959032000006e+03 4.8370171769515013e-05
4.5549959005000001e+03 4.8321199783048957e-05
4.5579958978000004e+03 4.8272276153270344e-05
4.5609958951000008e+03 4.8223400800649643e-05
4.5639958924000002e+03 4.8174573645840380e-05
4.5669958897000006e+03 4.8125794609678442e-05
4.5699958870000009e+03 4.8077063613181706e-05
4.5729958843000004e+03 4.8028380577549430e-05
4.5759958816000008e+03 4.7979745424161635e-05
4.5789958789000002e+03 4.7931158074578782e-05
4.5819958762000006e+03 4.7882618450540982e-05
4.5849958735000009e+03 4.7834126473967668e-05
4.5879958708000004e+03 4.7785682066957002e-05
4.5909958681000007e+03 4.7737285151785282e-05
4.5939958654000002e+03 4.7688935650906567e-05
4.5969958627000005e+03 4.7640633486951980e-05
4.5999958600000009e+03 4.7592378582729328e-05
4.6029958573000004e+03 4.7544170861222514e-05
4.6059958546000007e+03 4.7496010245591045e-05
4.6089958519000002e+03 4.7447896659169496e-05
4.6119958492000005e+03 4.7399830025467023e-05
4.6149958465000009e+03 4.7351810268166874e-05
4.6179958438000003e+03 4.7303837311125780e-05
4.6209958411000007e+03 4.7255911078373552e-05
4.6239958384000001e+03 4.7208031494112540e-05
4.6269958357000005e+03 4.7160198482717101e-05
4.6299958330000009e+03 4.7112411968733181e-05
4.6329958303000003e+03 4.7064671876877751e-05
4.6359958276000007e+03 4.7016978132038214e-05
4.6389958249000001e+03 4.6969330659272157e-05
4.6419958222000005e+03 4.6921729383806594e-05
4.6449958195000008e+03 4.6874174231037650e-05
4.6479958168000003e+03 4.6826665126530033e-05
4.6509958141000006e+03 4.6779201996016417e-05
4.6539958114000001e+03 4.6731784765397194e-05
4.6569958087000005e+03 4.6684413360739764e-05
4.6599958060000008e+03 4.6637087708278148e-05
4.6629958033000003e+03 4.6589807734412529e-05
4.6659958006000006e+03 4.6542573365708708e-05
4.6689957979000001e+03 4.6495384528897691e-05
4.6719957952000004e+03 4.6448241150875134e-05
4.6749957925000008e+03 4.6401143158700943e-05
4.6779957898000002e+03 4.6354090479598799e-05
4.6809957871000006e+03 4.6307083040955537e-05
4.6839957844000010e+03 4.6260120770320916e-05
4.6869957817000004e+03 4.6213203595406972e-05
4.6899957790000008e+03 4.6166331444087608e-05
4.6929957763000002e+03 4.6119504244398145e-05
4.6959957736000006e+03 4.6072721924534796e-05
4.6989957709000009e+03 4.6025984412854320e-05
4.7019957682000004e+03 4.5979291637873398e-05
4.7049957655000007e+03 4.5932643528268319e-05
4.7079957628000002e+03 4.5886040012874484e-05
4.7109957601000006e+03 4.5839481020685847e-05
4.7139957574000009e+03 4.5792966480854642e-05
4.7169957547000004e+03 4.5746496322690810e-05
4.7199957520000007e+03 4.5700070475661507e-05
4.7229957493000002e+03 4.5653688869390795e-05
4.7259957466000005e+03 4.5607351433659096e-05
4.7289957439000009e+03 4.5561058098402743e-05
4.7319957412000003e+03 4.5514808793713635e-05
4.7349957385000007e+03 4.5468603449838600e-05
4.7379957358000001e+03 4.5422441997179172e-05
4.7409957331000005e+03 4.5376324366291030e-05
4.7439957304000009e+03 4.5330250487883522e-05
4.7469957277000003e+03 4.5284220292819362e-05
4.7499957250000007e+03 4.5238233712114057e-05
4.7529957223000001e+03 4.5192290676935609e-05
4.7559957196000005e+03 4.5146391118603892e-05
4.7589957169000008e+03 4.5100534968590462e-05
4.7619957142000003e+03 4.5054722158517907e-05
4.7649957115000007e+03 4.5008952620159554e-05
4.7679957088000001e+03 4.4963226285439005e-05
4.7709957061000005e+03 4.4917543086429693e-05
4.7739957034000008e+03 4.4871902955354446e-05
4.7769957007000003e+03 4.4826305824585173e-05
4.7799956980000006e+03 4.4780751626642261e-05
4.7829956953000001e+03 4.4735240294194351e-05
4.7859956926000004e+03 4.4689771760057748e-05
4.7889956899000008e+03 4.4644345957196113e-05
4.7919956872000002e+03 4.4598962818720038e-05
4.7949956845000006e+03 4.4553622277886539e-05
4.7979956818000010e+03 4.4508324268098824e-05
4.8009956791000004e+03 4.4463068722905734e-05
4.8039956764000008e+03 4.4417855576001253e-05
4.8069956737000002e+03 4.4372684761224429e-05
4.8099956710000006e+03 4.4327556212558587e-05
4.8129956683000009e+03 4.4282469864131185e-05
4.8159956656000004e+03 4.4237425650213315e-05
4.8189956629000008e+03 4.4192423505219256e-05
4.8219956602000002e+03 4.4147463363706152e-05
4.8249956575000006e+03 4.4102545160373603e-05
4.8279956548000009e+03 4.4057668830063221e-05
4.8309956521000004e+03 4.4012834307758267e-05
4.8339956494000007e+03 4.3968041528583262e-05
4.8369956467000002e+03 4.3923290427803564e-05
4.8399956440000005e+03 4.3878580940824969e-05
4.8429956413000009e+03 4.3833913003193371e-05
4.8459956386000003e+03 4.3789286550594339e-05
4.8489956359000007e+03 4.3744701518852706e-05
4.8519956332000002e+03 4.3700157843932245e-05
4.8549956305000005e+03 4.3655655461935204e-05
4.8579956278000009e+03 4.3611194309101944e-05
4.8609956251000003e+03 4.3566774321810625e-05
4.8639956224000007e+03 4.3522395436576734e-05
4.8669956197000001e+03 4.3478057590052769e-05
4.8699956170000005e+03 4.3433760719027798e-05
4.8729956143000009e+03 4.3389504760427121e-05
4.8759956116000003e+03 4.3345289651311880e-05
4.8789956089000007e+03 4.3301115328878715e-05
4.8819956062000001e+03 4.3256981730459324e-05
4.8849956035000005e+03 4.3212888793520151e-05
4.8879956008000008e+03 4.3168836455661968e-05
4.8909955981000003e+03 4.3124824654619564e-05
4.8939955954000006e+03 4.3080853328261297e-05
4.8969955927000010e+03 4.3036922414588768e-05
4.8999955900000004e+03 4.2993031851736533e-05
4.9029955873000008e+03 4.2949181577971509e-05
4.9059955846000003e+03 4.2905371531692893e-05
4.9089955819000006e+03 4.2861601651431565e-05
4.9119955792000010e+03 4.2817871875849865e-05
4.9149955765000004e+03 4.2774182143741219e-05
4.9179955738000008e+03 4.2730532394029672e-05
4.9209955711000002e+03 4.2686922565769721e-05
4.9239955684000006e+03 4.2643352598145727e-05
4.9269955657000010e+03 4.2599822430471724e-05
4.9299955630000004e+03 4.2556332002191029e-05
4.9329955603000008e+03 4.2512881252875837e-05
4.9359955576000002e+03 4.2469470122226978e-05
4.9389955549000006e+03 4.2426098550073386e-05
4.9419955522000009e+03 4.2382766476371984e-05
4.9449955495000004e+03 4.2339473841207071e-05
4.9479955468000007e+03 4.2296220584790237e-05
4.9509955441000002e+03 4.2253006647459788e-05
4.9539955414000005e+03 4.2209831969680548e-05
4.9569955387000009e+03 4.2166696492043485e-05
4.9599955360000004e+03 4.2123600155265325e-05
4.9629955333000007e+03 4.2080542900188242e-05
4.9659955306000002e+03 4.2037524667779516e-05
4.9689955279000005e+03 4.1994545399131150e-05
4.9719955252000009e+03 4.1951605035459639e-05
4.9749955225000003e+03 4.1908703518105513e-05
4.9779955198000007e+03 4.1865840788533028e-05
4.9809955171000001e+03 4.1823016788329952e-05
4.9839955144000005e+03 4.1780231459207001e-05
4.9869955117000009e+03 4.1737484742997719e-05
4.9899955090000003e+03 4.1694776581658067e-05
4.9929955063000007e+03 4.1652106917266016e-05
4.9959955036000001e+03 4.1609475692021398e-05
4.9989955009000005e+03 4.1566882848245317e-05
5.0019954982000008e+03 4.1524328328380140e-05
5.0049954955000003e+03 4.1481812074988904e-05
5.0079954928000006e+03 4.1439334030755070e-05
5.0109954901000010e+03 4.1396894138482305e-05
5.0139954874000005e+03 4.1354492341093978e-05
5.0169954847000008e+03 4.1312128581632999e-05
5.0199954820000003e+03 4.1269802803261403e-05
5.0229954793000006e+03 4.1227514949260035e-05
5.0259954766000010e+03 4.1185264963028284e-05
5.0289954739000004e+03 4.1143052788083714e-05
5.0319954712000008e+03 4.1100878368061780e-05
5.0349954685000002e+03 4.1058741646715509e-05
5.0379954658000006e+03 4.1016642567915084e-05
5.0409954631000010e+03 4.0974581075647747e-05
5.0439954604000004e+03 4.0932557114017293e-05
5.0469954577000008e+03 4.0890570627243817e-05
5.0499954550000002e+03 4.0848621559663431e-05
5.0529954523000006e+03 4.0806709855727877e-05
5.0559954496000009e+03 4.0764835460004392e-05
5.0589954469000004e+03 4.0722998317175150e-05
5.0619954442000007e+03 4.0681198372037139e-05
5.0649954415000002e+03 4.0639435569501855e-05
5.0679954388000006e+03 4.0597709854594862e-05
5.0709954361000009e+03 4.0556021172455596e-05
5.0739954334000004e+03 4.0514369468337068e-05
5.0769954307000007e+03 4.0472754687605487e-05
5.0799954280000002e+03 4.0431176775740049e-05
5.0829954253000005e+03 4.0389635678332539e-05
5.0859954226000009e+03 4.0348131341087129e-05
5.0889954199000003e+03 4.0306663709820010e-05
5.0919954172000007e+03 4.0265232730459092e-05
5.0949954145000002e+03 4.0223838349043816e-05
5.0979954118000005e+03 4.0182480511724705e-05
5.1009954091000009e+03 4.0141159164763184e-05
5.1039954064000003e+03 4.0099874254531206e-05
5.1069954037000007e+03 4.0058625727511006e-05
5.1099954010000001e+03 4.0017413530294873e-05
5.1129953983000005e+03 3.9976237609584709e-05
5.1159953956000008e+03 3.9935097912191846e-05
5.1189953929000003e+03 3.9893994385036734e-05
5.1219953902000007e+03 3.9852926975148656e-05
5.1249953875000010e+03 3.9811895629665391e-05
5.1279953848000005e+03 3.9770900295833076e-05
5.1309953821000008e+03 3.9729940921005693e-05
5.1339953794000003e+03 3.9689017452645014e-05
5.1369953767000006e+03 3.9648129838320153e-05
5.1399953740000010e+03 3.9607278025707364e-05
5.1429953713000004e+03 3.9566461962589737e-05
5.1459953686000008e+03 3.9525681596856950e-05
5.1489953659000003e+03 3.9484936876504914e-05
5.1519953632000006e+03 3.9444227749635561e-05
5.1549953605000010e+03 3.9403554164456567e-05
5.1579953578000004e+03 3.9362916069281040e-05
5.1609953551000008e+03 3.9322313412527241e-05
5.1639953524000002e+03 3.9281746142718376e-05
5.1669953497000006e+03 3.9241214208482203e-05
5.1699953470000009e+03 3.9200717558550905e-05
5.1729953443000004e+03 3.9160256141760692e-05
5.1759953416000008e+03 3.9119829907051592e-05
5.1789953389000002e+03 3.9079438803467191e-05
5.1819953362000006e+03 3.9039082780154283e-05
5.1849953335000009e+03 3.8998761786362691e-05
5.1879953308000004e+03 3.8958475771445002e-05
5.1909953281000007e+03 3.8918224684856233e-05
5.1939953254000002e+03 3.8878008476153566e-05
5.1969953227000005e+03 3.8837827094996131e-05
5.1999953200000009e+03 3.8797680491144758e-05
5.2029953173000004e+03 3.8757568614461643e-05
5.2059953146000007e+03 3.8717491414910102e-05
5.2089953119000002e+03 3.8677448842554387e-05
5.2119953092000005e+03 3.8637440847559320e-05
5.2149953065000009e+03 3.8597467380190055e-05
5.2179953038000003e+03 3.8557528390811896e-05
5.2209953011000007e+03 3.8517623829889964e-05
5.2239952984000010e+03 3.8477753647988896e-05
5.2269952957000005e+03 3.8437917795772756e-05
5.2299952930000009e+03 3.8398116224004603e-05
5.2329952903000003e+03 3.8358348883546301e-05
5.2359952876000007e+03 3.8318615725358281e-05
5.2389952849000010e+03 3.8278916700499291e-05
5.2419952822000005e+03 3.8239251760126111e-05
5.2449952795000008e+03 3.8199620855493282e-05
5.2479952768000003e+03 3.8160023937952973e-05
5.2509952741000006e+03 3.8120460958954520e-05
5.2539952714000010e+03 3.8080931870044401e-05
5.2569952687000005e+03 3.8041436622865878e-05
5.2599952660000008e+03 3.8001975169158678e-05
5.2629952633000003e+03 3.7962547460758896e-05
5.2659952606000006e+03 3.7923153449598679e-05
5.2689952579000010e+03 3.7883793087705931e-05
5.2719952552000004e+03 3.7844466327204132e-05
5.2749952525000008e+03 3.7805173120312114e-05
5.2779952498000002e+03 3.7765913419343690e-05
5.2809952471000006e+03 3.7726687176707570e-05
5.2839952444000010e+03 3.7687494344907051e-05
5.2869952417000004e+03 3.7648334876539723e-05
5.2899952390000008e+03 3.7609208724297305e-05
5.2929952363000002e+03 3.7570115840965388e-05
5.2959952336000006e+03 3.7531056179423178e-05
5.2989952309000009e+03 3.7492029692643214e-05
5.3019952282000004e+03 3.7453036333691273e-05
5.3049952255000007e+03 3.7414076055725999e-05
5.3079952228000002e+03 3.7375148811998660e-05
5.3109952201000006e+03 3.7336254555853009e-05
5.3139952174000009e+03 3.7297393240725002e-05
5.3169952147000004e+03 3.7258564820142576e-05
5.3199952120000007e+03 3.7219769247725330e-05
5.3229952093000002e+03 3.7181006477184473e-05
5.3259952066000005e+03 3.7142276462322359e-05
5.3289952039000009e+03 3.7103579157032493e-05
5.3319952012000003e+03 3.7064914515299137e-05
5.3349951985000007e+03 3.7026282491197082e-05
5.3379951958000011e+03 3.6987683038891591e-05
5.3409951931000005e+03 3.6949116112637945e-05
5.3439951904000009e+03 3.6910581666781334e-05
5.3469951877000003e+03 3.6872079655756643e-05
5.3499951850000007e+03 3.6833610034088184e-05
5.3529951823000010e+03 3.6795172756389451e-05
5.3559951796000005e+03 3.6756767777362980e-05
5.3589951769000008e+03 3.6718395051800080e-05
5.3619951742000003e+03 3.6680054534580507e-05
5.3649951715000007e+03 3.6641746180672390e-05
5.3679951688000010e+03 3.6603469945132032e-05
5.3709951661000005e+03 3.6565225783103483e-05
5.3739951634000008e+03 3.6527013649818524e-05
5.3769951607000003e+03 3.6488833500596335e-05
5.3799951580000006e+03 3.6450685290843323e-05
5.3829951553000010e+03 3.6412568976052908e-05
5.3859951526000004e+03 3.6374484511805264e-05
5.3889951499000008e+03 3.6336431853767135e-05
5.3919951472000002e+03 3.6298410957691607e-05
5.3949951445000006e+03 3.6260421779417865e-05
5.3979951418000010e+03 3.6222464274871064e-05
5.4009951391000004e+03 3.6184538400062019e-05
5.4039951364000008e+03 3.6146644111087013e-05
5.4069951337000002e+03 3.6108781364127650e-05
5.4099951310000006e+03 3.6070950115450520e-05
5.4129951283000009e+03 3.6033150321407129e-05
5.4159951256000004e+03 3.5995381938433602e-05
5.4189951229000008e+03 3.5957644923050397e-05
5.4219951202000002e+03 3.5919939231862335e-05
5.4249951175000006e+03 3.5882264821558122e-05
5.4279951148000009e+03 3.5844621648910264e-05
5.4309951121000004e+03 3.5807009670774928e-05
5.4339951094000007e+03 3.5769428844091629e-05
5.4369951067000002e+03 3.5731879125882999e-05
5.4399951040000005e+03 3.5694360473254640e-05
5.4429951013000009e+03 3.5656872843395026e-05
5.4459950986000003e+03 3.5619416193575032e-05
5.4489950959000007e+03 3.5581990481147984e-05
5.4519950932000011e+03 3.5544595663549319e-05
5.4549950905000005e+03 3.5507231698296411e-05
5.4579950878000009e+03 3.5469898542988342e-05
5.4609950851000003e+03 3.5432596155305821e-05
5.4639950824000007e+03 3.5395324493010820e-05
5.4669950797000010e+03 3.5358083513946439e-05
5.4699950770000005e+03 3.5320873176036739e-05
5.4729950743000009e+03 3.5283693437286536e-05
5.4759950716000003e+03 3.5246544255781117e-05
5.4789950689000007e+03 3.5209425589686168e-05
5.4819950662000010e+03 3.5172337397247458e-05
5.4849950635000005e+03 3.5135279636790789e-05
5.4879950608000008e+03 3.5098252266721579e-05
5.4909950581000003e+03 3.5061255245524900e-05
5.4939950554000006e+03 3.5024288531765126e-05
5.4969950527000010e+03 3.4987352084085766e-05
5.4999950500000004e+03 3.4950445861209426e-05
5.5029950473000008e+03 3.4913569821937312e-05
5.5059950446000003e+03 3.4876723925149281e-05
5.5089950419000006e+03 3.4839908129803605e-05
5.5119950392000010e+03 3.4803122394936673e-05
5.5149950365000004e+03 3.4766366679662984e-05
5.5179950338000008e+03 3.4729640943174700e-05
5.5209950311000002e+03 3.4692945144741774e-05
5.5239950284000006e+03 3.4656279243711414e-05
5.5269950257000010e+03 3.4619643199508237e-05
5.5299950230000004e+03 3.4583036971633746e-05
5.5329950203000008e+03 3.4546460519666459e-05
5.5359950176000002e+03 3.4509913803261478e-05
5.5389950149000006e+03 3.4473396782150423e-05
5.5419950122000009e+03 3.4436909416141209e-05
5.5449950095000004e+03 3.4400451665117907e-05
5.5479950068000007e+03 3.4364023489040457e-05
5.5509950041000002e+03 3.4327624847944577e-05
5.5539950014000005e+03 3.4291255701941562e-05
5.5569949987000009e+03 3.4254916011218098e-05
5.5599949960000004e+03 3.4218605736036000e-05
5.5629949933000007e+03 3.4182324836732185e-05
5.5659949906000011e+03 3.4146073273718359e-05
5.5689949879000005e+03 3.4109851007480856e-05
5.5719949852000009e+03 3.4073657998580492e-05
5.5749949825000003e+03 3.4037494207652449e-05
5.5779949798000007e+03 3.4001359595405897e-05
5.5809949771000011e+03 3.3965254122624017e-05
5.5839949744000005e+03 3.3929177750163736e-05
5.5869949717000009e+03 3.3893130438955510e-05
5.5899949690000003e+03 3.3857112150003271e-05
5.5929949663000007e+03 3.3821122844384073e-05
5.5959949636000010e+03 3.3785162483248077e-05
5.5989949609000005e+03 3.3749231027818314e-05
5.6019949582000008e+03 3.3713328439390438e-05
5.6049949555000003e+03 3.3677454679332714e-05
5.6079949528000006e+03 3.3641609709085647e-05
5.6109949501000010e+03 3.3605793490162012e-05
5.6139949474000005e+03 3.3570005984146506e-05
5.6169949447000008e+03 3.3534247152695629e-05
5.6199949420000003e+03 3.3498516957537619e-05
5.6229949393000006e+03 3.3462815360472125e-05
5.6259949366000010e+03 3.3427142323370100e-05
5.6289949339000004e+03 3.3391497808173643e-05
5.6319949312000008e+03 3.3355881776895805e-05
5.6349949285000002e+03 3.3320294191620452e-05
5.6379949258000006e+03 3.3284735014502037e-05
5.6409949231000010e+03 3.3249204207765531e-05
5.6439949204000004e+03 3.3213701733706118e-05
5.6469949177000008e+03 3.3178227554689121e-05
5.6499949150000002e+03 3.3142781633149856e-05
5.6529949123000006e+03 3.3107363931593337e-05
5.6559949096000009e+03 3.3071974412594282e-05
5.6589949069000004e+03 3.3036613038796816e-05
5.6619949042000007e+03 3.3001279772914333e-05
5.6649949015000011e+03 3.2965974577729377e-05
5.6679948988000006e+03 3.2930697416093461e-05
5.6709948961000009e+03 3.2895448250926817e-05
5.6739948934000004e+03 3.2860227045218395e-05
5.6769948907000007e+03 3.2825033762025529e-05
5.6799948880000011e+03 3.2789868364473888e-05
5.6829948853000005e+03 3.2754730815757322e-05
5.6859948826000009e+03 3.2719621079137578e-05
5.6889948799000003e+03 3.2684539117944258e-05
5.6919948772000007e+03 3.2649484895574619e-05
5.6949948745000011e+03 3.2614458375493408e-05
5.6979948718000005e+03 3.2579459521232739e-05
5.7009948691000009e+03 3.2544488296391811e-05
5.7039948664000003e+03 3.2509544664636923e-05
5.7069948637000007e+03 3.2474628589701247e-05
5.7099948610000010e+03 3.2439740035384554e-05
5.7129948583000005e+03 3.2404878965553231e-05
5.7159948556000008e+03 3.2370045344140040e-05
5.7189948529000003e+03 3.2335239135143953e-05
5.7219948502000007e+03 3.2300460302630023e-05
5.7249948475000010e+03 3.2265708810729244e-05
5.7279948448000005e+03 3.2230984623638327e-05
5.7309948421000008e+03 3.2196287705619590e-05
5.7339948394000003e+03 3.2161618021000864e-05
5.7369948367000006e+03 3.2126975534175186e-05
5.7399948340000010e+03 3.2092360209600758e-05
5.7429948313000004e+03 3.2057772011800877e-05
5.7459948286000008e+03 3.2023210905363535e-05
5.7489948259000003e+03 3.1988676854941465e-05
5.7519948232000006e+03 3.1954169825251985e-05
5.7549948205000010e+03 3.1919689781076669e-05
5.7579948178000004e+03 3.1885236687261476e-05
5.7609948151000008e+03 3.1850810508716317e-05
5.7639948124000002e+03 3.1816411210415113e-05
5.7669948097000006e+03 3.1782038757395529e-05
5.7699948070000009e+03 3.1747693114758858e-05
5.7729948043000004e+03 3.1713374247669875e-05
5.7759948016000008e+03 3.1679082121356725e-05
5.7789947989000011e+03 3.1644816701110701e-05
5.7819947962000006e+03 3.1610577952286165e-05
5.7849947935000009e+03 3.1576365840300325e-05
5.7879947908000004e+03 3.1542180330633181e-05
5.7909947881000007e+03 3.1508021388827291e-05
5.7939947854000011e+03 3.1473888980487695e-05
5.7969947827000005e+03 3.1439783071281743e-05
5.7999947800000009e+03 3.1405703626938928e-05
5.8029947773000004e+03 3.1371650613250763e-05
5.8059947746000007e+03 3.1337623996070623e-05
5.8089947719000011e+03 3.1303623741313639e-05
5.8119947692000005e+03 3.1269649814956532e-05
5.8149947665000009e+03 3.1235702183037412e-05
5.8179947638000003e+03 3.1201780811655805e-05
5.8209947611000007e+03 3.1167885666972204e-05
5.8239947584000010e+03 3.1134016715208289e-05
5.8269947557000005e+03 3.1100173922646606e-05
5.8299947530000009e+03 3.1066357255630281e-05
5.8329947503000003e+03 3.1032566680563230e-05
5.8359947476000007e+03 3.0998802163909682e-05
5.8389947449000010e+03 3.0965063672194232e-05
5.8419947422000005e+03 3.0931351172001661e-05
5.8449947395000008e+03 3.0897664629976772e-05
5.8479947368000003e+03 3.0864004012824240e-05
5.8509947341000006e+03 3.0830369287308518e-05
5.8539947314000010e+03 3.0796760420253703e-05
5.8569947287000005e+03 3.0763177378543342e-05
5.8599947260000008e+03 3.0729620129120313e-05
5.8629947233000003e+03 3.0696088638986795e-05
5.8659947206000006e+03 3.0662582875203905e-05
5.8689947179000010e+03 3.0629102804891798e-05
5.8719947152000004e+03 3.0595648395229395e-05
5.8749947125000008e+03 3.0562219613454270e-05
5.8779947098000002e+03 3.0528816426862581e-05
5.8809947071000006e+03 3.0495438802808795e-05
5.8839947044000010e+03 3.0462086708705737e-05
5.8869947017000004e+03 3.0428760112024332e-05
5.8899946990000008e+03 3.0395458980293418e-05
5.8929946963000011e+03 3.0362183281099849e-05
5.8959946936000006e+03 3.0328932982088059e-05
5.8989946909000009e+03 3.0295708050960176e-05
5.9019946882000004e+03 3.0262508455475829e-05
5.9049946855000007e+03 3.0229334163451804e-05
5.9079946828000011e+03 3.0196185142762283e-05
5.9109946801000006e+03 3.0163061361338454e-05
5.9139946774000009e+03 3.0129962787168406e-05
5.9169946747000004e+03 3.0096889388297131e-05
5.9199946720000007e+03 3.0063841132826195e-05
5.9229946693000011e+03 3.0030817988913802e-05
5.9259946666000005e+03 2.9997819924774564e-05
5.9289946639000009e+03 2.9964846908679399e-05
5.9319946612000003e+03 2.9931898908955326e-05
5.9349946585000007e+03 2.9898975893985516e-05
5.9379946558000011e+03 2.9866077832208958e-05
5.9409946531000005e+03 2.9833204692120503e-05
5.9439946504000009e+03 2.9800356442270579e-05
5.9469946477000003e+03 2.9767533051265242e-05
5.9499946450000007e+03 2.9734734487765886e-05
5.9529946423000010e+03 2.9701960720489218e-05
5.9559946396000005e+03 2.9669211718207107e-05
5.9589946369000008e+03 2.9636487449746419e-05
5.9619946342000003e+03 2.9603787883988955e-05
5.9649946315000007e+03 2.9571112989871300e-05
5.9679946288000010e+03 2.9538462736384709e-05
5.9709946261000005e+03 2.9505837092574947e-05
5.9739946234000008e+03 2.9473236027542184e-05
5.9769946207000003e+03 2.9440659510440928e-05
5.9799946180000006e+03 2.9408107510479777e-05
5.9829946153000010e+03 2.9375579996921461e-05
5.9859946126000004e+03 2.9343076939082587e-05
5.9889946099000008e+03 2.9310598306333566e-05
5.9919946072000002e+03 2.9278144068098464e-05
5.9949946045000006e+03 2.9245714193854974e-05
5.9979946018000010e+03 2.9213308653134162e-05
6.0009945991000004e+03 2.9180927415520423e-05
6.0039945964000008e+03 2.9148570450651386e-05
6.0069945937000011e+03 2.9116237728217737e-05
6.0099945910000006e+03 2.9083929217963113e-05
6.0129945883000009e+03 2.9051644889683996e-05
6.0159945856000004e+03 2.9019384713229628e-05
6.0189945829000008e+03 2.8987148658501753e-05
6.0219945802000011e+03 2.8954936695454726e-05
6.0249945775000006e+03 2.8922748794095222e-05
6.0279945748000009e+03 2.8890584924482083e-05
6.0309945721000004e+03 2.8858445056726458e-05
6.0339945694000007e+03 2.8826329160991325e-05
6.0369945667000011e+03 2.8794237207491719e-05
6.0399945640000005e+03 2.8762169166494357e-05
6.0429945613000009e+03 2.8730125008317677e-05
6.0459945586000003e+03 2.8698104703331656e-05
6.0489945559000007e+03 2.8666108221957691e-05
6.0519945532000011e+03 2.8634135534668552e-05
6.0549945505000005e+03 2.8602186611988179e-05
6.0579945478000009e+03 2.8570261424491608e-05
6.0609945451000003e+03 2.8538359942804881e-05
6.0639945424000007e+03 2.8506482137604873e-05
6.0669945397000010e+03 2.8474627979619252e-05
6.0699945370000005e+03 2.8442797439626298e-05
6.0729945343000009e+03 2.8410990488454843e-05
6.0759945316000003e+03 2.8379207096984131e-05
6.0789945289000007e+03 2.8347447236143656e-05
6.0819945262000010e+03 2.8315710876913218e-05
6.0849945235000005e+03 2.8283997990322625e-05
6.0879945208000008e+03 2.8252308547451630e-05
6.0909945181000003e+03 2.8220642519429935e-05
6.0939945154000006e+03 2.8188999877436895e-05
6.0969945127000010e+03 2.8157380592701562e-05
6.0999945100000004e+03 2.8125784636502556e-05
6.1029945073000008e+03 2.8094211980167790e-05
6.1059945046000012e+03 2.8062662595074592e-05
6.1089945019000006e+03 2.8031136452649510e-05
6.1119944992000010e+03 2.7999633524368091e-05
6.1149944965000004e+03 2.7968153781754916e-05
6.1179944938000008e+03 2.7936697196383479e-05
6.1209944911000011e+03 2.7905263739875979e-05
6.1239944884000006e+03 2.7873853383903310e-05
6.1269944857000010e+03 2.7842466100184912e-05
6.1299944830000004e+03 2.7811101860488687e-05
6.1329944803000008e+03 2.7779760636630843e-05
6.1359944776000011e+03 2.7748442400475885e-05
6.1389944749000006e+03 2.7717147123936381e-05
6.1419944722000009e+03 2.7685874778972919e-05
6.1449944695000004e+03 2.7654625337594101e-05
6.1479944668000007e+03 2.7623398771856197e-05
6.1509944641000011e+03 2.7592195053863319e-05
6.1539944614000005e+03 2.7561014155767076e-05
6.1569944587000009e+03 2.7529856049766623e-05
6.1599944560000004e+03 2.7498720708108546e-05
6.1629944533000007e+03 2.7467608103086610e-05
6.1659944506000011e+03 2.7436518207041906e-05
6.1689944479000005e+03 2.7405450992362487e-05
6.1719944452000009e+03 2.7374406431483452e-05
6.1749944425000003e+03 2.7343384496886762e-05
6.1779944398000007e+03 2.7312385161101149e-05
6.1809944371000011e+03 2.7281408396702000e-05
6.1839944344000005e+03 2.7250454176311358e-05
6.1869944317000009e+03 2.7219522472597584e-05
6.1899944290000003e+03 2.7188613258275553e-05
6.1929944263000007e+03 2.7157726506106320e-05
6.1959944236000010e+03 2.7126862188897121e-05
6.1989944209000005e+03 2.7096020279501310e-05
6.2019944182000008e+03 2.7065200750818109e-05
6.2049944155000003e+03 2.7034403575792704e-05
6.2079944128000006e+03 2.7003628727415974e-05
6.2109944101000010e+03 2.6972876178724509e-05
6.2139944074000005e+03 2.6942145902800438e-05
6.2169944047000008e+03 2.6911437872771350e-05
6.2199944020000012e+03 2.6880752061810248e-05
6.2229943993000006e+03 2.6850088443135372e-05
6.2259943966000010e+03 2.6819446990010139e-05
6.2289943939000004e+03 2.6788827675743025e-05
6.2319943912000008e+03 2.6758230473687529e-05
6.2349943885000012e+03 2.6727655357241958e-05
6.2379943858000006e+03 2.6697102299849464e-05
6.2409943831000010e+03 2.6666571274997866e-05
6.2439943804000004e+03 2.6636062256219572e-05
6.2469943777000008e+03 2.6605575217091424e-05
6.2499943750000011e+03 2.6575110131234778e-05
6.2529943723000006e+03 2.6544666972315212e-05
6.2559943696000009e+03 2.6514245714042514e-05
6.2589943669000004e+03 2.6483846330170601e-05
6.2619943642000007e+03 2.6453468794497337e-05
6.2649943615000011e+03 2.6423113080864636e-05
6.2679943588000006e+03 2.6392779163158131e-05
6.2709943561000009e+03 2.6362467015307197e-05
6.2739943534000004e+03 2.6332176611284907e-05
6.2769943507000007e+03 2.6301907925107791e-05
6.2799943480000011e+03 2.6271660930835872e-05
6.2829943453000005e+03 2.6241435602572586e-05
6.2859943426000009e+03 2.6211231914464504e-05
6.2889943399000003e+03 2.6181049840701453e-05
6.2919943372000007e+03 2.6150889355516334e-05
6.2949943345000011e+03 2.6120750433185008e-05
6.2979943318000005e+03 2.6090633048026220e-05
6.3009943291000009e+03 2.6060537174401560e-05
6.3039943264000003e+03 2.6030462786715294e-05
6.3069943237000007e+03 2.6000409859414299e-05
6.3099943210000010e+03 2.5970378366987976e-05
6.3129943183000005e+03 2.5940368283968215e-05
6.3159943156000008e+03 2.5910379584929167e-05
6.3189943129000003e+03 2.5880412244487305e-05
6.3219943102000007e+03 2.5850466237301230e-05
6.3249943075000010e+03 2.5820541538071612e-05
6.3279943048000005e+03 2.5790638121541168e-05
6.3309943021000008e+03 2.5760755962494389e-05
6.3339942994000012e+03 2.5730895035757710e-05
6.3369942967000006e+03 2.5701055316199195e-05
6.3399942940000010e+03 2.5671236778728520e-05
6.3429942913000004e+03 2.5641439398296974e-05
6.3459942886000008e+03 2.5611663149897235e-05
6.3489942859000012e+03 2.5581908008563376e-05
6.3519942832000006e+03 2.5552173949370741e-05
6.3549942805000010e+03 2.5522460947435834e-05
6.3579942778000004e+03 2.5492768977916275e-05
6.3609942751000008e+03 2.5463098016010723e-05
6.3639942724000011e+03 2.5433448036958684e-05
6.3669942697000006e+03 2.5403819016040616e-05
6.3699942670000009e+03 2.5374210928577625e-05
6.3729942643000004e+03 2.5344623749931541e-05
6.3759942616000008e+03 2.5315057455504730e-05
6.3789942589000011e+03 2.5285512020740083e-05
6.3819942562000006e+03 2.5255987421120930e-05
6.3849942535000009e+03 2.5226483632170819e-05
6.3879942508000004e+03 2.5197000629453666e-05
6.3909942481000007e+03 2.5167538388573423e-05
6.3939942454000011e+03 2.5138096885174161e-05
6.3969942427000005e+03 2.5108676094939952e-05
6.3999942400000009e+03 2.5079275993594750e-05
6.4029942373000003e+03 2.5049896556902304e-05
6.4059942346000007e+03 2.5020537760666070e-05
6.4089942319000011e+03 2.4991199580729258e-05
6.4119942292000005e+03 2.4961881992974529e-05
6.4149942265000009e+03 2.4932584973324037e-05
6.4179942238000003e+03 2.4903308497739434e-05
6.4209942211000007e+03 2.4874052542221516e-05
6.4239942184000010e+03 2.4844817082810477e-05
6.4269942157000005e+03 2.4815602095585580e-05
6.4299942130000009e+03 2.4786407556665116e-05
6.4329942103000012e+03 2.4757233442206433e-05
6.4359942076000007e+03 2.4728079728405780e-05
6.4389942049000010e+03 2.4698946391498151e-05
6.4419942022000005e+03 2.4669833407757377e-05
6.4449941995000008e+03 2.4640740753495887e-05
6.4479941968000012e+03 2.4611668405064656e-05
6.4509941941000006e+03 2.4582616338853258e-05
6.4539941914000010e+03 2.4553584531289616e-05
6.4569941887000004e+03 2.4524572958839994e-05
6.4599941860000008e+03 2.4495581598008880e-05
6.4629941833000012e+03 2.4466610425339029e-05
6.4659941806000006e+03 2.4437659417411219e-05
6.4689941779000010e+03 2.4408728550844234e-05
6.4719941752000004e+03 2.4379817802294886e-05
6.4749941725000008e+03 2.4350927148457735e-05
6.4779941698000011e+03 2.4322056566065178e-05
6.4809941671000006e+03 2.4293206031887300e-05
6.4839941644000010e+03 2.4264375522731848e-05
6.4869941617000004e+03 2.4235565015444040e-05
6.4899941590000008e+03 2.4206774486906592e-05
6.4929941563000011e+03 2.4178003914039629e-05
6.4959941536000006e+03 2.4149253273800582e-05
6.4989941509000009e+03 2.4120522543184093e-05
6.5019941482000004e+03 2.4091811699221953e-05
6.5049941455000007e+03 2.4063120718983055e-05
6.5079941428000011e+03 2.4034449579573287e-05
6.5109941401000005e+03 2.4005798258135501e-05
6.5139941374000009e+03 2.3977166731849279e-05
6.5169941347000004e+03 2.3948554977931085e-05
6.5199941320000007e+03 2.3919962973634070e-05
6.5229941293000011e+03 2.3891390696247929e-05
6.5259941266000005e+03 2.3862838123098999e-05
6.5289941239000009e+03 2.3834305231550012e-05
6.5319941212000003e+03 2.3805791999000142e-05
6.5349941185000007e+03 2.3777298402884802e-05
6.5379941158000011e+03 2.3748824420675767e-05
6.5409941131000005e+03 2.3720370029880865e-05
6.5439941104000009e+03 2.3691935208044097e-05
6.5469941077000012e+03 2.3663519932745465e-05
6.5499941050000007e+03 2.3635124181600868e-05
6.5529941023000010e+03 2.3606747932262111e-05
6.5559940996000005e+03 2.3578391162416850e-05
6.5589940969000008e+03 2.3550053849788357e-05
6.5619940942000012e+03 2.3521735972135612e-05
6.5649940915000006e+03 2.3493437507253177e-05
6.5679940888000010e+03 2.3465158432971122e-05
6.5709940861000005e+03 2.3436898727154889e-05
6.5739940834000008e+03 2.3408658367705348e-05
6.5769940807000012e+03 2.3380437332558622e-05
6.5799940780000006e+03 2.3352235599686047e-05
6.5829940753000010e+03 2.3324053147094096e-05
6.5859940726000004e+03 2.3295889952824321e-05
6.5889940699000008e+03 2.3267745994953259e-05
6.5919940672000012e+03 2.3239621251592351e-05
6.5949940645000006e+03 2.3211515700887984e-05
6.5979940618000010e+03 2.3183429321021182e-05
6.6009940591000004e+03 2.3155362090207814e-05
6.6039940564000008e+03 2.3127313986698296e-05
6.6069940537000011e+03 2.3099284988777657e-05
6.6099940510000006e+03 2.3071275074765435e-05
6.6129940483000009e+03 2.3043284223015552e-05
6.6159940456000004e+03 2.3015312411916306e-05
6.6189940429000007e+03 2.2987359619890319e-05
6.6219940402000011e+03 2.2959425825394373e-05
6.6249940375000006e+03 2.2931511006919421e-05
6.6279940348000009e+03 2.2903615142990508e-05
6.6309940321000004e+03 2.2875738212166692e-05
6.6339940294000007e+03 2.2847880193040920e-05
6.6369940267000011e+03 2.2820041064240074e-05
6.6399940240000005e+03 2.2792220804424794e-05
6.6429940213000009e+03 2.2764419392289497e-05
6.6459940186000003e+03 2.2736636806562188e-05
6.6489940159000007e+03 2.2708873026004516e-05
6.6519940132000011e+03 2.2681128029411707e-05
6.6549940105000005e+03 2.2653401795612371e-05
6.6579940078000009e+03 2.2625694303468496e-05
6.6609940051000012e+03 2.2598005531875518e-05
6.6639940024000007e+03 2.2570335459761968e-05
6.6669939997000010e+03 2.2542684066089695e-05
6.6699939970000005e+03 2.2515051329853583e-05
6.6729939943000008e+03 2.2487437230081635e-05
6.6759939916000012e+03 2.2459841745834797e-05
6.6789939889000007e+03 2.2432264856206992e-05
6.6819939862000010e+03 2.2404706540324881e-05
6.6849939835000005e+03 2.2377166777348096e-05
6.6879939808000008e+03 2.2349645546468822e-05
6.6909939781000012e+03 2.2322142826911990e-05
6.6939939754000006e+03 2.2294658597935083e-05
6.6969939727000010e+03 2.2267192838828167e-05
6.6999939700000004e+03 2.2239745528913681e-05
6.7029939673000008e+03 2.2212316647546518e-05
6.7059939646000012e+03 2.2184906174113922e-05
6.7089939619000006e+03 2.2157514088035323e-05
6.7119939592000010e+03 2.2130140368762376e-05
6.7149939565000004e+03 2.2102784995778933e-05
6.7179939538000008e+03 2.2075447948600872e-05
6.7209939511000011e+03 2.2048129206776009e-05
6.7239939484000006e+03 2.2020828749884256e-05
6.7269939457000009e+03 2.1993546557537213e-05
6.7299939430000004e+03 2.1966282609378475e-05
6.7329939403000008e+03 2.1939036885083249e-05
6.7359939376000011e+03 2.1911809364358490e-05
6.7389939349000006e+03 2.1884600026942780e-05
6.7419939322000009e+03 2.1857408852606228e-05
6.7449939295000004e+03 2.1830235821150489e-05
6.7479939268000007e+03 2.1803080912408549e-05
6.7509939241000011e+03 2.1775944106244897e-05
6.7539939214000005e+03 2.1748825382555254e-05
6.7569939187000009e+03 2.1721724721266567e-05
6.7599939160000013e+03 2.1694642102336998e-05
6.7629939133000007e+03 2.1667577505755847e-05
6.7659939106000011e+03 2.1640530911543416e-05
6.7689939079000005e+03 2.1613502299751066e-05
6.7719939052000009e+03 2.1586491650461035e-05
6.7749939025000012e+03 2.1559498943786448e-05
6.7779938998000007e+03 2.1532524159871296e-05
6.7809938971000010e+03 2.1505567278890249e-05
6.7839938944000005e+03 2.1478628281048684e-05
6.7869938917000009e+03 2.1451707146582625e-05
6.7899938890000012e+03 2.1424803855758637e-05
6.7929938863000007e+03 2.1397918388873802e-05
6.7959938836000010e+03 2.1371050726255657e-05
6.7989938809000005e+03 2.1344200848262119e-05
6.8019938782000008e+03 2.1317368735281423e-05
6.8049938755000012e+03 2.1290554367732025e-05
6.8079938728000006e+03 2.1263757726062694e-05
6.8109938701000010e+03 2.1236978790752253e-05
6.8139938674000005e+03 2.1210217542309604e-05
6.8169938647000008e+03 2.1183473961273742e-05
6.8199938620000012e+03 2.1156748028213561e-05
6.8229938593000006e+03 2.1130039723727928e-05
6.8259938566000010e+03 2.1103349028445463e-05
6.8289938539000004e+03 2.1076675923024694e-05
6.8319938512000008e+03 2.1050020388153744e-05
6.8349938485000011e+03 2.1023382404550501e-05
6.8379938458000006e+03 2.0996761952962486e-05
6.8409938431000010e+03 2.0970159014166645e-05
6.8439938404000004e+03 2.0943573568969547e-05
6.8469938377000008e+03 2.0917005598207150e-05
6.8499938350000011e+03 2.0890455082744775e-05
6.8529938323000006e+03 2.0863922003477089e-05
6.8559938296000009e+03 2.0837406341328004e-05
6.8589938269000004e+03 2.0810908077250671e-05
6.8619938242000007e+03 2.0784427192227318e-05
6.8649938215000011e+03 2.0757963667269353e-05
6.8679938188000006e+03 2.0731517483417166e-05
6.8709938161000009e+03 2.0705088621740106e-05
6.8739938134000013e+03 2.0678677063336495e-05
6.8769938107000007e+03 2.0652282789333503e-05
6.8799938080000011e+03 2.0625905780887042e-05
6.8829938053000005e+03 2.0599546019181868e-05
6.8859938026000009e+03 2.0573203485431383e-05
6.8889937999000012e+03 2.0546878160877606e-05
6.8919937972000007e+03 2.0520570026791211e-05
6.8949937945000011e+03 2.0494279064471286e-05
6.8979937918000005e+03 2.0468005255245493e-05
6.9009937891000009e+03 2.0441748580469821e-05
6.9039937864000012e+03 2.0415509021528710e-05
6.9069937837000007e+03 2.0389286559834815e-05
6.9099937810000010e+03 2.0363081176829101e-05
6.9129937783000005e+03 2.0336892853980684e-05
6.9159937756000008e+03 2.0310721572786833e-05
6.9189937729000012e+03 2.0284567314772888e-05
6.9219937702000007e+03 2.0258430061492272e-05
6.9249937675000010e+03 2.0232309794526277e-05
6.9279937648000005e+03 2.0206206495484211e-05
6.9309937621000008e+03 2.0180120146003176e-05
6.9339937594000012e+03 2.0154050727748127e-05
6.9369937567000006e+03 2.0127998222411779e-05
6.9399937540000010e+03 2.0101962611714510e-05
6.9429937513000004e+03 2.0075943877404343e-05
6.9459937486000008e+03 2.0049942001256957e-05
6.9489937459000012e+03 2.0023956965075519e-05
6.9519937432000006e+03 1.9997988750690696e-05
6.9549937405000010e+03 1.9972037339960559e-05
6.9579937378000004e+03 1.9946102714770627e-05
6.9609937351000008e+03 1.9920184857033708e-05
6.9639937324000011e+03 1.9894283748689820e-05
6.9669937297000006e+03 1.9868399371706353e-05
6.9699937270000009e+03 1.9842531708077704e-05
6.9729937243000004e+03 1.9816680739825503e-05
6.9759937216000008e+03 1.9790846448998362e-05
6.9789937189000011e+03 1.9765028817671964e-05
6.9819937162000006e+03 1.9739227827948922e-05
6.9849937135000009e+03 1.9713443461958774e-05
6.9879937108000013e+03 1.9687675701857866e-05
6.9909937081000007e+03 1.9661924529829416e-05
6.9939937054000011e+03 1.9636189928083321e-05
6.9969937027000005e+03 1.9610471878856265e-05
6.9999937000000009e+03 1.9584770364411471e-05
7.0029936973000013e+03 1.9559085367038830e-05
7.0059936946000007e+03 1.9533416869054803e-05
7.0089936919000011e+03 1.9507764852802270e-05
7.0119936892000005e+03 1.9482129300650598e-05
7.0149936865000009e+03 1.9456510194995539e-05
7.0179936838000012e+03 1.9430907518259182e-05
7.0209936811000007e+03 1.9405321252889919e-05
7.0239936784000010e+03 1.9379751381362357e-05
7.0269936757000005e+03 1.9354197886177322e-05
7.0299936730000009e+03 1.9328660749861779e-05
7.0329936703000012e+03 1.9303139954968751e-05
7.0359936676000007e+03 1.9277635484077333e-05
7.0389936649000010e+03 1.9252147319792549e-05
7.0419936622000005e+03 1.9226675444745506e-05
7.0449936595000008e+03 1.9201219841593014e-05
7.0479936568000012e+03 1.9175780493017860e-05
7.0509936541000006e+03 1.9150357381728552e-05
7.0539936514000010e+03 1.9124950490459389e-05
7.0569936487000004e+03 1.9099559801970317e-05
7.0599936460000008e+03 1.9074185299046940e-05
7.0629936433000012e+03 1.9048826964500460e-05
7.0659936406000006e+03 1.9023484781167636e-05
7.0689936379000010e+03 1.8998158731910706e-05
7.0719936352000004e+03 1.8972848799617382e-05
7.0749936325000008e+03 1.8947554967200690e-05
7.0779936298000011e+03 1.8922277217599126e-05
7.0809936271000006e+03 1.8897015533776453e-05
7.0839936244000010e+03 1.8871769898721598e-05
7.0869936217000004e+03 1.8846540295448798e-05
7.0899936190000008e+03 1.8821326706997425e-05
7.0929936163000011e+03 1.8796129116431916e-05
7.0959936136000006e+03 1.8770947506841824e-05
7.0989936109000009e+03 1.8745781861341726e-05
7.1019936082000013e+03 1.8720632163071070e-05
7.1049936055000007e+03 1.8695498395194347e-05
7.1079936028000011e+03 1.8670380540900836e-05
7.1109936001000005e+03 1.8645278583404695e-05
7.1139935974000009e+03 1.8620192505944777e-05
7.1169935947000013e+03 1.8595122291784779e-05
7.1199935920000007e+03 1.8570067924213000e-05
7.1229935893000011e+03 1.8545029386542387e-05
7.1259935866000005e+03 1.8520006662110509e-05
7.1289935839000009e+03 1.8494999734279471e-05
7.1319935812000012e+03 1.8470008586435854e-05
7.1349935785000007e+03 1.8445033201990684e-05
7.1379935758000011e+03 1.8420073564379455e-05
7.1409935731000005e+03 1.8395129657061925e-05
7.1439935704000009e+03 1.8370201463522241e-05
7.1469935677000012e+03 1.8345288967268792e-05
7.1499935650000007e+03 1.8320392151834183e-05
7.1529935623000010e+03 1.8295511000775169e-05
7.1559935596000005e+03 1.8270645497672718e-05
7.1589935569000008e+03 1.8245795626131793e-05
7.1619935542000012e+03 1.8220961369781412e-05
7.1649935515000006e+03 1.8196142712274656e-05
7.1679935488000010e+03 1.8171339637288450e-05
7.1709935461000005e+03 1.8146552128523720e-05
7.1739935434000008e+03 1.8121780169705157e-05
7.1769935407000012e+03 1.8097023744581350e-05
7.1799935380000006e+03 1.8072282836924599e-05
7.1829935353000010e+03 1.8047557430530979e-05
7.1859935326000004e+03 1.8022847509220180e-05
7.1889935299000008e+03 1.7998153056835573e-05
7.1919935272000012e+03 1.7973474057244095e-05
7.1949935245000006e+03 1.7948810494336276e-05
7.1979935218000010e+03 1.7924162352026076e-05
7.2009935191000013e+03 1.7899529614250953e-05
7.2039935164000008e+03 1.7874912264971794e-05
7.2069935137000011e+03 1.7850310288172831e-05
7.2099935110000006e+03 1.7825723667861644e-05
7.2129935083000009e+03 1.7801152388069053e-05
7.2159935056000013e+03 1.7776596432849131e-05
7.2189935029000007e+03 1.7752055786279227e-05
7.2219935002000011e+03 1.7727530432459716e-05
7.2249934975000006e+03 1.7703020355514156e-05
7.2279934948000009e+03 1.7678525539589178e-05
7.2309934921000013e+03 1.7654045968854399e-05
7.2339934894000007e+03 1.7629581627502420e-05
7.2369934867000011e+03 1.7605132499748801e-05
7.2399934840000005e+03 1.7580698569831997e-05
7.2429934813000009e+03 1.7556279822013270e-05
7.2459934786000013e+03 1.7531876240576742e-05
7.2489934759000007e+03 1.7507487809829311e-05
7.2519934732000011e+03 1.7483114514100532e-05
7.2549934705000005e+03 1.7458756337742715e-05
7.2579934678000009e+03 1.7434413265130737e-05
7.2609934651000012e+03 1.7410085280662121e-05
7.2639934624000007e+03 1.7385772368756961e-05
7.2669934597000010e+03 1.7361474513857832e-05
7.2699934570000005e+03 1.7337191700429761e-05
7.2729934543000008e+03 1.7312923912960250e-05
7.2759934516000012e+03 1.7288671135959186e-05
7.2789934489000007e+03 1.7264433353958752e-05
7.2819934462000010e+03 1.7240210551513505e-05
7.2849934435000005e+03 1.7216002713200222e-05
7.2879934408000008e+03 1.7191809823617902e-05
7.2909934381000012e+03 1.7167631867387741e-05
7.2939934354000006e+03 1.7143468829153097e-05
7.2969934327000010e+03 1.7119320693579392e-05
7.2999934300000004e+03 1.7095187445354128e-05
7.3029934273000008e+03 1.7071069069186761e-05
7.3059934246000012e+03 1.7046965549808865e-05
7.3089934219000006e+03 1.7022876871973778e-05
7.3119934192000010e+03 1.6998803020456881e-05
7.3149934165000013e+03 1.6974743980055328e-05
7.3179934138000008e+03 1.6950699735588118e-05
7.3209934111000011e+03 1.6926670271896010e-05
7.3239934084000006e+03 1.6902655573841529e-05
7.3269934057000009e+03 1.6878655626308811e-05
7.3299934030000013e+03 1.6854670414203771e-05
7.3329934003000008e+03 1.6830699922453871e-05
7.3359933976000011e+03 1.6806744136008128e-05
7.3389933949000006e+03 1.6782803039837135e-05
7.3419933922000009e+03 1.6758876618932969e-05
7.3449933895000013e+03 1.6734964858309154e-05
7.3479933868000007e+03 1.6711067743000642e-05
7.3509933841000011e+03 1.6687185258063770e-05
7.3539933814000005e+03 1.6663317388576175e-05
7.3569933787000009e+03 1.6639464119636855e-05
7.3599933760000013e+03 1.6615625436366034e-05
7.3629933733000007e+03 1.6591801323905133e-05
7.3659933706000011e+03 1.6567991767416800e-05
7.3689933679000005e+03 1.6544196752084795e-05
7.3719933652000009e+03 1.6520416263114009e-05
7.3749933625000012e+03 1.6496650285730367e-05
7.3779933598000007e+03 1.6472898805180884e-05
7.3809933571000010e+03 1.6449161806733483e-05
7.3839933544000005e+03 1.6425439275677088e-05
7.3869933517000009e+03 1.6401731197321520e-05
7.3899933490000012e+03 1.6378037556997505e-05
7.3929933463000007e+03 1.6354358340056544e-05
7.3959933436000010e+03 1.6330693531870975e-05
7.3989933409000005e+03 1.6307043117833900e-05
7.4019933382000008e+03 1.6283407083359151e-05
7.4049933355000012e+03 1.6259785413881215e-05
7.4079933328000006e+03 1.6236178094855234e-05
7.4109933301000010e+03 1.6212585111756992e-05
7.4139933274000005e+03 1.6189006450082781e-05
7.4169933247000008e+03 1.6165442095349497e-05
7.4199933220000012e+03 1.6141892033094506e-05
7.4229933193000006e+03 1.6118356248875608e-05
7.4259933166000010e+03 1.6094834728271058e-05
7.4289933139000013e+03 1.6071327456879455e-05
7.4319933112000008e+03 1.6047834420319841e-05
7.4349933085000011e+03 1.6024355604231450e-05
7.4379933058000006e+03 1.6000890994273864e-05
7.4409933031000010e+03 1.5977440576126888e-05
7.4439933004000013e+03 1.5954004335490527e-05
7.4469932977000008e+03 1.5930582258084946e-05
7.4499932950000011e+03 1.5907174329650415e-05
7.4529932923000006e+03 1.5883780535947362e-05
7.4559932896000009e+03 1.5860400862756228e-05
7.4589932869000013e+03 1.5837035295877438e-05
7.4619932842000007e+03 1.5813683821131443e-05
7.4649932815000011e+03 1.5790346424358654e-05
7.4679932788000006e+03 1.5767023091419361e-05
7.4709932761000009e+03 1.5743713808193744e-05
7.4739932734000013e+03 1.5720418560581792e-05
7.4769932707000007e+03 1.5697137334503367e-05
7.4799932680000011e+03 1.5673870115897991e-05
7.4829932653000005e+03 1.5650616890725044e-05
7.4859932626000009e+03 1.5627377644963466e-05
7.4889932599000012e+03 1.5604152364611977e-05
7.4919932572000007e+03 1.5580941035688873e-05
7.4949932545000011e+03 1.5557743644231988e-05
7.4979932518000005e+03 1.5534560176298828e-05
7.5009932491000009e+03 1.5511390617966298e-05
7.5039932464000012e+03 1.5488234955330838e-05
7.5069932437000007e+03 1.5465093174508377e-05
7.5099932410000010e+03 1.5441965261634200e-05
7.5129932383000005e+03 1.5418851202862986e-05
7.5159932356000008e+03 1.5395750984368747e-05
7.5189932329000012e+03 1.5372664592344818e-05
7.5219932302000007e+03 1.5349592013003854e-05
7.5249932275000010e+03 1.5326533232577656e-05
7.5279932248000005e+03 1.5303488237317308e-05
7.5309932221000008e+03 1.5280457013493018e-05
7.5339932194000012e+03 1.5257439547394157e-05
7.5369932167000006e+03 1.5234435825329190e-05
7.5399932140000010e+03 1.5211445833625674e-05
7.5429932113000013e+03 1.5188469558630137e-05
7.5459932086000008e+03 1.5165506986708196e-05
7.5489932059000012e+03 1.5142558104244345e-05
7.5519932032000006e+03 1.5119622897642068e-05
7.5549932005000010e+03 1.5096701353323719e-05
7.5579931978000013e+03 1.5073793457730552e-05
7.5609931951000008e+03 1.5050899197322614e-05
7.5639931924000011e+03 1.5028018558578767e-05
7.5669931897000006e+03 1.5005151527996638e-05
7.5699931870000009e+03 1.4982298092092582e-05
7.5729931843000013e+03 1.4959458237401617e-05
7.5759931816000008e+03 1.4936631950477495e-05
7.5789931789000011e+03 1.4913819217892552e-05
7.5819931762000006e+03 1.4891020026237716e-05
7.5849931735000009e+03 1.4868234362122503e-05
7.5879931708000013e+03 1.4845462212174953e-05
7.5909931681000007e+03 1.4822703563041582e-05
7.5939931654000011e+03 1.4799958401387435e-05
7.5969931627000005e+03 1.4777226713895877e-05
7.5999931600000009e+03 1.4754508487268802e-05
7.6029931573000013e+03 1.4731803708226358e-05
7.6059931546000007e+03 1.4709112363507129e-05
7.6089931519000011e+03 1.4686434439867896e-05
7.6119931492000005e+03 1.4663769924083830e-05
7.6149931465000009e+03 1.4641118802948201e-05
7.6179931438000012e+03 1.4618481063272613e-05
7.6209931411000007e+03 1.4595856691886749e-05
7.6239931384000010e+03 1.4573245675638484e-05
7.6269931357000005e+03 1.4550648001393798e-05
7.6299931330000009e+03 1.4528063656036699e-05
7.6329931303000012e+03 1.4505492626469300e-05
7.6359931276000007e+03 1.4482934899611707e-05
7.6389931249000010e+03 1.4460390462401988e-05
7.6419931222000014e+03 1.4437859301796152e-05
7.6449931195000008e+03 1.4415341404768187e-05
7.6479931168000012e+03 1.4392836758309891e-05
7.6509931141000006e+03 1.4370345349430979e-05
7.6539931114000010e+03 1.4347867165158936e-05
7.6569931087000014e+03 1.4325402192539048e-05
7.6599931060000008e+03 1.4302950418634411e-05
7.6629931033000012e+03 1.4280511830525778e-05
7.6659931006000006e+03 1.4258086415311635e-05
7.6689930979000010e+03 1.4235674160108135e-05
7.6719930952000013e+03 1.4213275052049077e-05
7.6749930925000008e+03 1.4190889078285843e-05
7.6779930898000011e+03 1.4168516225987369e-05
7.6809930871000006e+03 1.4146156482340174e-05
7.6839930844000010e+03 1.4123809834548257e-05
7.6869930817000013e+03 1.4101476269833135e-05
7.6899930790000008e+03 1.4079155775433739e-05
7.6929930763000011e+03 1.4056848338606413e-05
7.6959930736000006e+03 1.4034553946624931e-05
7.6989930709000009e+03 1.4012272586780395e-05
7.7019930682000013e+03 1.3990004246381228e-05
7.7049930655000007e+03 1.3967748912753176e-05
7.7079930628000011e+03 1.3945506573239224e-05
7.7109930601000005e+03 1.3923277215199633e-05
7.7139930574000009e+03 1.3901060826011816e-05
7.7169930547000013e+03 1.3878857393070394e-05
7.7199930520000007e+03 1.3856666903787163e-05
7.7229930493000011e+03 1.3834489345590955e-05
7.7259930466000005e+03 1.3812324705927787e-05
7.7289930439000009e+03 1.3790172972260635e-05
7.7319930412000012e+03 1.3768034132069576e-05
7.7349930385000007e+03 1.3745908172851678e-05
7.7379930358000011e+03 1.3723795082120915e-05
7.7409930331000005e+03 1.3701694847408278e-05
7.7439930304000009e+03 1.3679607456261596e-05
7.7469930277000012e+03 1.3657532896245607e-05
7.7499930250000007e+03 1.3635471154941927e-05
7.7529930223000010e+03 1.3613422219948945e-05
7.7559930196000014e+03 1.3591386078881878e-05
7.7589930169000008e+03 1.3569362719372658e-05
7.7619930142000012e+03 1.3547352129070020e-05
7.7649930115000006e+03 1.3525354295639322e-05
7.7679930088000010e+03 1.3503369206762642e-05
7.7709930061000014e+03 1.3481396850138731e-05
7.7739930034000008e+03 1.3459437213482902e-05
7.7769930007000012e+03 1.3437490284527041e-05
7.7799929980000006e+03 1.3415556051019676e-05
7.7829929953000010e+03 1.3393634500725815e-05
7.7859929926000013e+03 1.3371725621426927e-05
7.7889929899000008e+03 1.3349829400921033e-05
7.7919929872000012e+03 1.3327945827022551e-05
7.7949929845000006e+03 1.3306074887562305e-05
7.7979929818000010e+03 1.3284216570387554e-05
7.8009929791000013e+03 1.3262370863361879e-05
7.8039929764000008e+03 1.3240537754365203e-05
7.8069929737000011e+03 1.3218717231293723e-05
7.8099929710000006e+03 1.3196909282059976e-05
7.8129929683000009e+03 1.3175113894592686e-05
7.8159929656000013e+03 1.3153331056836807e-05
7.8189929629000007e+03 1.3131560756753494e-05
7.8219929602000011e+03 1.3109802982320065e-05
7.8249929575000006e+03 1.3088057721529983e-05
7.8279929548000009e+03 1.3066324962392764e-05
7.8309929521000013e+03 1.3044604692934061e-05
7.8339929494000007e+03 1.3022896901195574e-05
7.8369929467000011e+03 1.3001201575235000e-05
7.8399929440000005e+03 1.2979518703126025e-05
7.8429929413000009e+03 1.2957848272958308e-05
7.8459929386000013e+03 1.2936190272837516e-05
7.8489929359000007e+03 1.2914544690885121e-05
7.8519929332000011e+03 1.2892911515238554e-05
7.8549929305000005e+03 1.2871290734051067e-05
7.8579929278000009e+03 1.2849682335491789e-05
7.8609929251000012e+03 1.2828086307745611e-05
7.8639929224000007e+03 1.2806502639013225e-05
7.8669929197000010e+03 1.2784931317511013e-05
7.8699929170000014e+03 1.2763372331471198e-05
7.8729929143000008e+03 1.2741825669141575e-05
7.8759929116000012e+03 1.2720291318785706e-05
7.8789929089000007e+03 1.2698769268682713e-05
7.8819929062000010e+03 1.2677259507127412e-05
7.8849929035000014e+03 1.2655762022430121e-05
7.8879929008000008e+03 1.2634276802916821e-05
7.8909928981000012e+03 1.2612803836928917e-05
7.8939928954000006e+03 1.2591343112823425e-05
7.8969928927000010e+03 1.2569894618972784e-05
7.8999928900000014e+03 1.2548458343764876e-05
7.9029928873000008e+03 1.2527034275603107e-05
7.9059928846000012e+03 1.2505622402906157e-05
7.9089928819000006e+03 1.2484222714108162e-05
7.9119928792000010e+03 1.2462835197658595e-05
7.9149928765000013e+03 1.2441459842022235e-05
7.9179928738000008e+03 1.2420096635679195e-05
7.9209928711000011e+03 1.2398745567124830e-05
7.9239928684000006e+03 1.2377406624869759e-05
7.9269928657000009e+03 1.2356079797439781e-05
7.9299928630000013e+03 1.2334765073375944e-05
7.9329928603000008e+03 1.2313462441234434e-05
7.9359928576000011e+03 1.2292171889586593e-05
7.9389928549000006e+03 1.2270893407018858e-05
7.9419928522000009e+03 1.2249626982132783e-05
7.9449928495000013e+03 1.2228372603544968e-05
7.9479928468000007e+03 1.2207130259887082e-05
7.9509928441000011e+03 1.2185899939805766e-05
7.9539928414000005e+03 1.2164681631962673e-05
7.9569928387000009e+03 1.2143475325034424e-05
7.9599928360000013e+03 1.2122281007712564e-05
7.9629928333000007e+03 1.2101098668703565e-05
7.9659928306000011e+03 1.2079928296728778e-05
7.9689928279000014e+03 1.2058769880524410e-05
7.9719928252000009e+03 1.2037623408841525e-05
7.9749928225000012e+03 1.2016488870445968e-05
7.9779928198000007e+03 1.1995366254118426e-05
7.9809928171000010e+03 1.1974255548654263e-05
7.9839928144000014e+03 1.1953156742863664e-05
7.9869928117000009e+03 1.1932069825571486e-05
7.9899928090000012e+03 1.1910994785617240e-05
7.9929928063000007e+03 1.1889931611855208e-05
7.9959928036000010e+03 1.1868880293154181e-05
7.9989928009000014e+03 1.1847840818397604e-05
8.0019927982000008e+03 1.1826813176483591e-05
8.0049927955000012e+03 1.1805797356324731e-05
8.0079927928000006e+03 1.1784793346848151e-05
8.0109927901000010e+03 1.1763801136995519e-05
8.0139927874000014e+03 1.1742820715723012e-05
8.0169927847000008e+03 1.1721852072001250e-05
8.0199927820000012e+03 1.1700895194815270e-05
8.0229927793000006e+03 1.1679950073164588e-05
8.0259927766000010e+03 1.1659016696063057e-05
8.0289927739000013e+03 1.1638095052538924e-05
8.0319927712000008e+03 1.1617185131634785e-05
8.0349927685000011e+03 1.1596286922407502e-05
8.0379927658000006e+03 1.1575400413928333e-05
8.0409927631000010e+03 1.1554525595282715e-05
8.0439927604000013e+03 1.1533662455570388e-05
8.0469927577000008e+03 1.1512810983905293e-05
8.0499927550000011e+03 1.1491971169415588e-05
8.0529927523000006e+03 1.1471143001243590e-05
8.0559927496000009e+03 1.1450326468545766e-05
8.0589927469000013e+03 1.1429521560492713e-05
8.0619927442000007e+03 1.1408728266269187e-05
8.0649927415000011e+03 1.1387946575073943e-05
8.0679927388000006e+03 1.1367176476119864e-05
8.0709927361000009e+03 1.1346417958633792e-05
8.0739927334000013e+03 1.1325671011856677e-05
8.0769927307000007e+03 1.1304935625043364e-05
8.0799927280000011e+03 1.1284211787462732e-05
8.0829927253000014e+03 1.1263499488397561e-05
8.0859927226000009e+03 1.1242798717144558e-05
8.0889927199000012e+03 1.1222109463014362e-05
8.0919927172000007e+03 1.1201431715331398e-05
8.0949927145000011e+03 1.1180765463434018e-05
8.0979927118000014e+03 1.1160110696674364e-05
8.1009927091000009e+03 1.1139467404418410e-05
8.1039927064000012e+03 1.1118835576045855e-05
8.1069927037000007e+03 1.1098215200950218e-05
8.1099927010000010e+03 1.1077606268538704e-05
8.1129926983000014e+03 1.1057008768232266e-05
8.1159926956000008e+03 1.1036422689465495e-05
8.1189926929000012e+03 1.1015848021686695e-05
8.1219926902000007e+03 1.0995284754357799e-05
8.1249926875000010e+03 1.0974732876954330e-05
8.1279926848000014e+03 1.0954192378965460e-05
8.1309926821000008e+03 1.0933663249893920e-05
8.1339926794000012e+03 1.0913145479255919e-05
8.1369926767000006e+03 1.0892639056581323e-05
8.1399926740000010e+03 1.0872143971413400e-05
8.1429926713000013e+03 1.0851660213308955e-05
8.1459926686000008e+03 1.0831187771838267e-05
8.1489926659000012e+03 1.0810726636584997e-05
8.1519926632000006e+03 1.0790276797146252e-05
8.1549926605000010e+03 1.0769838243132573e-05
8.1579926578000013e+03 1.0749410964167817e-05
8.1609926551000008e+03 1.0728994949889221e-05
8.1639926524000011e+03 1.0708590189947362e-05
8.1669926497000006e+03 1.0688196674006093e-05
8.1699926470000009e+03 1.0667814391742540e-05
8.1729926443000013e+03 1.0647443332847187e-05
8.1759926416000008e+03 1.0627083487023643e-05
8.1789926389000011e+03 1.0606734843988768e-05
8.1819926362000006e+03 1.0586397393472707e-05
8.1849926335000009e+03 1.0566071125218650e-05
8.1879926308000013e+03 1.0545756028983009e-05
8.1909926281000007e+03 1.0525452094535341e-05
8.1939926254000002e+03 1.0505159311658319e-05
8.1969926227000014e+03 1.0484877670147601e-05
8.1999926200000009e+03 1.0464607159812061e-05
8.2029926173000003e+03 1.0444347770473533e-05
8.2059926146000016e+03 1.0424099491966859e-05
8.2089926119000011e+03 1.0403862314139958e-05
8.2119926092000005e+03 1.0383636226853689e-05
8.2149926065000018e+03 1.0363421219981840e-05
8.2179926038000012e+03 1.0343217283411223e-05
8.2209926011000007e+03 1.0323024407041468e-05
8.2239925984000001e+03 1.0302842580785180e-05
8.2269925957000014e+03 1.0282671794567787e-05
8.2299925930000009e+03 1.0262512038327617e-05
8.2329925903000003e+03 1.0242363302015778e-05
8.2359925876000016e+03 1.0222225575596237e-05
8.2389925849000010e+03 1.0202098849045775e-05
8.2419925822000005e+03 1.0181983112353827e-05
8.2449925795000017e+03 1.0161878355522708e-05
8.2479925768000012e+03 1.0141784568567411e-05
8.2509925741000006e+03 1.0121701741515625e-05
8.2539925714000019e+03 1.0101629864407701e-05
8.2569925687000014e+03 1.0081568927296740e-05
8.2599925660000008e+03 1.0061518920248423e-05
8.2629925633000003e+03 1.0041479833341076e-05
8.2659925606000015e+03 1.0021451656665607e-05
8.2689925579000010e+03 1.0001434380325525e-05
8.2719925552000004e+03 9.9814279944369457e-06
8.2749925525000017e+03 9.9614324891284403e-06
8.2779925498000011e+03 9.9414478545411604e-06
8.2809925471000006e+03 9.9214740808287512e-06
8.2839925444000019e+03 9.9015111581573177e-06
8.2869925417000013e+03 9.8815590767054943e-06
8.2899925390000008e+03 9.8616178266642363e-06
8.2929925363000002e+03 9.8416873982370112e-06
8.2959925336000015e+03 9.8217677816396908e-06
8.2989925309000009e+03 9.8018589671004607e-06
8.3019925282000004e+03 9.7819609448599361e-06
8.3049925255000016e+03 9.7620737051710158e-06
8.3079925228000011e+03 9.7421972382989586e-06
8.3109925201000005e+03 9.7223315345213152e-06
8.3139925174000018e+03 9.7024765841278796e-06
8.3169925147000013e+03 9.6826323774207698e-06
8.3199925120000007e+03 9.6627989047143083e-06
8.3229925093000002e+03 9.6429761563349991e-06
8.3259925066000014e+03 9.6231641226216423e-06
8.3289925039000009e+03 9.6033627939251093e-06
8.3319925012000003e+03 9.5835721606085219e-06
8.3349924985000016e+03 9.5637922130470817e-06
8.3379924958000011e+03 9.5440229416281830e-06
8.3409924931000005e+03 9.5242643367512206e-06
8.3439924904000018e+03 9.5045163888277409e-06
8.3469924877000012e+03 9.4847790882813689e-06
8.3499924850000007e+03 9.4650524255477304e-06
8.3529924823000019e+03 9.4453363910744538e-06
8.3559924796000014e+03 9.4256309753212612e-06
8.3589924769000008e+03 9.4059361687597724e-06
8.3619924742000003e+03 9.3862519618736212e-06
8.3649924715000016e+03 9.3665783451583290e-06
8.3679924688000010e+03 9.3469153091214346e-06
8.3709924661000005e+03 9.3272628442823203e-06
8.3739924634000017e+03 9.3076209411722569e-06
8.3769924607000012e+03 9.2879895903344234e-06
8.3799924580000006e+03 9.2683687823238365e-06
8.3829924553000019e+03 9.2487585077072765e-06
8.3859924526000013e+03 9.2291587570634638e-06
8.3889924499000008e+03 9.2095695209828228e-06
8.3919924472000002e+03 9.1899907900675635e-06
8.3949924445000015e+03 9.1704225549316344e-06
8.3979924418000010e+03 9.1508648062007827e-06
8.4009924391000004e+03 9.1313175345123978e-06
8.4039924364000017e+03 9.1117807305156473e-06
8.4069924337000011e+03 9.0922543848713206e-06
8.4099924310000006e+03 9.0727384882518740e-06
8.4129924283000018e+03 9.0532330313413865e-06
8.4159924256000013e+03 9.0337380048356706e-06
8.4189924229000007e+03 9.0142533994420261e-06
8.4219924202000002e+03 8.9947792058793554e-06
8.4249924175000015e+03 8.9753154148781636e-06
8.4279924148000009e+03 8.9558620171804839e-06
8.4309924121000004e+03 8.9364190035399133e-06
8.4339924094000016e+03 8.9169863647215344e-06
8.4369924067000011e+03 8.8975640915018988e-06
8.4399924040000005e+03 8.8781521746690979e-06
8.4429924013000018e+03 8.8587506050225955e-06
8.4459923986000013e+03 8.8393593733733903e-06
8.4489923959000007e+03 8.8199784705438480e-06
8.4519923932000002e+03 8.8006078873677067e-06
8.4549923905000014e+03 8.7812476146901531e-06
8.4579923878000009e+03 8.7618976433677122e-06
8.4609923851000003e+03 8.7425579642682625e-06
8.4639923824000016e+03 8.7232285682709820e-06
8.4669923797000010e+03 8.7039094462663973e-06
8.4699923770000005e+03 8.6846005891563159e-06
8.4729923743000018e+03 8.6653019878538105e-06
8.4759923716000012e+03 8.6460136332832433e-06
8.4789923689000007e+03 8.6267355163801861e-06
8.4819923662000019e+03 8.6074676280914339e-06
8.4849923635000014e+03 8.5882099593750099e-06
8.4879923608000008e+03 8.5689625012001165e-06
8.4909923581000003e+03 8.5497252445470742e-06
8.4939923554000015e+03 8.5304981804074098e-06
8.4969923527000010e+03 8.5112812997838089e-06
8.4999923500000004e+03 8.4920745936899804e-06
8.5029923473000017e+03 8.4728780531508004e-06
8.5059923446000012e+03 8.4536916692022378e-06
8.5089923419000006e+03 8.4345154328912645e-06
8.5119923392000019e+03 8.4153493352759062e-06
8.5149923365000013e+03 8.3961933674252795e-06
8.5179923338000008e+03 8.3770475204194651e-06
8.5209923311000002e+03 8.3579117853495060e-06
8.5239923284000015e+03 8.3387861533174719e-06
8.5269923257000009e+03 8.3196706154363744e-06
8.5299923230000004e+03 8.3005651628301891e-06
8.5329923203000017e+03 8.2814697866337133e-06
8.5359923176000011e+03 8.2623844779928050e-06
8.5389923149000006e+03 8.2433092280640996e-06
8.5419923122000018e+03 8.2242440280150899e-06
8.5449923095000013e+03 8.2051888690242548e-06
8.5479923068000007e+03 8.1861437422807846e-06
8.5509923041000002e+03 8.1671086389847286e-06
8.5539923014000015e+03 8.1480835503468988e-06
8.5569922987000009e+03 8.1290684675890249e-06
8.5599922960000004e+03 8.1100633819434199e-06
8.5629922933000016e+03 8.0910682846532861e-06
8.5659922906000011e+03 8.0720831669725254e-06
8.5689922879000005e+03 8.0531080201657498e-06
8.5719922852000018e+03 8.0341428355082252e-06
8.5749922825000012e+03 8.0151876042860204e-06
8.5779922798000007e+03 7.9962423177957314e-06
8.5809922771000020e+03 7.9773069673447130e-06
8.5839922744000014e+03 7.9583815442509147e-06
8.5869922717000009e+03 7.9394660398428877e-06
8.5899922690000003e+03 7.9205604454597996e-06
8.5929922663000016e+03 7.9016647524513806e-06
8.5959922636000010e+03 7.8827789521779947e-06
8.5989922609000005e+03 7.8639030360104835e-06
8.6019922582000017e+03 7.8450369953302292e-06
8.6049922555000012e+03 7.8261808215292104e-06
8.6079922528000006e+03 7.8073345060097818e-06
8.6109922501000019e+03 7.7884980401848791e-06
8.6139922474000014e+03 7.7696714154778821e-06
8.6169922447000008e+03 7.7508546233225908e-06
8.6199922420000003e+03 7.7320476551632982e-06
8.6229922393000015e+03 7.7132505024546480e-06
8.6259922366000010e+03 7.6944631566617381e-06
8.6289922339000004e+03 7.6756856092600542e-06
8.6319922312000017e+03 7.6569178517354109e-06
8.6349922285000011e+03 7.6381598755840057e-06
8.6379922258000006e+03 7.6194116723123665e-06
8.6409922231000019e+03 7.6006732334373414e-06
8.6439922204000013e+03 7.5819445504861014e-06
8.6469922177000008e+03 7.5632256149960801e-06
8.6499922150000002e+03 7.5445164185150058e-06
8.6529922123000015e+03 7.5258169526008484e-06
8.6559922096000009e+03 7.5071272088218550e-06
8.6589922069000004e+03 7.4884471787564207e-06
8.6619922042000017e+03 7.4697768539932205e-06
8.6649922015000011e+03 7.4511162261311223e-06
8.6679921988000006e+03 7.4324652867791162e-06
8.6709921961000018e+03 7.4138240275564093e-06
8.6739921934000013e+03 7.3951924400923330e-06
8.6769921907000007e+03 7.3765705160263470e-06
8.6799921880000002e+03 7.3579582470080294e-06
8.6829921853000014e+03 7.3393556246970280e-06
8.6859921826000009e+03 7.3207626407631304e-06
8.6889921799000003e+03 7.3021792868861877e-06
8.6919921772000016e+03 7.2836055547560206e-06
8.6949921745000011e+03 7.2650414360725542e-06
8.6979921718000005e+03 7.2464869225457753e-06
8.7009921691000018e+03 7.2279420058955498e-06
8.7039921664000012e+03 7.2094066778518504e-06
8.7069921637000007e+03 7.1908809301545997e-06
8.7099921610000019e+03 7.1723647545535801e-06
8.7129921583000014e+03 7.1538581428086787e-06
8.7159921556000008e+03 7.1353610866895771e-06
8.7189921529000003e+03 7.1168735779759291e-06
8.7219921502000016e+03 7.0983956084572740e-06
8.7249921475000010e+03 7.0799271699330741e-06
8.7279921448000005e+03 7.0614682542125700e-06
8.7309921421000017e+03 7.0430188531148821e-06
8.7339921394000012e+03 7.0245789584690603e-06
8.7369921367000006e+03 7.0061485621138399e-06
8.7399921340000019e+03 6.9877276558978372e-06
8.7429921313000013e+03 6.9693162316794708e-06
8.7459921286000008e+03 6.9509142813268787e-06
8.7489921259000002e+03 6.9325217967180044e-06
8.7519921232000015e+03 6.9141387697404905e-06
8.7549921205000010e+03 6.8957651922917809e-06
8.7579921178000004e+03 6.8774010562789576e-06
8.7609921151000017e+03 6.8590463536188556e-06
8.7639921124000011e+03 6.8407010762379964e-06
8.7669921097000006e+03 6.8223652160725172e-06
8.7699921070000019e+03 6.8040387650682644e-06
8.7729921043000013e+03 6.7857217151807079e-06
8.7759921016000008e+03 6.7674140583749296e-06
8.7789920989000002e+03 6.7491157866256573e-06
8.7819920962000015e+03 6.7308268919171726e-06
8.7849920935000009e+03 6.7125473662433744e-06
8.7879920908000004e+03 6.6942772016076938e-06
8.7909920881000016e+03 6.6760163900231372e-06
8.7939920854000011e+03 6.6577649235122651e-06
8.7969920827000005e+03 6.6395227941071014e-06
8.7999920800000018e+03 6.6212899938492463e-06
8.8029920773000013e+03 6.6030665147897462e-06
8.8059920746000007e+03 6.5848523489891505e-06
8.8089920719000020e+03 6.5666474885174578e-06
8.8119920692000014e+03 6.5484519254541291e-06
8.8149920665000009e+03 6.5302656518880691e-06
8.8179920638000003e+03 6.5120886599175615e-06
8.8209920611000016e+03 6.4939209416503293e-06
8.8239920584000010e+03 6.4757624892034985e-06
8.8269920557000005e+03 6.4576132947035701e-06
8.8299920530000018e+03 6.4394733502863378e-06
8.8329920503000012e+03 6.4213426480970754e-06
8.8359920476000007e+03 6.4032211802902682e-06
8.8389920449000019e+03 6.3851089390297906e-06
8.8419920422000014e+03 6.3670059164887906e-06
8.8449920395000008e+03 6.3489121048497470e-06
8.8479920368000003e+03 6.3308274963043841e-06
8.8509920341000015e+03 6.3127520830536713e-06
8.8539920314000010e+03 6.2946858573078913e-06
8.8569920287000004e+03 6.2766288112865231e-06
8.8599920260000017e+03 6.2585809372182316e-06
8.8629920233000012e+03 6.2405422273409627e-06
8.8659920206000006e+03 6.2225126739018265e-06
8.8689920179000019e+03 6.2044922691570656e-06
8.8719920152000013e+03 6.1864810053721435e-06
8.8749920125000008e+03 6.1684788748217081e-06
8.8779920098000002e+03 6.1504858697894272e-06
8.8809920071000015e+03 6.1325019825681939e-06
8.8839920044000010e+03 6.1145272054599939e-06
8.8869920017000004e+03 6.0965615307758798e-06
8.8899919990000017e+03 6.0786049508359725e-06
8.8929919963000011e+03 6.0606574579695524e-06
8.8959919936000006e+03 6.0427190445148374e-06
8.8989919909000018e+03 6.0247897028191542e-06
8.9019919882000013e+03 6.0068694252388586e-06
8.9049919855000007e+03 5.9889582041393091e-06
8.9079919828000020e+03 5.9710560318948206e-06
8.9109919801000015e+03 5.9531629008887583e-06
8.9139919774000009e+03 5.9352788035134443e-06
8.9169919747000004e+03 5.9174037321701383e-06
8.9199919720000016e+03 5.8995376792690600e-06
8.9229919693000011e+03 5.8816806372293612e-06
8.9259919666000005e+03 5.8638325984790958e-06
8.9289919639000018e+03 5.8459935554552481e-06
8.9319919612000012e+03 5.8281635006036724e-06
8.9349919585000007e+03 5.8103424263791417e-06
8.9379919558000020e+03 5.7925303252452108e-06
8.9409919531000014e+03 5.7747271896743714e-06
8.9439919504000009e+03 5.7569330121478977e-06
8.9469919477000003e+03 5.7391477851559352e-06
8.9499919450000016e+03 5.7213715011973898e-06
8.9529919423000010e+03 5.7036041527800171e-06
8.9559919396000005e+03 5.6858457324203106e-06
8.9589919369000017e+03 5.6680962326435484e-06
8.9619919342000012e+03 5.6503556459838128e-06
8.9649919315000006e+03 5.6326239649838374e-06
8.9679919288000019e+03 5.6149011821951789e-06
8.9709919261000014e+03 5.5971872901780724e-06
8.9739919234000008e+03 5.5794822815014436e-06
8.9769919207000003e+03 5.5617861487429614e-06
8.9799919180000015e+03 5.5440988844888979e-06
8.9829919153000010e+03 5.5264204813342869e-06
8.9859919126000004e+03 5.5087509318827249e-06
8.9889919099000017e+03 5.4910902287465041e-06
8.9919919072000012e+03 5.4734383645465232e-06
8.9949919045000006e+03 5.4557953319122880e-06
8.9979919018000019e+03 5.4381611234819545e-06
9.0009918991000013e+03 5.4205357319021978e-06
9.0039918964000008e+03 5.4029191498283003e-06
9.0069918937000002e+03 5.3853113699241485e-06
9.0099918910000015e+03 5.3677123848620867e-06
9.0129918883000009e+03 5.3501221873231049e-06
9.0159918856000004e+03 5.3325407699966047e-06
9.0189918829000017e+03 5.3149681255805947e-06
9.0219918802000011e+03 5.2974042467815343e-06
9.0249918775000006e+03 5.2798491263143809e-06
9.0279918748000018e+03 5.2623027569025448e-06
9.0309918721000013e+03 5.2447651312779327e-06
9.0339918694000007e+03 5.2272362421809039e-06
9.0369918667000020e+03 5.2097160823601821e-06
9.0399918640000014e+03 5.1922046445730122e-06
9.0429918613000009e+03 5.1747019215849782e-06
9.0459918586000003e+03 5.1572079061700724e-06
9.0489918559000016e+03 5.1397225911107009e-06
9.0519918532000011e+03 5.1222459691976535e-06
9.0549918505000005e+03 5.1047780332300169e-06
9.0579918478000018e+03 5.0873187760152440e-06
9.0609918451000012e+03 5.0698681903692187e-06
9.0639918424000007e+03 5.0524262691159931e-06
9.0669918397000019e+03 5.0349930050880457e-06
9.0699918370000014e+03 5.0175683911261141e-06
9.0729918343000008e+03 5.0001524200792304e-06
9.0759918316000003e+03 4.9827450848046637e-06
9.0789918289000016e+03 4.9653463781680005e-06
9.0819918262000010e+03 4.9479562930430170e-06
9.0849918235000005e+03 4.9305748223118100e-06
9.0879918208000017e+03 4.9132019588646202e-06
9.0909918181000012e+03 4.8958376955999228e-06
9.0939918154000006e+03 4.8784820254244239e-06
9.0969918127000019e+03 4.8611349412529744e-06
9.0999918100000014e+03 4.8437964360086350e-06
9.1029918073000008e+03 4.8264665026225922e-06
9.1059918046000003e+03 4.8091451340342386e-06
9.1089918019000015e+03 4.7918323231910721e-06
9.1119917992000010e+03 4.7745280630486854e-06
9.1149917965000004e+03 4.7572323465708648e-06
9.1179917938000017e+03 4.7399451667294528e-06
9.1209917911000011e+03 4.7226665165043655e-06
9.1239917884000006e+03 4.7053963888836255e-06
9.1269917857000019e+03 4.6881347768633307e-06
9.1299917830000013e+03 4.6708816734476361e-06
9.1329917803000008e+03 4.6536370716486868e-06
9.1359917776000020e+03 4.6364009644867287e-06
9.1389917749000015e+03 4.6191733449899999e-06
9.1419917722000009e+03 4.6019542061947255e-06
9.1449917695000004e+03 4.5847435411451694e-06
9.1479917668000016e+03 4.5675413428935369e-06
9.1509917641000011e+03 4.5503476045000507e-06
9.1539917614000005e+03 4.5331623190328321e-06
9.1569917587000018e+03 4.5159854795680177e-06
9.1599917560000013e+03 4.4988170791896666e-06
9.1629917533000007e+03 4.4816571109897185e-06
9.1659917506000020e+03 4.4645055680680609e-06
9.1689917479000014e+03 4.4473624435324824e-06
9.1719917452000009e+03 4.4302277304986965e-06
9.1749917425000003e+03 4.4131014220902306e-06
9.1779917398000016e+03 4.3959835114384733e-06
9.1809917371000010e+03 4.3788739916827762e-06
9.1839917344000005e+03 4.3617728559702455e-06
9.1869917317000018e+03 4.3446800974557963e-06
9.1899917290000012e+03 4.3275957093022699e-06
9.1929917263000007e+03 4.3105196846802152e-06
9.1959917236000019e+03 4.2934520167680125e-06
9.1989917209000014e+03 4.2763926987518830e-06
9.2019917182000008e+03 4.2593417238257469e-06
9.2049917155000003e+03 4.2422990851913219e-06
9.2079917128000016e+03 4.2252647760580499e-06
9.2109917101000010e+03 4.2082387896432095e-06
9.2139917074000005e+03 4.1912211191716714e-06
9.2169917047000017e+03 4.1742117578761251e-06
9.2199917020000012e+03 4.1572106989969377e-06
9.2229916993000006e+03 4.1402179357821631e-06
9.2259916966000019e+03 4.1232334614875097e-06
9.2289916939000013e+03 4.1062572693764857e-06
9.2319916912000008e+03 4.0892893527201198e-06
9.2349916885000021e+03 4.0723297047971301e-06
9.2379916858000015e+03 4.0553783188939337e-06
9.2409916831000010e+03 4.0384351883044994e-06
9.2439916804000004e+03 4.0215003063304585e-06
9.2469916777000017e+03 4.0045736662810334e-06
9.2499916750000011e+03 3.9876552614730647e-06
9.2529916723000006e+03 3.9707450852309426e-06
9.2559916696000018e+03 3.9538431308866738e-06
9.2589916669000013e+03 3.9369493917797485e-06
9.2619916642000007e+03 3.9200638612573185e-06
9.2649916615000020e+03 3.9031865326739960e-06
9.2679916588000015e+03 3.8863173993919243e-06
9.2709916561000009e+03 3.8694564547808362e-06
9.2739916534000004e+03 3.8526036922178658e-06
9.2769916507000016e+03 3.8357591050877170e-06
9.2799916480000011e+03 3.8189226867825986e-06
9.2829916453000005e+03 3.8020944307021178e-06
9.2859916426000018e+03 3.7852743302533872e-06
9.2889916399000012e+03 3.7684623788509819e-06
9.2919916372000007e+03 3.7516585699168941e-06
9.2949916345000020e+03 3.7348628968805794e-06
9.2979916318000014e+03 3.7180753531788890e-06
9.3009916291000009e+03 3.7012959322560925e-06
9.3039916264000003e+03 3.6845246275638534e-06
9.3069916237000016e+03 3.6677614325612145e-06
9.3099916210000010e+03 3.6510063407146311e-06
9.3129916183000005e+03 3.6342593454978931e-06
9.3159916156000018e+03 3.6175204403921387e-06
9.3189916129000012e+03 3.6007896188858831e-06
9.3219916102000007e+03 3.5840668744749699e-06
9.3249916075000019e+03 3.5673522006625515e-06
9.3279916048000014e+03 3.5506455909591114e-06
9.3309916021000008e+03 3.5339470388824164e-06
9.3339915994000003e+03 3.5172565379575449e-06
9.3369915967000015e+03 3.5005740817168134e-06
9.3399915940000010e+03 3.4838996636998944e-06
9.3429915913000004e+03 3.4672332774536560e-06
9.3459915886000017e+03 3.4505749165322087e-06
9.3489915859000012e+03 3.4339245744969723e-06
9.3519915832000006e+03 3.4172822449165196e-06
9.3549915805000019e+03 3.4006479213666426e-06
9.3579915778000013e+03 3.3840215974304435e-06
9.3609915751000008e+03 3.3674032666981334e-06
9.3639915724000020e+03 3.3507929227670757e-06
9.3669915697000015e+03 3.3341905592419452e-06
9.3699915670000009e+03 3.3175961697344582e-06
9.3729915643000004e+03 3.3010097478635519e-06
9.3759915616000017e+03 3.2844312872552520e-06
9.3789915589000011e+03 3.2678607815428249e-06
9.3819915562000006e+03 3.2512982243665603e-06
9.3849915535000018e+03 3.2347436093739005e-06
9.3879915508000013e+03 3.2181969302194434e-06
9.3909915481000007e+03 3.2016581805647627e-06
9.3939915454000020e+03 3.1851273540786323e-06
9.3969915427000014e+03 3.1686044444368700e-06
9.3999915400000009e+03 3.1520894453223130e-06
9.4029915373000003e+03 3.1355823504249113e-06
9.4059915346000016e+03 3.1190831534416350e-06
9.4089915319000011e+03 3.1025918480764551e-06
9.4119915292000005e+03 3.0861084280404518e-06
9.4149915265000018e+03 3.0696328870516188e-06
9.4179915238000012e+03 3.0531652188350357e-06
9.4209915211000007e+03 3.0367054171227395e-06
9.4239915184000020e+03 3.0202534756537439e-06
9.4269915157000014e+03 3.0038093881740628e-06
9.4299915130000009e+03 2.9873731484366455e-06
9.4329915103000003e+03 2.9709447502014174e-06
9.4359915076000016e+03 2.9545241872352380e-06
9.4389915049000010e+03 2.9381114533119011e-06
9.4419915022000005e+03 2.9217065422121577e-06
9.4449914995000017e+03 2.9053094477236016e-06
9.4479914968000012e+03 2.8889201636407855e-06
9.4509914941000006e+03 2.8725386837651713e-06
9.4539914914000019e+03 2.8561650019050253e-06
9.4569914887000014e+03 2.8397991118756120e-06
9.4599914860000008e+03 2.8234410074989322e-06
9.4629914833000021e+03 2.8070906826039197e-06
9.4659914806000015e+03 2.7907481310263563e-06
9.4689914779000010e+03 2.7744133466088244e-06
9.4719914752000004e+03 2.7580863232007506e-06
9.4749914725000017e+03 2.7417670546583439e-06
9.4779914698000011e+03 2.7254555348447018e-06
9.4809914671000006e+03 2.7091517576296572e-06
9.4839914644000019e+03 2.6928557168898030e-06
9.4869914617000013e+03 2.6765674065085963e-06
9.4899914590000008e+03 2.6602868203761680e-06
9.4929914563000020e+03 2.6440139523894905e-06
9.4959914536000015e+03 2.6277487964522544e-06
9.4989914509000009e+03 2.6114913464748611e-06
9.5019914482000004e+03 2.5952415963744706e-06
9.5049914455000016e+03 2.5789995400749339e-06
9.5079914428000011e+03 2.5627651715068622e-06
9.5109914401000005e+03 2.5465384846075555e-06
9.5139914374000018e+03 2.5303194733209412e-06
9.5169914347000013e+03 2.5141081315977255e-06
9.5199914320000007e+03 2.4979044533952194e-06
9.5229914293000020e+03 2.4817084326774036e-06
9.5259914266000014e+03 2.4655200634149716e-06
9.5289914239000009e+03 2.4493393395851766e-06
9.5319914212000003e+03 2.4331662551719641e-06
9.5349914185000016e+03 2.4170008041658616e-06
9.5379914158000011e+03 2.4008429805640659e-06
9.5409914131000005e+03 2.3846927783703326e-06
9.5439914104000018e+03 2.3685501915950456e-06
9.5469914077000012e+03 2.3524152142551886e-06
9.5499914050000007e+03 2.3362878403742644e-06
9.5529914023000019e+03 2.3201680639823783e-06
9.5559913996000014e+03 2.3040558791162386e-06
9.5589913969000008e+03 2.2879512798190482e-06
9.5619913942000021e+03 2.2718542601405476e-06
9.5649913915000016e+03 2.2557648141370581e-06
9.5679913888000010e+03 2.2396829358713948e-06
9.5709913861000005e+03 2.2236086194128686e-06
9.5739913834000017e+03 2.2075418588373239e-06
9.5769913807000012e+03 2.1914826482271034e-06
9.5799913780000006e+03 2.1754309816710398e-06
9.5829913753000019e+03 2.1593868532643730e-06
9.5859913726000013e+03 2.1433502571089246e-06
9.5889913699000008e+03 2.1273211873128997e-06
9.5919913672000021e+03 2.1112996379909518e-06
9.5949913645000015e+03 2.0952856032642083e-06
9.5979913618000010e+03 2.0792790772602220e-06
9.6009913591000004e+03 2.0632800541129748e-06
9.6039913564000017e+03 2.0472885279627875e-06
9.6069913537000011e+03 2.0313044929565184e-06
9.6099913510000006e+03 2.0153279432473220e-06
9.6129913483000018e+03 1.9993588729947574e-06
9.6159913456000013e+03 1.9833972763647902e-06
9.6189913429000007e+03 1.9674431475297250e-06
9.6219913402000020e+03 1.9514964806682499e-06
9.6249913375000015e+03 1.9355572699653720e-06
9.6279913348000009e+03 1.9196255096124793e-06
9.6309913321000004e+03 1.9037011938072794e-06
9.6339913294000016e+03 1.8877843167537749e-06
9.6369913267000011e+03 1.8718748726623075e-06
9.6399913240000005e+03 1.8559728557495594e-06
9.6429913213000018e+03 1.8400782602384634e-06
9.6459913186000013e+03 1.8241910803582480e-06
9.6489913159000007e+03 1.8083113103444155e-06
9.6519913132000020e+03 1.7924389444387857e-06
9.6549913105000014e+03 1.7765739768893856e-06
9.6579913078000009e+03 1.7607164019505381e-06
9.6609913051000003e+03 1.7448662138827948e-06
9.6639913024000016e+03 1.7290234069528939e-06
9.6669912997000010e+03 1.7131879754338902e-06
9.6699912970000005e+03 1.6973599136050248e-06
9.6729912943000018e+03 1.6815392157517235e-06
9.6759912916000012e+03 1.6657258761656196e-06
9.6789912889000007e+03 1.6499198891445766e-06
9.6819912862000019e+03 1.6341212489925985e-06
9.6849912835000014e+03 1.6183299500198977e-06
9.6879912808000008e+03 1.6025459865428273e-06
9.6909912781000021e+03 1.5867693528839045e-06
9.6939912754000015e+03 1.5710000433718091e-06
9.6969912727000010e+03 1.5552380523413633e-06
9.6999912700000004e+03 1.5394833741335079e-06
9.7029912673000017e+03 1.5237360030953255e-06
9.7059912646000012e+03 1.5079959335799965e-06
9.7089912619000006e+03 1.4922631599467979e-06
9.7119912592000019e+03 1.4765376765611486e-06
9.7149912565000013e+03 1.4608194777945430e-06
9.7179912538000008e+03 1.4451085580245066e-06
9.7209912511000020e+03 1.4294049116347067e-06
9.7239912484000015e+03 1.4137085330148638e-06
9.7269912457000009e+03 1.3980194165607071e-06
9.7299912430000004e+03 1.3823375566740425e-06
9.7329912403000017e+03 1.3666629477627501e-06
9.7359912376000011e+03 1.3509955842406981e-06
9.7389912349000006e+03 1.3353354605277858e-06
9.7419912322000018e+03 1.3196825710499441e-06
9.7449912295000013e+03 1.3040369102390907e-06
9.7479912268000007e+03 1.2883984725331314e-06
9.7509912241000020e+03 1.2727672523760025e-06
9.7539912214000015e+03 1.2571432442176065e-06
9.7569912187000009e+03 1.2415264425137669e-06
9.7599912160000003e+03 1.2259168417263604e-06
9.7629912133000016e+03 1.2103144363231633e-06
9.7659912106000011e+03 1.1947192207779168e-06
9.7689912079000005e+03 1.1791311895702836e-06
9.7719912052000018e+03 1.1635503371858921e-06
9.7749912025000012e+03 1.1479766581162477e-06
9.7779911998000007e+03 1.1324101468588430e-06
9.7809911971000020e+03 1.1168507979169820e-06
9.7839911944000014e+03 1.1012986057999782e-06
9.7869911917000009e+03 1.0857535650229343e-06
9.7899911890000021e+03 1.0702156701069180e-06
9.7929911863000016e+03 1.0546849155788086e-06
9.7959911836000010e+03 1.0391612959713628e-06
9.7989911809000005e+03 1.0236448058232580e-06
9.8019911782000017e+03 1.0081354396789397e-06
9.8049911755000012e+03 9.9263319208875185e-07
9.8079911728000006e+03 9.7713805760885048e-07
9.8109911701000019e+03 9.6165003080120173e-07
9.8139911674000014e+03 9.4616910623362830e-07
9.8169911647000008e+03 9.3069527847976334e-07
9.8199911620000021e+03 9.1522854211896348e-07
9.8229911593000015e+03 8.9976889173650676e-07
9.8259911566000010e+03 8.8431632192337186e-07
9.8289911539000004e+03 8.6887082727632746e-07
9.8319911512000017e+03 8.5343240239790904e-07
9.8349911485000011e+03 8.3800104189646317e-07
9.8379911458000006e+03 8.2257674038603800e-07
9.8409911431000019e+03 8.0715949248642677e-07
9.8439911404000013e+03 7.9174929282321190e-07
9.8469911377000008e+03 7.7634613602765494e-07
9.8499911350000020e+03 7.6095001673676276e-07
9.8529911323000015e+03 7.4556092959328734e-07
9.8559911296000009e+03 7.3017886924563798e-07
9.8589911269000004e+03 7.1480383034794720e-07
9.8619911242000017e+03 6.9943580756002643e-07
9.8649911215000011e+03 6.8407479554738836e-07
9.8679911188000005e+03 6.6872078898122528e-07
9.8709911161000018e+03 6.5337378253838604e-07
9.8739911134000013e+03 6.3803377090137696e-07
9.8769911107000007e+03 6.2270074875838369e-07
9.8799911080000020e+03 6.0737471080316072e-07
9.8829911053000014e+03 5.9205565173525178e-07
9.8859911026000009e+03 5.7674356625965994e-07
9.8889910999000022e+03 5.6143844908711105e-07
9.8919910972000016e+03 5.4614029493392254e-07
9.8949910945000011e+03 5.3084909852204671e-07
9.8979910918000005e+03 5.1556485457896107e-07
9.9009910891000018e+03 5.0028755783780004e-07
9.9039910864000012e+03 4.8501720303726760e-07
9.9069910837000007e+03 4.6975378492163653e-07
9.9099910810000019e+03 4.5449729824077085e-07
9.9129910783000014e+03 4.3924773775003758e-07
9.9159910756000008e+03 4.2400509821043888e-07
9.9189910729000021e+03 4.0876937438845818e-07
9.9219910702000016e+03 3.9354056105616981e-07
9.9249910675000010e+03 3.7831865299110721e-07
9.9279910648000005e+03 3.6310364497641712e-07
9.9309910621000017e+03 3.4789553180068307e-07
9.9339910594000012e+03 3.3269430825803589e-07
9.9369910567000006e+03 3.1749996914810940e-07
9.9399910540000019e+03 3.0231250927604053e-07
9.9429910513000013e+03 2.8713192345242528e-07
9.9459910486000008e+03 2.7195820649331862e-07
9.9489910459000021e+03 2.5679135322032269e-07
9.9519910432000015e+03 2.4163135846045471e-07
9.9549910405000010e+03 2.2647821704616885e-07
9.9579910378000004e+03 2.1133192381542238e-07
9.9609910351000017e+03 1.9619247361154361e-07
9.9639910324000011e+03 1.8105986128336392e-07
9.9669910297000006e+03 1.6593408168510771e-07
9.9699910270000018e+03 1.5081512967643634e-07
9.9729910243000013e+03 1.3570300012240437e-07
9.9759910216000007e+03 1.2059768789348122e-07
9.9789910189000020e+03 1.0549918786552937e-07
9.9819910162000015e+03 9.0407494919804382e-08
9.9849910135000009e+03 7.5322603942954738e-08
9.9879910108000004e+03 6.0244509827000023e-08
9.9909910081000016e+03 4.5173207469286739e-08
9.9939910054000011e+03 3.0108691772598457e-08
9.9969910027000005e+03 1.5050957645023702e-08
9.9999910000000018e+03 0.0000000000000000e+00
