# Parameters: ALPHA=1.5 LMIN=0.01 LMAX=1000 C_AGING=1 TAU0=1 V1=0.1 V2=1
# index = 3
# t/tau = 1.0000000000000000e+01
# t = 1.0000000000000000e+01
# theta_max = 9.9100000000000000e+03
# columns: theta  P_t(theta)
0.0000000000000000e+00 3.1622776601683794e-01
1.0000000000000000e-04 3.1622776601683794e-01
1.0080911142967166e-04 3.1622776601683794e-01
1.0162476947239958e-04 3.1622776601683794e-01
1.0244702709757813e-04 3.1622776601683794e-01
1.0327593770318346e-04 3.1622776601683794e-01
1.0411155511924050e-04 3.1622776601683794e-01
1.0495393361131918e-04 3.1622776601683794e-01
1.0580312788405837e-04 3.1622776601683794e-01
1.0665919308471830e-04 3.1622776601683794e-01
1.0752218480676232e-04 3.1622776601683794e-01
1.0839215909346652e-04 3.1622776601683794e-01
1.0926917244155965e-04 3.1622776601683794e-01
1.1015328180489194e-04 3.1622776601683794e-01
1.1104454459813364e-04 3.1622776601683794e-01
1.1194301870050398e-04 3.1622776601683794e-01
1.1284876245952924e-04 3.1622776601683794e-01
1.1376183469483232e-04 3.1622776601683794e-01
1.1468229470195239e-04 3.1622776601683794e-01
1.1561020225619550e-04 3.1622776601683794e-01
1.1654561761651691e-04 3.1622776601683794e-01
1.1748860152943356e-04 3.1622776601683794e-01
1.1843921523296960e-04 3.1622776601683794e-01
1.1939752046063297e-04 3.1622776601683794e-01
1.2036357944542439e-04 3.1622776601683794e-01
1.2133745492387925e-04 3.1622776601683794e-01
1.2231921014014107e-04 3.1622776601683794e-01
1.2330890885006905e-04 3.1622776601683794e-01
1.2430661532537835e-04 3.1622776601683794e-01
1.2531239435781396e-04 3.1622776601683794e-01
1.2632631126335814e-04 3.1622776601683794e-01
1.2734843188647258e-04 3.1622776601683794e-01
1.2837882260437365e-04 3.1622776601683794e-01
1.2941755033134354e-04 3.1622776601683794e-01
1.3046468252307552e-04 3.1622776601683794e-01
1.3152028718105442e-04 3.1622776601683794e-01
1.3258443285697332e-04 3.1622776601683794e-01
1.3365718865718444e-04 3.1622776601683794e-01
1.3473862424718755e-04 3.1622776601683794e-01
1.3582880985615387e-04 3.1622776601683794e-01
1.3692781628148686e-04 3.1622776601683794e-01
1.3803571489342018e-04 3.1622776601683794e-01
1.3915257763965185e-04 3.1622776601683794e-01
1.4027847705001700e-04 3.1622776601683794e-01
1.4141348624119800e-04 3.1622776601683794e-01
1.4255767892147256e-04 3.1622776601683794e-01
1.4371112939550083e-04 3.1622776601683794e-01
1.4487391256915006e-04 3.1622776601683794e-01
1.4604610395435957e-04 3.1622776601683794e-01
1.4722777967404445e-04 3.1622776601683794e-01
1.4841901646703881e-04 3.1622776601683794e-01
1.4961989169307987e-04 3.1622776601683794e-01
1.5083048333783093e-04 3.1622776601683794e-01
1.5205087001794634e-04 3.1622776601683794e-01
1.5328113098617675e-04 3.1622776601683794e-01
1.5452134613651574e-04 3.1622776601683794e-01
1.5577159600938878e-04 3.1622776601683794e-01
1.5703196179688272e-04 3.1622776601683794e-01
1.5830252534801892e-04 3.1622776601683794e-01
1.5958336917406863e-04 3.1622776601683794e-01
1.6087457645391098e-04 3.1622776601683794e-01
1.6217623103943543e-04 3.1622776601683794e-01
1.6348841746098623e-04 3.1622776601683794e-01
1.6481122093285237e-04 3.1622776601683794e-01
1.6614472735880149e-04 3.1622776601683794e-01
1.6748902333765822e-04 3.1622776601683794e-01
1.6884419616892862e-04 3.1622776601683794e-01
1.7021033385846866e-04 3.1622776601683794e-01
1.7158752512419983e-04 3.1622776601683794e-01
1.7297585940187046e-04 3.1622776601683794e-01
1.7437542685086360e-04 3.1622776601683794e-01
1.7578631836005269e-04 3.1622776601683794e-01
1.7720862555370287e-04 3.1622776601683794e-01
1.7864244079742193e-04 3.1622776601683794e-01
1.8008785720415832e-04 3.1622776601683794e-01
1.8154496864024775e-04 3.1622776601683794e-01
1.8301386973150984e-04 3.1622776601683794e-01
1.8449465586939186e-04 3.1622776601683794e-01
1.8598742321716453e-04 3.1622776601683794e-01
1.8749226871616641e-04 3.1622776601683794e-01
1.8900929009209940e-04 3.1622776601683794e-01
1.9053858586137585e-04 3.1622776601683794e-01
1.9208025533751498e-04 3.1622776601683794e-01
1.9363439863759332e-04 3.1622776601683794e-01
1.9520111668874609e-04 3.1622776601683794e-01
1.9678051123472144e-04 3.1622776601683794e-01
1.9837268484248770e-04 3.1622776601683794e-01
1.9997774090889481e-04 3.1622776601683794e-01
2.0159578366738784e-04 3.1622776601683794e-01
2.0322691819477684e-04 3.1622776601683794e-01
2.0487125041806025e-04 3.1622776601683794e-01
2.0652888712130381e-04 3.1622776601683794e-01
2.0819993595257597e-04 3.1622776601683794e-01
2.0988450543093734e-04 3.1622776601683794e-01
2.1158270495348888e-04 3.1622776601683794e-01
2.1329464480247603e-04 3.1622776601683794e-01
2.1502043615245021e-04 3.1622776601683794e-01
2.1676019107748953e-04 3.1622776601683794e-01
2.1851402255847562e-04 3.1622776601683794e-01
2.2028204449043158e-04 3.1622776601683794e-01
2.2206437168991805e-04 3.1622776601683794e-01
2.2386111990248952e-04 3.1622776601683794e-01
2.2567240581021153e-04 3.1622776601683794e-01
2.2749834703923697e-04 3.1622776601683794e-01
2.2933906216744554e-04 3.1622776601683794e-01
2.3119467073214414e-04 3.1622776601683794e-01
2.3306529323782944e-04 3.1622776601683794e-01
2.3495105116401447e-04 3.1622776601683794e-01
2.3685206697311622e-04 3.1622776601683794e-01
2.3876846411840927e-04 3.1622776601683794e-01
2.4070036705204281e-04 3.1622776601683794e-01
2.4264790123312228e-04 3.1622776601683794e-01
2.4461119313585789e-04 3.1622776601683794e-01
2.4659037025777630e-04 3.1622776601683794e-01
2.4858556112800165e-04 3.1622776601683794e-01
2.5059689531560172e-04 3.1622776601683794e-01
2.5262450343800234e-04 3.1622776601683794e-01
2.5466851716947049e-04 3.1622776601683794e-01
2.5672906924966403e-04 3.1622776601683794e-01
2.5880629349225273e-04 3.1622776601683794e-01
2.6090032479360813e-04 3.1622776601683794e-01
2.6301129914156341e-04 3.1622776601683794e-01
2.6513935362424573e-04 3.1622776601683794e-01
2.6728462643897704e-04 3.1622776601683794e-01
2.6944725690125003e-04 3.1622776601683794e-01
2.7162738545377478e-04 3.1622776601683794e-01
2.7382515367559927e-04 3.1622776601683794e-01
2.7604070429130455e-04 3.1622776601683794e-01
2.7827418118027164e-04 3.1622776601683794e-01
2.8052572938602646e-04 3.1622776601683794e-01
2.8279549512565859e-04 3.1622776601683794e-01
2.8508362579931655e-04 3.1622776601683794e-01
2.8739026999978121e-04 3.1622776601683794e-01
2.8971557752211370e-04 3.1622776601683794e-01
2.9205969937338435e-04 3.1622776601683794e-01
2.9442278778247908e-04 3.1622776601683794e-01
2.9680499620998507e-04 3.1622776601683794e-01
2.9920647935815630e-04 3.1622776601683794e-01
3.0162739318096132e-04 3.1622776601683794e-01
3.0406789489420912e-04 3.1622776601683794e-01
3.0652814298576020e-04 3.1622776601683794e-01
3.0900829722581828e-04 3.1622776601683794e-01
3.1150851867730580e-04 3.1622776601683794e-01
3.1402896970632478e-04 3.1622776601683794e-01
3.1656981399269882e-04 3.1622776601683794e-01
3.1913121654060403e-04 3.1622776601683794e-01
3.2171334368928428e-04 3.1622776601683794e-01
3.2431636312385282e-04 3.1622776601683794e-01
3.2694044388618335e-04 3.1622776601683794e-01
3.2958575638588575e-04 3.1622776601683794e-01
3.3225247241137369e-04 3.1622776601683794e-01
3.3494076514102084e-04 3.1622776601683794e-01
3.3765080915440618e-04 3.1622776601683794e-01
3.4038278044365336e-04 3.1622776601683794e-01
3.4313685642485710e-04 3.1622776601683794e-01
3.4591321594960666e-04 3.1622776601683794e-01
3.4871203931659977e-04 3.1622776601683794e-01
3.5153350828335113e-04 3.1622776601683794e-01
3.5437780607799749e-04 3.1622776601683794e-01
3.5724511741119422e-04 3.1622776601683794e-01
3.6013562848811217e-04 3.1622776601683794e-01
3.6304952702052932e-04 3.1622776601683794e-01
3.6598700223902094e-04 3.1622776601683794e-01
3.6894824490524958e-04 3.1622776601683794e-01
3.7193344732435092e-04 3.1622776601683794e-01
3.7494280335742406e-04 3.1622776601683794e-01
3.7797650843412030e-04 3.1622776601683794e-01
3.8103475956533428e-04 3.1622776601683794e-01
3.8411775535599933e-04 3.1622776601683794e-01
3.8722569601798293e-04 3.1622776601683794e-01
3.9035878338309005e-04 3.1622776601683794e-01
3.9351722091616987e-04 3.1622776601683794e-01
3.9670121372832850e-04 3.1622776601683794e-01
3.9991096859025061e-04 3.1622776601683794e-01
4.0314669394562493e-04 3.1622776601683794e-01
4.0640859992468244e-04 3.1622776601683794e-01
4.0969689835784160e-04 3.1622776601683794e-01
4.1301180278946475e-04 3.1622776601683794e-01
4.1635352849172727e-04 3.1622776601683794e-01
4.1972229247859509e-04 3.1622776601683794e-01
4.2311831351991933e-04 3.1622776601683794e-01
4.2654181215564298e-04 3.1622776601683794e-01
4.2999301071012245e-04 3.1622776601683794e-01
4.3347213330656735e-04 3.1622776601683794e-01
4.3697940588159232e-04 3.1622776601683794e-01
4.4051505619989163e-04 3.1622776601683794e-01
4.4407931386902946e-04 3.1622776601683794e-01
4.4767241035435085e-04 3.1622776601683794e-01
4.5129457899401450e-04 3.1622776601683794e-01
4.5494605501414365e-04 3.1622776601683794e-01
4.5862707554410339e-04 3.1622776601683794e-01
4.6233787963189960e-04 3.1622776601683794e-01
4.6607870825970293e-04 3.1622776601683794e-01
4.6984980435949773e-04 3.1622776601683794e-01
4.7365141282886035e-04 3.1622776601683794e-01
4.7748378054685996e-04 3.1622776601683794e-01
4.8134715639009296e-04 3.1622776601683794e-01
4.8524179124884474e-04 3.1622776601683794e-01
4.8916793804338211e-04 3.1622776601683794e-01
4.9312585174038034e-04 3.1622776601683794e-01
4.9711578936947746e-04 3.1622776601683794e-01
5.0113801003996835e-04 3.1622776601683794e-01
5.0519277495763085e-04 3.1622776601683794e-01
5.0928034744168803e-04 3.1622776601683794e-01
5.1340099294191024e-04 3.1622776601683794e-01
5.1755497905585097e-04 3.1622776601683794e-01
5.2174257554622662e-04 3.1622776601683794e-01
5.2596405435843450e-04 3.1622776601683794e-01
5.3021968963821249e-04 3.1622776601683794e-01
5.3450975774944486e-04 3.1622776601683794e-01
5.3883453729210596e-04 3.1622776601683794e-01
5.4319430912035474e-04 3.1622776601683794e-01
5.4758935636077359e-04 3.1622776601683794e-01
5.5201996443075352e-04 3.1622776601683794e-01
5.5648642105703215e-04 3.1622776601683794e-01
5.6098901629437537e-04 3.1622776601683794e-01
5.6552804254441573e-04 3.1622776601683794e-01
5.7010379457464097e-04 3.1622776601683794e-01
5.7471656953753569e-04 3.1622776601683794e-01
5.7936666698988075e-04 3.1622776601683794e-01
5.8405438891220363e-04 3.1622776601683794e-01
5.8878003972839127e-04 3.1622776601683794e-01
5.9354392632545903e-04 3.1622776601683794e-01
5.9834635807347954e-04 3.1622776601683794e-01
6.0318764684567623e-04 3.1622776601683794e-01
6.0806810703867211e-04 3.1622776601683794e-01
6.1298805559291012e-04 3.1622776601683794e-01
6.1794781201323441e-04 3.1622776601683794e-01
6.2294769838963876e-04 3.1622776601683794e-01
6.2798803941818595e-04 3.1622776601683794e-01
6.3306916242208944e-04 3.1622776601683794e-01
6.3819139737297315e-04 3.1622776601683794e-01
6.4335507691229920e-04 3.1622776601683794e-01
6.4856053637296889e-04 3.1622776601683794e-01
6.5380811380110241e-04 3.1622776601683794e-01
6.5909814997798782e-04 3.1622776601683794e-01
6.6443098844221418e-04 3.1622776601683794e-01
6.6980697551198044e-04 3.1622776601683794e-01
6.7522646030758525e-04 3.1622776601683794e-01
6.8068979477410130e-04 3.1622776601683794e-01
6.8619733370422716e-04 3.1622776601683794e-01
6.9174943476133020e-04 3.1622776601683794e-01
6.9734645850267328e-04 3.1622776601683794e-01
7.0298876840282822e-04 3.1622776601683794e-01
7.0867673087728349e-04 3.1622776601683794e-01
7.1441071530623510e-04 3.1622776601683794e-01
7.2019109405857692e-04 3.1622776601683794e-01
7.2601824251608224e-04 3.1622776601683794e-01
7.3189253909778111e-04 3.1622776601683794e-01
7.3781436528453466e-04 3.1622776601683794e-01
7.4378410564381124e-04 3.1622776601683794e-01
7.4980214785465640e-04 3.1622776601683794e-01
7.5586888273287208e-04 3.1622776601683794e-01
7.6198470425639523e-04 3.1622776601683794e-01
7.6815000959088266e-04 3.1622776601683794e-01
7.7436519911550648e-04 3.1622776601683794e-01
7.8063067644894974e-04 3.1622776601683794e-01
7.8694684847562142e-04 3.1622776601683794e-01
7.9331412537207854e-04 3.1622776601683794e-01
7.9973292063366299e-04 3.1622776601683794e-01
8.0620365110135699e-04 3.1622776601683794e-01
8.1272673698884826e-04 3.1622776601683794e-01
8.1930260190982260e-04 3.1622776601683794e-01
8.2593167290547225e-04 3.1622776601683794e-01
8.3261438047222791e-04 3.1622776601683794e-01
8.3935115858971862e-04 3.1622776601683794e-01
8.4614244474894951e-04 3.1622776601683794e-01
8.5298867998071643e-04 3.1622776601683794e-01
8.5989030888424585e-04 3.1622776601683794e-01
8.6684777965606629e-04 3.1622776601683794e-01
8.7386154411911855e-04 3.1622776601683794e-01
8.8093205775209159e-04 3.1622776601683794e-01
8.8805977971900547e-04 3.1622776601683794e-01
8.9524517289902899e-04 3.1622776601683794e-01
9.0248870391653792e-04 3.1622776601683794e-01
9.0979084317142217e-04 3.1622776601683794e-01
9.1715206486962840e-04 3.1622776601683794e-01
9.2457284705395814e-04 3.1622776601683794e-01
9.3205367163511240e-04 3.1622776601683794e-01
9.3959502442298554e-04 3.1622776601683794e-01
9.4719739515821810e-04 3.1622776601683794e-01
9.5486127754399548e-04 3.1622776601683794e-01
9.6258716927811279e-04 3.1622776601683794e-01
9.7037557208529493e-04 3.1622776601683794e-01
9.7822699174977780e-04 3.1622776601683794e-01
9.8614193814815839e-04 3.1622776601683794e-01
9.9412092528250082e-04 3.1622776601683794e-01
1.0021644713137192e-03 3.1622776601683794e-01
1.0102730985952272e-03 3.1622776601683794e-01
1.0184473337068580e-03 3.1622776601683794e-01
1.0266877074890665e-03 3.1622776601683794e-01
1.0349947550773945e-03 3.1622776601683794e-01
1.0433690159372278e-03 3.1622776601683794e-01
1.0518110338988288e-03 3.1622776601683794e-01
1.0603213571926506e-03 3.1622776601683794e-01
1.0689005384849461e-03 3.1622776601683794e-01
1.0775491349136496e-03 3.1622776601683794e-01
1.0862677081245641e-03 3.1622776601683794e-01
1.0950568243078323e-03 3.1622776601683794e-01
1.1039170542347066e-03 3.1622776601683794e-01
1.1128489732946131e-03 3.1622776601683794e-01
1.1218531615325236e-03 3.1622776601683794e-01
1.1309302036866160e-03 3.1622776601683794e-01
1.1400806892262535e-03 3.1622776601683794e-01
1.1493052123902625e-03 3.1622776601683794e-01
1.1586043722255231e-03 3.1622776601683794e-01
1.1679787726258755e-03 3.1622776601683794e-01
1.1774290223713301e-03 3.1622776601683794e-01
1.1869557351676077e-03 3.1622776601683794e-01
1.1965595296859922e-03 3.1622776601683794e-01
1.2062410296035059e-03 3.1622776601683794e-01
1.2160008636434168e-03 3.1622776601683794e-01
1.2258396656160619e-03 3.1622776601683794e-01
1.2357580744600102e-03 3.1622776601683794e-01
1.2457567342835567e-03 3.1622776601683794e-01
1.2558362944065479e-03 3.1622776601683794e-01
1.2659974094025564e-03 3.1622776601683794e-01
1.2762407391413797e-03 3.1622776601683794e-01
1.2865669488318985e-03 3.1622776601683794e-01
1.2969767090652755e-03 3.1622776601683794e-01
1.3074706958585006e-03 3.1622776601683794e-01
1.3180495906982993e-03 3.1622776601683794e-01
1.3287140805853797e-03 3.1622776601683794e-01
1.3394648580790528e-03 3.1622776601683794e-01
1.3503026213422056e-03 3.1622776601683794e-01
1.3612280741866400e-03 3.1622776601683794e-01
1.3722419261187836e-03 3.1622776601683794e-01
1.3833448923857572e-03 3.1622776601683794e-01
1.3945376940218295e-03 3.1622776601683794e-01
1.4058210578952396e-03 3.1622776601683794e-01
1.4171957167553996e-03 3.1622776601683794e-01
1.4286624092804848e-03 3.1622776601683794e-01
1.4402218801253957e-03 3.1622776601683794e-01
1.4518748799701223e-03 3.1622776601683794e-01
1.4636221655684924e-03 3.1622776601683794e-01
1.4754644997973135e-03 3.1622776601683794e-01
1.4874026517059213e-03 3.1622776601683794e-01
1.4994373965661132e-03 3.1622776601683794e-01
1.5115695159225008e-03 3.1622776601683794e-01
1.5237997976432624e-03 3.1622776601683794e-01
1.5361290359713060e-03 3.1622776601683794e-01
1.5485580315758550e-03 3.1622776601683794e-01
1.5610875916044337e-03 3.1622776601683794e-01
1.5737185297352912e-03 3.1622776601683794e-01
1.5864516662302403e-03 3.1622776601683794e-01
1.5992878279879239e-03 3.1622776601683794e-01
1.6122278485975218e-03 3.1622776601683794e-01
1.6252725683928739e-03 3.1622776601683794e-01
1.6384228345070588e-03 3.1622776601683794e-01
1.6516795009274058e-03 3.1622776601683794e-01
1.6650434285509516e-03 3.1622776601683794e-01
1.6785154852403542e-03 3.1622776601683794e-01
1.6920965458802426e-03 3.1622776601683794e-01
1.7057874924340389e-03 3.1622776601683794e-01
1.7195892140012324e-03 3.1622776601683794e-01
1.7335026068751175e-03 3.1622776601683794e-01
1.7475285746009984e-03 3.1622776601683794e-01
1.7616680280348733e-03 3.1622776601683794e-01
1.7759218854025748e-03 3.1622776601683794e-01
1.7902910723594074e-03 3.1622776601683794e-01
1.8047765220502588e-03 3.1622776601683794e-01
1.8193791751701961e-03 3.1622776601683794e-01
1.8340999800255642e-03 3.1622776601683794e-01
1.8489398925955567e-03 3.1622776601683794e-01
1.8638998765943063e-03 3.1622776601683794e-01
1.8789809035334667e-03 3.1622776601683794e-01
1.8941839527853018e-03 3.1622776601683794e-01
1.9095100116462943e-03 3.1622776601683794e-01
1.9249600754012489e-03 3.1622776601683794e-01
1.9405351473879367e-03 3.1622776601683794e-01
1.9562362390622484e-03 3.1622776601683794e-01
1.9720643700638779e-03 3.1622776601683794e-01
1.9880205682825474e-03 3.1622776601683794e-01
2.0041058699247446e-03 3.1622776601683794e-01
2.0203213195810264e-03 3.1622776601683794e-01
2.0366679702938499e-03 3.1622776601683794e-01
2.0531468836259572e-03 3.1622776601683794e-01
2.0697591297293223e-03 3.1622776601683794e-01
2.0865057874146350e-03 3.1622776601683794e-01
2.1033879442213673e-03 3.1622776601683794e-01
2.1204066964883982e-03 3.1622776601683794e-01
2.1375631494252069e-03 3.1622776601683794e-01
2.1548584171836556e-03 3.1622776601683794e-01
2.1722936229303306e-03 3.1622776601683794e-01
2.1898698989194884e-03 3.1622776601683794e-01
2.2075883865665851e-03 3.1622776601683794e-01
2.2254502365223975e-03 3.1622776601683794e-01
2.2434566087477549e-03 3.1622776601683794e-01
2.2616086725888575e-03 3.1622776601683794e-01
2.2799076068532194e-03 3.1622776601683794e-01
2.2983545998862221e-03 3.1622776601683794e-01
2.3169508496482839e-03 3.1622776601683794e-01
2.3356975637926626e-03 3.1622776601683794e-01
2.3545959597438717e-03 3.1622776601683794e-01
2.3736472647767465e-03 3.1622776601683794e-01
2.3928527160961438e-03 3.1622776601683794e-01
2.4122135609172838e-03 3.1622776601683794e-01
2.4317310565467555e-03 3.1622776601683794e-01
2.4514064704641504e-03 3.1622776601683794e-01
2.4712410804043866e-03 3.1622776601683794e-01
2.4912361744406798e-03 3.1622776601683794e-01
2.5113930510681920e-03 3.1622776601683794e-01
2.5317130192883644e-03 3.1622776601683794e-01
2.5521973986939121e-03 3.1622776601683794e-01
2.5728475195545275e-03 3.1622776601683794e-01
2.5936647229032666e-03 3.1622776601683794e-01
2.6146503606236391e-03 3.1622776601683794e-01
2.6358057955373935e-03 3.1622776601683794e-01
2.6571324014930345e-03 3.1622776601683794e-01
2.6786315634550234e-03 3.1622776601683794e-01
2.7003046775937308e-03 3.1622776601683794e-01
2.7221531513761002e-03 3.1622776601683794e-01
2.7441784036570487e-03 3.1622776601683794e-01
2.7663818647716194e-03 3.1622776601683794e-01
2.7887649766278502e-03 3.1622776601683794e-01
2.8113291928004267e-03 3.1622776601683794e-01
2.8340759786250709e-03 3.1622776601683794e-01
2.8570068112937024e-03 3.1622776601683794e-01
2.8801231799503776e-03 3.1622776601683794e-01
2.9034265857879786e-03 3.1622776601683794e-01
2.9269185421457147e-03 3.1622776601683794e-01
2.9506005746073949e-03 3.1622776601683794e-01
2.9744742211004981e-03 3.1622776601683794e-01
2.9985410319960594e-03 3.1622776601683794e-01
3.0228025702093340e-03 3.1622776601683794e-01
3.0472604113013064e-03 3.1622776601683794e-01
3.0719161435810048e-03 3.1622776601683794e-01
3.0967713682086445e-03 3.1622776601683794e-01
3.1218276992996201e-03 3.1622776601683794e-01
3.1470867640293093e-03 3.1622776601683794e-01
3.1725502027387543e-03 3.1622776601683794e-01
3.1982196690411848e-03 3.1622776601683794e-01
3.2240968299294009e-03 3.1622776601683794e-01
3.2501833658840416e-03 3.1622776601683794e-01
3.2764809709826962e-03 3.1622776601683794e-01
3.3029913530099341e-03 3.1622776601683794e-01
3.3297162335682042e-03 3.1622776601683794e-01
3.3566573481896337e-03 3.1622776601683794e-01
3.3838164464487499e-03 3.1622776601683794e-01
3.4111952920760761e-03 3.1622776601683794e-01
3.4387956630726850e-03 3.1622776601683794e-01
3.4666193518256595e-03 3.1622776601683794e-01
3.4946681652244871e-03 3.1622776601683794e-01
3.5229439247784150e-03 3.1622776601683794e-01
3.5514484667347208e-03 3.1622776601683794e-01
3.5801836421979704e-03 3.1622776601683794e-01
3.6091513172502292e-03 3.1622776601683794e-01
3.6383533730722424e-03 3.1622776601683794e-01
3.6677917060656141e-03 3.1622776601683794e-01
3.6974682279759404e-03 3.1622776601683794e-01
3.7273848660169715e-03 3.1622776601683794e-01
3.7575435629957667e-03 3.1622776601683794e-01
3.7879462774388535e-03 3.1622776601683794e-01
3.8185949837194334e-03 3.1622776601683794e-01
3.8494916721855759e-03 3.1622776601683794e-01
3.8806383492894880e-03 3.1622776601683794e-01
3.9120370377178108e-03 3.1622776601683794e-01
3.9436897765229703e-03 3.1622776601683794e-01
3.9755986212556106e-03 3.1622776601683794e-01
4.0077656440980587e-03 3.1622776601683794e-01
4.0401929339989101e-03 3.1622776601683794e-01
4.0728825968086814e-03 3.1622776601683794e-01
4.1058367554165686e-03 3.1622776601683794e-01
4.1390575498882996e-03 3.1622776601683794e-01
4.1725471376051343e-03 3.1622776601683794e-01
4.2063076934039344e-03 3.1622776601683794e-01
4.2403414097184240e-03 3.1622776601683794e-01
4.2746504967215567e-03 3.1622776601683794e-01
4.3092371824690430e-03 3.1622776601683794e-01
4.3441037130440606e-03 3.1622776601683794e-01
4.3792523527030908e-03 3.1622776601683794e-01
4.4146853840229773e-03 3.1622776601683794e-01
4.4504051080491514e-03 3.1622776601683794e-01
4.4864138444450632e-03 3.1622776601683794e-01
4.5227139316428404e-03 3.1622776601683794e-01
4.5593077269951146e-03 3.1622776601683794e-01
4.5961976069281351e-03 3.1622776601683794e-01
4.6333859670960867e-03 3.1622776601683794e-01
4.6708752225366589e-03 3.1622776601683794e-01
4.7086678078279041e-03 3.1622776601683794e-01
4.7467661772463100e-03 3.1622776601683794e-01
4.7851728049261985e-03 3.1622776601683794e-01
4.8238901850203965e-03 3.1622776601683794e-01
4.8629208318622004e-03 3.1622776601683794e-01
4.9022672801286816e-03 3.1622776601683794e-01
4.9419320850052567e-03 3.1622776601683794e-01
4.9819178223516457e-03 3.1622776601683794e-01
5.0222270888691418e-03 3.1622776601683794e-01
5.0628625022692431e-03 3.1622776601683794e-01
5.1038267014436641e-03 3.1622776601683794e-01
5.1451223466356796e-03 3.1622776601683794e-01
5.1867521196128996e-03 3.1622776601683794e-01
5.2287187238414246e-03 3.1622776601683794e-01
5.2710248846614023e-03 3.1622776601683794e-01
5.3136733494640346e-03 3.1622776601683794e-01
5.3566668878699654e-03 3.1622776601683794e-01
5.4000082919091587e-03 3.1622776601683794e-01
5.4437003762022127e-03 3.1622776601683794e-01
5.4877459781431381e-03 3.1622776601683794e-01
5.5321479580836413e-03 3.1622776601683794e-01
5.5769091995188430e-03 3.1622776601683794e-01
5.6220326092745604e-03 3.1622776601683794e-01
5.6675211176960691e-03 3.1622776601683794e-01
5.7133776788383973e-03 3.1622776601683794e-01
5.7596052706581878e-03 3.1622776601683794e-01
5.8062068952070547e-03 3.1622776601683794e-01
5.8531855788265591e-03 3.1622776601683794e-01
5.9005443723447381e-03 3.1622776601683794e-01
5.9482863512742212e-03 3.1622776601683794e-01
5.9964146160119795e-03 3.1622776601683794e-01
6.0449322920406350e-03 3.1622776601683794e-01
6.0938425301314486e-03 3.1622776601683794e-01
6.1431485065489349e-03 3.1622776601683794e-01
6.1928534232571263e-03 3.1622776601683794e-01
6.2429605081275059e-03 3.1622776601683794e-01
6.2934730151486531e-03 3.1622776601683794e-01
6.3443942246375227e-03 3.1622776601683794e-01
6.3957274434524938e-03 3.1622776601683794e-01
6.4474760052081149e-03 3.1622776601683794e-01
6.4996432704915851e-03 3.1622776601683794e-01
6.5522326270810172e-03 3.1622776601683794e-01
6.6052474901654055e-03 3.1622776601683794e-01
6.6586913025664341e-03 3.1622776601683794e-01
6.7125675349620521e-03 3.1622776601683794e-01
6.7668796861118522e-03 3.1622776601683794e-01
6.8216312830843128e-03 3.1622776601683794e-01
6.8768258814858050e-03 3.1622776601683794e-01
6.9324670656915255e-03 3.1622776601683794e-01
6.9885584490782596e-03 3.1622776601683794e-01
7.0451036742590293e-03 3.1622776601683794e-01
7.1021064133196766e-03 3.1622776601683794e-01
7.1595703680572900e-03 3.1622776601683794e-01
7.2174992702206267e-03 3.1622776601683794e-01
7.2758968817524510e-03 3.1622776601683794e-01
7.3347669950338265e-03 3.1622776601683794e-01
7.3941134331304299e-03 3.1622776601683794e-01
7.4539400500407754e-03 3.1622776601683794e-01
7.5142507309465291e-03 3.1622776601683794e-01
7.5750493924648032e-03 3.1622776601683794e-01
7.6363399829025022e-03 3.1622776601683794e-01
7.6981264825127533e-03 3.1622776601683794e-01
7.7604129037533442e-03 3.1622776601683794e-01
7.8232032915473270e-03 3.1622776601683794e-01
7.8865017235456858e-03 3.1622776601683794e-01
7.9503123103921384e-03 3.1622776601683794e-01
8.0146391959901135e-03 3.1622776601683794e-01
8.0794865577718152e-03 3.1622776601683794e-01
8.1448586069695315e-03 3.1622776601683794e-01
8.2107595888891178e-03 3.1622776601683794e-01
8.2771937831856730e-03 3.1622776601683794e-01
8.3441655041415017e-03 3.1622776601683794e-01
8.4116791009462306e-03 3.1622776601683794e-01
8.4797389579792885e-03 3.1622776601683794e-01
8.5483494950946183e-03 3.1622776601683794e-01
8.6175151679077008e-03 3.1622776601683794e-01
8.6872404680849308e-03 3.1622776601683794e-01
8.7575299236352672e-03 3.1622776601683794e-01
8.8283880992043162e-03 3.1622776601683794e-01
8.8998195963707512e-03 3.1622776601683794e-01
8.9718290539451354e-03 3.1622776601683794e-01
9.0444211482712082e-03 3.1622776601683794e-01
9.1176005935295120e-03 3.1622776601683794e-01
9.1913721420435694e-03 3.1622776601683794e-01
9.2657405845885006e-03 3.1622776601683794e-01
9.3407107507021223e-03 3.1622776601683794e-01
9.4162875089986234e-03 3.1622776601683794e-01
9.4924757674846767e-03 3.1622776601683794e-01
9.5692804738782070e-03 3.1622776601683794e-01
9.6467066159296941e-03 3.1622776601683794e-01
9.7247592217460741e-03 3.1622776601683794e-01
9.8034433601172592e-03 3.1622776601683794e-01
9.8827641408453567e-03 3.1622776601683794e-01
9.9627267150764285e-03 3.1622776601683794e-01
1.0043336275635058e-02 3.1554261174776760e-01
1.0124598057361581e-02 3.1426972679431198e-01
1.0206517337452009e-02 3.1300196032982802e-01
1.0289099435800747e-02 3.1173929177199289e-01
1.0372349715346093e-02 3.1048170062124819e-01
1.0456273582418470e-02 3.0922916646046833e-01
1.0540876487091556e-02 3.0798166895462831e-01
1.0626163923536186e-02 3.0673918785047360e-01
1.0712141430377157e-02 3.0550170297619189e-01
1.0798814591052933e-02 3.0426919424108467e-01
1.0886189034178193e-02 3.0304164163524205e-01
1.0974270433909385e-02 3.0181902522921705e-01
1.1063064510313225e-02 3.0060132517370264e-01
1.1152577029738112e-02 2.9938852169920932e-01
1.1242813805188660e-02 2.9818059511574374e-01
1.1333780696703143e-02 2.9697752581248987e-01
1.1425483611734084e-02 2.9577929425748983e-01
1.1517928505531886e-02 2.9458588099732708e-01
1.1611121381531548e-02 2.9339726665681087e-01
1.1705068291742570e-02 2.9221343193866112e-01
1.1799775337141933e-02 2.9103435762319557e-01
1.1895248668070320e-02 2.8986002456801774e-01
1.1991494484631543e-02 2.8869041370770565e-01
1.2088519037095137e-02 2.8752550605350313e-01
1.2186328626302308e-02 2.8636528269301054e-01
1.2284929604075069e-02 2.8520972478987866e-01
1.2384328373628751e-02 2.8405881358350232e-01
1.2484531389987853e-02 2.8291253038871578e-01
1.2585545160405184e-02 2.8177085659548995e-01
1.2687376244784511e-02 2.8063377366862957e-01
1.2790031256106510e-02 2.7950126314747253e-01
1.2893516860858238e-02 2.7837330664559068e-01
1.2997839779466084e-02 2.7724988585049021e-01
1.3103006786732149e-02 2.7613098252331542e-01
1.3209024712274251e-02 2.7501657849855204e-01
1.3315900440969416e-02 2.7390665568373240e-01
1.3423640913400991e-02 2.7280119605914205e-01
1.3532253126309400e-02 2.7170018167752646e-01
1.3641744133046470e-02 2.7060359466380035e-01
1.3752121044033505e-02 2.6951141721475730e-01
1.3863391027223062e-02 2.6842363159878041e-01
1.3975561308564392e-02 2.6734022015555492e-01
1.4088639172472757e-02 2.6626116529578087e-01
1.4202631962302432e-02 2.6518644950088821e-01
1.4317547080823613e-02 2.6411605532275212e-01
1.4433391990703179e-02 2.6304996538340925e-01
1.4550174214989265e-02 2.6198816237477657e-01
1.4667901337599881e-02 2.6093062905836933e-01
1.4786581003815365e-02 2.5987734826502218e-01
1.4906220920774885e-02 2.5882830289460951e-01
1.5026828857976984e-02 2.5778347591576833e-01
1.5148412647784066e-02 2.5674285036562194e-01
1.5270980185931114e-02 2.5570640934950400e-01
1.5394539432038378e-02 2.5467413604068473e-01
1.5519098410128303e-02 2.5364601368009732e-01
1.5644665209146643e-02 2.5262202557606622e-01
1.5771247983487707e-02 2.5160215510403589e-01
1.5898854953523969e-02 2.5058638570630093e-01
1.6027494406139847e-02 2.4957470089173747e-01
1.6157174695269904e-02 2.4856708423553520e-01
1.6287904242441351e-02 2.4756351937893067e-01
1.6419691537320910e-02 2.4656399002894208e-01
1.6552545138266202e-02 2.4556847995810424e-01
1.6686473672881477e-02 2.4457697300420556e-01
1.6821485838577902e-02 2.4358945307002550e-01
1.6957590403138437e-02 2.4260590412307304e-01
1.7094796205287133e-02 2.4162631019532668e-01
1.7233112155263183e-02 2.4065065538297517e-01
1.7372547235399553e-02 2.3967892384615896e-01
1.7513110500706270e-02 2.3871109980871349e-01
1.7654811079458509e-02 2.3774716755791281e-01
1.7797658173789348e-02 2.3678711144421447e-01
1.7941661060287360e-02 2.3583091588100577e-01
1.8086829090599096e-02 2.3487856534435003e-01
1.8233171692036303e-02 2.3393004437273549e-01
1.8380698368188224e-02 2.3298533756682333e-01
1.8529418699538707e-02 2.3204442958919838e-01
1.8679342344088384e-02 2.3110730516411981e-01
1.8830479037981903e-02 2.3017394907727304e-01
1.8982838596140129e-02 2.2924434617552311e-01
1.9136430912897621e-02 2.2831848136666813e-01
1.9291265962645097e-02 2.2739633961919470e-01
1.9447353800477209e-02 2.2647790596203382e-01
1.9604704562845555e-02 2.2556316548431743e-01
1.9763328468216889e-02 2.2465210333513697e-01
1.9923235817736785e-02 2.2374470472330163e-01
2.0084436995898531e-02 2.2284095491709871e-01
2.0246942471217541e-02 2.2194083924405431e-01
2.0410762796911206e-02 2.2104434309069482e-01
2.0575908611584186e-02 2.2015145190231011e-01
2.0742390639919298e-02 2.1926215118271705e-01
2.0910219693374029e-02 2.1837642649402397e-01
2.1079406670882563e-02 2.1749426345639666e-01
2.1249962559563643e-02 2.1661564774782455e-01
2.1421898435434020e-02 2.1574056510388837e-01
2.1595225464127760e-02 2.1486900131752862e-01
2.1769954901621383e-02 2.1400094223881461e-01
2.1946098094964755e-02 2.1313637377471523e-01
2.2123666483018070e-02 2.1227528188886957e-01
2.2302671597194609e-02 2.1141765260135956e-01
2.2483125062209633e-02 2.1056347198848280e-01
2.2665038596835343e-02 2.0971272618252626e-01
2.2848424014661823e-02 2.0886540137154158e-01
2.3033293224864294e-02 2.0802148379912053e-01
2.3219658232976458e-02 2.0718095976417172e-01
2.3407531141670157e-02 2.0634381562069834e-01
2.3596924151541365e-02 2.0551003777757634e-01
2.3787849561902424e-02 2.0467961269833398e-01
2.3980319771580876e-02 2.0385252690093195e-01
2.4174347279724551e-02 2.0302876695754454e-01
2.4369944686613309e-02 2.0220831949434176e-01
2.4567124694477360e-02 2.0139117119127187e-01
2.4765900108322050e-02 2.0057730878184557e-01
2.4966283836759549e-02 1.9976671905292018e-01
2.5168288892847040e-02 1.9895938884448544e-01
2.5371928394931836e-02 1.9815530504944986e-01
2.5577215567503340e-02 1.9735445461342757e-01
2.5784163742051766e-02 1.9655682453452678e-01
2.5992786357933950e-02 1.9576240186313865e-01
2.6203096963246131e-02 1.9497117370172662e-01
2.6415109215703690e-02 1.9418312720461775e-01
2.6628836883528198e-02 1.9339824957779336e-01
2.6844293846341450e-02 1.9261652807868188e-01
2.7061494096066830e-02 1.9183795001595200e-01
2.7280451737838027e-02 1.9106250274930606e-01
2.7501180990914923e-02 1.9029017368927550e-01
2.7723696189607103e-02 1.8952095029701610e-01
2.7948011784204661e-02 1.8875482008410438e-01
2.8174142341916630e-02 1.8799177061233510e-01
2.8402102547817040e-02 1.8723178949351904e-01
2.8631907205798477e-02 1.8647486438928224e-01
2.8863571239533578e-02 1.8572098301086509e-01
2.9097109693444066e-02 1.8497013311892357e-01
2.9332537733677808e-02 1.8422230252333005e-01
2.9569870649093746e-02 1.8347747908297535e-01
2.9809123852254673e-02 1.8273565070557193e-01
3.0050312880428247e-02 1.8199680534745730e-01
3.0293453396595886e-02 1.8126093101339877e-01
3.0538561190469986e-02 1.8052801575639837e-01
3.0785652179519354e-02 1.7979804767749910e-01
3.1034742410002789e-02 1.7907101492559185e-01
3.1285848058011281e-02 1.7834690569722267e-01
3.1538985430518363e-02 1.7762570823640136e-01
3.1794170966439148e-02 1.7690741083441078e-01
3.2051421237697955e-02 1.7619200182961620e-01
3.2310752950304375e-02 1.7547946960727656e-01
3.2572182945438247e-02 1.7476980259935573e-01
3.2835728200543354e-02 1.7406298928433436e-01
3.3101405830429850e-02 1.7335901818702348e-01
3.3369233088385859e-02 1.7265787787837744e-01
3.3639227367297769e-02 1.7195955697530899e-01
3.3911406200779794e-02 1.7126404414050420e-01
3.4185787264312685e-02 1.7057132808223838e-01
3.4462388376391463e-02 1.6988139755419282e-01
3.4741227499682684e-02 1.6919424135527211e-01
3.5022322742190852e-02 1.6850984832942256e-01
3.5305692358434393e-02 1.6782820736545076e-01
3.5591354750631202e-02 1.6714930739684319e-01
3.5879328469893529e-02 1.6647313740158698e-01
3.6169632217432870e-02 1.6579968640199044e-01
3.6462284845774323e-02 1.6512894346450513e-01
3.6757305359980903e-02 1.6446089769954833e-01
3.7054712918887824e-02 1.6379553826132601e-01
3.7354526836346547e-02 1.6313285434765729e-01
3.7656766582479191e-02 1.6247283519979838e-01
3.7961451784942812e-02 1.6181547010226838e-01
3.8268602230204063e-02 1.6116074838267530e-01
3.8578237864824227e-02 1.6050865941154238e-01
3.8890378796754416e-02 1.5985919260213610e-01
3.9205045296641559e-02 1.5921233741029384e-01
3.9522257799144637e-02 1.5856808333425285e-01
3.9842036904261795e-02 1.5792641991448000e-01
4.0164403378668181e-02 1.5728733673350148e-01
4.0489378157064417e-02 1.5665082341573400e-01
4.0816982343536180e-02 1.5601686962731648e-01
4.1147237212924799e-02 1.5538546507594161e-01
4.1480164212208660e-02 1.5475659951068976e-01
4.1815784961896217e-02 1.5413026272186159e-01
4.2154121257429837e-02 1.5350644454081297e-01
4.2495195070601337e-02 1.5288513483978944e-01
4.2839028550978833e-02 1.5226632353176214e-01
4.3185644027345087e-02 1.5165000057026384e-01
4.3535064009147653e-02 1.5103615594922579e-01
4.3887311187960541e-02 1.5042477970281543e-01
4.4242408438957881e-02 1.4981586190527457e-01
4.4600378822399506e-02 1.4920939267075817e-01
4.4961245585128373e-02 1.4860536215317383e-01
4.5325032162080392e-02 1.4800376054602196e-01
4.5691762177806142e-02 1.4740457808223664e-01
4.6061459448005139e-02 1.4680780503402707e-01
4.6434147981072524e-02 1.4621343171271939e-01
4.6809851979658014e-02 1.4562144846859973e-01
4.7188595842237807e-02 1.4503184569075722e-01
4.7570404164698925e-02 1.4444461380692825e-01
4.7955301741936476e-02 1.4385974328334092e-01
4.8343313569464023e-02 1.4327722462456011e-01
4.8734464845036539e-02 1.4269704837333369e-01
4.9128780970287049e-02 1.4211920511043855e-01
4.9526287552375994e-02 1.4154368545452806e-01
4.9927010405654296e-02 1.4097048006197957e-01
5.0330975553339805e-02 1.4039957962674265e-01
5.0738209229207125e-02 1.3983097488018814e-01
5.1148737879291334e-02 1.3926465659095774e-01
5.1562588163605476e-02 1.3870061556481383e-01
5.1979786957871713e-02 1.3813884264449053e-01
5.2400361355266829e-02 1.3757932870954487e-01
5.2824338668181543e-02 1.3702206467620873e-01
5.3251746429994237e-02 1.3646704149724143e-01
5.3682612396859092e-02 1.3591425016178271e-01
5.4116964549508387e-02 1.3536368169520666e-01
5.4554831095069818e-02 1.3481532715897571e-01
5.4996240468898096e-02 1.3426917765049584e-01
5.5441221336421632e-02 1.3372522430297182e-01
5.5889802595004187e-02 1.3318345828526329e-01
5.6342013375821266e-02 1.3264387080174153e-01
5.6797883045752166e-02 1.3210645309214644e-01
5.7257441209286893e-02 1.3157119643144446e-01
5.7720717710448732e-02 1.3103809212968695e-01
5.8187742634732489e-02 1.3050713153186899e-01
5.8658546311058012e-02 1.2997830601778892e-01
5.9133159313740025e-02 1.2945160700190841e-01
5.9611612464473447e-02 1.2892702593321304e-01
6.0093936834335046e-02 1.2840455429507355e-01
6.0580163745801316e-02 1.2788418360510734e-01
6.1070324774782400e-02 1.2736590541504111e-01
6.1564451752672736e-02 1.2684971131057352e-01
6.2062576768418309e-02 1.2633559291123836e-01
6.2564732170600296e-02 1.2582354187026895e-01
6.3070950569536086e-02 1.2531354987446228e-01
6.3581264839396759e-02 1.2480560864404419e-01
6.4095708120342099e-02 1.2429970993253493e-01
6.4614313820672772e-02 1.2379584552661520e-01
6.5137115618999722e-02 1.2329400724599292e-01
6.5664147466431483e-02 1.2279418694327032e-01
6.6195443588778838e-02 1.2229637650381175e-01
6.6731038488777469e-02 1.2180056784561201e-01
6.7270966948328764e-02 1.2130675291916476e-01
6.7815264030758299e-02 1.2081492370733239e-01
6.8363965083093184e-02 1.2032507222521537e-01
6.8917105738357229e-02 1.1983719052002297e-01
6.9474721917885146e-02 1.1935127067094391e-01
7.0036849833655351e-02 1.1886730478901789e-01
7.0603525990641403e-02 1.1838528501700746e-01
7.1174787189182881e-02 1.1790520352927042e-01
7.1750670527375049e-02 1.1742705253163292e-01
7.2331213403478048e-02 1.1695082426126284e-01
7.2916453518345789e-02 1.1647651098654355e-01
7.3506428877873911e-02 1.1600410500694881e-01
7.4101177795468265e-02 1.1553359865291732e-01
7.4700738894532714e-02 1.1506498428572856e-01
7.5305151110977520e-02 1.1459825429737855e-01
7.5914453695747952e-02 1.1413340111045638e-01
7.6528686217373049e-02 1.1367041717802119e-01
7.7147888564535333e-02 1.1320929498347983e-01
7.7772100948661355e-02 1.1275002704046441e-01
7.8401363906532712e-02 1.1229260589271126e-01
7.9035718302918931e-02 1.1183702411393941e-01
7.9675205333230956e-02 1.1138327430773036e-01
8.0319866526196437e-02 1.1093134910740790e-01
8.0969743746556924e-02 1.1048124117591840e-01
8.1624879197786132e-02 1.1003294320571186e-01
8.2285315424831099e-02 1.0958644791862314e-01
8.2951095316874779e-02 1.0914174806575390e-01
8.3622262110121401e-02 1.0869883642735481e-01
8.4298859390604400e-02 1.0825770581270842e-01
8.4980931097016571e-02 1.0781834906001247e-01
8.5668521523563926e-02 1.0738075903626336e-01
8.6361675322841808e-02 1.0694492863714065e-01
8.7060437508734809e-02 1.0651085078689160e-01
8.7764853459340139e-02 1.0607851843821620e-01
8.8474968919914188e-02 1.0564792457215294e-01
8.9190830005843671e-02 1.0521906219796463e-01
8.9912483205639965e-02 1.0479192435302520e-01
9.0639975383958363e-02 1.0436650410270641e-01
9.1373353784641551e-02 1.0394279454026530e-01
9.2112666033787358e-02 1.0352078878673221e-01
9.2857960142842019e-02 1.0310047999079890e-01
9.3609284511717711e-02 1.0268186132870750e-01
9.4366687931935839e-02 1.0226492600413963e-01
9.5130219589795714e-02 1.0184966724810604e-01
9.5899929069568499e-02 1.0143607831883671e-01
9.6675866356717349e-02 1.0102415250167157e-01
9.7458081841143643e-02 1.0061388310895120e-01
9.8246626320459052e-02 1.0020526347990855e-01
9.9041551003284684e-02 9.9798286980560494e-02
9.9842907512576351e-02 9.9392947003600407e-02
1.0065074788897706e-01 9.8989236968290775e-02
1.0146512459419678e-01 9.8587150320356323e-02
1.0228609051441899e-01 9.8186680531877651e-02
1.0311369896373543e-01 9.7787821101185252e-02
1.0394800368760820e-01 9.7390565552753952e-02
1.0478905886636014e-01 9.6994907437097752e-02
1.0563691911869322e-01 9.6600840330665169e-02
1.0649163950523555e-01 9.6208357835734906e-02
1.0735327553211713e-01 9.5817453580312031e-02
1.0822188315457436e-01 9.5428121218024450e-02
1.0909751878058391e-01 9.5040354428019960e-02
1.0998023927452580e-01 9.4654146914863568e-02
1.1087010196087620e-01 9.4269492408435351e-02
1.1176716462793024e-01 9.3886384663828523e-02
1.1267148553155473e-01 9.3504817461248252e-02
1.1358312339897139e-01 9.3124784605910491e-02
1.1450213743257051e-01 9.2746279927941502e-02
1.1542858731375576e-01 9.2369297282277690e-02
1.1636253320681986e-01 9.1993830548565775e-02
1.1730403576285169e-01 9.1619873631063539e-02
1.1825315612367505e-01 9.1247420458540673e-02
1.1920995592581915e-01 9.0876464984180463e-02
1.2017449730452147e-01 9.0507001185481370e-02
1.2114684289776277e-01 9.0139023064159454e-02
1.2212705585033491e-01 8.9772524646050872e-02
1.2311519981794146e-01 8.9407499981014882e-02
1.2411133897133150e-01 8.9043943142837326e-02
1.2511553800046704e-01 8.8681848229134372e-02
1.2612786211872398e-01 8.8321209361256661e-02
1.2714837706712709e-01 8.7962020684193912e-02
1.2817714911861922e-01 8.7604276366479827e-02
1.2921424508236520e-01 8.7247970600097452e-02
1.3025973230809054e-01 8.6893097600384855e-02
1.3131367869045499e-01 8.6539651605941237e-02
1.3237615267346176e-01 8.6187626878533360e-02
1.3344722325490233e-01 8.5837017703002463e-02
1.3452695999083716e-01 8.5487818387171330e-02
1.3561543300011281e-01 8.5140023261752018e-02
1.3671271296891538e-01 8.4793626680253767e-02
1.3781887115536109e-01 8.4448623018891333e-02
1.3893397939412355e-01 8.4105006676493649e-02
1.4005811010109903e-01 8.3762772074412933e-02
1.4119133627810909e-01 8.3421913656434116e-02
1.4233373151764142e-01 8.3082425888684586e-02
1.4348537000762882e-01 8.2744303259544447e-02
1.4464632653626716e-01 8.2407540279556907e-02
1.4581667649687227e-01 8.2072131481339280e-02
1.4699649589277577e-01 8.1738071419494088e-02
1.4818586134226105e-01 8.1405354670520833e-02
1.4938485008353863e-01 8.1073975832727754e-02
1.5059353997976238e-01 8.0743929526144273e-02
1.5181200952408577e-01 8.0415210392433559e-02
1.5304033784475937e-01 8.0087813094805602e-02
1.5427860471026941e-01 7.9761732317930559e-02
1.5552689053451810e-01 7.9436962767852393e-02
1.5678527638204579e-01 7.9113499171902996e-02
1.5805384397329519e-01 7.8791336278616564e-02
1.5933267568991852e-01 7.8470468857644346e-02
1.6062185458012729e-01 7.8150891699669711e-02
1.6192146436408567e-01 7.7832599616323578e-02
1.6323158943934715e-01 7.7515587440100231e-02
1.6455231488633559e-01 7.7199850024273320e-02
1.6588372647387023e-01 7.6885382242812383e-02
1.6722591066473555e-01 7.6572178990299652e-02
1.6857895462129638e-01 7.6260235181847061e-02
1.6994294621115827e-01 7.5949545753013797e-02
1.7131797401287349e-01 7.5640105659724011e-02
1.7270412732169355e-01 7.5331909878184944e-02
1.7410149615536802e-01 7.5024953404805389e-02
1.7551017125999041e-01 7.4719231256114432e-02
1.7693024411589126e-01 7.4414738468680519e-02
1.7836180694357889e-01 7.4111470099030963e-02
1.7980495270972827e-01 7.3809421223571592e-02
1.8125977513321834e-01 7.3508586938506870e-02
1.8272636869121830e-01 7.3208962359760252e-02
1.8420482862532289e-01 7.2910542622894897e-02
1.8569525094773748e-01 7.2613322883034709e-02
1.8719773244751303e-01 7.2317298314785700e-02
1.8871237069683200e-01 7.2022464112157569e-02
1.9023926405734437e-01 7.1728815488485767e-02
1.9177851168655558e-01 7.1436347676353693e-02
1.9333021354426566e-01 7.1145055927515438e-02
1.9489447039906088e-01 7.0854935512818504e-02
1.9647138383485768e-01 7.0565981722127177e-02
1.9806105625749953e-01 7.0278189864246041e-02
1.9966359090140740e-01 6.9991555266843683e-02
2.0127909183628348e-01 6.9706073276377054e-02
2.0290766397387014e-01 6.9421739258015716e-02
2.0454941307476243e-01 6.9138548595566715e-02
2.0620444575527658e-01 6.8856496691399607e-02
2.0787286949437361e-01 6.8575578966371786e-02
2.0955479264063898e-01 6.8295790859754180e-02
2.1125032441931910e-01 6.8017127829157184e-02
2.1295957493941420e-01 6.7739585350456932e-02
2.1468265520082919e-01 6.7463158917721824e-02
2.1641967710158164e-01 6.7187844043139419e-02
2.1817075344506898e-01 6.6913636256943479e-02
2.1993599794739377e-01 6.6640531107341500e-02
2.2171552524474850e-01 6.6368524160442435e-02
2.2350945090086030e-01 6.6097611000184589e-02
2.2531789141449549e-01 6.5827787228264101e-02
2.2714096422702529e-01 6.5559048464063366e-02
2.2897878773005251e-01 6.5291390344580050e-02
2.3083148127309991e-01 6.5024808524356187e-02
2.3269916517136094e-01 6.4759298675407612e-02
2.3458196071351289e-01 6.4494856487153779e-02
2.3647999016959376e-01 6.4231477666347694e-02
2.3839337679894229e-01 6.3969157937006249e-02
2.4032224485820278e-01 6.3707893040340788e-02
2.4226671960939394e-01 6.3447678734688012e-02
2.4422692732804407e-01 6.3188510795441064e-02
2.4620299531139112e-01 6.2930385014980925e-02
2.4819505188664950e-01 6.2673297202608155e-02
2.5020322641934389e-01 6.2417243184474863e-02
2.5222764932170999e-01 6.2162218803516890e-02
2.5426845206116405e-01 6.1908219919386338e-02
2.5632576716884004e-01 6.1655242408384374e-02
2.5839972824819663e-01 6.1403282163394274e-02
2.6049046998369330e-01 6.1152335093814694e-02
2.6259812814953670e-01 6.0902397125493370e-02
2.6472283961849841e-01 6.0653464200660832e-02
2.6686474237080299e-01 6.0405532277864653e-02
2.6902397550308899e-01 6.0158597331903735e-02
2.7120067923744146e-01 5.9912655353763056e-02
2.7339499493049874e-01 5.9667702350548475e-02
2.7560706508263155e-01 5.9423734345422016e-02
2.7783703334719767e-01 5.9180747377537216e-02
2.8008504453987054e-01 5.8938737501974842e-02
2.8235124464804351e-01 5.8697700789678925e-02
2.8463578084031094e-01 5.8457633327392858e-02
2.8693880147602502e-01 5.8218531217595897e-02
2.8926045611493029e-01 5.7980390578439928e-02
2.9160089552687657e-01 5.7743207543686385e-02
2.9396027170160938e-01 5.7506978262643567e-02
2.9633873785864090e-01 5.7271698900104001e-02
2.9873644845719982e-01 5.7037365636282276e-02
3.0115355920626219e-01 5.6803974666752993e-02
3.0359022707466299e-01 5.6571522202389000e-02
3.0604661030129016e-01 5.6340004469299862e-02
3.0852286840536053e-01 5.6109417708770613e-02
3.1101916219677905e-01 5.5879758177200735e-02
3.1353565378658227e-01 5.5651022146043359e-02
3.1607250659746516e-01 5.5423205901744751e-02
3.1862988537439491e-01 5.5196305745684002e-02
3.2120795619530879e-01 5.4970317994113012e-02
3.2380688648189970e-01 5.4745238978096640e-02
3.2642684501048858e-01 5.4521065043453200e-02
3.2906800192298502e-01 5.4297792550695057e-02
3.3173052873793596e-01 5.4075417874969604e-02
3.3441459836166476e-01 5.3853937406000370e-02
3.3712038509949949e-01 5.3633347548028468e-02
3.3984806466709261e-01 5.3413644719754121e-02
3.4259781420183189e-01 5.3194825354278615e-02
3.4536981227434410e-01 5.2976885899046318e-02
3.4816423890009135e-01 5.2759822815787054e-02
3.5098127555106123e-01 5.2543632580458639e-02
3.5382110516755222e-01 5.2328311683189639e-02
3.5668391217005335e-01 5.2113856628222481e-02
3.5956988247122124e-01 5.1900263933856536e-02
3.6247920348795276e-01 5.1687530132391801e-02
3.6541206415355648e-01 5.1475651770072392e-02
3.6836865493002197e-01 5.1264625407030646e-02
3.7134916782038846e-01 5.1054447617231144e-02
3.7435379638121374e-01 5.0845114988415159e-02
3.7738273573514386e-01 5.0636624122045275e-02
3.8043618258358441e-01 5.0428971633250150e-02
3.8351433521947464e-01 5.0222154150769582e-02
3.8661739354016461e-01 5.0016168316899798e-02
3.8974555906039671e-01 4.9811010787438915e-02
3.9289903492539197e-01 4.9606678231632693e-02
3.9607802592404295e-01 4.9403167332120398e-02
3.9928273850221213e-01 4.9200474784880988e-02
4.0251338077613946e-01 4.8998597299179443e-02
4.0577016254595694e-01 4.8797531597513349e-02
4.0905329530931345e-01 4.8597274415559728e-02
4.1236299227510959e-01 4.8397822502121976e-02
4.1569946837734351e-01 4.8199172619077094e-02
4.1906294028906882e-01 4.8001321541323180e-02
4.2245362643646572e-01 4.7804266056726955e-02
4.2587174701302549e-01 4.7608002966071754e-02
4.2931752399385015e-01 4.7412529083005445e-02
4.3279118115006765e-01 4.7217841233988818e-02
4.3629294406336377e-01 4.7023936258243970e-02
4.3982304014063134e-01 4.6830811007703047e-02
4.4338169862873850e-01 4.6638462346957114e-02
4.4696915062941589e-01 4.6446887153205253e-02
4.5058562911426475e-01 4.6256082316203866e-02
4.5423136893988608e-01 4.6066044738216183e-02
4.5790660686313267e-01 4.5876771333961931e-02
4.6161158155648385e-01 4.5688259030567349e-02
4.6534653362354539e-01 4.5500504767515160e-02
4.6911170561467430e-01 4.5313505496594984e-02
4.7290734204273016e-01 4.5127258181853834e-02
4.7673368939895427e-01 4.4941759799546767e-02
4.8059099616897649e-01 4.4757007338087865e-02
4.8447951284895246e-01 4.4572997798001328e-02
4.8839949196183086e-01 4.4389728191872729e-02
4.9235118807375222e-01 4.4207195544300575e-02
4.9633485781058106e-01 4.4025396891847958e-02
5.0035075987457089e-01 4.3844329282994483e-02
5.0439915506116506e-01 4.3663989778088268e-02
5.0848030627593210e-01 4.3484375449298354e-02
5.1259447855163998e-01 4.3305483380567028e-02
5.1674193906546706e-01 4.3127310667562591e-02
5.2092295715635262e-01 4.2949854417632112e-02
5.2513780434248813e-01 4.2773111749754580e-02
5.2938675433894988e-01 4.2597079794494001e-02
5.3367008307547414e-01 4.2421755693952901e-02
5.3798806871437588e-01 4.2247136601725924e-02
5.4234099166861360e-01 4.2073219682853560e-02
5.4672913461999884e-01 4.1900002113776182e-02
5.5115278253755406e-01 4.1727481082288173e-02
5.5561222269601873e-01 4.1555653787492278e-02
5.6010774469450486e-01 4.1384517439754152e-02
5.6463964047530413e-01 4.1214069260657002e-02
5.6920820434284669e-01 4.1044306482956573e-02
5.7381373298281335e-01 4.0875226350536142e-02
5.7845652548140281e-01 4.0706826118361822e-02
5.8313688334475433e-01 4.0539103052437984e-02
5.8785511051852768e-01 4.0372054429762834e-02
5.9261151340764195e-01 4.0205677538284273e-02
5.9740640089617325e-01 4.0039969676855809e-02
6.0224008436741416e-01 3.9874928155192731e-02
6.0711287772409506e-01 3.9710550293828424e-02
6.1202509740876909e-01 3.9546833424070851e-02
6.1697706242436245e-01 3.9383774887959279e-02
6.2196909435489034e-01 3.9221372038221042e-02
6.2700151738634080e-01 3.9059622238228682e-02
6.3207465832772836e-01 3.8898522861957004e-02
6.3718884663231601e-01 3.8738071293940531e-02
6.4234441441901091e-01 3.8578264929231068e-02
6.4754169649393256e-01 3.8419101173355286e-02
6.5278103037215462e-01 3.8260577442272743e-02
6.5806275629962396e-01 3.8102691162333835e-02
6.6338721727525640e-01 3.7945439770238058e-02
6.6875475907321114e-01 3.7788820712992374e-02
6.7416573026534554e-01 3.7632831447869768e-02
6.7962048224385174e-01 3.7477469442367961e-02
6.8511936924407624e-01 3.7322732174168316e-02
6.9066274836752439e-01 3.7168617131094858e-02
6.9625097960505022e-01 3.7015121811073519e-02
7.0188442586023547e-01 3.6862243722091480e-02
7.0756345297295575e-01 3.6709980382156747e-02
7.1328842974313933e-01 3.6558329319257843e-02
7.1905972795471640e-01 3.6407288071323665e-02
7.2487772239976378e-01 3.6256854186183532e-02
7.3074279090284378e-01 3.6107025221527346e-02
7.3665531434554021e-01 3.5957798744865974e-02
7.4261567669119344e-01 3.5809172333491734e-02
7.4862426500983537e-01 3.5661143574439051e-02
7.5468146950332526e-01 3.5513710064445335e-02
7.6078768353069048e-01 3.5366869409911891e-02
7.6694330363367147e-01 3.5220619226865119e-02
7.7314872956247271e-01 3.5074957140917774e-02
7.7940436430172377e-01 3.4929880787230444e-02
7.8571061409664866e-01 3.4785387810473113e-02
7.9206788847944787e-01 3.4641475864786983e-02
7.9847660029589385e-01 3.4498142613746341e-02
8.0493716573214147e-01 3.4355385730320660e-02
8.1145000434175518e-01 3.4213202896836770e-02
8.1801553907295532e-01 3.4071591804941299e-02
8.2463419629608470e-01 3.3930550155563122e-02
8.3130640583129711e-01 3.3790075658876116e-02
8.3803260097647070e-01 3.3650166034261908e-02
8.4481321853534586e-01 3.3510819010272898e-02
8.5164869884589212e-01 3.3372032324595367e-02
8.5853948580890405e-01 3.3233803724012752e-02
8.6548602691682808e-01 3.3096130964369044e-02
8.7248877328282304e-01 3.2959011810532388e-02
8.7954817967005627e-01 3.2822444036358769e-02
8.8666470452123558e-01 3.2686425424655878e-02
8.9383880998838117e-01 3.2550953767147124e-02
9.0107096196283809e-01 3.2416026864435780e-02
9.0836163010553161e-01 3.2281642525969247e-02
9.1571128787746703e-01 3.2147798570003543e-02
9.2312041257047706e-01 3.2014492823567831e-02
9.3058948533821673e-01 3.1881723122429179e-02
9.3811899122741071e-01 3.1749487311057395e-02
9.4570941920935203e-01 3.1617783242590063e-02
9.5336126221165618e-01 3.1486608778797637e-02
9.6107501715027244e-01 3.1355961790048785e-02
9.6885118496175404e-01 3.1225840155275783e-02
9.7669027063578873e-01 3.1096241761940084e-02
9.8459278324799371e-01 3.0967164505998013e-02
9.9255923599297535e-01 3.0838606291866629e-02
1.0005901462176561e+00 3.0710565032389683e-02
1.0086860354548712e+00 3.0583038648803743e-02
1.0168474294572383e+00 3.0456025070704433e-02
1.0250748582312992e+00 3.0329522236012839e-02
1.0333688560719390e+00 3.0203528090942018e-02
1.0417299615970841e+00 3.0078040589963644e-02
1.0501587177826801e+00 2.9953057695774839e-02
1.0586556719979527e+00 2.9828577379265045e-02
1.0672213760409555e+00 2.9704597619483110e-02
1.0758563861744017e+00 2.9581116403604488e-02
1.0845612631617909e+00 2.9458131726898533e-02
1.0933365723038242e+00 2.9335641592695957e-02
1.1021828834751146e+00 2.9213644012356450e-02
1.1111007711611962e+00 2.9092137005236333e-02
1.1200908144958310e+00 2.8971118598656469e-02
1.1291535972986191e+00 2.8850586827870180e-02
1.1382897081129106e+00 2.8730539736031367e-02
1.1474997402440281e+00 2.8610975374162764e-02
1.1567842917977949e+00 2.8491891801124273e-02
1.1661439657193771e+00 2.8373287083581441e-02
1.1755793698324386e+00 2.8255159295974098e-02
1.1850911168786147e+00 2.8137506520485075e-02
1.1946798245573029e+00 2.8020326847009072e-02
1.2043461155657771e+00 2.7903618373121671e-02
1.2140906176396262e+00 2.7787379204048397e-02
1.2239139635935194e+00 2.7671607452634021e-02
1.2338167913623017e+00 2.7556301239311860e-02
1.2437997440424220e+00 2.7441458692073310e-02
1.2538634699336959e+00 2.7327077946437434e-02
1.2640086225814069e+00 2.7213157145420688e-02
1.2742358608187481e+00 2.7099694439506772e-02
1.2845458488096073e+00 2.6986687986616624e-02
1.2949392560916986e+00 2.6874135952078489e-02
1.3054167576200413e+00 2.6762036508598139e-02
1.3159790338107940e+00 2.6650387836229219e-02
1.3266267705854395e+00 2.6539188122343679e-02
1.3373606594153300e+00 2.6428435561602369e-02
1.3481813973665915e+00 2.6318128355925712e-02
1.3590896871453915e+00 2.6208264714464514e-02
1.3700862371435734e+00 2.6098842853570909e-02
1.3811717614846601e+00 2.5989860996769362e-02
1.3923469800702297e+00 2.5881317374727868e-02
1.4036126186266658e+00 2.5773210225229215e-02
1.4149694087522875e+00 2.5665537793142342e-02
1.4264180879648594e+00 2.5558298330393900e-02
1.4379593997494868e+00 2.5451490095939826e-02
1.4495940936068976e+00 2.5345111355737103e-02
1.4613229251021160e+00 2.5239160382715595e-02
1.4731466559135291e+00 2.5133635456750014e-02
1.4850660538823510e+00 2.5028534864631989e-02
1.4970818930624867e+00 2.4923856900042247e-02
1.5091949537707998e+00 2.4819599863522938e-02
1.5214060226377870e+00 2.4715762062449999e-02
1.5337158926586620e+00 2.4612341811005717e-02
1.5461253632448537e+00 2.4509337430151334e-02
1.5586352402759200e+00 2.4406747247599794e-02
1.5712463361518825e+00 2.4304569597788608e-02
1.5839594698459842e+00 2.4202802821852772e-02
1.5967754669578744e+00 2.4101445267597894e-02
1.6096951597672233e+00 2.4000495289473317e-02
1.6227193872877710e+00 2.3899951248545444e-02
1.6358489953218140e+00 2.3799811512471087e-02
1.6490848365151314e+00 2.3700074455471017e-02
1.6624277704123571e+00 2.3600738458303523e-02
1.6758786635127989e+00 2.3501801908238154e-02
1.6894383893267093e+00 2.3403263199029523e-02
1.7031078284320122e+00 2.3305120730891218e-02
1.7168878685314881e+00 2.3207372910469867e-02
1.7307794045104221e+00 2.3110018150819232e-02
1.7447833384947187e+00 2.3013054871374453e-02
1.7589005799094859e+00 2.2916481497926400e-02
1.7731320455380943e+00 2.2820296462596111e-02
1.7874786595817136e+00 2.2724498203809330e-02
1.8019413537193305e+00 2.2629085166271164e-02
1.8165210671682537e+00 2.2534055800940811e-02
1.8312187467451051e+00 2.2439408565006456e-02
1.8460353469273096e+00 2.2345141921860170e-02
1.8609718299150768e+00 2.2251254341073008e-02
1.8760291656938894e+00 2.2157744298370120e-02
1.8912083320974920e+00 2.2064610275606054e-02
1.9065103148713953e+00 2.1971850760740055e-02
1.9219361077368884e+00 2.1879464247811568e-02
1.9374867124555737e+00 2.1787449236915744e-02
1.9531631388944213e+00 2.1695804234179123e-02
1.9689664050913493e+00 2.1604527751735349e-02
1.9848975373213382e+00 2.1513618307701061e-02
2.0009575701630760e+00 2.1423074426151777e-02
2.0171475465661457e+00 2.1332894637097973e-02
2.0334685179187533e+00 2.1243077476461206e-02
2.0499215441160081e+00 2.1153621486050343e-02
2.0665076936287523e+00 2.1064525213537882e-02
2.0832280435729462e+00 2.0975787212436394e-02
2.1000836797796198e+00 2.0887406042075011e-02
2.1170756968653857e+00 2.0799380267576051e-02
2.1342051983035240e+00 2.0711708459831720e-02
2.1514732964956438e+00 2.0624389195480933e-02
2.1688811128439234e+00 2.0537421056886149e-02
2.1864297778239332e+00 2.0450802632110413e-02
2.2041204310580507e+00 2.0364532514894416e-02
2.2219542213894692e+00 2.0278609304633648e-02
2.2399323069568027e+00 2.0193031606355671e-02
2.2580558552692982e+00 2.0107798030697465e-02
2.2763260432826518e+00 2.0022907193882895e-02
2.2947440574754436e+00 1.9938357717700216e-02
2.3133110939261883e+00 1.9854148229479705e-02
2.3320283583910069e+00 1.9770277362071390e-02
2.3508970663819326e+00 1.9686743753822837e-02
2.3699184432458442e+00 1.9603546048557050e-02
2.3890937242440424e+00 1.9520682895550458e-02
2.4084241546324687e+00 1.9438152949510980e-02
2.4279109897425726e+00 1.9355954870556184e-02
2.4475554950628338e+00 1.9274087324191530e-02
2.4673589463209433e+00 1.9192548981288728e-02
2.4873226295666520e+00 1.9111338518064118e-02
2.5074478412552850e+00 1.9030454616057214e-02
2.5277358883319363e+00 1.8949895962109282e-02
2.5481880883163419e+00 1.8869661248342037e-02
2.5688057693884403e+00 1.8789749172136376e-02
2.5895902704746270e+00 1.8710158436111266e-02
2.6105429413347019e+00 1.8630887748102662e-02
2.6316651426495272e+00 1.8551935821142534e-02
2.6529582461093888e+00 1.8473301373437969e-02
2.6744236345030763e+00 1.8394983128350362e-02
2.6960627018076804e+00 1.8316979814374693e-02
2.7178768532791202e+00 1.8239290165118886e-02
2.7398675055434016e+00 1.8161912919283242e-02
2.7620360866886124e+00 1.8084846820639964e-02
2.7843840363576655e+00 1.8008090618012753e-02
2.8069128058417876e+00 1.7931643065256530e-02
2.8296238581747706e+00 1.7855502921237151e-02
2.8525186682279782e+00 1.7779668949811301e-02
2.8755987228061279e+00 1.7704139919806416e-02
2.8988655207438438e+00 1.7628914605000670e-02
2.9223205730029926e+00 1.7553991784103100e-02
2.9459654027708058e+00 1.7479370240733746e-02
2.9698015455587963e+00 1.7405048763403954e-02
2.9938305493024777e+00 1.7331026145496631e-02
3.0180539744618851e+00 1.7257301185246741e-02
3.0424733941229154e+00 1.7183872685721715e-02
3.0670903940994827e+00 1.7110739454802081e-02
3.0919065730365025e+00 1.7037900305162071e-02
3.1169235425137098e+00 1.6965354054250363e-02
3.1421429271503141e+00 1.6893099524270868e-02
3.1675663647105061e+00 1.6821135542163634e-02
3.1931955062098138e+00 1.6749460939585771e-02
3.2190320160223185e+00 1.6678074552892504e-02
3.2450775719887441e+00 1.6606975223118266e-02
3.2713338655254161e+00 1.6536161795957894e-02
3.2978026017341011e+00 1.6465633121747883e-02
3.3244854995127411e+00 1.6395388055447720e-02
3.3513842916670749e+00 1.6325425456621315e-02
3.3785007250231729e+00 1.6255744189418435e-02
3.4058365605408745e+00 1.6186343122556322e-02
3.4333935734281456e+00 1.6117221129301286e-02
3.4611735532563652e+00 1.6048377087450435e-02
3.4891783040765341e+00 1.5979809879313443e-02
3.5174096445364404e+00 1.5911518391694409e-02
3.5458694079987572e+00 1.5843501515873784e-02
3.5745594426601057e+00 1.5775758147590378e-02
3.6034816116710755e+00 1.5708287187023412e-02
3.6326377932572216e+00 1.5641087538774689e-02
3.6620298808410374e+00 1.5574158111850775e-02
3.6916597831649125e+00 1.5507497819645338e-02
3.7215294244150918e+00 1.5441105579921444e-02
3.7516407443466275e+00 1.5374980314794048e-02
3.7819956984093537e+00 1.5309120950712456e-02
3.8125962578748736e+00 1.5243526418442892e-02
3.8434444099645719e+00 1.5178195653051174e-02
3.8745421579786719e+00 1.5113127593885384e-02
3.9058915214263235e+00 1.5048321184558688e-02
3.9374945361567590e+00 1.4983775372932146e-02
3.9693532544914993e+00 1.4919489111097662e-02
4.0014697453576344e+00 1.4855461355360946e-02
4.0338460944221755e+00 1.4791691066224596e-02
4.0664844042275075e+00 1.4728177208371203e-02
4.0993867943279270e+00 1.4664918750646535e-02
4.1325554014272843e+00 1.4601914666042829e-02
4.1659923795177454e+00 1.4539163931682079e-02
4.1996999000196729e+00 1.4476665528799455e-02
4.2336801519226404e+00 1.4414418442726758e-02
4.2679353419275854e+00 1.4352421662875941e-02
4.3024676945901170e+00 1.4290674182722694e-02
4.3372794524649763e+00 1.4229174999790135e-02
4.3723728762516698e+00 1.4167923115632499e-02
4.4077502449412842e+00 1.4106917535818952e-02
4.4434138559644838e+00 1.4046157269917425e-02
4.4793660253407070e+00 1.3985641331478553e-02
4.5156090878285662e+00 1.3925368738019663e-02
4.5521453970774779e+00 1.3865338511008801e-02
4.5889773257805038e+00 1.3805549675848855e-02
4.6261072658284332e+00 1.3746001261861747e-02
4.6635376284651224e+00 1.3686692302272657e-02
4.7012708444440712e+00 1.3627621834194331e-02
4.7393093641862878e+00 1.3568788898611454e-02
4.7776556579394169e+00 1.3510192540365073e-02
4.8163122159381588e+00 1.3451831808137091e-02
4.8552815485659861e+00 1.3393705754434831e-02
4.8945661865181718e+00 1.3335813435575642e-02
4.9341686809661338e+00 1.3278153911671583e-02
4.9740916037231084e+00 1.3220726246614167e-02
5.0143375474111709e+00 1.3163529508059156e-02
5.0549091256295906e+00 1.3106562767411433e-02
5.0958089731245737e+00 1.3049825099809917e-02
5.1370397459603581e+00 1.2993315584112552e-02
5.1786041216916976e+00 1.2937033302881356e-02
5.2205047995377525e+00 1.2880977342367520e-02
5.2627445005573694e+00 1.2825146792496576e-02
5.3053259678257945e+00 1.2769540746853629e-02
5.3482519666128097e+00 1.2714158302668621e-02
5.3915252845623121e+00 1.2658998560801694e-02
5.4351487318733431e+00 1.2604060625728586e-02
5.4791251414825828e+00 1.2549343605526096e-02
5.5234573692483311e+00 1.2494846611857586e-02
5.5681482941359590e+00 1.2440568759958590e-02
5.6132008184048807e+00 1.2386509168622415e-02
5.6586178677970160e+00 1.2332666960185866e-02
5.7044023917268039e+00 1.2279041260514972e-02
5.7505573634727272e+00 1.2225631198990807e-02
5.7970857803704083e+00 1.2172435908495363e-02
5.8439906640072561e+00 1.2119454525397439e-02
5.8912750604186819e+00 1.2066686189538671e-02
5.9389420402859239e+00 1.2014130044219525e-02
5.9869946991354510e+00 1.1961785236185402e-02
6.0354361575399906e+00 1.1909650915612790e-02
6.0842695613211832e+00 1.1857726236095456e-02
6.1334980817538653e+00 1.1806010354630733e-02
6.1831249157720256e+00 1.1754502431605784e-02
6.2331532861764121e+00 1.1703201630784022e-02
6.2835864418438199e+00 1.1652107119291493e-02
6.3344276579380754e+00 1.1601218067603390e-02
6.3856802361227336e+00 1.1550533649530553e-02
6.4373475047754853e+00 1.1500053042206079e-02
6.4894328192043051e+00 1.1449775426071949e-02
6.5419395618653517e+00 1.1399699984865732e-02
6.5948711425826145e+00 1.1349825905607328e-02
6.6482309987693666e+00 1.1300152378585763e-02
6.7020225956513819e+00 1.1250678597346058e-02
6.7562494264919728e+00 1.1201403758676126e-02
6.8109150128188451e+00 1.1152327062593727e-02
6.8660229046527839e+00 1.1103447712333498e-02
6.9215766807382018e+00 1.1054764914334001e-02
6.9775799487755412e+00 1.1006277878224840e-02
7.0340363456555624e+00 1.0957985816813840e-02
7.0909495376955185e+00 1.0909887946074262e-02
7.1483232208772600e+00 1.0861983485132070e-02
7.2061611210872503e+00 1.0814271656253257e-02
7.2644669943585205e+00 1.0766751684831218e-02
7.3232446271146001e+00 1.0719422799374172e-02
7.3824978364153981e+00 1.0672284231492645e-02
7.4422304702050965e+00 1.0625335215886982e-02
7.5024464075620312e+00 1.0578574990334939e-02
7.5631495589506041e+00 1.0532002795679287e-02
7.6243438664752352e+00 1.0485617875815501e-02
7.6860333041363544e+00 1.0439419477679492e-02
7.7482218780884899e+00 1.0393406851235361e-02
7.8109136269004225e+00 1.0347579249463234e-02
7.8741126218174546e+00 1.0301935928347132e-02
7.9378229670257969e+00 1.0256476146862899e-02
8.0020487999191019e+00 1.0211199166966155e-02
8.0667942913671489e+00 1.0166104253580326e-02
8.1320636459866993e+00 1.0121190674584710e-02
8.1978611024145529e+00 1.0076457700802581e-02
8.2641909335827943e+00 1.0031904605989371e-02
8.3310574469962990e+00 9.9875306668208534e-03
8.3984649850124562e+00 9.9433351628814195e-03
8.4664179251231619e+00 9.8993173766523668e-03
8.5349206802391038e+00 9.8554765935002717e-03
8.6039776989763261e+00 9.8118121016653667e-03
8.6735934659451424e+00 9.7683231922499926e-03
8.7437725020413559e+00 9.7250091592070900e-03
8.8145193647398603e+00 9.6818692993287329e-03
8.8858386483905907e+00 9.6389029122347231e-03
8.9577349845168968e+00 9.5961093003612049e-03
9.0302130421163191e+00 9.5534877689493515e-03
9.1032775279637796e+00 9.5110376260340735e-03
9.1769331869172674e+00 9.4687581824327953e-03
9.2511848022259429e+00 9.4266487517342731e-03
9.3260371958407990e+00 9.3847086502874179e-03
9.4014952287277751e+00 9.3429371971902424e-03
9.4775638011834467e+00 9.3013337142787648e-03
9.5542478531532442e+00 9.2598975261160323e-03
9.6315523645522632e+00 9.2186279599811329e-03
9.7094823555886638e+00 9.1775243458582772e-03
9.7880428870896825e+00 9.1365860164259287e-03
9.8672390608302898e+00 9.0958123070459668e-03
9.9470760198644914e+00 9.0552025557528917e-03
1.0027558948859340e+01 9.0271687513795713e-04
1.0108693074431626e+01 9.0231033306765063e-04
1.0190483665487273e+01 9.0190100155621955e-04
1.0272936033563555e+01 9.0148886512053422e-04
1.0356055533173970e+01 9.0107390824501290e-04
1.0439847562156025e+01 9.0065611538240979e-04
1.0524317562021729e+01 9.0023547095461633e-04
1.0609471018310982e+01 8.9981195935347918e-04
1.0695313460947839e+01 8.9938556494163096e-04
1.0781850464599573e+01 8.9895627205333810e-04
1.0869087649038756e+01 8.9852406499536233e-04
1.0957030679508160e+01 8.9808892804783835e-04
1.1045685267088684e+01 8.9765084546516592e-04
1.1135057169070258e+01 8.9720980147691787e-04
1.1225152189325678e+01 8.9676578028876350e-04
1.1315976178687546e+01 8.9631876608340765e-04
1.1407535035328229e+01 8.9586874302154508e-04
1.1499834705142861e+01 8.9541569524283085e-04
1.1592881182135521e+01 8.9495960686686684e-04
1.1686680508808434e+01 8.9450046199420440e-04
1.1781238776554408e+01 8.9403824470736114e-04
1.1876562126052420e+01 8.9357293907185644e-04
1.1972656747666358e+01 8.9310452913726160e-04
1.2069528881847083e+01 8.9263299893826617e-04
1.2167184819537630e+01 8.9215833249576171e-04
1.2265630902581776e+01 8.9168051381794094e-04
1.2364873524135906e+01 8.9119952690141320e-04
1.2464919129084128e+01 8.9071535573233729e-04
1.2565774214456876e+01 8.9022798428757132e-04
1.2667445329852780e+01 8.8973739653583654e-04
1.2769939077864022e+01 8.8924357643890188e-04
1.2873262114505128e+01 8.8874650795278123e-04
1.2977421149645174e+01 8.8824617502895127e-04
1.3082422947443581e+01 8.8774256161558267e-04
1.3188274326789335e+01 8.8723565165879127e-04
1.3294982161743834e+01 8.8672542910390399e-04
1.3402553381987310e+01 8.8621187789674318e-04
1.3510994973268808e+01 8.8569498198492699e-04
1.3620313977859890e+01 8.8517472531918738e-04
1.3730517495011920e+01 8.8465109185470567e-04
1.3841612681417123e+01 8.8412406555246322e-04
1.3953606751673350e+01 8.8359363038061241e-04
1.4066506978752576e+01 8.8305977031586259e-04
1.4180320694473217e+01 8.8252246934488214e-04
1.4295055289976295e+01 8.8198171146572162e-04
1.4410718216205369e+01 8.8143748068925012e-04
1.4527316984390463e+01 8.8088976104061154e-04
1.4644859166535799e+01 8.8033853656069565e-04
1.4763352395911550e+01 8.7978379130762899e-04
1.4882804367549575e+01 8.7922550935828079e-04
1.5003222838743085e+01 8.7866367480978738e-04
1.5124615629550464e+01 8.7809827178109265e-04
1.5246990623303063e+01 8.7752928441450773e-04
1.5370355767117166e+01 8.7695669687728377e-04
1.5494719072410108e+01 8.7638049336320680e-04
1.5620088615420485e+01 8.7580065809420558e-04
1.5746472537732693e+01 8.7521717532197847e-04
1.5873879046805598e+01 8.7463002932963653e-04
1.6002316416505547e+01 8.7403920443336418e-04
1.6131792987643720e+01 8.7344468498409507e-04
1.6262317168517708e+01 8.7284645536920733e-04
1.6393897435457642e+01 8.7224450001423292e-04
1.6526542333376579e+01 8.7163880338458465e-04
1.6660260476325444e+01 8.7102934998730069e-04
1.6795060548052465e+01 8.7041612437280366e-04
1.6930951302567024e+01 8.6979911113667721e-04
1.7067941564708235e+01 8.6917829492145929e-04
1.7206040230717971e+01 8.6855366041845017e-04
1.7345256268818606e+01 8.6792519236953769e-04
1.7485598719795455e+01 8.6729287556903847e-04
1.7627076697583842e+01 8.6665669486555371e-04
1.7769699389860975e+01 8.6601663516384204e-04
1.7913476058642633e+01 8.6537268142670726e-04
1.8058416040884598e+01 8.6472481867690262e-04
1.8204528749089057e+01 8.6407303199904776e-04
1.8351823671915799e+01 8.6341730654156319e-04
1.8500310374798449e+01 8.6275762751861988e-04
1.8649998500565676e+01 8.6209398021210167e-04
1.8800897770067337e+01 8.6142634997358396e-04
1.8953017982805836e+01 8.6075472222632619e-04
1.9106369017572444e+01 8.6007908246727891e-04
1.9260960833088856e+01 8.5939941626910518e-04
1.9416803468653960e+01 8.5871570928221458e-04
1.9573907044795710e+01 8.5802794723681321e-04
1.9732281763928462e+01 8.5733611594496413e-04
1.9891937911015422e+01 8.5664020130266452e-04
2.0052885854236628e+01 8.5594018929193284e-04
2.0215136045662266e+01 8.5523606598291086e-04
2.0378699021931386e+01 8.5452781753597750e-04
2.0543585404936220e+01 8.5381543020387422e-04
2.0709805902511917e+01 8.5309889033384446e-04
2.0877371309131949e+01 8.5237818436978310e-04
2.1046292506609124e+01 8.5165329885439800e-04
2.1216580464802220e+01 8.5092422043138395e-04
2.1388246242328417e+01 8.5019093584760516e-04
2.1561300987281417e+01 8.4945343195529154e-04
2.1735755937955407e+01 8.4871169571424298e-04
2.1911622423574943e+01 8.4796571419404375e-04
2.2088911865030585e+01 8.4721547457629039e-04
2.2267635775620636e+01 8.4646096415682290e-04
2.2447805761798836e+01 8.4570217034797145e-04
2.2629433523928032e+01 8.4493908068080672e-04
2.2812530857040084e+01 8.4417168280740264e-04
2.2997109651601772e+01 8.4339996450310498e-04
2.3183181894286992e+01 8.4262391366880861e-04
2.3370759668755241e+01 8.4184351833324178e-04
2.3559855156436221e+01 8.4105876665525880e-04
2.3750480637321036e+01 8.4026964692613705e-04
2.3942648490759556e+01 8.3947614757188226e-04
2.4136371196264385e+01 8.3867825715554006e-04
2.4331661334321339e+01 8.3787596437951057e-04
2.4528531587206320e+01 8.3706925808787103e-04
2.4726994739809030e+01 8.3625812726870056e-04
2.4927063680463135e+01 8.3544256105641220e-04
2.5128751401783283e+01 8.3462254873408598e-04
2.5332071001508890e+01 8.3379807973580679e-04
2.5537035683354624e+01 8.3296914364900570e-04
2.5743658757867976e+01 8.3213573021680240e-04
2.5951953643293557e+01 8.3129782934035100e-04
2.6161933866444521e+01 8.3045543108118780e-04
2.6373613063581065e+01 8.2960852566357833e-04
2.6587004981295877e+01 8.2875710347686733e-04
2.6802123477406901e+01 8.2790115507782745e-04
2.7018982521857314e+01 8.2704067119300810e-04
2.7237596197622633e+01 8.2617564272108443e-04
2.7457978701625411e+01 8.2530606073520337e-04
2.7680144345657073e+01 8.2443191648532972e-04
2.7904107557307384e+01 8.2355320140058824e-04
2.8129882880901430e+01 8.2266990709160489e-04
2.8357484978444042e+01 8.2178202535284294e-04
2.8586928630572057e+01 8.2088954816493629e-04
2.8818228737514097e+01 8.1999246769701801e-04
2.9051400320058232e+01 8.1909077630904447e-04
2.9286458520527489e+01 8.1818446655411350e-04
2.9523418603763112e+01 8.1727353118077654e-04
2.9762295958115971e+01 8.1635796313534435e-04
3.0003106096445791e+01 8.1543775556418632e-04
3.0245864657128635e+01 8.1451290181602017e-04
3.0490587405072482e+01 8.1358339544419583e-04
3.0737290232740936e+01 8.1264923020896824e-04
3.0985989161185394e+01 8.1171040007976206e-04
3.1236700341085367e+01 8.1076689923742669e-04
3.1489440053797360e+01 8.0981872207647838e-04
3.1744224712412240e+01 8.0886586320733415e-04
3.2001070862821003e+01 8.0790831745853220e-04
3.2259995184789418e+01 8.0694607987893930e-04
3.2521014493041072e+01 8.0597914573994698e-04
3.2784145738349430e+01 8.0500751053765311e-04
3.3049406008638634e+01 8.0403116999502909e-04
3.3316812530093117e+01 8.0305012006407135e-04
3.3586382668276364e+01 8.0206435692794034e-04
3.3858133929258649e+01 8.0107387700307977e-04
3.4132083960753803e+01 8.0007867694132132e-04
3.4408250553265390e+01 7.9907875363197231e-04
3.4686651641241923e+01 7.9807410420388311e-04
3.4967305304241584e+01 7.9706472602749810e-04
3.5250229768106387e+01 7.9605061671688662e-04
3.5535443406145639e+01 7.9503177413175422e-04
3.5822964740329269e+01 7.9400819637943302e-04
3.6112812442490522e+01 7.9297988181685074e-04
3.6405005335538583e+01 7.9194682905247898e-04
3.6699562394681003e+01 7.9090903694825816e-04
3.6996502748655828e+01 7.8986650462149928e-04
3.7295845680973990e+01 7.8881923144676286e-04
3.7597610631171456e+01 7.8776721705771282e-04
3.7901817196071697e+01 7.8671046134894606e-04
3.8208485131058367e+01 7.8564896447779397e-04
3.8517634351358140e+01 7.8458272686610304e-04
3.8829284933334115e+01 7.8351174920198157e-04
3.9143457115789495e+01 7.8243603244152501e-04
3.9460171301281953e+01 7.8135557781051045e-04
3.9779448057448640e+01 7.8027038680606093e-04
4.0101308118341741e+01 7.7918046119828386e-04
4.0425772385775090e+01 7.7808580303187589e-04
4.0752861930681448e+01 7.7698641462770025e-04
4.1082597994480878e+01 7.7588229858433031e-04
4.1415001990460283e+01 7.7477345777956304e-04
4.1750095505163848e+01 7.7365989537189837e-04
4.2087900299794939e+01 7.7254161480198814e-04
4.2428438311629392e+01 7.7141861979404698e-04
4.2771731655439950e+01 7.7029091435723421e-04
4.3117802624932608e+01 7.6915850278699632e-04
4.3466673694194206e+01 7.6802138966637699e-04
4.3818367519151991e+01 7.6687957986728910e-04
4.4172906939044985e+01 7.6573307855175212e-04
4.4530314977907004e+01 7.6458189117309026e-04
4.4890614846062036e+01 7.6342602347709352e-04
4.5253829941631409e+01 7.6226548150314251e-04
4.5619983852053302e+01 7.6110027158529105e-04
4.5989100355614632e+01 7.5993040035331042e-04
4.6361203422995054e+01 7.5875587473369743e-04
4.6736317218823835e+01 7.5757670195063514e-04
4.7114466103248944e+01 7.5639288952691886e-04
4.7495674633519087e+01 7.5520444528483688e-04
4.7879967565578553e+01 7.5401137734701167e-04
4.8267369855674708e+01 7.5281369413719679e-04
4.8657906661978863e+01 7.5161140438103128e-04
4.9051603346219906e+01 7.5040451710675225e-04
4.9448485475331353e+01 7.4919304164586026e-04
4.9848578823111787e+01 7.4797698763374434e-04
5.0251909371898442e+01 7.4675636501025954e-04
5.0658503314254723e+01 7.4553118402025922e-04
5.1068387054670950e+01 7.4430145521408415e-04
5.1481587211279226e+01 7.4306718944800224e-04
5.1898130617582076e+01 7.4182839788460454e-04
5.2318044324194858e+01 7.4058509199315386e-04
5.2741355600602574e+01 7.3933728354988373e-04
5.3168091936930828e+01 7.3808498463825468e-04
5.3598281045730843e+01 7.3682820764915701e-04
5.4031950863779386e+01 7.3556696528107024e-04
5.4469129553892806e+01 7.3430127054017005e-04
5.4909845506755985e+01 7.3303113674038972e-04
5.5354127342766198e+01 7.3175657750342937e-04
5.5802003913891497e+01 7.3047760675871791e-04
5.6253504305544617e+01 7.2919423874332455e-04
5.6708657838471623e+01 7.2790648800181935e-04
5.7167494070656055e+01 7.2661436938608606e-04
5.7630042799238602e+01 7.2531789805508088e-04
5.8096334062451881e+01 7.2401708947454418e-04
5.8566398141571412e+01 7.2271195941665876e-04
5.9040265562881878e+01 7.2140252395965832e-04
5.9517967099659622e+01 7.2008879948738452e-04
5.9999533774171191e+01 7.1877080268879204e-04
6.0484996859687683e+01 7.1744855055740292e-04
6.0974387882515963e+01 7.1612206039070874e-04
6.1467738624045730e+01 7.1479134978952134e-04
6.1965081122813551e+01 7.1345643665727198e-04
6.2466447676583556e+01 7.1211733919925664e-04
6.2971870844444624e+01 7.1077407592183334e-04
6.3481383448925101e+01 7.0942666563156244e-04
6.3995018578124046e+01 7.0807512743429973e-04
6.4512809587860119e+01 7.0671948073423299e-04
6.5034790103837807e+01 7.0535974523287055e-04
6.5560994023830929e+01 7.0399594092797476e-04
6.6091455519884079e+01 7.0262808811244535e-04
6.6626209040531819e+01 7.0125620737314929e-04
6.7165289313035657e+01 6.9988031958970100e-04
6.7708731345639464e+01 6.9850044593318861e-04
6.8256570429842711e+01 6.9711660786484896e-04
6.8808842142692427e+01 6.9572882713469315e-04
6.9365582349093671e+01 6.9433712578007684e-04
6.9926827204138462e+01 6.9294152612422370e-04
7.0492613155453896e+01 6.9154205077469430e-04
7.1062976945568906e+01 6.9013872262180601e-04
7.1637955614300409e+01 6.8873156483700122e-04
7.2217586501158820e+01 6.8732060087116635e-04
7.2801907247772675e+01 6.8590585445289982e-04
7.3390955800333359e+01 6.8448734958672850e-04
7.3984770412059135e+01 6.8306511055127902e-04
7.4583389645679404e+01 6.8163916189739517e-04
7.5186852375939154e+01 6.8020952844620734e-04
7.5795197792123190e+01 6.7877623528715604e-04
7.6408465400601500e+01 6.7733930777596249e-04
7.7026695027394481e+01 6.7589877153255505e-04
7.7649926820759418e+01 6.7445465243894662e-04
7.8278201253797860e+01 6.7300697663706308e-04
7.8911559127083734e+01 6.7155577052652854e-04
7.9550041571313031e+01 6.7010106076240052e-04
8.0193690049975089e+01 6.6864287425286097e-04
8.0842546362044857e+01 6.6718123815686270e-04
8.1496652644697775e+01 6.6571617988172768e-04
8.2156051376045838e+01 6.6424772708070453e-04
8.2820785377896300e+01 6.6277590765047854e-04
8.3490897818532687e+01 6.6130074972864047e-04
8.4166432215517887e+01 6.5982228169111131e-04
8.4847432438520485e+01 6.5834053214952495e-04
8.5533942712163494e+01 6.5685552994856802e-04
8.6226007618896375e+01 6.5536730416328073e-04
8.6923672101890418e+01 6.5387588409631292e-04
8.7626981467957094e+01 6.5238129927514498e-04
8.8335981390490602e+01 6.5088357944926493e-04
8.9050717912433683e+01 6.4938275458730865e-04
8.9771237449267815e+01 6.4787885487416175e-04
9.0497586792027519e+01 6.4637191070802383e-04
9.1229813110338796e+01 6.4486195269743553e-04
9.1967963955482645e+01 6.4334901165826787e-04
9.2712087263482772e+01 6.4183311861067973e-04
9.3462231358218716e+01 6.4031430477603721e-04
9.4218444954564234e+01 6.3879260157379892e-04
9.4980777161550478e+01 6.3726804061837148e-04
9.5749277485555552e+01 6.3574065371592610e-04
9.6523995833519209e+01 6.3421047286118962e-04
9.7304982516183955e+01 6.3267753023420030e-04
9.8092288251362419e+01 6.3114185819703448e-04
9.8885964167230654e+01 6.2960348929050369e-04
9.9686061805648691e+01 6.2806245623082198e-04
1.0049263312550769e+02 6.2651879190624778e-04
1.0130573050610420e+02 6.2497252937369408e-04
1.0212540675054144e+02 6.2342370185531726e-04
1.0295171508915875e+02 6.2187234273507620e-04
1.0378470918298814e+02 6.2031848555526843e-04
1.0462444312723908e+02 6.1876216401304243e-04
1.0547097145481190e+02 6.1720341195688492e-04
1.0632434913983852e+02 6.1564226338309020e-04
1.0718463160125295e+02 6.1407875243220270e-04
1.0805187470639015e+02 6.1251291338544189e-04
1.0892613477461394e+02 6.1094478066110779e-04
1.0980746858097490e+02 6.0937438881096615e-04
1.1069593335989669e+02 6.0780177251661691e-04
1.1159158680889333e+02 6.0622696658584421e-04
1.1249448709231606e+02 6.0465000594895214e-04
1.1340469284513038e+02 6.0307092565508365e-04
1.1432226317672438e+02 6.0148976086852354e-04
1.1524725767474656e+02 5.9990654686499273e-04
1.1617973640897608e+02 5.9832131902792470e-04
1.1711975993522351e+02 5.9673411284473347e-04
1.1806738929926330e+02 5.9514496390306862e-04
1.1902268604079858e+02 5.9355390788706135e-04
1.1998571219745689e+02 5.9196098057356233e-04
1.2095653030881945e+02 5.9036621782836910e-04
1.2193520342048238e+02 5.8876965560244814e-04
1.2292179508815077e+02 5.8717132992815017e-04
1.2391636938176657e+02 5.8557127691541845e-04
1.2491899088966859e+02 5.8396953274799431e-04
1.2592972472278741e+02 5.8236613367961877e-04
1.2694863651887354e+02 5.8076111603023008e-04
1.2797579244675994e+02 5.7915451618216105e-04
1.2901125921065955e+02 5.7754637057633271e-04
1.3005510405449633e+02 5.7593671570845125e-04
1.3110739476627265e+02 5.7432558812520293e-04
1.3216819968247128e+02 5.7271302442045229e-04
1.3323758769249329e+02 5.7109906123144118e-04
1.3431562824313207e+02 5.6948373523499265e-04
1.3540239134308254e+02 5.6786708314371837e-04
1.3649794756748815e+02 5.6624914170223112e-04
1.3760236806252394e+02 5.6462994768336308e-04
1.3871572455001669e+02 5.6300953788439182e-04
1.3983808933210258e+02 5.6138794912327184e-04
1.4096953529592309e+02 5.5976521823487661e-04
1.4211013591835743e+02 5.5814138206724921e-04
1.4325996527079479e+02 5.5651647747786254e-04
1.4441909802394446e+02 5.5489054132989133e-04
1.4558760945268475e+02 5.5326361048849452e-04
1.4676557544095215e+02 5.5163572181711170e-04
1.4795307248666828e+02 5.5000691217377187e-04
1.4915017770670832e+02 5.4837721840741678e-04
1.5035696884190887e+02 5.4674667735423919e-04
1.5157352426211648e+02 5.4511532583403520e-04
1.5279992297127740e+02 5.4348320064657562e-04
1.5403624461256749e+02 5.4185033856799251e-04
1.5528256947356476e+02 5.4021677634718407e-04
1.5653897849146321e+02 5.3858255070223914e-04
1.5780555325832876e+02 5.3694769831687814e-04
1.5908237602639849e+02 5.3531225583691830e-04
1.6036952971342131e+02 5.3367625986675590e-04
1.6166709790804330e+02 5.3203974696587153e-04
1.6297516487523575e+02 5.3040275364535795e-04
1.6429381556176736e+02 5.2876531636446918e-04
1.6562313560172129e+02 5.2712747152719355e-04
1.6696321132205540e+02 5.2548925547885245e-04
1.6831412974820901e+02 5.2385070450272088e-04
1.6967597860975414e+02 5.2221185481667596e-04
1.7104884634609274e+02 5.2057274256986895e-04
1.7243282211220048e+02 5.1893340383942551e-04
1.7382799578441569e+02 5.1729387462717325e-04
1.7523445796627658e+02 5.1565419085639486e-04
1.7665229999440490e+02 5.1401438836861171e-04
1.7808161394443732e+02 5.1237450292039479e-04
1.7952249263700551e+02 5.1073457018020513e-04
1.8097502964376301e+02 5.0909462572526487e-04
1.8243931929346238e+02 5.0745470503845791e-04
1.8391545667808094e+02 5.0581484350526124e-04
1.8540353765899593e+02 5.0417507641070832e-04
1.8690365887321047e+02 5.0253543893638206e-04
1.8841591773962816e+02 5.0089596615744420e-04
1.8994041246538023e+02 4.9925669303969259e-04
1.9147724205220311e+02 4.9761765443665537e-04
1.9302650630286735e+02 4.9597888508671507e-04
1.9458830582765975e+02 4.9434041961027005e-04
1.9616274205091580e+02 4.9270229250692810e-04
1.9774991721760708e+02 4.9106453815273531e-04
1.9934993439998098e+02 4.8942719079743966e-04
2.0096289750425399e+02 4.8779028456179090e-04
2.0258891127736024e+02 4.8615385343487379e-04
2.0422808131375274e+02 4.8451793127148068e-04
2.0588051406226145e+02 4.8288255178951741e-04
2.0754631683300596e+02 4.8124774856744812e-04
2.0922559780436438e+02 4.7961355504177441e-04
2.1091846602999814e+02 4.7798000450455480e-04
2.1262503144593498e+02 4.7634713010095780e-04
2.1434540487770701e+02 4.7471496482685664e-04
2.1607969804754853e+02 4.7308354152645878e-04
2.1782802358165125e+02 4.7145289288997547e-04
2.1959049501747805e+02 4.6982305145132716e-04
2.2136722681113704e+02 4.6819404958589009e-04
2.2315833434481314e+02 4.6656591950828066e-04
2.2496393393426192e+02 4.6493869327017702e-04
2.2678414283636303e+02 4.6331240275818164e-04
2.2861907925673472e+02 4.6168707969172226e-04
2.3046886235741107e+02 4.6006275562099076e-04
2.3233361226457913e+02 4.5843946192492343e-04
2.3421345007638087e+02 4.5681722980922031e-04
2.3610849787077720e+02 4.5519609030440105e-04
2.3801887871347549e+02 4.5357607426390489e-04
2.3994471666592253e+02 4.5195721236222661e-04
2.4188613679335978e+02 4.5033953509309355e-04
2.4384326517294610e+02 4.4872307276768320e-04
2.4581622890194498e+02 4.4710785551287829e-04
2.4780515610597820e+02 4.4549391326956375e-04
2.4981017594734737e+02 4.4388127579096128e-04
2.5183141863342024e+02 4.4226997264100633e-04
2.5386901542508753e+02 4.4066003319276169e-04
2.5592309864528681e+02 4.3905148662687387e-04
2.5799380168759546e+02 4.3744436193006604e-04
2.6008125902489422e+02 4.3583868789367217e-04
2.6218560621809860e+02 4.3423449311221141e-04
2.6430697992496317e+02 4.3263180598200016e-04
2.6644551790895599e+02 4.3103065469980348e-04
2.6860135904820498e+02 4.2943106726152835e-04
2.7077464334451741e+02 4.2783307146095176e-04
2.7296551193247058e+02 4.2623669488849178e-04
2.7517410708857795e+02 4.2464196493001546e-04
2.7740057224052856e+02 4.2304890876568519e-04
2.7964505197650095e+02 4.2145755336884584e-04
2.8190769205455410e+02 4.1986792550494626e-04
2.8418863941209105e+02 4.1828005173050425e-04
2.8648804217540271e+02 4.1669395839210471e-04
2.8880604966928644e+02 4.1510967162543987e-04
2.9114281242674355e+02 4.1352721735438358e-04
2.9349848219875582e+02 4.1194662129010541e-04
2.9587321196413882e+02 4.1036790893022202e-04
2.9826715593947733e+02 4.0879110555798427e-04
3.0068046958914022e+02 4.0721623624150250e-04
3.0311330963537608e+02 4.0564332583300768e-04
3.0556583406849194e+02 4.0407239896814899e-04
3.0803820215711164e+02 4.0250348006532855e-04
3.1053057445851994e+02 4.0093659332507067e-04
3.1304311282908890e+02 3.9937176272942815e-04
3.1557598043478868e+02 3.9780901204142255e-04
3.1812934176178493e+02 3.9624836480451980e-04
3.2070336262711879e+02 3.9468984434214269e-04
3.2329821018947615e+02 3.9313347375721547e-04
3.2591405296004308e+02 3.9157927593174325e-04
3.2855106081344894e+02 3.9002727352642632e-04
3.3120940499879771e+02 3.8847748898030755e-04
3.3388925815079045e+02 3.8692994451045265e-04
3.3659079430093442e+02 3.8538466211166493e-04
3.3931418888884593e+02 3.8384166355623139e-04
3.4205961877364325e+02 3.8230097039370167e-04
3.4482726224543177e+02 3.8076260395069987e-04
3.4761729903688342e+02 3.7922658533076631e-04
3.5042991033490677e+02 3.7769293541423338e-04
3.5326527879241462e+02 3.7616167485813017e-04
3.5612358854018549e+02 3.7463282409611889e-04
3.5900502519882065e+02 3.7310640333846224e-04
3.6190977589079995e+02 3.7158243257201859e-04
3.6483802925263149e+02 3.7006093156027056e-04
3.6778997544710336e+02 3.6854191984337997e-04
3.7076580617563246e+02 3.6702541673827235e-04
3.7376571469071342e+02 3.6551144133875179e-04
3.7678989580846991e+02 3.6400001251564088e-04
3.7983854592130422e+02 3.6249114891695325e-04
3.8291186301065210e+02 3.6098486896808879e-04
3.8601004665983999e+02 3.5948119087205930e-04
3.8913329806704525e+02 3.5798013260973996e-04
3.9228182005836402e+02 3.5648171194014634e-04
3.9545581710098025e+02 3.5498594640073999e-04
3.9865549531644575e+02 3.5349285330775720e-04
4.0188106249406525e+02 3.5200244975656410e-04
4.0513272810439025e+02 3.5051475262203713e-04
4.0841070331282344e+02 3.4902977855896707e-04
4.1171520099332992e+02 3.4754754400248837e-04
4.1504643574226259e+02 3.4606806516853202e-04
4.1840462389229810e+02 3.4459135805430088e-04
4.2178998352648495e+02 3.4311743843876976e-04
4.2520273449240796e+02 3.4164632188320632e-04
4.2864309841646246e+02 3.4017802373171593e-04
4.3211129871824880e+02 3.3871255911180754e-04
4.3560756062508085e+02 3.3724994293498120e-04
4.3913211118661178e+02 3.3579018989733720e-04
4.4268517928958113e+02 3.3433331448020444e-04
4.4626699567267565e+02 3.3287933095079190e-04
4.4987779294151557e+02 3.3142825336285764e-04
4.5351780558375998e+02 3.2998009555739854e-04
4.5718726998433380e+02 3.2853487116335934e-04
4.6088642444078090e+02 3.2709259359835967e-04
4.6461550917873626e+02 3.2565327606944125e-04
4.6837476636752859e+02 3.2421693157383126e-04
4.7216444013590620e+02 3.2278357289972515e-04
4.7598477658789056e+02 3.2135321262708589e-04
4.7983602381876028e+02 3.1992586312845953e-04
4.8371843193115990e+02 3.1850153656980986e-04
4.8763225305134347e+02 3.1708024491136671e-04
4.9157774134554728e+02 3.1566199990849136e-04
4.9555515303649543e+02 3.1424681311255755e-04
4.9956474642004059e+02 3.1283469587184681e-04
5.0360678188193538e+02 3.1142565933246042e-04
5.0768152191474371e+02 3.1001971443924347e-04
5.1178923113488696e+02 3.0861687193672465e-04
5.1593017629982808e+02 3.0721714237006944e-04
5.2010462632539452e+02 3.0582053608604632e-04
5.2431285230324443e+02 3.0442706323400583e-04
5.2855512751846743e+02 3.0303673376687372e-04
5.3283172746733499e+02 3.0164955744215464e-04
5.3714292987519013e+02 3.0026554382294894e-04
5.4148901471448301e+02 2.9888470227898097e-04
5.4587026422295435e+02 2.9750704198763778e-04
5.5028696292196116e+02 2.9613257193502051e-04
5.5473939763495571e+02 2.9476130091700528e-04
5.5922785750611195e+02 2.9339323754031422e-04
5.6375263401910127e+02 2.9202839022359742e-04
5.6831402101602475e+02 2.9066676719852321e-04
5.7291231471649201e+02 2.8930837651087982e-04
5.7754781373685967e+02 2.8795322602168376e-04
5.8222081910962333e+02 2.8660132340829883e-04
5.8693163430296670e+02 2.8525267616556229e-04
5.9168056524047063e+02 2.8390729160691940e-04
5.9646792032097721e+02 2.8256517686556660e-04
6.0129401043861913e+02 2.8122633889560091e-04
6.0615914900300902e+02 2.7989078447317748e-04
6.1106365195959222e+02 2.7855852019767366e-04
6.1600783781016639e+02 2.7722955249285906e-04
6.2099202763356163e+02 2.7590388760807377e-04
6.2601654510649462e+02 2.7458153161941015e-04
6.3108171652458691e+02 2.7326249043090278e-04
6.3618787082355482e+02 2.7194676977572197e-04
6.4133533960057298e+02 2.7063437521737281e-04
6.4652445713580471e+02 2.6932531215090094e-04
6.5175556041411312e+02 2.6801958580410042e-04
6.5702898914694435e+02 2.6671720123872748e-04
6.6234508579438773e+02 2.6541816335171839e-04
6.6770419558741867e+02 2.6412247687641004e-04
6.7310666655031378e+02 2.6283014638376582e-04
6.7855284952325417e+02 2.6154117628360377e-04
6.8404309818510956e+02 2.6025557082582772e-04
6.8957776907640471e+02 2.5897333410166220e-04
6.9515722162247675e+02 2.5769447004488864e-04
7.0078181815681216e+02 2.5641898243308579e-04
7.0645192394457979e+02 2.5514687488887043e-04
7.1216790720635083e+02 2.5387815088114105e-04
7.1793013914201003e+02 2.5261281372632345e-04
7.2373899395486569e+02 2.5135086658961643e-04
7.2959484887594522e+02 2.5009231248624060e-04
7.3549808418849614e+02 2.4883715428268674e-04
7.4144908325268136e+02 2.4758539469796613e-04
7.4744823253047377e+02 2.4633703630486017e-04
7.5349592161075668e+02 2.4509208153117160e-04
7.5959254323461914e+02 2.4385053266097549e-04
7.6573849332086411e+02 2.4261239183587013e-04
7.7193417099171870e+02 2.4137766105622802e-04
7.7817997859875391e+02 2.4014634218244582e-04
7.8447632174901207e+02 2.3891843693619506e-04
7.9082360933135124e+02 2.3769394690167009e-04
7.9722225354299314e+02 2.3647287352683728e-04
8.0367266991629549e+02 2.3525521812468178e-04
8.1017527734573559e+02 2.3404098187445289e-04
8.1673049811511316e+02 2.3283016582290907e-04
8.2333875792497679e+02 2.3162277088555961e-04
8.3000048592026451e+02 2.3041879784790672e-04
8.3671611471817562e+02 2.2921824736668348e-04
8.4348608043626507e+02 2.2802111997109132e-04
8.5031082272076344e+02 2.2682741606403419e-04
8.5719078477513233e+02 2.2563713592335023e-04
8.6412641338884009e+02 2.2445027970304247e-04
8.7111815896638097e+02 2.2326684743450472e-04
8.7816647555652332e+02 2.2208683902774577e-04
8.8527182088179507e+02 2.2091025427261056e-04
8.9243465636821202e+02 2.1973709283999734e-04
8.9965544717523824e+02 2.1856735428307312e-04
9.0693466222599682e+02 2.1740103803848408e-04
9.1427277423772136e+02 2.1623814342756361e-04
9.2167025975245406e+02 2.1507866965753619e-04
9.2912759916799564e+02 2.1392261582271687e-04
9.3664527676909768e+02 2.1276998090570881e-04
9.4422378075891629e+02 2.1162076377859461e-04
9.5186360329071454e+02 2.1047496320412463e-04
9.5956524049982318e+02 2.0933257783690122e-04
9.6732919253586363e+02 2.0819360622455755e-04
9.7515596359522192e+02 2.0705804680893366e-04
9.8304606195379563e+02 2.0592589792724634e-04
9.9100000000000091e+02 2.0479715781325546e-04
9.9397299999999996e+02 2.0437845369941944e-04
9.9694600000000003e+02 2.0396146861313653e-04
9.9991899999999998e+02 2.0354619082380595e-04
1.0028920000000001e+03 2.0313260871259058e-04
1.0058650000000000e+03 2.0272071077105205e-04
1.0088380000000000e+03 2.0231048559980557e-04
1.0118110000000000e+03 2.0190192190719494e-04
1.0147840000000000e+03 2.0149500850798730e-04
1.0177569999999999e+03 2.0108973432208645e-04
1.0207300000000000e+03 2.0068608837326617e-04
1.0237030000000000e+03 2.0028405978792148e-04
1.0266759999999999e+03 1.9988363779383823e-04
1.0296489999999999e+03 1.9948481171898089e-04
1.0326220000000001e+03 1.9908757099029804e-04
1.0355950000000000e+03 1.9869190513254479e-04
1.0385680000000000e+03 1.9829780376712271e-04
1.0415409999999999e+03 1.9790525661093669e-04
1.0445139999999999e+03 1.9751425347526734e-04
1.0474870000000001e+03 1.9712478426466104e-04
1.0504600000000000e+03 1.9673683897583467e-04
1.0534330000000000e+03 1.9635040769659640e-04
1.0564059999999999e+03 1.9596548060478238e-04
1.0593789999999999e+03 1.9558204796720779e-04
1.0623520000000001e+03 1.9520010013863334e-04
1.0653250000000000e+03 1.9481962756074620e-04
1.0682980000000000e+03 1.9444062076115525e-04
1.0712710000000000e+03 1.9406307035240062e-04
1.0742439999999999e+03 1.9368696703097728e-04
1.0772170000000001e+03 1.9331230157637160e-04
1.0801900000000001e+03 1.9293906485011282e-04
1.0831630000000000e+03 1.9256724779483599e-04
1.0861360000000000e+03 1.9219684143335921e-04
1.0891089999999999e+03 1.9182783686777339e-04
1.0920820000000001e+03 1.9146022527854423e-04
1.0950550000000001e+03 1.9109399792362699e-04
1.0980280000000000e+03 1.9072914613759321e-04
1.1010010000000000e+03 1.9036566133076981e-04
1.1039739999999999e+03 1.9000353498838939e-04
1.1069469999999999e+03 1.8964275866975276e-04
1.1099200000000001e+03 1.8928332400740234e-04
1.1128930000000000e+03 1.8892522270630736e-04
1.1158660000000000e+03 1.8856844654305960e-04
1.1188389999999999e+03 1.8821298736508015e-04
1.1218119999999999e+03 1.8785883708983739e-04
1.1247850000000001e+03 1.8750598770407451e-04
1.1277580000000000e+03 1.8715443126304863e-04
1.1307310000000000e+03 1.8680415988977877e-04
1.1337040000000000e+03 1.8645516577430520e-04
1.1366769999999999e+03 1.8610744117295759e-04
1.1396500000000001e+03 1.8576097840763354e-04
1.1426230000000000e+03 1.8541576986508658e-04
1.1455960000000000e+03 1.8507180799622337e-04
1.1485690000000000e+03 1.8472908531541029e-04
1.1515419999999999e+03 1.8438759439978937e-04
1.1545150000000001e+03 1.8404732788860300e-04
1.1574880000000001e+03 1.8370827848252733e-04
1.1604610000000000e+03 1.8337043894301505e-04
1.1634340000000000e+03 1.8303380209164582e-04
1.1664069999999999e+03 1.8269836080948607e-04
1.1693799999999999e+03 1.8236410803645629e-04
1.1723530000000001e+03 1.8203103677070723e-04
1.1753260000000000e+03 1.8169914006800381e-04
1.1782990000000000e+03 1.8136841104111689e-04
1.1812719999999999e+03 1.8103884285922315e-04
1.1842449999999999e+03 1.8071042874731242e-04
1.1872180000000001e+03 1.8038316198560277e-04
1.1901910000000000e+03 1.8005703590896299e-04
1.1931640000000000e+03 1.7973204390634248e-04
1.1961369999999999e+03 1.7940817942020852e-04
1.1991099999999999e+03 1.7908543594599008e-04
1.2020830000000001e+03 1.7876380703152968e-04
1.2050560000000000e+03 1.7844328627654134e-04
1.2080290000000000e+03 1.7812386733207563e-04
1.2110020000000000e+03 1.7780554389999149e-04
1.2139749999999999e+03 1.7748830973243472e-04
1.2169480000000001e+03 1.7717215863132288e-04
1.2199210000000000e+03 1.7685708444783668e-04
1.2228940000000000e+03 1.7654308108191774e-04
1.2258670000000000e+03 1.7623014248177227e-04
1.2288399999999999e+03 1.7591826264338179e-04
1.2318130000000001e+03 1.7560743561001858e-04
1.2347860000000001e+03 1.7529765547176851e-04
1.2377590000000000e+03 1.7498891636505857e-04
1.2407320000000000e+03 1.7468121247219104e-04
1.2437049999999999e+03 1.7437453802088287e-04
1.2466779999999999e+03 1.7406888728381092e-04
1.2496510000000001e+03 1.7376425457816286e-04
1.2526240000000000e+03 1.7346063426519327e-04
1.2555970000000000e+03 1.7315802074978524e-04
1.2585699999999999e+03 1.7285640848001727e-04
1.2615429999999999e+03 1.7255579194673564e-04
1.2645160000000001e+03 1.7225616568313166e-04
1.2674890000000000e+03 1.7195752426432418e-04
1.2704620000000000e+03 1.7165986230694680e-04
1.2734349999999999e+03 1.7136317446874065e-04
1.2764079999999999e+03 1.7106745544815156e-04
1.2793810000000001e+03 1.7077269998393190e-04
1.2823540000000000e+03 1.7047890285474794e-04
1.2853270000000000e+03 1.7018605887879102e-04
1.2883000000000000e+03 1.6989416291339360e-04
1.2912729999999999e+03 1.6960320985465036e-04
1.2942460000000001e+03 1.6931319463704301e-04
1.2972190000000001e+03 1.6902411223307013e-04
1.3001920000000000e+03 1.6873595765288076e-04
1.3031650000000000e+03 1.6844872594391313e-04
1.3061379999999999e+03 1.6816241219053680e-04
1.3091109999999999e+03 1.6787701151369931e-04
1.3120840000000001e+03 1.6759251907057739e-04
1.3150570000000000e+03 1.6730893005423121e-04
1.3180300000000000e+03 1.6702623969326377e-04
1.3210029999999999e+03 1.6674444325148337e-04
1.3239759999999999e+03 1.6646353602757055e-04
1.3269490000000001e+03 1.6618351335474850e-04
1.3299220000000000e+03 1.6590437060045777e-04
1.3328950000000000e+03 1.6562610316603373e-04
1.3358679999999999e+03 1.6534870648638903e-04
1.3388409999999999e+03 1.6507217602969879e-04
1.3418140000000001e+03 1.6479650729708952e-04
1.3447870000000000e+03 1.6452169582233196e-04
1.3477600000000000e+03 1.6424773717153688e-04
1.3507329999999999e+03 1.6397462694285489e-04
1.3537059999999999e+03 1.6370236076617927e-04
1.3566790000000001e+03 1.6343093430285215e-04
1.3596520000000000e+03 1.6316034324537432e-04
1.3626250000000000e+03 1.6289058331711806e-04
1.3655980000000000e+03 1.6262165027204330e-04
1.3685709999999999e+03 1.6235353989441656e-04
1.3715439999999999e+03 1.6208624799853401e-04
1.3745170000000001e+03 1.6181977042844636e-04
1.3774900000000000e+03 1.6155410305768812e-04
1.3804630000000000e+03 1.6128924178900861e-04
1.3834359999999999e+03 1.6102518255410689e-04
1.3864089999999999e+03 1.6076192131336936e-04
1.3893820000000001e+03 1.6049945405560980e-04
1.3923550000000000e+03 1.6023777679781331e-04
1.3953280000000000e+03 1.5997688558488173e-04
1.3983009999999999e+03 1.5971677648938322e-04
1.4012739999999999e+03 1.5945744561130337e-04
1.4042470000000001e+03 1.5919888907780009e-04
1.4072200000000000e+03 1.5894110304296038e-04
1.4101930000000000e+03 1.5868408368756008e-04
1.4131659999999999e+03 1.5842782721882644e-04
1.4161389999999999e+03 1.5817232987020276e-04
1.4191120000000001e+03 1.5791758790111607e-04
1.4220850000000000e+03 1.5766359759674699e-04
1.4250580000000000e+03 1.5741035526780226e-04
1.4280309999999999e+03 1.5715785725028977e-04
1.4310039999999999e+03 1.5690609990529563e-04
1.4339770000000001e+03 1.5665507961876423e-04
1.4369500000000000e+03 1.5640479280128013e-04
1.4399230000000000e+03 1.5615523588785257e-04
1.4428960000000000e+03 1.5590640533770213e-04
1.4458689999999999e+03 1.5565829763404985e-04
1.4488419999999999e+03 1.5541090928390824e-04
1.4518150000000001e+03 1.5516423681787508e-04
1.4547880000000000e+03 1.5491827678992877e-04
1.4577610000000000e+03 1.5467302577722630e-04
1.4607339999999999e+03 1.5442848037990306e-04
1.4637069999999999e+03 1.5418463722087500e-04
1.4666800000000001e+03 1.5394149294564274e-04
1.4696530000000000e+03 1.5369904422209770e-04
1.4726260000000000e+03 1.5345728774033022e-04
1.4755989999999999e+03 1.5321622021244007e-04
1.4785719999999999e+03 1.5297583837234834e-04
1.4815450000000001e+03 1.5273613897561169e-04
1.4845180000000000e+03 1.5249711879923846e-04
1.4874910000000000e+03 1.5225877464150671e-04
1.4904639999999999e+03 1.5202110332178387e-04
1.4934369999999999e+03 1.5178410168034868e-04
1.4964100000000001e+03 1.5154776657821476e-04
1.4993830000000000e+03 1.5131209489695584e-04
1.5023560000000000e+03 1.5107708353853303e-04
1.5053290000000000e+03 1.5084272942512383e-04
1.5083019999999999e+03 1.5060902949895266e-04
1.5112749999999999e+03 1.5037598072212350e-04
1.5142480000000000e+03 1.5014358007645385e-04
1.5172210000000000e+03 1.4991182456331072e-04
1.5201940000000000e+03 1.4968071120344793e-04
1.5231669999999999e+03 1.4945023703684547e-04
1.5261399999999999e+03 1.4922039912255018e-04
1.5291130000000001e+03 1.4899119453851798e-04
1.5320860000000000e+03 1.4876262038145810e-04
1.5350590000000000e+03 1.4853467376667849e-04
1.5380319999999999e+03 1.4830735182793289e-04
1.5410049999999999e+03 1.4808065171726951e-04
1.5439780000000001e+03 1.4785457060488108e-04
1.5469510000000000e+03 1.4762910567895672e-04
1.5499240000000000e+03 1.4740425414553476e-04
1.5528969999999999e+03 1.4718001322835755e-04
1.5558699999999999e+03 1.4695638016872740e-04
1.5588430000000001e+03 1.4673335222536391e-04
1.5618160000000000e+03 1.4651092667426326e-04
1.5647890000000000e+03 1.4628910080855781e-04
1.5677619999999999e+03 1.4606787193837837e-04
1.5707349999999999e+03 1.4584723739071689e-04
1.5737080000000001e+03 1.4562719450929087e-04
1.5766810000000000e+03 1.4540774065440902e-04
1.5796540000000000e+03 1.4518887320283830e-04
1.5826270000000000e+03 1.4497058954767225e-04
1.5855999999999999e+03 1.4475288709820040e-04
1.5885729999999999e+03 1.4453576327977939e-04
1.5915460000000000e+03 1.4431921553370483e-04
1.5945190000000000e+03 1.4410324131708502e-04
1.5974920000000000e+03 1.4388783810271498e-04
1.6004649999999999e+03 1.4367300337895269e-04
1.6034379999999999e+03 1.4345873464959605e-04
1.6064110000000001e+03 1.4324502943376076e-04
1.6093840000000000e+03 1.4303188526576012e-04
1.6123570000000000e+03 1.4281929969498506e-04
1.6153299999999999e+03 1.4260727028578624e-04
1.6183029999999999e+03 1.4239579461735655e-04
1.6212760000000001e+03 1.4218487028361509e-04
1.6242490000000000e+03 1.4197449489309239e-04
1.6272220000000000e+03 1.4176466606881616e-04
1.6301949999999999e+03 1.4155538144819882e-04
1.6331679999999999e+03 1.4134663868292562e-04
1.6361410000000001e+03 1.4113843543884393e-04
1.6391140000000000e+03 1.4093076939585388e-04
1.6420870000000000e+03 1.4072363824779927e-04
1.6450599999999999e+03 1.4051703970236067e-04
1.6480329999999999e+03 1.4031097148094817e-04
1.6510059999999999e+03 1.4010543131859636e-04
1.6539790000000000e+03 1.3990041696385953e-04
1.6569520000000000e+03 1.3969592617870815e-04
1.6599250000000000e+03 1.3949195673842627e-04
1.6628979999999999e+03 1.3928850643150979e-04
1.6658709999999999e+03 1.3908557305956584e-04
1.6688440000000001e+03 1.3888315443721290e-04
1.6718170000000000e+03 1.3868124839198215e-04
1.6747900000000000e+03 1.3847985276421937e-04
1.6777629999999999e+03 1.3827896540698784e-04
1.6807359999999999e+03 1.3807858418597252e-04
1.6837090000000001e+03 1.3787870697938456e-04
1.6866820000000000e+03 1.3767933167786701e-04
1.6896550000000000e+03 1.3748045618440125e-04
1.6926279999999999e+03 1.3728207841421454e-04
1.6956009999999999e+03 1.3708419629468793e-04
1.6985740000000001e+03 1.3688680776526583e-04
1.7015470000000000e+03 1.3668991077736518e-04
1.7045200000000000e+03 1.3649350329428674e-04
1.7074929999999999e+03 1.3629758329112638e-04
1.7104659999999999e+03 1.3610214875468734e-04
1.7134390000000001e+03 1.3590719768339347e-04
1.7164120000000000e+03 1.3571272808720307e-04
1.7193850000000000e+03 1.3551873798752358e-04
1.7223579999999999e+03 1.3532522541712704e-04
1.7253309999999999e+03 1.3513218842006627e-04
1.7283039999999999e+03 1.3493962505159177e-04
1.7312770000000000e+03 1.3474753337806971e-04
1.7342500000000000e+03 1.3455591147690005e-04
1.7372230000000000e+03 1.3436475743643585e-04
1.7401959999999999e+03 1.3417406935590330e-04
1.7431689999999999e+03 1.3398384534532199e-04
1.7461420000000001e+03 1.3379408352542669e-04
1.7491150000000000e+03 1.3360478202758907e-04
1.7520880000000000e+03 1.3341593899374036e-04
1.7550609999999999e+03 1.3322755257629500e-04
1.7580339999999999e+03 1.3303962093807464e-04
1.7610070000000001e+03 1.3285214225223265e-04
1.7639800000000000e+03 1.3266511470218001e-04
1.7669530000000000e+03 1.3247853648151080e-04
1.7699259999999999e+03 1.3229240579392944e-04
1.7728989999999999e+03 1.3210672085317777e-04
1.7758720000000001e+03 1.3192147988296305e-04
1.7788450000000000e+03 1.3173668111688688e-04
1.7818180000000000e+03 1.3155232279837384e-04
1.7847909999999999e+03 1.3136840318060219e-04
1.7877639999999999e+03 1.3118492052643365e-04
1.7907369999999999e+03 1.3100187310834485e-04
1.7937100000000000e+03 1.3081925920835886e-04
1.7966830000000000e+03 1.3063707711797768e-04
1.7996559999999999e+03 1.3045532513811475e-04
1.8026289999999999e+03 1.3027400157902884e-04
1.8056019999999999e+03 1.3009310476025761e-04
1.8085750000000000e+03 1.2991263301055260e-04
1.8115480000000000e+03 1.2973258466781413e-04
1.8145210000000000e+03 1.2955295807902701e-04
1.8174939999999999e+03 1.2937375160019702e-04
1.8204669999999999e+03 1.2919496359628752e-04
1.8234400000000001e+03 1.2901659244115665e-04
1.8264130000000000e+03 1.2883863651749571e-04
1.8293860000000000e+03 1.2866109421676709e-04
1.8323589999999999e+03 1.2848396393914336e-04
1.8353319999999999e+03 1.2830724409344674e-04
1.8383050000000001e+03 1.2813093309708916e-04
1.8412780000000000e+03 1.2795502937601252e-04
1.8442510000000000e+03 1.2777953136462991e-04
1.8472239999999999e+03 1.2760443750576680e-04
1.8501969999999999e+03 1.2742974625060331e-04
1.8531700000000001e+03 1.2725545605861644e-04
1.8561430000000000e+03 1.2708156539752310e-04
1.8591160000000000e+03 1.2690807274322359e-04
1.8620889999999999e+03 1.2673497657974555e-04
1.8650619999999999e+03 1.2656227539918781e-04
1.8680349999999999e+03 1.2638996770166606e-04
1.8710080000000000e+03 1.2621805199525745e-04
1.8739810000000000e+03 1.2604652679594665e-04
1.8769540000000000e+03 1.2587539062757197e-04
1.8799269999999999e+03 1.2570464202177201e-04
1.8828999999999999e+03 1.2553427951793287e-04
1.8858730000000000e+03 1.2536430166313521e-04
1.8888460000000000e+03 1.2519470701210296e-04
1.8918190000000000e+03 1.2502549412715100e-04
1.8947919999999999e+03 1.2485666157813444e-04
1.8977649999999999e+03 1.2468820794239754e-04
1.9007380000000001e+03 1.2452013180472361e-04
1.9037110000000000e+03 1.2435243175728489e-04
1.9066840000000000e+03 1.2418510639959315e-04
1.9096569999999999e+03 1.2401815433845048e-04
1.9126299999999999e+03 1.2385157418790061e-04
1.9156030000000001e+03 1.2368536456918057e-04
1.9185760000000000e+03 1.2351952411067282e-04
1.9215490000000000e+03 1.2335405144785753e-04
1.9245219999999999e+03 1.2318894522326569e-04
1.9274949999999999e+03 1.2302420408643211e-04
1.9304679999999998e+03 1.2285982669384918e-04
1.9334410000000000e+03 1.2269581170892076e-04
1.9364140000000000e+03 1.2253215780191662e-04
1.9393869999999999e+03 1.2236886364992697e-04
1.9423599999999999e+03 1.2220592793681778e-04
1.9453329999999999e+03 1.2204334935318613e-04
1.9483060000000000e+03 1.2188112659631598e-04
1.9512790000000000e+03 1.2171925837013435e-04
1.9542520000000000e+03 1.2155774338516782e-04
1.9572249999999999e+03 1.2139658035849951e-04
1.9601979999999999e+03 1.2123576801372602e-04
1.9631710000000000e+03 1.2107530508091524e-04
1.9661440000000000e+03 1.2091519029656405e-04
1.9691170000000000e+03 1.2075542240355666e-04
1.9720899999999999e+03 1.2059600015112306e-04
1.9750629999999999e+03 1.2043692229479792e-04
1.9780360000000001e+03 1.2027818759637973e-04
1.9810090000000000e+03 1.2011979482389056e-04
1.9839820000000000e+03 1.1996174275153562e-04
1.9869549999999999e+03 1.1980403015966351e-04
1.9899279999999999e+03 1.1964665583472678e-04
1.9929010000000001e+03 1.1948961856924255e-04
1.9958740000000000e+03 1.1933291716175370e-04
1.9988470000000000e+03 1.1917655041679036e-04
2.0018199999999999e+03 1.1902051714483136e-04
2.0047929999999999e+03 1.1886481616226641e-04
2.0077659999999998e+03 1.1870944629135835e-04
2.0107390000000000e+03 1.1855440636020565e-04
2.0137120000000000e+03 1.1839969520270553e-04
2.0166849999999999e+03 1.1824531165851680e-04
2.0196579999999999e+03 1.1809125457302341e-04
2.0226309999999999e+03 1.1793752279729836e-04
2.0256040000000000e+03 1.1778411518806756e-04
2.0285770000000000e+03 1.1763103060767414e-04
2.0315500000000000e+03 1.1747826792404291e-04
2.0345229999999999e+03 1.1732582601064544e-04
2.0374959999999999e+03 1.1717370374646504e-04
2.0404690000000001e+03 1.1702190001596198e-04
2.0434420000000000e+03 1.1687041370903942e-04
2.0464150000000000e+03 1.1671924372100913e-04
2.0493879999999999e+03 1.1656838895255774e-04
2.0523609999999999e+03 1.1641784830971309e-04
2.0553339999999998e+03 1.1626762070381090e-04
2.0583069999999998e+03 1.1611770505146186e-04
2.0612799999999997e+03 1.1596810027451863e-04
2.0642530000000002e+03 1.1581880530004340e-04
2.0672260000000001e+03 1.1566981906027543e-04
2.0701990000000001e+03 1.1552114049259924e-04
2.0731720000000000e+03 1.1537276853951240e-04
2.0761450000000000e+03 1.1522470214859425e-04
2.0791179999999999e+03 1.1507694027247447e-04
2.0820909999999999e+03 1.1492948186880184e-04
2.0850639999999999e+03 1.1478232590021355e-04
2.0880369999999998e+03 1.1463547133430439e-04
2.0910099999999998e+03 1.1448891714359640e-04
2.0939830000000002e+03 1.1434266230550864e-04
2.0969560000000001e+03 1.1419670580232739e-04
2.0999290000000001e+03 1.1405104662117600e-04
2.1029020000000000e+03 1.1390568375398589e-04
2.1058750000000000e+03 1.1376061619746692e-04
2.1088480000000000e+03 1.1361584295307829e-04
2.1118209999999999e+03 1.1347136302699980e-04
2.1147939999999999e+03 1.1332717543010318e-04
2.1177669999999998e+03 1.1318327917792365e-04
2.1207399999999998e+03 1.1303967329063165e-04
2.1237129999999997e+03 1.1289635679300474e-04
2.1266860000000001e+03 1.1275332871439999e-04
2.1296590000000001e+03 1.1261058808872624e-04
2.1326320000000001e+03 1.1246813395441669e-04
2.1356050000000000e+03 1.1232596535440159e-04
2.1385780000000000e+03 1.1218408133608166e-04
2.1415509999999999e+03 1.1204248095130063e-04
2.1445239999999999e+03 1.1190116325631923e-04
2.1474969999999998e+03 1.1176012731178838e-04
2.1504699999999998e+03 1.1161937218272316e-04
2.1534429999999998e+03 1.1147889693847672e-04
2.1564160000000002e+03 1.1133870065271437e-04
2.1593890000000001e+03 1.1119878240338815e-04
2.1623620000000001e+03 1.1105914127271099e-04
2.1653350000000000e+03 1.1091977634713180e-04
2.1683080000000000e+03 1.1078068671731017e-04
2.1712809999999999e+03 1.1064187147809136e-04
2.1742539999999999e+03 1.1050332972848190e-04
2.1772269999999999e+03 1.1036506057162457e-04
2.1801999999999998e+03 1.1022706311477453e-04
2.1831729999999998e+03 1.1008933646927454e-04
2.1861459999999997e+03 1.0995187975053148e-04
2.1891190000000001e+03 1.0981469207799209e-04
2.1920920000000001e+03 1.0967777257511944e-04
2.1950650000000001e+03 1.0954112036936941e-04
2.1980380000000000e+03 1.0940473459216729e-04
2.2010110000000000e+03 1.0926861437888461e-04
2.2039839999999999e+03 1.0913275886881617e-04
2.2069569999999999e+03 1.0899716720515711e-04
2.2099299999999998e+03 1.0886183853498014e-04
2.2129029999999998e+03 1.0872677200921331e-04
2.2158759999999997e+03 1.0859196678261728e-04
2.2188490000000002e+03 1.0845742201376322e-04
2.2218220000000001e+03 1.0832313686501090e-04
2.2247950000000001e+03 1.0818911050248669e-04
2.2277680000000000e+03 1.0805534209606168e-04
2.2307410000000000e+03 1.0792183081933028e-04
2.2337139999999999e+03 1.0778857584958863e-04
2.2366869999999999e+03 1.0765557636781345e-04
2.2396599999999999e+03 1.0752283155864078e-04
2.2426329999999998e+03 1.0739034061034506e-04
2.2456059999999998e+03 1.0725810271481817e-04
2.2485789999999997e+03 1.0712611706754892e-04
2.2515520000000001e+03 1.0699438286760226e-04
2.2545250000000001e+03 1.0686289931759914e-04
2.2574980000000000e+03 1.0673166562369598e-04
2.2604710000000000e+03 1.0660068099556466e-04
2.2634440000000000e+03 1.0646994464637248e-04
2.2664169999999999e+03 1.0633945579276243e-04
2.2693899999999999e+03 1.0620921365483335e-04
2.2723629999999998e+03 1.0607921745612033e-04
2.2753359999999998e+03 1.0594946642357553e-04
2.2783089999999997e+03 1.0581995978754839e-04
2.2812820000000002e+03 1.0569069678176693e-04
2.2842550000000001e+03 1.0556167664331850e-04
2.2872280000000001e+03 1.0543289861263082e-04
2.2902010000000000e+03 1.0530436193345329e-04
2.2931740000000000e+03 1.0517606585283836e-04
2.2961469999999999e+03 1.0504800962112283e-04
2.2991199999999999e+03 1.0492019249190973e-04
2.3020929999999998e+03 1.0479261372204981e-04
2.3050659999999998e+03 1.0466527257162342e-04
2.3080389999999998e+03 1.0453816830392262e-04
2.3110119999999997e+03 1.0441130018543330e-04
2.3139850000000001e+03 1.0428466748581707e-04
2.3169580000000001e+03 1.0415826947789406e-04
2.3199310000000000e+03 1.0403210543762499e-04
2.3229040000000000e+03 1.0390617464409404e-04
2.3258770000000000e+03 1.0378047637949131e-04
2.3288499999999999e+03 1.0365500992909584e-04
2.3318229999999999e+03 1.0352977458125847e-04
2.3347959999999998e+03 1.0340476962738477e-04
2.3377689999999998e+03 1.0327999436191842e-04
2.3407419999999997e+03 1.0315544808232420e-04
2.3437150000000001e+03 1.0303113008907171e-04
2.3466880000000001e+03 1.0290703968561865e-04
2.3496610000000001e+03 1.0278317617839442e-04
2.3526340000000000e+03 1.0265953887678396e-04
2.3556070000000000e+03 1.0253612709311148e-04
2.3585799999999999e+03 1.0241294014262444e-04
2.3615529999999999e+03 1.0228997734347753e-04
2.3645259999999998e+03 1.0216723801671704e-04
2.3674989999999998e+03 1.0204472148626468e-04
2.3704719999999998e+03 1.0192242707890245e-04
2.3734450000000002e+03 1.0180035412425677e-04
2.3764180000000001e+03 1.0167850195478305e-04
2.3793910000000001e+03 1.0155686990575053e-04
2.3823640000000000e+03 1.0143545731522699e-04
2.3853370000000000e+03 1.0131426352406352e-04
2.3883099999999999e+03 1.0119328787587955e-04
2.3912829999999999e+03 1.0107252971704804e-04
2.3942559999999999e+03 1.0095198839668038e-04
2.3972289999999998e+03 1.0083166326661197e-04
2.4002019999999998e+03 1.0071155368138731e-04
2.4031749999999997e+03 1.0059165899824562e-04
2.4061480000000001e+03 1.0047197857710635e-04
2.4091210000000001e+03 1.0035251178055488e-04
2.4120940000000001e+03 1.0023325797382804e-04
2.4150670000000000e+03 1.0011421652480026e-04
2.4180400000000000e+03 9.9995386803969314e-05
2.4210129999999999e+03 9.9876768184442330e-05
2.4239859999999999e+03 9.9758360041921952e-05
2.4269589999999998e+03 9.9640161754692609e-05
2.4299319999999998e+03 9.9522172703606570e-05
2.4329049999999997e+03 9.9404392272070660e-05
2.4358780000000002e+03 9.9286819846032396e-05
2.4388510000000001e+03 9.9169454813966774e-05
2.4418240000000001e+03 9.9052296566862755e-05
2.4447970000000000e+03 9.8935344498210205e-05
2.4477700000000000e+03 9.8818598003986365e-05
2.4507429999999999e+03 9.8702056482643057e-05
2.4537159999999999e+03 9.8585719335093572e-05
2.4566889999999999e+03 9.8469585964699704e-05
2.4596619999999998e+03 9.8353655777258883e-05
2.4626349999999998e+03 9.8237928180991459e-05
2.4656079999999997e+03 9.8122402586528032e-05
2.4685810000000001e+03 9.8007078406896724e-05
2.4715540000000001e+03 9.7891955057510807e-05
2.4745270000000000e+03 9.7777031956156209e-05
2.4775000000000000e+03 9.7662308522979030e-05
2.4804730000000000e+03 9.7547784180473411e-05
2.4834459999999999e+03 9.7433458353469220e-05
2.4864189999999999e+03 9.7319330469120027e-05
2.4893919999999998e+03 9.7205399956890945e-05
2.4923649999999998e+03 9.7091666248546698e-05
2.4953379999999997e+03 9.6978128778139660e-05
2.4983110000000001e+03 9.6864786981998109e-05
2.5012840000000001e+03 9.6751640298714544e-05
2.5042570000000001e+03 9.6638688169133717e-05
2.5072300000000000e+03 9.6525930036341317e-05
2.5102030000000000e+03 9.6413365345652345e-05
2.5131759999999999e+03 9.6300993544599562e-05
2.5161489999999999e+03 9.6188814082922297e-05
2.5191219999999998e+03 9.6076826412554877e-05
2.5220949999999998e+03 9.5965029987615628e-05
2.5250679999999998e+03 9.5853424264395499e-05
2.5280409999999997e+03 9.5742008701347103e-05
2.5310140000000001e+03 9.5630782759073668e-05
2.5339870000000001e+03 9.5519745900317889e-05
2.5369600000000000e+03 9.5408897589951264e-05
2.5399330000000000e+03 9.5298237294963147e-05
2.5429059999999999e+03 9.5187764484449956e-05
2.5458789999999999e+03 9.5077478629604562e-05
2.5488519999999999e+03 9.4967379203705573e-05
2.5518249999999998e+03 9.4857465682106866e-05
2.5547979999999998e+03 9.4747737542226924e-05
2.5577709999999997e+03 9.4638194263538697e-05
2.5607440000000001e+03 9.4528835327558751e-05
2.5637170000000001e+03 9.4419660217837505e-05
2.5666900000000001e+03 9.4310668419948633e-05
2.5696630000000000e+03 9.4201859421479012e-05
2.5726360000000000e+03 9.4093232712018433e-05
2.5756089999999999e+03 9.3984787783149912e-05
2.5785819999999999e+03 9.3876524128439320e-05
2.5815549999999998e+03 9.3768441243425655e-05
2.5845279999999998e+03 9.3660538625611080e-05
2.5875009999999997e+03 9.3552815774451139e-05
2.5904739999999997e+03 9.3445272191345063e-05
2.5934470000000001e+03 9.3337907379625936e-05
2.5964200000000001e+03 9.3230720844551273e-05
2.5993930000000000e+03 9.3123712093293249e-05
2.6023660000000000e+03 9.3016880634929188e-05
2.6053389999999999e+03 9.2910225980432287e-05
2.6083119999999999e+03 9.2803747642662080e-05
2.6112849999999999e+03 9.2697445136355073e-05
2.6142579999999998e+03 9.2591317978115459e-05
2.6172309999999998e+03 9.2485365686405995e-05
2.6202039999999997e+03 9.2379587781538656e-05
2.6231770000000001e+03 9.2273983785665754e-05
2.6261500000000001e+03 9.2168553222770602e-05
2.6291230000000000e+03 9.2063295618658638e-05
2.6320960000000000e+03 9.1958210500948516e-05
2.6350690000000000e+03 9.1853297399063075e-05
2.6380419999999999e+03 9.1748555844220630e-05
2.6410149999999999e+03 9.1643985369425950e-05
2.6439879999999998e+03 9.1539585509461843e-05
2.6469609999999998e+03 9.1435355800880181e-05
2.6499339999999997e+03 9.1331295781993337e-05
2.6529069999999997e+03 9.1227404992865726e-05
2.6558800000000001e+03 9.1123682975305029e-05
2.6588530000000001e+03 9.1020129272853929e-05
2.6618260000000000e+03 9.0916743430781571e-05
2.6647990000000000e+03 9.0813524996075123e-05
2.6677719999999999e+03 9.0710473517431554e-05
2.6707449999999999e+03 9.0607588545249328e-05
2.6737179999999998e+03 9.0504869631620065e-05
2.6766909999999998e+03 9.0402316330320356e-05
2.6796639999999998e+03 9.0299928196803920e-05
2.6826369999999997e+03 9.0197704788192980e-05
2.6856100000000001e+03 9.0095645663270703e-05
2.6885830000000001e+03 8.9993750382472986e-05
2.6915560000000000e+03 8.9892018507880517e-05
2.6945290000000000e+03 8.9790449603210760e-05
2.6975020000000000e+03 8.9689043233810400e-05
2.7004749999999999e+03 8.9587798966647231e-05
2.7034479999999999e+03 8.9486716370302586e-05
2.7064209999999998e+03 8.9385795014963474e-05
2.7093939999999998e+03 8.9285034472414963e-05
2.7123669999999997e+03 8.9184434316032593e-05
2.7153400000000001e+03 8.9083994120774728e-05
2.7183130000000001e+03 8.8983713463175080e-05
2.7212860000000001e+03 8.8883591921335090e-05
2.7242590000000000e+03 8.8783629074916582e-05
2.7272320000000000e+03 8.8683824505134310e-05
2.7302049999999999e+03 8.8584177794748641e-05
2.7331779999999999e+03 8.8484688528058111e-05
2.7361509999999998e+03 8.8385356290892258e-05
2.7391239999999998e+03 8.8286180670604333e-05
2.7420969999999998e+03 8.8187161256064126e-05
2.7450699999999997e+03 8.8088297637650733e-05
2.7480430000000001e+03 8.7989589407245491e-05
2.7510160000000001e+03 8.7891036158225003e-05
2.7539890000000000e+03 8.7792637485453872e-05
2.7569620000000000e+03 8.7694392985277950e-05
2.7599349999999999e+03 8.7596302255517171e-05
2.7629079999999999e+03 8.7498364895458801e-05
2.7658809999999999e+03 8.7400580505850458e-05
2.7688539999999998e+03 8.7302948688893365e-05
2.7718269999999998e+03 8.7205469048235449e-05
2.7747999999999997e+03 8.7108141188964661e-05
2.7777730000000001e+03 8.7010964717602226e-05
2.7807460000000001e+03 8.6913939242096004e-05
2.7837190000000001e+03 8.6817064371813766e-05
2.7866920000000000e+03 8.6720339717536664e-05
2.7896650000000000e+03 8.6623764891452572e-05
2.7926379999999999e+03 8.6527339507149682e-05
2.7956109999999999e+03 8.6431063179609940e-05
2.7985839999999998e+03 8.6334935525202584e-05
2.8015569999999998e+03 8.6238956161677731e-05
2.8045299999999997e+03 8.6143124708159955e-05
2.8075029999999997e+03 8.6047440785142054e-05
2.8104760000000001e+03 8.5951904014478568e-05
2.8134490000000001e+03 8.5856514019379726e-05
2.8164220000000000e+03 8.5761270424404990e-05
2.8193950000000000e+03 8.5666172855456907e-05
2.8223679999999999e+03 8.5571220939775059e-05
2.8253409999999999e+03 8.5476414305929725e-05
2.8283139999999999e+03 8.5381752583816014e-05
2.8312869999999998e+03 8.5287235404647529e-05
2.8342599999999998e+03 8.5192862400950559e-05
2.8372329999999997e+03 8.5098633206558019e-05
2.8402060000000001e+03 8.5004547456603340e-05
2.8431790000000001e+03 8.4910604787514758e-05
2.8461520000000000e+03 8.4816804837009290e-05
2.8491250000000000e+03 8.4723147244086832e-05
2.8520980000000000e+03 8.4629631649024432e-05
2.8550709999999999e+03 8.4536257693370377e-05
2.8580439999999999e+03 8.4443025019938477e-05
2.8610169999999998e+03 8.4349933272802398e-05
2.8639899999999998e+03 8.4256982097289805e-05
2.8669629999999997e+03 8.4164171139976813e-05
2.8699359999999997e+03 8.4071500048682232e-05
2.8729090000000001e+03 8.3978968472462045e-05
2.8758820000000001e+03 8.3886576061603803e-05
2.8788550000000000e+03 8.3794322467621119e-05
2.8818280000000000e+03 8.3702207343247964e-05
2.8848009999999999e+03 8.3610230342433421e-05
2.8877739999999999e+03 8.3518391120336106e-05
2.8907469999999998e+03 8.3426689333318641e-05
2.8937199999999998e+03 8.3335124638942438e-05
2.8966929999999998e+03 8.3243696695962290e-05
2.8996659999999997e+03 8.3152405164320909e-05
2.9026390000000001e+03 8.3061249705143684e-05
2.9056120000000001e+03 8.2970229980733432e-05
2.9085850000000000e+03 8.2879345654565196e-05
2.9115580000000000e+03 8.2788596391280769e-05
2.9145309999999999e+03 8.2697981856683805e-05
2.9175039999999999e+03 8.2607501717734446e-05
2.9204769999999999e+03 8.2517155642544286e-05
2.9234499999999998e+03 8.2426943300371191e-05
2.9264229999999998e+03 8.2336864361614258e-05
2.9293959999999997e+03 8.2246918497808733e-05
2.9323689999999997e+03 8.2157105381620944e-05
2.9353420000000001e+03 8.2067424686843471e-05
2.9383150000000001e+03 8.1977876088389868e-05
2.9412880000000000e+03 8.1888459262290049e-05
2.9442610000000000e+03 8.1799173885685087e-05
2.9472339999999999e+03 8.1710019636822498e-05
2.9502069999999999e+03 8.1620996195051263e-05
2.9531799999999998e+03 8.1532103240817077e-05
2.9561529999999998e+03 8.1443340455657453e-05
2.9591259999999997e+03 8.1354707522196938e-05
2.9620989999999997e+03 8.1266204124142411e-05
2.9650720000000001e+03 8.1177829946278286e-05
2.9680450000000001e+03 8.1089584674461782e-05
2.9710180000000000e+03 8.1001467995618298e-05
2.9739910000000000e+03 8.0913479597736744e-05
2.9769639999999999e+03 8.0825619169864766e-05
2.9799369999999999e+03 8.0737886402104328e-05
2.9829099999999999e+03 8.0650280985606983e-05
2.9858829999999998e+03 8.0562802612569307e-05
2.9888559999999998e+03 8.0475450976228506e-05
2.9918289999999997e+03 8.0388225770857755e-05
2.9948020000000001e+03 8.0301126691761617e-05
2.9977750000000001e+03 8.0214153435271922e-05
3.0007480000000000e+03 8.0127305698742891e-05
3.0037210000000000e+03 8.0040583180547052e-05
3.0066940000000000e+03 7.9953985580070584e-05
3.0096669999999999e+03 7.9867512597709179e-05
3.0126399999999999e+03 7.9781163934863460e-05
3.0156129999999998e+03 7.9694939293934841e-05
3.0185859999999998e+03 7.9608838378321167e-05
3.0215589999999997e+03 7.9522860892412264e-05
3.0245319999999997e+03 7.9437006541585963e-05
3.0275050000000001e+03 7.9351275032203575e-05
3.0304780000000001e+03 7.9265666071605945e-05
3.0334510000000000e+03 7.9180179368109013e-05
3.0364240000000000e+03 7.9094814630999768e-05
3.0393969999999999e+03 7.9009571570532117e-05
3.0423699999999999e+03 7.8924449897922673e-05
3.0453429999999998e+03 7.8839449325346687e-05
3.0483159999999998e+03 7.8754569565933966e-05
3.0512889999999998e+03 7.8669810333764772e-05
3.0542619999999997e+03 7.8585171343865834e-05
3.0572350000000001e+03 7.8500652312206296e-05
3.0602080000000001e+03 7.8416252955693639e-05
3.0631810000000000e+03 7.8331972992169927e-05
3.0661540000000000e+03 7.8247812140407521e-05
3.0691270000000000e+03 7.8163770120105359e-05
3.0720999999999999e+03 7.8079846651885057e-05
3.0750729999999999e+03 7.7996041457286798e-05
3.0780459999999998e+03 7.7912354258765683e-05
3.0810189999999998e+03 7.7828784779687769e-05
3.0839919999999997e+03 7.7745332744326174e-05
3.0869649999999997e+03 7.7661997877857372e-05
3.0899380000000001e+03 7.7578779906357291e-05
3.0929110000000001e+03 7.7495678556797627e-05
3.0958840000000000e+03 7.7412693557041927e-05
3.0988570000000000e+03 7.7329824635842106e-05
3.1018299999999999e+03 7.7247071522834463e-05
3.1048029999999999e+03 7.7164433948536022e-05
3.1077759999999998e+03 7.7081911644341061e-05
3.1107489999999998e+03 7.6999504342517143e-05
3.1137219999999998e+03 7.6917211776201700e-05
3.1166949999999997e+03 7.6835033679398279e-05
3.1196680000000001e+03 7.6752969786972948e-05
3.1226410000000001e+03 7.6671019834650793e-05
3.1256140000000000e+03 7.6589183559012196e-05
3.1285870000000000e+03 7.6507460697489412e-05
3.1315599999999999e+03 7.6425850988362949e-05
3.1345329999999999e+03 7.6344354170758015e-05
3.1375059999999999e+03 7.6262969984641202e-05
3.1404789999999998e+03 7.6181698170816754e-05
3.1434519999999998e+03 7.6100538470923347e-05
3.1464249999999997e+03 7.6019490627430344e-05
3.1493979999999997e+03 7.5938554383634665e-05
3.1523710000000001e+03 7.5857729483657158e-05
3.1553440000000001e+03 7.5777015672439383e-05
3.1583170000000000e+03 7.5696412695739956e-05
3.1612900000000000e+03 7.5615920300131566e-05
3.1642629999999999e+03 7.5535538232997262e-05
3.1672359999999999e+03 7.5455266242527348e-05
3.1702089999999998e+03 7.5375104077715998e-05
3.1731819999999998e+03 7.5295051488357933e-05
3.1761549999999997e+03 7.5215108225045249e-05
3.1791279999999997e+03 7.5135274039164006e-05
3.1821010000000001e+03 7.5055548682891065e-05
3.1850740000000001e+03 7.4975931909190867e-05
3.1880470000000000e+03 7.4896423471812178e-05
3.1910200000000000e+03 7.4817023125284943e-05
3.1939929999999999e+03 7.4737730624917012e-05
3.1969659999999999e+03 7.4658545726791084e-05
3.1999389999999999e+03 7.4579468187761433e-05
3.2029119999999998e+03 7.4500497765450896e-05
3.2058849999999998e+03 7.4421634218247687e-05
3.2088579999999997e+03 7.4342877305302285e-05
3.2118309999999997e+03 7.4264226786524407e-05
3.2148040000000001e+03 7.4185682422579758e-05
3.2177770000000000e+03 7.4107243974887290e-05
3.2207500000000000e+03 7.4028911205615820e-05
3.2237230000000000e+03 7.3950683877681259e-05
3.2266959999999999e+03 7.3872561754743390e-05
3.2296689999999999e+03 7.3794544601203047e-05
3.2326419999999998e+03 7.3716632182199015e-05
3.2356149999999998e+03 7.3638824263605113e-05
3.2385879999999997e+03 7.3561120612027238e-05
3.2415609999999997e+03 7.3483520994800362e-05
3.2445340000000001e+03 7.3406025179985682e-05
3.2475070000000001e+03 7.3328632936367773e-05
3.2504800000000000e+03 7.3251344033451460e-05
3.2534530000000000e+03 7.3174158241459135e-05
3.2564259999999999e+03 7.3097075331327840e-05
3.2593989999999999e+03 7.3020095074706370e-05
3.2623719999999998e+03 7.2943217243952519e-05
3.2653449999999998e+03 7.2866441612130114e-05
3.2683179999999998e+03 7.2789767953006292e-05
3.2712909999999997e+03 7.2713196041048812e-05
3.2742640000000001e+03 7.2636725651422970e-05
3.2772370000000001e+03 7.2560356559989172e-05
3.2802100000000000e+03 7.2484088543299855e-05
3.2831830000000000e+03 7.2407921378597008e-05
3.2861559999999999e+03 7.2331854843809247e-05
3.2891289999999999e+03 7.2255888717549224e-05
3.2921019999999999e+03 7.2180022779110863e-05
3.2950749999999998e+03 7.2104256808466622e-05
3.2980479999999998e+03 7.2028590586264906e-05
3.3010209999999997e+03 7.1953023893827381e-05
3.3039939999999997e+03 7.1877556513146279e-05
3.3069670000000001e+03 7.1802188226881701e-05
3.3099400000000001e+03 7.1726918818359163e-05
3.3129130000000000e+03 7.1651748071566873e-05
3.3158860000000000e+03 7.1576675771153046e-05
3.3188589999999999e+03 7.1501701702423481e-05
3.3218319999999999e+03 7.1426825651338860e-05
3.3248049999999998e+03 7.1352047404512231e-05
3.3277779999999998e+03 7.1277366749206459e-05
3.3307509999999997e+03 7.1202783473331622e-05
3.3337239999999997e+03 7.1128297365442614e-05
3.3366970000000001e+03 7.1053908214736448e-05
3.3396700000000001e+03 7.0979615811049898e-05
3.3426430000000000e+03 7.0905419944856964e-05
3.3456160000000000e+03 7.0831320407266352e-05
3.3485889999999999e+03 7.0757316990019019e-05
3.3515619999999999e+03 7.0683409485485736e-05
3.3545349999999999e+03 7.0609597686664607e-05
3.3575079999999998e+03 7.0535881387178765e-05
3.3604809999999998e+03 7.0462260381273743e-05
3.3634539999999997e+03 7.0388734463815102e-05
3.3664269999999997e+03 7.0315303430286234e-05
3.3694000000000001e+03 7.0241967076785738e-05
3.3723730000000000e+03 7.0168725200025190e-05
3.3753460000000000e+03 7.0095577597326642e-05
3.3783190000000000e+03 7.0022524066620383e-05
3.3812919999999999e+03 6.9949564406442526e-05
3.3842649999999999e+03 6.9876698415932800e-05
3.3872379999999998e+03 6.9803925894832005e-05
3.3902109999999998e+03 6.9731246643479837e-05
3.3931839999999997e+03 6.9658660462812671e-05
3.3961569999999997e+03 6.9586167154361107e-05
3.3991300000000001e+03 6.9513766520247757e-05
3.4021030000000001e+03 6.9441458363185015e-05
3.4050760000000000e+03 6.9369242486472707e-05
3.4080490000000000e+03 6.9297118693995941e-05
3.4110219999999999e+03 6.9225086790222838e-05
3.4139949999999999e+03 6.9153146580202247e-05
3.4169679999999998e+03 6.9081297869561629e-05
3.4199409999999998e+03 6.9009540464504750e-05
3.4229139999999998e+03 6.8937874171809586e-05
3.4258869999999997e+03 6.8866298798826042e-05
3.4288599999999997e+03 6.8794814153473878e-05
3.4318330000000001e+03 6.8723420044240410e-05
3.4348060000000000e+03 6.8652116280178526e-05
3.4377790000000000e+03 6.8580902670904370e-05
3.4407520000000000e+03 6.8509779026595366e-05
3.4437249999999999e+03 6.8438745157987856e-05
3.4466979999999999e+03 6.8367800876375340e-05
3.4496709999999998e+03 6.8296945993606079e-05
3.4526439999999998e+03 6.8226180322081045e-05
3.4556169999999997e+03 6.8155503674751958e-05
3.4585899999999997e+03 6.8084915865119076e-05
3.4615630000000001e+03 6.8014416707229246e-05
3.4645360000000001e+03 6.7944006015673730e-05
3.4675090000000000e+03 6.7873683605586287e-05
3.4704820000000000e+03 6.7803449292640935e-05
3.4734549999999999e+03 6.7733302893050156e-05
3.4764279999999999e+03 6.7663244223562766e-05
3.4794009999999998e+03 6.7593273101461789e-05
3.4823739999999998e+03 6.7523389344562718e-05
3.4853469999999998e+03 6.7453592771211314e-05
3.4883199999999997e+03 6.7383883200281629e-05
3.4912929999999997e+03 6.7314260451174204e-05
3.4942660000000001e+03 6.7244724343813888e-05
3.4972390000000000e+03 6.7175274698648058e-05
3.5002120000000000e+03 6.7105911336644525e-05
3.5031849999999999e+03 6.7036634079289698e-05
3.5061579999999999e+03 6.6967442748586679e-05
3.5091309999999999e+03 6.6898337167053157e-05
3.5121039999999998e+03 6.6829317157719758e-05
3.5150769999999998e+03 6.6760382544127930e-05
3.5180499999999997e+03 6.6691533150328142e-05
3.5210229999999997e+03 6.6622768800877967e-05
3.5239960000000001e+03 6.6554089320840289e-05
3.5269690000000001e+03 6.6485494535781302e-05
3.5299420000000000e+03 6.6416984271768713e-05
3.5329150000000000e+03 6.6348558355369883e-05
3.5358879999999999e+03 6.6280216613650068e-05
3.5388609999999999e+03 6.6211958874170352e-05
3.5418339999999998e+03 6.6143784964986152e-05
3.5448069999999998e+03 6.6075694714645084e-05
3.5477799999999997e+03 6.6007687952185338e-05
3.5507529999999997e+03 6.5939764507133821e-05
3.5537259999999997e+03 6.5871924209504344e-05
3.5566990000000001e+03 6.5804166889795869e-05
3.5596720000000000e+03 6.5736492378990724e-05
3.5626450000000000e+03 6.5668900508552866e-05
3.5656179999999999e+03 6.5601391110425971e-05
3.5685909999999999e+03 6.5533964017031875e-05
3.5715639999999999e+03 6.5466619061268732e-05
3.5745369999999998e+03 6.5399356076509209e-05
3.5775099999999998e+03 6.5332174896598930e-05
3.5804829999999997e+03 6.5265075355854538e-05
3.5834559999999997e+03 6.5198057289062161e-05
3.5864290000000001e+03 6.5131120531475612e-05
3.5894020000000000e+03 6.5064264918814776e-05
3.5923750000000000e+03 6.4997490287263670e-05
3.5953480000000000e+03 6.4930796473469118e-05
3.5983209999999999e+03 6.4864183314538782e-05
3.6012939999999999e+03 6.4797650648039661e-05
3.6042669999999998e+03 6.4731198311996328e-05
3.6072399999999998e+03 6.4664826144889318e-05
3.6102129999999997e+03 6.4598533985653445e-05
3.6131859999999997e+03 6.4532321673676287e-05
3.6161590000000001e+03 6.4466189048796300e-05
3.6191320000000001e+03 6.4400135951301479e-05
3.6221050000000000e+03 6.4334162221927539e-05
3.6250780000000000e+03 6.4268267701856371e-05
3.6280509999999999e+03 6.4202452232714417e-05
3.6310239999999999e+03 6.4136715656571111e-05
3.6339969999999998e+03 6.4071057815937249e-05
3.6369699999999998e+03 6.4005478553763397e-05
3.6399429999999998e+03 6.3939977713438407e-05
3.6429159999999997e+03 6.3874555138787646e-05
3.6458889999999997e+03 6.3809210674071692e-05
3.6488620000000001e+03 6.3743944163984520e-05
3.6518350000000000e+03 6.3678755453652186e-05
3.6548080000000000e+03 6.3613644388631080e-05
3.6577809999999999e+03 6.3548610814906557e-05
3.6607539999999999e+03 6.3483654578891269e-05
3.6637269999999999e+03 6.3418775527423715e-05
3.6666999999999998e+03 6.3353973507766751e-05
3.6696729999999998e+03 6.3289248367606019e-05
3.6726459999999997e+03 6.3224599955048413e-05
3.6756189999999997e+03 6.3160028118620752e-05
3.6785920000000001e+03 6.3095532707268059e-05
3.6815650000000001e+03 6.3031113570352246e-05
3.6845380000000000e+03 6.2966770557650598e-05
3.6875110000000000e+03 6.2902503519354197e-05
3.6904839999999999e+03 6.2838312306066625e-05
3.6934569999999999e+03 6.2774196768802429e-05
3.6964299999999998e+03 6.2710156758985608e-05
3.6994029999999998e+03 6.2646192128448252e-05
3.7023759999999997e+03 6.2582302729429081e-05
3.7053489999999997e+03 6.2518488414571984e-05
3.7083219999999997e+03 6.2454749036924617e-05
3.7112950000000001e+03 6.2391084449936999e-05
3.7142680000000000e+03 6.2327494507460020e-05
3.7172410000000000e+03 6.2263979063744137e-05
3.7202139999999999e+03 6.2200537973437940e-05
3.7231869999999999e+03 6.2137171091586663e-05
3.7261599999999999e+03 6.2073878273630878e-05
3.7291329999999998e+03 6.2010659375405158e-05
3.7321059999999998e+03 6.1947514253136529e-05
3.7350789999999997e+03 6.1884442763443306e-05
3.7380519999999997e+03 6.1821444763333628e-05
3.7410250000000001e+03 6.1758520110203970e-05
3.7439980000000000e+03 6.1695668661838042e-05
3.7469710000000000e+03 6.1632890276405218e-05
3.7499440000000000e+03 6.1570184812459344e-05
3.7529169999999999e+03 6.1507552128937289e-05
3.7558899999999999e+03 6.1444992085157694e-05
3.7588629999999998e+03 6.1382504540819540e-05
3.7618359999999998e+03 6.1320089356000994e-05
3.7648089999999997e+03 6.1257746391157918e-05
3.7677819999999997e+03 6.1195475507122676e-05
3.7707549999999997e+03 6.1133276565102782e-05
3.7737280000000001e+03 6.1071149426679579e-05
3.7767010000000000e+03 6.1009093953806999e-05
3.7796740000000000e+03 6.0947110008810273e-05
3.7826469999999999e+03 6.0885197454384593e-05
3.7856199999999999e+03 6.0823356153593817e-05
3.7885929999999998e+03 6.0761585969869391e-05
3.7915659999999998e+03 6.0699886767008744e-05
3.7945389999999998e+03 6.0638258409174427e-05
3.7975119999999997e+03 6.0576700760892460e-05
3.8004849999999997e+03 6.0515213687051370e-05
3.8034580000000001e+03 6.0453797052900879e-05
3.8064310000000000e+03 6.0392450724050544e-05
3.8094040000000000e+03 6.0331174566468650e-05
3.8123770000000000e+03 6.0269968446480956e-05
3.8153499999999999e+03 6.0208832230769437e-05
3.8183229999999999e+03 6.0147765786371075e-05
3.8212959999999998e+03 6.0086768980676662e-05
3.8242689999999998e+03 6.0025841681429538e-05
3.8272419999999997e+03 5.9964983756724510e-05
3.8302149999999997e+03 5.9904195075006483e-05
3.8331879999999996e+03 5.9843475505069411e-05
3.8361610000000001e+03 5.9782824916055025e-05
3.8391340000000000e+03 5.9722243177451661e-05
3.8421070000000000e+03 5.9661730159093151e-05
3.8450799999999999e+03 5.9601285731157512e-05
3.8480529999999999e+03 5.9540909764165894e-05
3.8510259999999998e+03 5.9480602128981366e-05
3.8539989999999998e+03 5.9420362696807779e-05
3.8569719999999998e+03 5.9360191339188581e-05
3.8599449999999997e+03 5.9300087928005668e-05
3.8629179999999997e+03 5.9240052335478313e-05
3.8658910000000001e+03 5.9180084434161884e-05
3.8688640000000000e+03 5.9120184096946851e-05
3.8718370000000000e+03 5.9060351197057540e-05
3.8748099999999999e+03 5.9000585608051124e-05
3.8777829999999999e+03 5.8940887203816349e-05
3.8807559999999999e+03 5.8881255858572570e-05
3.8837289999999998e+03 5.8821691446868543e-05
3.8867019999999998e+03 5.8762193843581341e-05
3.8896749999999997e+03 5.8702762923915295e-05
3.8926479999999997e+03 5.8643398563400756e-05
3.8956210000000001e+03 5.8584100637893161e-05
3.8985940000000001e+03 5.8524869023571925e-05
3.9015670000000000e+03 5.8465703596939219e-05
3.9045400000000000e+03 5.8406604234818988e-05
3.9075129999999999e+03 5.8347570814355915e-05
3.9104859999999999e+03 5.8288603213014290e-05
3.9134589999999998e+03 5.8229701308576866e-05
3.9164319999999998e+03 5.8170864979143996e-05
3.9194049999999997e+03 5.8112094103132359e-05
3.9223779999999997e+03 5.8053388559274052e-05
3.9253509999999997e+03 5.7994748226615452e-05
3.9283240000000001e+03 5.7936172984516267e-05
3.9312970000000000e+03 5.7877662712648344e-05
3.9342700000000000e+03 5.7819217290994798e-05
3.9372429999999999e+03 5.7760836599848861e-05
3.9402159999999999e+03 5.7702520519812864e-05
3.9431889999999999e+03 5.7644268931797315e-05
3.9461619999999998e+03 5.7586081717019701e-05
3.9491349999999998e+03 5.7527958757003645e-05
3.9521079999999997e+03 5.7469899933577801e-05
3.9550809999999997e+03 5.7411905128874835e-05
3.9580540000000001e+03 5.7353974225330438e-05
3.9610270000000000e+03 5.7296107105682404e-05
3.9640000000000000e+03 5.7238303652969492e-05
3.9669730000000000e+03 5.7180563750530536e-05
3.9699459999999999e+03 5.7122887282003390e-05
3.9729189999999999e+03 5.7065274131324015e-05
3.9758919999999998e+03 5.7007724182725456e-05
3.9788649999999998e+03 5.6950237320736815e-05
3.9818379999999997e+03 5.6892813430182427e-05
3.9848109999999997e+03 5.6835452396180718e-05
3.9877839999999997e+03 5.6778154104143330e-05
3.9907570000000001e+03 5.6720918439774163e-05
3.9937300000000000e+03 5.6663745289068398e-05
3.9967030000000000e+03 5.6606634538311550e-05
3.9996759999999999e+03 5.6549586074078493e-05
4.0026489999999999e+03 5.6492599783232548e-05
4.0056219999999998e+03 5.6435675552924545e-05
4.0085949999999998e+03 5.6378813270591829e-05
4.0115679999999998e+03 5.6322012823957425e-05
4.0145409999999997e+03 5.6265274101028934e-05
4.0175139999999997e+03 5.6208596990097867e-05
4.0204870000000001e+03 5.6151981379738425e-05
4.0234600000000000e+03 5.6095427158806845e-05
4.0264330000000000e+03 5.6038934216440285e-05
4.0294059999999999e+03 5.5982502442055992e-05
4.0323789999999999e+03 5.5926131725350469e-05
4.0353519999999999e+03 5.5869821956298397e-05
4.0383249999999998e+03 5.5813573025151888e-05
4.0412979999999998e+03 5.5757384822439500e-05
4.0442709999999997e+03 5.5701257238965332e-05
4.0472439999999997e+03 5.5645190165808264e-05
4.0502169999999996e+03 5.5589183494320899e-05
4.0531900000000001e+03 5.5533237116128773e-05
4.0561630000000000e+03 5.5477350923129440e-05
4.0591360000000000e+03 5.5421524807491637e-05
4.0621089999999999e+03 5.5365758661654396e-05
4.0650819999999999e+03 5.5310052378326120e-05
4.0680549999999998e+03 5.5254405850483744e-05
4.0710279999999998e+03 5.5198818971371929e-05
4.0740009999999997e+03 5.5143291634502148e-05
4.0769739999999997e+03 5.5087823733651828e-05
4.0799469999999997e+03 5.5032415162863510e-05
4.0829200000000001e+03 5.4977065816443948e-05
4.0858930000000000e+03 5.4921775588963406e-05
4.0888660000000000e+03 5.4866544375254658e-05
4.0918389999999999e+03 5.4811372070412208e-05
4.0948119999999999e+03 5.4756258569791462e-05
4.0977849999999999e+03 5.4701203769007862e-05
4.1007579999999998e+03 5.4646207563936150e-05
4.1037309999999998e+03 5.4591269850709371e-05
4.1067039999999997e+03 5.4536390525718230e-05
4.1096769999999997e+03 5.4481569485610140e-05
4.1126499999999996e+03 5.4426806627288499e-05
4.1156229999999996e+03 5.4372101847911744e-05
4.1185959999999995e+03 5.4317455044892746e-05
4.1215689999999995e+03 5.4262866115897803e-05
4.1245419999999995e+03 5.4208334958845925e-05
4.1275149999999994e+03 5.4153861471908025e-05
4.1304880000000003e+03 5.4099445553506109e-05
4.1334610000000002e+03 5.4045087102312533e-05
4.1364340000000002e+03 5.3990786017249121e-05
4.1394070000000002e+03 5.3936542197486453e-05
4.1423800000000001e+03 5.3882355542442997e-05
4.1453530000000001e+03 5.3828225951784437e-05
4.1483260000000000e+03 5.3774153325422756e-05
4.1512990000000000e+03 5.3720137563515606e-05
4.1542719999999999e+03 5.3666178566465438e-05
4.1572449999999999e+03 5.3612276234918722e-05
4.1602179999999998e+03 5.3558430469765286e-05
4.1631909999999998e+03 5.3504641172137371e-05
4.1661639999999998e+03 5.3450908243409034e-05
4.1691369999999997e+03 5.3397231585195347e-05
4.1721099999999997e+03 5.3343611099351556e-05
4.1750829999999996e+03 5.3290046687972498e-05
4.1780559999999996e+03 5.3236538253391609e-05
4.1810289999999995e+03 5.3183085698180393e-05
4.1840019999999995e+03 5.3129688925147587e-05
4.1869749999999995e+03 5.3076347837338432e-05
4.1899479999999994e+03 5.3023062338033902e-05
4.1929210000000003e+03 5.2969832330749977e-05
4.1958940000000002e+03 5.2916657719237038e-05
4.1988670000000002e+03 5.2863538407478898e-05
4.2018400000000001e+03 5.2810474299692231e-05
4.2048130000000001e+03 5.2757465300325833e-05
4.2077860000000001e+03 5.2704511314059922e-05
4.2107590000000000e+03 5.2651612245805291e-05
4.2137320000000000e+03 5.2598768000702734e-05
4.2167049999999999e+03 5.2545978484122258e-05
4.2196779999999999e+03 5.2493243601662388e-05
4.2226509999999998e+03 5.2440563259149499e-05
4.2256239999999998e+03 5.2387937362637005e-05
4.2285969999999998e+03 5.2335365818404783e-05
4.2315699999999997e+03 5.2282848532958306e-05
4.2345429999999997e+03 5.2230385413028206e-05
4.2375159999999996e+03 5.2177976365569278e-05
4.2404889999999996e+03 5.2125621297759984e-05
4.2434619999999995e+03 5.2073320117001728e-05
4.2464349999999995e+03 5.2021072730918099e-05
4.2494079999999994e+03 5.1968879047354257e-05
4.2523809999999994e+03 5.1916738974376268e-05
4.2553540000000003e+03 5.1864652420270291e-05
4.2583270000000002e+03 5.1812619293542098e-05
4.2613000000000002e+03 5.1760639502916204e-05
4.2642730000000001e+03 5.1708712957335341e-05
4.2672460000000001e+03 5.1656839565959724e-05
4.2702190000000001e+03 5.1605019238166349e-05
4.2731920000000000e+03 5.1553251883548401e-05
4.2761650000000000e+03 5.1501537411914585e-05
4.2791379999999999e+03 5.1449875733288411e-05
4.2821109999999999e+03 5.1398266757907564e-05
4.2850839999999998e+03 5.1346710396223244e-05
4.2880569999999998e+03 5.1295206558899572e-05
4.2910299999999997e+03 5.1243755156812818e-05
4.2940029999999997e+03 5.1192356101050862e-05
4.2969759999999997e+03 5.1141009302912550e-05
4.2999489999999996e+03 5.1089714673906919e-05
4.3029219999999996e+03 5.1038472125752733e-05
4.3058949999999995e+03 5.0987281570377743e-05
4.3088679999999995e+03 5.0936142919918015e-05
4.3118409999999994e+03 5.0885056086717435e-05
4.3148139999999994e+03 5.0834020983326948e-05
4.3177870000000003e+03 5.0783037522503914e-05
4.3207600000000002e+03 5.0732105617211721e-05
4.3237330000000002e+03 5.0681225180618792e-05
4.3267060000000001e+03 5.0630396126098247e-05
4.3296790000000001e+03 5.0579618367227186e-05
4.3326520000000000e+03 5.0528891817786091e-05
4.3356250000000000e+03 5.0478216391758143e-05
4.3385980000000000e+03 5.0427592003328707e-05
4.3415709999999999e+03 5.0377018566884645e-05
4.3445439999999999e+03 5.0326495997013805e-05
4.3475169999999998e+03 5.0276024208504251e-05
4.3504899999999998e+03 5.0225603116343876e-05
4.3534629999999997e+03 5.0175232635719607e-05
4.3564359999999997e+03 5.0124912682016853e-05
4.3594089999999997e+03 5.0074643170819021e-05
4.3623819999999996e+03 5.0024424017906812e-05
4.3653549999999996e+03 4.9974255139257648e-05
4.3683279999999995e+03 4.9924136451045055e-05
4.3713009999999995e+03 4.9874067869638136e-05
4.3742739999999994e+03 4.9824049311600961e-05
4.3772470000000003e+03 4.9774080693691998e-05
4.3802200000000003e+03 4.9724161932863467e-05
4.3831930000000002e+03 4.9674292946260829e-05
4.3861660000000002e+03 4.9624473651222205e-05
4.3891390000000001e+03 4.9574703965277723e-05
4.3921120000000001e+03 4.9524983806149057e-05
4.3950850000000000e+03 4.9475313091748779e-05
4.3980580000000000e+03 4.9425691740179767e-05
4.4010309999999999e+03 4.9376119669734804e-05
4.4040039999999999e+03 4.9326596798895745e-05
4.4069769999999999e+03 4.9277123046333196e-05
4.4099499999999998e+03 4.9227698330905826e-05
4.4129229999999998e+03 4.9178322571659836e-05
4.4158959999999997e+03 4.9128995687828419e-05
4.4188689999999997e+03 4.9079717598831182e-05
4.4218419999999996e+03 4.9030488224273614e-05
4.4248149999999996e+03 4.8981307483946458e-05
4.4277879999999996e+03 4.8932175297825340e-05
4.4307609999999995e+03 4.8883091586070046e-05
4.4337339999999995e+03 4.8834056269024014e-05
4.4367069999999994e+03 4.8785069267213880e-05
4.4396800000000003e+03 4.8736130501348804e-05
4.4426530000000002e+03 4.8687239892320130e-05
4.4456260000000002e+03 4.8638397361200548e-05
4.4485990000000002e+03 4.8589602829243851e-05
4.4515720000000001e+03 4.8540856217884238e-05
4.4545450000000001e+03 4.8492157448735835e-05
4.4575180000000000e+03 4.8443506443592192e-05
4.4604910000000000e+03 4.8394903124425631e-05
4.4634639999999999e+03 4.8346347413386932e-05
4.4664369999999999e+03 4.8297839232804590e-05
4.4694099999999999e+03 4.8249378505184435e-05
4.4723829999999998e+03 4.8200965153209069e-05
4.4753559999999998e+03 4.8152599099737284e-05
4.4783289999999997e+03 4.8104280267803728e-05
4.4813019999999997e+03 4.8056008580618158e-05
4.4842749999999996e+03 4.8007783961565115e-05
4.4872479999999996e+03 4.7959606334203331e-05
4.4902209999999995e+03 4.7911475622265154e-05
4.4931939999999995e+03 4.7863391749656185e-05
4.4961669999999995e+03 4.7815354640454700e-05
4.4991399999999994e+03 4.7767364218911146e-05
4.5021130000000003e+03 4.7719420409447592e-05
4.5050860000000002e+03 4.7671523136657364e-05
4.5080590000000002e+03 4.7623672325304426e-05
4.5110320000000002e+03 4.7575867900322869e-05
4.5140050000000001e+03 4.7528109786816549e-05
4.5169780000000001e+03 4.7480397910058438e-05
4.5199510000000000e+03 4.7432732195490283e-05
4.5229240000000000e+03 4.7385112568721977e-05
4.5258969999999999e+03 4.7337538955531169e-05
4.5288699999999999e+03 4.7290011281862756e-05
4.5318429999999998e+03 4.7242529473828360e-05
4.5348159999999998e+03 4.7195093457705867e-05
4.5377889999999998e+03 4.7147703159938974e-05
4.5407619999999997e+03 4.7100358507136690e-05
4.5437349999999997e+03 4.7053059426072846e-05
4.5467079999999996e+03 4.7005805843685646e-05
4.5496809999999996e+03 4.6958597687077145e-05
4.5526539999999995e+03 4.6911434883512839e-05
4.5556269999999995e+03 4.6864317360421177e-05
4.5585999999999995e+03 4.6817245045393017e-05
4.5615729999999994e+03 4.6770217866181280e-05
4.5645460000000003e+03 4.6723235750700381e-05
4.5675190000000002e+03 4.6676298627025890e-05
4.5704920000000002e+03 4.6629406423393899e-05
4.5734650000000001e+03 4.6582559068200685e-05
4.5764380000000001e+03 4.6535756490002226e-05
4.5794110000000001e+03 4.6488998617513713e-05
4.5823840000000000e+03 4.6442285379609131e-05
4.5853570000000000e+03 4.6395616705320802e-05
4.5883299999999999e+03 4.6348992523838884e-05
4.5913029999999999e+03 4.6302412764510964e-05
4.5942759999999998e+03 4.6255877356841627e-05
4.5972489999999998e+03 4.6209386230491943e-05
4.6002219999999998e+03 4.6162939315279071e-05
4.6031949999999997e+03 4.6116536541175818e-05
4.6061679999999997e+03 4.6070177838310177e-05
4.6091409999999996e+03 4.6023863136964838e-05
4.6121139999999996e+03 4.5977592367576856e-05
4.6150869999999995e+03 4.5931365460737097e-05
4.6180599999999995e+03 4.5885182347189911e-05
4.6210329999999994e+03 4.5839042957832603e-05
4.6240059999999994e+03 4.5792947223715064e-05
4.6269790000000003e+03 4.5746895076039239e-05
4.6299520000000002e+03 4.5700886446158887e-05
4.6329250000000002e+03 4.5654921265578940e-05
4.6358980000000001e+03 4.5608999465955203e-05
4.6388710000000001e+03 4.5563120979093867e-05
4.6418440000000001e+03 4.5517285736951113e-05
4.6448170000000000e+03 4.5471493671632713e-05
4.6477900000000000e+03 4.5425744715393553e-05
4.6507629999999999e+03 4.5380038800637205e-05
4.6537359999999999e+03 4.5334375859915623e-05
4.6567089999999998e+03 4.5288755825928548e-05
4.6596819999999998e+03 4.5243178631523236e-05
4.6626549999999997e+03 4.5197644209693980e-05
4.6656279999999997e+03 4.5152152493581704e-05
4.6686009999999997e+03 4.5106703416473565e-05
4.6715739999999996e+03 4.5061296911802525e-05
4.6745469999999996e+03 4.5015932913146916e-05
4.6775199999999995e+03 4.4970611354230130e-05
4.6804929999999995e+03 4.4925332168920083e-05
4.6834659999999994e+03 4.4880095291228898e-05
4.6864389999999994e+03 4.4834900655312454e-05
4.6894120000000003e+03 4.4789748195470078e-05
4.6923850000000002e+03 4.4744637846143962e-05
4.6953580000000002e+03 4.4699569541918964e-05
4.6983310000000001e+03 4.4654543217522074e-05
4.7013040000000001e+03 4.4609558807822070e-05
4.7042770000000000e+03 4.4564616247829081e-05
4.7072500000000000e+03 4.4519715472694266e-05
4.7102230000000000e+03 4.4474856417709402e-05
4.7131959999999999e+03 4.4430039018306388e-05
4.7161689999999999e+03 4.4385263210056997e-05
4.7191419999999998e+03 4.4340528928672432e-05
4.7221149999999998e+03 4.4295836110002890e-05
4.7250879999999997e+03 4.4251184690037231e-05
4.7280609999999997e+03 4.4206574604902623e-05
4.7310339999999997e+03 4.4162005790864087e-05
4.7340069999999996e+03 4.4117478184324079e-05
4.7369799999999996e+03 4.4072991721822299e-05
4.7399529999999995e+03 4.4028546340035095e-05
4.7429259999999995e+03 4.3984141975775176e-05
4.7458989999999994e+03 4.3939778565991321e-05
4.7488719999999994e+03 4.3895456047767772e-05
4.7518450000000003e+03 4.3851174358324102e-05
4.7548180000000002e+03 4.3806933435014776e-05
4.7577910000000002e+03 4.3762733215328600e-05
4.7607640000000001e+03 4.3718573636888659e-05
4.7637370000000001e+03 4.3674454637451684e-05
4.7667100000000000e+03 4.3630376154907794e-05
4.7696830000000000e+03 4.3586338127280148e-05
4.7726559999999999e+03 4.3542340492724514e-05
4.7756289999999999e+03 4.3498383189528952e-05
4.7786019999999999e+03 4.3454466156113447e-05
4.7815749999999998e+03 4.3410589331029546e-05
4.7845479999999998e+03 4.3366752652959960e-05
4.7875209999999997e+03 4.3322956060718220e-05
4.7904939999999997e+03 4.3279199493248381e-05
4.7934669999999996e+03 4.3235482889624576e-05
4.7964399999999996e+03 4.3191806189050705e-05
4.7994129999999996e+03 4.3148169330860085e-05
4.8023859999999995e+03 4.3104572254515041e-05
4.8053589999999995e+03 4.3061014899606661e-05
4.8083319999999994e+03 4.3017497205854347e-05
4.8113049999999994e+03 4.2974019113105425e-05
4.8142780000000002e+03 4.2930580561335013e-05
4.8172510000000002e+03 4.2887181490645434e-05
4.8202240000000002e+03 4.2843821841265956e-05
4.8231970000000001e+03 4.2800501553552484e-05
4.8261700000000001e+03 4.2757220567987185e-05
4.8291430000000000e+03 4.2713978825178113e-05
4.8321160000000000e+03 4.2670776265858949e-05
4.8350889999999999e+03 4.2627612830888565e-05
4.8380619999999999e+03 4.2584488461250706e-05
4.8410349999999999e+03 4.2541403098053747e-05
4.8440079999999998e+03 4.2498356682530210e-05
4.8469809999999998e+03 4.2455349156036548e-05
4.8499539999999997e+03 4.2412380460052704e-05
4.8529269999999997e+03 4.2369450536181923e-05
4.8558999999999996e+03 4.2326559326150230e-05
4.8588729999999996e+03 4.2283706771806229e-05
4.8618459999999995e+03 4.2240892815120760e-05
4.8648189999999995e+03 4.2198117398186534e-05
4.8677919999999995e+03 4.2155380463217787e-05
4.8707649999999994e+03 4.2112681952550046e-05
4.8737379999999994e+03 4.2070021808639674e-05
4.8767110000000002e+03 4.2027399974063638e-05
4.8796840000000002e+03 4.1984816391519176e-05
4.8826570000000002e+03 4.1942271003823406e-05
4.8856300000000001e+03 4.1899763753913086e-05
4.8886030000000001e+03 4.1857294584844226e-05
4.8915760000000000e+03 4.1814863439791863e-05
4.8945490000000000e+03 4.1772470262049576e-05
4.8975219999999999e+03 4.1730114995029336e-05
4.9004949999999999e+03 4.1687797582261150e-05
4.9034679999999998e+03 4.1645517967392622e-05
4.9064409999999998e+03 4.1603276094188806e-05
4.9094139999999998e+03 4.1561071906531779e-05
4.9123869999999997e+03 4.1518905348420389e-05
4.9153599999999997e+03 4.1476776363969932e-05
4.9183329999999996e+03 4.1434684897411805e-05
4.9213059999999996e+03 4.1392630893093247e-05
4.9242789999999995e+03 4.1350614295476929e-05
4.9272519999999995e+03 4.1308635049140815e-05
4.9302249999999995e+03 4.1266693098777713e-05
4.9331979999999994e+03 4.1224788389195023e-05
4.9361709999999994e+03 4.1182920865314429e-05
4.9391440000000002e+03 4.1141090472171589e-05
4.9421170000000002e+03 4.1099297154915807e-05
4.9450900000000001e+03 4.1057540858809836e-05
4.9480630000000001e+03 4.1015821529229396e-05
4.9510360000000001e+03 4.0974139111663037e-05
4.9540090000000000e+03 4.0932493551711796e-05
4.9569820000000000e+03 4.0890884795088843e-05
4.9599549999999999e+03 4.0849312787619225e-05
4.9629279999999999e+03 4.0807777475239588e-05
4.9659009999999998e+03 4.0766278803997876e-05
4.9688739999999998e+03 4.0724816720052927e-05
4.9718469999999998e+03 4.0683391169674441e-05
4.9748199999999997e+03 4.0642002099242372e-05
4.9777929999999997e+03 4.0600649455246842e-05
4.9807659999999996e+03 4.0559333184287806e-05
4.9837389999999996e+03 4.0518053233074755e-05
4.9867119999999995e+03 4.0476809548426372e-05
4.9896849999999995e+03 4.0435602077270359e-05
4.9926579999999994e+03 4.0394430766643025e-05
4.9956309999999994e+03 4.0353295563689149e-05
4.9986040000000003e+03 4.0312196415661482e-05
5.0015770000000002e+03 4.0271133269920735e-05
5.0045500000000002e+03 4.0230106073935022e-05
5.0075230000000001e+03 4.0189114775279773e-05
5.0104960000000001e+03 4.0148159321637361e-05
5.0134690000000001e+03 4.0107239660796871e-05
5.0164420000000000e+03 4.0066355740653778e-05
5.0194150000000000e+03 4.0025507509209649e-05
5.0223879999999999e+03 3.9984694914571980e-05
5.0253609999999999e+03 3.9943917904953760e-05
5.0283339999999998e+03 3.9903176428673361e-05
5.0313069999999998e+03 3.9862470434154074e-05
5.0342799999999997e+03 3.9821799869924022e-05
5.0372529999999997e+03 3.9781164684615768e-05
5.0402259999999997e+03 3.9740564826966051e-05
5.0431989999999996e+03 3.9700000245815632e-05
5.0461719999999996e+03 3.9659470890108848e-05
5.0491449999999995e+03 3.9618976708893443e-05
5.0521179999999995e+03 3.9578517651320307e-05
5.0550909999999994e+03 3.9538093666643127e-05
5.0580639999999994e+03 3.9497704704218263e-05
5.0610370000000003e+03 3.9457350713504298e-05
5.0640100000000002e+03 3.9417031644061942e-05
5.0669830000000002e+03 3.9376747445553676e-05
5.0699560000000001e+03 3.9336498067743465e-05
5.0729290000000001e+03 3.9296283460496596e-05
5.0759020000000000e+03 3.9256103573779332e-05
5.0788750000000000e+03 3.9215958357658622e-05
5.0818480000000000e+03 3.9175847762302006e-05
5.0848209999999999e+03 3.9135771737977082e-05
5.0877939999999999e+03 3.9095730235051597e-05
5.0907669999999998e+03 3.9055723203992844e-05
5.0937399999999998e+03 3.9015750595367603e-05
5.0967129999999997e+03 3.8975812359841897e-05
5.0996859999999997e+03 3.8935908448180578e-05
5.1026589999999997e+03 3.8896038811247288e-05
5.1056319999999996e+03 3.8856203400004002e-05
5.1086049999999996e+03 3.8816402165510884e-05
5.1115779999999995e+03 3.8776635058926035e-05
5.1145509999999995e+03 3.8736902031505211e-05
5.1175239999999994e+03 3.8697203034601575e-05
5.1204969999999994e+03 3.8657538019665460e-05
5.1234700000000003e+03 3.8617906938244069e-05
5.1264430000000002e+03 3.8578309741981388e-05
5.1294160000000002e+03 3.8538746382617681e-05
5.1323890000000001e+03 3.8499216811989442e-05
5.1353620000000001e+03 3.8459720982029137e-05
5.1383350000000000e+03 3.8420258844764804e-05
5.1413080000000000e+03 3.8380830352320019e-05
5.1442809999999999e+03 3.8341435456913500e-05
5.1472539999999999e+03 3.8302074110858862e-05
5.1502269999999999e+03 3.8262746266564522e-05
5.1531999999999998e+03 3.8223451876533306e-05
5.1561729999999998e+03 3.8184190893362260e-05
5.1591459999999997e+03 3.8144963269742447e-05
5.1621189999999997e+03 3.8105768958458596e-05
5.1650919999999996e+03 3.8066607912389012e-05
5.1680649999999996e+03 3.8027480084505238e-05
5.1710379999999996e+03 3.7988385427871872e-05
5.1740109999999995e+03 3.7949323895646257e-05
5.1769839999999995e+03 3.7910295441078274e-05
5.1799569999999994e+03 3.7871300017510242e-05
5.1829299999999994e+03 3.7832337578376426e-05
5.1859030000000002e+03 3.7793408077203033e-05
5.1888760000000002e+03 3.7754511467607895e-05
5.1918490000000002e+03 3.7715647703300140e-05
5.1948220000000001e+03 3.7676816738080172e-05
5.1977950000000001e+03 3.7638018525839223e-05
5.2007680000000000e+03 3.7599253020559247e-05
5.2037410000000000e+03 3.7560520176312749e-05
5.2067139999999999e+03 3.7521819947262311e-05
5.2096869999999999e+03 3.7483152287660706e-05
5.2126599999999999e+03 3.7444517151850351e-05
5.2156329999999998e+03 3.7405914494263273e-05
5.2186059999999998e+03 3.7367344269420815e-05
5.2215789999999997e+03 3.7328806431933471e-05
5.2245519999999997e+03 3.7290300936500563e-05
5.2275249999999996e+03 3.7251827737910108e-05
5.2304979999999996e+03 3.7213386791038513e-05
5.2334709999999995e+03 3.7174978050850460e-05
5.2364439999999995e+03 3.7136601472398571e-05
5.2394169999999995e+03 3.7098257010823278e-05
5.2423899999999994e+03 3.7059944621352499e-05
5.2453629999999994e+03 3.7021664259301559e-05
5.2483360000000002e+03 3.6983415880072840e-05
5.2513090000000002e+03 3.6945199439155660e-05
5.2542820000000002e+03 3.6907014892126002e-05
5.2572550000000001e+03 3.6868862194646258e-05
5.2602280000000001e+03 3.6830741302465144e-05
5.2632010000000000e+03 3.6792652171417323e-05
5.2661740000000000e+03 3.6754594757423359e-05
5.2691469999999999e+03 3.6716569016489301e-05
5.2721199999999999e+03 3.6678574904706689e-05
5.2750929999999998e+03 3.6640612378252180e-05
5.2780659999999998e+03 3.6602681393387413e-05
5.2810389999999998e+03 3.6564781906458753e-05
5.2840119999999997e+03 3.6526913873897112e-05
5.2869849999999997e+03 3.6489077252217721e-05
5.2899579999999996e+03 3.6451271998019919e-05
5.2929309999999996e+03 3.6413498067987039e-05
5.2959039999999995e+03 3.6375755418885956e-05
5.2988769999999995e+03 3.6338044007567152e-05
5.3018499999999995e+03 3.6300363790964395e-05
5.3048229999999994e+03 3.6262714726094456e-05
5.3077959999999994e+03 3.6225096770057041e-05
5.3107690000000002e+03 3.6187509880034493e-05
5.3137420000000002e+03 3.6149954013291619e-05
5.3167150000000001e+03 3.6112429127175515e-05
5.3196880000000001e+03 3.6074935179115293e-05
5.3226610000000001e+03 3.6037472126621876e-05
5.3256340000000000e+03 3.6000039927287992e-05
5.3286070000000000e+03 3.5962638538787599e-05
5.3315799999999999e+03 3.5925267918876096e-05
5.3345529999999999e+03 3.5887928025389822e-05
5.3375259999999998e+03 3.5850618816245971e-05
5.3404989999999998e+03 3.5813340249442415e-05
5.3434719999999998e+03 3.5776092283057428e-05
5.3464449999999997e+03 3.5738874875249627e-05
5.3494179999999997e+03 3.5701687984257559e-05
5.3523909999999996e+03 3.5664531568399693e-05
5.3553639999999996e+03 3.5627405586074210e-05
5.3583369999999995e+03 3.5590309995758592e-05
5.3613099999999995e+03 3.5553244756009808e-05
5.3642829999999994e+03 3.5516209825463709e-05
5.3672559999999994e+03 3.5479205162835129e-05
5.3702289999999994e+03 3.5442230726917570e-05
5.3732020000000002e+03 3.5405286476583033e-05
5.3761750000000002e+03 3.5368372370781810e-05
5.3791480000000001e+03 3.5331488368542293e-05
5.3821210000000001e+03 3.5294634428970829e-05
5.3850940000000001e+03 3.5257810511251483e-05
5.3880670000000000e+03 3.5221016574645817e-05
5.3910400000000000e+03 3.5184252578492796e-05
5.3940129999999999e+03 3.5147518482208543e-05
5.3969859999999999e+03 3.5110814245286092e-05
5.3999589999999998e+03 3.5074139827295396e-05
5.4029319999999998e+03 3.5037495187882835e-05
5.4059049999999997e+03 3.5000880286771337e-05
5.4088779999999997e+03 3.4964295083759998e-05
5.4118509999999997e+03 3.4927739538723953e-05
5.4148239999999996e+03 3.4891213611614212e-05
5.4177969999999996e+03 3.4854717262457485e-05
5.4207699999999995e+03 3.4818250451355866e-05
5.4237429999999995e+03 3.4781813138486900e-05
5.4267159999999994e+03 3.4745405284103105e-05
5.4296889999999994e+03 3.4709026848532074e-05
5.4326619999999994e+03 3.4672677792176059e-05
5.4356350000000002e+03 3.4636358075511935e-05
5.4386080000000002e+03 3.4600067659090977e-05
5.4415810000000001e+03 3.4563806503538691e-05
5.4445540000000001e+03 3.4527574569554542e-05
5.4475270000000000e+03 3.4491371817911941e-05
5.4505000000000000e+03 3.4455198209457949e-05
5.4534730000000000e+03 3.4419053705113148e-05
5.4564459999999999e+03 3.4382938265871380e-05
5.4594189999999999e+03 3.4346851852799704e-05
5.4623919999999998e+03 3.4310794427038139e-05
5.4653649999999998e+03 3.4274765949799481e-05
5.4683379999999997e+03 3.4238766382369180e-05
5.4713109999999997e+03 3.4202795686105080e-05
5.4742839999999997e+03 3.4166853822437324e-05
5.4772569999999996e+03 3.4130940752868171e-05
5.4802299999999996e+03 3.4095056438971787e-05
5.4832029999999995e+03 3.4059200842394128e-05
5.4861759999999995e+03 3.4023373924852645e-05
5.4891489999999994e+03 3.3987575648136287e-05
5.4921219999999994e+03 3.3951805974105199e-05
5.4950949999999993e+03 3.3916064864690569e-05
5.4980680000000002e+03 3.3880352281894561e-05
5.5010410000000002e+03 3.3844668187789993e-05
5.5040140000000001e+03 3.3809012544520267e-05
5.5069870000000001e+03 3.3773385314299195e-05
5.5099600000000000e+03 3.3737786459410744e-05
5.5129330000000000e+03 3.3702215942209003e-05
5.5159059999999999e+03 3.3666673725117950e-05
5.5188789999999999e+03 3.3631159770631211e-05
5.5218519999999999e+03 3.3595674041312043e-05
5.5248249999999998e+03 3.3560216499793059e-05
5.5277979999999998e+03 3.3524787108776051e-05
5.5307709999999997e+03 3.3489385831031977e-05
5.5337439999999997e+03 3.3454012629400559e-05
5.5367169999999996e+03 3.3418667466790352e-05
5.5396899999999996e+03 3.3383350306178463e-05
5.5426629999999996e+03 3.3348061110610306e-05
5.5456359999999995e+03 3.3312799843199664e-05
5.5486089999999995e+03 3.3277566467128318e-05
5.5515819999999994e+03 3.3242360945645996e-05
5.5545549999999994e+03 3.3207183242070188e-05
5.5575280000000002e+03 3.3172033319785943e-05
5.5605010000000002e+03 3.3136911142245802e-05
5.5634740000000002e+03 3.3101816672969539e-05
5.5664470000000001e+03 3.3066749875544050e-05
5.5694200000000001e+03 3.3031710713623223e-05
5.5723930000000000e+03 3.2996699150927691e-05
5.5753660000000000e+03 3.2961715151244781e-05
5.5783389999999999e+03 3.2926758678428291e-05
5.5813119999999999e+03 3.2891829696398297e-05
5.5842849999999999e+03 3.2856928169141140e-05
5.5872579999999998e+03 3.2822054060709107e-05
5.5902309999999998e+03 3.2787207335220379e-05
5.5932039999999997e+03 3.2752387956858798e-05
5.5961769999999997e+03 3.2717595889873820e-05
5.5991499999999996e+03 3.2682831098580245e-05
5.6021229999999996e+03 3.2648093547358163e-05
5.6050959999999995e+03 3.2613383200652695e-05
5.6080689999999995e+03 3.2578700022973933e-05
5.6110419999999995e+03 3.2544043978896783e-05
5.6140149999999994e+03 3.2509415033060738e-05
5.6169879999999994e+03 3.2474813150169765e-05
5.6199610000000002e+03 3.2440238294992179e-05
5.6229340000000002e+03 3.2405690432360527e-05
5.6259070000000002e+03 3.2371169527171285e-05
5.6288800000000001e+03 3.2336675544384887e-05
5.6318530000000001e+03 3.2302208449025446e-05
5.6348260000000000e+03 3.2267768206180696e-05
5.6377990000000000e+03 3.2233354781001772e-05
5.6407719999999999e+03 3.2198968138703075e-05
5.6437449999999999e+03 3.2164608244562239e-05
5.6467179999999998e+03 3.2130275063919788e-05
5.6496909999999998e+03 3.2095968562179099e-05
5.6526639999999998e+03 3.2061688704806302e-05
5.6556369999999997e+03 3.2027435457330002e-05
5.6586099999999997e+03 3.1993208785341307e-05
5.6615829999999996e+03 3.1959008654493480e-05
5.6645559999999996e+03 3.1924835030501960e-05
5.6675289999999995e+03 3.1890687879144136e-05
5.6705019999999995e+03 3.1856567166259204e-05
5.6734749999999995e+03 3.1822472857748123e-05
5.6764479999999994e+03 3.1788404919573275e-05
5.6794209999999994e+03 3.1754363317758543e-05
5.6823940000000002e+03 3.1720348018388970e-05
5.6853670000000002e+03 3.1686358987610812e-05
5.6883400000000001e+03 3.1652396191631200e-05
5.6913130000000001e+03 3.1618459596718167e-05
5.6942860000000001e+03 3.1584549169200398e-05
5.6972590000000000e+03 3.1550664875467170e-05
5.7002320000000000e+03 3.1516806681968079e-05
5.7032049999999999e+03 3.1482974555213060e-05
5.7061779999999999e+03 3.1449168461772198e-05
5.7091509999999998e+03 3.1415388368275497e-05
5.7121239999999998e+03 3.1381634241412898e-05
5.7150969999999998e+03 3.1347906047933989e-05
5.7180699999999997e+03 3.1314203754647918e-05
5.7210429999999997e+03 3.1280527328423392e-05
5.7240159999999996e+03 3.1246876736188293e-05
5.7269889999999996e+03 3.1213251944929736e-05
5.7299619999999995e+03 3.1179652921693864e-05
5.7329349999999995e+03 3.1146079633585672e-05
5.7359079999999994e+03 3.1112532047768997e-05
5.7388809999999994e+03 3.1079010131466180e-05
5.7418539999999994e+03 3.1045513851958215e-05
5.7448270000000002e+03 3.1012043176584297e-05
5.7478000000000002e+03 3.0978598072741932e-05
5.7507730000000001e+03 3.0945178507886718e-05
5.7537460000000001e+03 3.0911784449532143e-05
5.7567190000000001e+03 3.0878415865249597e-05
5.7596920000000000e+03 3.0845072722668104e-05
5.7626650000000000e+03 3.0811754989474266e-05
5.7656379999999999e+03 3.0778462633412159e-05
5.7686109999999999e+03 3.0745195622283066e-05
5.7715839999999998e+03 3.0711953923945495e-05
5.7745569999999998e+03 3.0678737506315011e-05
5.7775299999999997e+03 3.0645546337364023e-05
5.7805029999999997e+03 3.0612380385121768e-05
5.7834759999999997e+03 3.0579239617674098e-05
5.7864489999999996e+03 3.0546124003163371e-05
5.7894219999999996e+03 3.0513033509788407e-05
5.7923949999999995e+03 3.0479968105804195e-05
5.7953679999999995e+03 3.0446927759521961e-05
5.7983409999999994e+03 3.0413912439308810e-05
5.8013139999999994e+03 3.0380922113587792e-05
5.8042869999999994e+03 3.0347956750837768e-05
5.8072600000000002e+03 3.0315016319593074e-05
5.8102330000000002e+03 3.0282100788443725e-05
5.8132060000000001e+03 3.0249210126034975e-05
5.8161790000000001e+03 3.0216344301067352e-05
5.8191520000000000e+03 3.0183503282296547e-05
5.8221250000000000e+03 3.0150687038533250e-05
5.8250980000000000e+03 3.0117895538642940e-05
5.8280709999999999e+03 3.0085128751545948e-05
5.8310439999999999e+03 3.0052386646217169e-05
5.8340169999999998e+03 3.0019669191686038e-05
5.8369899999999998e+03 2.9986976357036310e-05
5.8399629999999997e+03 2.9954308111406077e-05
5.8429359999999997e+03 2.9921664423987515e-05
5.8459089999999997e+03 2.9889045264026832e-05
5.8488819999999996e+03 2.9856450600824079e-05
5.8518549999999996e+03 2.9823880403733134e-05
5.8548279999999995e+03 2.9791334642161526e-05
5.8578009999999995e+03 2.9758813285570239e-05
5.8607739999999994e+03 2.9726316303473756e-05
5.8637469999999994e+03 2.9693843665439774e-05
5.8667199999999993e+03 2.9661395341089194e-05
5.8696930000000002e+03 2.9628971300095948e-05
5.8726660000000002e+03 2.9596571512186957e-05
5.8756390000000001e+03 2.9564195947141857e-05
5.8786120000000001e+03 2.9531844574792991e-05
5.8815850000000000e+03 2.9499517365025377e-05
5.8845580000000000e+03 2.9467214287776384e-05
5.8875309999999999e+03 2.9434935313035724e-05
5.8905039999999999e+03 2.9402680410845424e-05
5.8934769999999999e+03 2.9370449551299478e-05
5.8964499999999998e+03 2.9338242704543989e-05
5.8994229999999998e+03 2.9306059840776862e-05
5.9023959999999997e+03 2.9273900930247799e-05
5.9053689999999997e+03 2.9241765943258119e-05
5.9083419999999996e+03 2.9209654850160630e-05
5.9113149999999996e+03 2.9177567621359649e-05
5.9142879999999996e+03 2.9145504227310722e-05
5.9172609999999995e+03 2.9113464638520561e-05
5.9202339999999995e+03 2.9081448825547002e-05
5.9232069999999994e+03 2.9049456758998783e-05
5.9261799999999994e+03 2.9017488409535505e-05
5.9291529999999993e+03 2.8985543747867520e-05
5.9321260000000002e+03 2.8953622744755718e-05
5.9350990000000002e+03 2.8921725371011632e-05
5.9380720000000001e+03 2.8889851597497026e-05
5.9410450000000001e+03 2.8858001395124071e-05
5.9440180000000000e+03 2.8826174734855011e-05
5.9469910000000000e+03 2.8794371587702183e-05
5.9499639999999999e+03 2.8762591924727922e-05
5.9529369999999999e+03 2.8730835717044302e-05
5.9559099999999999e+03 2.8699102935813177e-05
5.9588829999999998e+03 2.8667393552246020e-05
5.9618559999999998e+03 2.8635707537603782e-05
5.9648289999999997e+03 2.8604044863196853e-05
5.9678019999999997e+03 2.8572405500384834e-05
5.9707749999999996e+03 2.8540789420576598e-05
5.9737479999999996e+03 2.8509196595229988e-05
5.9767209999999995e+03 2.8477626995851887e-05
5.9796939999999995e+03 2.8446080593997999e-05
5.9826669999999995e+03 2.8414557361272738e-05
5.9856399999999994e+03 2.8383057269329266e-05
5.9886129999999994e+03 2.8351580289869176e-05
5.9915859999999993e+03 2.8320126394642450e-05
5.9945590000000002e+03 2.8288695555447536e-05
5.9975320000000002e+03 2.8257287744130973e-05
6.0005050000000001e+03 2.8225902932587418e-05
6.0034780000000001e+03 2.8194541092759576e-05
6.0064510000000000e+03 2.8163202196638025e-05
6.0094240000000000e+03 2.8131886216261104e-05
6.0123969999999999e+03 2.8100593123714892e-05
6.0153699999999999e+03 2.8069322891132958e-05
6.0183429999999998e+03 2.8038075490696463e-05
6.0213159999999998e+03 2.8006850894633855e-05
6.0242889999999998e+03 2.7975649075220897e-05
6.0272619999999997e+03 2.7944470004780476e-05
6.0302349999999997e+03 2.7913313655682548e-05
6.0332079999999996e+03 2.7882180000344079e-05
6.0361809999999996e+03 2.7851069011228821e-05
6.0391539999999995e+03 2.7819980660847319e-05
6.0421269999999995e+03 2.7788914921756787e-05
6.0450999999999995e+03 2.7757871766560953e-05
6.0480729999999994e+03 2.7726851167909994e-05
6.0510459999999994e+03 2.7695853098500470e-05
6.0540189999999993e+03 2.7664877531075144e-05
6.0569920000000002e+03 2.7633924438422955e-05
6.0599650000000001e+03 2.7602993793378862e-05
6.0629380000000001e+03 2.7572085568823836e-05
6.0659110000000001e+03 2.7541199737684603e-05
6.0688840000000000e+03 2.7510336272933665e-05
6.0718570000000000e+03 2.7479495147589219e-05
6.0748299999999999e+03 2.7448676334714957e-05
6.0778029999999999e+03 2.7417879807420028e-05
6.0807759999999998e+03 2.7387105538858937e-05
6.0837489999999998e+03 2.7356353502231445e-05
6.0867219999999998e+03 2.7325623670782505e-05
6.0896949999999997e+03 2.7294916017802012e-05
6.0926679999999997e+03 2.7264230516624938e-05
6.0956409999999996e+03 2.7233567140631070e-05
6.0986139999999996e+03 2.7202925863244946e-05
6.1015869999999995e+03 2.7172306657935810e-05
6.1045599999999995e+03 2.7141709498217420e-05
6.1075329999999994e+03 2.7111134357648086e-05
6.1105059999999994e+03 2.7080581209830428e-05
6.1134789999999994e+03 2.7050050028411369e-05
6.1164519999999993e+03 2.7019540787082063e-05
6.1194250000000002e+03 2.6989053459577668e-05
6.1223980000000001e+03 2.6958588019677406e-05
6.1253710000000001e+03 2.6928144441204420e-05
6.1283440000000001e+03 2.6897722698025600e-05
6.1313170000000000e+03 2.6867322764051609e-05
6.1342900000000000e+03 2.6836944613236669e-05
6.1372629999999999e+03 2.6806588219578549e-05
6.1402359999999999e+03 2.6776253557118517e-05
6.1432089999999998e+03 2.6745940599941070e-05
6.1461819999999998e+03 2.6715649322174039e-05
6.1491549999999997e+03 2.6685379697988359e-05
6.1521279999999997e+03 2.6655131701598061e-05
6.1551009999999997e+03 2.6624905307260155e-05
6.1580739999999996e+03 2.6594700489274431e-05
6.1610469999999996e+03 2.6564517221983615e-05
6.1640199999999995e+03 2.6534355479772998e-05
6.1669929999999995e+03 2.6504215237070536e-05
6.1699659999999994e+03 2.6474096468346695e-05
6.1729389999999994e+03 2.6443999148114350e-05
6.1759119999999994e+03 2.6413923250928717e-05
6.1788850000000002e+03 2.6383868751387223e-05
6.1818580000000002e+03 2.6353835624129462e-05
6.1848310000000001e+03 2.6323823843837116e-05
6.1878040000000001e+03 2.6293833385233809e-05
6.1907770000000000e+03 2.6263864223085045e-05
6.1937500000000000e+03 2.6233916332198116e-05
6.1967230000000000e+03 2.6203989687422014e-05
6.1996959999999999e+03 2.6174084263647394e-05
6.2026689999999999e+03 2.6144200035806366e-05
6.2056419999999998e+03 2.6114336978872514e-05
6.2086149999999998e+03 2.6084495067860794e-05
6.2115879999999997e+03 2.6054674277827351e-05
6.2145609999999997e+03 2.6024874583869593e-05
6.2175339999999997e+03 2.5995095961125918e-05
6.2205069999999996e+03 2.5965338384775837e-05
6.2234799999999996e+03 2.5935601830039707e-05
6.2264529999999995e+03 2.5905886272178649e-05
6.2294259999999995e+03 2.5876191686494671e-05
6.2323989999999994e+03 2.5846518048330297e-05
6.2353719999999994e+03 2.5816865333068718e-05
6.2383449999999993e+03 2.5787233516133549e-05
6.2413180000000002e+03 2.5757622572988806e-05
6.2442910000000002e+03 2.5728032479138826e-05
6.2472640000000001e+03 2.5698463210128210e-05
6.2502370000000001e+03 2.5668914741541606e-05
6.2532100000000000e+03 2.5639387049003799e-05
6.2561830000000000e+03 2.5609880108179510e-05
6.2591559999999999e+03 2.5580393894773395e-05
6.2621289999999999e+03 2.5550928384529810e-05
6.2651019999999999e+03 2.5521483553232949e-05
6.2680749999999998e+03 2.5492059376706557e-05
6.2710479999999998e+03 2.5462655830813967e-05
6.2740209999999997e+03 2.5433272891457998e-05
6.2769939999999997e+03 2.5403910534580819e-05
6.2799669999999996e+03 2.5374568736163909e-05
6.2829399999999996e+03 2.5345247472227994e-05
6.2859129999999996e+03 2.5315946718832893e-05
6.2888859999999995e+03 2.5286666452077574e-05
6.2918589999999995e+03 2.5257406648099832e-05
6.2948319999999994e+03 2.5228167283076493e-05
6.2978049999999994e+03 2.5198948333223143e-05
6.3007779999999993e+03 2.5169749774794069e-05
6.3037510000000002e+03 2.5140571584082230e-05
6.3067240000000002e+03 2.5111413737419214e-05
6.3096970000000001e+03 2.5082276211174963e-05
6.3126700000000001e+03 2.5053158981757994e-05
6.3156430000000000e+03 2.5024062025614990e-05
6.3186160000000000e+03 2.4994985319230956e-05
6.3215889999999999e+03 2.4965928839129114e-05
6.3245619999999999e+03 2.4936892561870666e-05
6.3275349999999999e+03 2.4907876464054918e-05
6.3305079999999998e+03 2.4878880522319057e-05
6.3334809999999998e+03 2.4849904713338088e-05
6.3364539999999997e+03 2.4820949013824891e-05
6.3394269999999997e+03 2.4792013400529922e-05
6.3423999999999996e+03 2.4763097850241320e-05
6.3453729999999996e+03 2.4734202339784770e-05
6.3483459999999995e+03 2.4705326846023352e-05
6.3513189999999995e+03 2.4676471345857610e-05
6.3542919999999995e+03 2.4647635816225285e-05
6.3572649999999994e+03 2.4618820234101469e-05
6.3602379999999994e+03 2.4590024576498280e-05
6.3632109999999993e+03 2.4561248820464982e-05
6.3661840000000002e+03 2.4532492943087823e-05
6.3691570000000002e+03 2.4503756921489966e-05
6.3721300000000001e+03 2.4475040732831386e-05
6.3751030000000001e+03 2.4446344354308868e-05
6.3780760000000000e+03 2.4417667763155857e-05
6.3810490000000000e+03 2.4389010936642410e-05
6.3840219999999999e+03 2.4360373852075149e-05
6.3869949999999999e+03 2.4331756486797105e-05
6.3899679999999998e+03 2.4303158818187762e-05
6.3929409999999998e+03 2.4274580823662852e-05
6.3959139999999998e+03 2.4246022480674407e-05
6.3988869999999997e+03 2.4217483766710592e-05
6.4018599999999997e+03 2.4188964659295602e-05
6.4048329999999996e+03 2.4160465135989745e-05
6.4078059999999996e+03 2.4131985174389211e-05
6.4107789999999995e+03 2.4103524752126066e-05
6.4137519999999995e+03 2.4075083846868155e-05
6.4167249999999995e+03 2.4046662436319025e-05
6.4196979999999994e+03 2.4018260498217977e-05
6.4226709999999994e+03 2.3989878010339709e-05
6.4256439999999993e+03 2.3961514950494565e-05
6.4286170000000002e+03 2.3933171296528214e-05
6.4315900000000001e+03 2.3904847026321763e-05
6.4345630000000001e+03 2.3876542117791525e-05
6.4375360000000001e+03 2.3848256548889059e-05
6.4405090000000000e+03 2.3819990297601036e-05
6.4434820000000000e+03 2.3791743341949236e-05
6.4464549999999999e+03 2.3763515659990371e-05
6.4494279999999999e+03 2.3735307229816128e-05
6.4524009999999998e+03 2.3707118029552977e-05
6.4553739999999998e+03 2.3678948037362236e-05
6.4583469999999998e+03 2.3650797231439883e-05
6.4613199999999997e+03 2.3622665590016538e-05
6.4642929999999997e+03 2.3594553091357427e-05
6.4672659999999996e+03 2.3566459713762216e-05
6.4702389999999996e+03 2.3538385435564993e-05
6.4732119999999995e+03 2.3510330235134259e-05
6.4761849999999995e+03 2.3482294090872748e-05
6.4791579999999994e+03 2.3454276981217401e-05
6.4821309999999994e+03 2.3426278884639356e-05
6.4851039999999994e+03 2.3398299779643775e-05
6.4880769999999993e+03 2.3370339644769844e-05
6.4910500000000002e+03 2.3342398458590681e-05
6.4940230000000001e+03 2.3314476199713285e-05
6.4969960000000001e+03 2.3286572846778443e-05
6.4999690000000001e+03 2.3258688378460645e-05
6.5029420000000000e+03 2.3230822773468124e-05
6.5059150000000000e+03 2.3202976010542605e-05
6.5088879999999999e+03 2.3175148068459387e-05
6.5118609999999999e+03 2.3147338926027269e-05
6.5148339999999998e+03 2.3119548562088322e-05
6.5178069999999998e+03 2.3091776955518067e-05
6.5207799999999997e+03 2.3064024085225206e-05
6.5237529999999997e+03 2.3036289930151631e-05
6.5267259999999997e+03 2.3008574469272371e-05
6.5296989999999996e+03 2.2980877681595523e-05
6.5326719999999996e+03 2.2953199546162138e-05
6.5356449999999995e+03 2.2925540042046192e-05
6.5386179999999995e+03 2.2897899148354518e-05
6.5415909999999994e+03 2.2870276844226779e-05
6.5445639999999994e+03 2.2842673108835260e-05
6.5475369999999994e+03 2.2815087921384997e-05
6.5505099999999993e+03 2.2787521261113599e-05
6.5534830000000002e+03 2.2759973107291090e-05
6.5564560000000001e+03 2.2732443439220129e-05
6.5594290000000001e+03 2.2704932236235664e-05
6.5624020000000000e+03 2.2677439477704923e-05
6.5653750000000000e+03 2.2649965143027533e-05
6.5683480000000000e+03 2.2622509211635177e-05
6.5713209999999999e+03 2.2595071662991777e-05
6.5742939999999999e+03 2.2567652476593255e-05
6.5772669999999998e+03 2.2540251631967576e-05
6.5802399999999998e+03 2.2512869108674657e-05
6.5832129999999997e+03 2.2485504886306214e-05
6.5861859999999997e+03 2.2458158944485870e-05
6.5891589999999997e+03 2.2430831262868950e-05
6.5921319999999996e+03 2.2403521821142427e-05
6.5951049999999996e+03 2.2376230599024980e-05
6.5980779999999995e+03 2.2348957576266782e-05
6.6010509999999995e+03 2.2321702732649515e-05
6.6040239999999994e+03 2.2294466047986299e-05
6.6069969999999994e+03 2.2267247502121624e-05
6.6099699999999993e+03 2.2240047074931288e-05
6.6129429999999993e+03 2.2212864746322333e-05
6.6159160000000002e+03 2.2185700496232934e-05
6.6188890000000001e+03 2.2158554304632508e-05
6.6218620000000001e+03 2.2131426151521371e-05
6.6248350000000000e+03 2.2104316016930977e-05
6.6278080000000000e+03 2.2077223880923595e-05
6.6307809999999999e+03 2.2050149723592442e-05
6.6337539999999999e+03 2.2023093525061558e-05
6.6367269999999999e+03 2.1996055265485663e-05
6.6396999999999998e+03 2.1969034925050203e-05
6.6426729999999998e+03 2.1942032483971250e-05
6.6456459999999997e+03 2.1915047922495456e-05
6.6486189999999997e+03 2.1888081220899965e-05
6.6515919999999996e+03 2.1861132359492351e-05
6.6545649999999996e+03 2.1834201318610601e-05
6.6575379999999996e+03 2.1807288078622998e-05
6.6605109999999995e+03 2.1780392619928138e-05
6.6634839999999995e+03 2.1753514922954746e-05
6.6664569999999994e+03 2.1726654968161743e-05
6.6694299999999994e+03 2.1699812736038137e-05
6.6724029999999993e+03 2.1672988207102982e-05
6.6753759999999993e+03 2.1646181361905185e-05
6.6783490000000002e+03 2.1619392181023707e-05
6.6813220000000001e+03 2.1592620645067294e-05
6.6842950000000001e+03 2.1565866734674430e-05
6.6872680000000000e+03 2.1539130430513414e-05
6.6902410000000000e+03 2.1512411713282150e-05
6.6932139999999999e+03 2.1485710563708216e-05
6.6961869999999999e+03 2.1459026962548695e-05
6.6991599999999999e+03 2.1432360890590165e-05
6.7021329999999998e+03 2.1405712328648696e-05
6.7051059999999998e+03 2.1379081257569680e-05
6.7080789999999997e+03 2.1352467658227859e-05
6.7110519999999997e+03 2.1325871511527255e-05
6.7140249999999996e+03 2.1299292798401024e-05
6.7169979999999996e+03 2.1272731499811552e-05
6.7199709999999995e+03 2.1246187596750308e-05
6.7229439999999995e+03 2.1219661070237754e-05
6.7259169999999995e+03 2.1193151901323363e-05
6.7288899999999994e+03 2.1166660071085494e-05
6.7318629999999994e+03 2.1140185560631437e-05
6.7348359999999993e+03 2.1113728351097211e-05
6.7378089999999993e+03 2.1087288423647660e-05
6.7407820000000002e+03 2.1060865759476244e-05
6.7437550000000001e+03 2.1034460339805140e-05
6.7467280000000001e+03 2.1008072145885081e-05
6.7497010000000000e+03 2.0981701158995293e-05
6.7526740000000000e+03 2.0955347360443525e-05
6.7556469999999999e+03 2.0929010731565897e-05
6.7586199999999999e+03 2.0902691253726898e-05
6.7615929999999998e+03 2.0876388908319372e-05
6.7645659999999998e+03 2.0850103676764343e-05
6.7675389999999998e+03 2.0823835540511071e-05
6.7705119999999997e+03 2.0797584481036931e-05
6.7734849999999997e+03 2.0771350479847416e-05
6.7764579999999996e+03 2.0745133518476022e-05
6.7794309999999996e+03 2.0718933578484241e-05
6.7824039999999995e+03 2.0692750641461422e-05
6.7853769999999995e+03 2.0666584689024869e-05
6.7883499999999995e+03 2.0640435702819671e-05
6.7913229999999994e+03 2.0614303664518620e-05
6.7942959999999994e+03 2.0588188555822316e-05
6.7972689999999993e+03 2.0562090358458868e-05
6.8002420000000002e+03 2.0536009054184134e-05
6.8032150000000001e+03 2.0509944624781411e-05
6.8061880000000001e+03 2.0483897052061529e-05
6.8091610000000001e+03 2.0457866317862733e-05
6.8121340000000000e+03 2.0431852404050679e-05
6.8151070000000000e+03 2.0405855292518336e-05
6.8180799999999999e+03 2.0379874965185915e-05
6.8210529999999999e+03 2.0353911404000931e-05
6.8240259999999998e+03 2.0327964590938008e-05
6.8269989999999998e+03 2.0302034507998882e-05
6.8299719999999998e+03 2.0276121137212430e-05
6.8329449999999997e+03 2.0250224460634481e-05
6.8359179999999997e+03 2.0224344460347796e-05
6.8388909999999996e+03 2.0198481118462150e-05
6.8418639999999996e+03 2.0172634417114081e-05
6.8448369999999995e+03 2.0146804338466969e-05
6.8478099999999995e+03 2.0120990864710981e-05
6.8507829999999994e+03 2.0095193978062901e-05
6.8537559999999994e+03 2.0069413660766262e-05
6.8567289999999994e+03 2.0043649895091130e-05
6.8597019999999993e+03 2.0017902663334163e-05
6.8626750000000002e+03 1.9992171947818459e-05
6.8656480000000001e+03 1.9966457730893636e-05
6.8686210000000001e+03 1.9940759994935683e-05
6.8715940000000001e+03 1.9915078722346904e-05
6.8745670000000000e+03 1.9889413895555913e-05
6.8775400000000000e+03 1.9863765497017580e-05
6.8805129999999999e+03 1.9838133509212961e-05
6.8834859999999999e+03 1.9812517914649274e-05
6.8864589999999998e+03 1.9786918695859824e-05
6.8894319999999998e+03 1.9761335835403892e-05
6.8924049999999997e+03 1.9735769315866874e-05
6.8953779999999997e+03 1.9710219119860002e-05
6.8983509999999997e+03 1.9684685230020478e-05
6.9013239999999996e+03 1.9659167629011294e-05
6.9042969999999996e+03 1.9633666299521284e-05
6.9072699999999995e+03 1.9608181224264984e-05
6.9102429999999995e+03 1.9582712385982642e-05
6.9132159999999994e+03 1.9557259767440186e-05
6.9161889999999994e+03 1.9531823351429099e-05
6.9191619999999994e+03 1.9506403120766405e-05
6.9221349999999993e+03 1.9480999058294694e-05
6.9251080000000002e+03 1.9455611146881955e-05
6.9280810000000001e+03 1.9430239369421598e-05
6.9310540000000001e+03 1.9404883708832378e-05
6.9340270000000000e+03 1.9379544148058351e-05
6.9370000000000000e+03 1.9354220670068879e-05
6.9399730000000000e+03 1.9328913257858445e-05
6.9429459999999999e+03 1.9303621894446806e-05
6.9459189999999999e+03 1.9278346562878744e-05
6.9488919999999998e+03 1.9253087246224144e-05
6.9518649999999998e+03 1.9227843927577951e-05
6.9548379999999997e+03 1.9202616590059985e-05
6.9578109999999997e+03 1.9177405216815068e-05
6.9607839999999997e+03 1.9152209791012869e-05
6.9637569999999996e+03 1.9127030295847904e-05
6.9667299999999996e+03 1.9101866714539455e-05
6.9697029999999995e+03 1.9076719030331577e-05
6.9726759999999995e+03 1.9051587226492944e-05
6.9756489999999994e+03 1.9026471286316952e-05
6.9786219999999994e+03 1.9001371193121525e-05
6.9815949999999993e+03 1.8976286930249196e-05
6.9845679999999993e+03 1.8951218481066946e-05
6.9875410000000002e+03 1.8926165828966239e-05
6.9905140000000001e+03 1.8901128957362957e-05
6.9934870000000001e+03 1.8876107849697353e-05
6.9964600000000000e+03 1.8851102489433959e-05
6.9994330000000000e+03 1.8826112860061620e-05
7.0024059999999999e+03 1.8801138945093375e-05
7.0053789999999999e+03 1.8776180728066496e-05
7.0083519999999999e+03 1.8751238192542310e-05
7.0113249999999998e+03 1.8726311322106302e-05
7.0142979999999998e+03 1.8701400100367973e-05
7.0172709999999997e+03 1.8676504510960825e-05
7.0202439999999997e+03 1.8651624537542330e-05
7.0232169999999996e+03 1.8626760163793861e-05
7.0261899999999996e+03 1.8601911373420613e-05
7.0291629999999996e+03 1.8577078150151669e-05
7.0321359999999995e+03 1.8552260477739853e-05
7.0351089999999995e+03 1.8527458339961725e-05
7.0380819999999994e+03 1.8502671720617527e-05
7.0410549999999994e+03 1.8477900603531102e-05
7.0440279999999993e+03 1.8453144972549974e-05
7.0470009999999993e+03 1.8428404811545156e-05
7.0499740000000002e+03 1.8403680104411193e-05
7.0529470000000001e+03 1.8378970835066075e-05
7.0559200000000001e+03 1.8354276987451249e-05
7.0588930000000000e+03 1.8329598545531511e-05
7.0618660000000000e+03 1.8304935493294964e-05
7.0648389999999999e+03 1.8280287814753050e-05
7.0678119999999999e+03 1.8255655493940438e-05
7.0707849999999999e+03 1.8231038514915011e-05
7.0737579999999998e+03 1.8206436861757765e-05
7.0767309999999998e+03 1.8181850518572841e-05
7.0797039999999997e+03 1.8157279469487485e-05
7.0826769999999997e+03 1.8132723698651941e-05
7.0856499999999996e+03 1.8108183190239382e-05
7.0886229999999996e+03 1.8083657928446061e-05
7.0915959999999995e+03 1.8059147897491018e-05
7.0945689999999995e+03 1.8034653081616161e-05
7.0975419999999995e+03 1.8010173465086271e-05
7.1005149999999994e+03 1.7985709032188866e-05
7.1034879999999994e+03 1.7961259767234188e-05
7.1064609999999993e+03 1.7936825654555182e-05
7.1094339999999993e+03 1.7912406678507429e-05
7.1124070000000002e+03 1.7888002823469129e-05
7.1153800000000001e+03 1.7863614073841037e-05
7.1183530000000001e+03 1.7839240414046415e-05
7.1213260000000000e+03 1.7814881828531019e-05
7.1242990000000000e+03 1.7790538301763052e-05
7.1272719999999999e+03 1.7766209818233093e-05
7.1302449999999999e+03 1.7741896362454068e-05
7.1332179999999998e+03 1.7717597918961223e-05
7.1361909999999998e+03 1.7693314472312097e-05
7.1391639999999998e+03 1.7669046007086432e-05
7.1421369999999997e+03 1.7644792507886189e-05
7.1451099999999997e+03 1.7620553959335438e-05
7.1480829999999996e+03 1.7596330346080357e-05
7.1510559999999996e+03 1.7572121652789242e-05
7.1540289999999995e+03 1.7547927864152370e-05
7.1570019999999995e+03 1.7523748964881984e-05
7.1599749999999995e+03 1.7499584939712328e-05
7.1629479999999994e+03 1.7475435773399497e-05
7.1659209999999994e+03 1.7451301450721501e-05
7.1688939999999993e+03 1.7427181956478114e-05
7.1718669999999993e+03 1.7403077275490923e-05
7.1748400000000001e+03 1.7378987392603273e-05
7.1778130000000001e+03 1.7354912292680202e-05
7.1807860000000001e+03 1.7330851960608383e-05
7.1837590000000000e+03 1.7306806381296145e-05
7.1867320000000000e+03 1.7282775539673373e-05
7.1897049999999999e+03 1.7258759420691520e-05
7.1926779999999999e+03 1.7234758009323507e-05
7.1956509999999998e+03 1.7210771290563799e-05
7.1986239999999998e+03 1.7186799249428167e-05
7.2015969999999998e+03 1.7162841870953872e-05
7.2045699999999997e+03 1.7138899140199460e-05
7.2075429999999997e+03 1.7114971042244808e-05
7.2105159999999996e+03 1.7091057562191073e-05
7.2134889999999996e+03 1.7067158685160611e-05
7.2164619999999995e+03 1.7043274396296960e-05
7.2194349999999995e+03 1.7019404680764868e-05
7.2224079999999994e+03 1.6995549523750145e-05
7.2253809999999994e+03 1.6971708910459670e-05
7.2283539999999994e+03 1.6947882826121410e-05
7.2313269999999993e+03 1.6924071255984280e-05
7.2342999999999993e+03 1.6900274185318165e-05
7.2372730000000001e+03 1.6876491599413882e-05
7.2402460000000001e+03 1.6852723483583099e-05
7.2432190000000001e+03 1.6828969823158402e-05
7.2461920000000000e+03 1.6805230603493094e-05
7.2491650000000000e+03 1.6781505809961282e-05
7.2521379999999999e+03 1.6757795427957837e-05
7.2551109999999999e+03 1.6734099442898255e-05
7.2580839999999998e+03 1.6710417840218748e-05
7.2610569999999998e+03 1.6686750605376129e-05
7.2640299999999997e+03 1.6663097723847772e-05
7.2670029999999997e+03 1.6639459181131609e-05
7.2699759999999997e+03 1.6615834962746044e-05
7.2729489999999996e+03 1.6592225054230012e-05
7.2759219999999996e+03 1.6568629441142828e-05
7.2788949999999995e+03 1.6545048109064236e-05
7.2818679999999995e+03 1.6521481043594308e-05
7.2848409999999994e+03 1.6497928230353432e-05
7.2878139999999994e+03 1.6474389654982290e-05
7.2907869999999994e+03 1.6450865303141833e-05
7.2937599999999993e+03 1.6427355160513186e-05
7.2967329999999993e+03 1.6403859212797653e-05
7.2997060000000001e+03 1.6380377445716676e-05
7.3026790000000001e+03 1.6356909845011846e-05
7.3056520000000000e+03 1.6333456396444737e-05
7.3086250000000000e+03 1.6310017085796968e-05
7.3115980000000000e+03 1.6286591898870208e-05
7.3145709999999999e+03 1.6263180821486033e-05
7.3175439999999999e+03 1.6239783839485921e-05
7.3205169999999998e+03 1.6216400938731273e-05
7.3234899999999998e+03 1.6193032105103321e-05
7.3264629999999997e+03 1.6169677324503088e-05
7.3294359999999997e+03 1.6146336582851404e-05
7.3324089999999997e+03 1.6123009866088850e-05
7.3353819999999996e+03 1.6099697160175641e-05
7.3383549999999996e+03 1.6076398451091759e-05
7.3413279999999995e+03 1.6053113724836697e-05
7.3443009999999995e+03 1.6029842967429677e-05
7.3472739999999994e+03 1.6006586164909419e-05
7.3502469999999994e+03 1.5983343303334144e-05
7.3532199999999993e+03 1.5960114368781579e-05
7.3561929999999993e+03 1.5936899347348995e-05
7.3591659999999993e+03 1.5913698225152932e-05
7.3621390000000001e+03 1.5890510988329461e-05
7.3651120000000001e+03 1.5867337623033913e-05
7.3680850000000000e+03 1.5844178115440961e-05
7.3710580000000000e+03 1.5821032451744623e-05
7.3740309999999999e+03 1.5797900618158045e-05
7.3770039999999999e+03 1.5774782600913695e-05
7.3799769999999999e+03 1.5751678386263158e-05
7.3829499999999998e+03 1.5728587960477183e-05
7.3859229999999998e+03 1.5705511309845673e-05
7.3888959999999997e+03 1.5682448420677523e-05
7.3918689999999997e+03 1.5659399279300707e-05
7.3948419999999996e+03 1.5636363872062283e-05
7.3978149999999996e+03 1.5613342185328146e-05
7.4007879999999996e+03 1.5590334205483242e-05
7.4037609999999995e+03 1.5567339918931393e-05
7.4067339999999995e+03 1.5544359312095257e-05
7.4097069999999994e+03 1.5521392371416380e-05
7.4126799999999994e+03 1.5498439083355076e-05
7.4156529999999993e+03 1.5475499434390501e-05
7.4186259999999993e+03 1.5452573411020452e-05
7.4215990000000002e+03 1.5429660999761485e-05
7.4245720000000001e+03 1.5406762187148856e-05
7.4275450000000001e+03 1.5383876959736411e-05
7.4305180000000000e+03 1.5361005304096613e-05
7.4334910000000000e+03 1.5338147206820502e-05
7.4364639999999999e+03 1.5315302654517684e-05
7.4394369999999999e+03 1.5292471633816239e-05
7.4424099999999999e+03 1.5269654131362706e-05
7.4453829999999998e+03 1.5246850133822135e-05
7.4483559999999998e+03 1.5224059627877905e-05
7.4513289999999997e+03 1.5201282600231808e-05
7.4543019999999997e+03 1.5178519037603984e-05
7.4572749999999996e+03 1.5155768926732892e-05
7.4602479999999996e+03 1.5133032254375241e-05
7.4632209999999995e+03 1.5110309007306009e-05
7.4661939999999995e+03 1.5087599172318353e-05
7.4691669999999995e+03 1.5064902736223680e-05
7.4721399999999994e+03 1.5042219685851449e-05
7.4751129999999994e+03 1.5019550008049345e-05
7.4780859999999993e+03 1.4996893689683058e-05
7.4810589999999993e+03 1.4974250717636345e-05
7.4840320000000002e+03 1.4951621078811005e-05
7.4870050000000001e+03 1.4929004760126826e-05
7.4899780000000001e+03 1.4906401748521548e-05
7.4929510000000000e+03 1.4883812030950846e-05
7.4959240000000000e+03 1.4861235594388251e-05
7.4988969999999999e+03 1.4838672425825185e-05
7.5018699999999999e+03 1.4816122512270924e-05
7.5048429999999998e+03 1.4793585840752510e-05
7.5078159999999998e+03 1.4771062398314746e-05
7.5107889999999998e+03 1.4748552172020221e-05
7.5137619999999997e+03 1.4726055148949183e-05
7.5167349999999997e+03 1.4703571316199590e-05
7.5197079999999996e+03 1.4681100660886978e-05
7.5226809999999996e+03 1.4658643170144614e-05
7.5256539999999995e+03 1.4636198831123227e-05
7.5286269999999995e+03 1.4613767630991155e-05
7.5315999999999995e+03 1.4591349556934255e-05
7.5345729999999994e+03 1.4568944596155870e-05
7.5375459999999994e+03 1.4546552735876808e-05
7.5405189999999993e+03 1.4524173963335275e-05
7.5434919999999993e+03 1.4501808265786908e-05
7.5464650000000001e+03 1.4479455630504676e-05
7.5494380000000001e+03 1.4457116044778964e-05
7.5524110000000001e+03 1.4434789495917346e-05
7.5553840000000000e+03 1.4412475971244770e-05
7.5583570000000000e+03 1.4390175458103388e-05
7.5613299999999999e+03 1.4367887943852582e-05
7.5643029999999999e+03 1.4345613415868878e-05
7.5672759999999998e+03 1.4323351861546023e-05
7.5702489999999998e+03 1.4301103268294861e-05
7.5732219999999998e+03 1.4278867623543302e-05
7.5761949999999997e+03 1.4256644914736352e-05
7.5791679999999997e+03 1.4234435129336084e-05
7.5821409999999996e+03 1.4212238254821495e-05
7.5851139999999996e+03 1.4190054278688662e-05
7.5880869999999995e+03 1.4167883188450503e-05
7.5910599999999995e+03 1.4145724971636933e-05
7.5940329999999994e+03 1.4123579615794722e-05
7.5970059999999994e+03 1.4101447108487506e-05
7.5999789999999994e+03 1.4079327437295756e-05
7.6029519999999993e+03 1.4057220589816722e-05
7.6059249999999993e+03 1.4035126553664446e-05
7.6088980000000001e+03 1.4013045316469703e-05
7.6118710000000001e+03 1.3990976865879992e-05
7.6148440000000001e+03 1.3968921189559497e-05
7.6178170000000000e+03 1.3946878275189007e-05
7.6207900000000000e+03 1.3924848110466007e-05
7.6237629999999999e+03 1.3902830683104552e-05
7.6267359999999999e+03 1.3880825980835253e-05
7.6297089999999998e+03 1.3858833991405287e-05
7.6326819999999998e+03 1.3836854702578287e-05
7.6356549999999997e+03 1.3814888102134432e-05
7.6386279999999997e+03 1.3792934177870352e-05
7.6416009999999997e+03 1.3770992917599034e-05
7.6445739999999996e+03 1.3749064309149941e-05
7.6475469999999996e+03 1.3727148340368854e-05
7.6505199999999995e+03 1.3705244999117920e-05
7.6534929999999995e+03 1.3683354273275615e-05
7.6564659999999994e+03 1.3661476150736617e-05
7.6594389999999994e+03 1.3639610619411960e-05
7.6624119999999994e+03 1.3617757667228853e-05
7.6653849999999993e+03 1.3595917282130691e-05
7.6683579999999993e+03 1.3574089452077108e-05
7.6713310000000001e+03 1.3552274165043807e-05
7.6743040000000001e+03 1.3530471409022655e-05
7.6772770000000000e+03 1.3508681172021580e-05
7.6802500000000000e+03 1.3486903442064560e-05
7.6832230000000000e+03 1.3465138207191686e-05
7.6861959999999999e+03 1.3443385455458945e-05
7.6891689999999999e+03 1.3421645174938342e-05
7.6921419999999998e+03 1.3399917353717913e-05
7.6951149999999998e+03 1.3378201979901474e-05
7.6980879999999997e+03 1.3356499041608849e-05
7.7010609999999997e+03 1.3334808526975678e-05
7.7040339999999997e+03 1.3313130424153459e-05
7.7070069999999996e+03 1.3291464721309495e-05
7.7099799999999996e+03 1.3269811406626890e-05
7.7129529999999995e+03 1.3248170468304487e-05
7.7159259999999995e+03 1.3226541894556889e-05
7.7188989999999994e+03 1.3204925673614374e-05
7.7218719999999994e+03 1.3183321793722918e-05
7.7248449999999993e+03 1.3161730243144165e-05
7.7278179999999993e+03 1.3140151010155323e-05
7.7307909999999993e+03 1.3118584083049291e-05
7.7337640000000001e+03 1.3097029450134426e-05
7.7367370000000001e+03 1.3075487099734736e-05
7.7397100000000000e+03 1.3053957020189723e-05
7.7426830000000000e+03 1.3032439199854299e-05
7.7456559999999999e+03 1.3010933627098977e-05
7.7486289999999999e+03 1.2989440290309579e-05
7.7516019999999999e+03 1.2967959177887417e-05
7.7545749999999998e+03 1.2946490278249193e-05
7.7575479999999998e+03 1.2925033579826925e-05
7.7605209999999997e+03 1.2903589071068019e-05
7.7634939999999997e+03 1.2882156740435091e-05
7.7664669999999996e+03 1.2860736576406174e-05
7.7694399999999996e+03 1.2839328567474457e-05
7.7724129999999996e+03 1.2817932702148408e-05
7.7753859999999995e+03 1.2796548968951664e-05
7.7783589999999995e+03 1.2775177356423049e-05
7.7813319999999994e+03 1.2753817853116598e-05
7.7843049999999994e+03 1.2732470447601380e-05
7.7872779999999993e+03 1.2711135128461608e-05
7.7902509999999993e+03 1.2689811884296597e-05
7.7932239999999993e+03 1.2668500703720674e-05
7.7961970000000001e+03 1.2647201575363199e-05
7.7991700000000001e+03 1.2625914487868545e-05
7.8021430000000000e+03 1.2604639429896012e-05
7.8051160000000000e+03 1.2583376390119952e-05
7.8080889999999999e+03 1.2562125357229509e-05
7.8110619999999999e+03 1.2540886319928824e-05
7.8140349999999999e+03 1.2519659266936849e-05
7.8170079999999998e+03 1.2498444186987432e-05
7.8199809999999998e+03 1.2477241068829200e-05
7.8229539999999997e+03 1.2456049901225590e-05
7.8259269999999997e+03 1.2434870672954812e-05
7.8288999999999996e+03 1.2413703372809864e-05
7.8318729999999996e+03 1.2392547989598386e-05
7.8348459999999995e+03 1.2371404512142787e-05
7.8378189999999995e+03 1.2350272929280113e-05
7.8407919999999995e+03 1.2329153229862050e-05
7.8437649999999994e+03 1.2308045402754923e-05
7.8467379999999994e+03 1.2286949436839672e-05
7.8497109999999993e+03 1.2265865321011782e-05
7.8526839999999993e+03 1.2244793044181299e-05
7.8556569999999992e+03 1.2223732595272767e-05
7.8586300000000001e+03 1.2202683963225279e-05
7.8616030000000001e+03 1.2181647136992374e-05
7.8645760000000000e+03 1.2160622105542052e-05
7.8675490000000000e+03 1.2139608857856729e-05
7.8705219999999999e+03 1.2118607382933233e-05
7.8734949999999999e+03 1.2097617669782786e-05
7.8764679999999998e+03 1.2076639707430913e-05
7.8794409999999998e+03 1.2055673484917489e-05
7.8824139999999998e+03 1.2034718991296778e-05
7.8853869999999997e+03 1.2013776215637202e-05
7.8883599999999997e+03 1.1992845147021522e-05
7.8913329999999996e+03 1.1971925774546696e-05
7.8943059999999996e+03 1.1951018087323907e-05
7.8972789999999995e+03 1.1930122074478516e-05
7.9002519999999995e+03 1.1909237725150072e-05
7.9032249999999995e+03 1.1888365028492239e-05
7.9061979999999994e+03 1.1867503973672783e-05
7.9091709999999994e+03 1.1846654549873613e-05
7.9121439999999993e+03 1.1825816746290672e-05
7.9151169999999993e+03 1.1804990552133911e-05
7.9180899999999992e+03 1.1784175956627401e-05
7.9210630000000001e+03 1.1763372949009121e-05
7.9240360000000001e+03 1.1742581518531049e-05
7.9270090000000000e+03 1.1721801654459146e-05
7.9299820000000000e+03 1.1701033346073275e-05
7.9329549999999999e+03 1.1680276582667202e-05
7.9359279999999999e+03 1.1659531353548569e-05
7.9389009999999998e+03 1.1638797648038873e-05
7.9418739999999998e+03 1.1618075455473520e-05
7.9448469999999998e+03 1.1597364765201633e-05
7.9478199999999997e+03 1.1576665566586125e-05
7.9507929999999997e+03 1.1555977849003769e-05
7.9537659999999996e+03 1.1535301601845002e-05
7.9567389999999996e+03 1.1514636814513994e-05
7.9597119999999995e+03 1.1493983476428657e-05
7.9626849999999995e+03 1.1473341577020498e-05
7.9656579999999994e+03 1.1452711105734746e-05
7.9686309999999994e+03 1.1432092052030230e-05
7.9716039999999994e+03 1.1411484405379403e-05
7.9745769999999993e+03 1.1390888155268278e-05
7.9775499999999993e+03 1.1370303291196434e-05
7.9805229999999992e+03 1.1349729802677044e-05
7.9834960000000001e+03 1.1329167679236716e-05
7.9864690000000001e+03 1.1308616910415610e-05
7.9894420000000000e+03 1.1288077485767344e-05
7.9924150000000000e+03 1.1267549394858938e-05
7.9953879999999999e+03 1.1247032627270949e-05
7.9983609999999999e+03 1.1226527172597226e-05
8.0013339999999998e+03 1.1206033020445074e-05
8.0043069999999998e+03 1.1185550160435115e-05
8.0072799999999997e+03 1.1165078582201348e-05
8.0102529999999997e+03 1.1144618275391073e-05
8.0132259999999997e+03 1.1124169229664862e-05
8.0161989999999996e+03 1.1103731434696605e-05
8.0191719999999996e+03 1.1083304880173420e-05
8.0221449999999995e+03 1.1062889555795634e-05
8.0251179999999995e+03 1.1042485451276847e-05
8.0280909999999994e+03 1.1022092556343754e-05
8.0310639999999994e+03 1.1001710860736283e-05
8.0340369999999994e+03 1.0981340354207500e-05
8.0370099999999993e+03 1.0960981026523529e-05
8.0399829999999993e+03 1.0940632867463696e-05
8.0429560000000001e+03 1.0920295866820297e-05
8.0459290000000001e+03 1.0899970014398766e-05
8.0489020000000000e+03 1.0879655300017544e-05
8.0518750000000000e+03 1.0859351713508068e-05
8.0548480000000000e+03 1.0839059244714800e-05
8.0578209999999999e+03 1.0818777883495143e-05
8.0607939999999999e+03 1.0798507619719449e-05
8.0637669999999998e+03 1.0778248443271031e-05
8.0667399999999998e+03 1.0758000344046102e-05
8.0697129999999997e+03 1.0737763311953711e-05
8.0726859999999997e+03 1.0717537336915828e-05
8.0756589999999997e+03 1.0697322408867249e-05
8.0786319999999996e+03 1.0677118517755593e-05
8.0816049999999996e+03 1.0656925653541257e-05
8.0845779999999995e+03 1.0636743806197457e-05
8.0875509999999995e+03 1.0616572965710169e-05
8.0905239999999994e+03 1.0596413122078035e-05
8.0934969999999994e+03 1.0576264265312544e-05
8.0964699999999993e+03 1.0556126385437760e-05
8.0994429999999993e+03 1.0535999472490464e-05
8.1024159999999993e+03 1.0515883516520145e-05
8.1053890000000001e+03 1.0495778507588834e-05
8.1083620000000001e+03 1.0475684435771267e-05
8.1113350000000000e+03 1.0455601291154700e-05
8.1143080000000000e+03 1.0435529063839028e-05
8.1172809999999999e+03 1.0415467743936646e-05
8.1202539999999999e+03 1.0395417321572501e-05
8.1232269999999999e+03 1.0375377786884038e-05
8.1261999999999998e+03 1.0355349130021249e-05
8.1291729999999998e+03 1.0335331341146527e-05
8.1321459999999997e+03 1.0315324410434754e-05
8.1351189999999997e+03 1.0295328328073221e-05
8.1380919999999996e+03 1.0275343084261659e-05
8.1410649999999996e+03 1.0255368669212169e-05
8.1440379999999996e+03 1.0235405073149209e-05
8.1470109999999995e+03 1.0215452286309629e-05
8.1499839999999995e+03 1.0195510298942574e-05
8.1529569999999994e+03 1.0175579101309525e-05
8.1559299999999994e+03 1.0155658683684209e-05
8.1589029999999993e+03 1.0135749036352654e-05
8.1618759999999993e+03 1.0115850149613178e-05
8.1648489999999993e+03 1.0095962013776258e-05
8.1678220000000001e+03 1.0076084619164584e-05
8.1707950000000001e+03 1.0056217956113113e-05
8.1737680000000000e+03 1.0036362014968917e-05
8.1767410000000000e+03 1.0016516786091173e-05
8.1797139999999999e+03 9.9966822598513203e-06
8.1826869999999999e+03 9.9768584266327919e-06
8.1856599999999999e+03 9.9570452768311511e-06
8.1886329999999998e+03 9.9372428008540461e-06
8.1916059999999998e+03 9.9174509891211853e-06
8.1945789999999997e+03 9.8976698320642796e-06
8.1975519999999997e+03 9.8778993201270558e-06
8.2005249999999996e+03 9.8581394437652787e-06
8.2034979999999996e+03 9.8383901934466684e-06
8.2064709999999995e+03 9.8186515596508760e-06
8.2094439999999995e+03 9.7989235328695027e-06
8.2124169999999995e+03 9.7792061036060607e-06
8.2153899999999994e+03 9.7594992623760407e-06
8.2183629999999994e+03 9.7398029997066786e-06
8.2213359999999993e+03 9.7201173061371467e-06
8.2243089999999993e+03 9.7004421722184824e-06
8.2272819999999992e+03 9.6807775885135003e-06
8.2302549999999992e+03 9.6611235455968278e-06
8.2332279999999992e+03 9.6414800340548811e-06
8.2362009999999991e+03 9.6218470444858250e-06
8.2391739999999991e+03 9.6022245674996182e-06
8.2421469999999990e+03 9.5826125937178949e-06
8.2451199999999990e+03 9.5630111137740379e-06
8.2480929999999989e+03 9.5434201183130950e-06
8.2510659999999989e+03 9.5238395979917660e-06
8.2540389999999989e+03 9.5042695434784550e-06
8.2570119999999988e+03 9.4847099454531923e-06
8.2599849999999988e+03 9.4651607946075601e-06
8.2629580000000005e+03 9.4456220816448112e-06
8.2659310000000005e+03 9.4260937972797535e-06
8.2689040000000005e+03 9.4065759322387517e-06
8.2718770000000004e+03 9.3870684772596819e-06
8.2748500000000004e+03 9.3675714230919769e-06
8.2778230000000003e+03 9.3480847604966079e-06
8.2807960000000003e+03 9.3286084802459404e-06
8.2837690000000002e+03 9.3091425731238816e-06
8.2867420000000002e+03 9.2896870299257617e-06
8.2897150000000001e+03 9.2702418414583323e-06
8.2926880000000001e+03 9.2508069985397902e-06
8.2956610000000001e+03 9.2313824919997229e-06
8.2986340000000000e+03 9.2119683126790175e-06
8.3016070000000000e+03 9.1925644514300198e-06
8.3045799999999999e+03 9.1731708991163833e-06
8.3075529999999999e+03 9.1537876466130560e-06
8.3105259999999998e+03 9.1344146848062988e-06
8.3134989999999998e+03 9.1150520045936889e-06
8.3164719999999998e+03 9.0956995968840710e-06
8.3194449999999997e+03 9.0763574525974770e-06
8.3224179999999997e+03 9.0570255626652267e-06
8.3253909999999996e+03 9.0377039180298680e-06
8.3283639999999996e+03 9.0183925096450839e-06
8.3313369999999995e+03 8.9990913284757876e-06
8.3343099999999995e+03 8.9798003654980540e-06
8.3372829999999994e+03 8.9605196116990462e-06
8.3402559999999994e+03 8.9412490580771367e-06
8.3432289999999994e+03 8.9219886956417008e-06
8.3462019999999993e+03 8.9027385154133186e-06
8.3491749999999993e+03 8.8834985084235375e-06
8.3521479999999992e+03 8.8642686657150569e-06
8.3551209999999992e+03 8.8450489783415656e-06
8.3580939999999991e+03 8.8258394373677149e-06
8.3610669999999991e+03 8.8066400338692891e-06
8.3640399999999991e+03 8.7874507589329319e-06
8.3670129999999990e+03 8.7682716036563336e-06
8.3699859999999990e+03 8.7491025591481218e-06
8.3729589999999989e+03 8.7299436165278234e-06
8.3759319999999989e+03 8.7107947669259277e-06
8.3789049999999988e+03 8.6916560014837542e-06
8.3818779999999988e+03 8.6725273113536050e-06
8.3848510000000006e+03 8.6534086876985479e-06
8.3878240000000005e+03 8.6343001216925642e-06
8.3907970000000005e+03 8.6152016045204259e-06
8.3937700000000004e+03 8.5961131273777611e-06
8.3967430000000004e+03 8.5770346814709293e-06
8.3997160000000003e+03 8.5579662580171290e-06
8.4026890000000003e+03 8.5389078482442735e-06
8.4056620000000003e+03 8.5198594433910623e-06
8.4086350000000002e+03 8.5008210347069183e-06
8.4116080000000002e+03 8.4817926134519404e-06
8.4145810000000001e+03 8.4627741708969645e-06
8.4175540000000001e+03 8.4437656983234635e-06
8.4205270000000000e+03 8.4247671870236050e-06
8.4235000000000000e+03 8.4057786283001699e-06
8.4264730000000000e+03 8.3868000134665896e-06
8.4294459999999999e+03 8.3678313338469108e-06
8.4324189999999999e+03 8.3488725807757575e-06
8.4353919999999998e+03 8.3299237455983302e-06
8.4383649999999998e+03 8.3109848196704154e-06
8.4413379999999997e+03 8.2920557943582925e-06
8.4443109999999997e+03 8.2731366610388173e-06
8.4472839999999997e+03 8.2542274110993605e-06
8.4502569999999996e+03 8.2353280359377247e-06
8.4532299999999996e+03 8.2164385269622650e-06
8.4562029999999995e+03 8.1975588755917415e-06
8.4591759999999995e+03 8.1786890732554141e-06
8.4621489999999994e+03 8.1598291113929357e-06
8.4651219999999994e+03 8.1409789814543488e-06
8.4680949999999993e+03 8.1221386749001724e-06
8.4710679999999993e+03 8.1033081832011810e-06
8.4740409999999993e+03 8.0844874978386746e-06
8.4770139999999992e+03 8.0656766103041460e-06
8.4799869999999992e+03 8.0468755120995171e-06
8.4829599999999991e+03 8.0280841947369740e-06
8.4859329999999991e+03 8.0093026497390603e-06
8.4889059999999990e+03 7.9905308686385431e-06
8.4918789999999990e+03 7.9717688429784881e-06
8.4948519999999990e+03 7.9530165643121760e-06
8.4978249999999989e+03 7.9342740242032060e-06
8.5007979999999989e+03 7.9155412142252875e-06
8.5037709999999988e+03 7.8968181259624267e-06
8.5067439999999988e+03 7.8781047510087600e-06
8.5097170000000006e+03 7.8594010809685900e-06
8.5126900000000005e+03 7.8407071074564565e-06
8.5156630000000005e+03 7.8220228220969554e-06
8.5186360000000004e+03 7.8033482165248181e-06
8.5216090000000004e+03 7.7846832823849319e-06
8.5245820000000003e+03 7.7660280113322113e-06
8.5275550000000003e+03 7.7473823950317133e-06
8.5305280000000002e+03 7.7287464251585082e-06
8.5335010000000002e+03 7.7101200933977565e-06
8.5364740000000002e+03 7.6915033914445797e-06
8.5394470000000001e+03 7.6728963110041908e-06
8.5424200000000001e+03 7.6542988437917622e-06
8.5453930000000000e+03 7.6357109815324529e-06
8.5483660000000000e+03 7.6171327159613820e-06
8.5513389999999999e+03 7.5985640388236656e-06
8.5543119999999999e+03 7.5800049418742848e-06
8.5572849999999999e+03 7.5614554168782296e-06
8.5602579999999998e+03 7.5429154556103136e-06
8.5632309999999998e+03 7.5243850498552964e-06
8.5662039999999997e+03 7.5058641914078013e-06
8.5691769999999997e+03 7.4873528720723102e-06
8.5721499999999996e+03 7.4688510836631475e-06
8.5751229999999996e+03 7.4503588180044539e-06
8.5780959999999995e+03 7.4318760669302084e-06
8.5810689999999995e+03 7.4134028222841900e-06
8.5840419999999995e+03 7.3949390759199444e-06
8.5870149999999994e+03 7.3764848197008187e-06
8.5899879999999994e+03 7.3580400454998841e-06
8.5929609999999993e+03 7.3396047451999690e-06
8.5959339999999993e+03 7.3211789106936288e-06
8.5989069999999992e+03 7.3027625338830786e-06
8.6018799999999992e+03 7.2843556066803125e-06
8.6048529999999992e+03 7.2659581210069639e-06
8.6078259999999991e+03 7.2475700687943078e-06
8.6107989999999991e+03 7.2291914419833027e-06
8.6137719999999990e+03 7.2108222325245521e-06
8.6167449999999990e+03 7.1924624323782089e-06
8.6197179999999989e+03 7.1741120335141570e-06
8.6226909999999989e+03 7.1557710279117270e-06
8.6256639999999989e+03 7.1374394075599302e-06
8.6286369999999988e+03 7.1191171644573319e-06
8.6316099999999988e+03 7.1008042906119652e-06
8.6345830000000005e+03 7.0825007780414813e-06
8.6375560000000005e+03 7.0642066187730177e-06
8.6405290000000005e+03 7.0459218048432218e-06
8.6435020000000004e+03 7.0276463282982070e-06
8.6464750000000004e+03 7.0093801811935735e-06
8.6494480000000003e+03 6.9911233555944096e-06
8.6524210000000003e+03 6.9728758435752009e-06
8.6553940000000002e+03 6.9546376372199011e-06
8.6583670000000002e+03 6.9364087286218591e-06
8.6613400000000001e+03 6.9181891098838504e-06
8.6643130000000001e+03 6.8999787731179790e-06
8.6672860000000001e+03 6.8817777104457940e-06
8.6702590000000000e+03 6.8635859139981579e-06
8.6732320000000000e+03 6.8454033759153273e-06
8.6762049999999999e+03 6.8272300883468087e-06
8.6791779999999999e+03 6.8090660434515053e-06
8.6821509999999998e+03 6.7909112333975685e-06
8.6851239999999998e+03 6.7727656503624576e-06
8.6880969999999998e+03 6.7546292865328975e-06
8.6910699999999997e+03 6.7365021341049102e-06
8.6940429999999997e+03 6.7183841852837091e-06
8.6970159999999996e+03 6.7002754322837601e-06
8.6999889999999996e+03 6.6821758673287699e-06
8.7029619999999995e+03 6.6640854826516046e-06
8.7059349999999995e+03 6.6460042704943327e-06
8.7089079999999994e+03 6.6279322231082400e-06
8.7118809999999994e+03 6.6098693327537104e-06
8.7148539999999994e+03 6.5918155917003256e-06
8.7178269999999993e+03 6.5737709922267569e-06
8.7207999999999993e+03 6.5557355266208592e-06
8.7237729999999992e+03 6.5377091871795080e-06
8.7267459999999992e+03 6.5196919662087363e-06
8.7297189999999991e+03 6.5016838560236515e-06
8.7326919999999991e+03 6.4836848489483791e-06
8.7356649999999991e+03 6.4656949373161181e-06
8.7386379999999990e+03 6.4477141134691342e-06
8.7416109999999990e+03 6.4297423697586979e-06
8.7445839999999989e+03 6.4117796985450589e-06
8.7475569999999989e+03 6.3938260921975161e-06
8.7505299999999988e+03 6.3758815430943043e-06
8.7535029999999988e+03 6.3579460436226166e-06
8.7564759999999987e+03 6.3400195861786943e-06
8.7594490000000005e+03 6.3221021631676053e-06
8.7624220000000005e+03 6.3041937670034200e-06
8.7653950000000004e+03 6.2862943901090805e-06
8.7683680000000004e+03 6.2684040249164881e-06
8.7713410000000003e+03 6.2505226638663481e-06
8.7743140000000003e+03 6.2326502994083036e-06
8.7772870000000003e+03 6.2147869240008460e-06
8.7802600000000002e+03 6.1969325301112933e-06
8.7832330000000002e+03 6.1790871102158137e-06
8.7862060000000001e+03 6.1612506567994029e-06
8.7891790000000001e+03 6.1434231623558812e-06
8.7921520000000000e+03 6.1256046193877871e-06
8.7951250000000000e+03 6.1077950204065067e-06
8.7980980000000000e+03 6.0899943579322130e-06
8.8010709999999999e+03 6.0722026244937468e-06
8.8040439999999999e+03 6.0544198126287791e-06
8.8070169999999998e+03 6.0366459148836538e-06
8.8099899999999998e+03 6.0188809238134723e-06
8.8129629999999997e+03 6.0011248319819907e-06
8.8159359999999997e+03 5.9833776319617018e-06
8.8189089999999997e+03 5.9656393163337293e-06
8.8218819999999996e+03 5.9479098776878665e-06
8.8248549999999996e+03 5.9301893086226261e-06
8.8278279999999995e+03 5.9124776017450630e-06
8.8308009999999995e+03 5.8947747496708785e-06
8.8337739999999994e+03 5.8770807450244716e-06
8.8367469999999994e+03 5.8593955804386943e-06
8.8397199999999993e+03 5.8417192485551131e-06
8.8426929999999993e+03 5.8240517420237960e-06
8.8456659999999993e+03 5.8063930535033672e-06
8.8486389999999992e+03 5.7887431756610641e-06
8.8516119999999992e+03 5.7711021011725724e-06
8.8545849999999991e+03 5.7534698227221643e-06
8.8575579999999991e+03 5.7358463330025881e-06
8.8605309999999990e+03 5.7182316247151060e-06
8.8635039999999990e+03 5.7006256905694398e-06
8.8664769999999990e+03 5.6830285232838033e-06
8.8694499999999989e+03 5.6654401155848432e-06
8.8724229999999989e+03 5.6478604602076991e-06
8.8753959999999988e+03 5.6302895498959027e-06
8.8783689999999988e+03 5.6127273774013921e-06
8.8813419999999987e+03 5.5951739354845564e-06
8.8843150000000005e+03 5.5776292169141305e-06
8.8872880000000005e+03 5.5600932144672993e-06
8.8902610000000004e+03 5.5425659209295934e-06
8.8932340000000004e+03 5.5250473290948148e-06
8.8962070000000003e+03 5.5075374317652470e-06
8.8991800000000003e+03 5.4900362217514012e-06
8.9021530000000002e+03 5.4725436918721762e-06
8.9051260000000002e+03 5.4550598349547487e-06
8.9080990000000002e+03 5.4375846438345508e-06
8.9110720000000001e+03 5.4201181113553974e-06
8.9140450000000001e+03 5.4026602303692732e-06
8.9170180000000000e+03 5.3852109937364834e-06
8.9199910000000000e+03 5.3677703943255644e-06
8.9229639999999999e+03 5.3503384250132868e-06
8.9259369999999999e+03 5.3329150786846094e-06
8.9289099999999999e+03 5.3155003482327428e-06
8.9318829999999998e+03 5.2980942265591139e-06
8.9348559999999998e+03 5.2806967065732666e-06
8.9378289999999997e+03 5.2633077811929569e-06
8.9408019999999997e+03 5.2459274433441111e-06
8.9437749999999996e+03 5.2285556859607940e-06
8.9467479999999996e+03 5.2111925019851984e-06
8.9497209999999995e+03 5.1938378843676571e-06
8.9526939999999995e+03 5.1764918260665854e-06
8.9556669999999995e+03 5.1591543200485621e-06
8.9586399999999994e+03 5.1418253592881816e-06
8.9616129999999994e+03 5.1245049367681783e-06
8.9645859999999993e+03 5.1071930454792827e-06
8.9675589999999993e+03 5.0898896784203412e-06
8.9705319999999992e+03 5.0725948285982185e-06
8.9735049999999992e+03 5.0553084890277915e-06
8.9764779999999992e+03 5.0380306527319886e-06
8.9794509999999991e+03 5.0207613127417337e-06
8.9824239999999991e+03 5.0035004620958958e-06
8.9853969999999990e+03 4.9862480938413973e-06
8.9883699999999990e+03 4.9690042010330907e-06
8.9913429999999989e+03 4.9517687767338143e-06
8.9943159999999989e+03 4.9345418140143091e-06
8.9972889999999989e+03 4.9173233059532666e-06
9.0002619999999988e+03 4.9001132456373647e-06
9.0032349999999988e+03 4.8829116261610759e-06
9.0062080000000005e+03 4.8657184406268830e-06
9.0091810000000005e+03 4.8485336821451063e-06
9.0121540000000005e+03 4.8313573438339268e-06
9.0151270000000004e+03 4.8141894188194239e-06
9.0181000000000004e+03 4.7970299002355383e-06
9.0210730000000003e+03 4.7798787812240019e-06
9.0240460000000003e+03 4.7627360549344263e-06
9.0270190000000002e+03 4.7456017145242168e-06
9.0299920000000002e+03 4.7284757531585935e-06
9.0329650000000001e+03 4.7113581640105673e-06
9.0359380000000001e+03 4.6942489402609640e-06
9.0389110000000001e+03 4.6771480750983580e-06
9.0418840000000000e+03 4.6600555617190494e-06
9.0448570000000000e+03 4.6429713933271768e-06
9.0478299999999999e+03 4.6258955631345132e-06
9.0508029999999999e+03 4.6088280643606717e-06
9.0537759999999998e+03 4.5917688902328801e-06
9.0567489999999998e+03 4.5747180339861370e-06
9.0597219999999998e+03 4.5576754888631219e-06
9.0626949999999997e+03 4.5406412481141757e-06
9.0656679999999997e+03 4.5236153049973006e-06
9.0686409999999996e+03 4.5065976527782460e-06
9.0716139999999996e+03 4.4895882847302885e-06
9.0745869999999995e+03 4.4725871941344318e-06
9.0775599999999995e+03 4.4555943742792772e-06
9.0805329999999994e+03 4.4386098184610129e-06
9.0835059999999994e+03 4.4216335199835165e-06
9.0864789999999994e+03 4.4046654721581475e-06
9.0894519999999993e+03 4.3877056683039224e-06
9.0924249999999993e+03 4.3707541017474346e-06
9.0953979999999992e+03 4.3538107658227601e-06
9.0983709999999992e+03 4.3368756538716338e-06
9.1013439999999991e+03 4.3199487592432546e-06
9.1043169999999991e+03 4.3030300752943491e-06
9.1072899999999991e+03 4.2861195953892154e-06
9.1102629999999990e+03 4.2692173128995920e-06
9.1132359999999990e+03 4.2523232212047459e-06
9.1162089999999989e+03 4.2354373136914290e-06
9.1191819999999989e+03 4.2185595837538324e-06
9.1221549999999988e+03 4.2016900247936980e-06
9.1251279999999988e+03 4.1848286302200965e-06
9.1281009999999987e+03 4.1679753934496497e-06
9.1310740000000005e+03 4.1511303079063116e-06
9.1340470000000005e+03 4.1342933670215381e-06
9.1370200000000004e+03 4.1174645642341408e-06
9.1399930000000004e+03 4.1006438929903701e-06
9.1429660000000003e+03 4.0838313467438277e-06
9.1459390000000003e+03 4.0670269189554911e-06
9.1489120000000003e+03 4.0502306030937114e-06
9.1518850000000002e+03 4.0334423926342344e-06
9.1548580000000002e+03 4.0166622810600723e-06
9.1578310000000001e+03 3.9998902618616313e-06
9.1608040000000001e+03 3.9831263285366274e-06
9.1637770000000000e+03 3.9663704745900627e-06
9.1667500000000000e+03 3.9496226935342672e-06
9.1697230000000000e+03 3.9328829788888594e-06
9.1726959999999999e+03 3.9161513241807432e-06
9.1756689999999999e+03 3.8994277229440613e-06
9.1786419999999998e+03 3.8827121687202493e-06
9.1816149999999998e+03 3.8660046550579798e-06
9.1845879999999997e+03 3.8493051755131668e-06
9.1875609999999997e+03 3.8326137236489486e-06
9.1905339999999997e+03 3.8159302930356811e-06
9.1935069999999996e+03 3.7992548772509381e-06
9.1964799999999996e+03 3.7825874698794516e-06
9.1994529999999995e+03 3.7659280645132143e-06
9.2024259999999995e+03 3.7492766547513090e-06
9.2053989999999994e+03 3.7326332342000591e-06
9.2083719999999994e+03 3.7159977964728995e-06
9.2113449999999993e+03 3.6993703351904174e-06
9.2143179999999993e+03 3.6827508439803341e-06
9.2172909999999993e+03 3.6661393164774998e-06
9.2202639999999992e+03 3.6495357463238997e-06
9.2232369999999992e+03 3.6329401271685841e-06
9.2262099999999991e+03 3.6163524526677115e-06
9.2291829999999991e+03 3.5997727164845532e-06
9.2321559999999990e+03 3.5832009122894229e-06
9.2351289999999990e+03 3.5666370337596995e-06
9.2381019999999990e+03 3.5500810745798075e-06
9.2410749999999989e+03 3.5335330284412589e-06
9.2440479999999989e+03 3.5169928890425421e-06
9.2470209999999988e+03 3.5004606500892141e-06
9.2499939999999988e+03 3.4839363052938079e-06
9.2529669999999987e+03 3.4674198483759001e-06
9.2559400000000005e+03 3.4509112730620252e-06
9.2589130000000005e+03 3.4344105730856941e-06
9.2618860000000004e+03 3.4179177421874616e-06
9.2648590000000004e+03 3.4014327741147512e-06
9.2678320000000003e+03 3.3849556626219857e-06
9.2708050000000003e+03 3.3684864014705435e-06
9.2737780000000002e+03 3.3520249844287154e-06
9.2767510000000002e+03 3.3355714052717047e-06
9.2797240000000002e+03 3.3191256577816690e-06
9.2826970000000001e+03 3.3026877357476347e-06
9.2856700000000001e+03 3.2862576329655411e-06
9.2886430000000000e+03 3.2698353432381708e-06
9.2916160000000000e+03 3.2534208603752194e-06
9.2945889999999999e+03 3.2370141781932744e-06
9.2975619999999999e+03 3.2206152905157218e-06
9.3005349999999999e+03 3.2042241911727955e-06
9.3035079999999998e+03 3.1878408740015971e-06
9.3064809999999998e+03 3.1714653328460505e-06
9.3094539999999997e+03 3.1550975615568619e-06
9.3124269999999997e+03 3.1387375539915811e-06
9.3153999999999996e+03 3.1223853040145385e-06
9.3183729999999996e+03 3.1060408054968222e-06
9.3213459999999995e+03 3.0897040523163449e-06
9.3243189999999995e+03 3.0733750383577541e-06
9.3272919999999995e+03 3.0570537575124988e-06
9.3302649999999994e+03 3.0407402036786989e-06
9.3332379999999994e+03 3.0244343707612981e-06
9.3362109999999993e+03 3.0081362526719087e-06
9.3391839999999993e+03 2.9918458433288799e-06
9.3421569999999992e+03 2.9755631366572726e-06
9.3451299999999992e+03 2.9592881265888862e-06
9.3481029999999992e+03 2.9430208070621013e-06
9.3510759999999991e+03 2.9267611720221201e-06
9.3540489999999991e+03 2.9105092154207064e-06
9.3570219999999990e+03 2.8942649312163597e-06
9.3599949999999990e+03 2.8780283133741606e-06
9.3629679999999989e+03 2.8617993558659042e-06
9.3659409999999989e+03 2.8455780526699877e-06
9.3689139999999989e+03 2.8293643977714364e-06
9.3718869999999988e+03 2.8131583851618762e-06
9.3748599999999988e+03 2.7969600088395399e-06
9.3778329999999987e+03 2.7807692628092847e-06
9.3808060000000005e+03 2.7645861410825486e-06
9.3837790000000005e+03 2.7484106376773301e-06
9.3867520000000004e+03 2.7322427466182092e-06
9.3897250000000004e+03 2.7160824619363051e-06
9.3926980000000003e+03 2.6999297776693149e-06
9.3956710000000003e+03 2.6837846878614555e-06
9.3986440000000002e+03 2.6676471865635009e-06
9.4016170000000002e+03 2.6515172678327198e-06
9.4045900000000001e+03 2.6353949257329185e-06
9.4075630000000001e+03 2.6192801543343962e-06
9.4105360000000001e+03 2.6031729477139020e-06
9.4135090000000000e+03 2.5870732999547675e-06
9.4164820000000000e+03 2.5709812051467293e-06
9.4194549999999999e+03 2.5548966573860170e-06
9.4224279999999999e+03 2.5388196507752889e-06
9.4254009999999998e+03 2.5227501794237185e-06
9.4283739999999998e+03 2.5066882374468409e-06
9.4313469999999998e+03 2.4906338189666619e-06
9.4343199999999997e+03 2.4745869181116163e-06
9.4372929999999997e+03 2.4585475290165665e-06
9.4402659999999996e+03 2.4425156458227132e-06
9.4432389999999996e+03 2.4264912626777071e-06
9.4462119999999995e+03 2.4104743737355830e-06
9.4491849999999995e+03 2.3944649731567595e-06
9.4521579999999994e+03 2.3784630551079722e-06
9.4551309999999994e+03 2.3624686137623621e-06
9.4581039999999994e+03 2.3464816432994316e-06
9.4610769999999993e+03 2.3305021379049797e-06
9.4640499999999993e+03 2.3145300917711663e-06
9.4670229999999992e+03 2.2985654990964684e-06
9.4699959999999992e+03 2.2826083540856808e-06
9.4729689999999991e+03 2.2666586509499169e-06
9.4759419999999991e+03 2.2507163839065617e-06
9.4789149999999991e+03 2.2347815471793193e-06
9.4818879999999990e+03 2.2188541349981444e-06
9.4848609999999990e+03 2.2029341415992447e-06
9.4878339999999989e+03 2.1870215612251648e-06
9.4908069999999989e+03 2.1711163881246367e-06
9.4937799999999988e+03 2.1552186165526656e-06
9.4967529999999988e+03 2.1393282407705081e-06
9.4997259999999987e+03 2.1234452550455621e-06
9.5026989999999987e+03 2.1075696536515872e-06
9.5056720000000005e+03 2.0917014308683965e-06
9.5086450000000004e+03 2.0758405809821422e-06
9.5116180000000004e+03 2.0599870982850966e-06
9.5145910000000003e+03 2.0441409770757166e-06
9.5175640000000003e+03 2.0283022116586230e-06
9.5205370000000003e+03 2.0124707963446892e-06
9.5235100000000002e+03 1.9966467254508397e-06
9.5264830000000002e+03 1.9808299933002080e-06
9.5294560000000001e+03 1.9650205942220689e-06
9.5324290000000001e+03 1.9492185225517721e-06
9.5354020000000000e+03 1.9334237726308755e-06
9.5383750000000000e+03 1.9176363388069899e-06
9.5413480000000000e+03 1.9018562154338895e-06
9.5443209999999999e+03 1.8860833968713800e-06
9.5472939999999999e+03 1.8703178774853868e-06
9.5502669999999998e+03 1.8545596516479540e-06
9.5532399999999998e+03 1.8388087137371362e-06
9.5562129999999997e+03 1.8230650581371059e-06
9.5591859999999997e+03 1.8073286792380683e-06
9.5621589999999997e+03 1.7915995714362376e-06
9.5651319999999996e+03 1.7758777291339691e-06
9.5681049999999996e+03 1.7601631467395394e-06
9.5710779999999995e+03 1.7444558186673235e-06
9.5740509999999995e+03 1.7287557393376603e-06
9.5770239999999994e+03 1.7130629031769430e-06
9.5799969999999994e+03 1.6973773046175299e-06
9.5829699999999993e+03 1.6816989380977888e-06
9.5859429999999993e+03 1.6660277980620304e-06
9.5889159999999993e+03 1.6503638789605974e-06
9.5918889999999992e+03 1.6347071752497310e-06
9.5948619999999992e+03 1.6190576813917047e-06
9.5978349999999991e+03 1.6034153918546692e-06
9.6008079999999991e+03 1.5877803011127611e-06
9.6037809999999990e+03 1.5721524036460185e-06
9.6067539999999990e+03 1.5565316939404428e-06
9.6097269999999990e+03 1.5409181664879140e-06
9.6126999999999989e+03 1.5253118157862552e-06
9.6156729999999989e+03 1.5097126363391228e-06
9.6186459999999988e+03 1.4941206226561376e-06
9.6216189999999988e+03 1.4785357692527770e-06
9.6245919999999987e+03 1.4629580706503732e-06
9.6275650000000005e+03 1.4473875213761570e-06
9.6305380000000005e+03 1.4318241159631939e-06
9.6335110000000004e+03 1.4162678489504253e-06
9.6364840000000004e+03 1.4007187148826260e-06
9.6394570000000003e+03 1.3851767083103616e-06
9.6424300000000003e+03 1.3696418237900952e-06
9.6454030000000002e+03 1.3541140558840793e-06
9.6483760000000002e+03 1.3385933991603572e-06
9.6513490000000002e+03 1.3230798481928034e-06
9.6543220000000001e+03 1.3075733975610394e-06
9.6572950000000001e+03 1.2920740418505630e-06
9.6602680000000000e+03 1.2765817756525733e-06
9.6632410000000000e+03 1.2610965935640584e-06
9.6662139999999999e+03 1.2456184901877965e-06
9.6691869999999999e+03 1.2301474601322662e-06
9.6721599999999999e+03 1.2146834980117581e-06
9.6751329999999998e+03 1.1992265984462629e-06
9.6781059999999998e+03 1.1837767560614952e-06
9.6810789999999997e+03 1.1683339654889368e-06
9.6840519999999997e+03 1.1528982213657270e-06
9.6870249999999996e+03 1.1374695183347714e-06
9.6899979999999996e+03 1.1220478510446336e-06
9.6929709999999995e+03 1.1066332141495781e-06
9.6959439999999995e+03 1.0912256023095704e-06
9.6989169999999995e+03 1.0758250101902335e-06
9.7018899999999994e+03 1.0604314324628912e-06
9.7048629999999994e+03 1.0450448638044589e-06
9.7078359999999993e+03 1.0296652988976192e-06
9.7108089999999993e+03 1.0142927324305791e-06
9.7137819999999992e+03 9.9892715909724746e-07
9.7167549999999992e+03 9.8356857359716799e-07
9.7197279999999992e+03 9.6821697063549816e-07
9.7227009999999991e+03 9.5287234492300763e-07
9.7256739999999991e+03 9.3753469117603576e-07
9.7286469999999990e+03 9.2220400411660081e-07
9.7316199999999990e+03 9.0688027847226839e-07
9.7345929999999989e+03 8.9156350897615109e-07
9.7375659999999989e+03 8.7625369036701908e-07
9.7405389999999989e+03 8.6095081738914461e-07
9.7435119999999988e+03 8.4565488479241387e-07
9.7464849999999988e+03 8.3036588733221622e-07
9.7494579999999987e+03 8.1508381976953144e-07
9.7524310000000005e+03 7.9980867687086525e-07
9.7554040000000005e+03 7.8454045340822569e-07
9.7583770000000004e+03 7.6927914415919056e-07
9.7613500000000004e+03 7.5402474390681830e-07
9.7643230000000003e+03 7.3877724743971446e-07
9.7672960000000003e+03 7.2353664955194382e-07
9.7702690000000002e+03 7.0830294504307422e-07
9.7732420000000002e+03 6.9307612871822062e-07
9.7762150000000001e+03 6.7785619538784678e-07
9.7791880000000001e+03 6.6264313986805198e-07
9.7821610000000001e+03 6.4743695698026207e-07
9.7851340000000000e+03 6.3223764155142810e-07
9.7881070000000000e+03 6.1704518841393833e-07
9.7910799999999999e+03 6.0185959240564013e-07
9.7940529999999999e+03 5.8668084836977362e-07
9.7970259999999998e+03 5.7150895115503818e-07
9.7999989999999998e+03 5.5634389561556993e-07
9.8029719999999998e+03 5.4118567661085446e-07
9.8059449999999997e+03 5.2603428900583606e-07
9.8089179999999997e+03 5.1088972767087408e-07
9.8118909999999996e+03 4.9575198748163298e-07
9.8148639999999996e+03 4.8062106331925822e-07
9.8178369999999995e+03 4.6549695007022213e-07
9.8208099999999995e+03 4.5037964262636828e-07
9.8237829999999994e+03 4.3526913588491109e-07
9.8267559999999994e+03 4.2016542474841391e-07
9.8297289999999994e+03 4.0506850412481140e-07
9.8327019999999993e+03 3.8997836892732078e-07
9.8356749999999993e+03 3.7489501407453040e-07
9.8386479999999992e+03 3.5981843449039988e-07
9.8416209999999992e+03 3.4474862510410543e-07
9.8445939999999991e+03 3.2968558085021640e-07
9.8475669999999991e+03 3.1462929666858512e-07
9.8505399999999991e+03 2.9957976750432478e-07
9.8535129999999990e+03 2.8453698830791978e-07
9.8564859999999990e+03 2.6950095403504916e-07
9.8594589999999989e+03 2.5447165964671909e-07
9.8624319999999989e+03 2.3944910010917467e-07
9.8654049999999988e+03 2.2443327039396596e-07
9.8683779999999988e+03 2.0942416547788188e-07
9.8713509999999987e+03 1.9442178034290637e-07
9.8743239999999987e+03 1.7942610997632822e-07
9.8772970000000005e+03 1.6443714937063127e-07
9.8802700000000004e+03 1.4945489352358221e-07
9.8832430000000004e+03 1.3447933743807657e-07
9.8862160000000003e+03 1.1951047612231502e-07
9.8891890000000003e+03 1.0454830458964887e-07
9.8921620000000003e+03 8.9592817858624538e-08
9.8951350000000002e+03 7.4644010953027288e-08
9.8981080000000002e+03 5.9701878901749246e-08
9.9010810000000001e+03 4.4766416738943515e-08
9.9040540000000001e+03 2.9837619503892019e-08
9.9070270000000000e+03 1.4915482241049609e-08
9.9100000000000000e+03 0.0000000000000000e+00
