# alpha 1.5
# Lmin  0.01
# Lmax  1000
# c     1
# tau   1
# V1    0.1
# V2    1
# N     100000
# T_BURN    10000
# T_BEFORE  500
# OUTPUT_DT 0.1
# t F
-500.0000000000 3.6606497800
-499.9000000000 3.6615361682
-499.8000000000 3.6615158298
-499.7000000000 3.6617484088
-499.6000000000 3.6613388759
-499.5000000000 3.6609296843
-499.4000000000 3.6612363737
-499.3000000000 3.6610141128
-499.2000000000 3.6607105287
-499.1000000000 3.6607442106
-499.0000000000 3.6606961615
-498.9000000000 3.6603951373
-498.8000000000 3.6603464386
-498.7000000000 3.6605252465
-498.6000000000 3.6606460284
-498.5000000000 3.6603478742
-498.4000000000 3.6602006374
-498.3000000000 3.6604594768
-498.2000000000 3.6604888469
-498.1000000000 3.6601026095
-498.0000000000 3.6601549109
-497.9000000000 3.6607224917
-497.8000000000 3.6604491630
-497.7000000000 3.6608932142
-497.6000000000 3.6612429315
-497.5000000000 3.6609875035
-497.4000000000 3.6605541950
-497.3000000000 3.6610500756
-497.2000000000 3.6619008051
-497.1000000000 3.6621197688
-497.0000000000 3.6617906475
-496.9000000000 3.6612554626
-496.8000000000 3.6606416653
-496.7000000000 3.6611765457
-496.6000000000 3.6610226592
-496.5000000000 3.6608211019
-496.4000000000 3.6610012177
-496.3000000000 3.6607045502
-496.2000000000 3.6607457308
-496.1000000000 3.6605951538
-496.0000000000 3.6601577015
-495.9000000000 3.6608096246
-495.8000000000 3.6609235205
-495.7000000000 3.6608217284
-495.6000000000 3.6615140597
-495.5000000000 3.6616599958
-495.4000000000 3.6615564821
-495.3000000000 3.6613093963
-495.2000000000 3.6611986482
-495.1000000000 3.6614119336
-495.0000000000 3.6613413317
-494.9000000000 3.6613284775
-494.8000000000 3.6610993635
-494.7000000000 3.6612508767
-494.6000000000 3.6608634848
-494.5000000000 3.6607570921
-494.4000000000 3.6611372008
-494.3000000000 3.6616547942
-494.2000000000 3.6616460623
-494.1000000000 3.6612384827
-494.0000000000 3.6615608140
-493.9000000000 3.6609687228
-493.8000000000 3.6612043070
-493.7000000000 3.6612608018
-493.6000000000 3.6606994272
-493.5000000000 3.6606283325
-493.4000000000 3.6606677495
-493.3000000000 3.6605229959
-493.2000000000 3.6609640475
-493.1000000000 3.6608540398
-493.0000000000 3.6606217237
-492.9000000000 3.6599275280
-492.8000000000 3.6595530398
-492.7000000000 3.6594898522
-492.6000000000 3.6597059562
-492.5000000000 3.6593485829
-492.4000000000 3.6595344901
-492.3000000000 3.6588382676
-492.2000000000 3.6588704036
-492.1000000000 3.6590036927
-492.0000000000 3.6590255628
-491.9000000000 3.6590618782
-491.8000000000 3.6592182638
-491.7000000000 3.6594270692
-491.6000000000 3.6594518606
-491.5000000000 3.6588296253
-491.4000000000 3.6584869396
-491.3000000000 3.6583683365
-491.2000000000 3.6580306173
-491.1000000000 3.6580952492
-491.0000000000 3.6581447163
-490.9000000000 3.6580519919
-490.8000000000 3.6572022093
-490.7000000000 3.6575296679
-490.6000000000 3.6579665419
-490.5000000000 3.6575296399
-490.4000000000 3.6574783738
-490.3000000000 3.6579549336
-490.2000000000 3.6579986970
-490.1000000000 3.6581652533
-490.0000000000 3.6586406194
-489.9000000000 3.6586161745
-489.8000000000 3.6588356207
-489.7000000000 3.6586360530
-489.6000000000 3.6582347338
-489.5000000000 3.6579924446
-489.4000000000 3.6581468829
-489.3000000000 3.6581626701
-489.2000000000 3.6577069665
-489.1000000000 3.6572543008
-489.0000000000 3.6577828809
-488.9000000000 3.6572838809
-488.8000000000 3.6577888004
-488.7000000000 3.6577337494
-488.6000000000 3.6578818008
-488.5000000000 3.6572751965
-488.4000000000 3.6575170321
-488.3000000000 3.6576153250
-488.2000000000 3.6580885831
-488.1000000000 3.6577954522
-488.0000000000 3.6574251142
-487.9000000000 3.6572700476
-487.8000000000 3.6568165696
-487.7000000000 3.6568666270
-487.6000000000 3.6571203709
-487.5000000000 3.6566671064
-487.4000000000 3.6567595583
-487.3000000000 3.6567817751
-487.2000000000 3.6563223540
-487.1000000000 3.6562840589
-487.0000000000 3.6566257980
-486.9000000000 3.6570689348
-486.8000000000 3.6574116043
-486.7000000000 3.6566162040
-486.6000000000 3.6571331050
-486.5000000000 3.6569956890
-486.4000000000 3.6569360343
-486.3000000000 3.6567793074
-486.2000000000 3.6568152452
-486.1000000000 3.6569556863
-486.0000000000 3.6572933205
-485.9000000000 3.6572331552
-485.8000000000 3.6570614343
-485.7000000000 3.6573006909
-485.6000000000 3.6577076624
-485.5000000000 3.6580462256
-485.4000000000 3.6574184240
-485.3000000000 3.6576177077
-485.2000000000 3.6568429197
-485.1000000000 3.6567436132
-485.0000000000 3.6567816247
-484.9000000000 3.6566113931
-484.8000000000 3.6564739122
-484.7000000000 3.6568682070
-484.6000000000 3.6563557127
-484.5000000000 3.6566777704
-484.4000000000 3.6567595799
-484.3000000000 3.6568358764
-484.2000000000 3.6570058099
-484.1000000000 3.6571410697
-484.0000000000 3.6569640293
-483.9000000000 3.6568269995
-483.8000000000 3.6565934442
-483.7000000000 3.6563620370
-483.6000000000 3.6569083296
-483.5000000000 3.6571884560
-483.4000000000 3.6573173425
-483.3000000000 3.6574034072
-483.2000000000 3.6572802501
-483.1000000000 3.6575797755
-483.0000000000 3.6577079201
-482.9000000000 3.6577553186
-482.8000000000 3.6577348643
-482.7000000000 3.6575319208
-482.6000000000 3.6580251306
-482.5000000000 3.6572555045
-482.4000000000 3.6576418873
-482.3000000000 3.6577324865
-482.2000000000 3.6575531414
-482.1000000000 3.6581984134
-482.0000000000 3.6577795128
-481.9000000000 3.6579586422
-481.8000000000 3.6580983341
-481.7000000000 3.6583154241
-481.6000000000 3.6583073539
-481.5000000000 3.6586752270
-481.4000000000 3.6584476629
-481.3000000000 3.6587224212
-481.2000000000 3.6587326474
-481.1000000000 3.6584630770
-481.0000000000 3.6579157760
-480.9000000000 3.6576355486
-480.8000000000 3.6582478882
-480.7000000000 3.6583866371
-480.6000000000 3.6579077432
-480.5000000000 3.6578705545
-480.4000000000 3.6575377431
-480.3000000000 3.6580886238
-480.2000000000 3.6581993081
-480.1000000000 3.6582588271
-480.0000000000 3.6586279433
-479.9000000000 3.6587828144
-479.8000000000 3.6582350317
-479.7000000000 3.6584120326
-479.6000000000 3.6585552325
-479.5000000000 3.6589786177
-479.4000000000 3.6590324011
-479.3000000000 3.6590554749
-479.2000000000 3.6588789793
-479.1000000000 3.6584119866
-479.0000000000 3.6584950872
-478.9000000000 3.6586188864
-478.8000000000 3.6582632750
-478.7000000000 3.6581509776
-478.6000000000 3.6580171414
-478.5000000000 3.6580417442
-478.4000000000 3.6579465518
-478.3000000000 3.6578695589
-478.2000000000 3.6578067466
-478.1000000000 3.6578061358
-478.0000000000 3.6580960394
-477.9000000000 3.6577429494
-477.8000000000 3.6580097835
-477.7000000000 3.6582435201
-477.6000000000 3.6587622500
-477.5000000000 3.6587702052
-477.4000000000 3.6587567880
-477.3000000000 3.6585946666
-477.2000000000 3.6585855792
-477.1000000000 3.6586142232
-477.0000000000 3.6584404099
-476.9000000000 3.6584336649
-476.8000000000 3.6589057333
-476.7000000000 3.6585426287
-476.6000000000 3.6587430355
-476.5000000000 3.6587824958
-476.4000000000 3.6591598435
-476.3000000000 3.6591846063
-476.2000000000 3.6590744382
-476.1000000000 3.6589698677
-476.0000000000 3.6591199472
-475.9000000000 3.6589320224
-475.8000000000 3.6593928578
-475.7000000000 3.6588877326
-475.6000000000 3.6586369853
-475.5000000000 3.6588613882
-475.4000000000 3.6585995909
-475.3000000000 3.6579413431
-475.2000000000 3.6580363108
-475.1000000000 3.6577142756
-475.0000000000 3.6581696822
-474.9000000000 3.6582794653
-474.8000000000 3.6585466317
-474.7000000000 3.6584625344
-474.6000000000 3.6589891424
-474.5000000000 3.6587420209
-474.4000000000 3.6582242017
-474.3000000000 3.6581407992
-474.2000000000 3.6579507724
-474.1000000000 3.6575996953
-474.0000000000 3.6581712371
-473.9000000000 3.6582587756
-473.8000000000 3.6578826321
-473.7000000000 3.6576554401
-473.6000000000 3.6576913805
-473.5000000000 3.6576993131
-473.4000000000 3.6577720753
-473.3000000000 3.6573506849
-473.2000000000 3.6572089189
-473.1000000000 3.6566918226
-473.0000000000 3.6567169822
-472.9000000000 3.6565883057
-472.8000000000 3.6571645868
-472.7000000000 3.6574011341
-472.6000000000 3.6571558320
-472.5000000000 3.6569231303
-472.4000000000 3.6567362560
-472.3000000000 3.6568891361
-472.2000000000 3.6567277910
-472.1000000000 3.6567175552
-472.0000000000 3.6562845008
-471.9000000000 3.6563955089
-471.8000000000 3.6568302280
-471.7000000000 3.6570922513
-471.6000000000 3.6573299574
-471.5000000000 3.6573299454
-471.4000000000 3.6569219864
-471.3000000000 3.6569649790
-471.2000000000 3.6572093681
-471.1000000000 3.6574332337
-471.0000000000 3.6572947710
-470.9000000000 3.6573528711
-470.8000000000 3.6576639125
-470.7000000000 3.6572594563
-470.6000000000 3.6573586252
-470.5000000000 3.6573418469
-470.4000000000 3.6575726707
-470.3000000000 3.6574128364
-470.2000000000 3.6569564064
-470.1000000000 3.6564743501
-470.0000000000 3.6570626038
-469.9000000000 3.6573620484
-469.8000000000 3.6568199463
-469.7000000000 3.6566971672
-469.6000000000 3.6564778629
-469.5000000000 3.6561748957
-469.4000000000 3.6569804199
-469.3000000000 3.6567162045
-469.2000000000 3.6565671866
-469.1000000000 3.6569277174
-469.0000000000 3.6566620701
-468.9000000000 3.6570032263
-468.8000000000 3.6572438676
-468.7000000000 3.6572668334
-468.6000000000 3.6573782590
-468.5000000000 3.6568177081
-468.4000000000 3.6569662916
-468.3000000000 3.6568797507
-468.2000000000 3.6566151531
-468.1000000000 3.6560984216
-468.0000000000 3.6561319544
-467.9000000000 3.6558053842
-467.8000000000 3.6559598579
-467.7000000000 3.6562280112
-467.6000000000 3.6556118456
-467.5000000000 3.6552240443
-467.4000000000 3.6553239559
-467.3000000000 3.6553600313
-467.2000000000 3.6549290596
-467.1000000000 3.6551589668
-467.0000000000 3.6551180878
-466.9000000000 3.6547130978
-466.8000000000 3.6544144196
-466.7000000000 3.6539578580
-466.6000000000 3.6536891865
-466.5000000000 3.6540012352
-466.4000000000 3.6544163869
-466.3000000000 3.6537230194
-466.2000000000 3.6544863716
-466.1000000000 3.6547026925
-466.0000000000 3.6543658040
-465.9000000000 3.6548132481
-465.8000000000 3.6549281893
-465.7000000000 3.6547887989
-465.6000000000 3.6550000638
-465.5000000000 3.6554399083
-465.4000000000 3.6556737200
-465.3000000000 3.6560008036
-465.2000000000 3.6555679908
-465.1000000000 3.6556014313
-465.0000000000 3.6553425827
-464.9000000000 3.6550063685
-464.8000000000 3.6549497374
-464.7000000000 3.6553855967
-464.6000000000 3.6550265692
-464.5000000000 3.6549155952
-464.4000000000 3.6550363709
-464.3000000000 3.6548397980
-464.2000000000 3.6549842017
-464.1000000000 3.6550142889
-464.0000000000 3.6545267982
-463.9000000000 3.6547657220
-463.8000000000 3.6547746727
-463.7000000000 3.6545007965
-463.6000000000 3.6548862491
-463.5000000000 3.6543848834
-463.4000000000 3.6542151828
-463.3000000000 3.6546773939
-463.2000000000 3.6550331595
-463.1000000000 3.6548202889
-463.0000000000 3.6545298772
-462.9000000000 3.6549435384
-462.8000000000 3.6549687210
-462.7000000000 3.6544117079
-462.6000000000 3.6543541952
-462.5000000000 3.6539816590
-462.4000000000 3.6537145236
-462.3000000000 3.6536228988
-462.2000000000 3.6538949778
-462.1000000000 3.6539023590
-462.0000000000 3.6539763977
-461.9000000000 3.6541665205
-461.8000000000 3.6540458174
-461.7000000000 3.6545663388
-461.6000000000 3.6545582983
-461.5000000000 3.6542966823
-461.4000000000 3.6545568897
-461.3000000000 3.6550380285
-461.2000000000 3.6543548737
-461.1000000000 3.6542130632
-461.0000000000 3.6542761728
-460.9000000000 3.6542858338
-460.8000000000 3.6539131599
-460.7000000000 3.6543438603
-460.6000000000 3.6544080216
-460.5000000000 3.6544462496
-460.4000000000 3.6544619484
-460.3000000000 3.6545140900
-460.2000000000 3.6543868439
-460.1000000000 3.6547644279
-460.0000000000 3.6542213285
-459.9000000000 3.6544152256
-459.8000000000 3.6547694734
-459.7000000000 3.6545799458
-459.6000000000 3.6544769838
-459.5000000000 3.6551896059
-459.4000000000 3.6553374582
-459.3000000000 3.6552012749
-459.2000000000 3.6548858357
-459.1000000000 3.6553774142
-459.0000000000 3.6555538238
-458.9000000000 3.6556359407
-458.8000000000 3.6554339828
-458.7000000000 3.6550862539
-458.6000000000 3.6549714839
-458.5000000000 3.6552702037
-458.4000000000 3.6554081014
-458.3000000000 3.6551154749
-458.2000000000 3.6548333795
-458.1000000000 3.6544533197
-458.0000000000 3.6545258019
-457.9000000000 3.6545721993
-457.8000000000 3.6548357731
-457.7000000000 3.6551151806
-457.6000000000 3.6553361313
-457.5000000000 3.6554147799
-457.4000000000 3.6554166752
-457.3000000000 3.6564252263
-457.2000000000 3.6562171810
-457.1000000000 3.6556634362
-457.0000000000 3.6550682704
-456.9000000000 3.6556098043
-456.8000000000 3.6559131896
-456.7000000000 3.6555452961
-456.6000000000 3.6555532136
-456.5000000000 3.6552929526
-456.4000000000 3.6554995558
-456.3000000000 3.6555420668
-456.2000000000 3.6556479571
-456.1000000000 3.6556112661
-456.0000000000 3.6554914757
-455.9000000000 3.6557594800
-455.8000000000 3.6556231831
-455.7000000000 3.6562082354
-455.6000000000 3.6561208452
-455.5000000000 3.6556176469
-455.4000000000 3.6554404430
-455.3000000000 3.6558259276
-455.2000000000 3.6559511771
-455.1000000000 3.6557113185
-455.0000000000 3.6557458572
-454.9000000000 3.6556290576
-454.8000000000 3.6556512872
-454.7000000000 3.6553417945
-454.6000000000 3.6551829395
-454.5000000000 3.6555487069
-454.4000000000 3.6554625911
-454.3000000000 3.6555903060
-454.2000000000 3.6560225427
-454.1000000000 3.6559778921
-454.0000000000 3.6555495317
-453.9000000000 3.6553702602
-453.8000000000 3.6552568451
-453.7000000000 3.6554211276
-453.6000000000 3.6553870650
-453.5000000000 3.6548434197
-453.4000000000 3.6545899236
-453.3000000000 3.6546563051
-453.2000000000 3.6540633073
-453.1000000000 3.6542595907
-453.0000000000 3.6538012013
-452.9000000000 3.6538764367
-452.8000000000 3.6538978379
-452.7000000000 3.6539974055
-452.6000000000 3.6536479653
-452.5000000000 3.6533623984
-452.4000000000 3.6536279426
-452.3000000000 3.6537281407
-452.2000000000 3.6535838645
-452.1000000000 3.6533234191
-452.0000000000 3.6533081822
-451.9000000000 3.6533455846
-451.8000000000 3.6538120467
-451.7000000000 3.6539935018
-451.6000000000 3.6534535440
-451.5000000000 3.6540790655
-451.4000000000 3.6537551197
-451.3000000000 3.6532420618
-451.2000000000 3.6536561752
-451.1000000000 3.6540301960
-451.0000000000 3.6542726970
-450.9000000000 3.6544176542
-450.8000000000 3.6547566583
-450.7000000000 3.6544834869
-450.6000000000 3.6545837204
-450.5000000000 3.6546156567
-450.4000000000 3.6545952126
-450.3000000000 3.6547086443
-450.2000000000 3.6543293327
-450.1000000000 3.6541935649
-450.0000000000 3.6541896109
-449.9000000000 3.6539027589
-449.8000000000 3.6535286411
-449.7000000000 3.6532380807
-449.6000000000 3.6533298168
-449.5000000000 3.6531361790
-449.4000000000 3.6533840309
-449.3000000000 3.6540588153
-449.2000000000 3.6540284209
-449.1000000000 3.6538076504
-449.0000000000 3.6537388850
-448.9000000000 3.6535093741
-448.8000000000 3.6530663856
-448.7000000000 3.6527350978
-448.6000000000 3.6525644093
-448.5000000000 3.6529071700
-448.4000000000 3.6525929951
-448.3000000000 3.6524156026
-448.2000000000 3.6527761287
-448.1000000000 3.6527856994
-448.0000000000 3.6528872920
-447.9000000000 3.6531767394
-447.8000000000 3.6533037814
-447.7000000000 3.6535403549
-447.6000000000 3.6532600820
-447.5000000000 3.6532766172
-447.4000000000 3.6532799576
-447.3000000000 3.6537220814
-447.2000000000 3.6534057254
-447.1000000000 3.6532035682
-447.0000000000 3.6528443513
-446.9000000000 3.6530168301
-446.8000000000 3.6530219900
-446.7000000000 3.6529679214
-446.6000000000 3.6532435193
-446.5000000000 3.6527900762
-446.4000000000 3.6527351833
-446.3000000000 3.6527718939
-446.2000000000 3.6528887829
-446.1000000000 3.6529154252
-446.0000000000 3.6532264887
-445.9000000000 3.6525060382
-445.8000000000 3.6525792916
-445.7000000000 3.6531095645
-445.6000000000 3.6531947176
-445.5000000000 3.6529259507
-445.4000000000 3.6528192048
-445.3000000000 3.6526078698
-445.2000000000 3.6525051594
-445.1000000000 3.6530982371
-445.0000000000 3.6533961201
-444.9000000000 3.6534931389
-444.8000000000 3.6534505364
-444.7000000000 3.6529357846
-444.6000000000 3.6525764354
-444.5000000000 3.6526590687
-444.4000000000 3.6525004989
-444.3000000000 3.6522804743
-444.2000000000 3.6522114917
-444.1000000000 3.6522878209
-444.0000000000 3.6520437583
-443.9000000000 3.6522057159
-443.8000000000 3.6522573203
-443.7000000000 3.6520462137
-443.6000000000 3.6520251373
-443.5000000000 3.6521411808
-443.4000000000 3.6522028978
-443.3000000000 3.6518087237
-443.2000000000 3.6511635969
-443.1000000000 3.6508856245
-443.0000000000 3.6506099596
-442.9000000000 3.6507241942
-442.8000000000 3.6500812548
-442.7000000000 3.6503001866
-442.6000000000 3.6505312041
-442.5000000000 3.6499447948
-442.4000000000 3.6497079486
-442.3000000000 3.6502109595
-442.2000000000 3.6502273654
-442.1000000000 3.6503864342
-442.0000000000 3.6507577616
-441.9000000000 3.6502244546
-441.8000000000 3.6501543725
-441.7000000000 3.6503647471
-441.6000000000 3.6506573387
-441.5000000000 3.6504316082
-441.4000000000 3.6502508760
-441.3000000000 3.6502182784
-441.2000000000 3.6503831859
-441.1000000000 3.6508055997
-441.0000000000 3.6510682611
-440.9000000000 3.6512857699
-440.8000000000 3.6514560054
-440.7000000000 3.6516696593
-440.6000000000 3.6514442215
-440.5000000000 3.6514396358
-440.4000000000 3.6515023438
-440.3000000000 3.6511289372
-440.2000000000 3.6516427861
-440.1000000000 3.6516772340
-440.0000000000 3.6516356330
-439.9000000000 3.6513310390
-439.8000000000 3.6513700985
-439.7000000000 3.6514935957
-439.6000000000 3.6517318322
-439.5000000000 3.6516413207
-439.4000000000 3.6520295359
-439.3000000000 3.6521434141
-439.2000000000 3.6522427307
-439.1000000000 3.6522074466
-439.0000000000 3.6523590844
-438.9000000000 3.6525395891
-438.8000000000 3.6524618081
-438.7000000000 3.6517088385
-438.6000000000 3.6516866404
-438.5000000000 3.6519247105
-438.4000000000 3.6516844405
-438.3000000000 3.6517281393
-438.2000000000 3.6516698617
-438.1000000000 3.6516745418
-438.0000000000 3.6515979373
-437.9000000000 3.6519294629
-437.8000000000 3.6520618674
-437.7000000000 3.6521514379
-437.6000000000 3.6523770744
-437.5000000000 3.6525789805
-437.4000000000 3.6528353576
-437.3000000000 3.6527995652
-437.2000000000 3.6531504480
-437.1000000000 3.6531727374
-437.0000000000 3.6524683671
-436.9000000000 3.6521915235
-436.8000000000 3.6525306400
-436.7000000000 3.6529612408
-436.6000000000 3.6531890994
-436.5000000000 3.6535426153
-436.4000000000 3.6531281606
-436.3000000000 3.6532930010
-436.2000000000 3.6537415954
-436.1000000000 3.6541976555
-436.0000000000 3.6538741880
-435.9000000000 3.6541568434
-435.8000000000 3.6535153614
-435.7000000000 3.6536567523
-435.6000000000 3.6537481862
-435.5000000000 3.6543301397
-435.4000000000 3.6544859267
-435.3000000000 3.6540174630
-435.2000000000 3.6540748655
-435.1000000000 3.6543024264
-435.0000000000 3.6538024123
-434.9000000000 3.6536039750
-434.8000000000 3.6535946768
-434.7000000000 3.6542467437
-434.6000000000 3.6540087042
-434.5000000000 3.6540998356
-434.4000000000 3.6539405879
-434.3000000000 3.6537570074
-434.2000000000 3.6533978927
-434.1000000000 3.6539580358
-434.0000000000 3.6540021031
-433.9000000000 3.6532823966
-433.8000000000 3.6535261327
-433.7000000000 3.6536334092
-433.6000000000 3.6541652706
-433.5000000000 3.6539947025
-433.4000000000 3.6542831102
-433.3000000000 3.6541953692
-433.2000000000 3.6535262965
-433.1000000000 3.6535989800
-433.0000000000 3.6538895943
-432.9000000000 3.6540754738
-432.8000000000 3.6542734621
-432.7000000000 3.6537599606
-432.6000000000 3.6540405372
-432.5000000000 3.6541325048
-432.4000000000 3.6539383921
-432.3000000000 3.6537066713
-432.2000000000 3.6535362074
-432.1000000000 3.6533388587
-432.0000000000 3.6534947904
-431.9000000000 3.6531880735
-431.8000000000 3.6538891803
-431.7000000000 3.6542392659
-431.6000000000 3.6539513076
-431.5000000000 3.6540136542
-431.4000000000 3.6537309532
-431.3000000000 3.6535767235
-431.2000000000 3.6536026118
-431.1000000000 3.6537326146
-431.0000000000 3.6536114732
-430.9000000000 3.6534486329
-430.8000000000 3.6529741984
-430.7000000000 3.6528946598
-430.6000000000 3.6532510417
-430.5000000000 3.6534573701
-430.4000000000 3.6536588980
-430.3000000000 3.6537460055
-430.2000000000 3.6536219210
-430.1000000000 3.6533546763
-430.0000000000 3.6538897623
-429.9000000000 3.6542494759
-429.8000000000 3.6542685408
-429.7000000000 3.6542759687
-429.6000000000 3.6544269379
-429.5000000000 3.6539937646
-429.4000000000 3.6539058317
-429.3000000000 3.6540897521
-429.2000000000 3.6541095405
-429.1000000000 3.6540865968
-429.0000000000 3.6537839094
-428.9000000000 3.6542863400
-428.8000000000 3.6542279347
-428.7000000000 3.6542312613
-428.6000000000 3.6541182063
-428.5000000000 3.6547620900
-428.4000000000 3.6546769100
-428.3000000000 3.6540529170
-428.2000000000 3.6546436750
-428.1000000000 3.6548372347
-428.0000000000 3.6548122967
-427.9000000000 3.6551711294
-427.8000000000 3.6553183151
-427.7000000000 3.6543899051
-427.6000000000 3.6546284736
-427.5000000000 3.6547407641
-427.4000000000 3.6545426491
-427.3000000000 3.6543176893
-427.2000000000 3.6545241006
-427.1000000000 3.6545373452
-427.0000000000 3.6555915242
-426.9000000000 3.6559706407
-426.8000000000 3.6561059261
-426.7000000000 3.6557228335
-426.6000000000 3.6562388145
-426.5000000000 3.6558935971
-426.4000000000 3.6562481232
-426.3000000000 3.6559640194
-426.2000000000 3.6552915606
-426.1000000000 3.6556599999
-426.0000000000 3.6552706858
-425.9000000000 3.6550031794
-425.8000000000 3.6546001541
-425.7000000000 3.6552981237
-425.6000000000 3.6552590048
-425.5000000000 3.6555585385
-425.4000000000 3.6558015432
-425.3000000000 3.6556897852
-425.2000000000 3.6557994447
-425.1000000000 3.6556629859
-425.0000000000 3.6560598490
-424.9000000000 3.6556196738
-424.8000000000 3.6556544915
-424.7000000000 3.6555330225
-424.6000000000 3.6550133971
-424.5000000000 3.6550085279
-424.4000000000 3.6549894155
-424.3000000000 3.6554036212
-424.2000000000 3.6552330508
-424.1000000000 3.6556129705
-424.0000000000 3.6558134254
-423.9000000000 3.6554443872
-423.8000000000 3.6563115689
-423.7000000000 3.6562112438
-423.6000000000 3.6560973039
-423.5000000000 3.6562149775
-423.4000000000 3.6558810616
-423.3000000000 3.6558745162
-423.2000000000 3.6561038839
-423.1000000000 3.6565288094
-423.0000000000 3.6562038086
-422.9000000000 3.6568462718
-422.8000000000 3.6571022190
-422.7000000000 3.6568930469
-422.6000000000 3.6571100373
-422.5000000000 3.6573723447
-422.4000000000 3.6581184987
-422.3000000000 3.6584067860
-422.2000000000 3.6583920096
-422.1000000000 3.6585073289
-422.0000000000 3.6587453775
-421.9000000000 3.6591724607
-421.8000000000 3.6585615613
-421.7000000000 3.6587937173
-421.6000000000 3.6592165619
-421.5000000000 3.6588901575
-421.4000000000 3.6589758157
-421.3000000000 3.6592675486
-421.2000000000 3.6592784134
-421.1000000000 3.6591845872
-421.0000000000 3.6590546828
-420.9000000000 3.6589655493
-420.8000000000 3.6586255944
-420.7000000000 3.6580550937
-420.6000000000 3.6585341420
-420.5000000000 3.6576355772
-420.4000000000 3.6575548911
-420.3000000000 3.6576957378
-420.2000000000 3.6573912708
-420.1000000000 3.6577545712
-420.0000000000 3.6575713461
-419.9000000000 3.6573247584
-419.8000000000 3.6574034117
-419.7000000000 3.6575774774
-419.6000000000 3.6578500821
-419.5000000000 3.6576493816
-419.4000000000 3.6578716648
-419.3000000000 3.6582629372
-419.2000000000 3.6582425565
-419.1000000000 3.6579095375
-419.0000000000 3.6575781334
-418.9000000000 3.6574269435
-418.8000000000 3.6578380437
-418.7000000000 3.6577690878
-418.6000000000 3.6577656512
-418.5000000000 3.6577189161
-418.4000000000 3.6575825751
-418.3000000000 3.6578368186
-418.2000000000 3.6583115428
-418.1000000000 3.6584046915
-418.0000000000 3.6585777715
-417.9000000000 3.6589947040
-417.8000000000 3.6590554858
-417.7000000000 3.6595451160
-417.6000000000 3.6601776518
-417.5000000000 3.6604313782
-417.4000000000 3.6610527728
-417.3000000000 3.6610916930
-417.2000000000 3.6609585891
-417.1000000000 3.6600725535
-417.0000000000 3.6604440092
-416.9000000000 3.6604217032
-416.8000000000 3.6602072397
-416.7000000000 3.6604468074
-416.6000000000 3.6603200420
-416.5000000000 3.6604275048
-416.4000000000 3.6599382933
-416.3000000000 3.6598615202
-416.2000000000 3.6602140443
-416.1000000000 3.6598990896
-416.0000000000 3.6599936848
-415.9000000000 3.6600413407
-415.8000000000 3.6597845780
-415.7000000000 3.6594403120
-415.6000000000 3.6597126254
-415.5000000000 3.6599617104
-415.4000000000 3.6592775781
-415.3000000000 3.6595604392
-415.2000000000 3.6592485882
-415.1000000000 3.6595090139
-415.0000000000 3.6588834720
-414.9000000000 3.6591067391
-414.8000000000 3.6588759073
-414.7000000000 3.6589098211
-414.6000000000 3.6593914146
-414.5000000000 3.6590624737
-414.4000000000 3.6591749609
-414.3000000000 3.6600198873
-414.2000000000 3.6598583167
-414.1000000000 3.6597867230
-414.0000000000 3.6598147085
-413.9000000000 3.6597200429
-413.8000000000 3.6600237616
-413.7000000000 3.6599754846
-413.6000000000 3.6599913822
-413.5000000000 3.6601899572
-413.4000000000 3.6600830004
-413.3000000000 3.6607586303
-413.2000000000 3.6609401690
-413.1000000000 3.6605092755
-413.0000000000 3.6600582509
-412.9000000000 3.6597949861
-412.8000000000 3.6595614287
-412.7000000000 3.6594291972
-412.6000000000 3.6592437403
-412.5000000000 3.6590199737
-412.4000000000 3.6588992602
-412.3000000000 3.6582090887
-412.2000000000 3.6583221309
-412.1000000000 3.6586554083
-412.0000000000 3.6585211469
-411.9000000000 3.6581890738
-411.8000000000 3.6582377016
-411.7000000000 3.6585378458
-411.6000000000 3.6585263364
-411.5000000000 3.6586543423
-411.4000000000 3.6589888654
-411.3000000000 3.6594018111
-411.2000000000 3.6590717916
-411.1000000000 3.6591593306
-411.0000000000 3.6593351291
-410.9000000000 3.6598026541
-410.8000000000 3.6591662858
-410.7000000000 3.6591363793
-410.6000000000 3.6587683495
-410.5000000000 3.6586286277
-410.4000000000 3.6582419303
-410.3000000000 3.6576438966
-410.2000000000 3.6575661767
-410.1000000000 3.6577558250
-410.0000000000 3.6580345115
-409.9000000000 3.6580769049
-409.8000000000 3.6584736350
-409.7000000000 3.6578026782
-409.6000000000 3.6581837267
-409.5000000000 3.6582996536
-409.4000000000 3.6574756018
-409.3000000000 3.6570826865
-409.2000000000 3.6573001262
-409.1000000000 3.6579373537
-409.0000000000 3.6571260946
-408.9000000000 3.6573185554
-408.8000000000 3.6568472763
-408.7000000000 3.6566710274
-408.6000000000 3.6566003958
-408.5000000000 3.6564654289
-408.4000000000 3.6566138844
-408.3000000000 3.6563407841
-408.2000000000 3.6568072190
-408.1000000000 3.6568182457
-408.0000000000 3.6567297410
-407.9000000000 3.6573697057
-407.8000000000 3.6566632780
-407.7000000000 3.6566455516
-407.6000000000 3.6569160808
-407.5000000000 3.6574620521
-407.4000000000 3.6579592842
-407.3000000000 3.6578469877
-407.2000000000 3.6572890986
-407.1000000000 3.6575768440
-407.0000000000 3.6575432196
-406.9000000000 3.6577327245
-406.8000000000 3.6574124008
-406.7000000000 3.6577755676
-406.6000000000 3.6577748099
-406.5000000000 3.6572450800
-406.4000000000 3.6573017301
-406.3000000000 3.6576454919
-406.2000000000 3.6575451345
-406.1000000000 3.6576228377
-406.0000000000 3.6574001682
-405.9000000000 3.6573660268
-405.8000000000 3.6575474637
-405.7000000000 3.6574854906
-405.6000000000 3.6567684581
-405.5000000000 3.6571371334
-405.4000000000 3.6571412283
-405.3000000000 3.6572647550
-405.2000000000 3.6565853975
-405.1000000000 3.6571337070
-405.0000000000 3.6565878492
-404.9000000000 3.6565272345
-404.8000000000 3.6564559738
-404.7000000000 3.6559856688
-404.6000000000 3.6567707793
-404.5000000000 3.6563667594
-404.4000000000 3.6565210576
-404.3000000000 3.6566880207
-404.2000000000 3.6566913240
-404.1000000000 3.6563589955
-404.0000000000 3.6560615325
-403.9000000000 3.6566211811
-403.8000000000 3.6563927043
-403.7000000000 3.6563999296
-403.6000000000 3.6565022260
-403.5000000000 3.6567176075
-403.4000000000 3.6568810354
-403.3000000000 3.6566004493
-403.2000000000 3.6568607942
-403.1000000000 3.6565884672
-403.0000000000 3.6564706260
-402.9000000000 3.6560777332
-402.8000000000 3.6561595675
-402.7000000000 3.6563360273
-402.6000000000 3.6565047138
-402.5000000000 3.6561284717
-402.4000000000 3.6561328116
-402.3000000000 3.6559371921
-402.2000000000 3.6555883069
-402.1000000000 3.6559765496
-402.0000000000 3.6561108100
-401.9000000000 3.6561140134
-401.8000000000 3.6561686741
-401.7000000000 3.6566504310
-401.6000000000 3.6572552706
-401.5000000000 3.6568163129
-401.4000000000 3.6574255706
-401.3000000000 3.6575737717
-401.2000000000 3.6572275421
-401.1000000000 3.6576586175
-401.0000000000 3.6573274215
-400.9000000000 3.6568946998
-400.8000000000 3.6570420429
-400.7000000000 3.6573077930
-400.6000000000 3.6575208959
-400.5000000000 3.6576623839
-400.4000000000 3.6577304426
-400.3000000000 3.6584567041
-400.2000000000 3.6579563593
-400.1000000000 3.6575996841
-400.0000000000 3.6575689813
-399.9000000000 3.6575589985
-399.8000000000 3.6576279067
-399.7000000000 3.6578347027
-399.6000000000 3.6579700099
-399.5000000000 3.6574211394
-399.4000000000 3.6575528524
-399.3000000000 3.6577107304
-399.2000000000 3.6575924841
-399.1000000000 3.6569953339
-399.0000000000 3.6568229306
-398.9000000000 3.6569689794
-398.8000000000 3.6568114688
-398.7000000000 3.6567051652
-398.6000000000 3.6569097372
-398.5000000000 3.6573213741
-398.4000000000 3.6574242858
-398.3000000000 3.6571069122
-398.2000000000 3.6573451833
-398.1000000000 3.6575086739
-398.0000000000 3.6582859235
-397.9000000000 3.6584122793
-397.8000000000 3.6575128095
-397.7000000000 3.6574799427
-397.6000000000 3.6572391174
-397.5000000000 3.6567796608
-397.4000000000 3.6563135257
-397.3000000000 3.6558502685
-397.2000000000 3.6558269595
-397.1000000000 3.6554900309
-397.0000000000 3.6549919871
-396.9000000000 3.6548501356
-396.8000000000 3.6543276309
-396.7000000000 3.6537518292
-396.6000000000 3.6537959708
-396.5000000000 3.6535874691
-396.4000000000 3.6531891211
-396.3000000000 3.6532849059
-396.2000000000 3.6534088383
-396.1000000000 3.6536882234
-396.0000000000 3.6539828708
-395.9000000000 3.6541677576
-395.8000000000 3.6541553363
-395.7000000000 3.6538060714
-395.6000000000 3.6541298178
-395.5000000000 3.6543155493
-395.4000000000 3.6541525633
-395.3000000000 3.6542927093
-395.2000000000 3.6546054804
-395.1000000000 3.6543749782
-395.0000000000 3.6544136009
-394.9000000000 3.6546315937
-394.8000000000 3.6547317484
-394.7000000000 3.6544149440
-394.6000000000 3.6544247759
-394.5000000000 3.6549304484
-394.4000000000 3.6547606049
-394.3000000000 3.6540869061
-394.2000000000 3.6540558150
-394.1000000000 3.6545628320
-394.0000000000 3.6545185775
-393.9000000000 3.6549518224
-393.8000000000 3.6543947424
-393.7000000000 3.6541544868
-393.6000000000 3.6542699774
-393.5000000000 3.6543090570
-393.4000000000 3.6539352563
-393.3000000000 3.6537244929
-393.2000000000 3.6541611168
-393.1000000000 3.6546628880
-393.0000000000 3.6544877126
-392.9000000000 3.6543510991
-392.8000000000 3.6544038599
-392.7000000000 3.6546536805
-392.6000000000 3.6549056794
-392.5000000000 3.6550672553
-392.4000000000 3.6553503365
-392.3000000000 3.6550839525
-392.2000000000 3.6549832200
-392.1000000000 3.6551145293
-392.0000000000 3.6548137968
-391.9000000000 3.6544199404
-391.8000000000 3.6541816513
-391.7000000000 3.6542012130
-391.6000000000 3.6544897583
-391.5000000000 3.6544104889
-391.4000000000 3.6550291210
-391.3000000000 3.6546410958
-391.2000000000 3.6543601383
-391.1000000000 3.6546728741
-391.0000000000 3.6543188482
-390.9000000000 3.6542558568
-390.8000000000 3.6543645575
-390.7000000000 3.6538143755
-390.6000000000 3.6535752073
-390.5000000000 3.6534057249
-390.4000000000 3.6523155033
-390.3000000000 3.6527005984
-390.2000000000 3.6527765372
-390.1000000000 3.6522132689
-390.0000000000 3.6525553191
-389.9000000000 3.6521543583
-389.8000000000 3.6526411546
-389.7000000000 3.6526706978
-389.6000000000 3.6528050729
-389.5000000000 3.6527196941
-389.4000000000 3.6530725846
-389.3000000000 3.6528015500
-389.2000000000 3.6523156865
-389.1000000000 3.6522348962
-389.0000000000 3.6515596859
-388.9000000000 3.6514874780
-388.8000000000 3.6516614779
-388.7000000000 3.6517529855
-388.6000000000 3.6514251381
-388.5000000000 3.6514694501
-388.4000000000 3.6512638992
-388.3000000000 3.6516710410
-388.2000000000 3.6510711398
-388.1000000000 3.6514099768
-388.0000000000 3.6513443248
-387.9000000000 3.6515157641
-387.8000000000 3.6517267707
-387.7000000000 3.6513734773
-387.6000000000 3.6515011418
-387.5000000000 3.6515036707
-387.4000000000 3.6510151194
-387.3000000000 3.6511428759
-387.2000000000 3.6513113907
-387.1000000000 3.6519570122
-387.0000000000 3.6516190797
-386.9000000000 3.6518686263
-386.8000000000 3.6516711593
-386.7000000000 3.6513799542
-386.6000000000 3.6512420728
-386.5000000000 3.6517376462
-386.4000000000 3.6515225148
-386.3000000000 3.6516778949
-386.2000000000 3.6510180809
-386.1000000000 3.6511341021
-386.0000000000 3.6515417636
-385.9000000000 3.6514104730
-385.8000000000 3.6513794366
-385.7000000000 3.6512751143
-385.6000000000 3.6514911894
-385.5000000000 3.6509627562
-385.4000000000 3.6511180851
-385.3000000000 3.6512735899
-385.2000000000 3.6510462737
-385.1000000000 3.6508589255
-385.0000000000 3.6507442980
-384.9000000000 3.6503346606
-384.8000000000 3.6505845474
-384.7000000000 3.6507016375
-384.6000000000 3.6496569468
-384.5000000000 3.6494750034
-384.4000000000 3.6498536020
-384.3000000000 3.6499004798
-384.2000000000 3.6508617523
-384.1000000000 3.6504355816
-384.0000000000 3.6505236569
-383.9000000000 3.6505353881
-383.8000000000 3.6508501612
-383.7000000000 3.6507486046
-383.6000000000 3.6510827354
-383.5000000000 3.6513454784
-383.4000000000 3.6511507997
-383.3000000000 3.6511455293
-383.2000000000 3.6512244683
-383.1000000000 3.6513448170
-383.0000000000 3.6513467271
-382.9000000000 3.6516090189
-382.8000000000 3.6518246294
-382.7000000000 3.6515563259
-382.6000000000 3.6515730754
-382.5000000000 3.6513571192
-382.4000000000 3.6514300858
-382.3000000000 3.6516337831
-382.2000000000 3.6515188267
-382.1000000000 3.6516051302
-382.0000000000 3.6513788663
-381.9000000000 3.6518326212
-381.8000000000 3.6514445788
-381.7000000000 3.6514264295
-381.6000000000 3.6513538526
-381.5000000000 3.6516327670
-381.4000000000 3.6515581730
-381.3000000000 3.6516447711
-381.2000000000 3.6518910692
-381.1000000000 3.6518390966
-381.0000000000 3.6514492680
-380.9000000000 3.6515224502
-380.8000000000 3.6516208668
-380.7000000000 3.6515509597
-380.6000000000 3.6515739405
-380.5000000000 3.6515428137
-380.4000000000 3.6516479984
-380.3000000000 3.6513821010
-380.2000000000 3.6511948497
-380.1000000000 3.6511782080
-380.0000000000 3.6506940378
-379.9000000000 3.6509363367
-379.8000000000 3.6508360847
-379.7000000000 3.6508539768
-379.6000000000 3.6507834256
-379.5000000000 3.6509850536
-379.4000000000 3.6506412043
-379.3000000000 3.6506994643
-379.2000000000 3.6507056860
-379.1000000000 3.6509902559
-379.0000000000 3.6509986795
-378.9000000000 3.6508172936
-378.8000000000 3.6512765301
-378.7000000000 3.6515329579
-378.6000000000 3.6512605175
-378.5000000000 3.6509202616
-378.4000000000 3.6504874562
-378.3000000000 3.6508614910
-378.2000000000 3.6509429430
-378.1000000000 3.6511288635
-378.0000000000 3.6509627863
-377.9000000000 3.6506119066
-377.8000000000 3.6500537452
-377.7000000000 3.6502606242
-377.6000000000 3.6501642488
-377.5000000000 3.6497425470
-377.4000000000 3.6498878293
-377.3000000000 3.6494486907
-377.2000000000 3.6497557331
-377.1000000000 3.6496855153
-377.0000000000 3.6498201110
-376.9000000000 3.6495796333
-376.8000000000 3.6497038046
-376.7000000000 3.6489433782
-376.6000000000 3.6490428404
-376.5000000000 3.6497475239
-376.4000000000 3.6493023308
-376.3000000000 3.6492312183
-376.2000000000 3.6496316094
-376.1000000000 3.6495437861
-376.0000000000 3.6497770717
-375.9000000000 3.6503145571
-375.8000000000 3.6501023209
-375.7000000000 3.6501172539
-375.6000000000 3.6503303939
-375.5000000000 3.6503650476
-375.4000000000 3.6510112216
-375.3000000000 3.6513674769
-375.2000000000 3.6514421672
-375.1000000000 3.6512987398
-375.0000000000 3.6505711377
-374.9000000000 3.6506670520
-374.8000000000 3.6511163722
-374.7000000000 3.6511865104
-374.6000000000 3.6511832119
-374.5000000000 3.6508765127
-374.4000000000 3.6506026551
-374.3000000000 3.6511854812
-374.2000000000 3.6512315849
-374.1000000000 3.6511357347
-374.0000000000 3.6510627699
-373.9000000000 3.6512003833
-373.8000000000 3.6510336433
-373.7000000000 3.6507861625
-373.6000000000 3.6503926698
-373.5000000000 3.6504220318
-373.4000000000 3.6503597624
-373.3000000000 3.6506882615
-373.2000000000 3.6505241513
-373.1000000000 3.6506248142
-373.0000000000 3.6506853634
-372.9000000000 3.6503940230
-372.8000000000 3.6500700853
-372.7000000000 3.6493968114
-372.6000000000 3.6492605193
-372.5000000000 3.6495902519
-372.4000000000 3.6493923452
-372.3000000000 3.6492872558
-372.2000000000 3.6490759442
-372.1000000000 3.6493318424
-372.0000000000 3.6492024182
-371.9000000000 3.6490245534
-371.8000000000 3.6480978830
-371.7000000000 3.6483501730
-371.6000000000 3.6481974963
-371.5000000000 3.6480220137
-371.4000000000 3.6483236907
-371.3000000000 3.6484594667
-371.2000000000 3.6488031178
-371.1000000000 3.6490610473
-371.0000000000 3.6487537406
-370.9000000000 3.6488137673
-370.8000000000 3.6487686910
-370.7000000000 3.6486960108
-370.6000000000 3.6489509339
-370.5000000000 3.6488700623
-370.4000000000 3.6485337182
-370.3000000000 3.6484760713
-370.2000000000 3.6491209912
-370.1000000000 3.6491371400
-370.0000000000 3.6490455804
-369.9000000000 3.6494880969
-369.8000000000 3.6495114823
-369.7000000000 3.6490179610
-369.6000000000 3.6489049011
-369.5000000000 3.6490621749
-369.4000000000 3.6486365074
-369.3000000000 3.6490170980
-369.2000000000 3.6491632198
-369.1000000000 3.6491323221
-369.0000000000 3.6491280873
-368.9000000000 3.6486953066
-368.8000000000 3.6486913476
-368.7000000000 3.6483502289
-368.6000000000 3.6482179546
-368.5000000000 3.6481793592
-368.4000000000 3.6483146000
-368.3000000000 3.6484819520
-368.2000000000 3.6482364420
-368.1000000000 3.6483910903
-368.0000000000 3.6479303034
-367.9000000000 3.6477479132
-367.8000000000 3.6483010443
-367.7000000000 3.6480970000
-367.6000000000 3.6483536322
-367.5000000000 3.6481662676
-367.4000000000 3.6477069719
-367.3000000000 3.6474958725
-367.2000000000 3.6477731580
-367.1000000000 3.6477232190
-367.0000000000 3.6482018440
-366.9000000000 3.6482878023
-366.8000000000 3.6474323463
-366.7000000000 3.6479153734
-366.6000000000 3.6475193000
-366.5000000000 3.6480219805
-366.4000000000 3.6481689310
-366.3000000000 3.6485074936
-366.2000000000 3.6482760344
-366.1000000000 3.6482252428
-366.0000000000 3.6480308876
-365.9000000000 3.6481647157
-365.8000000000 3.6486258501
-365.7000000000 3.6487167618
-365.6000000000 3.6487179787
-365.5000000000 3.6486811860
-365.4000000000 3.6486806440
-365.3000000000 3.6487374985
-365.2000000000 3.6487715833
-365.1000000000 3.6487920657
-365.0000000000 3.6484187153
-364.9000000000 3.6487376764
-364.8000000000 3.6490220740
-364.7000000000 3.6493836660
-364.6000000000 3.6494821826
-364.5000000000 3.6498170286
-364.4000000000 3.6502133819
-364.3000000000 3.6504093210
-364.2000000000 3.6500280251
-364.1000000000 3.6503094727
-364.0000000000 3.6499493199
-363.9000000000 3.6497717011
-363.8000000000 3.6495094879
-363.7000000000 3.6494457050
-363.6000000000 3.6494852643
-363.5000000000 3.6494124416
-363.4000000000 3.6497954677
-363.3000000000 3.6494759714
-363.2000000000 3.6488373784
-363.1000000000 3.6488950998
-363.0000000000 3.6489611534
-362.9000000000 3.6491087984
-362.8000000000 3.6490673339
-362.7000000000 3.6491894843
-362.6000000000 3.6493726677
-362.5000000000 3.6491686955
-362.4000000000 3.6493005665
-362.3000000000 3.6495872738
-362.2000000000 3.6497627718
-362.1000000000 3.6500313757
-362.0000000000 3.6500323142
-361.9000000000 3.6500662539
-361.8000000000 3.6500981107
-361.7000000000 3.6504582113
-361.6000000000 3.6503778239
-361.5000000000 3.6502748616
-361.4000000000 3.6499905573
-361.3000000000 3.6499969071
-361.2000000000 3.6501543603
-361.1000000000 3.6498910405
-361.0000000000 3.6497591826
-360.9000000000 3.6495360817
-360.8000000000 3.6496647493
-360.7000000000 3.6500295526
-360.6000000000 3.6504413741
-360.5000000000 3.6504516080
-360.4000000000 3.6503642733
-360.3000000000 3.6505255934
-360.2000000000 3.6503182953
-360.1000000000 3.6506077846
-360.0000000000 3.6504002811
-359.9000000000 3.6505944263
-359.8000000000 3.6503129803
-359.7000000000 3.6500671612
-359.6000000000 3.6501471044
-359.5000000000 3.6497939297
-359.4000000000 3.6503442375
-359.3000000000 3.6503727904
-359.2000000000 3.6501366973
-359.1000000000 3.6502806521
-359.0000000000 3.6506548459
-358.9000000000 3.6503226036
-358.8000000000 3.6508742950
-358.7000000000 3.6503553008
-358.6000000000 3.6497694484
-358.5000000000 3.6496048286
-358.4000000000 3.6500052769
-358.3000000000 3.6497141360
-358.2000000000 3.6499563090
-358.1000000000 3.6498894322
-358.0000000000 3.6497866186
-357.9000000000 3.6502914483
-357.8000000000 3.6502848224
-357.7000000000 3.6503833314
-357.6000000000 3.6499424245
-357.5000000000 3.6506920359
-357.4000000000 3.6506264455
-357.3000000000 3.6496464564
-357.2000000000 3.6496475444
-357.1000000000 3.6498281727
-357.0000000000 3.6496223547
-356.9000000000 3.6491963525
-356.8000000000 3.6493644495
-356.7000000000 3.6485256177
-356.6000000000 3.6486252401
-356.5000000000 3.6486199146
-356.4000000000 3.6485958344
-356.3000000000 3.6477353660
-356.2000000000 3.6477801174
-356.1000000000 3.6483738567
-356.0000000000 3.6481870519
-355.9000000000 3.6479114333
-355.8000000000 3.6478252103
-355.7000000000 3.6483525784
-355.6000000000 3.6479838236
-355.5000000000 3.6478123215
-355.4000000000 3.6475572253
-355.3000000000 3.6479222322
-355.2000000000 3.6481439281
-355.1000000000 3.6478548522
-355.0000000000 3.6482476239
-354.9000000000 3.6482967380
-354.8000000000 3.6485897425
-354.7000000000 3.6486124453
-354.6000000000 3.6483962639
-354.5000000000 3.6488698145
-354.4000000000 3.6489821167
-354.3000000000 3.6482910909
-354.2000000000 3.6477712686
-354.1000000000 3.6480442514
-354.0000000000 3.6485115589
-353.9000000000 3.6483712609
-353.8000000000 3.6477121223
-353.7000000000 3.6480416070
-353.6000000000 3.6484425692
-353.5000000000 3.6484128796
-353.4000000000 3.6478898614
-353.3000000000 3.6479944735
-353.2000000000 3.6483628018
-353.1000000000 3.6477005182
-353.0000000000 3.6481197911
-352.9000000000 3.6480334112
-352.8000000000 3.6483930669
-352.7000000000 3.6482478771
-352.6000000000 3.6485274704
-352.5000000000 3.6482928191
-352.4000000000 3.6480807451
-352.3000000000 3.6480611477
-352.2000000000 3.6481301665
-352.1000000000 3.6479170740
-352.0000000000 3.6475641175
-351.9000000000 3.6475545438
-351.8000000000 3.6476611339
-351.7000000000 3.6474624357
-351.6000000000 3.6472204639
-351.5000000000 3.6474641819
-351.4000000000 3.6476946967
-351.3000000000 3.6474408253
-351.2000000000 3.6468889102
-351.1000000000 3.6475476361
-351.0000000000 3.6477589062
-350.9000000000 3.6481689252
-350.8000000000 3.6487339717
-350.7000000000 3.6486603048
-350.6000000000 3.6485892574
-350.5000000000 3.6490839005
-350.4000000000 3.6490037308
-350.3000000000 3.6489365432
-350.2000000000 3.6489667613
-350.1000000000 3.6485601776
-350.0000000000 3.6487269879
-349.9000000000 3.6490247737
-349.8000000000 3.6491423356
-349.7000000000 3.6490029164
-349.6000000000 3.6486696574
-349.5000000000 3.6490866476
-349.4000000000 3.6490664774
-349.3000000000 3.6491285125
-349.2000000000 3.6493347574
-349.1000000000 3.6494494191
-349.0000000000 3.6490464280
-348.9000000000 3.6485474470
-348.8000000000 3.6487090426
-348.7000000000 3.6487110423
-348.6000000000 3.6491387085
-348.5000000000 3.6490920771
-348.4000000000 3.6490248113
-348.3000000000 3.6491172912
-348.2000000000 3.6493605000
-348.1000000000 3.6495522966
-348.0000000000 3.6496081387
-347.9000000000 3.6492134787
-347.8000000000 3.6487183856
-347.7000000000 3.6482255904
-347.6000000000 3.6480019985
-347.5000000000 3.6479532707
-347.4000000000 3.6477291173
-347.3000000000 3.6476905925
-347.2000000000 3.6477985779
-347.1000000000 3.6477628405
-347.0000000000 3.6485667732
-346.9000000000 3.6484709928
-346.8000000000 3.6485046505
-346.7000000000 3.6487970149
-346.6000000000 3.6489697481
-346.5000000000 3.6491758140
-346.4000000000 3.6487481743
-346.3000000000 3.6483385129
-346.2000000000 3.6482450831
-346.1000000000 3.6483486359
-346.0000000000 3.6481155362
-345.9000000000 3.6484404843
-345.8000000000 3.6483135642
-345.7000000000 3.6482463399
-345.6000000000 3.6486920886
-345.5000000000 3.6481723675
-345.4000000000 3.6477017899
-345.3000000000 3.6469172255
-345.2000000000 3.6463809175
-345.1000000000 3.6467578046
-345.0000000000 3.6469674462
-344.9000000000 3.6470359062
-344.8000000000 3.6468512281
-344.7000000000 3.6471858211
-344.6000000000 3.6473204649
-344.5000000000 3.6473589199
-344.4000000000 3.6468054685
-344.3000000000 3.6460304835
-344.2000000000 3.6461965111
-344.1000000000 3.6458649325
-344.0000000000 3.6455184378
-343.9000000000 3.6455844619
-343.8000000000 3.6459762686
-343.7000000000 3.6464397053
-343.6000000000 3.6464008626
-343.5000000000 3.6465435949
-343.4000000000 3.6464636994
-343.3000000000 3.6469072039
-343.2000000000 3.6465972170
-343.1000000000 3.6464425689
-343.0000000000 3.6465452241
-342.9000000000 3.6459669269
-342.8000000000 3.6461902196
-342.7000000000 3.6462482130
-342.6000000000 3.6465513947
-342.5000000000 3.6467827610
-342.4000000000 3.6464144513
-342.3000000000 3.6469379422
-342.2000000000 3.6474587180
-342.1000000000 3.6476267858
-342.0000000000 3.6476825908
-341.9000000000 3.6477852344
-341.8000000000 3.6475836348
-341.7000000000 3.6473463804
-341.6000000000 3.6474418211
-341.5000000000 3.6468462240
-341.4000000000 3.6463510472
-341.3000000000 3.6469156976
-341.2000000000 3.6470649414
-341.1000000000 3.6474371546
-341.0000000000 3.6477630355
-340.9000000000 3.6475087614
-340.8000000000 3.6477318950
-340.7000000000 3.6474871942
-340.6000000000 3.6475903123
-340.5000000000 3.6475791135
-340.4000000000 3.6474383346
-340.3000000000 3.6477340448
-340.2000000000 3.6480240597
-340.1000000000 3.6481054159
-340.0000000000 3.6476195484
-339.9000000000 3.6477092348
-339.8000000000 3.6477208892
-339.7000000000 3.6473084967
-339.6000000000 3.6473485426
-339.5000000000 3.6473200278
-339.4000000000 3.6473588551
-339.3000000000 3.6474433452
-339.2000000000 3.6474350416
-339.1000000000 3.6468422326
-339.0000000000 3.6463333469
-338.9000000000 3.6464843864
-338.8000000000 3.6465881606
-338.7000000000 3.6465904028
-338.6000000000 3.6465976470
-338.5000000000 3.6469507049
-338.4000000000 3.6471372367
-338.3000000000 3.6473697943
-338.2000000000 3.6470339790
-338.1000000000 3.6471839698
-338.0000000000 3.6467811769
-337.9000000000 3.6463998468
-337.8000000000 3.6470917302
-337.7000000000 3.6472216456
-337.6000000000 3.6472113086
-337.5000000000 3.6473339187
-337.4000000000 3.6472641671
-337.3000000000 3.6469133364
-337.2000000000 3.6470083435
-337.1000000000 3.6467022299
-337.0000000000 3.6468997647
-336.9000000000 3.6466443246
-336.8000000000 3.6465467596
-336.7000000000 3.6465338678
-336.6000000000 3.6466800758
-336.5000000000 3.6467337779
-336.4000000000 3.6464207501
-336.3000000000 3.6464299085
-336.2000000000 3.6467196677
-336.1000000000 3.6463711641
-336.0000000000 3.6464072000
-335.9000000000 3.6469429996
-335.8000000000 3.6473963194
-335.7000000000 3.6467034812
-335.6000000000 3.6473990275
-335.5000000000 3.6477175345
-335.4000000000 3.6471110649
-335.3000000000 3.6474595550
-335.2000000000 3.6477138243
-335.1000000000 3.6478910605
-335.0000000000 3.6479822529
-334.9000000000 3.6479282525
-334.8000000000 3.6479222727
-334.7000000000 3.6477069789
-334.6000000000 3.6478752914
-334.5000000000 3.6481634817
-334.4000000000 3.6480807093
-334.3000000000 3.6482203422
-334.2000000000 3.6479659645
-334.1000000000 3.6478314525
-334.0000000000 3.6475983753
-333.9000000000 3.6475556512
-333.8000000000 3.6474403611
-333.7000000000 3.6472764790
-333.6000000000 3.6477868599
-333.5000000000 3.6474687185
-333.4000000000 3.6477704656
-333.3000000000 3.6475657374
-333.2000000000 3.6480840759
-333.1000000000 3.6481104489
-333.0000000000 3.6486807505
-332.9000000000 3.6486467657
-332.8000000000 3.6485660875
-332.7000000000 3.6488962323
-332.6000000000 3.6490528161
-332.5000000000 3.6489107999
-332.4000000000 3.6485442750
-332.3000000000 3.6483113620
-332.2000000000 3.6476025793
-332.1000000000 3.6479831261
-332.0000000000 3.6480622540
-331.9000000000 3.6476221012
-331.8000000000 3.6480630197
-331.7000000000 3.6480036794
-331.6000000000 3.6478582816
-331.5000000000 3.6480502899
-331.4000000000 3.6478451284
-331.3000000000 3.6480982432
-331.2000000000 3.6482821059
-331.1000000000 3.6480833445
-331.0000000000 3.6478553873
-330.9000000000 3.6474761989
-330.8000000000 3.6476443046
-330.7000000000 3.6478066718
-330.6000000000 3.6477100604
-330.5000000000 3.6471169640
-330.4000000000 3.6471268692
-330.3000000000 3.6476131794
-330.2000000000 3.6477692220
-330.1000000000 3.6476588456
-330.0000000000 3.6470766071
-329.9000000000 3.6473678323
-329.8000000000 3.6478626998
-329.7000000000 3.6485768506
-329.6000000000 3.6488897594
-329.5000000000 3.6489766237
-329.4000000000 3.6485473711
-329.3000000000 3.6484061037
-329.2000000000 3.6479404639
-329.1000000000 3.6478655817
-329.0000000000 3.6486877761
-328.9000000000 3.6485849133
-328.8000000000 3.6485590326
-328.7000000000 3.6481516032
-328.6000000000 3.6484865278
-328.5000000000 3.6487770787
-328.4000000000 3.6482077786
-328.3000000000 3.6481950856
-328.2000000000 3.6484821762
-328.1000000000 3.6484808088
-328.0000000000 3.6483812000
-327.9000000000 3.6484128303
-327.8000000000 3.6483893728
-327.7000000000 3.6483001779
-327.6000000000 3.6486234383
-327.5000000000 3.6482869076
-327.4000000000 3.6482941612
-327.3000000000 3.6487750362
-327.2000000000 3.6481456354
-327.1000000000 3.6485024639
-327.0000000000 3.6479899955
-326.9000000000 3.6480826505
-326.8000000000 3.6481887391
-326.7000000000 3.6482578711
-326.6000000000 3.6482788977
-326.5000000000 3.6483215168
-326.4000000000 3.6482841972
-326.3000000000 3.6477749713
-326.2000000000 3.6481414094
-326.1000000000 3.6477433298
-326.0000000000 3.6480180295
-325.9000000000 3.6481712920
-325.8000000000 3.6474767282
-325.7000000000 3.6476455573
-325.6000000000 3.6478244829
-325.5000000000 3.6485725051
-325.4000000000 3.6490297966
-325.3000000000 3.6491265266
-325.2000000000 3.6497499891
-325.1000000000 3.6494900908
-325.0000000000 3.6495881248
-324.9000000000 3.6494593886
-324.8000000000 3.6497333945
-324.7000000000 3.6491962409
-324.6000000000 3.6492688242
-324.5000000000 3.6493968899
-324.4000000000 3.6491328463
-324.3000000000 3.6495031763
-324.2000000000 3.6497271479
-324.1000000000 3.6499057570
-324.0000000000 3.6500500014
-323.9000000000 3.6490682767
-323.8000000000 3.6490211711
-323.7000000000 3.6491130331
-323.6000000000 3.6492194125
-323.5000000000 3.6487169943
-323.4000000000 3.6488661327
-323.3000000000 3.6487623691
-323.2000000000 3.6487345530
-323.1000000000 3.6490151786
-323.0000000000 3.6489067269
-322.9000000000 3.6490041518
-322.8000000000 3.6493145551
-322.7000000000 3.6491882412
-322.6000000000 3.6491198080
-322.5000000000 3.6494378993
-322.4000000000 3.6491589410
-322.3000000000 3.6487320367
-322.2000000000 3.6488873205
-322.1000000000 3.6490641907
-322.0000000000 3.6495165196
-321.9000000000 3.6498966898
-321.8000000000 3.6497401837
-321.7000000000 3.6496303311
-321.6000000000 3.6493624298
-321.5000000000 3.6494856829
-321.4000000000 3.6487950263
-321.3000000000 3.6486657393
-321.2000000000 3.6486645855
-321.1000000000 3.6483578022
-321.0000000000 3.6483625681
-320.9000000000 3.6486998224
-320.8000000000 3.6484973034
-320.7000000000 3.6486021208
-320.6000000000 3.6489931781
-320.5000000000 3.6491779390
-320.4000000000 3.6488494537
-320.3000000000 3.6490662436
-320.2000000000 3.6494528948
-320.1000000000 3.6491380856
-320.0000000000 3.6491894100
-319.9000000000 3.6490323741
-319.8000000000 3.6490955777
-319.7000000000 3.6490265407
-319.6000000000 3.6490257923
-319.5000000000 3.6489066058
-319.4000000000 3.6482973158
-319.3000000000 3.6482500099
-319.2000000000 3.6484465130
-319.1000000000 3.6484195613
-319.0000000000 3.6476496359
-318.9000000000 3.6476817783
-318.8000000000 3.6476586251
-318.7000000000 3.6477247488
-318.6000000000 3.6477161120
-318.5000000000 3.6480235346
-318.4000000000 3.6475493279
-318.3000000000 3.6475823346
-318.2000000000 3.6472915807
-318.1000000000 3.6475848685
-318.0000000000 3.6478267417
-317.9000000000 3.6481581195
-317.8000000000 3.6477053703
-317.7000000000 3.6477758266
-317.6000000000 3.6478782046
-317.5000000000 3.6477490631
-317.4000000000 3.6479425968
-317.3000000000 3.6480122273
-317.2000000000 3.6478063946
-317.1000000000 3.6473376814
-317.0000000000 3.6471416193
-316.9000000000 3.6470848021
-316.8000000000 3.6471635832
-316.7000000000 3.6470277301
-316.6000000000 3.6476625760
-316.5000000000 3.6478331259
-316.4000000000 3.6481761800
-316.3000000000 3.6484196845
-316.2000000000 3.6486430924
-316.1000000000 3.6486692948
-316.0000000000 3.6489263752
-315.9000000000 3.6488621436
-315.8000000000 3.6488077688
-315.7000000000 3.6486736730
-315.6000000000 3.6484903907
-315.5000000000 3.6481882868
-315.4000000000 3.6484273589
-315.3000000000 3.6483231706
-315.2000000000 3.6484660107
-315.1000000000 3.6486152757
-315.0000000000 3.6487672583
-314.9000000000 3.6486077966
-314.8000000000 3.6486556179
-314.7000000000 3.6483419815
-314.6000000000 3.6487779911
-314.5000000000 3.6485828392
-314.4000000000 3.6484268559
-314.3000000000 3.6484940317
-314.2000000000 3.6483337518
-314.1000000000 3.6483362167
-314.0000000000 3.6480052892
-313.9000000000 3.6482148638
-313.8000000000 3.6483099972
-313.7000000000 3.6482126976
-313.6000000000 3.6475949950
-313.5000000000 3.6471216045
-313.4000000000 3.6466153148
-313.3000000000 3.6467402366
-313.2000000000 3.6469479770
-313.1000000000 3.6476398853
-313.0000000000 3.6476132390
-312.9000000000 3.6478570806
-312.8000000000 3.6478275071
-312.7000000000 3.6475465753
-312.6000000000 3.6474624371
-312.5000000000 3.6476008486
-312.4000000000 3.6474187572
-312.3000000000 3.6478978434
-312.2000000000 3.6476187976
-312.1000000000 3.6474925752
-312.0000000000 3.6473785213
-311.9000000000 3.6469404029
-311.8000000000 3.6475099183
-311.7000000000 3.6470366517
-311.6000000000 3.6474143469
-311.5000000000 3.6471251329
-311.4000000000 3.6473982790
-311.3000000000 3.6479036080
-311.2000000000 3.6480475591
-311.1000000000 3.6482710722
-311.0000000000 3.6487374394
-310.9000000000 3.6486275776
-310.8000000000 3.6484182943
-310.7000000000 3.6488183421
-310.6000000000 3.6483815507
-310.5000000000 3.6482928069
-310.4000000000 3.6484097618
-310.3000000000 3.6487108251
-310.2000000000 3.6484682759
-310.1000000000 3.6484861521
-310.0000000000 3.6477904093
-309.9000000000 3.6476348571
-309.8000000000 3.6474770488
-309.7000000000 3.6471350254
-309.6000000000 3.6471695042
-309.5000000000 3.6475634458
-309.4000000000 3.6472908695
-309.3000000000 3.6467278059
-309.2000000000 3.6466832652
-309.1000000000 3.6469377382
-309.0000000000 3.6463721046
-308.9000000000 3.6461767617
-308.8000000000 3.6465310758
-308.7000000000 3.6467587335
-308.6000000000 3.6471851152
-308.5000000000 3.6468678287
-308.4000000000 3.6464939998
-308.3000000000 3.6466170658
-308.2000000000 3.6462095474
-308.1000000000 3.6459832229
-308.0000000000 3.6453695272
-307.9000000000 3.6455382601
-307.8000000000 3.6455713185
-307.7000000000 3.6458183024
-307.6000000000 3.6463653705
-307.5000000000 3.6460104244
-307.4000000000 3.6457301644
-307.3000000000 3.6457472241
-307.2000000000 3.6451345730
-307.1000000000 3.6448853254
-307.0000000000 3.6449968587
-306.9000000000 3.6451123066
-306.8000000000 3.6450366144
-306.7000000000 3.6446787932
-306.6000000000 3.6447549187
-306.5000000000 3.6447322338
-306.4000000000 3.6444630557
-306.3000000000 3.6449122741
-306.2000000000 3.6451137020
-306.1000000000 3.6448467132
-306.0000000000 3.6444198252
-305.9000000000 3.6450500425
-305.8000000000 3.6454366655
-305.7000000000 3.6452829316
-305.6000000000 3.6451023586
-305.5000000000 3.6449073154
-305.4000000000 3.6447774795
-305.3000000000 3.6448440341
-305.2000000000 3.6449452325
-305.1000000000 3.6449555846
-305.0000000000 3.6447673930
-304.9000000000 3.6446876707
-304.8000000000 3.6449700241
-304.7000000000 3.6450549142
-304.6000000000 3.6456163138
-304.5000000000 3.6450760374
-304.4000000000 3.6449010365
-304.3000000000 3.6451806234
-304.2000000000 3.6448538500
-304.1000000000 3.6449892033
-304.0000000000 3.6448383007
-303.9000000000 3.6450076066
-303.8000000000 3.6454073974
-303.7000000000 3.6453009661
-303.6000000000 3.6451040853
-303.5000000000 3.6452411458
-303.4000000000 3.6449929053
-303.3000000000 3.6447038515
-303.2000000000 3.6446198262
-303.1000000000 3.6446778937
-303.0000000000 3.6444074111
-302.9000000000 3.6446728516
-302.8000000000 3.6447975517
-302.7000000000 3.6446169206
-302.6000000000 3.6445890857
-302.5000000000 3.6447768022
-302.4000000000 3.6446796391
-302.3000000000 3.6445136543
-302.2000000000 3.6447695428
-302.1000000000 3.6445124349
-302.0000000000 3.6444876703
-301.9000000000 3.6447061458
-301.8000000000 3.6448364174
-301.7000000000 3.6451140662
-301.6000000000 3.6455511581
-301.5000000000 3.6451512239
-301.4000000000 3.6452653590
-301.3000000000 3.6453631638
-301.2000000000 3.6450940794
-301.1000000000 3.6444455049
-301.0000000000 3.6445458754
-300.9000000000 3.6446830874
-300.8000000000 3.6448851017
-300.7000000000 3.6446238845
-300.6000000000 3.6448774067
-300.5000000000 3.6453172807
-300.4000000000 3.6451754409
-300.3000000000 3.6448862659
-300.2000000000 3.6451604212
-300.1000000000 3.6451963574
-300.0000000000 3.6448389109
-299.9000000000 3.6446329540
-299.8000000000 3.6444916591
-299.7000000000 3.6439731791
-299.6000000000 3.6439572638
-299.5000000000 3.6440239959
-299.4000000000 3.6438752268
-299.3000000000 3.6437724189
-299.2000000000 3.6441934066
-299.1000000000 3.6442419031
-299.0000000000 3.6446844261
-298.9000000000 3.6443428954
-298.8000000000 3.6445648782
-298.7000000000 3.6452371748
-298.6000000000 3.6454007798
-298.5000000000 3.6454108520
-298.4000000000 3.6454525798
-298.3000000000 3.6452888444
-298.2000000000 3.6450457174
-298.1000000000 3.6448661233
-298.0000000000 3.6446878324
-297.9000000000 3.6446118455
-297.8000000000 3.6446632219
-297.7000000000 3.6442266179
-297.6000000000 3.6440875474
-297.5000000000 3.6442296198
-297.4000000000 3.6446434243
-297.3000000000 3.6443362977
-297.2000000000 3.6447097143
-297.1000000000 3.6450100413
-297.0000000000 3.6449705951
-296.9000000000 3.6447368959
-296.8000000000 3.6451662049
-296.7000000000 3.6445919745
-296.6000000000 3.6449916888
-296.5000000000 3.6446274792
-296.4000000000 3.6446824565
-296.3000000000 3.6450194193
-296.2000000000 3.6450280795
-296.1000000000 3.6447613768
-296.0000000000 3.6447471944
-295.9000000000 3.6443944097
-295.8000000000 3.6442798086
-295.7000000000 3.6441275785
-295.6000000000 3.6435568935
-295.5000000000 3.6432609038
-295.4000000000 3.6431717443
-295.3000000000 3.6434765571
-295.2000000000 3.6438082733
-295.1000000000 3.6439628751
-295.0000000000 3.6445326122
-294.9000000000 3.6446708297
-294.8000000000 3.6440802699
-294.7000000000 3.6437477909
-294.6000000000 3.6439394608
-294.5000000000 3.6434562213
-294.4000000000 3.6437053703
-294.3000000000 3.6437340316
-294.2000000000 3.6437079082
-294.1000000000 3.6440410703
-294.0000000000 3.6441237411
-293.9000000000 3.6437802919
-293.8000000000 3.6444850778
-293.7000000000 3.6445575888
-293.6000000000 3.6447521852
-293.5000000000 3.6446504753
-293.4000000000 3.6447648391
-293.3000000000 3.6451566697
-293.2000000000 3.6455557838
-293.1000000000 3.6453012152
-293.0000000000 3.6448640964
-292.9000000000 3.6443056289
-292.8000000000 3.6448676303
-292.7000000000 3.6451920582
-292.6000000000 3.6450688502
-292.5000000000 3.6447270851
-292.4000000000 3.6444740007
-292.3000000000 3.6444416389
-292.2000000000 3.6439445693
-292.1000000000 3.6434569156
-292.0000000000 3.6433956808
-291.9000000000 3.6437928703
-291.8000000000 3.6437353892
-291.7000000000 3.6433543954
-291.6000000000 3.6434886283
-291.5000000000 3.6437109808
-291.4000000000 3.6434552113
-291.3000000000 3.6437026426
-291.2000000000 3.6438580506
-291.1000000000 3.6436061160
-291.0000000000 3.6437967859
-290.9000000000 3.6426420269
-290.8000000000 3.6433829447
-290.7000000000 3.6430527668
-290.6000000000 3.6430633554
-290.5000000000 3.6433634071
-290.4000000000 3.6433462238
-290.3000000000 3.6430377984
-290.2000000000 3.6428231115
-290.1000000000 3.6427035389
-290.0000000000 3.6419812185
-289.9000000000 3.6422158728
-289.8000000000 3.6427097727
-289.7000000000 3.6432515405
-289.6000000000 3.6433930789
-289.5000000000 3.6436592133
-289.4000000000 3.6435542473
-289.3000000000 3.6432143967
-289.2000000000 3.6429307005
-289.1000000000 3.6427754241
-289.0000000000 3.6431075054
-288.9000000000 3.6433501638
-288.8000000000 3.6431109305
-288.7000000000 3.6431718243
-288.6000000000 3.6429449386
-288.5000000000 3.6426803153
-288.4000000000 3.6427555828
-288.3000000000 3.6424944818
-288.2000000000 3.6425796616
-288.1000000000 3.6421996510
-288.0000000000 3.6426217355
-287.9000000000 3.6425402985
-287.8000000000 3.6421470781
-287.7000000000 3.6415503120
-287.6000000000 3.6416599180
-287.5000000000 3.6422260461
-287.4000000000 3.6421586853
-287.3000000000 3.6422157079
-287.2000000000 3.6418636568
-287.1000000000 3.6415851375
-287.0000000000 3.6415992913
-286.9000000000 3.6415453429
-286.8000000000 3.6417922502
-286.7000000000 3.6419624165
-286.6000000000 3.6418358507
-286.5000000000 3.6419242423
-286.4000000000 3.6419746357
-286.3000000000 3.6422072338
-286.2000000000 3.6422091321
-286.1000000000 3.6418941002
-286.0000000000 3.6421817908
-285.9000000000 3.6422674618
-285.8000000000 3.6424329293
-285.7000000000 3.6428818508
-285.6000000000 3.6432308246
-285.5000000000 3.6434853285
-285.4000000000 3.6434279139
-285.3000000000 3.6429903369
-285.2000000000 3.6432873831
-285.1000000000 3.6434572945
-285.0000000000 3.6441267868
-284.9000000000 3.6439712228
-284.8000000000 3.6437446601
-284.7000000000 3.6443794432
-284.6000000000 3.6442368935
-284.5000000000 3.6440155998
-284.4000000000 3.6438229493
-284.3000000000 3.6435248298
-284.2000000000 3.6429987789
-284.1000000000 3.6435110562
-284.0000000000 3.6438298472
-283.9000000000 3.6441026011
-283.8000000000 3.6442168765
-283.7000000000 3.6441719605
-283.6000000000 3.6441297088
-283.5000000000 3.6440316562
-283.4000000000 3.6440090958
-283.3000000000 3.6443398859
-283.2000000000 3.6444370562
-283.1000000000 3.6448957802
-283.0000000000 3.6450743664
-282.9000000000 3.6449022950
-282.8000000000 3.6452416752
-282.7000000000 3.6452321702
-282.6000000000 3.6452215364
-282.5000000000 3.6450368036
-282.4000000000 3.6453047832
-282.3000000000 3.6456189904
-282.2000000000 3.6454093834
-282.1000000000 3.6451411880
-282.0000000000 3.6452516313
-281.9000000000 3.6445603048
-281.8000000000 3.6445991217
-281.7000000000 3.6452279161
-281.6000000000 3.6456403446
-281.5000000000 3.6454495057
-281.4000000000 3.6456792255
-281.3000000000 3.6458053219
-281.2000000000 3.6450217769
-281.1000000000 3.6456139056
-281.0000000000 3.6452791900
-280.9000000000 3.6455054371
-280.8000000000 3.6452739359
-280.7000000000 3.6451915735
-280.6000000000 3.6450276501
-280.5000000000 3.6453970014
-280.4000000000 3.6454253918
-280.3000000000 3.6453071598
-280.2000000000 3.6451653781
-280.1000000000 3.6452045619
-280.0000000000 3.6453053006
-279.9000000000 3.6449645306
-279.8000000000 3.6449333852
-279.7000000000 3.6451269948
-279.6000000000 3.6449502931
-279.5000000000 3.6448338950
-279.4000000000 3.6450636585
-279.3000000000 3.6449880371
-279.2000000000 3.6453430059
-279.1000000000 3.6453777133
-279.0000000000 3.6455380645
-278.9000000000 3.6456262110
-278.8000000000 3.6455852786
-278.7000000000 3.6449525024
-278.6000000000 3.6448770487
-278.5000000000 3.6450863541
-278.4000000000 3.6453273012
-278.3000000000 3.6454903483
-278.2000000000 3.6452026464
-278.1000000000 3.6453718635
-278.0000000000 3.6451932657
-277.9000000000 3.6451814837
-277.8000000000 3.6446590606
-277.7000000000 3.6447159609
-277.6000000000 3.6445805509
-277.5000000000 3.6446850041
-277.4000000000 3.6443315859
-277.3000000000 3.6439876795
-277.2000000000 3.6440784232
-277.1000000000 3.6444122966
-277.0000000000 3.6434462506
-276.9000000000 3.6438008804
-276.8000000000 3.6441912465
-276.7000000000 3.6441357701
-276.6000000000 3.6442788868
-276.5000000000 3.6444146151
-276.4000000000 3.6441976175
-276.3000000000 3.6441654818
-276.2000000000 3.6442226546
-276.1000000000 3.6447261529
-276.0000000000 3.6450191098
-275.9000000000 3.6442238500
-275.8000000000 3.6442042852
-275.7000000000 3.6443230657
-275.6000000000 3.6443661571
-275.5000000000 3.6445059117
-275.4000000000 3.6447311617
-275.3000000000 3.6446228410
-275.2000000000 3.6440836261
-275.1000000000 3.6443539439
-275.0000000000 3.6441991363
-274.9000000000 3.6446302067
-274.8000000000 3.6441678931
-274.7000000000 3.6444348373
-274.6000000000 3.6441449093
-274.5000000000 3.6441301697
-274.4000000000 3.6438283945
-274.3000000000 3.6436464320
-274.2000000000 3.6431232108
-274.1000000000 3.6430726254
-274.0000000000 3.6426373809
-273.9000000000 3.6425391775
-273.8000000000 3.6428092669
-273.7000000000 3.6428776678
-273.6000000000 3.6431568723
-273.5000000000 3.6427176183
-273.4000000000 3.6428519849
-273.3000000000 3.6435945884
-273.2000000000 3.6439784034
-273.1000000000 3.6444629840
-273.0000000000 3.6438715003
-272.9000000000 3.6432535331
-272.8000000000 3.6435598981
-272.7000000000 3.6438044430
-272.6000000000 3.6435237764
-272.5000000000 3.6433998642
-272.4000000000 3.6433675155
-272.3000000000 3.6435505320
-272.2000000000 3.6436711205
-272.1000000000 3.6436522988
-272.0000000000 3.6436970705
-271.9000000000 3.6441299642
-271.8000000000 3.6440943123
-271.7000000000 3.6441259319
-271.6000000000 3.6444618366
-271.5000000000 3.6449573760
-271.4000000000 3.6451000244
-271.3000000000 3.6449387952
-271.2000000000 3.6447329237
-271.1000000000 3.6447746713
-271.0000000000 3.6445051772
-270.9000000000 3.6447333793
-270.8000000000 3.6449569586
-270.7000000000 3.6451380802
-270.6000000000 3.6440655447
-270.5000000000 3.6442529435
-270.4000000000 3.6443413244
-270.3000000000 3.6446663617
-270.2000000000 3.6449330047
-270.1000000000 3.6447531264
-270.0000000000 3.6448055749
-269.9000000000 3.6447202756
-269.8000000000 3.6444589646
-269.7000000000 3.6446921650
-269.6000000000 3.6442554507
-269.5000000000 3.6444965363
-269.4000000000 3.6445409500
-269.3000000000 3.6443618566
-269.2000000000 3.6441505505
-269.1000000000 3.6440396130
-269.0000000000 3.6441253009
-268.9000000000 3.6441607238
-268.8000000000 3.6442248054
-268.7000000000 3.6444795553
-268.6000000000 3.6440604930
-268.5000000000 3.6442926601
-268.4000000000 3.6442906269
-268.3000000000 3.6445239370
-268.2000000000 3.6448138253
-268.1000000000 3.6454887169
-268.0000000000 3.6454992842
-267.9000000000 3.6448781241
-267.8000000000 3.6452057060
-267.7000000000 3.6446942484
-267.6000000000 3.6449986752
-267.5000000000 3.6442011821
-267.4000000000 3.6444396854
-267.3000000000 3.6438358126
-267.2000000000 3.6437455450
-267.1000000000 3.6439210531
-267.0000000000 3.6437811931
-266.9000000000 3.6434317226
-266.8000000000 3.6435417578
-266.7000000000 3.6436387353
-266.6000000000 3.6435991251
-266.5000000000 3.6431412651
-266.4000000000 3.6431439174
-266.3000000000 3.6432790108
-266.2000000000 3.6438141952
-266.1000000000 3.6436238577
-266.0000000000 3.6437482212
-265.9000000000 3.6436888629
-265.8000000000 3.6434154366
-265.7000000000 3.6436456072
-265.6000000000 3.6432712886
-265.5000000000 3.6433858370
-265.4000000000 3.6436684391
-265.3000000000 3.6439534457
-265.2000000000 3.6439887591
-265.1000000000 3.6442287446
-265.0000000000 3.6445388375
-264.9000000000 3.6441199420
-264.8000000000 3.6440731666
-264.7000000000 3.6445023057
-264.6000000000 3.6438262732
-264.5000000000 3.6431278323
-264.4000000000 3.6436212670
-264.3000000000 3.6439304395
-264.2000000000 3.6439179402
-264.1000000000 3.6438442892
-264.0000000000 3.6433951640
-263.9000000000 3.6435853406
-263.8000000000 3.6435983731
-263.7000000000 3.6426372775
-263.6000000000 3.6425025937
-263.5000000000 3.6423383362
-263.4000000000 3.6423888038
-263.3000000000 3.6428395109
-263.2000000000 3.6431159493
-263.1000000000 3.6429592824
-263.0000000000 3.6424049084
-262.9000000000 3.6421968981
-262.8000000000 3.6419769935
-262.7000000000 3.6416854719
-262.6000000000 3.6417968169
-262.5000000000 3.6415817353
-262.4000000000 3.6416992888
-262.3000000000 3.6416590127
-262.2000000000 3.6416742765
-262.1000000000 3.6415735758
-262.0000000000 3.6414817832
-261.9000000000 3.6407711573
-261.8000000000 3.6408611107
-261.7000000000 3.6414933679
-261.6000000000 3.6416437545
-261.5000000000 3.6414346491
-261.4000000000 3.6418327620
-261.3000000000 3.6417440487
-261.2000000000 3.6413353799
-261.1000000000 3.6416805182
-261.0000000000 3.6418883949
-260.9000000000 3.6421581639
-260.8000000000 3.6425328628
-260.7000000000 3.6422724992
-260.6000000000 3.6423411702
-260.5000000000 3.6428712798
-260.4000000000 3.6425558499
-260.3000000000 3.6424069201
-260.2000000000 3.6422530322
-260.1000000000 3.6425918160
-260.0000000000 3.6423886405
-259.9000000000 3.6424529470
-259.8000000000 3.6425623147
-259.7000000000 3.6421959538
-259.6000000000 3.6425385527
-259.5000000000 3.6422112936
-259.4000000000 3.6419892860
-259.3000000000 3.6419278805
-259.2000000000 3.6420882266
-259.1000000000 3.6418427718
-259.0000000000 3.6419931661
-258.9000000000 3.6417715088
-258.8000000000 3.6418562762
-258.7000000000 3.6414985076
-258.6000000000 3.6417442946
-258.5000000000 3.6411891227
-258.4000000000 3.6418369428
-258.3000000000 3.6419644781
-258.2000000000 3.6412650280
-258.1000000000 3.6416953006
-258.0000000000 3.6416227423
-257.9000000000 3.6416068924
-257.8000000000 3.6415948371
-257.7000000000 3.6415468096
-257.6000000000 3.6419049673
-257.5000000000 3.6421888096
-257.4000000000 3.6413782533
-257.3000000000 3.6413607507
-257.2000000000 3.6414897439
-257.1000000000 3.6411274979
-257.0000000000 3.6413615253
-256.9000000000 3.6416693461
-256.8000000000 3.6413722836
-256.7000000000 3.6413156263
-256.6000000000 3.6418064123
-256.5000000000 3.6416636126
-256.4000000000 3.6415072209
-256.3000000000 3.6417099536
-256.2000000000 3.6420330654
-256.1000000000 3.6425834771
-256.0000000000 3.6428448654
-255.9000000000 3.6430198711
-255.8000000000 3.6430274122
-255.7000000000 3.6426180113
-255.6000000000 3.6426395461
-255.5000000000 3.6428197081
-255.4000000000 3.6428481211
-255.3000000000 3.6431071051
-255.2000000000 3.6429440891
-255.1000000000 3.6430740606
-255.0000000000 3.6430248789
-254.9000000000 3.6434504039
-254.8000000000 3.6435045523
-254.7000000000 3.6434874814
-254.6000000000 3.6434161085
-254.5000000000 3.6431717081
-254.4000000000 3.6433114814
-254.3000000000 3.6432477345
-254.2000000000 3.6436575966
-254.1000000000 3.6435670183
-254.0000000000 3.6439045140
-253.9000000000 3.6440195162
-253.8000000000 3.6434446797
-253.7000000000 3.6433107454
-253.6000000000 3.6437276014
-253.5000000000 3.6435248059
-253.4000000000 3.6430538611
-253.3000000000 3.6430045915
-253.2000000000 3.6429865729
-253.1000000000 3.6435212425
-253.0000000000 3.6434658156
-252.9000000000 3.6434108455
-252.8000000000 3.6435654143
-252.7000000000 3.6439681903
-252.6000000000 3.6438600286
-252.5000000000 3.6441124702
-252.4000000000 3.6439908463
-252.3000000000 3.6439948958
-252.2000000000 3.6436888491
-252.1000000000 3.6435801820
-252.0000000000 3.6440213044
-251.9000000000 3.6437083285
-251.8000000000 3.6437022685
-251.7000000000 3.6432955231
-251.6000000000 3.6438513976
-251.5000000000 3.6438280923
-251.4000000000 3.6437105052
-251.3000000000 3.6437077406
-251.2000000000 3.6440718175
-251.1000000000 3.6442183925
-251.0000000000 3.6445234579
-250.9000000000 3.6448763457
-250.8000000000 3.6446767419
-250.7000000000 3.6447732624
-250.6000000000 3.6446216321
-250.5000000000 3.6441893566
-250.4000000000 3.6439140408
-250.3000000000 3.6436268676
-250.2000000000 3.6437428782
-250.1000000000 3.6434739520
-250.0000000000 3.6434390004
-249.9000000000 3.6431597019
-249.8000000000 3.6433967758
-249.7000000000 3.6434121058
-249.6000000000 3.6434325004
-249.5000000000 3.6435385179
-249.4000000000 3.6437413713
-249.3000000000 3.6438908111
-249.2000000000 3.6440145183
-249.1000000000 3.6445727888
-249.0000000000 3.6448881677
-248.9000000000 3.6446120341
-248.8000000000 3.6450679852
-248.7000000000 3.6451594547
-248.6000000000 3.6452942859
-248.5000000000 3.6458687290
-248.4000000000 3.6461297885
-248.3000000000 3.6459598665
-248.2000000000 3.6458301902
-248.1000000000 3.6454801120
-248.0000000000 3.6453140635
-247.9000000000 3.6459397417
-247.8000000000 3.6459556746
-247.7000000000 3.6455977219
-247.6000000000 3.6456403040
-247.5000000000 3.6454701859
-247.4000000000 3.6451789239
-247.3000000000 3.6446847337
-247.2000000000 3.6443829725
-247.1000000000 3.6447645807
-247.0000000000 3.6451856303
-246.9000000000 3.6453592583
-246.8000000000 3.6455518227
-246.7000000000 3.6456243112
-246.6000000000 3.6459665438
-246.5000000000 3.6461856190
-246.4000000000 3.6463574981
-246.3000000000 3.6459402767
-246.2000000000 3.6457418852
-246.1000000000 3.6452988243
-246.0000000000 3.6454577802
-245.9000000000 3.6451894903
-245.8000000000 3.6445758586
-245.7000000000 3.6444791039
-245.6000000000 3.6451381979
-245.5000000000 3.6454529664
-245.4000000000 3.6456335881
-245.3000000000 3.6455335956
-245.2000000000 3.6454324175
-245.1000000000 3.6453017559
-245.0000000000 3.6452083170
-244.9000000000 3.6449982172
-244.8000000000 3.6449817348
-244.7000000000 3.6446170524
-244.6000000000 3.6449793037
-244.5000000000 3.6449083947
-244.4000000000 3.6451285687
-244.3000000000 3.6451700844
-244.2000000000 3.6454230438
-244.1000000000 3.6457574805
-244.0000000000 3.6461006226
-243.9000000000 3.6460794579
-243.8000000000 3.6459475104
-243.7000000000 3.6460750844
-243.6000000000 3.6461751098
-243.5000000000 3.6460703525
-243.4000000000 3.6459481764
-243.3000000000 3.6461096517
-243.2000000000 3.6456315350
-243.1000000000 3.6461206464
-243.0000000000 3.6460986132
-242.9000000000 3.6464229490
-242.8000000000 3.6461179669
-242.7000000000 3.6459663701
-242.6000000000 3.6459271216
-242.5000000000 3.6457846716
-242.4000000000 3.6456557427
-242.3000000000 3.6457402703
-242.2000000000 3.6451642777
-242.1000000000 3.6448464659
-242.0000000000 3.6453267809
-241.9000000000 3.6453387282
-241.8000000000 3.6456608613
-241.7000000000 3.6452958333
-241.6000000000 3.6451667271
-241.5000000000 3.6450735482
-241.4000000000 3.6445899850
-241.3000000000 3.6445523782
-241.2000000000 3.6444741016
-241.1000000000 3.6444725616
-241.0000000000 3.6444201172
-240.9000000000 3.6445673872
-240.8000000000 3.6444245008
-240.7000000000 3.6445354213
-240.6000000000 3.6450511422
-240.5000000000 3.6448270620
-240.4000000000 3.6448578832
-240.3000000000 3.6450274413
-240.2000000000 3.6450864981
-240.1000000000 3.6449066873
-240.0000000000 3.6451092999
-239.9000000000 3.6448963093
-239.8000000000 3.6446522384
-239.7000000000 3.6449155989
-239.6000000000 3.6447337386
-239.5000000000 3.6445041539
-239.4000000000 3.6440794742
-239.3000000000 3.6436569618
-239.2000000000 3.6437518162
-239.1000000000 3.6443149649
-239.0000000000 3.6447658846
-238.9000000000 3.6444057970
-238.8000000000 3.6439788686
-238.7000000000 3.6436922298
-238.6000000000 3.6439502714
-238.5000000000 3.6437461281
-238.4000000000 3.6436352785
-238.3000000000 3.6434505677
-238.2000000000 3.6435276779
-238.1000000000 3.6430197376
-238.0000000000 3.6420812934
-237.9000000000 3.6429212526
-237.8000000000 3.6430718984
-237.7000000000 3.6433262692
-237.6000000000 3.6432609915
-237.5000000000 3.6431586827
-237.4000000000 3.6432865068
-237.3000000000 3.6431331669
-237.2000000000 3.6429544951
-237.1000000000 3.6427181264
-237.0000000000 3.6427240107
-236.9000000000 3.6425260761
-236.8000000000 3.6428824619
-236.7000000000 3.6430298397
-236.6000000000 3.6430309635
-236.5000000000 3.6430924735
-236.4000000000 3.6430299454
-236.3000000000 3.6435410479
-236.2000000000 3.6428326281
-236.1000000000 3.6426286539
-236.0000000000 3.6423601384
-235.9000000000 3.6424052916
-235.8000000000 3.6425692965
-235.7000000000 3.6426321570
-235.6000000000 3.6424269642
-235.5000000000 3.6427405568
-235.4000000000 3.6428983840
-235.3000000000 3.6425807540
-235.2000000000 3.6427540571
-235.1000000000 3.6424075705
-235.0000000000 3.6420497358
-234.9000000000 3.6418941919
-234.8000000000 3.6418745487
-234.7000000000 3.6416484299
-234.6000000000 3.6417092413
-234.5000000000 3.6413583781
-234.4000000000 3.6415570458
-234.3000000000 3.6412422897
-234.2000000000 3.6411219974
-234.1000000000 3.6407530834
-234.0000000000 3.6408105729
-233.9000000000 3.6408773196
-233.8000000000 3.6406028209
-233.7000000000 3.6408448714
-233.6000000000 3.6410915542
-233.5000000000 3.6412635128
-233.4000000000 3.6413741478
-233.3000000000 3.6418072155
-233.2000000000 3.6419001326
-233.1000000000 3.6423789817
-233.0000000000 3.6420249494
-232.9000000000 3.6416233051
-232.8000000000 3.6419605134
-232.7000000000 3.6421685030
-232.6000000000 3.6422570456
-232.5000000000 3.6421007735
-232.4000000000 3.6421242246
-232.3000000000 3.6420393534
-232.2000000000 3.6418247971
-232.1000000000 3.6418293776
-232.0000000000 3.6425542794
-231.9000000000 3.6426893163
-231.8000000000 3.6426516080
-231.7000000000 3.6428498977
-231.6000000000 3.6427779326
-231.5000000000 3.6424450096
-231.4000000000 3.6421976977
-231.3000000000 3.6426246167
-231.2000000000 3.6427143850
-231.1000000000 3.6423249363
-231.0000000000 3.6421697939
-230.9000000000 3.6417882591
-230.8000000000 3.6415463583
-230.7000000000 3.6419602984
-230.6000000000 3.6423167608
-230.5000000000 3.6425484789
-230.4000000000 3.6424522228
-230.3000000000 3.6426455838
-230.2000000000 3.6426872434
-230.1000000000 3.6423800236
-230.0000000000 3.6424953370
-229.9000000000 3.6423143595
-229.8000000000 3.6424409965
-229.7000000000 3.6421843293
-229.6000000000 3.6423556323
-229.5000000000 3.6424541133
-229.4000000000 3.6424393960
-229.3000000000 3.6423340128
-229.2000000000 3.6422142207
-229.1000000000 3.6426096306
-229.0000000000 3.6425148323
-228.9000000000 3.6432847133
-228.8000000000 3.6433037384
-228.7000000000 3.6434334675
-228.6000000000 3.6438395760
-228.5000000000 3.6439685677
-228.4000000000 3.6435961213
-228.3000000000 3.6437920627
-228.2000000000 3.6437700258
-228.1000000000 3.6433691002
-228.0000000000 3.6430085623
-227.9000000000 3.6431227170
-227.8000000000 3.6429160353
-227.7000000000 3.6430834435
-227.6000000000 3.6428582938
-227.5000000000 3.6433702952
-227.4000000000 3.6435459355
-227.3000000000 3.6437248637
-227.2000000000 3.6436637748
-227.1000000000 3.6437384648
-227.0000000000 3.6435229611
-226.9000000000 3.6435278648
-226.8000000000 3.6431957472
-226.7000000000 3.6431591514
-226.6000000000 3.6432260096
-226.5000000000 3.6434110367
-226.4000000000 3.6430146544
-226.3000000000 3.6433260980
-226.2000000000 3.6436284592
-226.1000000000 3.6436517599
-226.0000000000 3.6437832369
-225.9000000000 3.6439314029
-225.8000000000 3.6439902939
-225.7000000000 3.6436488927
-225.6000000000 3.6438400108
-225.5000000000 3.6436371989
-225.4000000000 3.6441368397
-225.3000000000 3.6442754691
-225.2000000000 3.6442826829
-225.1000000000 3.6441325870
-225.0000000000 3.6436674051
-224.9000000000 3.6438125365
-224.8000000000 3.6434935686
-224.7000000000 3.6438449331
-224.6000000000 3.6437595166
-224.5000000000 3.6430450931
-224.4000000000 3.6435281012
-224.3000000000 3.6440597943
-224.2000000000 3.6440963358
-224.1000000000 3.6442825119
-224.0000000000 3.6444375610
-223.9000000000 3.6447836543
-223.8000000000 3.6444857049
-223.7000000000 3.6446240464
-223.6000000000 3.6445483688
-223.5000000000 3.6443737104
-223.4000000000 3.6444044095
-223.3000000000 3.6448350026
-223.2000000000 3.6450649376
-223.1000000000 3.6448099401
-223.0000000000 3.6450401578
-222.9000000000 3.6453305844
-222.8000000000 3.6455567080
-222.7000000000 3.6455463438
-222.6000000000 3.6454930103
-222.5000000000 3.6452282190
-222.4000000000 3.6454688442
-222.3000000000 3.6454179226
-222.2000000000 3.6456156563
-222.1000000000 3.6451372983
-222.0000000000 3.6449808510
-221.9000000000 3.6451488771
-221.8000000000 3.6455666159
-221.7000000000 3.6453610094
-221.6000000000 3.6450899028
-221.5000000000 3.6450630356
-221.4000000000 3.6448760730
-221.3000000000 3.6452007615
-221.2000000000 3.6449187418
-221.1000000000 3.6447336490
-221.0000000000 3.6450480484
-220.9000000000 3.6451756448
-220.8000000000 3.6453831424
-220.7000000000 3.6451248164
-220.6000000000 3.6447819442
-220.5000000000 3.6442278116
-220.4000000000 3.6446287085
-220.3000000000 3.6442648993
-220.2000000000 3.6435821896
-220.1000000000 3.6435193373
-220.0000000000 3.6434818088
-219.9000000000 3.6433625513
-219.8000000000 3.6433214392
-219.7000000000 3.6437484889
-219.6000000000 3.6444127825
-219.5000000000 3.6445130747
-219.4000000000 3.6434994509
-219.3000000000 3.6432412211
-219.2000000000 3.6434296994
-219.1000000000 3.6435339794
-219.0000000000 3.6431416124
-218.9000000000 3.6431791307
-218.8000000000 3.6429767472
-218.7000000000 3.6435036593
-218.6000000000 3.6439057404
-218.5000000000 3.6434630352
-218.4000000000 3.6432616368
-218.3000000000 3.6432277823
-218.2000000000 3.6434414896
-218.1000000000 3.6434628680
-218.0000000000 3.6430418350
-217.9000000000 3.6430303804
-217.8000000000 3.6427651240
-217.7000000000 3.6427994464
-217.6000000000 3.6428318831
-217.5000000000 3.6434120403
-217.4000000000 3.6436071760
-217.3000000000 3.6429557199
-217.2000000000 3.6424785703
-217.1000000000 3.6426446536
-217.0000000000 3.6430144494
-216.9000000000 3.6432481826
-216.8000000000 3.6434502011
-216.7000000000 3.6430038523
-216.6000000000 3.6433792624
-216.5000000000 3.6433914209
-216.4000000000 3.6439603275
-216.3000000000 3.6440938871
-216.2000000000 3.6442352571
-216.1000000000 3.6443854161
-216.0000000000 3.6446397732
-215.9000000000 3.6440138877
-215.8000000000 3.6430583707
-215.7000000000 3.6433320345
-215.6000000000 3.6428210813
-215.5000000000 3.6434738785
-215.4000000000 3.6434593030
-215.3000000000 3.6434409074
-215.2000000000 3.6439658652
-215.1000000000 3.6443569734
-215.0000000000 3.6446840303
-214.9000000000 3.6446845927
-214.8000000000 3.6442962396
-214.7000000000 3.6440058248
-214.6000000000 3.6447697566
-214.5000000000 3.6446456832
-214.4000000000 3.6443397116
-214.3000000000 3.6449299961
-214.2000000000 3.6452158480
-214.1000000000 3.6454116394
-214.0000000000 3.6453516317
-213.9000000000 3.6450448079
-213.8000000000 3.6450262870
-213.7000000000 3.6447370496
-213.6000000000 3.6451048317
-213.5000000000 3.6444875768
-213.4000000000 3.6444357029
-213.3000000000 3.6444598200
-213.2000000000 3.6445958157
-213.1000000000 3.6441603912
-213.0000000000 3.6442651770
-212.9000000000 3.6443603939
-212.8000000000 3.6442866118
-212.7000000000 3.6447272767
-212.6000000000 3.6444887161
-212.5000000000 3.6439628964
-212.4000000000 3.6440502691
-212.3000000000 3.6440497633
-212.2000000000 3.6439946236
-212.1000000000 3.6434594563
-212.0000000000 3.6432208326
-211.9000000000 3.6433902289
-211.8000000000 3.6439375717
-211.7000000000 3.6443346976
-211.6000000000 3.6442456391
-211.5000000000 3.6449386188
-211.4000000000 3.6448337990
-211.3000000000 3.6445514052
-211.2000000000 3.6451913831
-211.1000000000 3.6451924311
-211.0000000000 3.6452200317
-210.9000000000 3.6451322278
-210.8000000000 3.6453965708
-210.7000000000 3.6454521931
-210.6000000000 3.6453931563
-210.5000000000 3.6454632937
-210.4000000000 3.6460762834
-210.3000000000 3.6458504179
-210.2000000000 3.6458121351
-210.1000000000 3.6457741680
-210.0000000000 3.6457769820
-209.9000000000 3.6461308887
-209.8000000000 3.6464129987
-209.7000000000 3.6463380007
-209.6000000000 3.6461268441
-209.5000000000 3.6467599845
-209.4000000000 3.6468778296
-209.3000000000 3.6463373091
-209.2000000000 3.6466100461
-209.1000000000 3.6466283557
-209.0000000000 3.6462754217
-208.9000000000 3.6459424481
-208.8000000000 3.6460875757
-208.7000000000 3.6455407445
-208.6000000000 3.6458289918
-208.5000000000 3.6461898022
-208.4000000000 3.6460656061
-208.3000000000 3.6461511830
-208.2000000000 3.6457712497
-208.1000000000 3.6457254645
-208.0000000000 3.6452874233
-207.9000000000 3.6451489785
-207.8000000000 3.6451039654
-207.7000000000 3.6448704563
-207.6000000000 3.6448140544
-207.5000000000 3.6448550047
-207.4000000000 3.6445309639
-207.3000000000 3.6447756987
-207.2000000000 3.6445757818
-207.1000000000 3.6448633759
-207.0000000000 3.6443231371
-206.9000000000 3.6442204818
-206.8000000000 3.6442367711
-206.7000000000 3.6442693409
-206.6000000000 3.6444389724
-206.5000000000 3.6447643014
-206.4000000000 3.6451376853
-206.3000000000 3.6448408272
-206.2000000000 3.6447500772
-206.1000000000 3.6446636704
-206.0000000000 3.6442677001
-205.9000000000 3.6442487060
-205.8000000000 3.6442457822
-205.7000000000 3.6448079683
-205.6000000000 3.6444508508
-205.5000000000 3.6439362881
-205.4000000000 3.6435304658
-205.3000000000 3.6435492427
-205.2000000000 3.6436570766
-205.1000000000 3.6434821751
-205.0000000000 3.6436081448
-204.9000000000 3.6436097167
-204.8000000000 3.6434829356
-204.7000000000 3.6434623152
-204.6000000000 3.6434823143
-204.5000000000 3.6434141117
-204.4000000000 3.6435165900
-204.3000000000 3.6435016854
-204.2000000000 3.6435139263
-204.1000000000 3.6436725273
-204.0000000000 3.6436135418
-203.9000000000 3.6437407136
-203.8000000000 3.6439909566
-203.7000000000 3.6437612540
-203.6000000000 3.6435493443
-203.5000000000 3.6437456785
-203.4000000000 3.6438552734
-203.3000000000 3.6439100329
-203.2000000000 3.6443836988
-203.1000000000 3.6439170941
-203.0000000000 3.6439891089
-202.9000000000 3.6444322409
-202.8000000000 3.6443919619
-202.7000000000 3.6439891036
-202.6000000000 3.6443676732
-202.5000000000 3.6445330413
-202.4000000000 3.6446149132
-202.3000000000 3.6448033412
-202.2000000000 3.6449522250
-202.1000000000 3.6447251199
-202.0000000000 3.6449012083
-201.9000000000 3.6446802322
-201.8000000000 3.6438439735
-201.7000000000 3.6440562008
-201.6000000000 3.6436021227
-201.5000000000 3.6441006343
-201.4000000000 3.6446455940
-201.3000000000 3.6447697630
-201.2000000000 3.6446475082
-201.1000000000 3.6445973305
-201.0000000000 3.6445558531
-200.9000000000 3.6439140217
-200.8000000000 3.6432884765
-200.7000000000 3.6432040787
-200.6000000000 3.6429087158
-200.5000000000 3.6428180064
-200.4000000000 3.6431271981
-200.3000000000 3.6435321977
-200.2000000000 3.6433421325
-200.1000000000 3.6429421397
-200.0000000000 3.6432578319
-199.9000000000 3.6431308206
-199.8000000000 3.6431764672
-199.7000000000 3.6432111136
-199.6000000000 3.6433398493
-199.5000000000 3.6430269686
-199.4000000000 3.6433544742
-199.3000000000 3.6439601306
-199.2000000000 3.6438305375
-199.1000000000 3.6438990138
-199.0000000000 3.6438058051
-198.9000000000 3.6440172338
-198.8000000000 3.6439141622
-198.7000000000 3.6436999669
-198.6000000000 3.6442664375
-198.5000000000 3.6444716788
-198.4000000000 3.6444082964
-198.3000000000 3.6448765912
-198.2000000000 3.6452866214
-198.1000000000 3.6450173862
-198.0000000000 3.6451611024
-197.9000000000 3.6455737038
-197.8000000000 3.6456527238
-197.7000000000 3.6457887005
-197.6000000000 3.6447059666
-197.5000000000 3.6449060709
-197.4000000000 3.6452490086
-197.3000000000 3.6450363977
-197.2000000000 3.6449142284
-197.1000000000 3.6448158656
-197.0000000000 3.6449279506
-196.9000000000 3.6450763055
-196.8000000000 3.6450528050
-196.7000000000 3.6451138666
-196.6000000000 3.6452033983
-196.5000000000 3.6455933623
-196.4000000000 3.6455536414
-196.3000000000 3.6454849928
-196.2000000000 3.6458051821
-196.1000000000 3.6455163297
-196.0000000000 3.6452512315
-195.9000000000 3.6450694265
-195.8000000000 3.6452732487
-195.7000000000 3.6450402540
-195.6000000000 3.6451184477
-195.5000000000 3.6452364527
-195.4000000000 3.6445805741
-195.3000000000 3.6449057086
-195.2000000000 3.6444616181
-195.1000000000 3.6444612210
-195.0000000000 3.6442371345
-194.9000000000 3.6442318528
-194.8000000000 3.6440416915
-194.7000000000 3.6444534945
-194.6000000000 3.6444681684
-194.5000000000 3.6447622482
-194.4000000000 3.6449290095
-194.3000000000 3.6450769938
-194.2000000000 3.6451436407
-194.1000000000 3.6447917588
-194.0000000000 3.6443689260
-193.9000000000 3.6440191577
-193.8000000000 3.6445612042
-193.7000000000 3.6446675485
-193.6000000000 3.6443969563
-193.5000000000 3.6445380063
-193.4000000000 3.6443427515
-193.3000000000 3.6444478286
-193.2000000000 3.6447440198
-193.1000000000 3.6444916935
-193.0000000000 3.6442594514
-192.9000000000 3.6442059977
-192.8000000000 3.6442073067
-192.7000000000 3.6448937104
-192.6000000000 3.6453264545
-192.5000000000 3.6451049451
-192.4000000000 3.6449567537
-192.3000000000 3.6445255488
-192.2000000000 3.6444242084
-192.1000000000 3.6447290357
-192.0000000000 3.6452551181
-191.9000000000 3.6451184607
-191.8000000000 3.6443542877
-191.7000000000 3.6440149754
-191.6000000000 3.6437393563
-191.5000000000 3.6438620646
-191.4000000000 3.6436849772
-191.3000000000 3.6437314082
-191.2000000000 3.6436768300
-191.1000000000 3.6436870926
-191.0000000000 3.6436491198
-190.9000000000 3.6438546056
-190.8000000000 3.6434165992
-190.7000000000 3.6438415344
-190.6000000000 3.6436904578
-190.5000000000 3.6431547818
-190.4000000000 3.6437690136
-190.3000000000 3.6436979301
-190.2000000000 3.6438365678
-190.1000000000 3.6435755984
-190.0000000000 3.6440187515
-189.9000000000 3.6437669417
-189.8000000000 3.6436398009
-189.7000000000 3.6438072782
-189.6000000000 3.6435468618
-189.5000000000 3.6435413643
-189.4000000000 3.6436663518
-189.3000000000 3.6432843002
-189.2000000000 3.6434916033
-189.1000000000 3.6436378415
-189.0000000000 3.6431551968
-188.9000000000 3.6427267551
-188.8000000000 3.6422607213
-188.7000000000 3.6419853570
-188.6000000000 3.6421515575
-188.5000000000 3.6418168540
-188.4000000000 3.6419703126
-188.3000000000 3.6427572642
-188.2000000000 3.6435362451
-188.1000000000 3.6432393889
-188.0000000000 3.6433207811
-187.9000000000 3.6433715796
-187.8000000000 3.6435450246
-187.7000000000 3.6435412004
-187.6000000000 3.6437972053
-187.5000000000 3.6438434684
-187.4000000000 3.6435878703
-187.3000000000 3.6432127261
-187.2000000000 3.6434527930
-187.1000000000 3.6435525534
-187.0000000000 3.6435427700
-186.9000000000 3.6434106788
-186.8000000000 3.6434892333
-186.7000000000 3.6436314891
-186.6000000000 3.6435251564
-186.5000000000 3.6435445644
-186.4000000000 3.6437219848
-186.3000000000 3.6440106236
-186.2000000000 3.6440316905
-186.1000000000 3.6440250330
-186.0000000000 3.6434894734
-185.9000000000 3.6434955064
-185.8000000000 3.6432993717
-185.7000000000 3.6433259527
-185.6000000000 3.6437727209
-185.5000000000 3.6438833419
-185.4000000000 3.6434142999
-185.3000000000 3.6434791856
-185.2000000000 3.6432884833
-185.1000000000 3.6434127523
-185.0000000000 3.6432723340
-184.9000000000 3.6434765082
-184.8000000000 3.6441695577
-184.7000000000 3.6443193018
-184.6000000000 3.6443681404
-184.5000000000 3.6443844149
-184.4000000000 3.6443382611
-184.3000000000 3.6440731833
-184.2000000000 3.6441645835
-184.1000000000 3.6441545249
-184.0000000000 3.6445107070
-183.9000000000 3.6443589335
-183.8000000000 3.6442170367
-183.7000000000 3.6442508918
-183.6000000000 3.6441825999
-183.5000000000 3.6435660528
-183.4000000000 3.6433204651
-183.3000000000 3.6435762816
-183.2000000000 3.6432855376
-183.1000000000 3.6435048668
-183.0000000000 3.6434623932
-182.9000000000 3.6432527665
-182.8000000000 3.6432115319
-182.7000000000 3.6434849068
-182.6000000000 3.6435179948
-182.5000000000 3.6436524158
-182.4000000000 3.6434185706
-182.3000000000 3.6429747425
-182.2000000000 3.6432042038
-182.1000000000 3.6435120448
-182.0000000000 3.6437433853
-181.9000000000 3.6437174640
-181.8000000000 3.6441766728
-181.7000000000 3.6440930641
-181.6000000000 3.6439632997
-181.5000000000 3.6442696308
-181.4000000000 3.6445499984
-181.3000000000 3.6447785012
-181.2000000000 3.6445749469
-181.1000000000 3.6447264950
-181.0000000000 3.6449610253
-180.9000000000 3.6448702600
-180.8000000000 3.6451238122
-180.7000000000 3.6450960330
-180.6000000000 3.6451961407
-180.5000000000 3.6454618213
-180.4000000000 3.6452114405
-180.3000000000 3.6454934288
-180.2000000000 3.6457002331
-180.1000000000 3.6458122953
-180.0000000000 3.6457708304
-179.9000000000 3.6460966085
-179.8000000000 3.6462679954
-179.7000000000 3.6456104312
-179.6000000000 3.6459828307
-179.5000000000 3.6460628891
-179.4000000000 3.6457976008
-179.3000000000 3.6455905591
-179.2000000000 3.6462663846
-179.1000000000 3.6460598006
-179.0000000000 3.6459388321
-178.9000000000 3.6462337715
-178.8000000000 3.6461907229
-178.7000000000 3.6459779398
-178.6000000000 3.6465414841
-178.5000000000 3.6465364227
-178.4000000000 3.6462662208
-178.3000000000 3.6463885790
-178.2000000000 3.6471734191
-178.1000000000 3.6477892562
-178.0000000000 3.6477729346
-177.9000000000 3.6474433264
-177.8000000000 3.6471969846
-177.7000000000 3.6467488423
-177.6000000000 3.6465289824
-177.5000000000 3.6465727686
-177.4000000000 3.6467550598
-177.3000000000 3.6468861823
-177.2000000000 3.6465159944
-177.1000000000 3.6459734502
-177.0000000000 3.6466173857
-176.9000000000 3.6466651584
-176.8000000000 3.6465957478
-176.7000000000 3.6469650130
-176.6000000000 3.6466661083
-176.5000000000 3.6464286331
-176.4000000000 3.6463508077
-176.3000000000 3.6458923517
-176.2000000000 3.6462718420
-176.1000000000 3.6470349643
-176.0000000000 3.6465868146
-175.9000000000 3.6468317904
-175.8000000000 3.6473395075
-175.7000000000 3.6475384276
-175.6000000000 3.6475425094
-175.5000000000 3.6476802442
-175.4000000000 3.6479963841
-175.3000000000 3.6484863695
-175.2000000000 3.6479355186
-175.1000000000 3.6479198286
-175.0000000000 3.6479548217
-174.9000000000 3.6480478970
-174.8000000000 3.6478763521
-174.7000000000 3.6472287287
-174.6000000000 3.6467896343
-174.5000000000 3.6470667258
-174.4000000000 3.6473661139
-174.3000000000 3.6473864050
-174.2000000000 3.6472922960
-174.1000000000 3.6468554712
-174.0000000000 3.6470403966
-173.9000000000 3.6472379115
-173.8000000000 3.6471425105
-173.7000000000 3.6475188443
-173.6000000000 3.6474709585
-173.5000000000 3.6477453342
-173.4000000000 3.6479841942
-173.3000000000 3.6479071912
-173.2000000000 3.6479543843
-173.1000000000 3.6481024219
-173.0000000000 3.6485391597
-172.9000000000 3.6484643490
-172.8000000000 3.6476287105
-172.7000000000 3.6480467519
-172.6000000000 3.6481872505
-172.5000000000 3.6484687971
-172.4000000000 3.6481926642
-172.3000000000 3.6485366217
-172.2000000000 3.6477972480
-172.1000000000 3.6475088127
-172.0000000000 3.6472837650
-171.9000000000 3.6475951620
-171.8000000000 3.6477536213
-171.7000000000 3.6479809494
-171.6000000000 3.6479486866
-171.5000000000 3.6480750862
-171.4000000000 3.6483952755
-171.3000000000 3.6479757577
-171.2000000000 3.6480959579
-171.1000000000 3.6485756552
-171.0000000000 3.6487853133
-170.9000000000 3.6481478621
-170.8000000000 3.6478752437
-170.7000000000 3.6480249786
-170.6000000000 3.6474629916
-170.5000000000 3.6471973823
-170.4000000000 3.6470162352
-170.3000000000 3.6477230298
-170.2000000000 3.6475178334
-170.1000000000 3.6477637836
-170.0000000000 3.6476907174
-169.9000000000 3.6482042117
-169.8000000000 3.6479015187
-169.7000000000 3.6480054385
-169.6000000000 3.6476671386
-169.5000000000 3.6480728430
-169.4000000000 3.6481426865
-169.3000000000 3.6481527089
-169.2000000000 3.6484846868
-169.1000000000 3.6482181231
-169.0000000000 3.6481753388
-168.9000000000 3.6483132497
-168.8000000000 3.6484590805
-168.7000000000 3.6485929448
-168.6000000000 3.6485347990
-168.5000000000 3.6485747672
-168.4000000000 3.6485320434
-168.3000000000 3.6482330340
-168.2000000000 3.6485898815
-168.1000000000 3.6490269338
-168.0000000000 3.6489800824
-167.9000000000 3.6490523988
-167.8000000000 3.6493955742
-167.7000000000 3.6492545944
-167.6000000000 3.6496512037
-167.5000000000 3.6498724741
-167.4000000000 3.6501344478
-167.3000000000 3.6498890867
-167.2000000000 3.6497015369
-167.1000000000 3.6501495555
-167.0000000000 3.6494971497
-166.9000000000 3.6497209387
-166.8000000000 3.6502187722
-166.7000000000 3.6500880964
-166.6000000000 3.6501269509
-166.5000000000 3.6502661566
-166.4000000000 3.6502259477
-166.3000000000 3.6501035683
-166.2000000000 3.6501415565
-166.1000000000 3.6496409476
-166.0000000000 3.6488474413
-165.9000000000 3.6485619500
-165.8000000000 3.6482042334
-165.7000000000 3.6485481179
-165.6000000000 3.6482073626
-165.5000000000 3.6481332527
-165.4000000000 3.6483838588
-165.3000000000 3.6483739758
-165.2000000000 3.6481441172
-165.1000000000 3.6482732890
-165.0000000000 3.6486156907
-164.9000000000 3.6477943123
-164.8000000000 3.6474642911
-164.7000000000 3.6476463092
-164.6000000000 3.6479905996
-164.5000000000 3.6477254303
-164.4000000000 3.6474980077
-164.3000000000 3.6471020681
-164.2000000000 3.6468793829
-164.1000000000 3.6467219202
-164.0000000000 3.6468362876
-163.9000000000 3.6475619741
-163.8000000000 3.6474021781
-163.7000000000 3.6472989607
-163.6000000000 3.6469292338
-163.5000000000 3.6467688299
-163.4000000000 3.6465930775
-163.3000000000 3.6466938336
-163.2000000000 3.6468893344
-163.1000000000 3.6467571240
-163.0000000000 3.6471534053
-162.9000000000 3.6472148121
-162.8000000000 3.6467954402
-162.7000000000 3.6471470549
-162.6000000000 3.6470527157
-162.5000000000 3.6472070880
-162.4000000000 3.6472647932
-162.3000000000 3.6475641627
-162.2000000000 3.6479153805
-162.1000000000 3.6479138999
-162.0000000000 3.6477109344
-161.9000000000 3.6475560060
-161.8000000000 3.6475086194
-161.7000000000 3.6476501869
-161.6000000000 3.6477101549
-161.5000000000 3.6479469533
-161.4000000000 3.6481902490
-161.3000000000 3.6483598049
-161.2000000000 3.6484258028
-161.1000000000 3.6485041408
-161.0000000000 3.6485117723
-160.9000000000 3.6484014807
-160.8000000000 3.6488259233
-160.7000000000 3.6487592528
-160.6000000000 3.6484694211
-160.5000000000 3.6482278646
-160.4000000000 3.6483732556
-160.3000000000 3.6481959318
-160.2000000000 3.6481240369
-160.1000000000 3.6482455330
-160.0000000000 3.6479702044
-159.9000000000 3.6480559401
-159.8000000000 3.6479880667
-159.7000000000 3.6477624323
-159.6000000000 3.6475395511
-159.5000000000 3.6471489944
-159.4000000000 3.6472868115
-159.3000000000 3.6476005330
-159.2000000000 3.6470814514
-159.1000000000 3.6472990429
-159.0000000000 3.6469453450
-158.9000000000 3.6467139686
-158.8000000000 3.6468168823
-158.7000000000 3.6465663189
-158.6000000000 3.6465053398
-158.5000000000 3.6464982834
-158.4000000000 3.6468721080
-158.3000000000 3.6475539073
-158.2000000000 3.6476950305
-158.1000000000 3.6471800803
-158.0000000000 3.6472152629
-157.9000000000 3.6472396553
-157.8000000000 3.6475100991
-157.7000000000 3.6474476535
-157.6000000000 3.6475755441
-157.5000000000 3.6468521737
-157.4000000000 3.6470036048
-157.3000000000 3.6472573286
-157.2000000000 3.6473321220
-157.1000000000 3.6472085264
-157.0000000000 3.6471559387
-156.9000000000 3.6474934542
-156.8000000000 3.6468748805
-156.7000000000 3.6473827010
-156.6000000000 3.6472203712
-156.5000000000 3.6471139535
-156.4000000000 3.6468620864
-156.3000000000 3.6473261515
-156.2000000000 3.6473261027
-156.1000000000 3.6474597986
-156.0000000000 3.6473127791
-155.9000000000 3.6467813090
-155.8000000000 3.6471095042
-155.7000000000 3.6472970716
-155.6000000000 3.6469878229
-155.5000000000 3.6466005872
-155.4000000000 3.6466562241
-155.3000000000 3.6466773791
-155.2000000000 3.6467731167
-155.1000000000 3.6471130317
-155.0000000000 3.6471863466
-154.9000000000 3.6470997900
-154.8000000000 3.6466384738
-154.7000000000 3.6470742564
-154.6000000000 3.6471276601
-154.5000000000 3.6468534190
-154.4000000000 3.6471231866
-154.3000000000 3.6469454056
-154.2000000000 3.6467547310
-154.1000000000 3.6472242193
-154.0000000000 3.6470172033
-153.9000000000 3.6470301469
-153.8000000000 3.6468623662
-153.7000000000 3.6470693086
-153.6000000000 3.6467569539
-153.5000000000 3.6463029120
-153.4000000000 3.6467065281
-153.3000000000 3.6464098936
-153.2000000000 3.6465053441
-153.1000000000 3.6468357945
-153.0000000000 3.6464549341
-152.9000000000 3.6465945606
-152.8000000000 3.6468667160
-152.7000000000 3.6469795025
-152.6000000000 3.6469534110
-152.5000000000 3.6461270810
-152.4000000000 3.6464339738
-152.3000000000 3.6463681865
-152.2000000000 3.6469498989
-152.1000000000 3.6472649044
-152.0000000000 3.6468133625
-151.9000000000 3.6469931342
-151.8000000000 3.6468251947
-151.7000000000 3.6470272161
-151.6000000000 3.6469978152
-151.5000000000 3.6465643998
-151.4000000000 3.6465347896
-151.3000000000 3.6464921146
-151.2000000000 3.6469449696
-151.1000000000 3.6461223831
-151.0000000000 3.6463773277
-150.9000000000 3.6461660706
-150.8000000000 3.6457928843
-150.7000000000 3.6458184020
-150.6000000000 3.6457876870
-150.5000000000 3.6458518751
-150.4000000000 3.6458980031
-150.3000000000 3.6467860831
-150.2000000000 3.6461887192
-150.1000000000 3.6457284059
-150.0000000000 3.6456579815
-149.9000000000 3.6456222135
-149.8000000000 3.6458958903
-149.7000000000 3.6458602922
-149.6000000000 3.6458292889
-149.5000000000 3.6459936384
-149.4000000000 3.6458576395
-149.3000000000 3.6453021938
-149.2000000000 3.6450420138
-149.1000000000 3.6449771364
-149.0000000000 3.6450433365
-148.9000000000 3.6449460567
-148.8000000000 3.6447336903
-148.7000000000 3.6447603602
-148.6000000000 3.6448471514
-148.5000000000 3.6449107006
-148.4000000000 3.6449315075
-148.3000000000 3.6451128862
-148.2000000000 3.6444615714
-148.1000000000 3.6441747540
-148.0000000000 3.6444474723
-147.9000000000 3.6447616314
-147.8000000000 3.6449526590
-147.7000000000 3.6448911324
-147.6000000000 3.6452140339
-147.5000000000 3.6449428431
-147.4000000000 3.6446151018
-147.3000000000 3.6446752976
-147.2000000000 3.6443411642
-147.1000000000 3.6443344605
-147.0000000000 3.6439057292
-146.9000000000 3.6442907657
-146.8000000000 3.6443355502
-146.7000000000 3.6446514517
-146.6000000000 3.6446484903
-146.5000000000 3.6447486121
-146.4000000000 3.6445875519
-146.3000000000 3.6446355745
-146.2000000000 3.6437581211
-146.1000000000 3.6443819575
-146.0000000000 3.6445445164
-145.9000000000 3.6450557002
-145.8000000000 3.6451766439
-145.7000000000 3.6446407915
-145.6000000000 3.6453998926
-145.5000000000 3.6448434300
-145.4000000000 3.6444077495
-145.3000000000 3.6442774593
-145.2000000000 3.6444562435
-145.1000000000 3.6445813291
-145.0000000000 3.6447699905
-144.9000000000 3.6445941111
-144.8000000000 3.6449547796
-144.7000000000 3.6446071025
-144.6000000000 3.6441781986
-144.5000000000 3.6440961467
-144.4000000000 3.6442634624
-144.3000000000 3.6439989280
-144.2000000000 3.6439899118
-144.1000000000 3.6439633249
-144.0000000000 3.6442016909
-143.9000000000 3.6436245869
-143.8000000000 3.6437310857
-143.7000000000 3.6436219079
-143.6000000000 3.6435889933
-143.5000000000 3.6436612452
-143.4000000000 3.6436342347
-143.3000000000 3.6437910643
-143.2000000000 3.6441542743
-143.1000000000 3.6443628656
-143.0000000000 3.6443173347
-142.9000000000 3.6440549850
-142.8000000000 3.6438591783
-142.7000000000 3.6442005938
-142.6000000000 3.6439786708
-142.5000000000 3.6440116142
-142.4000000000 3.6442189143
-142.3000000000 3.6440090284
-142.2000000000 3.6436143123
-142.1000000000 3.6443934272
-142.0000000000 3.6449172349
-141.9000000000 3.6447670681
-141.8000000000 3.6442852533
-141.7000000000 3.6441106596
-141.6000000000 3.6441002925
-141.5000000000 3.6440406917
-141.4000000000 3.6445939833
-141.3000000000 3.6443935055
-141.2000000000 3.6444683452
-141.1000000000 3.6442497413
-141.0000000000 3.6441224606
-140.9000000000 3.6442728846
-140.8000000000 3.6443700928
-140.7000000000 3.6448191351
-140.6000000000 3.6446885854
-140.5000000000 3.6445717607
-140.4000000000 3.6443693300
-140.3000000000 3.6446770220
-140.2000000000 3.6450866315
-140.1000000000 3.6445955880
-140.0000000000 3.6444292588
-139.9000000000 3.6446369604
-139.8000000000 3.6449685486
-139.7000000000 3.6442001805
-139.6000000000 3.6443854951
-139.5000000000 3.6445370280
-139.4000000000 3.6445826405
-139.3000000000 3.6445881833
-139.2000000000 3.6446505503
-139.1000000000 3.6450428862
-139.0000000000 3.6452401398
-138.9000000000 3.6449183300
-138.8000000000 3.6448561915
-138.7000000000 3.6449558523
-138.6000000000 3.6446153025
-138.5000000000 3.6445170985
-138.4000000000 3.6448966152
-138.3000000000 3.6449184026
-138.2000000000 3.6444015703
-138.1000000000 3.6445135050
-138.0000000000 3.6444078670
-137.9000000000 3.6442965824
-137.8000000000 3.6442394373
-137.7000000000 3.6438301300
-137.6000000000 3.6439312399
-137.5000000000 3.6435420599
-137.4000000000 3.6434186150
-137.3000000000 3.6433781131
-137.2000000000 3.6431971921
-137.1000000000 3.6436810682
-137.0000000000 3.6436317327
-136.9000000000 3.6437673569
-136.8000000000 3.6440757816
-136.7000000000 3.6446941600
-136.6000000000 3.6446926282
-136.5000000000 3.6445334100
-136.4000000000 3.6441080954
-136.3000000000 3.6440524236
-136.2000000000 3.6444438750
-136.1000000000 3.6442178674
-136.0000000000 3.6444716518
-135.9000000000 3.6449245606
-135.8000000000 3.6448761358
-135.7000000000 3.6447151248
-135.6000000000 3.6449186220
-135.5000000000 3.6445384005
-135.4000000000 3.6445517528
-135.3000000000 3.6445012953
-135.2000000000 3.6446410912
-135.1000000000 3.6445630654
-135.0000000000 3.6440577456
-134.9000000000 3.6442719309
-134.8000000000 3.6443320650
-134.7000000000 3.6442406931
-134.6000000000 3.6440685805
-134.5000000000 3.6441451597
-134.4000000000 3.6442172345
-134.3000000000 3.6443333720
-134.2000000000 3.6451555530
-134.1000000000 3.6448736779
-134.0000000000 3.6447037054
-133.9000000000 3.6446388939
-133.8000000000 3.6446374635
-133.7000000000 3.6441399372
-133.6000000000 3.6440117219
-133.5000000000 3.6443621740
-133.4000000000 3.6444350081
-133.3000000000 3.6446033391
-133.2000000000 3.6445745419
-133.1000000000 3.6445866685
-133.0000000000 3.6446947657
-132.9000000000 3.6440728432
-132.8000000000 3.6444088079
-132.7000000000 3.6444413593
-132.6000000000 3.6439776044
-132.5000000000 3.6436155631
-132.4000000000 3.6438991078
-132.3000000000 3.6439344308
-132.2000000000 3.6440106993
-132.1000000000 3.6437052378
-132.0000000000 3.6440013196
-131.9000000000 3.6437354942
-131.8000000000 3.6434577375
-131.7000000000 3.6440549736
-131.6000000000 3.6437151483
-131.5000000000 3.6442778922
-131.4000000000 3.6440915213
-131.3000000000 3.6439693963
-131.2000000000 3.6437624204
-131.1000000000 3.6440431365
-131.0000000000 3.6444563297
-130.9000000000 3.6443294410
-130.8000000000 3.6447009285
-130.7000000000 3.6445212539
-130.6000000000 3.6440719833
-130.5000000000 3.6444927575
-130.4000000000 3.6442392411
-130.3000000000 3.6445364361
-130.2000000000 3.6447873356
-130.1000000000 3.6449531554
-130.0000000000 3.6453926347
-129.9000000000 3.6453538915
-129.8000000000 3.6453857374
-129.7000000000 3.6449943419
-129.6000000000 3.6449971305
-129.5000000000 3.6449810029
-129.4000000000 3.6452583890
-129.3000000000 3.6450774360
-129.2000000000 3.6456265291
-129.1000000000 3.6456830365
-129.0000000000 3.6460834876
-128.9000000000 3.6462392246
-128.8000000000 3.6463910462
-128.7000000000 3.6458503360
-128.6000000000 3.6464078058
-128.5000000000 3.6466936834
-128.4000000000 3.6465402742
-128.3000000000 3.6468475618
-128.2000000000 3.6466492406
-128.1000000000 3.6463331738
-128.0000000000 3.6463224344
-127.9000000000 3.6461701192
-127.8000000000 3.6464595690
-127.7000000000 3.6464748976
-127.6000000000 3.6463595058
-127.5000000000 3.6465174472
-127.4000000000 3.6469612515
-127.3000000000 3.6466104845
-127.2000000000 3.6469883658
-127.1000000000 3.6465200543
-127.0000000000 3.6468872702
-126.9000000000 3.6461149661
-126.8000000000 3.6461537703
-126.7000000000 3.6465032314
-126.6000000000 3.6469376130
-126.5000000000 3.6465497502
-126.4000000000 3.6463765644
-126.3000000000 3.6467820631
-126.2000000000 3.6472808000
-126.1000000000 3.6475056404
-126.0000000000 3.6475195835
-125.9000000000 3.6470893400
-125.8000000000 3.6466736603
-125.7000000000 3.6468325498
-125.6000000000 3.6463402423
-125.5000000000 3.6462395135
-125.4000000000 3.6467414051
-125.3000000000 3.6463913997
-125.2000000000 3.6467919192
-125.1000000000 3.6467528284
-125.0000000000 3.6471004688
-124.9000000000 3.6464506341
-124.8000000000 3.6466199686
-124.7000000000 3.6471053541
-124.6000000000 3.6468460632
-124.5000000000 3.6476888949
-124.4000000000 3.6476280845
-124.3000000000 3.6475144883
-124.2000000000 3.6481238501
-124.1000000000 3.6476927762
-124.0000000000 3.6472698995
-123.9000000000 3.6477660966
-123.8000000000 3.6476238510
-123.7000000000 3.6475801363
-123.6000000000 3.6472528765
-123.5000000000 3.6464893142
-123.4000000000 3.6462813682
-123.3000000000 3.6468250473
-123.2000000000 3.6470189088
-123.1000000000 3.6473228732
-123.0000000000 3.6470230652
-122.9000000000 3.6468191985
-122.8000000000 3.6469496549
-122.7000000000 3.6470585343
-122.6000000000 3.6470718923
-122.5000000000 3.6473209560
-122.4000000000 3.6477773419
-122.3000000000 3.6480162183
-122.2000000000 3.6477491018
-122.1000000000 3.6473277828
-122.0000000000 3.6473071200
-121.9000000000 3.6468749043
-121.8000000000 3.6467834746
-121.7000000000 3.6473041174
-121.6000000000 3.6473541416
-121.5000000000 3.6478123032
-121.4000000000 3.6475934796
-121.3000000000 3.6481189169
-121.2000000000 3.6478753711
-121.1000000000 3.6481938710
-121.0000000000 3.6479645698
-120.9000000000 3.6476066932
-120.8000000000 3.6478719043
-120.7000000000 3.6475879329
-120.6000000000 3.6477949151
-120.5000000000 3.6475732973
-120.4000000000 3.6478265144
-120.3000000000 3.6475374107
-120.2000000000 3.6479479104
-120.1000000000 3.6478505580
-120.0000000000 3.6473262396
-119.9000000000 3.6473142099
-119.8000000000 3.6474048050
-119.7000000000 3.6475989381
-119.6000000000 3.6473422329
-119.5000000000 3.6475392075
-119.4000000000 3.6475617833
-119.3000000000 3.6472613546
-119.2000000000 3.6478197373
-119.1000000000 3.6473307960
-119.0000000000 3.6476304636
-118.9000000000 3.6472948168
-118.8000000000 3.6471623515
-118.7000000000 3.6471930060
-118.6000000000 3.6474231917
-118.5000000000 3.6466434535
-118.4000000000 3.6464281737
-118.3000000000 3.6468183385
-118.2000000000 3.6464316612
-118.1000000000 3.6466817676
-118.0000000000 3.6464425901
-117.9000000000 3.6467414638
-117.8000000000 3.6471814106
-117.7000000000 3.6473921107
-117.6000000000 3.6474112389
-117.5000000000 3.6475996074
-117.4000000000 3.6475167599
-117.3000000000 3.6476162212
-117.2000000000 3.6476629784
-117.1000000000 3.6471726346
-117.0000000000 3.6476303037
-116.9000000000 3.6472024678
-116.8000000000 3.6472385859
-116.7000000000 3.6477365146
-116.6000000000 3.6475897283
-116.5000000000 3.6472205510
-116.4000000000 3.6475704327
-116.3000000000 3.6471356559
-116.2000000000 3.6473931725
-116.1000000000 3.6474514864
-116.0000000000 3.6477521059
-115.9000000000 3.6478669709
-115.8000000000 3.6483045763
-115.7000000000 3.6477803097
-115.6000000000 3.6480239627
-115.5000000000 3.6481995947
-115.4000000000 3.6479740749
-115.3000000000 3.6485241010
-115.2000000000 3.6482532746
-115.1000000000 3.6478845197
-115.0000000000 3.6480416944
-114.9000000000 3.6480045729
-114.8000000000 3.6483159042
-114.7000000000 3.6486093589
-114.6000000000 3.6485797692
-114.5000000000 3.6486770412
-114.4000000000 3.6488781165
-114.3000000000 3.6486842991
-114.2000000000 3.6488606854
-114.1000000000 3.6486356916
-114.0000000000 3.6484263352
-113.9000000000 3.6484609566
-113.8000000000 3.6481751892
-113.7000000000 3.6485900134
-113.6000000000 3.6484100354
-113.5000000000 3.6482499075
-113.4000000000 3.6485549021
-113.3000000000 3.6484417779
-113.2000000000 3.6487646797
-113.1000000000 3.6492468574
-113.0000000000 3.6493802149
-112.9000000000 3.6498366523
-112.8000000000 3.6494713879
-112.7000000000 3.6496098114
-112.6000000000 3.6497861328
-112.5000000000 3.6499573501
-112.4000000000 3.6503820234
-112.3000000000 3.6505658206
-112.2000000000 3.6506862507
-112.1000000000 3.6501822435
-112.0000000000 3.6504097761
-111.9000000000 3.6507852179
-111.8000000000 3.6502482509
-111.7000000000 3.6501157415
-111.6000000000 3.6501058202
-111.5000000000 3.6501431019
-111.4000000000 3.6502014160
-111.3000000000 3.6497367796
-111.2000000000 3.6495171590
-111.1000000000 3.6492417754
-111.0000000000 3.6488952503
-110.9000000000 3.6490373766
-110.8000000000 3.6490087656
-110.7000000000 3.6488389148
-110.6000000000 3.6493884460
-110.5000000000 3.6493004842
-110.4000000000 3.6489493764
-110.3000000000 3.6487864231
-110.2000000000 3.6488864049
-110.1000000000 3.6488658406
-110.0000000000 3.6487565055
-109.9000000000 3.6484019862
-109.8000000000 3.6480435623
-109.7000000000 3.6480550595
-109.6000000000 3.6473990778
-109.5000000000 3.6471813786
-109.4000000000 3.6472383637
-109.3000000000 3.6470882033
-109.2000000000 3.6466723853
-109.1000000000 3.6467269472
-109.0000000000 3.6464453691
-108.9000000000 3.6467325842
-108.8000000000 3.6469044429
-108.7000000000 3.6469852180
-108.6000000000 3.6467632984
-108.5000000000 3.6471097913
-108.4000000000 3.6474228367
-108.3000000000 3.6473146596
-108.2000000000 3.6472777588
-108.1000000000 3.6475392809
-108.0000000000 3.6476687592
-107.9000000000 3.6474170267
-107.8000000000 3.6476572770
-107.7000000000 3.6474054575
-107.6000000000 3.6476883131
-107.5000000000 3.6477698624
-107.4000000000 3.6477035428
-107.3000000000 3.6478366912
-107.2000000000 3.6475376663
-107.1000000000 3.6480261481
-107.0000000000 3.6479135585
-106.9000000000 3.6478730275
-106.8000000000 3.6478092549
-106.7000000000 3.6479077728
-106.6000000000 3.6475925415
-106.5000000000 3.6473678672
-106.4000000000 3.6469503698
-106.3000000000 3.6465188359
-106.2000000000 3.6464470597
-106.1000000000 3.6460466361
-106.0000000000 3.6463225064
-105.9000000000 3.6462905543
-105.8000000000 3.6466511610
-105.7000000000 3.6460158820
-105.6000000000 3.6456663150
-105.5000000000 3.6457443614
-105.4000000000 3.6460849095
-105.3000000000 3.6457188734
-105.2000000000 3.6463190996
-105.1000000000 3.6461410873
-105.0000000000 3.6465253562
-104.9000000000 3.6463645065
-104.8000000000 3.6466295402
-104.7000000000 3.6464407422
-104.6000000000 3.6461812657
-104.5000000000 3.6465531075
-104.4000000000 3.6463868653
-104.3000000000 3.6461012005
-104.2000000000 3.6464091768
-104.1000000000 3.6466055233
-104.0000000000 3.6466413346
-103.9000000000 3.6468910459
-103.8000000000 3.6469390845
-103.7000000000 3.6469413095
-103.6000000000 3.6467936248
-103.5000000000 3.6463654369
-103.4000000000 3.6462346429
-103.3000000000 3.6467983386
-103.2000000000 3.6465593924
-103.1000000000 3.6466875449
-103.0000000000 3.6463628607
-102.9000000000 3.6467718678
-102.8000000000 3.6471570014
-102.7000000000 3.6469356274
-102.6000000000 3.6468392101
-102.5000000000 3.6469423574
-102.4000000000 3.6472855591
-102.3000000000 3.6468466547
-102.2000000000 3.6465989167
-102.1000000000 3.6464603595
-102.0000000000 3.6464264784
-101.9000000000 3.6470639588
-101.8000000000 3.6469972797
-101.7000000000 3.6472993610
-101.6000000000 3.6476549640
-101.5000000000 3.6477773222
-101.4000000000 3.6477759602
-101.3000000000 3.6472840817
-101.2000000000 3.6475429964
-101.1000000000 3.6472860934
-101.0000000000 3.6470674519
-100.9000000000 3.6473407213
-100.8000000000 3.6468251092
-100.7000000000 3.6474406304
-100.6000000000 3.6468087489
-100.5000000000 3.6469572674
-100.4000000000 3.6468591861
-100.3000000000 3.6471970688
-100.2000000000 3.6475418444
-100.1000000000 3.6476922751
-100.0000000000 3.6471209869
-99.9000000000 3.6467540003
-99.8000000000 3.6471149810
-99.7000000000 3.6472257562
-99.6000000000 3.6472117018
-99.5000000000 3.6468203416
-99.4000000000 3.6468558907
-99.3000000000 3.6471392297
-99.2000000000 3.6470706473
-99.1000000000 3.6472083204
-99.0000000000 3.6464535797
-98.9000000000 3.6463999268
-98.8000000000 3.6465863931
-98.7000000000 3.6476992689
-98.6000000000 3.6475360658
-98.5000000000 3.6477928060
-98.4000000000 3.6482424787
-98.3000000000 3.6481204866
-98.2000000000 3.6481455133
-98.1000000000 3.6481120081
-98.0000000000 3.6483507830
-97.9000000000 3.6476691008
-97.8000000000 3.6481686229
-97.7000000000 3.6482729147
-97.6000000000 3.6482923222
-97.5000000000 3.6483294870
-97.4000000000 3.6482687482
-97.3000000000 3.6487260840
-97.2000000000 3.6488255039
-97.1000000000 3.6481667765
-97.0000000000 3.6485919756
-96.9000000000 3.6483115712
-96.8000000000 3.6479598757
-96.7000000000 3.6480534791
-96.6000000000 3.6478048092
-96.5000000000 3.6478727843
-96.4000000000 3.6479873713
-96.3000000000 3.6482037285
-96.2000000000 3.6478466221
-96.1000000000 3.6475648225
-96.0000000000 3.6473164266
-95.9000000000 3.6474507336
-95.8000000000 3.6469406293
-95.7000000000 3.6469823066
-95.6000000000 3.6473281543
-95.5000000000 3.6474354391
-95.4000000000 3.6472808498
-95.3000000000 3.6474022926
-95.2000000000 3.6474887217
-95.1000000000 3.6472877330
-95.0000000000 3.6476674239
-94.9000000000 3.6474273777
-94.8000000000 3.6473027466
-94.7000000000 3.6470243679
-94.6000000000 3.6468257927
-94.5000000000 3.6466358804
-94.4000000000 3.6467370982
-94.3000000000 3.6464875919
-94.2000000000 3.6462824202
-94.1000000000 3.6462980915
-94.0000000000 3.6459999332
-93.9000000000 3.6460118178
-93.8000000000 3.6461298693
-93.7000000000 3.6462905860
-93.6000000000 3.6463574223
-93.5000000000 3.6464375174
-93.4000000000 3.6462699947
-93.3000000000 3.6464810211
-93.2000000000 3.6463357427
-93.1000000000 3.6457218118
-93.0000000000 3.6461796345
-92.9000000000 3.6461498668
-92.8000000000 3.6461888608
-92.7000000000 3.6465804712
-92.6000000000 3.6463750228
-92.5000000000 3.6465220663
-92.4000000000 3.6466859302
-92.3000000000 3.6464076308
-92.2000000000 3.6463065739
-92.1000000000 3.6462107816
-92.0000000000 3.6459671235
-91.9000000000 3.6458435996
-91.8000000000 3.6456731513
-91.7000000000 3.6457933575
-91.6000000000 3.6457432666
-91.5000000000 3.6455955279
-91.4000000000 3.6453271414
-91.3000000000 3.6459464455
-91.2000000000 3.6460170215
-91.1000000000 3.6459547284
-91.0000000000 3.6455352283
-90.9000000000 3.6455982814
-90.8000000000 3.6460017050
-90.7000000000 3.6457025693
-90.6000000000 3.6454719351
-90.5000000000 3.6454965083
-90.4000000000 3.6456274503
-90.3000000000 3.6455182024
-90.2000000000 3.6458420495
-90.1000000000 3.6463987175
-90.0000000000 3.6460872839
-89.9000000000 3.6459541948
-89.8000000000 3.6460461907
-89.7000000000 3.6457141513
-89.6000000000 3.6461582036
-89.5000000000 3.6461265403
-89.4000000000 3.6461456017
-89.3000000000 3.6459214275
-89.2000000000 3.6458705564
-89.1000000000 3.6458954059
-89.0000000000 3.6457504081
-88.9000000000 3.6454821204
-88.8000000000 3.6457387704
-88.7000000000 3.6454603432
-88.6000000000 3.6456909686
-88.5000000000 3.6460290080
-88.4000000000 3.6460580194
-88.3000000000 3.6458467675
-88.2000000000 3.6458450430
-88.1000000000 3.6449744660
-88.0000000000 3.6446183882
-87.9000000000 3.6446160713
-87.8000000000 3.6448093408
-87.7000000000 3.6455466057
-87.6000000000 3.6458593589
-87.5000000000 3.6457089612
-87.4000000000 3.6461718716
-87.3000000000 3.6463499215
-87.2000000000 3.6464611424
-87.1000000000 3.6471150596
-87.0000000000 3.6470410504
-86.9000000000 3.6472665305
-86.8000000000 3.6468735608
-86.7000000000 3.6467108892
-86.6000000000 3.6469127593
-86.5000000000 3.6469579805
-86.4000000000 3.6467165540
-86.3000000000 3.6466974073
-86.2000000000 3.6464324239
-86.1000000000 3.6466609477
-86.0000000000 3.6467427465
-85.9000000000 3.6469658222
-85.8000000000 3.6476933233
-85.7000000000 3.6473674365
-85.6000000000 3.6470546698
-85.5000000000 3.6476233525
-85.4000000000 3.6474034915
-85.3000000000 3.6474766529
-85.2000000000 3.6471855705
-85.1000000000 3.6466955076
-85.0000000000 3.6471014660
-84.9000000000 3.6475598830
-84.8000000000 3.6479883962
-84.7000000000 3.6482425995
-84.6000000000 3.6481544236
-84.5000000000 3.6483441332
-84.4000000000 3.6483167956
-84.3000000000 3.6486096764
-84.2000000000 3.6483998096
-84.1000000000 3.6487787372
-84.0000000000 3.6487631993
-83.9000000000 3.6486515336
-83.8000000000 3.6487004254
-83.7000000000 3.6489464254
-83.6000000000 3.6489480507
-83.5000000000 3.6485182434
-83.4000000000 3.6483681389
-83.3000000000 3.6489669166
-83.2000000000 3.6490147299
-83.1000000000 3.6488414025
-83.0000000000 3.6483299107
-82.9000000000 3.6479741367
-82.8000000000 3.6479334596
-82.7000000000 3.6474673008
-82.6000000000 3.6479963777
-82.5000000000 3.6476730115
-82.4000000000 3.6477226905
-82.3000000000 3.6479814076
-82.2000000000 3.6477411045
-82.1000000000 3.6479920043
-82.0000000000 3.6477293491
-81.9000000000 3.6476492075
-81.8000000000 3.6474256974
-81.7000000000 3.6476037785
-81.6000000000 3.6474304091
-81.5000000000 3.6473056103
-81.4000000000 3.6476673804
-81.3000000000 3.6477896596
-81.2000000000 3.6478895310
-81.1000000000 3.6478377086
-81.0000000000 3.6477283818
-80.9000000000 3.6483276152
-80.8000000000 3.6485953445
-80.7000000000 3.6482991763
-80.6000000000 3.6486435961
-80.5000000000 3.6482938087
-80.4000000000 3.6481520083
-80.3000000000 3.6479898304
-80.2000000000 3.6477746260
-80.1000000000 3.6477314609
-80.0000000000 3.6474573893
-79.9000000000 3.6477558666
-79.8000000000 3.6478767559
-79.7000000000 3.6476271278
-79.6000000000 3.6481758574
-79.5000000000 3.6484803254
-79.4000000000 3.6484041201
-79.3000000000 3.6485698880
-79.2000000000 3.6484621035
-79.1000000000 3.6483469813
-79.0000000000 3.6481775543
-78.9000000000 3.6483925874
-78.8000000000 3.6484603114
-78.7000000000 3.6480263505
-78.6000000000 3.6480381750
-78.5000000000 3.6485407291
-78.4000000000 3.6485612982
-78.3000000000 3.6487878876
-78.2000000000 3.6490931787
-78.1000000000 3.6490996897
-78.0000000000 3.6489950074
-77.9000000000 3.6490851293
-77.8000000000 3.6484734619
-77.7000000000 3.6484735428
-77.6000000000 3.6485472317
-77.5000000000 3.6485821687
-77.4000000000 3.6483182042
-77.3000000000 3.6483796286
-77.2000000000 3.6481485176
-77.1000000000 3.6483729740
-77.0000000000 3.6485047195
-76.9000000000 3.6480983081
-76.8000000000 3.6481985431
-76.7000000000 3.6481232202
-76.6000000000 3.6480011315
-76.5000000000 3.6479497036
-76.4000000000 3.6483280415
-76.3000000000 3.6483433984
-76.2000000000 3.6488093523
-76.1000000000 3.6486842102
-76.0000000000 3.6479828339
-75.9000000000 3.6481133942
-75.8000000000 3.6480903674
-75.7000000000 3.6484095466
-75.6000000000 3.6485365763
-75.5000000000 3.6482502122
-75.4000000000 3.6477612688
-75.3000000000 3.6482353868
-75.2000000000 3.6481265282
-75.1000000000 3.6475911580
-75.0000000000 3.6482150274
-74.9000000000 3.6476646327
-74.8000000000 3.6472427723
-74.7000000000 3.6474235763
-74.6000000000 3.6474393098
-74.5000000000 3.6477689745
-74.4000000000 3.6481145596
-74.3000000000 3.6473710713
-74.2000000000 3.6467365085
-74.1000000000 3.6467946295
-74.0000000000 3.6469771522
-73.9000000000 3.6473741297
-73.8000000000 3.6473108349
-73.7000000000 3.6469573556
-73.6000000000 3.6470573094
-73.5000000000 3.6472772213
-73.4000000000 3.6474779852
-73.3000000000 3.6471296533
-73.2000000000 3.6466491337
-73.1000000000 3.6466125666
-73.0000000000 3.6464289645
-72.9000000000 3.6472422091
-72.8000000000 3.6470845437
-72.7000000000 3.6475338728
-72.6000000000 3.6477650510
-72.5000000000 3.6471540073
-72.4000000000 3.6470367882
-72.3000000000 3.6474336659
-72.2000000000 3.6470715262
-72.1000000000 3.6471672896
-72.0000000000 3.6470372822
-71.9000000000 3.6466855750
-71.8000000000 3.6468066022
-71.7000000000 3.6468686012
-71.6000000000 3.6470615604
-71.5000000000 3.6466112541
-71.4000000000 3.6466773497
-71.3000000000 3.6462937220
-71.2000000000 3.6461164398
-71.1000000000 3.6460702114
-71.0000000000 3.6454887908
-70.9000000000 3.6454051281
-70.8000000000 3.6452877943
-70.7000000000 3.6458831176
-70.6000000000 3.6458556356
-70.5000000000 3.6457649548
-70.4000000000 3.6462641655
-70.3000000000 3.6468504953
-70.2000000000 3.6466613293
-70.1000000000 3.6468288328
-70.0000000000 3.6471413587
-69.9000000000 3.6471329585
-69.8000000000 3.6470767320
-69.7000000000 3.6469348894
-69.6000000000 3.6463458817
-69.5000000000 3.6463275787
-69.4000000000 3.6458756679
-69.3000000000 3.6460379039
-69.2000000000 3.6461096241
-69.1000000000 3.6462542734
-69.0000000000 3.6464359495
-68.9000000000 3.6455566134
-68.8000000000 3.6460235174
-68.7000000000 3.6462450009
-68.6000000000 3.6467483355
-68.5000000000 3.6473420515
-68.4000000000 3.6473585518
-68.3000000000 3.6473903044
-68.2000000000 3.6479195231
-68.1000000000 3.6477475355
-68.0000000000 3.6478536036
-67.9000000000 3.6477435349
-67.8000000000 3.6474731757
-67.7000000000 3.6473910522
-67.6000000000 3.6479106781
-67.5000000000 3.6477087282
-67.4000000000 3.6474631977
-67.3000000000 3.6475838427
-67.2000000000 3.6474765590
-67.1000000000 3.6475509992
-67.0000000000 3.6472813435
-66.9000000000 3.6474144577
-66.8000000000 3.6472320669
-66.7000000000 3.6471597438
-66.6000000000 3.6473813473
-66.5000000000 3.6471518459
-66.4000000000 3.6470525762
-66.3000000000 3.6469444496
-66.2000000000 3.6469363702
-66.1000000000 3.6473812852
-66.0000000000 3.6468657583
-65.9000000000 3.6463296776
-65.8000000000 3.6470271133
-65.7000000000 3.6471831720
-65.6000000000 3.6478977168
-65.5000000000 3.6477142163
-65.4000000000 3.6473537405
-65.3000000000 3.6473541872
-65.2000000000 3.6470499939
-65.1000000000 3.6477127548
-65.0000000000 3.6472950793
-64.9000000000 3.6476826331
-64.8000000000 3.6479938847
-64.7000000000 3.6478965498
-64.6000000000 3.6487767181
-64.5000000000 3.6486603967
-64.4000000000 3.6488968796
-64.3000000000 3.6487716087
-64.2000000000 3.6488648996
-64.1000000000 3.6487869650
-64.0000000000 3.6485089892
-63.9000000000 3.6484949216
-63.8000000000 3.6489265147
-63.7000000000 3.6487749437
-63.6000000000 3.6487099916
-63.5000000000 3.6483054747
-63.4000000000 3.6483799798
-63.3000000000 3.6478743881
-63.2000000000 3.6478420030
-63.1000000000 3.6471276379
-63.0000000000 3.6474268295
-62.9000000000 3.6473992127
-62.8000000000 3.6470122212
-62.7000000000 3.6470808009
-62.6000000000 3.6469108741
-62.5000000000 3.6469590236
-62.4000000000 3.6464408361
-62.3000000000 3.6466013872
-62.2000000000 3.6473494105
-62.1000000000 3.6474074523
-62.0000000000 3.6474415434
-61.9000000000 3.6473600546
-61.8000000000 3.6471381339
-61.7000000000 3.6478365260
-61.6000000000 3.6481256269
-61.5000000000 3.6481510135
-61.4000000000 3.6481836289
-61.3000000000 3.6478081102
-61.2000000000 3.6480472919
-61.1000000000 3.6474650490
-61.0000000000 3.6473588908
-60.9000000000 3.6471601947
-60.8000000000 3.6473460466
-60.7000000000 3.6473951161
-60.6000000000 3.6473753116
-60.5000000000 3.6472971225
-60.4000000000 3.6473614980
-60.3000000000 3.6473261037
-60.2000000000 3.6473017680
-60.1000000000 3.6477247804
-60.0000000000 3.6478970664
-59.9000000000 3.6475211035
-59.8000000000 3.6480066806
-59.7000000000 3.6481710556
-59.6000000000 3.6486534411
-59.5000000000 3.6490710956
-59.4000000000 3.6488455932
-59.3000000000 3.6477948104
-59.2000000000 3.6476989794
-59.1000000000 3.6480478114
-59.0000000000 3.6480612617
-58.9000000000 3.6480961518
-58.8000000000 3.6488139768
-58.7000000000 3.6479951716
-58.6000000000 3.6479801831
-58.5000000000 3.6481599503
-58.4000000000 3.6481861355
-58.3000000000 3.6487688225
-58.2000000000 3.6481329682
-58.1000000000 3.6489264835
-58.0000000000 3.6485524611
-57.9000000000 3.6491250570
-57.8000000000 3.6487214670
-57.7000000000 3.6481750353
-57.6000000000 3.6485075313
-57.5000000000 3.6488480471
-57.4000000000 3.6485755077
-57.3000000000 3.6491955787
-57.2000000000 3.6488094011
-57.1000000000 3.6487083403
-57.0000000000 3.6487921406
-56.9000000000 3.6487691737
-56.8000000000 3.6488917863
-56.7000000000 3.6491822554
-56.6000000000 3.6496363084
-56.5000000000 3.6495726208
-56.4000000000 3.6495091345
-56.3000000000 3.6493565431
-56.2000000000 3.6492668511
-56.1000000000 3.6494823365
-56.0000000000 3.6496269922
-55.9000000000 3.6496791087
-55.8000000000 3.6496777835
-55.7000000000 3.6499023505
-55.6000000000 3.6503998347
-55.5000000000 3.6496091290
-55.4000000000 3.6498621058
-55.3000000000 3.6495544796
-55.2000000000 3.6496696125
-55.1000000000 3.6496319102
-55.0000000000 3.6491211890
-54.9000000000 3.6491083976
-54.8000000000 3.6484846448
-54.7000000000 3.6479321561
-54.6000000000 3.6474829452
-54.5000000000 3.6473681418
-54.4000000000 3.6474673460
-54.3000000000 3.6473122728
-54.2000000000 3.6472954812
-54.1000000000 3.6466559138
-54.0000000000 3.6469215385
-53.9000000000 3.6471554573
-53.8000000000 3.6468714529
-53.7000000000 3.6466793166
-53.6000000000 3.6468565722
-53.5000000000 3.6466831932
-53.4000000000 3.6459707864
-53.3000000000 3.6462450227
-53.2000000000 3.6466681094
-53.1000000000 3.6464837313
-53.0000000000 3.6465937804
-52.9000000000 3.6466489944
-52.8000000000 3.6465224253
-52.7000000000 3.6462162310
-52.6000000000 3.6466276849
-52.5000000000 3.6464257944
-52.4000000000 3.6466537750
-52.3000000000 3.6469739946
-52.2000000000 3.6470195059
-52.1000000000 3.6470006715
-52.0000000000 3.6470026811
-51.9000000000 3.6472957393
-51.8000000000 3.6473308988
-51.7000000000 3.6473788496
-51.6000000000 3.6477871819
-51.5000000000 3.6477677138
-51.4000000000 3.6477408269
-51.3000000000 3.6471982538
-51.2000000000 3.6473985360
-51.1000000000 3.6475194300
-51.0000000000 3.6473577567
-50.9000000000 3.6471317679
-50.8000000000 3.6467117786
-50.7000000000 3.6469953080
-50.6000000000 3.6468833500
-50.5000000000 3.6470727970
-50.4000000000 3.6464723822
-50.3000000000 3.6457634453
-50.2000000000 3.6457792771
-50.1000000000 3.6457643473
-50.0000000000 3.6454669315
-49.9000000000 3.6459941227
-49.8000000000 3.6463029578
-49.7000000000 3.6463603248
-49.6000000000 3.6467331401
-49.5000000000 3.6466615652
-49.4000000000 3.6468684156
-49.3000000000 3.6468709892
-49.2000000000 3.6466710133
-49.1000000000 3.6468700651
-49.0000000000 3.6470359420
-48.9000000000 3.6466739649
-48.8000000000 3.6468377407
-48.7000000000 3.6461608596
-48.6000000000 3.6464185220
-48.5000000000 3.6464432815
-48.4000000000 3.6464630214
-48.3000000000 3.6463190987
-48.2000000000 3.6466713228
-48.1000000000 3.6469059497
-48.0000000000 3.6473443296
-47.9000000000 3.6468127778
-47.8000000000 3.6465223801
-47.7000000000 3.6464312308
-47.6000000000 3.6463062358
-47.5000000000 3.6468446307
-47.4000000000 3.6468561491
-47.3000000000 3.6465260290
-47.2000000000 3.6468263511
-47.1000000000 3.6472037340
-47.0000000000 3.6469747613
-46.9000000000 3.6466730868
-46.8000000000 3.6470261290
-46.7000000000 3.6467731308
-46.6000000000 3.6465925384
-46.5000000000 3.6468855078
-46.4000000000 3.6469202201
-46.3000000000 3.6472030152
-46.2000000000 3.6475703568
-46.1000000000 3.6472725060
-46.0000000000 3.6471898386
-45.9000000000 3.6471474212
-45.8000000000 3.6469321451
-45.7000000000 3.6467563119
-45.6000000000 3.6469821745
-45.5000000000 3.6469544174
-45.4000000000 3.6468561733
-45.3000000000 3.6471574213
-45.2000000000 3.6466490573
-45.1000000000 3.6462918361
-45.0000000000 3.6464401230
-44.9000000000 3.6465976270
-44.8000000000 3.6468555299
-44.7000000000 3.6465854698
-44.6000000000 3.6463559616
-44.5000000000 3.6466566424
-44.4000000000 3.6465725222
-44.3000000000 3.6462529598
-44.2000000000 3.6465774413
-44.1000000000 3.6469562817
-44.0000000000 3.6470050786
-43.9000000000 3.6471511449
-43.8000000000 3.6473278144
-43.7000000000 3.6464157882
-43.6000000000 3.6464157407
-43.5000000000 3.6464746384
-43.4000000000 3.6469442417
-43.3000000000 3.6470087409
-43.2000000000 3.6469758110
-43.1000000000 3.6470106692
-43.0000000000 3.6473526241
-42.9000000000 3.6473399614
-42.8000000000 3.6471443691
-42.7000000000 3.6472295559
-42.6000000000 3.6468962175
-42.5000000000 3.6467068145
-42.4000000000 3.6467456631
-42.3000000000 3.6465078072
-42.2000000000 3.6465188521
-42.1000000000 3.6465447919
-42.0000000000 3.6459338879
-41.9000000000 3.6461829237
-41.8000000000 3.6460691362
-41.7000000000 3.6466042080
-41.6000000000 3.6460371501
-41.5000000000 3.6459646746
-41.4000000000 3.6461225598
-41.3000000000 3.6462843272
-41.2000000000 3.6465605617
-41.1000000000 3.6461904385
-41.0000000000 3.6464322391
-40.9000000000 3.6466316566
-40.8000000000 3.6461273249
-40.7000000000 3.6464853045
-40.6000000000 3.6463494551
-40.5000000000 3.6462270194
-40.4000000000 3.6465407870
-40.3000000000 3.6462531309
-40.2000000000 3.6465177041
-40.1000000000 3.6462937535
-40.0000000000 3.6463572277
-39.9000000000 3.6464352216
-39.8000000000 3.6463931393
-39.7000000000 3.6463639001
-39.6000000000 3.6460959914
-39.5000000000 3.6461644092
-39.4000000000 3.6461262909
-39.3000000000 3.6458040148
-39.2000000000 3.6461684393
-39.1000000000 3.6462535990
-39.0000000000 3.6454203536
-38.9000000000 3.6459483218
-38.8000000000 3.6458669144
-38.7000000000 3.6452934325
-38.6000000000 3.6453111081
-38.5000000000 3.6456356878
-38.4000000000 3.6459406946
-38.3000000000 3.6455523374
-38.2000000000 3.6452704671
-38.1000000000 3.6453658550
-38.0000000000 3.6452041436
-37.9000000000 3.6456213928
-37.8000000000 3.6457228618
-37.7000000000 3.6456471283
-37.6000000000 3.6453465140
-37.5000000000 3.6454392530
-37.4000000000 3.6457331205
-37.3000000000 3.6456093837
-37.2000000000 3.6458244295
-37.1000000000 3.6458335612
-37.0000000000 3.6460166035
-36.9000000000 3.6465636030
-36.8000000000 3.6466764341
-36.7000000000 3.6467000177
-36.6000000000 3.6466064227
-36.5000000000 3.6465855685
-36.4000000000 3.6469921383
-36.3000000000 3.6464450880
-36.2000000000 3.6467685523
-36.1000000000 3.6461657147
-36.0000000000 3.6459391137
-35.9000000000 3.6458644826
-35.8000000000 3.6464444169
-35.7000000000 3.6464291742
-35.6000000000 3.6459854127
-35.5000000000 3.6466477106
-35.4000000000 3.6467329550
-35.3000000000 3.6465932847
-35.2000000000 3.6461586882
-35.1000000000 3.6462981481
-35.0000000000 3.6463796773
-34.9000000000 3.6463442844
-34.8000000000 3.6467398407
-34.7000000000 3.6467830505
-34.6000000000 3.6464874231
-34.5000000000 3.6469583481
-34.4000000000 3.6469035784
-34.3000000000 3.6470317007
-34.2000000000 3.6474296484
-34.1000000000 3.6472215920
-34.0000000000 3.6468418099
-33.9000000000 3.6471078827
-33.8000000000 3.6466131023
-33.7000000000 3.6465812932
-33.6000000000 3.6462368029
-33.5000000000 3.6466509893
-33.4000000000 3.6469115000
-33.3000000000 3.6472284734
-33.2000000000 3.6473342250
-33.1000000000 3.6472423976
-33.0000000000 3.6471323989
-32.9000000000 3.6474524251
-32.8000000000 3.6472764868
-32.7000000000 3.6475575026
-32.6000000000 3.6473552917
-32.5000000000 3.6472823729
-32.4000000000 3.6472110934
-32.3000000000 3.6470321542
-32.2000000000 3.6469963806
-32.1000000000 3.6473176523
-32.0000000000 3.6473499213
-31.9000000000 3.6473747315
-31.8000000000 3.6479001814
-31.7000000000 3.6474082717
-31.6000000000 3.6475873492
-31.5000000000 3.6471637581
-31.4000000000 3.6474867891
-31.3000000000 3.6475257775
-31.2000000000 3.6475324722
-31.1000000000 3.6476239156
-31.0000000000 3.6478626180
-30.9000000000 3.6479673977
-30.8000000000 3.6482406229
-30.7000000000 3.6479988988
-30.6000000000 3.6478956299
-30.5000000000 3.6479821856
-30.4000000000 3.6480888583
-30.3000000000 3.6479749592
-30.2000000000 3.6479113644
-30.1000000000 3.6475998825
-30.0000000000 3.6473996997
-29.9000000000 3.6479287996
-29.8000000000 3.6479322435
-29.7000000000 3.6471881267
-29.6000000000 3.6474167560
-29.5000000000 3.6476591581
-29.4000000000 3.6480271700
-29.3000000000 3.6487994344
-29.2000000000 3.6493778818
-29.1000000000 3.6489404597
-29.0000000000 3.6491364395
-28.9000000000 3.6494347146
-28.8000000000 3.6495155988
-28.7000000000 3.6503325521
-28.6000000000 3.6503355051
-28.5000000000 3.6504794347
-28.4000000000 3.6501828952
-28.3000000000 3.6498881847
-28.2000000000 3.6497617709
-28.1000000000 3.6495705476
-28.0000000000 3.6494777647
-27.9000000000 3.6499296382
-27.8000000000 3.6501558410
-27.7000000000 3.6503447803
-27.6000000000 3.6503463990
-27.5000000000 3.6503412085
-27.4000000000 3.6501705317
-27.3000000000 3.6505369018
-27.2000000000 3.6501063316
-27.1000000000 3.6493490330
-27.0000000000 3.6490916967
-26.9000000000 3.6491698909
-26.8000000000 3.6492916339
-26.7000000000 3.6491296317
-26.6000000000 3.6494592511
-26.5000000000 3.6494327704
-26.4000000000 3.6491185553
-26.3000000000 3.6492476387
-26.2000000000 3.6491748289
-26.1000000000 3.6495227519
-26.0000000000 3.6495844661
-25.9000000000 3.6493411702
-25.8000000000 3.6491354877
-25.7000000000 3.6491670918
-25.6000000000 3.6497468776
-25.5000000000 3.6499471085
-25.4000000000 3.6499494284
-25.3000000000 3.6501288570
-25.2000000000 3.6507034102
-25.1000000000 3.6504805339
-25.0000000000 3.6500350737
-24.9000000000 3.6503395460
-24.8000000000 3.6501696176
-24.7000000000 3.6501372383
-24.6000000000 3.6495939750
-24.5000000000 3.6499038055
-24.4000000000 3.6498527480
-24.3000000000 3.6501463782
-24.2000000000 3.6504345782
-24.1000000000 3.6503254996
-24.0000000000 3.6498727845
-23.9000000000 3.6494874823
-23.8000000000 3.6498515987
-23.7000000000 3.6501661049
-23.6000000000 3.6493239917
-23.5000000000 3.6490254325
-23.4000000000 3.6493734991
-23.3000000000 3.6490210506
-23.2000000000 3.6491883107
-23.1000000000 3.6487427841
-23.0000000000 3.6482611007
-22.9000000000 3.6486483662
-22.8000000000 3.6490490736
-22.7000000000 3.6489270053
-22.6000000000 3.6489922919
-22.5000000000 3.6486502851
-22.4000000000 3.6487696053
-22.3000000000 3.6489626046
-22.2000000000 3.6485181687
-22.1000000000 3.6488052914
-22.0000000000 3.6488750401
-21.9000000000 3.6491242911
-21.8000000000 3.6494698004
-21.7000000000 3.6495182446
-21.6000000000 3.6490203532
-21.5000000000 3.6493512300
-21.4000000000 3.6498260549
-21.3000000000 3.6500477851
-21.2000000000 3.6496644973
-21.1000000000 3.6495891106
-21.0000000000 3.6501538604
-20.9000000000 3.6502916492
-20.8000000000 3.6495114863
-20.7000000000 3.6493725460
-20.6000000000 3.6497154682
-20.5000000000 3.6492139690
-20.4000000000 3.6493620975
-20.3000000000 3.6490386904
-20.2000000000 3.6493937431
-20.1000000000 3.6488908213
-20.0000000000 3.6488184280
-19.9000000000 3.6486976104
-19.8000000000 3.6485842542
-19.7000000000 3.6488215354
-19.6000000000 3.6489623072
-19.5000000000 3.6487204189
-19.4000000000 3.6483573174
-19.3000000000 3.6493381922
-19.2000000000 3.6492962820
-19.1000000000 3.6493120634
-19.0000000000 3.6489480287
-18.9000000000 3.6495916076
-18.8000000000 3.6493538610
-18.7000000000 3.6492068487
-18.6000000000 3.6491751306
-18.5000000000 3.6496428160
-18.4000000000 3.6495763376
-18.3000000000 3.6497119854
-18.2000000000 3.6499821598
-18.1000000000 3.6506055270
-18.0000000000 3.6504631641
-17.9000000000 3.6505932931
-17.8000000000 3.6505673749
-17.7000000000 3.6504416905
-17.6000000000 3.6505883609
-17.5000000000 3.6504268744
-17.4000000000 3.6503863329
-17.3000000000 3.6500005599
-17.2000000000 3.6504383253
-17.1000000000 3.6503855217
-17.0000000000 3.6505215862
-16.9000000000 3.6506428039
-16.8000000000 3.6510235106
-16.7000000000 3.6508189362
-16.6000000000 3.6510322942
-16.5000000000 3.6513307111
-16.4000000000 3.6514901156
-16.3000000000 3.6518260653
-16.2000000000 3.6515706856
-16.1000000000 3.6518653140
-16.0000000000 3.6514668177
-15.9000000000 3.6512282559
-15.8000000000 3.6511505782
-15.7000000000 3.6516264228
-15.6000000000 3.6522321749
-15.5000000000 3.6524132950
-15.4000000000 3.6524855970
-15.3000000000 3.6520260570
-15.2000000000 3.6515778615
-15.1000000000 3.6515239454
-15.0000000000 3.6512612384
-14.9000000000 3.6518201728
-14.8000000000 3.6516650334
-14.7000000000 3.6515271037
-14.6000000000 3.6513455891
-14.5000000000 3.6513505668
-14.4000000000 3.6516606801
-14.3000000000 3.6509838773
-14.2000000000 3.6510834298
-14.1000000000 3.6508026032
-14.0000000000 3.6509837169
-13.9000000000 3.6512030988
-13.8000000000 3.6512084192
-13.7000000000 3.6509693477
-13.6000000000 3.6507533470
-13.5000000000 3.6505869595
-13.4000000000 3.6505479916
-13.3000000000 3.6504684440
-13.2000000000 3.6506955527
-13.1000000000 3.6508542032
-13.0000000000 3.6507315802
-12.9000000000 3.6507157191
-12.8000000000 3.6508119720
-12.7000000000 3.6513995699
-12.6000000000 3.6512414890
-12.5000000000 3.6514198698
-12.4000000000 3.6519165194
-12.3000000000 3.6520821365
-12.2000000000 3.6521367818
-12.1000000000 3.6522089655
-12.0000000000 3.6520216094
-11.9000000000 3.6517145191
-11.8000000000 3.6521007484
-11.7000000000 3.6523576664
-11.6000000000 3.6520152055
-11.5000000000 3.6522990247
-11.4000000000 3.6524874199
-11.3000000000 3.6515859891
-11.2000000000 3.6518184401
-11.1000000000 3.6514331238
-11.0000000000 3.6511577068
-10.9000000000 3.6510567655
-10.8000000000 3.6508595804
-10.7000000000 3.6507959476
-10.6000000000 3.6506080255
-10.5000000000 3.6504663988
-10.4000000000 3.6505981275
-10.3000000000 3.6508431747
-10.2000000000 3.6510833201
-10.1000000000 3.6511245772
-10.0000000000 3.6508100718
-9.9000000000 3.6505357641
-9.8000000000 3.6502576432
-9.7000000000 3.6498626179
-9.6000000000 3.6499578800
-9.5000000000 3.6500645256
-9.4000000000 3.6499700255
-9.3000000000 3.6494254599
-9.2000000000 3.6491734736
-9.1000000000 3.6490764028
-9.0000000000 3.6485615079
-8.9000000000 3.6483324618
-8.8000000000 3.6488951221
-8.7000000000 3.6486328695
-8.6000000000 3.6490034647
-8.5000000000 3.6488353013
-8.4000000000 3.6489142346
-8.3000000000 3.6489052115
-8.2000000000 3.6491654202
-8.1000000000 3.6495384163
-8.0000000000 3.6488306057
-7.9000000000 3.6488575458
-7.8000000000 3.6490178553
-7.7000000000 3.6486952787
-7.6000000000 3.6485805980
-7.5000000000 3.6484803363
-7.4000000000 3.6487886660
-7.3000000000 3.6489666582
-7.2000000000 3.6485727975
-7.1000000000 3.6484985771
-7.0000000000 3.6480158904
-6.9000000000 3.6478924699
-6.8000000000 3.6476523785
-6.7000000000 3.6479233243
-6.6000000000 3.6479731832
-6.5000000000 3.6478588271
-6.4000000000 3.6478378860
-6.3000000000 3.6475986978
-6.2000000000 3.6476170164
-6.1000000000 3.6474598140
-6.0000000000 3.6474015892
-5.9000000000 3.6474607980
-5.8000000000 3.6475460821
-5.7000000000 3.6474622610
-5.6000000000 3.6478201582
-5.5000000000 3.6478664038
-5.4000000000 3.6477724480
-5.3000000000 3.6476826494
-5.2000000000 3.6477962333
-5.1000000000 3.6474726170
-5.0000000000 3.6474725368
-4.9000000000 3.6476523155
-4.8000000000 3.6475511222
-4.7000000000 3.6478745918
-4.6000000000 3.6477185377
-4.5000000000 3.6476786003
-4.4000000000 3.6471932755
-4.3000000000 3.6471070569
-4.2000000000 3.6476797990
-4.1000000000 3.6480865445
-4.0000000000 3.6480684266
-3.9000000000 3.6481291324
-3.8000000000 3.6484855692
-3.7000000000 3.6488739639
-3.6000000000 3.6487492611
-3.5000000000 3.6492238848
-3.4000000000 3.6494830903
-3.3000000000 3.6493439226
-3.2000000000 3.6493852584
-3.1000000000 3.6489266488
-3.0000000000 3.6488828317
-2.9000000000 3.6489391093
-2.8000000000 3.6490906453
-2.7000000000 3.6492199804
-2.6000000000 3.6494662430
-2.5000000000 3.6492219113
-2.4000000000 3.6489843223
-2.3000000000 3.6487308190
-2.2000000000 3.6488212098
-2.1000000000 3.6488116833
-2.0000000000 3.6489748976
-1.9000000000 3.6494998944
-1.8000000000 3.6497098944
-1.7000000000 3.6496412219
-1.6000000000 3.6489703628
-1.5000000000 3.6489207567
-1.4000000000 3.6491038318
-1.3000000000 3.6488849944
-1.2000000000 3.6491710630
-1.1000000000 3.6489215820
-1.0000000000 3.6487010169
-0.9000000000 3.6489353642
-0.8000000000 3.6484954946
-0.7000000000 3.6485879168
-0.6000000000 3.6481891890
-0.5000000000 3.6487712782
-0.4000000000 3.6481284580
-0.3000000000 3.6478988544
-0.2000000000 3.6483313070
-0.1000000000 3.6481810858
0.0000000000 3.6480174745
0.1000000000 3.6379988978
0.2000000000 3.6302932502
0.3000000000 3.6229312998
0.4000000000 3.6175833531
0.5000000000 3.6120398731
0.6000000000 3.6065622077
0.7000000000 3.6016905326
0.8000000000 3.5968272951
0.9000000000 3.5924901174
1.0000000000 3.5878313973
1.1000000000 3.5839026404
1.2000000000 3.5794437816
1.3000000000 3.5764580131
1.4000000000 3.5737359786
1.5000000000 3.5707074762
1.6000000000 3.5668691420
1.7000000000 3.5632588500
1.8000000000 3.5607748241
1.9000000000 3.5578060662
2.0000000000 3.5551904327
2.1000000000 3.5527197144
2.2000000000 3.5491721767
2.3000000000 3.5455307291
2.4000000000 3.5432338264
2.5000000000 3.5402274061
2.6000000000 3.5372094756
2.7000000000 3.5347285334
2.8000000000 3.5319303878
2.9000000000 3.5298521616
3.0000000000 3.5277465002
3.1000000000 3.5261433599
3.2000000000 3.5222064824
3.3000000000 3.5204315750
3.4000000000 3.5177665251
3.5000000000 3.5156389084
3.6000000000 3.5146055801
3.7000000000 3.5129413335
3.8000000000 3.5106411391
3.9000000000 3.5076216532
4.0000000000 3.5063466650
4.1000000000 3.5045550880
4.2000000000 3.5027409934
4.3000000000 3.5003203952
4.4000000000 3.4986066370
4.5000000000 3.4956134489
4.6000000000 3.4928314392
4.7000000000 3.4914771301
4.8000000000 3.4904417417
4.9000000000 3.4885297666
5.0000000000 3.4860363099
5.1000000000 3.4831544134
5.2000000000 3.4814671420
5.3000000000 3.4788819558
5.4000000000 3.4782407783
5.5000000000 3.4751442862
5.6000000000 3.4729752161
5.7000000000 3.4718934393
5.8000000000 3.4711940287
5.9000000000 3.4689856243
6.0000000000 3.4669854282
6.1000000000 3.4645227868
6.2000000000 3.4624239635
6.3000000000 3.4602208184
6.4000000000 3.4596050308
6.5000000000 3.4575678257
6.6000000000 3.4548537352
6.7000000000 3.4537105304
6.8000000000 3.4518092115
6.9000000000 3.4509939540
7.0000000000 3.4484681393
7.1000000000 3.4469487587
7.2000000000 3.4458182558
7.3000000000 3.4449546426
7.4000000000 3.4424185693
7.5000000000 3.4407668985
7.6000000000 3.4402060255
7.7000000000 3.4378556584
7.8000000000 3.4365614689
7.9000000000 3.4345308375
8.0000000000 3.4327071480
8.1000000000 3.4320423281
8.2000000000 3.4305298290
8.3000000000 3.4296209819
8.4000000000 3.4286131266
8.5000000000 3.4267863245
8.6000000000 3.4253861487
8.7000000000 3.4243768031
8.8000000000 3.4225061087
8.9000000000 3.4206956777
9.0000000000 3.4205457509
9.1000000000 3.4187321127
9.2000000000 3.4178059955
9.3000000000 3.4161811133
9.4000000000 3.4147200968
9.5000000000 3.4142034501
9.6000000000 3.4135524150
9.7000000000 3.4121432139
9.8000000000 3.4104130120
9.9000000000 3.4087118671
10.0000000000 3.4076818434
10.1000000000 3.4067780255
10.2000000000 3.4051135554
10.3000000000 3.4034995389
10.4000000000 3.4029480852
10.5000000000 3.4013242791
10.6000000000 3.4004260981
10.7000000000 3.3977416418
10.8000000000 3.3962583649
10.9000000000 3.3947487006
11.0000000000 3.3923241829
11.1000000000 3.3910992179
11.2000000000 3.3897722437
11.3000000000 3.3888561684
11.4000000000 3.3872587331
11.5000000000 3.3852507469
11.6000000000 3.3846684203
11.7000000000 3.3841522694
11.8000000000 3.3827290642
11.9000000000 3.3825637500
12.0000000000 3.3825231774
12.1000000000 3.3813311642
12.2000000000 3.3813662790
12.3000000000 3.3806306214
12.4000000000 3.3796197108
12.5000000000 3.3795688772
12.6000000000 3.3784686646
12.7000000000 3.3776443987
12.8000000000 3.3765041879
12.9000000000 3.3747142690
13.0000000000 3.3752647157
13.1000000000 3.3735719470
13.2000000000 3.3716790601
13.3000000000 3.3708014193
13.4000000000 3.3693994108
13.5000000000 3.3682088132
13.6000000000 3.3678164166
13.7000000000 3.3664278516
13.8000000000 3.3652046491
13.9000000000 3.3643830735
14.0000000000 3.3630828083
14.1000000000 3.3625130952
14.2000000000 3.3612157940
14.3000000000 3.3606467169
14.4000000000 3.3599731719
14.5000000000 3.3594437032
14.6000000000 3.3586051888
14.7000000000 3.3570763790
14.8000000000 3.3558904669
14.9000000000 3.3551270287
15.0000000000 3.3544638409
15.1000000000 3.3533366109
15.2000000000 3.3524554238
15.3000000000 3.3509868682
15.4000000000 3.3500537772
15.5000000000 3.3490234049
15.6000000000 3.3476137557
15.7000000000 3.3469781562
15.8000000000 3.3473503804
15.9000000000 3.3467697081
16.0000000000 3.3458159172
16.1000000000 3.3446018322
16.2000000000 3.3434722420
16.3000000000 3.3426459576
16.4000000000 3.3413957873
16.5000000000 3.3410161758
16.6000000000 3.3389709328
16.7000000000 3.3374256622
16.8000000000 3.3371240572
16.9000000000 3.3374809159
17.0000000000 3.3355002641
17.1000000000 3.3347573340
17.2000000000 3.3343424242
17.3000000000 3.3328700791
17.4000000000 3.3320310396
17.5000000000 3.3315374269
17.6000000000 3.3311687477
17.7000000000 3.3289719928
17.8000000000 3.3281035911
17.9000000000 3.3276663183
18.0000000000 3.3256447416
18.1000000000 3.3242758635
18.2000000000 3.3239288470
18.3000000000 3.3228413216
18.4000000000 3.3214579554
18.5000000000 3.3204669512
18.6000000000 3.3200652634
18.7000000000 3.3195209685
18.8000000000 3.3181031194
18.9000000000 3.3173795484
19.0000000000 3.3164694137
19.1000000000 3.3162203467
19.2000000000 3.3153251516
19.3000000000 3.3141138370
19.4000000000 3.3133648285
19.5000000000 3.3122077978
19.6000000000 3.3108663552
19.7000000000 3.3095590798
19.8000000000 3.3089595508
19.9000000000 3.3075009407
20.0000000000 3.3073228228
20.1000000000 3.3052663505
20.2000000000 3.3041139895
20.3000000000 3.3033627521
20.4000000000 3.3024080465
20.5000000000 3.3018190410
20.6000000000 3.3015493816
20.7000000000 3.2996469389
20.8000000000 3.2990008107
20.9000000000 3.2980995729
21.0000000000 3.2967213332
21.1000000000 3.2954904797
21.2000000000 3.2951166802
21.3000000000 3.2943325479
21.4000000000 3.2940940792
21.5000000000 3.2927512326
21.6000000000 3.2915272320
21.7000000000 3.2902415997
21.8000000000 3.2894818019
21.9000000000 3.2891178099
22.0000000000 3.2881978394
22.1000000000 3.2881318586
22.2000000000 3.2881039077
22.3000000000 3.2872675622
22.4000000000 3.2851864348
22.5000000000 3.2850176068
22.6000000000 3.2850192927
22.7000000000 3.2840763045
22.8000000000 3.2838879037
22.9000000000 3.2833371991
23.0000000000 3.2825313600
23.1000000000 3.2826835364
23.2000000000 3.2814859797
23.3000000000 3.2805026920
23.4000000000 3.2804004605
23.5000000000 3.2791713555
23.6000000000 3.2788948687
23.7000000000 3.2776204640
23.8000000000 3.2768818918
23.9000000000 3.2764103485
24.0000000000 3.2758296756
24.1000000000 3.2758641642
24.2000000000 3.2745568680
24.3000000000 3.2743902980
24.4000000000 3.2738902304
24.5000000000 3.2725282422
24.6000000000 3.2717329527
24.7000000000 3.2703772446
24.8000000000 3.2706922966
24.9000000000 3.2699158230
25.0000000000 3.2695606636
25.1000000000 3.2696105246
25.2000000000 3.2682131082
25.3000000000 3.2672342940
25.4000000000 3.2667641697
25.5000000000 3.2659760428
25.6000000000 3.2657618597
25.7000000000 3.2649554319
25.8000000000 3.2640580378
25.9000000000 3.2626331686
26.0000000000 3.2615831661
26.1000000000 3.2604747331
26.2000000000 3.2605324685
26.3000000000 3.2597247647
26.4000000000 3.2583786168
26.5000000000 3.2580268432
26.6000000000 3.2576991513
26.7000000000 3.2566743203
26.8000000000 3.2567057207
26.9000000000 3.2557809198
27.0000000000 3.2550252695
27.1000000000 3.2550529110
27.2000000000 3.2553488071
27.3000000000 3.2540169455
27.4000000000 3.2536641948
27.5000000000 3.2534011827
27.6000000000 3.2527250213
27.7000000000 3.2523378130
27.8000000000 3.2513024326
27.9000000000 3.2505513063
28.0000000000 3.2497919062
28.1000000000 3.2486476228
28.2000000000 3.2479712321
28.3000000000 3.2467345984
28.4000000000 3.2465549357
28.5000000000 3.2461272484
28.6000000000 3.2443459749
28.7000000000 3.2437241508
28.8000000000 3.2439240620
28.9000000000 3.2432406272
29.0000000000 3.2428252915
29.1000000000 3.2418113235
29.2000000000 3.2403851041
29.3000000000 3.2397016122
29.4000000000 3.2389036450
29.5000000000 3.2372390708
29.6000000000 3.2360524390
29.7000000000 3.2366736971
29.8000000000 3.2361408212
29.9000000000 3.2352472440
30.0000000000 3.2343085335
30.1000000000 3.2337161975
30.2000000000 3.2336529698
30.3000000000 3.2326965546
30.4000000000 3.2314977376
30.5000000000 3.2297197260
30.6000000000 3.2278387677
30.7000000000 3.2258494079
30.8000000000 3.2249978040
30.9000000000 3.2254305034
31.0000000000 3.2243517941
31.1000000000 3.2225484779
31.2000000000 3.2223757989
31.3000000000 3.2227379871
31.4000000000 3.2224864141
31.5000000000 3.2229031319
31.6000000000 3.2227351867
31.7000000000 3.2208633009
31.8000000000 3.2212026731
31.9000000000 3.2202240596
32.0000000000 3.2185309375
32.1000000000 3.2177761970
32.2000000000 3.2178159698
32.3000000000 3.2161040723
32.4000000000 3.2160610160
32.5000000000 3.2150342919
32.6000000000 3.2145202735
32.7000000000 3.2147391227
32.8000000000 3.2138529883
32.9000000000 3.2137558594
33.0000000000 3.2133853524
33.1000000000 3.2127112210
33.2000000000 3.2119734928
33.3000000000 3.2109684847
33.4000000000 3.2105180899
33.5000000000 3.2085449196
33.6000000000 3.2076396067
33.7000000000 3.2076827822
33.8000000000 3.2051869133
33.9000000000 3.2056104750
34.0000000000 3.2057060612
34.1000000000 3.2047811048
34.2000000000 3.2044087224
34.3000000000 3.2033929117
34.4000000000 3.2022842533
34.5000000000 3.2024889402
34.6000000000 3.2027595252
34.7000000000 3.2019246280
34.8000000000 3.2010921581
34.9000000000 3.2001659081
35.0000000000 3.1993723412
35.1000000000 3.2003166031
35.2000000000 3.1989411884
35.3000000000 3.1981677411
35.4000000000 3.1977454566
35.5000000000 3.1953429952
35.6000000000 3.1958229071
35.7000000000 3.1942966846
35.8000000000 3.1942982537
35.9000000000 3.1936418828
36.0000000000 3.1924970933
36.1000000000 3.1923004785
36.2000000000 3.1917305809
36.3000000000 3.1906213455
36.4000000000 3.1895916757
36.5000000000 3.1884356005
36.6000000000 3.1889559195
36.7000000000 3.1890450527
36.8000000000 3.1884869385
36.9000000000 3.1876120989
37.0000000000 3.1870519934
37.1000000000 3.1857407177
37.2000000000 3.1851515309
37.3000000000 3.1848258385
37.4000000000 3.1840232212
37.5000000000 3.1840592030
37.6000000000 3.1832127171
37.7000000000 3.1830072577
37.8000000000 3.1821297018
37.9000000000 3.1818986411
38.0000000000 3.1801902386
38.1000000000 3.1794953755
38.2000000000 3.1786228701
38.3000000000 3.1782250659
38.4000000000 3.1777868626
38.5000000000 3.1769723193
38.6000000000 3.1760320583
38.7000000000 3.1752580325
38.8000000000 3.1752906845
38.9000000000 3.1746057315
39.0000000000 3.1735795787
39.1000000000 3.1737306243
39.2000000000 3.1719799397
39.3000000000 3.1708393963
39.4000000000 3.1713793793
39.5000000000 3.1710566622
39.6000000000 3.1699204111
39.7000000000 3.1694560212
39.8000000000 3.1678421089
39.9000000000 3.1669223130
40.0000000000 3.1663105780
40.1000000000 3.1662435051
40.2000000000 3.1661628718
40.3000000000 3.1660131425
40.4000000000 3.1659657403
40.5000000000 3.1658320917
40.6000000000 3.1651696059
40.7000000000 3.1648243934
40.8000000000 3.1647079428
40.9000000000 3.1634917332
41.0000000000 3.1627622495
41.1000000000 3.1624712323
41.2000000000 3.1618528913
41.3000000000 3.1607417623
41.4000000000 3.1600654104
41.5000000000 3.1599438249
41.6000000000 3.1583624301
41.7000000000 3.1580197137
41.8000000000 3.1583611349
41.9000000000 3.1588257488
42.0000000000 3.1585860019
42.1000000000 3.1585803210
42.2000000000 3.1580056603
42.3000000000 3.1580378528
42.4000000000 3.1580768171
42.5000000000 3.1566198633
42.6000000000 3.1567469537
42.7000000000 3.1570407442
42.8000000000 3.1555252522
42.9000000000 3.1558412490
43.0000000000 3.1559536782
43.1000000000 3.1568126485
43.2000000000 3.1559042172
43.3000000000 3.1546757011
43.4000000000 3.1547464433
43.5000000000 3.1542463052
43.6000000000 3.1538702537
43.7000000000 3.1531888729
43.8000000000 3.1529022658
43.9000000000 3.1520904541
44.0000000000 3.1523883576
44.1000000000 3.1517688977
44.2000000000 3.1505172086
44.3000000000 3.1500557456
44.4000000000 3.1501564286
44.5000000000 3.1490312111
44.6000000000 3.1499280832
44.7000000000 3.1494184481
44.8000000000 3.1485085119
44.9000000000 3.1479563018
45.0000000000 3.1471251071
45.1000000000 3.1466770777
45.2000000000 3.1465393216
45.3000000000 3.1461506577
45.4000000000 3.1453230348
45.5000000000 3.1455399533
45.6000000000 3.1447765434
45.7000000000 3.1448198098
45.8000000000 3.1437438029
45.9000000000 3.1436966462
46.0000000000 3.1433131454
46.1000000000 3.1427637400
46.2000000000 3.1411442310
46.3000000000 3.1403160445
46.4000000000 3.1399391274
46.5000000000 3.1404352333
46.6000000000 3.1391613438
46.7000000000 3.1394066245
46.8000000000 3.1388924124
46.9000000000 3.1388361434
47.0000000000 3.1387096557
47.1000000000 3.1374662495
47.2000000000 3.1375450385
47.3000000000 3.1359924262
47.4000000000 3.1359659608
47.5000000000 3.1358361056
47.6000000000 3.1349085458
47.7000000000 3.1331191524
47.8000000000 3.1330722506
47.9000000000 3.1329316577
48.0000000000 3.1335937679
48.1000000000 3.1323564107
48.2000000000 3.1321649624
48.3000000000 3.1322515605
48.4000000000 3.1315662250
48.5000000000 3.1318134485
48.6000000000 3.1314879461
48.7000000000 3.1311225811
48.8000000000 3.1306895415
48.9000000000 3.1303270033
49.0000000000 3.1299992532
49.1000000000 3.1288119973
49.2000000000 3.1285636985
49.3000000000 3.1285985797
49.4000000000 3.1278409003
49.5000000000 3.1279741618
49.6000000000 3.1280716913
49.7000000000 3.1283686320
49.8000000000 3.1273576520
49.9000000000 3.1268687946
50.0000000000 3.1263168680
50.1000000000 3.1252222641
50.2000000000 3.1249758372
50.3000000000 3.1248331483
50.4000000000 3.1235993752
50.5000000000 3.1232785112
50.6000000000 3.1227454348
50.7000000000 3.1225995942
50.8000000000 3.1221387596
50.9000000000 3.1218125133
51.0000000000 3.1209151680
51.1000000000 3.1206956391
51.2000000000 3.1203668945
51.3000000000 3.1202007635
51.4000000000 3.1204905634
51.5000000000 3.1203207653
51.6000000000 3.1196505608
51.7000000000 3.1186148931
51.8000000000 3.1181438007
51.9000000000 3.1173450357
52.0000000000 3.1171945697
52.1000000000 3.1170395924
52.2000000000 3.1162815753
52.3000000000 3.1159620028
52.4000000000 3.1155000158
52.5000000000 3.1150319872
52.6000000000 3.1148988444
52.7000000000 3.1137627918
52.8000000000 3.1137082353
52.9000000000 3.1128625816
53.0000000000 3.1123322223
53.1000000000 3.1122775348
53.2000000000 3.1103390833
53.3000000000 3.1110463652
53.4000000000 3.1101758547
53.5000000000 3.1090251654
53.6000000000 3.1086906991
53.7000000000 3.1080139258
53.8000000000 3.1071776990
53.9000000000 3.1057427741
54.0000000000 3.1050966571
54.1000000000 3.1055063902
54.2000000000 3.1049650369
54.3000000000 3.1035884945
54.4000000000 3.1036036099
54.5000000000 3.1033793804
54.6000000000 3.1029706921
54.7000000000 3.1022792747
54.8000000000 3.1019131595
54.9000000000 3.1008547273
55.0000000000 3.0995939350
55.1000000000 3.0996255620
55.2000000000 3.0993129888
55.3000000000 3.0981826328
55.4000000000 3.0984774233
55.5000000000 3.0973813723
55.6000000000 3.0969781462
55.7000000000 3.0967154486
55.8000000000 3.0962234329
55.9000000000 3.0961089281
56.0000000000 3.0962739426
56.1000000000 3.0946854741
56.2000000000 3.0958124192
56.3000000000 3.0962131709
56.4000000000 3.0957287005
56.5000000000 3.0953007055
56.6000000000 3.0932082009
56.7000000000 3.0925651063
56.8000000000 3.0919725449
56.9000000000 3.0914588936
57.0000000000 3.0914463259
57.1000000000 3.0898537149
57.2000000000 3.0885343744
57.3000000000 3.0884007589
57.4000000000 3.0886151463
57.5000000000 3.0882188904
57.6000000000 3.0884057965
57.7000000000 3.0882030211
57.8000000000 3.0880615837
57.9000000000 3.0879125587
58.0000000000 3.0869825271
58.1000000000 3.0874716724
58.2000000000 3.0862247200
58.3000000000 3.0856468820
58.4000000000 3.0849814372
58.5000000000 3.0847650436
58.6000000000 3.0859287959
58.7000000000 3.0850996630
58.8000000000 3.0837993950
58.9000000000 3.0835826059
59.0000000000 3.0821643543
59.1000000000 3.0827926197
59.2000000000 3.0830341877
59.3000000000 3.0828190973
59.4000000000 3.0826807765
59.5000000000 3.0828492464
59.6000000000 3.0824865824
59.7000000000 3.0814044654
59.8000000000 3.0813501474
59.9000000000 3.0812777507
60.0000000000 3.0817371621
60.1000000000 3.0815640228
60.2000000000 3.0802820742
60.3000000000 3.0789482118
60.4000000000 3.0796242799
60.5000000000 3.0789148449
60.6000000000 3.0787175628
60.7000000000 3.0784815409
60.8000000000 3.0778068699
60.9000000000 3.0779140873
61.0000000000 3.0780076058
61.1000000000 3.0771004992
61.2000000000 3.0768863421
61.3000000000 3.0773875375
61.4000000000 3.0772140659
61.5000000000 3.0768837348
61.6000000000 3.0767161900
61.7000000000 3.0760361765
61.8000000000 3.0756536842
61.9000000000 3.0756558796
62.0000000000 3.0744644353
62.1000000000 3.0740861872
62.2000000000 3.0729690505
62.3000000000 3.0722331700
62.4000000000 3.0722411953
62.5000000000 3.0722152800
62.6000000000 3.0721198159
62.7000000000 3.0718019734
62.8000000000 3.0716188185
62.9000000000 3.0708370168
63.0000000000 3.0701607121
63.1000000000 3.0703046029
63.2000000000 3.0707029432
63.3000000000 3.0701847756
63.4000000000 3.0704475837
63.5000000000 3.0696211250
63.6000000000 3.0699692608
63.7000000000 3.0691456394
63.8000000000 3.0685617823
63.9000000000 3.0686769230
64.0000000000 3.0682162078
64.1000000000 3.0675785780
64.2000000000 3.0665186192
64.3000000000 3.0662185533
64.4000000000 3.0650680362
64.5000000000 3.0657919643
64.6000000000 3.0653133564
64.7000000000 3.0648861642
64.8000000000 3.0643620826
64.9000000000 3.0652615500
65.0000000000 3.0647574976
65.1000000000 3.0644140405
65.2000000000 3.0650024769
65.3000000000 3.0637818358
65.4000000000 3.0630091096
65.5000000000 3.0623683155
65.6000000000 3.0620335120
65.7000000000 3.0620490975
65.8000000000 3.0617527053
65.9000000000 3.0612897631
66.0000000000 3.0609521690
66.1000000000 3.0607726654
66.2000000000 3.0600419795
66.3000000000 3.0598003861
66.4000000000 3.0589220618
66.5000000000 3.0596826363
66.6000000000 3.0585809497
66.7000000000 3.0593909958
66.8000000000 3.0581756263
66.9000000000 3.0580302438
67.0000000000 3.0580872159
67.1000000000 3.0567637244
67.2000000000 3.0567590088
67.3000000000 3.0564081692
67.4000000000 3.0550761553
67.5000000000 3.0544543774
67.6000000000 3.0533517899
67.7000000000 3.0531113220
67.8000000000 3.0533761218
67.9000000000 3.0536502435
68.0000000000 3.0531303333
68.1000000000 3.0528216288
68.2000000000 3.0526403800
68.3000000000 3.0524341193
68.4000000000 3.0524257744
68.5000000000 3.0525075402
68.6000000000 3.0532750430
68.7000000000 3.0525633839
68.8000000000 3.0519614053
68.9000000000 3.0508733828
69.0000000000 3.0508044610
69.1000000000 3.0497060729
69.2000000000 3.0492174847
69.3000000000 3.0483592683
69.4000000000 3.0476320174
69.5000000000 3.0477566922
69.6000000000 3.0480716663
69.7000000000 3.0473934614
69.8000000000 3.0471097499
69.9000000000 3.0458015532
70.0000000000 3.0459708223
70.1000000000 3.0459409777
70.2000000000 3.0461749626
70.3000000000 3.0467480262
70.4000000000 3.0470205402
70.5000000000 3.0478188111
70.6000000000 3.0477134541
70.7000000000 3.0468897051
70.8000000000 3.0466021374
70.9000000000 3.0454967650
71.0000000000 3.0453764546
71.1000000000 3.0448144865
71.2000000000 3.0438567843
71.3000000000 3.0434162383
71.4000000000 3.0425942669
71.5000000000 3.0422910653
71.6000000000 3.0427688498
71.7000000000 3.0417925364
71.8000000000 3.0414739381
71.9000000000 3.0417025079
72.0000000000 3.0403477764
72.1000000000 3.0391667226
72.2000000000 3.0387268601
72.3000000000 3.0386647637
72.4000000000 3.0386012301
72.5000000000 3.0383799039
72.6000000000 3.0378630249
72.7000000000 3.0384112617
72.8000000000 3.0379649147
72.9000000000 3.0374824370
73.0000000000 3.0371459314
73.1000000000 3.0365342467
73.2000000000 3.0363724691
73.3000000000 3.0359377205
73.4000000000 3.0354702797
73.5000000000 3.0348090231
73.6000000000 3.0335364396
73.7000000000 3.0334781200
73.8000000000 3.0332415013
73.9000000000 3.0331073844
74.0000000000 3.0323577688
74.1000000000 3.0317974306
74.2000000000 3.0303177968
74.3000000000 3.0302928024
74.4000000000 3.0293375547
74.5000000000 3.0286814917
74.6000000000 3.0286373635
74.7000000000 3.0284200346
74.8000000000 3.0287582918
74.9000000000 3.0277503657
75.0000000000 3.0276609005
75.1000000000 3.0270286030
75.2000000000 3.0277891164
75.3000000000 3.0269184111
75.4000000000 3.0268988342
75.5000000000 3.0267881680
75.6000000000 3.0254673263
75.7000000000 3.0250400252
75.8000000000 3.0250835563
75.9000000000 3.0250969208
76.0000000000 3.0253466290
76.1000000000 3.0254908719
76.2000000000 3.0252016214
76.3000000000 3.0240839314
76.4000000000 3.0232677591
76.5000000000 3.0230921886
76.6000000000 3.0236097472
76.7000000000 3.0225492035
76.8000000000 3.0221543500
76.9000000000 3.0213743177
77.0000000000 3.0215299140
77.1000000000 3.0207783398
77.2000000000 3.0204580333
77.3000000000 3.0205512284
77.4000000000 3.0206464462
77.5000000000 3.0200559099
77.6000000000 3.0193900554
77.7000000000 3.0186665881
77.8000000000 3.0190563999
77.9000000000 3.0181073264
78.0000000000 3.0180628916
78.1000000000 3.0182958120
78.2000000000 3.0179984813
78.3000000000 3.0180304006
78.4000000000 3.0172137734
78.5000000000 3.0160928481
78.6000000000 3.0155087912
78.7000000000 3.0155442829
78.8000000000 3.0157149640
78.9000000000 3.0157928180
79.0000000000 3.0156262159
79.1000000000 3.0152747675
79.2000000000 3.0159264738
79.3000000000 3.0155961865
79.4000000000 3.0158512619
79.5000000000 3.0148809338
79.6000000000 3.0146040422
79.7000000000 3.0137089142
79.8000000000 3.0141877807
79.9000000000 3.0143011028
80.0000000000 3.0138377494
80.1000000000 3.0142485219
80.2000000000 3.0141948777
80.3000000000 3.0134428880
80.4000000000 3.0131092359
80.5000000000 3.0125662583
80.6000000000 3.0117162798
80.7000000000 3.0114493561
80.8000000000 3.0102894107
80.9000000000 3.0098959501
81.0000000000 3.0097466281
81.1000000000 3.0098017325
81.2000000000 3.0092209984
81.3000000000 3.0089948104
81.4000000000 3.0092157334
81.5000000000 3.0085770491
81.6000000000 3.0080310285
81.7000000000 3.0074228520
81.8000000000 3.0072124913
81.9000000000 3.0069139310
82.0000000000 3.0067554454
82.1000000000 3.0059652671
82.2000000000 3.0052945476
82.3000000000 3.0047189246
82.4000000000 3.0036591818
82.5000000000 3.0032189254
82.6000000000 3.0026481702
82.7000000000 3.0022026348
82.8000000000 3.0019255918
82.9000000000 3.0018082382
83.0000000000 3.0013285814
83.1000000000 3.0013225836
83.2000000000 3.0004879264
83.3000000000 3.0007369098
83.4000000000 3.0008222547
83.5000000000 3.0016657702
83.6000000000 3.0007149934
83.7000000000 3.0001920225
83.8000000000 2.9998599299
83.9000000000 2.9990797618
84.0000000000 2.9984253525
84.1000000000 2.9977290521
84.2000000000 2.9981581835
84.3000000000 2.9972636733
84.4000000000 2.9973887520
84.5000000000 2.9968528032
84.6000000000 2.9966300472
84.7000000000 2.9961859916
84.8000000000 2.9951892771
84.9000000000 2.9942759653
85.0000000000 2.9941050895
85.1000000000 2.9937395438
85.2000000000 2.9927780054
85.3000000000 2.9917877205
85.4000000000 2.9915547314
85.5000000000 2.9919050893
85.6000000000 2.9915675249
85.7000000000 2.9912022985
85.8000000000 2.9922082560
85.9000000000 2.9914646158
86.0000000000 2.9923176249
86.1000000000 2.9910897347
86.2000000000 2.9914605271
86.3000000000 2.9910711796
86.4000000000 2.9913792689
86.5000000000 2.9908688388
86.6000000000 2.9906498368
86.7000000000 2.9906233546
86.8000000000 2.9904289781
86.9000000000 2.9911565844
87.0000000000 2.9908570765
87.1000000000 2.9904660602
87.2000000000 2.9905912305
87.3000000000 2.9906682854
87.4000000000 2.9914125413
87.5000000000 2.9905234863
87.6000000000 2.9899443205
87.7000000000 2.9896471608
87.8000000000 2.9900619293
87.9000000000 2.9897412127
88.0000000000 2.9882974300
88.1000000000 2.9875844379
88.2000000000 2.9878796632
88.3000000000 2.9885397088
88.4000000000 2.9867157735
88.5000000000 2.9873136693
88.6000000000 2.9870465354
88.7000000000 2.9873812084
88.8000000000 2.9872933524
88.9000000000 2.9861382085
89.0000000000 2.9859688781
89.1000000000 2.9858803788
89.2000000000 2.9847436133
89.3000000000 2.9850495791
89.4000000000 2.9840429636
89.5000000000 2.9841912830
89.6000000000 2.9840342662
89.7000000000 2.9846374221
89.8000000000 2.9840390389
89.9000000000 2.9843072341
90.0000000000 2.9849851814
90.1000000000 2.9834584889
90.2000000000 2.9837678528
90.3000000000 2.9844279799
90.4000000000 2.9842298913
90.5000000000 2.9838333355
90.6000000000 2.9836174940
90.7000000000 2.9831885704
90.8000000000 2.9821322985
90.9000000000 2.9829434471
91.0000000000 2.9826937844
91.1000000000 2.9823259069
91.2000000000 2.9824269802
91.3000000000 2.9825997674
91.4000000000 2.9823555358
91.5000000000 2.9810297618
91.6000000000 2.9809612312
91.7000000000 2.9807604758
91.8000000000 2.9809734545
91.9000000000 2.9808455487
92.0000000000 2.9792920903
92.1000000000 2.9796372691
92.2000000000 2.9798315674
92.3000000000 2.9789844925
92.4000000000 2.9791942088
92.5000000000 2.9776176702
92.6000000000 2.9782284674
92.7000000000 2.9778167416
92.8000000000 2.9775527821
92.9000000000 2.9769219362
93.0000000000 2.9775291188
93.1000000000 2.9773569584
93.2000000000 2.9764468423
93.3000000000 2.9768327900
93.4000000000 2.9768579411
93.5000000000 2.9766646505
93.6000000000 2.9768663302
93.7000000000 2.9768943595
93.8000000000 2.9766492128
93.9000000000 2.9761549630
94.0000000000 2.9764831499
94.1000000000 2.9770033996
94.2000000000 2.9767038346
94.3000000000 2.9767977418
94.4000000000 2.9762646020
94.5000000000 2.9757675907
94.6000000000 2.9748591371
94.7000000000 2.9747158094
94.8000000000 2.9746299722
94.9000000000 2.9738835597
95.0000000000 2.9728433578
95.1000000000 2.9726451534
95.2000000000 2.9723781626
95.3000000000 2.9729479218
95.4000000000 2.9721515264
95.5000000000 2.9707749920
95.6000000000 2.9710777243
95.7000000000 2.9701287100
95.8000000000 2.9698084072
95.9000000000 2.9687482188
96.0000000000 2.9692555270
96.1000000000 2.9695769400
96.2000000000 2.9690945600
96.3000000000 2.9683420283
96.4000000000 2.9675118225
96.5000000000 2.9669237345
96.6000000000 2.9670490263
96.7000000000 2.9668749012
96.8000000000 2.9657588307
96.9000000000 2.9648747114
97.0000000000 2.9645520160
97.1000000000 2.9651341479
97.2000000000 2.9654991847
97.3000000000 2.9650136090
97.4000000000 2.9639655605
97.5000000000 2.9632555211
97.6000000000 2.9632335776
97.7000000000 2.9631193936
97.8000000000 2.9625833803
97.9000000000 2.9628493799
98.0000000000 2.9627410386
98.1000000000 2.9622847094
98.2000000000 2.9624534723
98.3000000000 2.9616809498
98.4000000000 2.9616234424
98.5000000000 2.9623869724
98.6000000000 2.9605739768
98.7000000000 2.9606770643
98.8000000000 2.9605575397
98.9000000000 2.9599708498
99.0000000000 2.9607637071
99.1000000000 2.9598868121
99.2000000000 2.9596109075
99.3000000000 2.9603542592
99.4000000000 2.9584234204
99.5000000000 2.9580524576
99.6000000000 2.9569890573
99.7000000000 2.9578951962
99.8000000000 2.9571520658
99.9000000000 2.9569995647
100.0000000000 2.9572123936
100.1000000000 2.9571889688
100.2000000000 2.9555533512
100.3000000000 2.9559447423
100.4000000000 2.9558970148
100.5000000000 2.9552459434
100.6000000000 2.9560198955
100.7000000000 2.9559465063
100.8000000000 2.9562075990
100.9000000000 2.9552803824
101.0000000000 2.9553427914
101.1000000000 2.9547266018
101.2000000000 2.9546464690
101.3000000000 2.9549749483
101.4000000000 2.9545552320
101.5000000000 2.9543711321
101.6000000000 2.9534300504
101.7000000000 2.9531071624
101.8000000000 2.9529548883
101.9000000000 2.9511780161
102.0000000000 2.9515940818
102.1000000000 2.9511539445
102.2000000000 2.9512607064
102.3000000000 2.9506468173
102.4000000000 2.9495069957
102.5000000000 2.9499379708
102.6000000000 2.9503448581
102.7000000000 2.9492224508
102.8000000000 2.9495152147
102.9000000000 2.9501870340
103.0000000000 2.9500899126
103.1000000000 2.9489160687
103.2000000000 2.9484155394
103.3000000000 2.9483909217
103.4000000000 2.9478864022
103.5000000000 2.9479828063
103.6000000000 2.9481679144
103.7000000000 2.9477581973
103.8000000000 2.9468734303
103.9000000000 2.9468788774
104.0000000000 2.9460078362
104.1000000000 2.9459999491
104.2000000000 2.9459051782
104.3000000000 2.9458555509
104.4000000000 2.9448368408
104.5000000000 2.9452104583
104.6000000000 2.9446759129
104.7000000000 2.9438034334
104.8000000000 2.9433882583
104.9000000000 2.9431197956
105.0000000000 2.9433484148
105.1000000000 2.9424766721
105.2000000000 2.9413762285
105.3000000000 2.9414700229
105.4000000000 2.9409911558
105.5000000000 2.9409435444
105.6000000000 2.9406039831
105.7000000000 2.9409139182
105.8000000000 2.9406144344
105.9000000000 2.9409298778
106.0000000000 2.9395602446
106.1000000000 2.9391814007
106.2000000000 2.9393320466
106.3000000000 2.9397323797
106.4000000000 2.9394910212
106.5000000000 2.9388689482
106.6000000000 2.9395959669
106.7000000000 2.9400963181
106.8000000000 2.9384305866
106.9000000000 2.9373013474
107.0000000000 2.9380189871
107.1000000000 2.9376853367
107.2000000000 2.9386244402
107.3000000000 2.9381874576
107.4000000000 2.9378466208
107.5000000000 2.9383628415
107.6000000000 2.9379757167
107.7000000000 2.9386328266
107.8000000000 2.9377196207
107.9000000000 2.9380613098
108.0000000000 2.9381768145
108.1000000000 2.9381376975
108.2000000000 2.9379555212
108.3000000000 2.9372858200
108.4000000000 2.9370140923
108.5000000000 2.9370503306
108.6000000000 2.9366066941
108.7000000000 2.9366993101
108.8000000000 2.9363341047
108.9000000000 2.9362155834
109.0000000000 2.9358764584
109.1000000000 2.9358794538
109.2000000000 2.9355326571
109.3000000000 2.9340429742
109.4000000000 2.9337874240
109.5000000000 2.9338510229
109.6000000000 2.9340451678
109.7000000000 2.9338538351
109.8000000000 2.9331787801
109.9000000000 2.9332975244
110.0000000000 2.9327556199
110.1000000000 2.9326138541
110.2000000000 2.9318251608
110.3000000000 2.9320809535
110.4000000000 2.9324466006
110.5000000000 2.9316477123
110.6000000000 2.9314994936
110.7000000000 2.9307560067
110.8000000000 2.9307124767
110.9000000000 2.9310224695
111.0000000000 2.9311974399
111.1000000000 2.9302529273
111.2000000000 2.9298414757
111.3000000000 2.9292945583
111.4000000000 2.9279699209
111.5000000000 2.9278982866
111.6000000000 2.9279161287
111.7000000000 2.9269434158
111.8000000000 2.9264441489
111.9000000000 2.9255416048
112.0000000000 2.9262607200
112.1000000000 2.9261125492
112.2000000000 2.9241489898
112.3000000000 2.9234261804
112.4000000000 2.9238451678
112.5000000000 2.9237246776
112.6000000000 2.9243807602
112.7000000000 2.9240707777
112.8000000000 2.9246646716
112.9000000000 2.9244679422
113.0000000000 2.9245763702
113.1000000000 2.9247558020
113.2000000000 2.9249944541
113.3000000000 2.9245553918
113.4000000000 2.9244737306
113.5000000000 2.9244948874
113.6000000000 2.9239908775
113.7000000000 2.9243015353
113.8000000000 2.9237969485
113.9000000000 2.9241150259
114.0000000000 2.9232474745
114.1000000000 2.9235464929
114.2000000000 2.9236830168
114.3000000000 2.9223413486
114.4000000000 2.9216234018
114.5000000000 2.9210067475
114.6000000000 2.9204426621
114.7000000000 2.9197535380
114.8000000000 2.9200450657
114.9000000000 2.9204044612
115.0000000000 2.9205141024
115.1000000000 2.9199926870
115.2000000000 2.9190645626
115.3000000000 2.9196295747
115.4000000000 2.9191501333
115.5000000000 2.9183473192
115.6000000000 2.9184751351
115.7000000000 2.9180484940
115.8000000000 2.9183162769
115.9000000000 2.9178635388
116.0000000000 2.9172720888
116.1000000000 2.9159071656
116.2000000000 2.9157582056
116.3000000000 2.9150240649
116.4000000000 2.9139582425
116.5000000000 2.9133061192
116.6000000000 2.9130883311
116.7000000000 2.9135778162
116.8000000000 2.9130142501
116.9000000000 2.9124243810
117.0000000000 2.9122854144
117.1000000000 2.9119802435
117.2000000000 2.9116129041
117.3000000000 2.9106882296
117.4000000000 2.9108792494
117.5000000000 2.9110020202
117.6000000000 2.9117061267
117.7000000000 2.9115425174
117.8000000000 2.9126438098
117.9000000000 2.9122601563
118.0000000000 2.9118614486
118.1000000000 2.9115653715
118.2000000000 2.9119039524
118.3000000000 2.9118156577
118.4000000000 2.9122030083
118.5000000000 2.9122875592
118.6000000000 2.9116843461
118.7000000000 2.9110472470
118.8000000000 2.9103773575
118.9000000000 2.9105997558
119.0000000000 2.9104676934
119.1000000000 2.9101435616
119.2000000000 2.9092281741
119.3000000000 2.9093755399
119.4000000000 2.9096589158
119.5000000000 2.9093097383
119.6000000000 2.9088558692
119.7000000000 2.9083528756
119.8000000000 2.9086385155
119.9000000000 2.9083371488
120.0000000000 2.9087267677
120.1000000000 2.9075064704
120.2000000000 2.9080936998
120.3000000000 2.9075672843
120.4000000000 2.9075749149
120.5000000000 2.9076464267
120.6000000000 2.9070169566
120.7000000000 2.9069024478
120.8000000000 2.9072072333
120.9000000000 2.9059873268
121.0000000000 2.9068001490
121.1000000000 2.9062903269
121.2000000000 2.9059652736
121.3000000000 2.9049503757
121.4000000000 2.9051285776
121.5000000000 2.9043565115
121.6000000000 2.9038271316
121.7000000000 2.9034523913
121.8000000000 2.9034636572
121.9000000000 2.9025060859
122.0000000000 2.9017095744
122.1000000000 2.9016172465
122.2000000000 2.9020171449
122.3000000000 2.9015798571
122.4000000000 2.9016280253
122.5000000000 2.9016773130
122.6000000000 2.9005740537
122.7000000000 2.8998594045
122.8000000000 2.8995838404
122.9000000000 2.8998073535
123.0000000000 2.8987921679
123.1000000000 2.8989712868
123.2000000000 2.8990283956
123.3000000000 2.8987227549
123.4000000000 2.8980159480
123.5000000000 2.8982004758
123.6000000000 2.8976943060
123.7000000000 2.8979887148
123.8000000000 2.8986934508
123.9000000000 2.8978036002
124.0000000000 2.8978725991
124.1000000000 2.8976550180
124.2000000000 2.8974207830
124.3000000000 2.8978744192
124.4000000000 2.8976049395
124.5000000000 2.8970680573
124.6000000000 2.8968992336
124.7000000000 2.8963781739
124.8000000000 2.8955065658
124.9000000000 2.8950058532
125.0000000000 2.8950869404
125.1000000000 2.8942984485
125.2000000000 2.8953695398
125.3000000000 2.8951148555
125.4000000000 2.8948403819
125.5000000000 2.8946121158
125.6000000000 2.8944662504
125.7000000000 2.8940497970
125.8000000000 2.8938527672
125.9000000000 2.8932987819
126.0000000000 2.8928532525
126.1000000000 2.8928413400
126.2000000000 2.8919377067
126.3000000000 2.8917264003
126.4000000000 2.8908962853
126.5000000000 2.8903207414
126.6000000000 2.8902784399
126.7000000000 2.8899844115
126.8000000000 2.8898174397
126.9000000000 2.8891189877
127.0000000000 2.8891075654
127.1000000000 2.8886150159
127.2000000000 2.8878170218
127.3000000000 2.8877366423
127.4000000000 2.8872502314
127.5000000000 2.8869897418
127.6000000000 2.8870620816
127.7000000000 2.8870204472
127.8000000000 2.8858088627
127.9000000000 2.8859821553
128.0000000000 2.8863133382
128.1000000000 2.8853871214
128.2000000000 2.8860187755
128.3000000000 2.8861062446
128.4000000000 2.8862000790
128.5000000000 2.8855400787
128.6000000000 2.8847379146
128.7000000000 2.8846182982
128.8000000000 2.8845489230
128.9000000000 2.8840420129
129.0000000000 2.8842360570
129.1000000000 2.8837691834
129.2000000000 2.8829875870
129.3000000000 2.8823987017
129.4000000000 2.8823521040
129.5000000000 2.8822442470
129.6000000000 2.8827427580
129.7000000000 2.8825518266
129.8000000000 2.8828166006
129.9000000000 2.8834306436
130.0000000000 2.8829559732
130.1000000000 2.8828875005
130.2000000000 2.8828934118
130.3000000000 2.8826053225
130.4000000000 2.8828129236
130.5000000000 2.8829401752
130.6000000000 2.8823054492
130.7000000000 2.8818893668
130.8000000000 2.8819550353
130.9000000000 2.8807079477
131.0000000000 2.8807609137
131.1000000000 2.8804686785
131.2000000000 2.8797146399
131.3000000000 2.8794953904
131.4000000000 2.8781834018
131.5000000000 2.8781587312
131.6000000000 2.8774500986
131.7000000000 2.8775236709
131.8000000000 2.8773193735
131.9000000000 2.8764144196
132.0000000000 2.8765848570
132.1000000000 2.8764076099
132.2000000000 2.8761109665
132.3000000000 2.8748889656
132.4000000000 2.8754994756
132.5000000000 2.8757861169
132.6000000000 2.8750240138
132.7000000000 2.8750696959
132.8000000000 2.8747805656
132.9000000000 2.8751454673
133.0000000000 2.8749635223
133.1000000000 2.8744799140
133.2000000000 2.8741611352
133.3000000000 2.8739361126
133.4000000000 2.8740303794
133.5000000000 2.8739519563
133.6000000000 2.8734672204
133.7000000000 2.8734677810
133.8000000000 2.8728035762
133.9000000000 2.8721864517
134.0000000000 2.8723975752
134.1000000000 2.8720669634
134.2000000000 2.8717052048
134.3000000000 2.8710565201
134.4000000000 2.8703592643
134.5000000000 2.8699648606
134.6000000000 2.8703240182
134.7000000000 2.8696581095
134.8000000000 2.8704121175
134.9000000000 2.8702225715
135.0000000000 2.8699072667
135.1000000000 2.8704600222
135.2000000000 2.8712778973
135.3000000000 2.8718264646
135.4000000000 2.8715910771
135.5000000000 2.8711346812
135.6000000000 2.8706603808
135.7000000000 2.8712342364
135.8000000000 2.8715266381
135.9000000000 2.8709587226
136.0000000000 2.8710934309
136.1000000000 2.8706056172
136.2000000000 2.8709298046
136.3000000000 2.8703689155
136.4000000000 2.8703742815
136.5000000000 2.8695677044
136.6000000000 2.8697565822
136.7000000000 2.8694113435
136.8000000000 2.8691612906
136.9000000000 2.8691119424
137.0000000000 2.8693321025
137.1000000000 2.8689315276
137.2000000000 2.8689285523
137.3000000000 2.8680700956
137.4000000000 2.8691791085
137.5000000000 2.8693610570
137.6000000000 2.8701014380
137.7000000000 2.8706625808
137.8000000000 2.8701361263
137.9000000000 2.8701209992
138.0000000000 2.8710188653
138.1000000000 2.8709061329
138.2000000000 2.8705158639
138.3000000000 2.8709860675
138.4000000000 2.8699934731
138.5000000000 2.8691614117
138.6000000000 2.8697388225
138.7000000000 2.8703076470
138.8000000000 2.8703457262
138.9000000000 2.8699449819
139.0000000000 2.8706696536
139.1000000000 2.8691198414
139.2000000000 2.8685398315
139.3000000000 2.8682421785
139.4000000000 2.8685381366
139.5000000000 2.8681437247
139.6000000000 2.8688997035
139.7000000000 2.8682634665
139.8000000000 2.8689710499
139.9000000000 2.8679454486
140.0000000000 2.8667953011
140.1000000000 2.8665880691
140.2000000000 2.8666863951
140.3000000000 2.8661560740
140.4000000000 2.8651120943
140.5000000000 2.8656582671
140.6000000000 2.8653709598
140.7000000000 2.8646515772
140.8000000000 2.8643369736
140.9000000000 2.8645411133
141.0000000000 2.8645240417
141.1000000000 2.8636210579
141.2000000000 2.8641781509
141.3000000000 2.8634484987
141.4000000000 2.8635888946
141.5000000000 2.8636775482
141.6000000000 2.8627925651
141.7000000000 2.8628836206
141.8000000000 2.8632344052
141.9000000000 2.8634127135
142.0000000000 2.8636888663
142.1000000000 2.8648672326
142.2000000000 2.8645839776
142.3000000000 2.8643757889
142.4000000000 2.8649119466
142.5000000000 2.8642087896
142.6000000000 2.8634638253
142.7000000000 2.8624718130
142.8000000000 2.8608481763
142.9000000000 2.8607889034
143.0000000000 2.8607189300
143.1000000000 2.8598567253
143.2000000000 2.8602271791
143.3000000000 2.8596844155
143.4000000000 2.8586706157
143.5000000000 2.8587274692
143.6000000000 2.8584347319
143.7000000000 2.8583305962
143.8000000000 2.8580137591
143.9000000000 2.8574561610
144.0000000000 2.8574666733
144.1000000000 2.8573654833
144.2000000000 2.8568779002
144.3000000000 2.8573014849
144.4000000000 2.8574911651
144.5000000000 2.8578879652
144.6000000000 2.8569738246
144.7000000000 2.8568442489
144.8000000000 2.8567007036
144.9000000000 2.8564509864
145.0000000000 2.8569358156
145.1000000000 2.8565349752
145.2000000000 2.8566812405
145.3000000000 2.8568974980
145.4000000000 2.8561363885
145.5000000000 2.8557826941
145.6000000000 2.8553600534
145.7000000000 2.8547757783
145.8000000000 2.8542479321
145.9000000000 2.8537356193
146.0000000000 2.8535893755
146.1000000000 2.8538074186
146.2000000000 2.8542103450
146.3000000000 2.8532489355
146.4000000000 2.8522013926
146.5000000000 2.8520047520
146.6000000000 2.8524102632
146.7000000000 2.8522284475
146.8000000000 2.8522184733
146.9000000000 2.8521635037
147.0000000000 2.8514982702
147.1000000000 2.8520929225
147.2000000000 2.8508137926
147.3000000000 2.8511980556
147.4000000000 2.8513756994
147.5000000000 2.8503438210
147.6000000000 2.8495534492
147.7000000000 2.8490836104
147.8000000000 2.8492775023
147.9000000000 2.8490981486
148.0000000000 2.8495801659
148.1000000000 2.8500930456
148.2000000000 2.8496588080
148.3000000000 2.8499513838
148.4000000000 2.8483795676
148.5000000000 2.8483066187
148.6000000000 2.8485219615
148.7000000000 2.8483865462
148.8000000000 2.8481823471
148.9000000000 2.8472499612
149.0000000000 2.8468409203
149.1000000000 2.8467790260
149.2000000000 2.8463128264
149.3000000000 2.8464750179
149.4000000000 2.8467541538
149.5000000000 2.8474902988
149.6000000000 2.8470680814
149.7000000000 2.8463050307
149.8000000000 2.8457540042
149.9000000000 2.8462954408
150.0000000000 2.8459558499
150.1000000000 2.8468244932
150.2000000000 2.8457620004
150.3000000000 2.8457627953
150.4000000000 2.8451129743
150.5000000000 2.8449388739
150.6000000000 2.8439457549
150.7000000000 2.8440461451
150.8000000000 2.8442656070
150.9000000000 2.8443200629
151.0000000000 2.8442143196
151.1000000000 2.8428503498
151.2000000000 2.8436530035
151.3000000000 2.8437299390
151.4000000000 2.8436525094
151.5000000000 2.8439732485
151.6000000000 2.8430651141
151.7000000000 2.8439891015
151.8000000000 2.8435259157
151.9000000000 2.8432025796
152.0000000000 2.8434071841
152.1000000000 2.8439016441
152.2000000000 2.8430785056
152.3000000000 2.8425214331
152.4000000000 2.8421989034
152.5000000000 2.8418694869
152.6000000000 2.8409604494
152.7000000000 2.8411482583
152.8000000000 2.8398628474
152.9000000000 2.8397579534
153.0000000000 2.8384984888
153.1000000000 2.8386861370
153.2000000000 2.8384602176
153.3000000000 2.8376161321
153.4000000000 2.8372896700
153.5000000000 2.8376044150
153.6000000000 2.8380307739
153.7000000000 2.8382419840
153.8000000000 2.8379123655
153.9000000000 2.8376202345
154.0000000000 2.8374910826
154.1000000000 2.8369669206
154.2000000000 2.8365765641
154.3000000000 2.8359956050
154.4000000000 2.8359536529
154.5000000000 2.8354070964
154.6000000000 2.8350056510
154.7000000000 2.8351933634
154.8000000000 2.8354489961
154.9000000000 2.8354682284
155.0000000000 2.8352746604
155.1000000000 2.8357670616
155.2000000000 2.8359627311
155.3000000000 2.8364565990
155.4000000000 2.8366769900
155.5000000000 2.8367645852
155.6000000000 2.8365281611
155.7000000000 2.8357969431
155.8000000000 2.8363856448
155.9000000000 2.8358384691
156.0000000000 2.8343488292
156.1000000000 2.8341945185
156.2000000000 2.8345240402
156.3000000000 2.8344188022
156.4000000000 2.8340531794
156.5000000000 2.8333426827
156.6000000000 2.8339034636
156.7000000000 2.8331542919
156.8000000000 2.8329211541
156.9000000000 2.8325886956
157.0000000000 2.8318454962
157.1000000000 2.8314576417
157.2000000000 2.8309482479
157.3000000000 2.8316397523
157.4000000000 2.8319960487
157.5000000000 2.8322615855
157.6000000000 2.8317015150
157.7000000000 2.8324445709
157.8000000000 2.8318216954
157.9000000000 2.8322722463
158.0000000000 2.8319757151
158.1000000000 2.8321293743
158.2000000000 2.8320753257
158.3000000000 2.8315279810
158.4000000000 2.8305733340
158.5000000000 2.8301672658
158.6000000000 2.8290059315
158.7000000000 2.8291010088
158.8000000000 2.8292394645
158.9000000000 2.8282242213
159.0000000000 2.8279045957
159.1000000000 2.8280544666
159.2000000000 2.8284578129
159.3000000000 2.8285472840
159.4000000000 2.8283316369
159.5000000000 2.8288427372
159.6000000000 2.8280444995
159.7000000000 2.8295025715
159.8000000000 2.8292525721
159.9000000000 2.8285095586
160.0000000000 2.8290595982
160.1000000000 2.8294129783
160.2000000000 2.8292351002
160.3000000000 2.8297143643
160.4000000000 2.8305368356
160.5000000000 2.8311055079
160.6000000000 2.8309304422
160.7000000000 2.8302103417
160.8000000000 2.8308757362
160.9000000000 2.8319337192
161.0000000000 2.8318664395
161.1000000000 2.8319941935
161.2000000000 2.8315586212
161.3000000000 2.8331686604
161.4000000000 2.8331540713
161.5000000000 2.8328209722
161.6000000000 2.8320500764
161.7000000000 2.8318882941
161.8000000000 2.8312338265
161.9000000000 2.8315546693
162.0000000000 2.8318433206
162.1000000000 2.8318334200
162.2000000000 2.8315323698
162.3000000000 2.8321280535
162.4000000000 2.8320256943
162.5000000000 2.8326203347
162.6000000000 2.8324034875
162.7000000000 2.8314913871
162.8000000000 2.8313524089
162.9000000000 2.8310496072
163.0000000000 2.8293610429
163.1000000000 2.8293380335
163.2000000000 2.8289027167
163.3000000000 2.8287786579
163.4000000000 2.8285766199
163.5000000000 2.8285859662
163.6000000000 2.8282661934
163.7000000000 2.8287332342
163.8000000000 2.8287563081
163.9000000000 2.8286523805
164.0000000000 2.8293677788
164.1000000000 2.8290647287
164.2000000000 2.8290756081
164.3000000000 2.8285840770
164.4000000000 2.8280439778
164.5000000000 2.8271230982
164.6000000000 2.8268949234
164.7000000000 2.8264124671
164.8000000000 2.8258460615
164.9000000000 2.8251770375
165.0000000000 2.8253996808
165.1000000000 2.8257248492
165.2000000000 2.8260566288
165.3000000000 2.8262804500
165.4000000000 2.8259858691
165.5000000000 2.8256399502
165.6000000000 2.8262116952
165.7000000000 2.8256612300
165.8000000000 2.8250678944
165.9000000000 2.8253008736
166.0000000000 2.8258079417
166.1000000000 2.8246258399
166.2000000000 2.8246822356
166.3000000000 2.8244958318
166.4000000000 2.8243480160
166.5000000000 2.8241344094
166.6000000000 2.8241824259
166.7000000000 2.8243099749
166.8000000000 2.8241480635
166.9000000000 2.8245015273
167.0000000000 2.8241880709
167.1000000000 2.8234743037
167.2000000000 2.8232350471
167.3000000000 2.8237761915
167.4000000000 2.8228486073
167.5000000000 2.8232718587
167.6000000000 2.8224701896
167.7000000000 2.8220278476
167.8000000000 2.8218334933
167.9000000000 2.8225503317
168.0000000000 2.8207100326
168.1000000000 2.8206781938
168.2000000000 2.8196124114
168.3000000000 2.8190107987
168.4000000000 2.8196435265
168.5000000000 2.8196902365
168.6000000000 2.8197113527
168.7000000000 2.8193827926
168.8000000000 2.8193698450
168.9000000000 2.8195350485
169.0000000000 2.8198043438
169.1000000000 2.8193827079
169.2000000000 2.8187190268
169.3000000000 2.8193409230
169.4000000000 2.8188685815
169.5000000000 2.8189759230
169.6000000000 2.8190963838
169.7000000000 2.8197496903
169.8000000000 2.8189229606
169.9000000000 2.8192027490
170.0000000000 2.8195432120
170.1000000000 2.8200925633
170.2000000000 2.8202617734
170.3000000000 2.8202160608
170.4000000000 2.8200323985
170.5000000000 2.8200742725
170.6000000000 2.8209962801
170.7000000000 2.8210553783
170.8000000000 2.8204020866
170.9000000000 2.8203021498
171.0000000000 2.8203185857
171.1000000000 2.8207798101
171.2000000000 2.8214472836
171.3000000000 2.8214513256
171.4000000000 2.8209215301
171.5000000000 2.8211566573
171.6000000000 2.8209718030
171.7000000000 2.8210196478
171.8000000000 2.8201981162
171.9000000000 2.8199200373
172.0000000000 2.8195939290
172.1000000000 2.8192303802
172.2000000000 2.8186828992
172.3000000000 2.8184209622
172.4000000000 2.8183356189
172.5000000000 2.8179007190
172.6000000000 2.8172762429
172.7000000000 2.8170633721
172.8000000000 2.8170927203
172.9000000000 2.8164660745
173.0000000000 2.8165782826
173.1000000000 2.8167108618
173.2000000000 2.8163818621
173.3000000000 2.8162957441
173.4000000000 2.8156919901
173.5000000000 2.8151754425
173.6000000000 2.8149037168
173.7000000000 2.8159174334
173.8000000000 2.8156410913
173.9000000000 2.8159071613
174.0000000000 2.8148015846
174.1000000000 2.8151954642
174.2000000000 2.8147297180
174.3000000000 2.8141180957
174.4000000000 2.8139266221
174.5000000000 2.8130260152
174.6000000000 2.8136577713
174.7000000000 2.8148065821
174.8000000000 2.8140763050
174.9000000000 2.8143624610
175.0000000000 2.8137878820
175.1000000000 2.8144497267
175.2000000000 2.8134491086
175.3000000000 2.8133204769
175.4000000000 2.8135701205
175.5000000000 2.8117433173
175.6000000000 2.8124546907
175.7000000000 2.8122817193
175.8000000000 2.8120054901
175.9000000000 2.8126600781
176.0000000000 2.8125757966
176.1000000000 2.8126215565
176.2000000000 2.8116901743
176.3000000000 2.8121827428
176.4000000000 2.8121915636
176.5000000000 2.8128696692
176.6000000000 2.8129078150
176.7000000000 2.8123709375
176.8000000000 2.8123713234
176.9000000000 2.8115605364
177.0000000000 2.8117303790
177.1000000000 2.8113863919
177.2000000000 2.8114539458
177.3000000000 2.8118549787
177.4000000000 2.8119928710
177.5000000000 2.8115129670
177.6000000000 2.8118765139
177.7000000000 2.8117478188
177.8000000000 2.8115523979
177.9000000000 2.8116419234
178.0000000000 2.8116224770
178.1000000000 2.8112383758
178.2000000000 2.8115192505
178.3000000000 2.8116270714
178.4000000000 2.8119632352
178.5000000000 2.8109453089
178.6000000000 2.8106969518
178.7000000000 2.8103289526
178.8000000000 2.8097846932
178.9000000000 2.8108552565
179.0000000000 2.8107668766
179.1000000000 2.8112241395
179.2000000000 2.8117723138
179.3000000000 2.8120832529
179.4000000000 2.8121394545
179.5000000000 2.8124667445
179.6000000000 2.8121755810
179.7000000000 2.8118469785
179.8000000000 2.8104760480
179.9000000000 2.8105703631
180.0000000000 2.8097790202
180.1000000000 2.8096625793
180.2000000000 2.8092050011
180.3000000000 2.8097380965
180.4000000000 2.8101498532
180.5000000000 2.8100699801
180.6000000000 2.8102689335
180.7000000000 2.8096100574
180.8000000000 2.8094097051
180.9000000000 2.8104934275
181.0000000000 2.8101248756
181.1000000000 2.8097046773
181.2000000000 2.8090213367
181.3000000000 2.8099134263
181.4000000000 2.8100917026
181.5000000000 2.8100706069
181.6000000000 2.8093408518
181.7000000000 2.8084600755
181.8000000000 2.8076771359
181.9000000000 2.8076594825
182.0000000000 2.8072077719
182.1000000000 2.8072535191
182.2000000000 2.8065411156
182.3000000000 2.8051579039
182.4000000000 2.8054107939
182.5000000000 2.8058482412
182.6000000000 2.8054678604
182.7000000000 2.8058735214
182.8000000000 2.8058397231
182.9000000000 2.8050567343
183.0000000000 2.8053878173
183.1000000000 2.8047835990
183.2000000000 2.8045231281
183.3000000000 2.8047624063
183.4000000000 2.8042991208
183.5000000000 2.8038102523
183.6000000000 2.8037949078
183.7000000000 2.8041792940
183.8000000000 2.8041572106
183.9000000000 2.8037581620
184.0000000000 2.8031238329
184.1000000000 2.8031224305
184.2000000000 2.8026879302
184.3000000000 2.8034166509
184.4000000000 2.8033595133
184.5000000000 2.8037106664
184.6000000000 2.8029273897
184.7000000000 2.8027628511
184.8000000000 2.8029938243
184.9000000000 2.8036340810
185.0000000000 2.8038432402
185.1000000000 2.8044151256
185.2000000000 2.8043400739
185.3000000000 2.8038221953
185.4000000000 2.8042929448
185.5000000000 2.8044685928
185.6000000000 2.8040497154
185.7000000000 2.8043747061
185.8000000000 2.8037908378
185.9000000000 2.8043738347
186.0000000000 2.8028186908
186.1000000000 2.8028440035
186.2000000000 2.8021622038
186.3000000000 2.8020830968
186.4000000000 2.8013741245
186.5000000000 2.8014921254
186.6000000000 2.8016308754
186.7000000000 2.8005832960
186.8000000000 2.7998844929
186.9000000000 2.7988566988
187.0000000000 2.7990447432
187.1000000000 2.7986149705
187.2000000000 2.7981419022
187.3000000000 2.7981556610
187.4000000000 2.7988087521
187.5000000000 2.7988648535
187.6000000000 2.7989314758
187.7000000000 2.7993859716
187.8000000000 2.7998952411
187.9000000000 2.8003756427
188.0000000000 2.8007105222
188.1000000000 2.7998258367
188.2000000000 2.7991899933
188.3000000000 2.7982061074
188.4000000000 2.7984311341
188.5000000000 2.7993043045
188.6000000000 2.7985496945
188.7000000000 2.7973387319
188.8000000000 2.7962606356
188.9000000000 2.7959468017
189.0000000000 2.7952904690
189.1000000000 2.7946692679
189.2000000000 2.7938102072
189.3000000000 2.7933606938
189.4000000000 2.7939613533
189.5000000000 2.7933369910
189.6000000000 2.7939160550
189.7000000000 2.7939009327
189.8000000000 2.7933748190
189.9000000000 2.7933725048
190.0000000000 2.7937091780
190.1000000000 2.7945895932
190.2000000000 2.7943066077
190.3000000000 2.7941234814
190.4000000000 2.7936650740
190.5000000000 2.7948796755
190.6000000000 2.7946173417
190.7000000000 2.7945845897
190.8000000000 2.7948627012
190.9000000000 2.7945168087
191.0000000000 2.7945636982
191.1000000000 2.7935822349
191.2000000000 2.7937164896
191.3000000000 2.7943392732
191.4000000000 2.7942384447
191.5000000000 2.7937521008
191.6000000000 2.7928955296
191.7000000000 2.7933711969
191.8000000000 2.7940303956
191.9000000000 2.7940911075
192.0000000000 2.7929061903
192.1000000000 2.7936531664
192.2000000000 2.7928024083
192.3000000000 2.7933429011
192.4000000000 2.7922086464
192.5000000000 2.7922795727
192.6000000000 2.7924167776
192.7000000000 2.7916924664
192.8000000000 2.7908618537
192.9000000000 2.7903265298
193.0000000000 2.7911541221
193.1000000000 2.7913500363
193.2000000000 2.7918953093
193.3000000000 2.7912900473
193.4000000000 2.7918727255
193.5000000000 2.7909729858
193.6000000000 2.7908648082
193.7000000000 2.7901882863
193.8000000000 2.7898930175
193.9000000000 2.7893358708
194.0000000000 2.7901030748
194.1000000000 2.7902427735
194.2000000000 2.7898982796
194.3000000000 2.7895126361
194.4000000000 2.7898216986
194.5000000000 2.7897946336
194.6000000000 2.7905836777
194.7000000000 2.7905223306
194.8000000000 2.7914116065
194.9000000000 2.7922477786
195.0000000000 2.7923804073
195.1000000000 2.7923506800
195.2000000000 2.7925701245
195.3000000000 2.7930691547
195.4000000000 2.7918537313
195.5000000000 2.7913996407
195.6000000000 2.7911778124
195.7000000000 2.7910062822
195.8000000000 2.7914019905
195.9000000000 2.7907939408
196.0000000000 2.7918008178
196.1000000000 2.7922574565
196.2000000000 2.7918604472
196.3000000000 2.7915680770
196.4000000000 2.7914956261
196.5000000000 2.7914463601
196.6000000000 2.7915559942
196.7000000000 2.7918546318
196.8000000000 2.7926849816
196.9000000000 2.7928968867
197.0000000000 2.7927358041
197.1000000000 2.7923143549
197.2000000000 2.7914119372
197.3000000000 2.7920716464
197.4000000000 2.7914982800
197.5000000000 2.7899607100
197.6000000000 2.7904397874
197.7000000000 2.7906242093
197.8000000000 2.7902871970
197.9000000000 2.7894847436
198.0000000000 2.7891468107
198.1000000000 2.7885771200
198.2000000000 2.7885968331
198.3000000000 2.7885316338
198.4000000000 2.7892740431
198.5000000000 2.7895472902
198.6000000000 2.7895133020
198.7000000000 2.7886504951
198.8000000000 2.7883403439
198.9000000000 2.7874004821
199.0000000000 2.7877532634
199.1000000000 2.7884276279
199.2000000000 2.7882589952
199.3000000000 2.7887820241
199.4000000000 2.7890064734
199.5000000000 2.7887599794
199.6000000000 2.7890656693
199.7000000000 2.7885934330
199.8000000000 2.7882173258
199.9000000000 2.7873580443
200.0000000000 2.7877899121
200.1000000000 2.7876174363
200.2000000000 2.7861672596
200.3000000000 2.7869540177
200.4000000000 2.7873277595
200.5000000000 2.7863748991
200.6000000000 2.7867272581
200.7000000000 2.7868619287
200.8000000000 2.7870381956
200.9000000000 2.7870171030
201.0000000000 2.7875718716
201.1000000000 2.7870715956
201.2000000000 2.7865001420
201.3000000000 2.7859273711
201.4000000000 2.7862245827
201.5000000000 2.7861020591
201.6000000000 2.7858765295
201.7000000000 2.7863536917
201.8000000000 2.7862170244
201.9000000000 2.7867223671
202.0000000000 2.7859089751
202.1000000000 2.7857527174
202.2000000000 2.7844276331
202.3000000000 2.7842067031
202.4000000000 2.7843874942
202.5000000000 2.7837115437
202.6000000000 2.7830430065
202.7000000000 2.7824867785
202.8000000000 2.7832258633
202.9000000000 2.7833210702
203.0000000000 2.7830045765
203.1000000000 2.7832306106
203.2000000000 2.7836702898
203.3000000000 2.7834457371
203.4000000000 2.7836911733
203.5000000000 2.7835066262
203.6000000000 2.7842902765
203.7000000000 2.7841191895
203.8000000000 2.7838318188
203.9000000000 2.7837446894
204.0000000000 2.7842621715
204.1000000000 2.7842447024
204.2000000000 2.7838377702
204.3000000000 2.7845971154
204.4000000000 2.7841186579
204.5000000000 2.7851056300
204.6000000000 2.7845636866
204.7000000000 2.7834441122
204.8000000000 2.7832420233
204.9000000000 2.7827172706
205.0000000000 2.7821813879
205.1000000000 2.7820904223
205.2000000000 2.7814259670
205.3000000000 2.7816487355
205.4000000000 2.7804405517
205.5000000000 2.7809711180
205.6000000000 2.7811628495
205.7000000000 2.7808075233
205.8000000000 2.7812936326
205.9000000000 2.7809837922
206.0000000000 2.7805419896
206.1000000000 2.7805490135
206.2000000000 2.7796132926
206.3000000000 2.7794085588
206.4000000000 2.7794189641
206.5000000000 2.7797909556
206.6000000000 2.7797564845
206.7000000000 2.7796941005
206.8000000000 2.7788090593
206.9000000000 2.7795133941
207.0000000000 2.7802374614
207.1000000000 2.7797318516
207.2000000000 2.7806417839
207.3000000000 2.7804578117
207.4000000000 2.7799127448
207.5000000000 2.7782959890
207.6000000000 2.7783211317
207.7000000000 2.7778938828
207.8000000000 2.7782240481
207.9000000000 2.7780313148
208.0000000000 2.7773126159
208.1000000000 2.7768906062
208.2000000000 2.7766225720
208.3000000000 2.7765512778
208.4000000000 2.7766567024
208.5000000000 2.7772751191
208.6000000000 2.7770681410
208.7000000000 2.7769927758
208.8000000000 2.7765037702
208.9000000000 2.7762487354
209.0000000000 2.7762837710
209.1000000000 2.7762490242
209.2000000000 2.7757504119
209.3000000000 2.7757612091
209.4000000000 2.7753685337
209.5000000000 2.7749762226
209.6000000000 2.7741415450
209.7000000000 2.7745047607
209.8000000000 2.7748691629
209.9000000000 2.7738174740
210.0000000000 2.7746114793
210.1000000000 2.7751710076
210.2000000000 2.7747975233
210.3000000000 2.7750256100
210.4000000000 2.7751205906
210.5000000000 2.7751971261
210.6000000000 2.7745767858
210.7000000000 2.7746020297
210.8000000000 2.7747145605
210.9000000000 2.7750818282
211.0000000000 2.7748220217
211.1000000000 2.7744244186
211.2000000000 2.7751341262
211.3000000000 2.7747306097
211.4000000000 2.7740313935
211.5000000000 2.7738160244
211.6000000000 2.7741110147
211.7000000000 2.7737274783
211.8000000000 2.7728047754
211.9000000000 2.7720895898
212.0000000000 2.7724730147
212.1000000000 2.7723696871
212.2000000000 2.7727594174
212.3000000000 2.7725942415
212.4000000000 2.7730413492
212.5000000000 2.7736728507
212.6000000000 2.7739394739
212.7000000000 2.7740030189
212.8000000000 2.7736810087
212.9000000000 2.7731636218
213.0000000000 2.7738316638
213.1000000000 2.7731750001
213.2000000000 2.7740751108
213.3000000000 2.7747199164
213.4000000000 2.7747397290
213.5000000000 2.7750912236
213.6000000000 2.7753359300
213.7000000000 2.7740494535
213.8000000000 2.7742565287
213.9000000000 2.7740408994
214.0000000000 2.7739654505
214.1000000000 2.7741947618
214.2000000000 2.7739136601
214.3000000000 2.7736767262
214.4000000000 2.7733311157
214.5000000000 2.7737863243
214.6000000000 2.7727516465
214.7000000000 2.7726069050
214.8000000000 2.7729737360
214.9000000000 2.7727548887
215.0000000000 2.7721607118
215.1000000000 2.7735201113
215.2000000000 2.7731806500
215.3000000000 2.7726700595
215.4000000000 2.7729429405
215.5000000000 2.7726210703
215.6000000000 2.7739652162
215.7000000000 2.7741894903
215.8000000000 2.7738939441
215.9000000000 2.7741060235
216.0000000000 2.7741185614
216.1000000000 2.7734337184
216.2000000000 2.7731846374
216.3000000000 2.7732801281
216.4000000000 2.7731662268
216.5000000000 2.7727586472
216.6000000000 2.7718077611
216.7000000000 2.7714534141
216.8000000000 2.7719862254
216.9000000000 2.7707818131
217.0000000000 2.7716344488
217.1000000000 2.7706431362
217.2000000000 2.7700860740
217.3000000000 2.7703807572
217.4000000000 2.7702011166
217.5000000000 2.7703073769
217.6000000000 2.7692800979
217.7000000000 2.7693021832
217.8000000000 2.7691044923
217.9000000000 2.7697368063
218.0000000000 2.7692072907
218.1000000000 2.7692055092
218.2000000000 2.7689784297
218.3000000000 2.7683598900
218.4000000000 2.7669126093
218.5000000000 2.7668088453
218.6000000000 2.7662793456
218.7000000000 2.7657754476
218.8000000000 2.7670057568
218.9000000000 2.7667392102
219.0000000000 2.7664182683
219.1000000000 2.7661311793
219.2000000000 2.7653374787
219.3000000000 2.7648667505
219.4000000000 2.7653760499
219.5000000000 2.7654225414
219.6000000000 2.7652197552
219.7000000000 2.7651522207
219.8000000000 2.7652639127
219.9000000000 2.7652948792
220.0000000000 2.7659456064
220.1000000000 2.7660194557
220.2000000000 2.7658557657
220.3000000000 2.7661391614
220.4000000000 2.7658436093
220.5000000000 2.7658804091
220.6000000000 2.7657341825
220.7000000000 2.7663259674
220.8000000000 2.7656560559
220.9000000000 2.7657516491
221.0000000000 2.7654990505
221.1000000000 2.7650529826
221.2000000000 2.7651528955
221.3000000000 2.7654944920
221.4000000000 2.7652469064
221.5000000000 2.7656589842
221.6000000000 2.7641981033
221.7000000000 2.7640300174
221.8000000000 2.7640290492
221.9000000000 2.7640023504
222.0000000000 2.7645024116
222.1000000000 2.7631190819
222.2000000000 2.7634601013
222.3000000000 2.7628509210
222.4000000000 2.7624006653
222.5000000000 2.7628254603
222.6000000000 2.7631173690
222.7000000000 2.7628564168
222.8000000000 2.7615418270
222.9000000000 2.7613840373
223.0000000000 2.7609041365
223.1000000000 2.7616303607
223.2000000000 2.7613208970
223.3000000000 2.7618549228
223.4000000000 2.7617434902
223.5000000000 2.7609606218
223.6000000000 2.7606762355
223.7000000000 2.7608068918
223.8000000000 2.7596724611
223.9000000000 2.7591059584
224.0000000000 2.7593773592
224.1000000000 2.7593567156
224.2000000000 2.7590146081
224.3000000000 2.7582104886
224.4000000000 2.7579237443
224.5000000000 2.7584843829
224.6000000000 2.7584955411
224.7000000000 2.7587802010
224.8000000000 2.7576928337
224.9000000000 2.7573630654
225.0000000000 2.7565206597
225.1000000000 2.7570464929
225.2000000000 2.7568900297
225.3000000000 2.7557489229
225.4000000000 2.7558474111
225.5000000000 2.7564080584
225.6000000000 2.7568661844
225.7000000000 2.7567746475
225.8000000000 2.7565006225
225.9000000000 2.7566717606
226.0000000000 2.7567684066
226.1000000000 2.7571534798
226.2000000000 2.7572363774
226.3000000000 2.7573908022
226.4000000000 2.7576070960
226.5000000000 2.7565436292
226.6000000000 2.7572022684
226.7000000000 2.7565809994
226.8000000000 2.7562770041
226.9000000000 2.7561769270
227.0000000000 2.7559647396
227.1000000000 2.7560355868
227.2000000000 2.7559407448
227.3000000000 2.7563472106
227.4000000000 2.7565771079
227.5000000000 2.7561809302
227.6000000000 2.7565208302
227.7000000000 2.7566244615
227.8000000000 2.7565041179
227.9000000000 2.7568819902
228.0000000000 2.7556109560
228.1000000000 2.7562404450
228.2000000000 2.7565415871
228.3000000000 2.7573305662
228.4000000000 2.7566533680
228.5000000000 2.7567312756
228.6000000000 2.7559399513
228.7000000000 2.7555435746
228.8000000000 2.7552826093
228.9000000000 2.7552785457
229.0000000000 2.7551959516
229.1000000000 2.7547508453
229.2000000000 2.7543500181
229.3000000000 2.7539932054
229.4000000000 2.7539167581
229.5000000000 2.7542060504
229.6000000000 2.7538589396
229.7000000000 2.7528259901
229.8000000000 2.7533133551
229.9000000000 2.7532064417
230.0000000000 2.7534895815
230.1000000000 2.7529568059
230.2000000000 2.7521161696
230.3000000000 2.7524068820
230.4000000000 2.7524799370
230.5000000000 2.7520937065
230.6000000000 2.7522372420
230.7000000000 2.7522834367
230.8000000000 2.7525038206
230.9000000000 2.7526941605
231.0000000000 2.7518680982
231.1000000000 2.7525739759
231.2000000000 2.7529659337
231.3000000000 2.7527175425
231.4000000000 2.7519077576
231.5000000000 2.7513401583
231.6000000000 2.7511292885
231.7000000000 2.7510212763
231.8000000000 2.7510633107
231.9000000000 2.7505093815
232.0000000000 2.7504145352
232.1000000000 2.7497149419
232.2000000000 2.7496983219
232.3000000000 2.7499092675
232.4000000000 2.7501972805
232.5000000000 2.7491515862
232.6000000000 2.7499061152
232.7000000000 2.7503354561
232.8000000000 2.7503154215
232.9000000000 2.7496233873
233.0000000000 2.7490132593
233.1000000000 2.7493613621
233.2000000000 2.7485814986
233.3000000000 2.7492900058
233.4000000000 2.7494367229
233.5000000000 2.7485709974
233.6000000000 2.7486618716
233.7000000000 2.7490064200
233.8000000000 2.7479561167
233.9000000000 2.7476435792
234.0000000000 2.7485193186
234.1000000000 2.7486560473
234.2000000000 2.7479634377
234.3000000000 2.7477736033
234.4000000000 2.7476410289
234.5000000000 2.7467516953
234.6000000000 2.7475203931
234.7000000000 2.7464423691
234.8000000000 2.7464431671
234.9000000000 2.7466196292
235.0000000000 2.7471819932
235.1000000000 2.7468876592
235.2000000000 2.7471057116
235.3000000000 2.7469004081
235.4000000000 2.7472933781
235.5000000000 2.7472775741
235.6000000000 2.7473839821
235.7000000000 2.7470840855
235.8000000000 2.7469440278
235.9000000000 2.7470646420
236.0000000000 2.7467831461
236.1000000000 2.7468280490
236.2000000000 2.7467119805
236.3000000000 2.7458318581
236.4000000000 2.7461636094
236.5000000000 2.7459208226
236.6000000000 2.7461819441
236.7000000000 2.7463492626
236.8000000000 2.7464176036
236.9000000000 2.7462001551
237.0000000000 2.7465887282
237.1000000000 2.7460081519
237.2000000000 2.7460981706
237.3000000000 2.7464752340
237.4000000000 2.7463014486
237.5000000000 2.7455453694
237.6000000000 2.7453911706
237.7000000000 2.7453367158
237.8000000000 2.7435300042
237.9000000000 2.7433891029
238.0000000000 2.7424858079
238.1000000000 2.7424188804
238.2000000000 2.7426575414
238.3000000000 2.7428638977
238.4000000000 2.7427249058
238.5000000000 2.7429484847
238.6000000000 2.7426804173
238.7000000000 2.7415027949
238.8000000000 2.7419845332
238.9000000000 2.7415043673
239.0000000000 2.7415885469
239.1000000000 2.7425710758
239.2000000000 2.7412819902
239.3000000000 2.7410393787
239.4000000000 2.7410700096
239.5000000000 2.7405902772
239.6000000000 2.7408628542
239.7000000000 2.7410804670
239.8000000000 2.7408801547
239.9000000000 2.7406977736
240.0000000000 2.7412019689
240.1000000000 2.7410762310
240.2000000000 2.7420269830
240.3000000000 2.7425116282
240.4000000000 2.7423085738
240.5000000000 2.7416731460
240.6000000000 2.7404147334
240.7000000000 2.7415782150
240.8000000000 2.7404858514
240.9000000000 2.7407110952
241.0000000000 2.7409028795
241.1000000000 2.7411760602
241.2000000000 2.7412267046
241.3000000000 2.7406049600
241.4000000000 2.7412334309
241.5000000000 2.7412947633
241.6000000000 2.7410479084
241.7000000000 2.7411052615
241.8000000000 2.7411115923
241.9000000000 2.7413078314
242.0000000000 2.7406556631
242.1000000000 2.7413080830
242.2000000000 2.7407955046
242.3000000000 2.7405158713
242.4000000000 2.7399947378
242.5000000000 2.7396709562
242.6000000000 2.7399640331
242.7000000000 2.7397034347
242.8000000000 2.7385304665
242.9000000000 2.7390596622
243.0000000000 2.7388147809
243.1000000000 2.7388053173
243.2000000000 2.7391587691
243.3000000000 2.7394272092
243.4000000000 2.7396358158
243.5000000000 2.7392031533
243.6000000000 2.7388593990
243.7000000000 2.7383565265
243.8000000000 2.7379669961
243.9000000000 2.7384835071
244.0000000000 2.7389996047
244.1000000000 2.7385141364
244.2000000000 2.7373396662
244.3000000000 2.7368111941
244.4000000000 2.7357813864
244.5000000000 2.7351657827
244.6000000000 2.7345710724
244.7000000000 2.7344422809
244.8000000000 2.7347667940
244.9000000000 2.7338411524
245.0000000000 2.7335879270
245.1000000000 2.7333551097
245.2000000000 2.7330342330
245.3000000000 2.7332896455
245.4000000000 2.7334694510
245.5000000000 2.7341259221
245.6000000000 2.7342709484
245.7000000000 2.7348683668
245.8000000000 2.7357468325
245.9000000000 2.7355167935
246.0000000000 2.7352462787
246.1000000000 2.7347972455
246.2000000000 2.7355119490
246.3000000000 2.7349884490
246.4000000000 2.7347923416
246.5000000000 2.7351029999
246.6000000000 2.7352544815
246.7000000000 2.7349602130
246.8000000000 2.7346994338
246.9000000000 2.7356341155
247.0000000000 2.7351663279
247.1000000000 2.7349064267
247.2000000000 2.7355663043
247.3000000000 2.7353725215
247.4000000000 2.7358291119
247.5000000000 2.7355879810
247.6000000000 2.7358643184
247.7000000000 2.7357935474
247.8000000000 2.7352007501
247.9000000000 2.7354005063
248.0000000000 2.7348852388
248.1000000000 2.7338888006
248.2000000000 2.7341624262
248.3000000000 2.7343789267
248.4000000000 2.7342649467
248.5000000000 2.7343792970
248.6000000000 2.7348106821
248.7000000000 2.7351938945
248.8000000000 2.7345221211
248.9000000000 2.7342001502
249.0000000000 2.7340631795
249.1000000000 2.7330781286
249.2000000000 2.7332878793
249.3000000000 2.7327630975
249.4000000000 2.7333280159
249.5000000000 2.7335729346
249.6000000000 2.7335574687
249.7000000000 2.7330509581
249.8000000000 2.7329641938
249.9000000000 2.7322216783
250.0000000000 2.7332410235
250.1000000000 2.7329549212
250.2000000000 2.7330845332
250.3000000000 2.7322803967
250.4000000000 2.7320004909
250.5000000000 2.7324680213
250.6000000000 2.7323335554
250.7000000000 2.7320882343
250.8000000000 2.7317603948
250.9000000000 2.7310972709
251.0000000000 2.7312811958
251.1000000000 2.7302260130
251.2000000000 2.7297098506
251.3000000000 2.7305093447
251.4000000000 2.7309709373
251.5000000000 2.7301484885
251.6000000000 2.7299352474
251.7000000000 2.7297458779
251.8000000000 2.7305637191
251.9000000000 2.7305577063
252.0000000000 2.7304167957
252.1000000000 2.7311958866
252.2000000000 2.7307227097
252.3000000000 2.7311118532
252.4000000000 2.7310071685
252.5000000000 2.7305585950
252.6000000000 2.7301972021
252.7000000000 2.7300210678
252.8000000000 2.7298202795
252.9000000000 2.7294773246
253.0000000000 2.7277369469
253.1000000000 2.7277196031
253.2000000000 2.7283161344
253.3000000000 2.7276929997
253.4000000000 2.7270352129
253.5000000000 2.7268988133
253.6000000000 2.7273753158
253.7000000000 2.7277420256
253.8000000000 2.7269391221
253.9000000000 2.7273492328
254.0000000000 2.7278272423
254.1000000000 2.7284456245
254.2000000000 2.7285981341
254.3000000000 2.7282267547
254.4000000000 2.7283273588
254.5000000000 2.7277691990
254.6000000000 2.7273445306
254.7000000000 2.7268522300
254.8000000000 2.7269248592
254.9000000000 2.7269424116
255.0000000000 2.7266927114
255.1000000000 2.7253120370
255.2000000000 2.7247736490
255.3000000000 2.7246291668
255.4000000000 2.7252083930
255.5000000000 2.7259575991
255.6000000000 2.7256460318
255.7000000000 2.7256786492
255.8000000000 2.7262369635
255.9000000000 2.7263493249
256.0000000000 2.7257396420
256.1000000000 2.7257800649
256.2000000000 2.7255578804
256.3000000000 2.7265762967
256.4000000000 2.7252274503
256.5000000000 2.7248893773
256.6000000000 2.7247230754
256.7000000000 2.7251705127
256.8000000000 2.7247140779
256.9000000000 2.7248110654
257.0000000000 2.7251449592
257.1000000000 2.7254133300
257.2000000000 2.7254304570
257.3000000000 2.7254598440
257.4000000000 2.7252244552
257.5000000000 2.7254632567
257.6000000000 2.7254444951
257.7000000000 2.7250423423
257.8000000000 2.7254276599
257.9000000000 2.7256971022
258.0000000000 2.7259881986
258.1000000000 2.7255627026
258.2000000000 2.7255041926
258.3000000000 2.7240953099
258.4000000000 2.7248791874
258.5000000000 2.7258804160
258.6000000000 2.7253118463
258.7000000000 2.7265963872
258.8000000000 2.7263289353
258.9000000000 2.7260743566
259.0000000000 2.7254098163
259.1000000000 2.7249445444
259.2000000000 2.7249729825
259.3000000000 2.7253315513
259.4000000000 2.7258978466
259.5000000000 2.7249199956
259.6000000000 2.7245409198
259.7000000000 2.7238217617
259.8000000000 2.7238749693
259.9000000000 2.7235584237
260.0000000000 2.7229835060
260.1000000000 2.7235332338
260.2000000000 2.7231231793
260.3000000000 2.7235492589
260.4000000000 2.7223439469
260.5000000000 2.7229282665
260.6000000000 2.7224336690
260.7000000000 2.7219638517
260.8000000000 2.7219861361
260.9000000000 2.7224178180
261.0000000000 2.7221949341
261.1000000000 2.7215926358
261.2000000000 2.7214742900
261.3000000000 2.7215085210
261.4000000000 2.7212866224
261.5000000000 2.7202871707
261.6000000000 2.7207455273
261.7000000000 2.7204680993
261.8000000000 2.7208848255
261.9000000000 2.7204009474
262.0000000000 2.7201338132
262.1000000000 2.7199516576
262.2000000000 2.7196716795
262.3000000000 2.7195706600
262.4000000000 2.7199365978
262.5000000000 2.7193692300
262.6000000000 2.7191917747
262.7000000000 2.7186866571
262.8000000000 2.7194584653
262.9000000000 2.7194024098
263.0000000000 2.7200604215
263.1000000000 2.7198736927
263.2000000000 2.7195542415
263.3000000000 2.7200079371
263.4000000000 2.7193790657
263.5000000000 2.7186005893
263.6000000000 2.7178730662
263.7000000000 2.7186917804
263.8000000000 2.7189091794
263.9000000000 2.7188232470
264.0000000000 2.7177084713
264.1000000000 2.7184260747
264.2000000000 2.7187275591
264.3000000000 2.7185597193
264.4000000000 2.7186930746
264.5000000000 2.7187361017
264.6000000000 2.7180360678
264.7000000000 2.7186305289
264.8000000000 2.7182924417
264.9000000000 2.7179284178
265.0000000000 2.7176476910
265.1000000000 2.7174078374
265.2000000000 2.7172911087
265.3000000000 2.7181476929
265.4000000000 2.7175987884
265.5000000000 2.7186365726
265.6000000000 2.7176318880
265.7000000000 2.7171400528
265.8000000000 2.7173628062
265.9000000000 2.7172815747
266.0000000000 2.7170193299
266.1000000000 2.7174009291
266.2000000000 2.7166504259
266.3000000000 2.7153656428
266.4000000000 2.7154530746
266.5000000000 2.7150607225
266.6000000000 2.7163306132
266.7000000000 2.7161475559
266.8000000000 2.7157788640
266.9000000000 2.7158254785
267.0000000000 2.7161617145
267.1000000000 2.7159153325
267.2000000000 2.7155514416
267.3000000000 2.7159767619
267.4000000000 2.7153048114
267.5000000000 2.7164478295
267.6000000000 2.7154449872
267.7000000000 2.7160766488
267.8000000000 2.7155020491
267.9000000000 2.7159034607
268.0000000000 2.7156663008
268.1000000000 2.7156644905
268.2000000000 2.7160047379
268.3000000000 2.7165045135
268.4000000000 2.7156823381
268.5000000000 2.7151619306
268.6000000000 2.7151106510
268.7000000000 2.7155440870
268.8000000000 2.7152967558
268.9000000000 2.7151752680
269.0000000000 2.7154656187
269.1000000000 2.7145096295
269.2000000000 2.7142707632
269.3000000000 2.7138038663
269.4000000000 2.7136479903
269.5000000000 2.7133375714
269.6000000000 2.7138306995
269.7000000000 2.7130870635
269.8000000000 2.7129207583
269.9000000000 2.7140100479
270.0000000000 2.7132030649
270.1000000000 2.7128648114
270.2000000000 2.7136581241
270.3000000000 2.7141558658
270.4000000000 2.7128569711
270.5000000000 2.7129570777
270.6000000000 2.7131256924
270.7000000000 2.7134033220
270.8000000000 2.7136326535
270.9000000000 2.7131600999
271.0000000000 2.7120986778
271.1000000000 2.7118578743
271.2000000000 2.7124924767
271.3000000000 2.7117108897
271.4000000000 2.7114455611
271.5000000000 2.7112903534
271.6000000000 2.7103929259
271.7000000000 2.7110247249
271.8000000000 2.7106081679
271.9000000000 2.7113879765
272.0000000000 2.7113391170
272.1000000000 2.7112745947
272.2000000000 2.7121102277
272.3000000000 2.7115045922
272.4000000000 2.7114046528
272.5000000000 2.7113867953
272.6000000000 2.7113487513
272.7000000000 2.7116227079
272.8000000000 2.7104077839
272.9000000000 2.7111026330
273.0000000000 2.7097114714
273.1000000000 2.7097617577
273.2000000000 2.7092451810
273.3000000000 2.7086056133
273.4000000000 2.7091181384
273.5000000000 2.7097377600
273.6000000000 2.7096408797
273.7000000000 2.7098320588
273.8000000000 2.7096561130
273.9000000000 2.7092485265
274.0000000000 2.7102850773
274.1000000000 2.7104696324
274.2000000000 2.7100807433
274.3000000000 2.7098616043
274.4000000000 2.7089882572
274.5000000000 2.7083950043
274.6000000000 2.7075645840
274.7000000000 2.7065908452
274.8000000000 2.7069465450
274.9000000000 2.7067938950
275.0000000000 2.7070082004
275.1000000000 2.7065949958
275.2000000000 2.7068648052
275.3000000000 2.7062611861
275.4000000000 2.7066775939
275.5000000000 2.7067563450
275.6000000000 2.7073023386
275.7000000000 2.7066730666
275.8000000000 2.7060923723
275.9000000000 2.7065324258
276.0000000000 2.7053596697
276.1000000000 2.7053610883
276.2000000000 2.7045706509
276.3000000000 2.7049271797
276.4000000000 2.7055070262
276.5000000000 2.7057161105
276.6000000000 2.7049394692
276.7000000000 2.7063029168
276.8000000000 2.7057481694
276.9000000000 2.7055270546
277.0000000000 2.7050451511
277.1000000000 2.7044746068
277.2000000000 2.7047286502
277.3000000000 2.7048667171
277.4000000000 2.7049498237
277.5000000000 2.7047620108
277.6000000000 2.7043691849
277.7000000000 2.7044232761
277.8000000000 2.7039688538
277.9000000000 2.7026660696
278.0000000000 2.7016565441
278.1000000000 2.7008210147
278.2000000000 2.7005018634
278.3000000000 2.7002353544
278.4000000000 2.7004660741
278.5000000000 2.7003522070
278.6000000000 2.6997921687
278.7000000000 2.6996601912
278.8000000000 2.6989540865
278.9000000000 2.6989133116
279.0000000000 2.6986912113
279.1000000000 2.6983092395
279.2000000000 2.6981493080
279.3000000000 2.6988202686
279.4000000000 2.6985646824
279.5000000000 2.6978090568
279.6000000000 2.6976364917
279.7000000000 2.6972354409
279.8000000000 2.6970196177
279.9000000000 2.6970349413
280.0000000000 2.6972606699
280.1000000000 2.6972131455
280.2000000000 2.6973782220
280.3000000000 2.6974293956
280.4000000000 2.6973039403
280.5000000000 2.6966887160
280.6000000000 2.6967875841
280.7000000000 2.6966708212
280.8000000000 2.6968745462
280.9000000000 2.6973758482
281.0000000000 2.6969986110
281.1000000000 2.6978815858
281.2000000000 2.6973400354
281.3000000000 2.6971945157
281.4000000000 2.6975601345
281.5000000000 2.6966003073
281.6000000000 2.6970819767
281.7000000000 2.6964639108
281.8000000000 2.6962095137
281.9000000000 2.6966343071
282.0000000000 2.6967513053
282.1000000000 2.6966760079
282.2000000000 2.6974963520
282.3000000000 2.6978190293
282.4000000000 2.6985073817
282.5000000000 2.6975252914
282.6000000000 2.6986719544
282.7000000000 2.6979755658
282.8000000000 2.6979235424
282.9000000000 2.6985054851
283.0000000000 2.6987912661
283.1000000000 2.6981566881
283.2000000000 2.6978373415
283.3000000000 2.6976334515
283.4000000000 2.6976397108
283.5000000000 2.6975499259
283.6000000000 2.6968196306
283.7000000000 2.6976930574
283.8000000000 2.6974377915
283.9000000000 2.6972940390
284.0000000000 2.6970997916
284.1000000000 2.6970091717
284.2000000000 2.6973885883
284.3000000000 2.6981901277
284.4000000000 2.6979903085
284.5000000000 2.6982752855
284.6000000000 2.6985057992
284.7000000000 2.6975565121
284.8000000000 2.6981208406
284.9000000000 2.6985889408
285.0000000000 2.6986756645
285.1000000000 2.6991939111
285.2000000000 2.6987962752
285.3000000000 2.6989156991
285.4000000000 2.6987941315
285.5000000000 2.6996666092
285.6000000000 2.7000940513
285.7000000000 2.7013969609
285.8000000000 2.7011292110
285.9000000000 2.7011048329
286.0000000000 2.7009498634
286.1000000000 2.7010138516
286.2000000000 2.7014357973
286.3000000000 2.7013804498
286.4000000000 2.7008319057
286.5000000000 2.7001496805
286.6000000000 2.7003315105
286.7000000000 2.6997576685
286.8000000000 2.6993332815
286.9000000000 2.6990534313
287.0000000000 2.6990428944
287.1000000000 2.6991776446
287.2000000000 2.6979494225
287.3000000000 2.6984475983
287.4000000000 2.6978702492
287.5000000000 2.6981435172
287.6000000000 2.6982659797
287.7000000000 2.6980635535
287.8000000000 2.6980343494
287.9000000000 2.6982556562
288.0000000000 2.6981062157
288.1000000000 2.6977673136
288.2000000000 2.6986952787
288.3000000000 2.6984114278
288.4000000000 2.6987630212
288.5000000000 2.6986586358
288.6000000000 2.6985334597
288.7000000000 2.6980136557
288.8000000000 2.6988612456
288.9000000000 2.6996770271
289.0000000000 2.6999377992
289.1000000000 2.6994172169
289.2000000000 2.6991576543
289.3000000000 2.6986761374
289.4000000000 2.6986254700
289.5000000000 2.6982713700
289.6000000000 2.6987127597
289.7000000000 2.6988898530
289.8000000000 2.6986523434
289.9000000000 2.6981588753
290.0000000000 2.6991419591
290.1000000000 2.6987717748
290.2000000000 2.6986128919
290.3000000000 2.6989548515
290.4000000000 2.6989047993
290.5000000000 2.6989112501
290.6000000000 2.6986107834
290.7000000000 2.6989157342
290.8000000000 2.6983806717
290.9000000000 2.6987180309
291.0000000000 2.6988935243
291.1000000000 2.6991687347
291.2000000000 2.6986602253
291.3000000000 2.6988798075
291.4000000000 2.6989245705
291.5000000000 2.6987006417
291.6000000000 2.6984717080
291.7000000000 2.6978360942
291.8000000000 2.6976435221
291.9000000000 2.6984129531
292.0000000000 2.6980800352
292.1000000000 2.6985369650
292.2000000000 2.6984784919
292.3000000000 2.6980305771
292.4000000000 2.6981908429
292.5000000000 2.6985670808
292.6000000000 2.6986573998
292.7000000000 2.6980592843
292.8000000000 2.6983542887
292.9000000000 2.6992021773
293.0000000000 2.6989239308
293.1000000000 2.6994833769
293.2000000000 2.6995959775
293.3000000000 2.6985460319
293.4000000000 2.6984287427
293.5000000000 2.6974393940
293.6000000000 2.6976155648
293.7000000000 2.6976272199
293.8000000000 2.6977754448
293.9000000000 2.6972656810
294.0000000000 2.6979777093
294.1000000000 2.6981109905
294.2000000000 2.6974917677
294.3000000000 2.6974536424
294.4000000000 2.6970460150
294.5000000000 2.6966912482
294.6000000000 2.6968146995
294.7000000000 2.6967875630
294.8000000000 2.6963043725
294.9000000000 2.6963270358
295.0000000000 2.6960179282
295.1000000000 2.6964572311
295.2000000000 2.6963441385
295.3000000000 2.6965893824
295.4000000000 2.6957250273
295.5000000000 2.6964738529
295.6000000000 2.6956777283
295.7000000000 2.6959141403
295.8000000000 2.6968591771
295.9000000000 2.6964624536
296.0000000000 2.6962563677
296.1000000000 2.6963958745
296.2000000000 2.6962422897
296.3000000000 2.6967232192
296.4000000000 2.6959595385
296.5000000000 2.6960203361
296.6000000000 2.6958501784
296.7000000000 2.6957564526
296.8000000000 2.6952883432
296.9000000000 2.6945917026
297.0000000000 2.6939827338
297.1000000000 2.6940263570
297.2000000000 2.6937146223
297.3000000000 2.6941749411
297.4000000000 2.6942261327
297.5000000000 2.6944478718
297.6000000000 2.6932672444
297.7000000000 2.6942123350
297.8000000000 2.6942107597
297.9000000000 2.6935746637
298.0000000000 2.6938476654
298.1000000000 2.6933244816
298.2000000000 2.6934364686
298.3000000000 2.6935692824
298.4000000000 2.6926852569
298.5000000000 2.6920865698
298.6000000000 2.6919653354
298.7000000000 2.6911410290
298.8000000000 2.6917680646
298.9000000000 2.6908422622
299.0000000000 2.6904951417
299.1000000000 2.6897072486
299.2000000000 2.6889239712
299.3000000000 2.6891501446
299.4000000000 2.6889157153
299.5000000000 2.6882189807
299.6000000000 2.6876516425
299.7000000000 2.6878150106
299.8000000000 2.6873332530
299.9000000000 2.6870596946
300.0000000000 2.6869822091
300.1000000000 2.6872777797
300.2000000000 2.6872417325
300.3000000000 2.6866948593
300.4000000000 2.6856395983
300.5000000000 2.6850298162
300.6000000000 2.6845583591
300.7000000000 2.6846698170
300.8000000000 2.6841398017
300.9000000000 2.6839793027
301.0000000000 2.6829287168
301.1000000000 2.6828207671
301.2000000000 2.6829077439
301.3000000000 2.6821419900
301.4000000000 2.6815400970
301.5000000000 2.6819866615
301.6000000000 2.6824346613
301.7000000000 2.6823230480
301.8000000000 2.6832122850
301.9000000000 2.6830721714
302.0000000000 2.6824100632
302.1000000000 2.6827304371
302.2000000000 2.6822738138
302.3000000000 2.6820950598
302.4000000000 2.6816655764
302.5000000000 2.6811376481
302.6000000000 2.6816479256
302.7000000000 2.6810787921
302.8000000000 2.6816491229
302.9000000000 2.6813058030
303.0000000000 2.6811382170
303.1000000000 2.6815683031
303.2000000000 2.6811565206
303.3000000000 2.6818500093
303.4000000000 2.6816277334
303.5000000000 2.6814751951
303.6000000000 2.6815194134
303.7000000000 2.6810502304
303.8000000000 2.6805468510
303.9000000000 2.6809817573
304.0000000000 2.6802870157
304.1000000000 2.6813251126
304.2000000000 2.6814976773
304.3000000000 2.6822437468
304.4000000000 2.6814380373
304.5000000000 2.6813174737
304.6000000000 2.6809662751
304.7000000000 2.6802397484
304.8000000000 2.6796196569
304.9000000000 2.6796556019
305.0000000000 2.6793586139
305.1000000000 2.6789318885
305.2000000000 2.6798782500
305.3000000000 2.6794904157
305.4000000000 2.6800108286
305.5000000000 2.6803545839
305.6000000000 2.6796220229
305.7000000000 2.6798475223
305.8000000000 2.6795869512
305.9000000000 2.6794713163
306.0000000000 2.6795967107
306.1000000000 2.6801823884
306.2000000000 2.6793619081
306.3000000000 2.6794616443
306.4000000000 2.6788513203
306.5000000000 2.6788564335
306.6000000000 2.6792620078
306.7000000000 2.6799459293
306.8000000000 2.6806858803
306.9000000000 2.6795504135
307.0000000000 2.6793324628
307.1000000000 2.6787162922
307.2000000000 2.6792847596
307.3000000000 2.6786376454
307.4000000000 2.6786109907
307.5000000000 2.6777440997
307.6000000000 2.6776062045
307.7000000000 2.6777004082
307.8000000000 2.6778269083
307.9000000000 2.6771606759
308.0000000000 2.6772190768
308.1000000000 2.6779988851
308.2000000000 2.6769729219
308.3000000000 2.6777514681
308.4000000000 2.6778994843
308.5000000000 2.6772116248
308.6000000000 2.6773373489
308.7000000000 2.6770024090
308.8000000000 2.6773910197
308.9000000000 2.6774697678
309.0000000000 2.6767810770
309.1000000000 2.6772853045
309.2000000000 2.6778651276
309.3000000000 2.6768437492
309.4000000000 2.6776453034
309.5000000000 2.6773410535
309.6000000000 2.6774657407
309.7000000000 2.6775341553
309.8000000000 2.6772722287
309.9000000000 2.6771172772
310.0000000000 2.6767141714
310.1000000000 2.6770456359
310.2000000000 2.6771876909
310.3000000000 2.6764606580
310.4000000000 2.6755972915
310.5000000000 2.6756632632
310.6000000000 2.6755061251
310.7000000000 2.6743795413
310.8000000000 2.6744332682
310.9000000000 2.6745510074
311.0000000000 2.6757790819
311.1000000000 2.6750001424
311.2000000000 2.6751101480
311.3000000000 2.6757349283
311.4000000000 2.6749897644
311.5000000000 2.6747299095
311.6000000000 2.6756573202
311.7000000000 2.6755102126
311.8000000000 2.6745886474
311.9000000000 2.6748348633
312.0000000000 2.6751330726
312.1000000000 2.6748053410
312.2000000000 2.6747551772
312.3000000000 2.6739212350
312.4000000000 2.6734142837
312.5000000000 2.6731327758
312.6000000000 2.6737190158
312.7000000000 2.6732326578
312.8000000000 2.6727005086
312.9000000000 2.6732801886
313.0000000000 2.6738005912
313.1000000000 2.6731810799
313.2000000000 2.6735517876
313.3000000000 2.6730162602
313.4000000000 2.6731993424
313.5000000000 2.6731517550
313.6000000000 2.6743656877
313.7000000000 2.6737278058
313.8000000000 2.6736546594
313.9000000000 2.6735267497
314.0000000000 2.6731265569
314.1000000000 2.6734063526
314.2000000000 2.6733396093
314.3000000000 2.6732480345
314.4000000000 2.6734942658
314.5000000000 2.6733269375
314.6000000000 2.6726032226
314.7000000000 2.6732823413
314.8000000000 2.6728936087
314.9000000000 2.6725286657
315.0000000000 2.6726077297
315.1000000000 2.6722571129
315.2000000000 2.6718869094
315.3000000000 2.6721114138
315.4000000000 2.6720224439
315.5000000000 2.6722281629
315.6000000000 2.6718860282
315.7000000000 2.6726195059
315.8000000000 2.6727874800
315.9000000000 2.6731658371
316.0000000000 2.6723149114
316.1000000000 2.6721097905
316.2000000000 2.6723809555
316.3000000000 2.6718343808
316.4000000000 2.6708039651
316.5000000000 2.6710290345
316.6000000000 2.6714732799
316.7000000000 2.6708988903
316.8000000000 2.6711343981
316.9000000000 2.6713030954
317.0000000000 2.6713139438
317.1000000000 2.6702291967
317.2000000000 2.6709256783
317.3000000000 2.6710840623
317.4000000000 2.6708440749
317.5000000000 2.6707211867
317.6000000000 2.6707601230
317.7000000000 2.6707134312
317.8000000000 2.6704446386
317.9000000000 2.6701300190
318.0000000000 2.6702182147
318.1000000000 2.6701316103
318.2000000000 2.6707070250
318.3000000000 2.6694520009
318.4000000000 2.6692115453
318.5000000000 2.6688923156
318.6000000000 2.6687226061
318.7000000000 2.6687942982
318.8000000000 2.6684663298
318.9000000000 2.6678960695
319.0000000000 2.6674192070
319.1000000000 2.6673018434
319.2000000000 2.6677627952
319.3000000000 2.6680051121
319.4000000000 2.6679769432
319.5000000000 2.6684164861
319.6000000000 2.6684120560
319.7000000000 2.6677093187
319.8000000000 2.6685852183
319.9000000000 2.6683967304
320.0000000000 2.6686905842
320.1000000000 2.6700941267
320.2000000000 2.6700625590
320.3000000000 2.6695107689
320.4000000000 2.6689367098
320.5000000000 2.6689675799
320.6000000000 2.6694515874
320.7000000000 2.6700009485
320.8000000000 2.6699702057
320.9000000000 2.6699263467
321.0000000000 2.6700004254
321.1000000000 2.6690348761
321.2000000000 2.6693532972
321.3000000000 2.6692416162
321.4000000000 2.6691713278
321.5000000000 2.6694109813
321.6000000000 2.6692512856
321.7000000000 2.6704175571
321.8000000000 2.6708297013
321.9000000000 2.6699703112
322.0000000000 2.6692925468
322.1000000000 2.6704357688
322.2000000000 2.6700472186
322.3000000000 2.6694958584
322.4000000000 2.6694950119
322.5000000000 2.6693374169
322.6000000000 2.6694661493
322.7000000000 2.6702140562
322.8000000000 2.6701578921
322.9000000000 2.6699368391
323.0000000000 2.6694802434
323.1000000000 2.6700322464
323.2000000000 2.6695162937
323.3000000000 2.6691134464
323.4000000000 2.6690435703
323.5000000000 2.6685767588
323.6000000000 2.6689217071
323.7000000000 2.6690146491
323.8000000000 2.6678988301
323.9000000000 2.6679949640
324.0000000000 2.6680273062
324.1000000000 2.6679520249
324.2000000000 2.6676073572
324.3000000000 2.6677448482
324.4000000000 2.6685407090
324.5000000000 2.6688080836
324.6000000000 2.6689704140
324.7000000000 2.6692496712
324.8000000000 2.6687874482
324.9000000000 2.6678625498
325.0000000000 2.6674335672
325.1000000000 2.6674841828
325.2000000000 2.6670446068
325.3000000000 2.6669663785
325.4000000000 2.6668386364
325.5000000000 2.6668428041
325.6000000000 2.6665834529
325.7000000000 2.6677998000
325.8000000000 2.6670156682
325.9000000000 2.6667916831
326.0000000000 2.6667588951
326.1000000000 2.6670394302
326.2000000000 2.6669511245
326.3000000000 2.6667402664
326.4000000000 2.6668436686
326.5000000000 2.6673682788
326.6000000000 2.6670243413
326.7000000000 2.6674501324
326.8000000000 2.6671928984
326.9000000000 2.6671912816
327.0000000000 2.6660368545
327.1000000000 2.6665877868
327.2000000000 2.6670466707
327.3000000000 2.6666367836
327.4000000000 2.6675073242
327.5000000000 2.6669111050
327.6000000000 2.6666070794
327.7000000000 2.6668860755
327.8000000000 2.6672937286
327.9000000000 2.6669982307
328.0000000000 2.6680423055
328.1000000000 2.6674443805
328.2000000000 2.6672516201
328.3000000000 2.6671237826
328.4000000000 2.6673659233
328.5000000000 2.6667441871
328.6000000000 2.6666192691
328.7000000000 2.6653246714
328.8000000000 2.6650956147
328.9000000000 2.6653668970
329.0000000000 2.6656671211
329.1000000000 2.6660925688
329.2000000000 2.6646558784
329.3000000000 2.6642078580
329.4000000000 2.6644674571
329.5000000000 2.6628018784
329.6000000000 2.6627669275
329.7000000000 2.6625844222
329.8000000000 2.6633934101
329.9000000000 2.6639194157
330.0000000000 2.6638792190
330.1000000000 2.6638781746
330.2000000000 2.6645873769
330.3000000000 2.6648827001
330.4000000000 2.6650157071
330.5000000000 2.6644102098
330.6000000000 2.6640326387
330.7000000000 2.6642431607
330.8000000000 2.6634466294
330.9000000000 2.6633776618
331.0000000000 2.6633528971
331.1000000000 2.6636886224
331.2000000000 2.6637477973
331.3000000000 2.6646153702
331.4000000000 2.6639165793
331.5000000000 2.6636977122
331.6000000000 2.6638594206
331.7000000000 2.6645366139
331.8000000000 2.6649451366
331.9000000000 2.6653794135
332.0000000000 2.6657501519
332.1000000000 2.6664035062
332.2000000000 2.6661427005
332.3000000000 2.6661886939
332.4000000000 2.6663901266
332.5000000000 2.6653927660
332.6000000000 2.6656057336
332.7000000000 2.6659893967
332.8000000000 2.6660820827
332.9000000000 2.6661082545
333.0000000000 2.6660030425
333.1000000000 2.6657570771
333.2000000000 2.6654099335
333.3000000000 2.6651801835
333.4000000000 2.6647541245
333.5000000000 2.6651208609
333.6000000000 2.6639921990
333.7000000000 2.6646949108
333.8000000000 2.6647531918
333.9000000000 2.6645210568
334.0000000000 2.6640701309
334.1000000000 2.6642314551
334.2000000000 2.6640296692
334.3000000000 2.6641697925
334.4000000000 2.6647070019
334.5000000000 2.6647535630
334.6000000000 2.6644572906
334.7000000000 2.6647613903
334.8000000000 2.6643099015
334.9000000000 2.6635931058
335.0000000000 2.6639041949
335.1000000000 2.6638021404
335.2000000000 2.6632296062
335.3000000000 2.6634144080
335.4000000000 2.6628568952
335.5000000000 2.6624448395
335.6000000000 2.6620532839
335.7000000000 2.6613090622
335.8000000000 2.6614950954
335.9000000000 2.6619714551
336.0000000000 2.6613148497
336.1000000000 2.6607199623
336.2000000000 2.6605577325
336.3000000000 2.6603455680
336.4000000000 2.6604335602
336.5000000000 2.6599499268
336.6000000000 2.6602132793
336.7000000000 2.6595157681
336.8000000000 2.6599040317
336.9000000000 2.6601475139
337.0000000000 2.6598743501
337.1000000000 2.6587902918
337.2000000000 2.6587439086
337.3000000000 2.6582853705
337.4000000000 2.6579153337
337.5000000000 2.6584624205
337.6000000000 2.6591423519
337.7000000000 2.6593105754
337.8000000000 2.6583429463
337.9000000000 2.6580899534
338.0000000000 2.6577272355
338.1000000000 2.6574934611
338.2000000000 2.6585173169
338.3000000000 2.6582606439
338.4000000000 2.6587509059
338.5000000000 2.6587144989
338.6000000000 2.6584631190
338.7000000000 2.6577592684
338.8000000000 2.6575484359
338.9000000000 2.6570930141
339.0000000000 2.6569575485
339.1000000000 2.6577058426
339.2000000000 2.6572933873
339.3000000000 2.6570724956
339.4000000000 2.6576141162
339.5000000000 2.6574645915
339.6000000000 2.6572023517
339.7000000000 2.6578480530
339.8000000000 2.6577310868
339.9000000000 2.6574075300
340.0000000000 2.6578379650
340.1000000000 2.6575348883
340.2000000000 2.6586962600
340.3000000000 2.6579069063
340.4000000000 2.6568180650
340.5000000000 2.6568169067
340.6000000000 2.6574054418
340.7000000000 2.6572168914
340.8000000000 2.6570591023
340.9000000000 2.6577716805
341.0000000000 2.6576999535
341.1000000000 2.6574581300
341.2000000000 2.6571643981
341.3000000000 2.6564029110
341.4000000000 2.6557595638
341.5000000000 2.6557643039
341.6000000000 2.6556570842
341.7000000000 2.6551937032
341.8000000000 2.6551114138
341.9000000000 2.6561232448
342.0000000000 2.6562048361
342.1000000000 2.6563060086
342.2000000000 2.6560796651
342.3000000000 2.6553286607
342.4000000000 2.6544759198
342.5000000000 2.6542994971
342.6000000000 2.6543271138
342.7000000000 2.6543192741
342.8000000000 2.6543249011
342.9000000000 2.6548331012
343.0000000000 2.6553072929
343.1000000000 2.6550099185
343.2000000000 2.6534849004
343.3000000000 2.6536368267
343.4000000000 2.6537276168
343.5000000000 2.6537060120
343.6000000000 2.6537573680
343.7000000000 2.6533057926
343.8000000000 2.6534507458
343.9000000000 2.6536656469
344.0000000000 2.6537835812
344.1000000000 2.6535572864
344.2000000000 2.6534626843
344.3000000000 2.6526673182
344.4000000000 2.6534386001
344.5000000000 2.6531181581
344.6000000000 2.6541857170
344.7000000000 2.6541936396
344.8000000000 2.6538433681
344.9000000000 2.6533599740
345.0000000000 2.6534329771
345.1000000000 2.6534627325
345.2000000000 2.6535986053
345.3000000000 2.6534418032
345.4000000000 2.6533600020
345.5000000000 2.6535057825
345.6000000000 2.6532490646
345.7000000000 2.6517524400
345.8000000000 2.6523010030
345.9000000000 2.6524784974
346.0000000000 2.6519329505
346.1000000000 2.6516973201
346.2000000000 2.6521762347
346.3000000000 2.6520133324
346.4000000000 2.6525229621
346.5000000000 2.6528518243
346.6000000000 2.6517451139
346.7000000000 2.6518006979
346.8000000000 2.6523347554
346.9000000000 2.6523652328
347.0000000000 2.6525191217
347.1000000000 2.6523670511
347.2000000000 2.6530217837
347.3000000000 2.6539265135
347.4000000000 2.6540935558
347.5000000000 2.6542446174
347.6000000000 2.6550863370
347.7000000000 2.6553118747
347.8000000000 2.6559492488
347.9000000000 2.6558851777
348.0000000000 2.6559521158
348.1000000000 2.6554970189
348.2000000000 2.6559662340
348.3000000000 2.6551043843
348.4000000000 2.6551599774
348.5000000000 2.6551019941
348.6000000000 2.6545724497
348.7000000000 2.6540838576
348.8000000000 2.6540441782
348.9000000000 2.6540811126
349.0000000000 2.6545078380
349.1000000000 2.6539837041
349.2000000000 2.6540852749
349.3000000000 2.6540209232
349.4000000000 2.6528022181
349.5000000000 2.6518283970
349.6000000000 2.6514859245
349.7000000000 2.6515883209
349.8000000000 2.6513116737
349.9000000000 2.6499487410
350.0000000000 2.6494740933
350.1000000000 2.6503801305
350.2000000000 2.6499413625
350.3000000000 2.6502005674
350.4000000000 2.6501298209
350.5000000000 2.6499816109
350.6000000000 2.6501169035
350.7000000000 2.6495124431
350.8000000000 2.6492706786
350.9000000000 2.6487292908
351.0000000000 2.6488288899
351.1000000000 2.6492324896
351.2000000000 2.6501216406
351.3000000000 2.6502865458
351.4000000000 2.6497009072
351.5000000000 2.6495003122
351.6000000000 2.6490687116
351.7000000000 2.6497375547
351.8000000000 2.6503286900
351.9000000000 2.6504190264
352.0000000000 2.6506206639
352.1000000000 2.6511322409
352.2000000000 2.6508105844
352.3000000000 2.6508310579
352.4000000000 2.6514785672
352.5000000000 2.6513567754
352.6000000000 2.6510689800
352.7000000000 2.6513490468
352.8000000000 2.6514676069
352.9000000000 2.6516116266
353.0000000000 2.6516903166
353.1000000000 2.6517451053
353.2000000000 2.6519551358
353.3000000000 2.6517854274
353.4000000000 2.6514297358
353.5000000000 2.6512527576
353.6000000000 2.6506919697
353.7000000000 2.6510041623
353.8000000000 2.6507132364
353.9000000000 2.6513538096
354.0000000000 2.6511163776
354.1000000000 2.6514767484
354.2000000000 2.6512663456
354.3000000000 2.6509677542
354.4000000000 2.6513109690
354.5000000000 2.6514716946
354.6000000000 2.6517558339
354.7000000000 2.6515220004
354.8000000000 2.6524661066
354.9000000000 2.6524927974
355.0000000000 2.6522772140
355.1000000000 2.6522455249
355.2000000000 2.6512225503
355.3000000000 2.6515109188
355.4000000000 2.6512493664
355.5000000000 2.6507062751
355.6000000000 2.6511138096
355.7000000000 2.6513748288
355.8000000000 2.6503889709
355.9000000000 2.6505680657
356.0000000000 2.6502846977
356.1000000000 2.6512486230
356.2000000000 2.6494143267
356.3000000000 2.6498283888
356.4000000000 2.6498799529
356.5000000000 2.6495073367
356.6000000000 2.6490827835
356.7000000000 2.6493857519
356.8000000000 2.6492246327
356.9000000000 2.6501127286
357.0000000000 2.6501784219
357.1000000000 2.6502119588
357.2000000000 2.6507995684
357.3000000000 2.6499703977
357.4000000000 2.6498584007
357.5000000000 2.6501893399
357.6000000000 2.6503063053
357.7000000000 2.6494134732
357.8000000000 2.6491634577
357.9000000000 2.6493102745
358.0000000000 2.6499571784
358.1000000000 2.6500487283
358.2000000000 2.6500529513
358.3000000000 2.6498857489
358.4000000000 2.6498439574
358.5000000000 2.6495978013
358.6000000000 2.6493638062
358.7000000000 2.6482777612
358.8000000000 2.6485225569
358.9000000000 2.6485883990
359.0000000000 2.6487735222
359.1000000000 2.6473225457
359.2000000000 2.6469335729
359.3000000000 2.6465605402
359.4000000000 2.6470148992
359.5000000000 2.6474364580
359.6000000000 2.6463849762
359.7000000000 2.6462233097
359.8000000000 2.6454681118
359.9000000000 2.6448337468
360.0000000000 2.6446575002
360.1000000000 2.6448941171
360.2000000000 2.6454887748
360.3000000000 2.6450850215
360.4000000000 2.6448234516
360.5000000000 2.6454285263
360.6000000000 2.6456448105
360.7000000000 2.6459770360
360.8000000000 2.6453131266
360.9000000000 2.6459574101
361.0000000000 2.6461120026
361.1000000000 2.6452697508
361.2000000000 2.6451462372
361.3000000000 2.6454952555
361.4000000000 2.6453170882
361.5000000000 2.6449353488
361.6000000000 2.6448888892
361.7000000000 2.6455145768
361.8000000000 2.6442918572
361.9000000000 2.6440605072
362.0000000000 2.6445157908
362.1000000000 2.6442040068
362.2000000000 2.6451146729
362.3000000000 2.6456017804
362.4000000000 2.6458773291
362.5000000000 2.6473577394
362.6000000000 2.6474797783
362.7000000000 2.6474275265
362.8000000000 2.6474674461
362.9000000000 2.6462192589
363.0000000000 2.6466924826
363.1000000000 2.6475020076
363.2000000000 2.6471647984
363.3000000000 2.6471939118
363.4000000000 2.6470690964
363.5000000000 2.6478929458
363.6000000000 2.6481848842
363.7000000000 2.6489581039
363.8000000000 2.6488695779
363.9000000000 2.6504312046
364.0000000000 2.6508444704
364.1000000000 2.6500110677
364.2000000000 2.6499410150
364.3000000000 2.6491760587
364.4000000000 2.6489405688
364.5000000000 2.6488602025
364.6000000000 2.6487797477
364.7000000000 2.6484438031
364.8000000000 2.6484007134
364.9000000000 2.6481944524
365.0000000000 2.6483217298
365.1000000000 2.6484205742
365.2000000000 2.6476628566
365.3000000000 2.6466472783
365.4000000000 2.6458306404
365.5000000000 2.6455468442
365.6000000000 2.6458055786
365.7000000000 2.6455949751
365.8000000000 2.6448241284
365.9000000000 2.6452734216
366.0000000000 2.6455011659
366.1000000000 2.6449668033
366.2000000000 2.6458665126
366.3000000000 2.6459358997
366.4000000000 2.6463333337
366.5000000000 2.6460825056
366.6000000000 2.6464521468
366.7000000000 2.6460408529
366.8000000000 2.6461273847
366.9000000000 2.6463441026
367.0000000000 2.6460851150
367.1000000000 2.6459400832
367.2000000000 2.6461294767
367.3000000000 2.6459136909
367.4000000000 2.6460250121
367.5000000000 2.6468958352
367.6000000000 2.6475070324
367.7000000000 2.6469235829
367.8000000000 2.6467003938
367.9000000000 2.6471477949
368.0000000000 2.6457713137
368.1000000000 2.6463645082
368.2000000000 2.6462998884
368.3000000000 2.6465316033
368.4000000000 2.6464114360
368.5000000000 2.6462954066
368.6000000000 2.6456766456
368.7000000000 2.6464524078
368.8000000000 2.6466999228
368.9000000000 2.6469373796
369.0000000000 2.6471056730
369.1000000000 2.6458139822
369.2000000000 2.6455184397
369.3000000000 2.6457600074
369.4000000000 2.6458513308
369.5000000000 2.6453529816
369.6000000000 2.6454287480
369.7000000000 2.6454629980
369.8000000000 2.6451920844
369.9000000000 2.6439487926
370.0000000000 2.6448666685
370.1000000000 2.6440448454
370.2000000000 2.6442695649
370.3000000000 2.6438073031
370.4000000000 2.6443870540
370.5000000000 2.6443515344
370.6000000000 2.6435971341
370.7000000000 2.6431823054
370.8000000000 2.6432647893
370.9000000000 2.6423836439
371.0000000000 2.6429256838
371.1000000000 2.6425322699
371.2000000000 2.6425609709
371.3000000000 2.6429295558
371.4000000000 2.6436536074
371.5000000000 2.6427725935
371.6000000000 2.6428478832
371.7000000000 2.6426818579
371.8000000000 2.6425745576
371.9000000000 2.6425270157
372.0000000000 2.6426073672
372.1000000000 2.6419046183
372.2000000000 2.6419758828
372.3000000000 2.6418168398
372.4000000000 2.6425673219
372.5000000000 2.6427944139
372.6000000000 2.6430827521
372.7000000000 2.6425514151
372.8000000000 2.6423594794
372.9000000000 2.6430169099
373.0000000000 2.6425751127
373.1000000000 2.6431522076
373.2000000000 2.6426182970
373.3000000000 2.6419347605
373.4000000000 2.6415948890
373.5000000000 2.6414629519
373.6000000000 2.6414978701
373.7000000000 2.6416248415
373.8000000000 2.6414048348
373.9000000000 2.6407709867
374.0000000000 2.6408263934
374.1000000000 2.6408140971
374.2000000000 2.6407374215
374.3000000000 2.6409701232
374.4000000000 2.6406899413
374.5000000000 2.6403549556
374.6000000000 2.6405612763
374.7000000000 2.6394790001
374.8000000000 2.6392356579
374.9000000000 2.6395786424
375.0000000000 2.6395106919
375.1000000000 2.6393284344
375.2000000000 2.6397994634
375.3000000000 2.6393326675
375.4000000000 2.6396996416
375.5000000000 2.6394828035
375.6000000000 2.6404572534
375.7000000000 2.6407352453
375.8000000000 2.6410855231
375.9000000000 2.6409898854
376.0000000000 2.6409848381
376.1000000000 2.6406201919
376.2000000000 2.6405107505
376.3000000000 2.6410038179
376.4000000000 2.6418353912
376.5000000000 2.6408760773
376.6000000000 2.6412153207
376.7000000000 2.6413018855
376.8000000000 2.6414346117
376.9000000000 2.6409967427
377.0000000000 2.6409017252
377.1000000000 2.6402260189
377.2000000000 2.6402550264
377.3000000000 2.6405542271
377.4000000000 2.6405245918
377.5000000000 2.6404263952
377.6000000000 2.6402990136
377.7000000000 2.6405096798
377.8000000000 2.6401549186
377.9000000000 2.6393945274
378.0000000000 2.6391031412
378.1000000000 2.6394080112
378.2000000000 2.6395806602
378.3000000000 2.6398969390
378.4000000000 2.6401654579
378.5000000000 2.6404294333
378.6000000000 2.6396433960
378.7000000000 2.6401022825
378.8000000000 2.6391067127
378.9000000000 2.6392722667
379.0000000000 2.6388331789
379.1000000000 2.6387953676
379.2000000000 2.6388770598
379.3000000000 2.6381214247
379.4000000000 2.6385243439
379.5000000000 2.6387201478
379.6000000000 2.6377130049
379.7000000000 2.6380556330
379.8000000000 2.6382127420
379.9000000000 2.6377973164
380.0000000000 2.6373333789
380.1000000000 2.6381745015
380.2000000000 2.6381897227
380.3000000000 2.6379693732
380.4000000000 2.6379507871
380.5000000000 2.6376051533
380.6000000000 2.6364973255
380.7000000000 2.6370030812
380.8000000000 2.6371656247
380.9000000000 2.6375276773
381.0000000000 2.6380348899
381.1000000000 2.6382475748
381.2000000000 2.6374226800
381.3000000000 2.6378533824
381.4000000000 2.6373483937
381.5000000000 2.6376136563
381.6000000000 2.6364375754
381.7000000000 2.6363619461
381.8000000000 2.6373291183
381.9000000000 2.6377353479
382.0000000000 2.6376539501
382.1000000000 2.6373533458
382.2000000000 2.6378676315
382.3000000000 2.6374114335
382.4000000000 2.6375378595
382.5000000000 2.6367605861
382.6000000000 2.6371716397
382.7000000000 2.6366183972
382.8000000000 2.6367953365
382.9000000000 2.6372505196
383.0000000000 2.6366488869
383.1000000000 2.6372012549
383.2000000000 2.6371266715
383.3000000000 2.6367327657
383.4000000000 2.6362280021
383.5000000000 2.6361786779
383.6000000000 2.6361808232
383.7000000000 2.6358967352
383.8000000000 2.6355782401
383.9000000000 2.6355898333
384.0000000000 2.6351173479
384.1000000000 2.6350664428
384.2000000000 2.6352309344
384.3000000000 2.6354575684
384.4000000000 2.6349478307
384.5000000000 2.6349887599
384.6000000000 2.6359009787
384.7000000000 2.6353695064
384.8000000000 2.6356694716
384.9000000000 2.6354241551
385.0000000000 2.6354101474
385.1000000000 2.6354740570
385.2000000000 2.6356525319
385.3000000000 2.6364640584
385.4000000000 2.6360407861
385.5000000000 2.6360802719
385.6000000000 2.6358299889
385.7000000000 2.6360314068
385.8000000000 2.6355749996
385.9000000000 2.6359817290
386.0000000000 2.6361977759
386.1000000000 2.6353535588
386.2000000000 2.6350863591
386.3000000000 2.6343161321
386.4000000000 2.6343038948
386.5000000000 2.6357627485
386.6000000000 2.6349291432
386.7000000000 2.6348773685
386.8000000000 2.6344898896
386.9000000000 2.6344555983
387.0000000000 2.6347840174
387.1000000000 2.6343352232
387.2000000000 2.6349403109
387.3000000000 2.6343242847
387.4000000000 2.6343294208
387.5000000000 2.6349905010
387.6000000000 2.6351143341
387.7000000000 2.6351386952
387.8000000000 2.6345901401
387.9000000000 2.6353328660
388.0000000000 2.6348968731
388.1000000000 2.6353062959
388.2000000000 2.6350575665
388.3000000000 2.6346524338
388.4000000000 2.6344759829
388.5000000000 2.6343371684
388.6000000000 2.6342166828
388.7000000000 2.6343044000
388.8000000000 2.6342061890
388.9000000000 2.6340320915
389.0000000000 2.6342790056
389.1000000000 2.6345220399
389.2000000000 2.6345190800
389.3000000000 2.6342433147
389.4000000000 2.6342274218
389.5000000000 2.6341813579
389.6000000000 2.6345197576
389.7000000000 2.6346894192
389.8000000000 2.6348030492
389.9000000000 2.6348010786
390.0000000000 2.6347427006
390.1000000000 2.6355888167
390.2000000000 2.6356167483
390.3000000000 2.6350974470
390.4000000000 2.6350070847
390.5000000000 2.6351751050
390.6000000000 2.6350412691
390.7000000000 2.6347139610
390.8000000000 2.6340465044
390.9000000000 2.6341947196
391.0000000000 2.6343435261
391.1000000000 2.6340828869
391.2000000000 2.6331101670
391.3000000000 2.6336143441
391.4000000000 2.6341773847
391.5000000000 2.6335444040
391.6000000000 2.6326338481
391.7000000000 2.6323714521
391.8000000000 2.6312163531
391.9000000000 2.6313168912
392.0000000000 2.6320835525
392.1000000000 2.6319593630
392.2000000000 2.6322185354
392.3000000000 2.6328129210
392.4000000000 2.6329575704
392.5000000000 2.6332497473
392.6000000000 2.6330140469
392.7000000000 2.6335880144
392.8000000000 2.6327339571
392.9000000000 2.6325528172
393.0000000000 2.6329237345
393.1000000000 2.6323754388
393.2000000000 2.6323538716
393.3000000000 2.6318950235
393.4000000000 2.6316349335
393.5000000000 2.6308456127
393.6000000000 2.6312469732
393.7000000000 2.6312141087
393.8000000000 2.6313101828
393.9000000000 2.6314577354
394.0000000000 2.6314489317
394.1000000000 2.6305795560
394.2000000000 2.6300931098
394.3000000000 2.6304024338
394.4000000000 2.6300759372
394.5000000000 2.6299191646
394.6000000000 2.6298641405
394.7000000000 2.6303512667
394.8000000000 2.6305279838
394.9000000000 2.6302958169
395.0000000000 2.6308133341
395.1000000000 2.6307493506
395.2000000000 2.6311076927
395.3000000000 2.6308613879
395.4000000000 2.6305623732
395.5000000000 2.6302071101
395.6000000000 2.6297634954
395.7000000000 2.6292106390
395.8000000000 2.6289237530
395.9000000000 2.6298770048
396.0000000000 2.6290517485
396.1000000000 2.6290734701
396.2000000000 2.6289122385
396.3000000000 2.6289927866
396.4000000000 2.6285242474
396.5000000000 2.6289638593
396.6000000000 2.6292122692
396.7000000000 2.6295367113
396.8000000000 2.6290729079
396.9000000000 2.6299902023
397.0000000000 2.6300180228
397.1000000000 2.6296977146
397.2000000000 2.6294916185
397.3000000000 2.6291557145
397.4000000000 2.6294473615
397.5000000000 2.6296115688
397.6000000000 2.6293482155
397.7000000000 2.6288390439
397.8000000000 2.6279826339
397.9000000000 2.6284560475
398.0000000000 2.6286231398
398.1000000000 2.6285157626
398.2000000000 2.6285619837
398.3000000000 2.6281069008
398.4000000000 2.6274980114
398.5000000000 2.6277569797
398.6000000000 2.6282680292
398.7000000000 2.6278585016
398.8000000000 2.6277968694
398.9000000000 2.6278327573
399.0000000000 2.6274518011
399.1000000000 2.6272966605
399.2000000000 2.6272910427
399.3000000000 2.6277662209
399.4000000000 2.6288952639
399.5000000000 2.6285555475
399.6000000000 2.6286014060
399.7000000000 2.6281334363
399.8000000000 2.6290023190
399.9000000000 2.6282309238
400.0000000000 2.6287316439
400.1000000000 2.6287273476
400.2000000000 2.6294113548
400.3000000000 2.6294165507
400.4000000000 2.6298225187
400.5000000000 2.6290291160
400.6000000000 2.6303739498
400.7000000000 2.6296761849
400.8000000000 2.6293199555
400.9000000000 2.6299050023
401.0000000000 2.6293388038
401.1000000000 2.6290750825
401.2000000000 2.6293048981
401.3000000000 2.6289742584
401.4000000000 2.6288082941
401.5000000000 2.6293228342
401.6000000000 2.6282268201
401.7000000000 2.6286280170
401.8000000000 2.6288060228
401.9000000000 2.6286946342
402.0000000000 2.6284137325
402.1000000000 2.6281400057
402.2000000000 2.6278808935
402.3000000000 2.6274833218
402.4000000000 2.6273399368
402.5000000000 2.6272848360
402.6000000000 2.6263527450
402.7000000000 2.6269282283
402.8000000000 2.6274184200
402.9000000000 2.6287869680
403.0000000000 2.6275106306
403.1000000000 2.6276712852
403.2000000000 2.6282638952
403.3000000000 2.6278330158
403.4000000000 2.6276313453
403.5000000000 2.6284306557
403.6000000000 2.6291352321
403.7000000000 2.6279717984
403.8000000000 2.6278240807
403.9000000000 2.6276685657
404.0000000000 2.6271222524
404.1000000000 2.6271721336
404.2000000000 2.6273807916
404.3000000000 2.6266575018
404.4000000000 2.6270918338
404.5000000000 2.6280537527
404.6000000000 2.6276372430
404.7000000000 2.6282843620
404.8000000000 2.6275621799
404.9000000000 2.6275097155
405.0000000000 2.6271308933
405.1000000000 2.6270025871
405.2000000000 2.6270389095
405.3000000000 2.6273808272
405.4000000000 2.6272708932
405.5000000000 2.6274940594
405.6000000000 2.6280819406
405.7000000000 2.6276476307
405.8000000000 2.6277934348
405.9000000000 2.6274184040
406.0000000000 2.6270946769
406.1000000000 2.6261716486
406.2000000000 2.6258691693
406.3000000000 2.6254721627
406.4000000000 2.6257160845
406.5000000000 2.6263333472
406.6000000000 2.6265056248
406.7000000000 2.6258662993
406.8000000000 2.6265975027
406.9000000000 2.6261540888
407.0000000000 2.6265721883
407.1000000000 2.6271343363
407.2000000000 2.6271618954
407.3000000000 2.6271719009
407.4000000000 2.6266595351
407.5000000000 2.6262860423
407.6000000000 2.6271213297
407.7000000000 2.6276739916
407.8000000000 2.6274077155
407.9000000000 2.6259567713
408.0000000000 2.6268551259
408.1000000000 2.6273083243
408.2000000000 2.6274099621
408.3000000000 2.6270351410
408.4000000000 2.6267506304
408.5000000000 2.6261124140
408.6000000000 2.6257118024
408.7000000000 2.6255475029
408.8000000000 2.6256906292
408.9000000000 2.6258916340
409.0000000000 2.6260117437
409.1000000000 2.6259430882
409.2000000000 2.6254009084
409.3000000000 2.6251465668
409.4000000000 2.6254353618
409.5000000000 2.6258936542
409.6000000000 2.6253858935
409.7000000000 2.6250258374
409.8000000000 2.6246568647
409.9000000000 2.6250389773
410.0000000000 2.6262674015
410.1000000000 2.6259809334
410.2000000000 2.6256390367
410.3000000000 2.6254478857
410.4000000000 2.6250438534
410.5000000000 2.6244383771
410.6000000000 2.6241903152
410.7000000000 2.6245238684
410.8000000000 2.6242306368
410.9000000000 2.6244466357
411.0000000000 2.6248378101
411.1000000000 2.6245476940
411.2000000000 2.6240800267
411.3000000000 2.6244452326
411.4000000000 2.6248001709
411.5000000000 2.6245222040
411.6000000000 2.6246057752
411.7000000000 2.6245522843
411.8000000000 2.6236286341
411.9000000000 2.6242474705
412.0000000000 2.6242538383
412.1000000000 2.6232991863
412.2000000000 2.6235258082
412.3000000000 2.6231395582
412.4000000000 2.6226179617
412.5000000000 2.6234753509
412.6000000000 2.6231168175
412.7000000000 2.6234111400
412.8000000000 2.6228658135
412.9000000000 2.6228764586
413.0000000000 2.6228188817
413.1000000000 2.6239087707
413.2000000000 2.6237189690
413.3000000000 2.6244344946
413.4000000000 2.6242453823
413.5000000000 2.6249970504
413.6000000000 2.6250686863
413.7000000000 2.6251359649
413.8000000000 2.6251161794
413.9000000000 2.6241801221
414.0000000000 2.6247096860
414.1000000000 2.6233095557
414.2000000000 2.6227336179
414.3000000000 2.6227412543
414.4000000000 2.6221402374
414.5000000000 2.6223966475
414.6000000000 2.6218390979
414.7000000000 2.6231579678
414.8000000000 2.6224941761
414.9000000000 2.6216541337
415.0000000000 2.6212530913
415.1000000000 2.6209738490
415.2000000000 2.6205069006
415.3000000000 2.6214683593
415.4000000000 2.6200378604
415.5000000000 2.6205383888
415.6000000000 2.6210706635
415.7000000000 2.6205479393
415.8000000000 2.6202651453
415.9000000000 2.6201473658
416.0000000000 2.6203657041
416.1000000000 2.6213680083
416.2000000000 2.6210737357
416.3000000000 2.6201095439
416.4000000000 2.6200140146
416.5000000000 2.6197646808
416.6000000000 2.6199512971
416.7000000000 2.6198037050
416.8000000000 2.6190566956
416.9000000000 2.6200497875
417.0000000000 2.6202650016
417.1000000000 2.6199903035
417.2000000000 2.6200009791
417.3000000000 2.6206087989
417.4000000000 2.6202523325
417.5000000000 2.6206287176
417.6000000000 2.6205035848
417.7000000000 2.6195495914
417.8000000000 2.6192175898
417.9000000000 2.6192334583
418.0000000000 2.6195098230
418.1000000000 2.6190381217
418.2000000000 2.6188457178
418.3000000000 2.6182776529
418.4000000000 2.6184012490
418.5000000000 2.6176395995
418.6000000000 2.6180935150
418.7000000000 2.6180824989
418.8000000000 2.6176984472
418.9000000000 2.6189894862
419.0000000000 2.6169895103
419.1000000000 2.6171475270
419.2000000000 2.6176613026
419.3000000000 2.6174341543
419.4000000000 2.6161914632
419.5000000000 2.6165801008
419.6000000000 2.6163566199
419.7000000000 2.6161126379
419.8000000000 2.6157694962
419.9000000000 2.6160049880
420.0000000000 2.6163147679
420.1000000000 2.6165446483
420.2000000000 2.6164270890
420.3000000000 2.6173763479
420.4000000000 2.6174635386
420.5000000000 2.6184560836
420.6000000000 2.6177691258
420.7000000000 2.6181409186
420.8000000000 2.6179339928
420.9000000000 2.6176737766
421.0000000000 2.6179092137
421.1000000000 2.6172367279
421.2000000000 2.6172035847
421.3000000000 2.6171849933
421.4000000000 2.6175909443
421.5000000000 2.6177026176
421.6000000000 2.6183617061
421.7000000000 2.6181553484
421.8000000000 2.6176991564
421.9000000000 2.6181180570
422.0000000000 2.6173065851
422.1000000000 2.6166634090
422.2000000000 2.6164662825
422.3000000000 2.6159533675
422.4000000000 2.6147820561
422.5000000000 2.6142850869
422.6000000000 2.6139780516
422.7000000000 2.6144479795
422.8000000000 2.6137882148
422.9000000000 2.6130086845
423.0000000000 2.6128480946
423.1000000000 2.6128649539
423.2000000000 2.6122300895
423.3000000000 2.6129180042
423.4000000000 2.6133785050
423.5000000000 2.6133452148
423.6000000000 2.6133532480
423.7000000000 2.6122084181
423.8000000000 2.6116501892
423.9000000000 2.6121024069
424.0000000000 2.6113203230
424.1000000000 2.6121500980
424.2000000000 2.6122852395
424.3000000000 2.6130991607
424.4000000000 2.6132546357
424.5000000000 2.6132069946
424.6000000000 2.6123841022
424.7000000000 2.6133165737
424.8000000000 2.6128051676
424.9000000000 2.6133441246
425.0000000000 2.6125873347
425.1000000000 2.6126218358
425.2000000000 2.6124637526
425.3000000000 2.6121716591
425.4000000000 2.6115196610
425.5000000000 2.6115208322
425.6000000000 2.6117255755
425.7000000000 2.6118057834
425.8000000000 2.6119986249
425.9000000000 2.6121265935
426.0000000000 2.6123013862
426.1000000000 2.6123106804
426.2000000000 2.6122551729
426.3000000000 2.6126722796
426.4000000000 2.6120648103
426.5000000000 2.6118640017
426.6000000000 2.6121814399
426.7000000000 2.6119216796
426.8000000000 2.6121260559
426.9000000000 2.6118933460
427.0000000000 2.6121878505
427.1000000000 2.6119297243
427.2000000000 2.6119001660
427.3000000000 2.6128027904
427.4000000000 2.6117484356
427.5000000000 2.6120659215
427.6000000000 2.6119897594
427.7000000000 2.6121420058
427.8000000000 2.6124445018
427.9000000000 2.6132024503
428.0000000000 2.6129399763
428.1000000000 2.6128437012
428.2000000000 2.6132526859
428.3000000000 2.6139153085
428.4000000000 2.6140820247
428.5000000000 2.6141355149
428.6000000000 2.6138019476
428.7000000000 2.6140120962
428.8000000000 2.6143066154
428.9000000000 2.6144479458
429.0000000000 2.6149822518
429.1000000000 2.6141334330
429.2000000000 2.6157495318
429.3000000000 2.6157625346
429.4000000000 2.6161646326
429.5000000000 2.6156663243
429.6000000000 2.6162951661
429.7000000000 2.6171163314
429.8000000000 2.6170415329
429.9000000000 2.6175664493
430.0000000000 2.6173975320
430.1000000000 2.6167019703
430.2000000000 2.6160651027
430.3000000000 2.6165701212
430.4000000000 2.6165948276
430.5000000000 2.6154236050
430.6000000000 2.6163377277
430.7000000000 2.6163504715
430.8000000000 2.6167509885
430.9000000000 2.6176860813
431.0000000000 2.6164883690
431.1000000000 2.6166171487
431.2000000000 2.6160652668
431.3000000000 2.6166173218
431.4000000000 2.6171810334
431.5000000000 2.6168484562
431.6000000000 2.6166173759
431.7000000000 2.6168356501
431.8000000000 2.6165093773
431.9000000000 2.6160593070
432.0000000000 2.6161959394
432.1000000000 2.6166606166
432.2000000000 2.6165445683
432.3000000000 2.6176238869
432.4000000000 2.6168595033
432.5000000000 2.6167090868
432.6000000000 2.6163156441
432.7000000000 2.6157974022
432.8000000000 2.6163522001
432.9000000000 2.6161409211
433.0000000000 2.6162706932
433.1000000000 2.6169292056
433.2000000000 2.6154908144
433.3000000000 2.6144266552
433.4000000000 2.6140504191
433.5000000000 2.6140781145
433.6000000000 2.6138301808
433.7000000000 2.6135633493
433.8000000000 2.6121112115
433.9000000000 2.6131186963
434.0000000000 2.6131935311
434.1000000000 2.6135250909
434.2000000000 2.6135934116
434.3000000000 2.6130819361
434.4000000000 2.6126432175
434.5000000000 2.6134233650
434.6000000000 2.6138097239
434.7000000000 2.6138764494
434.8000000000 2.6142850971
434.9000000000 2.6140099409
435.0000000000 2.6136337722
435.1000000000 2.6136669511
435.2000000000 2.6130968800
435.3000000000 2.6126834688
435.4000000000 2.6122343173
435.5000000000 2.6125722692
435.6000000000 2.6120992493
435.7000000000 2.6125602672
435.8000000000 2.6127613011
435.9000000000 2.6129345128
436.0000000000 2.6121970258
436.1000000000 2.6116501016
436.2000000000 2.6120381789
436.3000000000 2.6113539046
436.4000000000 2.6123033513
436.5000000000 2.6125644766
436.6000000000 2.6128392618
436.7000000000 2.6124074290
436.8000000000 2.6125712665
436.9000000000 2.6120090069
437.0000000000 2.6112344007
437.1000000000 2.6105840690
437.2000000000 2.6110408352
437.3000000000 2.6107568247
437.4000000000 2.6113741419
437.5000000000 2.6106424382
437.6000000000 2.6111549243
437.7000000000 2.6112155100
437.8000000000 2.6114541030
437.9000000000 2.6115111719
438.0000000000 2.6110277019
438.1000000000 2.6115798106
438.2000000000 2.6111579488
438.3000000000 2.6119190985
438.4000000000 2.6120347410
438.5000000000 2.6119080506
438.6000000000 2.6117018484
438.7000000000 2.6123177222
438.8000000000 2.6121214226
438.9000000000 2.6112506091
439.0000000000 2.6118967765
439.1000000000 2.6117958878
439.2000000000 2.6121435718
439.3000000000 2.6126660523
439.4000000000 2.6127676823
439.5000000000 2.6126234091
439.6000000000 2.6130051145
439.7000000000 2.6140276970
439.8000000000 2.6134113795
439.9000000000 2.6130608864
440.0000000000 2.6130702194
440.1000000000 2.6122380862
440.2000000000 2.6130097879
440.3000000000 2.6136048092
440.4000000000 2.6141571592
440.5000000000 2.6140224833
440.6000000000 2.6143581740
440.7000000000 2.6146038399
440.8000000000 2.6142095494
440.9000000000 2.6149015773
441.0000000000 2.6135421341
441.1000000000 2.6129942768
441.2000000000 2.6129172123
441.3000000000 2.6127994856
441.4000000000 2.6133244775
441.5000000000 2.6125793526
441.6000000000 2.6126762362
441.7000000000 2.6127450055
441.8000000000 2.6121341837
441.9000000000 2.6127438170
442.0000000000 2.6131935550
442.1000000000 2.6125000640
442.2000000000 2.6126931850
442.3000000000 2.6131139007
442.4000000000 2.6129908076
442.5000000000 2.6124606079
442.6000000000 2.6125820687
442.7000000000 2.6116742738
442.8000000000 2.6112216737
442.9000000000 2.6111612675
443.0000000000 2.6114443386
443.1000000000 2.6114446690
443.2000000000 2.6112217665
443.3000000000 2.6116867321
443.4000000000 2.6120024275
443.5000000000 2.6120727854
443.6000000000 2.6122194297
443.7000000000 2.6120540234
443.8000000000 2.6127402590
443.9000000000 2.6120992011
444.0000000000 2.6134798513
444.1000000000 2.6130113935
444.2000000000 2.6128489034
444.3000000000 2.6130025119
444.4000000000 2.6125693375
444.5000000000 2.6123752932
444.6000000000 2.6125148816
444.7000000000 2.6130247749
444.8000000000 2.6123329176
444.9000000000 2.6125897113
445.0000000000 2.6127816696
445.1000000000 2.6140306201
445.2000000000 2.6134970835
445.3000000000 2.6134332748
445.4000000000 2.6126509501
445.5000000000 2.6129773395
445.6000000000 2.6134523403
445.7000000000 2.6136326774
445.8000000000 2.6131187815
445.9000000000 2.6126618505
446.0000000000 2.6137183773
446.1000000000 2.6129671262
446.2000000000 2.6130233288
446.3000000000 2.6126697030
446.4000000000 2.6134272215
446.5000000000 2.6129423903
446.6000000000 2.6123986471
446.7000000000 2.6120618236
446.8000000000 2.6117940075
446.9000000000 2.6117365151
447.0000000000 2.6111013799
447.1000000000 2.6110769450
447.2000000000 2.6114792008
447.3000000000 2.6110510522
447.4000000000 2.6113271306
447.5000000000 2.6115061446
447.6000000000 2.6115894600
447.7000000000 2.6115402500
447.8000000000 2.6111165426
447.9000000000 2.6111361474
448.0000000000 2.6118127233
448.1000000000 2.6116620764
448.2000000000 2.6112996429
448.3000000000 2.6109709412
448.4000000000 2.6110884121
448.5000000000 2.6112658541
448.6000000000 2.6116839643
448.7000000000 2.6117416380
448.8000000000 2.6114345513
448.9000000000 2.6120342483
449.0000000000 2.6128999729
449.1000000000 2.6124724857
449.2000000000 2.6126296236
449.3000000000 2.6127427004
449.4000000000 2.6129274125
449.5000000000 2.6125733378
449.6000000000 2.6128940835
449.7000000000 2.6131404438
449.8000000000 2.6132122217
449.9000000000 2.6139945582
450.0000000000 2.6147356389
450.1000000000 2.6147033810
450.2000000000 2.6137775331
450.3000000000 2.6127501712
450.4000000000 2.6129070866
450.5000000000 2.6127045951
450.6000000000 2.6133381392
450.7000000000 2.6135593073
450.8000000000 2.6133251098
450.9000000000 2.6136025944
451.0000000000 2.6143152020
451.1000000000 2.6144240070
451.2000000000 2.6142280355
451.3000000000 2.6147084932
451.4000000000 2.6148690320
451.5000000000 2.6150558278
451.6000000000 2.6139404406
451.7000000000 2.6139761046
451.8000000000 2.6142939492
451.9000000000 2.6141103182
452.0000000000 2.6130791073
452.1000000000 2.6128161720
452.2000000000 2.6128624241
452.3000000000 2.6130702400
452.4000000000 2.6124807064
452.5000000000 2.6119375486
452.6000000000 2.6119862458
452.7000000000 2.6131778009
452.8000000000 2.6121520396
452.9000000000 2.6128022358
453.0000000000 2.6126412463
453.1000000000 2.6125091013
453.2000000000 2.6121121244
453.3000000000 2.6122038545
453.4000000000 2.6117246739
453.5000000000 2.6120793758
453.6000000000 2.6118193201
453.7000000000 2.6119946536
453.8000000000 2.6115968303
453.9000000000 2.6111322161
454.0000000000 2.6108398592
454.1000000000 2.6107942406
454.2000000000 2.6102699175
454.3000000000 2.6105083884
454.4000000000 2.6099948184
454.5000000000 2.6106763785
454.6000000000 2.6108890633
454.7000000000 2.6105604627
454.8000000000 2.6105761801
454.9000000000 2.6105133543
455.0000000000 2.6100047959
455.1000000000 2.6098532679
455.2000000000 2.6099937621
455.3000000000 2.6091822924
455.4000000000 2.6090251762
455.5000000000 2.6081919628
455.6000000000 2.6079843375
455.7000000000 2.6077616326
455.8000000000 2.6074134328
455.9000000000 2.6079959342
456.0000000000 2.6072843185
456.1000000000 2.6075030339
456.2000000000 2.6075199095
456.3000000000 2.6070500837
456.4000000000 2.6076846614
456.5000000000 2.6085326112
456.6000000000 2.6085538622
456.7000000000 2.6084587510
456.8000000000 2.6079860628
456.9000000000 2.6088781849
457.0000000000 2.6089493085
457.1000000000 2.6082356857
457.2000000000 2.6076475361
457.3000000000 2.6075742575
457.4000000000 2.6064576210
457.5000000000 2.6066503231
457.6000000000 2.6069668528
457.7000000000 2.6065300946
457.8000000000 2.6062990302
457.9000000000 2.6068941293
458.0000000000 2.6059013180
458.1000000000 2.6057659066
458.2000000000 2.6061823897
458.3000000000 2.6063405399
458.4000000000 2.6065998864
458.5000000000 2.6069099142
458.6000000000 2.6067791699
458.7000000000 2.6069929510
458.8000000000 2.6066266572
458.9000000000 2.6067229534
459.0000000000 2.6069907456
459.1000000000 2.6061970909
459.2000000000 2.6067838261
459.3000000000 2.6070620027
459.4000000000 2.6071072326
459.5000000000 2.6071983442
459.6000000000 2.6075499356
459.7000000000 2.6076166744
459.8000000000 2.6074914519
459.9000000000 2.6063694142
460.0000000000 2.6065871664
460.1000000000 2.6061213027
460.2000000000 2.6061815972
460.3000000000 2.6061610801
460.4000000000 2.6075479116
460.5000000000 2.6070045410
460.6000000000 2.6067070875
460.7000000000 2.6061678616
460.8000000000 2.6063901885
460.9000000000 2.6068523317
461.0000000000 2.6077340425
461.1000000000 2.6067997090
461.2000000000 2.6065528081
461.3000000000 2.6064634806
461.4000000000 2.6067821863
461.5000000000 2.6065449367
461.6000000000 2.6072232906
461.7000000000 2.6077379915
461.8000000000 2.6084134885
461.9000000000 2.6077966479
462.0000000000 2.6083947643
462.1000000000 2.6072441567
462.2000000000 2.6080690858
462.3000000000 2.6073405350
462.4000000000 2.6078099289
462.5000000000 2.6082015416
462.6000000000 2.6083394092
462.7000000000 2.6082087192
462.8000000000 2.6077501234
462.9000000000 2.6073076069
463.0000000000 2.6082353272
463.1000000000 2.6075571463
463.2000000000 2.6067521025
463.3000000000 2.6070067249
463.4000000000 2.6068360165
463.5000000000 2.6065145302
463.6000000000 2.6067990149
463.7000000000 2.6068443176
463.8000000000 2.6061583028
463.9000000000 2.6063267868
464.0000000000 2.6063780355
464.1000000000 2.6067572162
464.2000000000 2.6068176999
464.3000000000 2.6062870046
464.4000000000 2.6056946166
464.5000000000 2.6055515530
464.6000000000 2.6058397352
464.7000000000 2.6061554894
464.8000000000 2.6067918228
464.9000000000 2.6067916363
465.0000000000 2.6069963721
465.1000000000 2.6056059812
465.2000000000 2.6054989981
465.3000000000 2.6051972532
465.4000000000 2.6044665879
465.5000000000 2.6042178133
465.6000000000 2.6041523763
465.7000000000 2.6040861147
465.8000000000 2.6045400321
465.9000000000 2.6041273814
466.0000000000 2.6048685035
466.1000000000 2.6046093028
466.2000000000 2.6054575975
466.3000000000 2.6045696332
466.4000000000 2.6039017768
466.5000000000 2.6045343297
466.6000000000 2.6054761034
466.7000000000 2.6062654343
466.8000000000 2.6056936952
466.9000000000 2.6056645361
467.0000000000 2.6055481759
467.1000000000 2.6060446539
467.2000000000 2.6065140232
467.3000000000 2.6064653680
467.4000000000 2.6056963123
467.5000000000 2.6065914850
467.6000000000 2.6063397263
467.7000000000 2.6063907139
467.8000000000 2.6059507002
467.9000000000 2.6052861422
468.0000000000 2.6044890383
468.1000000000 2.6041799788
468.2000000000 2.6042504016
468.3000000000 2.6040512131
468.4000000000 2.6044523010
468.5000000000 2.6041183277
468.6000000000 2.6033745364
468.7000000000 2.6029928558
468.8000000000 2.6028256421
468.9000000000 2.6030383168
469.0000000000 2.6029160137
469.1000000000 2.6034136766
469.2000000000 2.6029367958
469.3000000000 2.6017722102
469.4000000000 2.6017502110
469.5000000000 2.6020897982
469.6000000000 2.6015902498
469.7000000000 2.6008783672
469.8000000000 2.6011728920
469.9000000000 2.6016364845
470.0000000000 2.6016141423
470.1000000000 2.6018453801
470.2000000000 2.6015664374
470.3000000000 2.6020132225
470.4000000000 2.6013969410
470.5000000000 2.6017437888
470.6000000000 2.6021227629
470.7000000000 2.6021930811
470.8000000000 2.6018431189
470.9000000000 2.6022473727
471.0000000000 2.6022931506
471.1000000000 2.6030942354
471.2000000000 2.6037961582
471.3000000000 2.6034351871
471.4000000000 2.6037662526
471.5000000000 2.6029970025
471.6000000000 2.6039634609
471.7000000000 2.6037104609
471.8000000000 2.6039181272
471.9000000000 2.6033694837
472.0000000000 2.6040740872
472.1000000000 2.6041738731
472.2000000000 2.6037831522
472.3000000000 2.6037864126
472.4000000000 2.6045583925
472.5000000000 2.6047172681
472.6000000000 2.6046036828
472.7000000000 2.6041650306
472.8000000000 2.6044138672
472.9000000000 2.6045390173
473.0000000000 2.6041472917
473.1000000000 2.6040786940
473.2000000000 2.6039493704
473.3000000000 2.6039378166
473.4000000000 2.6043045560
473.5000000000 2.6046097743
473.6000000000 2.6049660422
473.7000000000 2.6034875838
473.8000000000 2.6033439079
473.9000000000 2.6028886443
474.0000000000 2.6032912961
474.1000000000 2.6032955551
474.2000000000 2.6035217349
474.3000000000 2.6037660946
474.4000000000 2.6035176418
474.5000000000 2.6032030253
474.6000000000 2.6033121518
474.7000000000 2.6037831966
474.8000000000 2.6050858293
474.9000000000 2.6044730802
475.0000000000 2.6043398201
475.1000000000 2.6038822484
475.2000000000 2.6035739231
475.3000000000 2.6030992770
475.4000000000 2.6021970661
475.5000000000 2.6027499044
475.6000000000 2.6021385991
475.7000000000 2.6026056553
475.8000000000 2.6030701677
475.9000000000 2.6031968457
476.0000000000 2.6032705188
476.1000000000 2.6031645750
476.2000000000 2.6035215319
476.3000000000 2.6031703519
476.4000000000 2.6041117033
476.5000000000 2.6037928968
476.6000000000 2.6033119031
476.7000000000 2.6026522535
476.8000000000 2.6021305711
476.9000000000 2.6026622831
477.0000000000 2.6022817592
477.1000000000 2.6020533693
477.2000000000 2.6017271323
477.3000000000 2.6017811216
477.4000000000 2.6014423272
477.5000000000 2.6012915805
477.6000000000 2.6015228810
477.7000000000 2.6017076961
477.8000000000 2.6020555616
477.9000000000 2.6014107429
478.0000000000 2.6010608498
478.1000000000 2.6005915340
478.2000000000 2.6014802693
478.3000000000 2.6011531537
478.4000000000 2.6014666176
478.5000000000 2.6009502273
478.6000000000 2.6005395984
478.7000000000 2.6010842877
478.8000000000 2.6013064867
478.9000000000 2.6012875117
479.0000000000 2.6007170104
479.1000000000 2.6009050459
479.2000000000 2.6002955035
479.3000000000 2.5994534063
479.4000000000 2.6004917216
479.5000000000 2.6002110100
479.6000000000 2.6010723027
479.7000000000 2.6018691018
479.8000000000 2.6016109643
479.9000000000 2.6013872426
480.0000000000 2.6012250324
480.1000000000 2.6010590660
480.2000000000 2.6009884470
480.3000000000 2.6015135349
480.4000000000 2.6015189651
480.5000000000 2.6005792710
480.6000000000 2.5996795715
480.7000000000 2.6006001652
480.8000000000 2.6003857788
480.9000000000 2.6007691636
481.0000000000 2.6005287327
481.1000000000 2.6004937950
481.2000000000 2.5998390942
481.3000000000 2.5993993392
481.4000000000 2.5998255365
481.5000000000 2.6008724353
481.6000000000 2.6005958391
481.7000000000 2.6004568908
481.8000000000 2.5999791014
481.9000000000 2.6004616487
482.0000000000 2.5992136463
482.1000000000 2.5993033415
482.2000000000 2.5995874502
482.3000000000 2.5990674290
482.4000000000 2.5986137108
482.5000000000 2.5985961883
482.6000000000 2.5995120242
482.7000000000 2.5995527293
482.8000000000 2.5998701508
482.9000000000 2.5997316077
483.0000000000 2.5995616417
483.1000000000 2.5993872413
483.2000000000 2.5992740568
483.3000000000 2.5996545439
483.4000000000 2.6000602586
483.5000000000 2.5994468454
483.6000000000 2.5989762406
483.7000000000 2.5994234868
483.8000000000 2.5997644056
483.9000000000 2.6001486224
484.0000000000 2.6006758143
484.1000000000 2.6009599823
484.2000000000 2.6018010489
484.3000000000 2.6008314355
484.4000000000 2.6010249557
484.5000000000 2.6010696637
484.6000000000 2.6003814072
484.7000000000 2.6011913217
484.8000000000 2.6013384750
484.9000000000 2.6010615031
485.0000000000 2.6006711797
485.1000000000 2.6004733005
485.2000000000 2.6004156263
485.3000000000 2.6000742345
485.4000000000 2.5999334505
485.5000000000 2.6002212497
485.6000000000 2.6007491416
485.7000000000 2.6000642402
485.8000000000 2.5997819825
485.9000000000 2.5996149950
486.0000000000 2.5992689390
486.1000000000 2.5991204943
486.2000000000 2.5992995158
486.3000000000 2.5994743852
486.4000000000 2.5987856029
486.5000000000 2.5990673742
486.6000000000 2.5981297482
486.7000000000 2.5978634082
486.8000000000 2.5971787035
486.9000000000 2.5968818247
487.0000000000 2.5975428321
487.1000000000 2.5964570666
487.2000000000 2.5965983948
487.3000000000 2.5960456469
487.4000000000 2.5956697245
487.5000000000 2.5951008153
487.6000000000 2.5955744586
487.7000000000 2.5955929634
487.8000000000 2.5961695275
487.9000000000 2.5970299096
488.0000000000 2.5966744579
488.1000000000 2.5968297328
488.2000000000 2.5962263976
488.3000000000 2.5958120974
488.4000000000 2.5961270992
488.5000000000 2.5954895823
488.6000000000 2.5956353849
488.7000000000 2.5959034626
488.8000000000 2.5952096178
488.9000000000 2.5950600861
489.0000000000 2.5956794024
489.1000000000 2.5950239058
489.2000000000 2.5957508895
489.3000000000 2.5966225263
489.4000000000 2.5952282303
489.5000000000 2.5945123921
489.6000000000 2.5952083926
489.7000000000 2.5947813072
489.8000000000 2.5949696618
489.9000000000 2.5942956787
490.0000000000 2.5940590286
490.1000000000 2.5945232683
490.2000000000 2.5944123272
490.3000000000 2.5938752898
490.4000000000 2.5941418028
490.5000000000 2.5951077022
490.6000000000 2.5948264735
490.7000000000 2.5950811238
490.8000000000 2.5944546002
490.9000000000 2.5943163645
491.0000000000 2.5945930117
491.1000000000 2.5944215856
491.2000000000 2.5941001543
491.3000000000 2.5936764265
491.4000000000 2.5936376333
491.5000000000 2.5936917663
491.6000000000 2.5933948774
491.7000000000 2.5939764475
491.8000000000 2.5924860342
491.9000000000 2.5923003607
492.0000000000 2.5924499641
492.1000000000 2.5918598577
492.2000000000 2.5923651500
492.3000000000 2.5924739765
492.4000000000 2.5921584592
492.5000000000 2.5919567303
492.6000000000 2.5915534149
492.7000000000 2.5916259834
492.8000000000 2.5920328676
492.9000000000 2.5910156351
493.0000000000 2.5910086071
493.1000000000 2.5906453875
493.2000000000 2.5899573250
493.3000000000 2.5898808272
493.4000000000 2.5899008612
493.5000000000 2.5903916579
493.6000000000 2.5894985843
493.7000000000 2.5894959783
493.8000000000 2.5900883521
493.9000000000 2.5893922155
494.0000000000 2.5897633141
494.1000000000 2.5898738606
494.2000000000 2.5902983378
494.3000000000 2.5898847824
494.4000000000 2.5895181007
494.5000000000 2.5899011178
494.6000000000 2.5888737443
494.7000000000 2.5892007705
494.8000000000 2.5885906085
494.9000000000 2.5879124167
495.0000000000 2.5894975380
495.1000000000 2.5899279514
495.2000000000 2.5902196619
495.3000000000 2.5895647173
495.4000000000 2.5892898784
495.5000000000 2.5883287916
495.6000000000 2.5886339588
495.7000000000 2.5882656695
495.8000000000 2.5881589509
495.9000000000 2.5884329763
496.0000000000 2.5891266846
496.1000000000 2.5896343850
496.2000000000 2.5898086372
496.3000000000 2.5895045130
496.4000000000 2.5894662965
496.5000000000 2.5885889911
496.6000000000 2.5884584353
496.7000000000 2.5885230402
496.8000000000 2.5893924553
496.9000000000 2.5889196698
497.0000000000 2.5885894126
497.1000000000 2.5884487804
497.2000000000 2.5884954481
497.3000000000 2.5881566822
497.4000000000 2.5880065244
497.5000000000 2.5882749335
497.6000000000 2.5881881957
497.7000000000 2.5889487157
497.8000000000 2.5895498122
497.9000000000 2.5901748920
498.0000000000 2.5902433206
498.1000000000 2.5903267488
498.2000000000 2.5893457556
498.3000000000 2.5886449729
498.4000000000 2.5884718995
498.5000000000 2.5879829367
498.6000000000 2.5878467152
498.7000000000 2.5882014635
498.8000000000 2.5880853850
498.9000000000 2.5878414062
499.0000000000 2.5878429262
499.1000000000 2.5883360376
499.2000000000 2.5889132057
499.3000000000 2.5881741574
499.4000000000 2.5876502357
499.5000000000 2.5876319680
499.6000000000 2.5877594031
499.7000000000 2.5883169207
499.8000000000 2.5886844287
499.9000000000 2.5881099836
500.0000000000 2.5876373341
500.1000000000 2.5871645631
500.2000000000 2.5876283663
500.3000000000 2.5871630577
500.4000000000 2.5876878320
500.5000000000 2.5868318793
500.6000000000 2.5870891481
500.7000000000 2.5868941896
500.8000000000 2.5874988981
500.9000000000 2.5877282534
501.0000000000 2.5881398943
501.1000000000 2.5879864142
501.2000000000 2.5881326744
501.3000000000 2.5876820605
501.4000000000 2.5880412298
501.5000000000 2.5879560298
501.6000000000 2.5882628130
501.7000000000 2.5877497231
501.8000000000 2.5873364510
501.9000000000 2.5879708256
502.0000000000 2.5876912122
502.1000000000 2.5874690468
502.2000000000 2.5870900227
502.3000000000 2.5867071461
502.4000000000 2.5866193429
502.5000000000 2.5871895858
502.6000000000 2.5870099281
502.7000000000 2.5870389540
502.8000000000 2.5869474509
502.9000000000 2.5866927530
503.0000000000 2.5870767893
503.1000000000 2.5871237969
503.2000000000 2.5875619322
503.3000000000 2.5871855399
503.4000000000 2.5864649587
503.5000000000 2.5857365630
503.6000000000 2.5868117903
503.7000000000 2.5879262781
503.8000000000 2.5877803384
503.9000000000 2.5869776003
504.0000000000 2.5858910978
504.1000000000 2.5873393908
504.2000000000 2.5867600208
504.3000000000 2.5860863336
504.4000000000 2.5850857322
504.5000000000 2.5850451886
504.6000000000 2.5849530140
504.7000000000 2.5836248347
504.8000000000 2.5841487779
504.9000000000 2.5831692036
505.0000000000 2.5832642438
505.1000000000 2.5833389595
505.2000000000 2.5839208751
505.3000000000 2.5841220640
505.4000000000 2.5836149610
505.5000000000 2.5839015233
505.6000000000 2.5849483564
505.7000000000 2.5849736603
505.8000000000 2.5854589705
505.9000000000 2.5855416410
506.0000000000 2.5855026838
506.1000000000 2.5856685813
506.2000000000 2.5860382186
506.3000000000 2.5859659114
506.4000000000 2.5856044321
506.5000000000 2.5856136574
506.6000000000 2.5844824854
506.7000000000 2.5847205764
506.8000000000 2.5851610522
506.9000000000 2.5852366877
507.0000000000 2.5852815700
507.1000000000 2.5847523898
507.2000000000 2.5850675703
507.3000000000 2.5849075997
507.4000000000 2.5845653452
507.5000000000 2.5846810811
507.6000000000 2.5850197756
507.7000000000 2.5840879061
507.8000000000 2.5843896824
507.9000000000 2.5844488402
508.0000000000 2.5840281218
508.1000000000 2.5834667725
508.2000000000 2.5839613306
508.3000000000 2.5842236147
508.4000000000 2.5840794816
508.5000000000 2.5834119197
508.6000000000 2.5829255972
508.7000000000 2.5836919873
508.8000000000 2.5831432269
508.9000000000 2.5831041382
509.0000000000 2.5838465672
509.1000000000 2.5848281959
509.2000000000 2.5849456019
509.3000000000 2.5852215006
509.4000000000 2.5860046913
509.5000000000 2.5874646450
509.6000000000 2.5872032584
509.7000000000 2.5866173310
509.8000000000 2.5868078051
509.9000000000 2.5863300460
510.0000000000 2.5859677307
510.1000000000 2.5860982675
510.2000000000 2.5859198929
510.3000000000 2.5868659257
510.4000000000 2.5868361044
510.5000000000 2.5871278167
510.6000000000 2.5872246511
510.7000000000 2.5865603130
510.8000000000 2.5865150110
510.9000000000 2.5858930079
511.0000000000 2.5852842012
511.1000000000 2.5855836696
511.2000000000 2.5855066318
511.3000000000 2.5850904164
511.4000000000 2.5843773508
511.5000000000 2.5845919909
511.6000000000 2.5840917777
511.7000000000 2.5840699806
511.8000000000 2.5855548949
511.9000000000 2.5852922003
512.0000000000 2.5849637632
512.1000000000 2.5852233275
512.2000000000 2.5846105593
512.3000000000 2.5848112470
512.4000000000 2.5847896758
512.5000000000 2.5855103518
512.6000000000 2.5852952174
512.7000000000 2.5852435448
512.8000000000 2.5857032555
512.9000000000 2.5849479586
513.0000000000 2.5850438221
513.1000000000 2.5856459130
513.2000000000 2.5858977681
513.3000000000 2.5858573202
513.4000000000 2.5857916733
513.5000000000 2.5859459726
513.6000000000 2.5860173858
513.7000000000 2.5862165159
513.8000000000 2.5865182489
513.9000000000 2.5873703346
514.0000000000 2.5880185887
514.1000000000 2.5881244499
514.2000000000 2.5876669348
514.3000000000 2.5877321095
514.4000000000 2.5875867363
514.5000000000 2.5875101051
514.6000000000 2.5867555841
514.7000000000 2.5876317873
514.8000000000 2.5870965847
514.9000000000 2.5874198942
515.0000000000 2.5874089187
515.1000000000 2.5875518736
515.2000000000 2.5875733766
515.3000000000 2.5876477900
515.4000000000 2.5874752641
515.5000000000 2.5869208406
515.6000000000 2.5876690328
515.7000000000 2.5873617636
515.8000000000 2.5874464956
515.9000000000 2.5879665641
516.0000000000 2.5873315596
516.1000000000 2.5875297214
516.2000000000 2.5872707890
516.3000000000 2.5872932842
516.4000000000 2.5867954856
516.5000000000 2.5862821241
516.6000000000 2.5873210222
516.7000000000 2.5874655259
516.8000000000 2.5865212210
516.9000000000 2.5871434142
517.0000000000 2.5868213999
517.1000000000 2.5874862534
517.2000000000 2.5873242659
517.3000000000 2.5875218431
517.4000000000 2.5870115073
517.5000000000 2.5875784809
517.6000000000 2.5880716054
517.7000000000 2.5873853732
517.8000000000 2.5877076331
517.9000000000 2.5878235363
518.0000000000 2.5880671760
518.1000000000 2.5881430189
518.2000000000 2.5889265009
518.3000000000 2.5898369834
518.4000000000 2.5900130659
518.5000000000 2.5889580098
518.6000000000 2.5892774551
518.7000000000 2.5897560730
518.8000000000 2.5895841249
518.9000000000 2.5892658588
519.0000000000 2.5895423005
519.1000000000 2.5891291606
519.2000000000 2.5893235959
519.3000000000 2.5888502984
519.4000000000 2.5893154468
519.5000000000 2.5894260165
519.6000000000 2.5893978686
519.7000000000 2.5885316617
519.8000000000 2.5887790175
519.9000000000 2.5879600789
520.0000000000 2.5879477689
520.1000000000 2.5873639051
520.2000000000 2.5882963691
520.3000000000 2.5880495922
520.4000000000 2.5883106411
520.5000000000 2.5873733057
520.6000000000 2.5869165908
520.7000000000 2.5874123326
520.8000000000 2.5870512186
520.9000000000 2.5866759921
521.0000000000 2.5879588562
521.1000000000 2.5873446185
521.2000000000 2.5865375257
521.3000000000 2.5869621551
521.4000000000 2.5876700632
521.5000000000 2.5881548193
521.6000000000 2.5879366777
521.7000000000 2.5881832395
521.8000000000 2.5884579737
521.9000000000 2.5883277286
522.0000000000 2.5888473065
522.1000000000 2.5888893486
522.2000000000 2.5882030971
522.3000000000 2.5887262116
522.4000000000 2.5882332450
522.5000000000 2.5880864700
522.6000000000 2.5887637500
522.7000000000 2.5889771673
522.8000000000 2.5891868626
522.9000000000 2.5892485106
523.0000000000 2.5883689215
523.1000000000 2.5880067061
523.2000000000 2.5873445799
523.3000000000 2.5880208409
523.4000000000 2.5887819249
523.5000000000 2.5883449820
523.6000000000 2.5885387516
523.7000000000 2.5893878719
523.8000000000 2.5888070380
523.9000000000 2.5897379562
524.0000000000 2.5895963162
524.1000000000 2.5900125887
524.2000000000 2.5902829167
524.3000000000 2.5902318430
524.4000000000 2.5906650282
524.5000000000 2.5906109960
524.6000000000 2.5907257140
524.7000000000 2.5908656225
524.8000000000 2.5901449787
524.9000000000 2.5896088119
525.0000000000 2.5899979986
525.1000000000 2.5901158637
525.2000000000 2.5906180839
525.3000000000 2.5905307881
525.4000000000 2.5907444875
525.5000000000 2.5909361281
525.6000000000 2.5908154416
525.7000000000 2.5900337393
525.8000000000 2.5890749345
525.9000000000 2.5892106736
526.0000000000 2.5894156968
526.1000000000 2.5897663169
526.2000000000 2.5890297555
526.3000000000 2.5895934670
526.4000000000 2.5908585490
526.5000000000 2.5896385604
526.6000000000 2.5884831726
526.7000000000 2.5891927516
526.8000000000 2.5896623879
526.9000000000 2.5894459756
527.0000000000 2.5886914677
527.1000000000 2.5880610431
527.2000000000 2.5887094526
527.3000000000 2.5884265345
527.4000000000 2.5880651614
527.5000000000 2.5878916275
527.6000000000 2.5880635297
527.7000000000 2.5880618593
527.8000000000 2.5874015553
527.9000000000 2.5878287079
528.0000000000 2.5869351930
528.1000000000 2.5870826039
528.2000000000 2.5871483054
528.3000000000 2.5872006048
528.4000000000 2.5863885950
528.5000000000 2.5861956555
528.6000000000 2.5865224742
528.7000000000 2.5861701899
528.8000000000 2.5870243338
528.9000000000 2.5873148592
529.0000000000 2.5880440788
529.1000000000 2.5876802907
529.2000000000 2.5875290915
529.3000000000 2.5882513371
529.4000000000 2.5874559740
529.5000000000 2.5880725460
529.6000000000 2.5873079415
529.7000000000 2.5876278240
529.8000000000 2.5876671051
529.9000000000 2.5872555153
530.0000000000 2.5873008908
530.1000000000 2.5868875448
530.2000000000 2.5870430509
530.3000000000 2.5865405405
530.4000000000 2.5873186342
530.5000000000 2.5874592154
530.6000000000 2.5874026407
530.7000000000 2.5875192398
530.8000000000 2.5871869714
530.9000000000 2.5861103518
531.0000000000 2.5864662084
531.1000000000 2.5869759484
531.2000000000 2.5861509803
531.3000000000 2.5871210971
531.4000000000 2.5863864776
531.5000000000 2.5858071936
531.6000000000 2.5864796963
531.7000000000 2.5867454783
531.8000000000 2.5866383265
531.9000000000 2.5858626908
532.0000000000 2.5861352224
532.1000000000 2.5866692352
532.2000000000 2.5860375251
532.3000000000 2.5863713579
532.4000000000 2.5857619843
532.5000000000 2.5864180897
532.6000000000 2.5864900673
532.7000000000 2.5869537665
532.8000000000 2.5866680595
532.9000000000 2.5868646868
533.0000000000 2.5869130141
533.1000000000 2.5878519042
533.2000000000 2.5871220979
533.3000000000 2.5878944438
533.4000000000 2.5879439754
533.5000000000 2.5874227798
533.6000000000 2.5874586208
533.7000000000 2.5871507983
533.8000000000 2.5872800392
533.9000000000 2.5869393134
534.0000000000 2.5876185048
534.1000000000 2.5875961472
534.2000000000 2.5877213725
534.3000000000 2.5869827492
534.4000000000 2.5874665786
534.5000000000 2.5875587042
534.6000000000 2.5881444495
534.7000000000 2.5884651464
534.8000000000 2.5885126015
534.9000000000 2.5879392595
535.0000000000 2.5883557694
535.1000000000 2.5875333709
535.2000000000 2.5869106390
535.3000000000 2.5862778213
535.4000000000 2.5873173626
535.5000000000 2.5870953889
535.6000000000 2.5871212871
535.7000000000 2.5866934045
535.8000000000 2.5867922974
535.9000000000 2.5866583375
536.0000000000 2.5856720528
536.1000000000 2.5862224396
536.2000000000 2.5862872631
536.3000000000 2.5865274445
536.4000000000 2.5863320381
536.5000000000 2.5868616082
536.6000000000 2.5871362021
536.7000000000 2.5873070605
536.8000000000 2.5867477769
536.9000000000 2.5869562048
537.0000000000 2.5863432910
537.1000000000 2.5859256860
537.2000000000 2.5867183602
537.3000000000 2.5860838440
537.4000000000 2.5867691183
537.5000000000 2.5863020550
537.6000000000 2.5868076264
537.7000000000 2.5870836187
537.8000000000 2.5875230916
537.9000000000 2.5880939418
538.0000000000 2.5882966682
538.1000000000 2.5873417527
538.2000000000 2.5877168881
538.3000000000 2.5871120965
538.4000000000 2.5871404460
538.5000000000 2.5867324468
538.6000000000 2.5868379695
538.7000000000 2.5872107248
538.8000000000 2.5868975206
538.9000000000 2.5864135825
539.0000000000 2.5867363710
539.1000000000 2.5860383206
539.2000000000 2.5857831849
539.3000000000 2.5860424150
539.4000000000 2.5860301149
539.5000000000 2.5863085334
539.6000000000 2.5869256385
539.7000000000 2.5866869318
539.8000000000 2.5864242724
539.9000000000 2.5863030284
540.0000000000 2.5872239297
540.1000000000 2.5865408211
540.2000000000 2.5868655097
540.3000000000 2.5865859629
540.4000000000 2.5855054203
540.5000000000 2.5859139169
540.6000000000 2.5857591903
540.7000000000 2.5853798935
540.8000000000 2.5848341185
540.9000000000 2.5854776293
541.0000000000 2.5859272998
541.1000000000 2.5855894658
541.2000000000 2.5866295742
541.3000000000 2.5862873359
541.4000000000 2.5851836496
541.5000000000 2.5844078262
541.6000000000 2.5853244326
541.7000000000 2.5854395032
541.8000000000 2.5850853795
541.9000000000 2.5844143448
542.0000000000 2.5841479994
542.1000000000 2.5846282872
542.2000000000 2.5840719809
542.3000000000 2.5842386572
542.4000000000 2.5836412840
542.5000000000 2.5842377558
542.6000000000 2.5837443405
542.7000000000 2.5830881865
542.8000000000 2.5833372859
542.9000000000 2.5839977251
543.0000000000 2.5843207644
543.1000000000 2.5848817373
543.2000000000 2.5846075698
543.3000000000 2.5853910689
543.4000000000 2.5847463940
543.5000000000 2.5846514892
543.6000000000 2.5834630593
543.7000000000 2.5830716877
543.8000000000 2.5837233375
543.9000000000 2.5839049404
544.0000000000 2.5839624388
544.1000000000 2.5843347435
544.2000000000 2.5851981527
544.3000000000 2.5851931795
544.4000000000 2.5851491508
544.5000000000 2.5863428070
544.6000000000 2.5864594434
544.7000000000 2.5859305949
544.8000000000 2.5851495298
544.9000000000 2.5853192320
545.0000000000 2.5848084260
545.1000000000 2.5844279676
545.2000000000 2.5843212863
545.3000000000 2.5843922292
545.4000000000 2.5841904238
545.5000000000 2.5842814868
545.6000000000 2.5841030840
545.7000000000 2.5836517694
545.8000000000 2.5844426307
545.9000000000 2.5843399292
546.0000000000 2.5839775594
546.1000000000 2.5835702795
546.2000000000 2.5831987555
546.3000000000 2.5830545883
546.4000000000 2.5828664640
546.5000000000 2.5839607507
546.6000000000 2.5834663695
546.7000000000 2.5829974697
546.8000000000 2.5824945132
546.9000000000 2.5827862151
547.0000000000 2.5825922625
547.1000000000 2.5829410706
547.2000000000 2.5829472722
547.3000000000 2.5824400621
547.4000000000 2.5825099174
547.5000000000 2.5831135425
547.6000000000 2.5836952224
547.7000000000 2.5840000867
547.8000000000 2.5841684678
547.9000000000 2.5834837035
548.0000000000 2.5838225737
548.1000000000 2.5827146348
548.2000000000 2.5829722488
548.3000000000 2.5832571892
548.4000000000 2.5831394101
548.5000000000 2.5830543249
548.6000000000 2.5831903840
548.7000000000 2.5823050846
548.8000000000 2.5830728970
548.9000000000 2.5829307804
549.0000000000 2.5822732107
549.1000000000 2.5831957492
549.2000000000 2.5828913135
549.3000000000 2.5832195545
549.4000000000 2.5839495533
549.5000000000 2.5842693903
549.6000000000 2.5846466736
549.7000000000 2.5835294655
549.8000000000 2.5831772140
549.9000000000 2.5833841620
550.0000000000 2.5838249488
550.1000000000 2.5838439770
550.2000000000 2.5842013024
550.3000000000 2.5843162429
550.4000000000 2.5842036283
550.5000000000 2.5841285660
550.6000000000 2.5841713881
550.7000000000 2.5832462096
550.8000000000 2.5827964490
550.9000000000 2.5829962635
551.0000000000 2.5829337342
551.1000000000 2.5825062549
551.2000000000 2.5824669633
551.3000000000 2.5827144726
551.4000000000 2.5831747719
551.5000000000 2.5830592824
551.6000000000 2.5836219728
551.7000000000 2.5836242318
551.8000000000 2.5839914520
551.9000000000 2.5836597189
552.0000000000 2.5840113337
552.1000000000 2.5839197513
552.2000000000 2.5840187839
552.3000000000 2.5844159269
552.4000000000 2.5837673561
552.5000000000 2.5839322838
552.6000000000 2.5830163517
552.7000000000 2.5826213837
552.8000000000 2.5830670799
552.9000000000 2.5835316002
553.0000000000 2.5833395251
553.1000000000 2.5835092195
553.2000000000 2.5830682895
553.3000000000 2.5829551396
553.4000000000 2.5827061839
553.5000000000 2.5830054516
553.6000000000 2.5841154587
553.7000000000 2.5830042850
553.8000000000 2.5831820516
553.9000000000 2.5832476393
554.0000000000 2.5829218152
554.1000000000 2.5824754764
554.2000000000 2.5823678034
554.3000000000 2.5824213573
554.4000000000 2.5822881924
554.5000000000 2.5823281906
554.6000000000 2.5820939263
554.7000000000 2.5825754413
554.8000000000 2.5827971012
554.9000000000 2.5825777906
555.0000000000 2.5819252645
555.1000000000 2.5814991596
555.2000000000 2.5815517725
555.3000000000 2.5819723589
555.4000000000 2.5814670870
555.5000000000 2.5819220909
555.6000000000 2.5816112742
555.7000000000 2.5814498044
555.8000000000 2.5812423814
555.9000000000 2.5814190753
556.0000000000 2.5818241876
556.1000000000 2.5823753670
556.2000000000 2.5823734462
556.3000000000 2.5829276155
556.4000000000 2.5823189556
556.5000000000 2.5826220895
556.6000000000 2.5826643975
556.7000000000 2.5821475853
556.8000000000 2.5828053839
556.9000000000 2.5831475220
557.0000000000 2.5824236620
557.1000000000 2.5816685663
557.2000000000 2.5812655278
557.3000000000 2.5815262037
557.4000000000 2.5810618305
557.5000000000 2.5808457808
557.6000000000 2.5804043733
557.7000000000 2.5802782389
557.8000000000 2.5815168680
557.9000000000 2.5808830884
558.0000000000 2.5805125965
558.1000000000 2.5807271408
558.2000000000 2.5810835197
558.3000000000 2.5808202306
558.4000000000 2.5804795956
558.5000000000 2.5798589261
558.6000000000 2.5796037597
558.7000000000 2.5796533879
558.8000000000 2.5795692412
558.9000000000 2.5787729228
559.0000000000 2.5792007057
559.1000000000 2.5796864968
559.2000000000 2.5803318502
559.3000000000 2.5798812869
559.4000000000 2.5808609205
559.5000000000 2.5808745839
559.6000000000 2.5805944822
559.7000000000 2.5802784827
559.8000000000 2.5805961114
559.9000000000 2.5815688444
560.0000000000 2.5814414714
560.1000000000 2.5811549365
560.2000000000 2.5807659094
560.3000000000 2.5805997854
560.4000000000 2.5797129242
560.5000000000 2.5809179310
560.6000000000 2.5806350023
560.7000000000 2.5809811243
560.8000000000 2.5805545248
560.9000000000 2.5811329836
561.0000000000 2.5808016781
561.1000000000 2.5803477486
561.2000000000 2.5801943850
561.3000000000 2.5810507176
561.4000000000 2.5809525945
561.5000000000 2.5814954737
561.6000000000 2.5820161848
561.7000000000 2.5805741796
561.8000000000 2.5809482464
561.9000000000 2.5810761811
562.0000000000 2.5811138380
562.1000000000 2.5808020129
562.2000000000 2.5803357662
562.3000000000 2.5803175928
562.4000000000 2.5801575475
562.5000000000 2.5793767875
562.6000000000 2.5795888505
562.7000000000 2.5799215362
562.8000000000 2.5797411460
562.9000000000 2.5802595064
563.0000000000 2.5800754356
563.1000000000 2.5802974632
563.2000000000 2.5800671209
563.3000000000 2.5799267985
563.4000000000 2.5801638847
563.5000000000 2.5802324257
563.6000000000 2.5806766013
563.7000000000 2.5816234207
563.8000000000 2.5809162330
563.9000000000 2.5808873472
564.0000000000 2.5803678077
564.1000000000 2.5797166102
564.2000000000 2.5800844647
564.3000000000 2.5801632146
564.4000000000 2.5801573548
564.5000000000 2.5789832438
564.6000000000 2.5785797652
564.7000000000 2.5781033832
564.8000000000 2.5787111987
564.9000000000 2.5786973211
565.0000000000 2.5787371696
565.1000000000 2.5784195026
565.2000000000 2.5789070608
565.3000000000 2.5792152647
565.4000000000 2.5792045534
565.5000000000 2.5788508987
565.6000000000 2.5788808099
565.7000000000 2.5795453781
565.8000000000 2.5791463789
565.9000000000 2.5790412433
566.0000000000 2.5782743596
566.1000000000 2.5782041669
566.2000000000 2.5781705377
566.3000000000 2.5779296514
566.4000000000 2.5780660673
566.5000000000 2.5792695920
566.6000000000 2.5789274584
566.7000000000 2.5789483050
566.8000000000 2.5796203342
566.9000000000 2.5792171692
567.0000000000 2.5785611435
567.1000000000 2.5781302059
567.2000000000 2.5783948915
567.3000000000 2.5785073600
567.4000000000 2.5780467918
567.5000000000 2.5770400480
567.6000000000 2.5771436273
567.7000000000 2.5769254036
567.8000000000 2.5766083851
567.9000000000 2.5775306578
568.0000000000 2.5775702732
568.1000000000 2.5773586011
568.2000000000 2.5780298800
568.3000000000 2.5781895616
568.4000000000 2.5780307325
568.5000000000 2.5780362672
568.6000000000 2.5783527987
568.7000000000 2.5792709208
568.8000000000 2.5785783225
568.9000000000 2.5783133224
569.0000000000 2.5774836933
569.1000000000 2.5770650092
569.2000000000 2.5767554857
569.3000000000 2.5767325777
569.4000000000 2.5765044820
569.5000000000 2.5766639716
569.6000000000 2.5772089665
569.7000000000 2.5762858935
569.8000000000 2.5753634458
569.9000000000 2.5756389915
570.0000000000 2.5755818998
570.1000000000 2.5759083704
570.2000000000 2.5761691151
570.3000000000 2.5764592173
570.4000000000 2.5766478656
570.5000000000 2.5770486139
570.6000000000 2.5764071749
570.7000000000 2.5752423007
570.8000000000 2.5753263988
570.9000000000 2.5758568690
571.0000000000 2.5761878770
571.1000000000 2.5762397591
571.2000000000 2.5756442429
571.3000000000 2.5755952091
571.4000000000 2.5760101957
571.5000000000 2.5757006671
571.6000000000 2.5754661392
571.7000000000 2.5750088995
571.8000000000 2.5756084185
571.9000000000 2.5745879931
572.0000000000 2.5742224921
572.1000000000 2.5749279970
572.2000000000 2.5753132465
572.3000000000 2.5747803963
572.4000000000 2.5745075830
572.5000000000 2.5741167557
572.6000000000 2.5742086232
572.7000000000 2.5736510295
572.8000000000 2.5743738417
572.9000000000 2.5732558164
573.0000000000 2.5733582812
573.1000000000 2.5736158818
573.2000000000 2.5737075328
573.3000000000 2.5737393862
573.4000000000 2.5731984036
573.5000000000 2.5723634302
573.6000000000 2.5728468167
573.7000000000 2.5731651749
573.8000000000 2.5726736424
573.9000000000 2.5736704963
574.0000000000 2.5733660126
574.1000000000 2.5731504376
574.2000000000 2.5738965935
574.3000000000 2.5736675913
574.4000000000 2.5733118440
574.5000000000 2.5724650769
574.6000000000 2.5735865481
574.7000000000 2.5737762719
574.8000000000 2.5737074038
574.9000000000 2.5734368074
575.0000000000 2.5736394900
575.1000000000 2.5732955586
575.2000000000 2.5725154369
575.3000000000 2.5720690726
575.4000000000 2.5713063525
575.5000000000 2.5716069756
575.6000000000 2.5717525863
575.7000000000 2.5716610595
575.8000000000 2.5717156166
575.9000000000 2.5713147771
576.0000000000 2.5714750292
576.1000000000 2.5718248100
576.2000000000 2.5721259673
576.3000000000 2.5724499625
576.4000000000 2.5714000588
576.5000000000 2.5712509070
576.6000000000 2.5708991462
576.7000000000 2.5717307784
576.8000000000 2.5718224044
576.9000000000 2.5711168539
577.0000000000 2.5707380557
577.1000000000 2.5716757151
577.2000000000 2.5706983884
577.3000000000 2.5702644498
577.4000000000 2.5711327348
577.5000000000 2.5711841109
577.6000000000 2.5712430868
577.7000000000 2.5718146487
577.8000000000 2.5717438765
577.9000000000 2.5721385857
578.0000000000 2.5719377146
578.1000000000 2.5728745296
578.2000000000 2.5713571439
578.3000000000 2.5717003143
578.4000000000 2.5715972722
578.5000000000 2.5719540073
578.6000000000 2.5725514983
578.7000000000 2.5725410755
578.8000000000 2.5721891145
578.9000000000 2.5720586777
579.0000000000 2.5716552677
579.1000000000 2.5723580902
579.2000000000 2.5722728356
579.3000000000 2.5720682124
579.4000000000 2.5717284428
579.5000000000 2.5711530552
579.6000000000 2.5716508860
579.7000000000 2.5716966946
579.8000000000 2.5715513497
579.9000000000 2.5705470671
580.0000000000 2.5705050657
580.1000000000 2.5697534840
580.2000000000 2.5700689678
580.3000000000 2.5697442993
580.4000000000 2.5699228303
580.5000000000 2.5708978692
580.6000000000 2.5705049511
580.7000000000 2.5700637082
580.8000000000 2.5700055217
580.9000000000 2.5698862747
581.0000000000 2.5693838640
581.1000000000 2.5698258017
581.2000000000 2.5699408674
581.3000000000 2.5706318510
581.4000000000 2.5710434166
581.5000000000 2.5709731655
581.6000000000 2.5707961671
581.7000000000 2.5710269874
581.8000000000 2.5707824553
581.9000000000 2.5700326878
582.0000000000 2.5699892414
582.1000000000 2.5705038596
582.2000000000 2.5707931915
582.3000000000 2.5695753970
582.4000000000 2.5692462340
582.5000000000 2.5691760345
582.6000000000 2.5696208521
582.7000000000 2.5692245611
582.8000000000 2.5691597143
582.9000000000 2.5694042495
583.0000000000 2.5689380187
583.1000000000 2.5687302281
583.2000000000 2.5684346917
583.3000000000 2.5683583537
583.4000000000 2.5683418552
583.5000000000 2.5682338362
583.6000000000 2.5687482439
583.7000000000 2.5688146599
583.8000000000 2.5688285378
583.9000000000 2.5685180277
584.0000000000 2.5680225156
584.1000000000 2.5692086531
584.2000000000 2.5690312302
584.3000000000 2.5687683952
584.4000000000 2.5689953102
584.5000000000 2.5686817660
584.6000000000 2.5687920401
584.7000000000 2.5676735321
584.8000000000 2.5679749655
584.9000000000 2.5693957934
585.0000000000 2.5686887092
585.1000000000 2.5691558552
585.2000000000 2.5684956488
585.3000000000 2.5696383130
585.4000000000 2.5701561973
585.5000000000 2.5702944227
585.6000000000 2.5703319502
585.7000000000 2.5687611922
585.8000000000 2.5690638439
585.9000000000 2.5684604772
586.0000000000 2.5683774250
586.1000000000 2.5678061195
586.2000000000 2.5681085041
586.3000000000 2.5684635832
586.4000000000 2.5681232953
586.5000000000 2.5683605720
586.6000000000 2.5671105859
586.7000000000 2.5673827833
586.8000000000 2.5672763280
586.9000000000 2.5668874707
587.0000000000 2.5678862251
587.1000000000 2.5672634184
587.2000000000 2.5679238862
587.3000000000 2.5671373644
587.4000000000 2.5675009848
587.5000000000 2.5680128946
587.6000000000 2.5679974094
587.7000000000 2.5682728688
587.8000000000 2.5684450337
587.9000000000 2.5678602353
588.0000000000 2.5674117170
588.1000000000 2.5675924207
588.2000000000 2.5674081162
588.3000000000 2.5671634864
588.4000000000 2.5669784771
588.5000000000 2.5677066920
588.6000000000 2.5666929319
588.7000000000 2.5667060175
588.8000000000 2.5667526781
588.9000000000 2.5669821983
589.0000000000 2.5678522685
589.1000000000 2.5677536832
589.2000000000 2.5682233948
589.3000000000 2.5675431245
589.4000000000 2.5681571348
589.5000000000 2.5682855109
589.6000000000 2.5678785213
589.7000000000 2.5679045126
589.8000000000 2.5684425786
589.9000000000 2.5673644790
590.0000000000 2.5679335354
590.1000000000 2.5680281355
590.2000000000 2.5678301403
590.3000000000 2.5677039933
590.4000000000 2.5678859963
590.5000000000 2.5682524214
590.6000000000 2.5682172257
590.7000000000 2.5685003530
590.8000000000 2.5685592722
590.9000000000 2.5682652192
591.0000000000 2.5690397475
591.1000000000 2.5690669497
591.2000000000 2.5694987945
591.3000000000 2.5689494478
591.4000000000 2.5685201914
591.5000000000 2.5682631415
591.6000000000 2.5679309012
591.7000000000 2.5675092283
591.8000000000 2.5677764632
591.9000000000 2.5676938955
592.0000000000 2.5681399062
592.1000000000 2.5687108024
592.2000000000 2.5684492984
592.3000000000 2.5680685646
592.4000000000 2.5688125044
592.5000000000 2.5685377155
592.6000000000 2.5678541044
592.7000000000 2.5673581095
592.8000000000 2.5680923449
592.9000000000 2.5695735366
593.0000000000 2.5699735423
593.1000000000 2.5695181898
593.2000000000 2.5679759603
593.3000000000 2.5671182633
593.4000000000 2.5675465542
593.5000000000 2.5670246538
593.6000000000 2.5671303761
593.7000000000 2.5664749432
593.8000000000 2.5665838748
593.9000000000 2.5670917424
594.0000000000 2.5662679249
594.1000000000 2.5666871204
594.2000000000 2.5662916897
594.3000000000 2.5661073237
594.4000000000 2.5650641085
594.5000000000 2.5647654233
594.6000000000 2.5652389609
594.7000000000 2.5662308099
594.8000000000 2.5667419053
594.9000000000 2.5665556464
595.0000000000 2.5670068913
595.1000000000 2.5668752110
595.2000000000 2.5667622953
595.3000000000 2.5674132492
595.4000000000 2.5675817339
595.5000000000 2.5674079312
595.6000000000 2.5679562995
595.7000000000 2.5676034648
595.8000000000 2.5675271221
595.9000000000 2.5673717267
596.0000000000 2.5684071560
596.1000000000 2.5685125205
596.2000000000 2.5689828144
596.3000000000 2.5690547474
596.4000000000 2.5689555394
596.5000000000 2.5684167659
596.6000000000 2.5686981983
596.7000000000 2.5684020317
596.8000000000 2.5683179682
596.9000000000 2.5687337841
597.0000000000 2.5687573874
597.1000000000 2.5685550544
597.2000000000 2.5694446524
597.3000000000 2.5691960784
597.4000000000 2.5685338842
597.5000000000 2.5682516448
597.6000000000 2.5681572593
597.7000000000 2.5688595060
597.8000000000 2.5685092152
597.9000000000 2.5692699974
598.0000000000 2.5694787470
598.1000000000 2.5698223586
598.2000000000 2.5701650760
598.3000000000 2.5700869439
598.4000000000 2.5699568403
598.5000000000 2.5699096594
598.6000000000 2.5709863410
598.7000000000 2.5708716451
598.8000000000 2.5700010993
598.9000000000 2.5703817886
599.0000000000 2.5698047634
599.1000000000 2.5693230977
599.2000000000 2.5700257932
599.3000000000 2.5701864341
599.4000000000 2.5694717509
599.5000000000 2.5703738543
599.6000000000 2.5705492381
599.7000000000 2.5714559184
599.8000000000 2.5705681800
599.9000000000 2.5706526588
600.0000000000 2.5710630326
600.1000000000 2.5709689382
600.2000000000 2.5716658291
600.3000000000 2.5712782854
600.4000000000 2.5710483618
600.5000000000 2.5707205710
600.6000000000 2.5702699677
600.7000000000 2.5705706233
600.8000000000 2.5707142660
600.9000000000 2.5707644366
601.0000000000 2.5710469877
601.1000000000 2.5718837541
601.2000000000 2.5705573073
601.3000000000 2.5708864244
601.4000000000 2.5712986499
601.5000000000 2.5711441085
601.6000000000 2.5708438668
601.7000000000 2.5716820418
601.8000000000 2.5708820376
601.9000000000 2.5715431132
602.0000000000 2.5707824988
602.1000000000 2.5707962039
602.2000000000 2.5705057145
602.3000000000 2.5699653268
602.4000000000 2.5706499733
602.5000000000 2.5704619295
602.6000000000 2.5704390966
602.7000000000 2.5705753813
602.8000000000 2.5700619698
602.9000000000 2.5700537400
603.0000000000 2.5710372737
603.1000000000 2.5694818983
603.2000000000 2.5702986583
603.3000000000 2.5699456465
603.4000000000 2.5692913372
603.5000000000 2.5692362478
603.6000000000 2.5694664328
603.7000000000 2.5691326768
603.8000000000 2.5697766840
603.9000000000 2.5696797060
604.0000000000 2.5691296854
604.1000000000 2.5689212636
604.2000000000 2.5694641202
604.3000000000 2.5694430268
604.4000000000 2.5688384360
604.5000000000 2.5690221305
604.6000000000 2.5682461666
604.7000000000 2.5686787163
604.8000000000 2.5681915537
604.9000000000 2.5687589579
605.0000000000 2.5682446009
605.1000000000 2.5678283254
605.2000000000 2.5681475384
605.3000000000 2.5681020693
605.4000000000 2.5675696309
605.5000000000 2.5682112491
605.6000000000 2.5680646314
605.7000000000 2.5678751221
605.8000000000 2.5674410164
605.9000000000 2.5679370903
606.0000000000 2.5682604844
606.1000000000 2.5678219120
606.2000000000 2.5678510361
606.3000000000 2.5684612321
606.4000000000 2.5674286409
606.5000000000 2.5682848787
606.6000000000 2.5684567083
606.7000000000 2.5686204180
606.8000000000 2.5688306747
606.9000000000 2.5688122838
607.0000000000 2.5691690890
607.1000000000 2.5690608764
607.2000000000 2.5685445219
607.3000000000 2.5684946369
607.4000000000 2.5670558722
607.5000000000 2.5660075471
607.6000000000 2.5659228345
607.7000000000 2.5657227040
607.8000000000 2.5653521757
607.9000000000 2.5646789637
608.0000000000 2.5652929362
608.1000000000 2.5662106302
608.2000000000 2.5658362035
608.3000000000 2.5653251227
608.4000000000 2.5655530688
608.5000000000 2.5652095624
608.6000000000 2.5657994403
608.7000000000 2.5653479047
608.8000000000 2.5657443248
608.9000000000 2.5656556494
609.0000000000 2.5660759662
609.1000000000 2.5660274096
609.2000000000 2.5668757871
609.3000000000 2.5664932799
609.4000000000 2.5656934655
609.5000000000 2.5657548823
609.6000000000 2.5658017365
609.7000000000 2.5660735627
609.8000000000 2.5660345644
609.9000000000 2.5656218237
610.0000000000 2.5660243562
610.1000000000 2.5662254427
610.2000000000 2.5668064976
610.3000000000 2.5662785904
610.4000000000 2.5657942178
610.5000000000 2.5664483984
610.6000000000 2.5667425723
610.7000000000 2.5668682135
610.8000000000 2.5670669311
610.9000000000 2.5664048241
611.0000000000 2.5669535932
611.1000000000 2.5668629496
611.2000000000 2.5668867782
611.3000000000 2.5666175975
611.4000000000 2.5672463668
611.5000000000 2.5664533233
611.6000000000 2.5668552705
611.7000000000 2.5671616589
611.8000000000 2.5674771653
611.9000000000 2.5669171656
612.0000000000 2.5675803023
612.1000000000 2.5677093257
612.2000000000 2.5680470416
612.3000000000 2.5678786919
612.4000000000 2.5682837535
612.5000000000 2.5680517466
612.6000000000 2.5681028681
612.7000000000 2.5686220266
612.8000000000 2.5686008451
612.9000000000 2.5685567646
613.0000000000 2.5676759352
613.1000000000 2.5680676082
613.2000000000 2.5684439089
613.3000000000 2.5682709316
613.4000000000 2.5686720549
613.5000000000 2.5682775448
613.6000000000 2.5681111792
613.7000000000 2.5681279051
613.8000000000 2.5681793795
613.9000000000 2.5682361334
614.0000000000 2.5673258718
614.1000000000 2.5678082035
614.2000000000 2.5671638579
614.3000000000 2.5675769958
614.4000000000 2.5682103692
614.5000000000 2.5679532978
614.6000000000 2.5676786837
614.7000000000 2.5685538268
614.8000000000 2.5684703603
614.9000000000 2.5687791676
615.0000000000 2.5687112019
615.1000000000 2.5691518044
615.2000000000 2.5694001479
615.3000000000 2.5694960064
615.4000000000 2.5703212059
615.5000000000 2.5702690655
615.6000000000 2.5693871962
615.7000000000 2.5696070809
615.8000000000 2.5698037932
615.9000000000 2.5687023287
616.0000000000 2.5687576981
616.1000000000 2.5679814929
616.2000000000 2.5676833636
616.3000000000 2.5671498138
616.4000000000 2.5673779381
616.5000000000 2.5664591281
616.6000000000 2.5665046197
616.7000000000 2.5653547643
616.8000000000 2.5662174545
616.9000000000 2.5656915299
617.0000000000 2.5663635834
617.1000000000 2.5652126565
617.2000000000 2.5646622336
617.3000000000 2.5650097580
617.4000000000 2.5647851543
617.5000000000 2.5639642740
617.6000000000 2.5649333411
617.7000000000 2.5645346725
617.8000000000 2.5647747242
617.9000000000 2.5641687288
618.0000000000 2.5641044413
618.1000000000 2.5642776444
618.2000000000 2.5639324095
618.3000000000 2.5632657257
618.4000000000 2.5628649400
618.5000000000 2.5631891391
618.6000000000 2.5629557047
618.7000000000 2.5631473278
618.8000000000 2.5632365110
618.9000000000 2.5626348261
619.0000000000 2.5626555133
619.1000000000 2.5627774586
619.2000000000 2.5616344592
619.3000000000 2.5622724994
619.4000000000 2.5621785696
619.5000000000 2.5622185007
619.6000000000 2.5622943436
619.7000000000 2.5626552618
619.8000000000 2.5629189197
619.9000000000 2.5627712619
620.0000000000 2.5631034148
620.1000000000 2.5628906017
620.2000000000 2.5623704790
620.3000000000 2.5633768395
620.4000000000 2.5631178810
620.5000000000 2.5627586767
620.6000000000 2.5626830148
620.7000000000 2.5624007317
620.8000000000 2.5631242121
620.9000000000 2.5624421010
621.0000000000 2.5616827185
621.1000000000 2.5616265965
621.2000000000 2.5601179951
621.3000000000 2.5599400436
621.4000000000 2.5596906427
621.5000000000 2.5602310555
621.6000000000 2.5598462977
621.7000000000 2.5596238747
621.8000000000 2.5600005925
621.9000000000 2.5595790117
622.0000000000 2.5599025212
622.1000000000 2.5604679215
622.2000000000 2.5613708404
622.3000000000 2.5620755404
622.4000000000 2.5614478331
622.5000000000 2.5611054100
622.6000000000 2.5606102644
622.7000000000 2.5601370001
622.8000000000 2.5606541455
622.9000000000 2.5605131670
623.0000000000 2.5605342326
623.1000000000 2.5608421612
623.2000000000 2.5604203485
623.3000000000 2.5608827654
623.4000000000 2.5610291496
623.5000000000 2.5619584308
623.6000000000 2.5612680485
623.7000000000 2.5607223466
623.8000000000 2.5613722978
623.9000000000 2.5620250879
624.0000000000 2.5618220248
624.1000000000 2.5615120451
624.2000000000 2.5620550432
624.3000000000 2.5627776588
624.4000000000 2.5628715427
624.5000000000 2.5624665497
624.6000000000 2.5619685712
624.7000000000 2.5622527800
624.8000000000 2.5624919785
624.9000000000 2.5631494672
625.0000000000 2.5619245859
625.1000000000 2.5629898912
625.2000000000 2.5624101038
625.3000000000 2.5628990153
625.4000000000 2.5639756589
625.5000000000 2.5622531226
625.6000000000 2.5629328044
625.7000000000 2.5634459401
625.8000000000 2.5636462917
625.9000000000 2.5635405019
626.0000000000 2.5623072032
626.1000000000 2.5621269620
626.2000000000 2.5612107091
626.3000000000 2.5610254555
626.4000000000 2.5616288215
626.5000000000 2.5623566877
626.6000000000 2.5620721603
626.7000000000 2.5631121313
626.8000000000 2.5626831193
626.9000000000 2.5627139116
627.0000000000 2.5624994635
627.1000000000 2.5623874377
627.2000000000 2.5620138316
627.3000000000 2.5622502396
627.4000000000 2.5624265900
627.5000000000 2.5622460880
627.6000000000 2.5623105977
627.7000000000 2.5617674042
627.8000000000 2.5616570375
627.9000000000 2.5614049519
628.0000000000 2.5616478938
628.1000000000 2.5625324800
628.2000000000 2.5621687703
628.3000000000 2.5618778089
628.4000000000 2.5623862847
628.5000000000 2.5622205870
628.6000000000 2.5625752571
628.7000000000 2.5626299026
628.8000000000 2.5624593429
628.9000000000 2.5628734692
629.0000000000 2.5617890294
629.1000000000 2.5627156289
629.2000000000 2.5623646112
629.3000000000 2.5612494920
629.4000000000 2.5610707209
629.5000000000 2.5614626459
629.6000000000 2.5611138573
629.7000000000 2.5610477051
629.8000000000 2.5609699001
629.9000000000 2.5609742551
630.0000000000 2.5608735019
630.1000000000 2.5605185240
630.2000000000 2.5606677610
630.3000000000 2.5605647680
630.4000000000 2.5603619281
630.5000000000 2.5605673169
630.6000000000 2.5609435619
630.7000000000 2.5606351906
630.8000000000 2.5593237989
630.9000000000 2.5589796590
631.0000000000 2.5599246698
631.1000000000 2.5595580328
631.2000000000 2.5591197895
631.3000000000 2.5596545188
631.4000000000 2.5593227575
631.5000000000 2.5596709849
631.6000000000 2.5595961140
631.7000000000 2.5592550297
631.8000000000 2.5593772684
631.9000000000 2.5596453840
632.0000000000 2.5593582587
632.1000000000 2.5594988360
632.2000000000 2.5593656993
632.3000000000 2.5594996189
632.4000000000 2.5595785202
632.5000000000 2.5603552694
632.6000000000 2.5588613491
632.7000000000 2.5594064119
632.8000000000 2.5594113761
632.9000000000 2.5591815892
633.0000000000 2.5587907111
633.1000000000 2.5588248576
633.2000000000 2.5586772498
633.3000000000 2.5591359062
633.4000000000 2.5592534386
633.5000000000 2.5595436884
633.6000000000 2.5600646419
633.7000000000 2.5603646699
633.8000000000 2.5604562246
633.9000000000 2.5614541165
634.0000000000 2.5616365781
634.1000000000 2.5611199678
634.2000000000 2.5603880788
634.3000000000 2.5600268942
634.4000000000 2.5601568783
634.5000000000 2.5604236014
634.6000000000 2.5600550499
634.7000000000 2.5594079175
634.8000000000 2.5592090975
634.9000000000 2.5586191734
635.0000000000 2.5592725145
635.1000000000 2.5585175065
635.2000000000 2.5588446785
635.3000000000 2.5594014442
635.4000000000 2.5595764392
635.5000000000 2.5596415944
635.6000000000 2.5590346256
635.7000000000 2.5593138766
635.8000000000 2.5580950801
635.9000000000 2.5576557446
636.0000000000 2.5585543655
636.1000000000 2.5584939478
636.2000000000 2.5575530742
636.3000000000 2.5581899723
636.4000000000 2.5580722326
636.5000000000 2.5576728652
636.6000000000 2.5589113923
636.7000000000 2.5590929286
636.8000000000 2.5594242268
636.9000000000 2.5597735210
637.0000000000 2.5593133389
637.1000000000 2.5591805674
637.2000000000 2.5593541105
637.3000000000 2.5585119671
637.4000000000 2.5588750696
637.5000000000 2.5583492953
637.6000000000 2.5579822144
637.7000000000 2.5576322524
637.8000000000 2.5578737339
637.9000000000 2.5590239491
638.0000000000 2.5581511913
638.1000000000 2.5588619535
638.2000000000 2.5589942144
638.3000000000 2.5590132545
638.4000000000 2.5592298433
638.5000000000 2.5596623300
638.6000000000 2.5597934870
638.7000000000 2.5604163764
638.8000000000 2.5609224422
638.9000000000 2.5610265297
639.0000000000 2.5609841546
639.1000000000 2.5615171560
639.2000000000 2.5606126726
639.3000000000 2.5610788716
639.4000000000 2.5608839185
639.5000000000 2.5602240391
639.6000000000 2.5603609800
639.7000000000 2.5604296461
639.8000000000 2.5607440458
639.9000000000 2.5604238817
640.0000000000 2.5606737925
640.1000000000 2.5600354141
640.2000000000 2.5592605424
640.3000000000 2.5592542960
640.4000000000 2.5591324664
640.5000000000 2.5586790531
640.6000000000 2.5582166259
640.7000000000 2.5581190677
640.8000000000 2.5578013114
640.9000000000 2.5575658279
641.0000000000 2.5573144614
641.1000000000 2.5571308673
641.2000000000 2.5577346902
641.3000000000 2.5578031271
641.4000000000 2.5584252401
641.5000000000 2.5587585344
641.6000000000 2.5597132806
641.7000000000 2.5596410265
641.8000000000 2.5599011442
641.9000000000 2.5599656129
642.0000000000 2.5597072400
642.1000000000 2.5592650924
642.2000000000 2.5593906661
642.3000000000 2.5600087876
642.4000000000 2.5601423284
642.5000000000 2.5597419567
642.6000000000 2.5597930108
642.7000000000 2.5586890065
642.8000000000 2.5597063790
642.9000000000 2.5587876456
643.0000000000 2.5595102718
643.1000000000 2.5593679946
643.2000000000 2.5593273605
643.3000000000 2.5585734933
643.4000000000 2.5583762958
643.5000000000 2.5582364231
643.6000000000 2.5588009617
643.7000000000 2.5589099925
643.8000000000 2.5585429656
643.9000000000 2.5584469553
644.0000000000 2.5576708052
644.1000000000 2.5572871176
644.2000000000 2.5568221364
644.3000000000 2.5568872074
644.4000000000 2.5567462543
644.5000000000 2.5566585710
644.6000000000 2.5563378487
644.7000000000 2.5561432341
644.8000000000 2.5552069582
644.9000000000 2.5543142228
645.0000000000 2.5545944192
645.1000000000 2.5549419198
645.2000000000 2.5549847339
645.3000000000 2.5547643149
645.4000000000 2.5550127147
645.5000000000 2.5551444209
645.6000000000 2.5546117577
645.7000000000 2.5552748924
645.8000000000 2.5562825306
645.9000000000 2.5564928666
646.0000000000 2.5570838288
646.1000000000 2.5573546611
646.2000000000 2.5577732372
646.3000000000 2.5586839455
646.4000000000 2.5586989943
646.5000000000 2.5588695537
646.6000000000 2.5591679482
646.7000000000 2.5589148420
646.8000000000 2.5598883207
646.9000000000 2.5599628896
647.0000000000 2.5598588298
647.1000000000 2.5595496861
647.2000000000 2.5593841266
647.3000000000 2.5589428845
647.4000000000 2.5594038031
647.5000000000 2.5583858391
647.6000000000 2.5588638746
647.7000000000 2.5592907254
647.8000000000 2.5592767662
647.9000000000 2.5585697744
648.0000000000 2.5581818880
648.1000000000 2.5573542971
648.2000000000 2.5574191859
648.3000000000 2.5573629120
648.4000000000 2.5579157417
648.5000000000 2.5578522813
648.6000000000 2.5585707436
648.7000000000 2.5579563826
648.8000000000 2.5576860731
648.9000000000 2.5577985346
649.0000000000 2.5581322828
649.1000000000 2.5562106632
649.2000000000 2.5554710719
649.3000000000 2.5553814199
649.4000000000 2.5556521172
649.5000000000 2.5555827281
649.6000000000 2.5549612584
649.7000000000 2.5538909710
649.8000000000 2.5543272057
649.9000000000 2.5545079657
650.0000000000 2.5544114226
650.1000000000 2.5545223883
650.2000000000 2.5536255597
650.3000000000 2.5541738555
650.4000000000 2.5536826121
650.5000000000 2.5533052655
650.6000000000 2.5539691137
650.7000000000 2.5537448921
650.8000000000 2.5531774008
650.9000000000 2.5529815695
651.0000000000 2.5536158950
651.1000000000 2.5540824659
651.2000000000 2.5542837593
651.3000000000 2.5544794878
651.4000000000 2.5544864768
651.5000000000 2.5543004083
651.6000000000 2.5537181107
651.7000000000 2.5531670567
651.8000000000 2.5517073438
651.9000000000 2.5522201302
652.0000000000 2.5520815769
652.1000000000 2.5520777382
652.2000000000 2.5529537512
652.3000000000 2.5526794854
652.4000000000 2.5526750179
652.5000000000 2.5526276245
652.6000000000 2.5527035331
652.7000000000 2.5526134897
652.8000000000 2.5529177518
652.9000000000 2.5534206551
653.0000000000 2.5536252881
653.1000000000 2.5538980705
653.2000000000 2.5535898431
653.3000000000 2.5541157979
653.4000000000 2.5541724195
653.5000000000 2.5538405225
653.6000000000 2.5547249030
653.7000000000 2.5542410995
653.8000000000 2.5541937612
653.9000000000 2.5547746499
654.0000000000 2.5544166856
654.1000000000 2.5535503882
654.2000000000 2.5539508269
654.3000000000 2.5542805713
654.4000000000 2.5537738709
654.5000000000 2.5538791816
654.6000000000 2.5536566271
654.7000000000 2.5536139185
654.8000000000 2.5536756597
654.9000000000 2.5542054851
655.0000000000 2.5541324137
655.1000000000 2.5535882420
655.2000000000 2.5529827110
655.3000000000 2.5540145855
655.4000000000 2.5544874795
655.5000000000 2.5543638358
655.6000000000 2.5552391809
655.7000000000 2.5556204346
655.8000000000 2.5558865726
655.9000000000 2.5561847226
656.0000000000 2.5569238477
656.1000000000 2.5566015299
656.2000000000 2.5560189911
656.3000000000 2.5563512712
656.4000000000 2.5554664489
656.5000000000 2.5561882369
656.6000000000 2.5561931115
656.7000000000 2.5555927846
656.8000000000 2.5554411344
656.9000000000 2.5559948021
657.0000000000 2.5559616692
657.1000000000 2.5560269232
657.2000000000 2.5568885336
657.3000000000 2.5565357077
657.4000000000 2.5566952580
657.5000000000 2.5560280525
657.6000000000 2.5570083068
657.7000000000 2.5571862851
657.8000000000 2.5563362099
657.9000000000 2.5562858133
658.0000000000 2.5571307988
658.1000000000 2.5579050693
658.2000000000 2.5570081297
658.3000000000 2.5565416182
658.4000000000 2.5567088395
658.5000000000 2.5561511009
658.6000000000 2.5563839555
658.7000000000 2.5560189652
658.8000000000 2.5550289035
658.9000000000 2.5549980520
659.0000000000 2.5552736396
659.1000000000 2.5551340973
659.2000000000 2.5554792069
659.3000000000 2.5545210503
659.4000000000 2.5542719618
659.5000000000 2.5546518805
659.6000000000 2.5563160495
659.7000000000 2.5557350281
659.8000000000 2.5556858593
659.9000000000 2.5554204949
660.0000000000 2.5554594180
660.1000000000 2.5557881286
660.2000000000 2.5556574529
660.3000000000 2.5551165141
660.4000000000 2.5550171849
660.5000000000 2.5550267828
660.6000000000 2.5550577635
660.7000000000 2.5545956427
660.8000000000 2.5549904043
660.9000000000 2.5550307376
661.0000000000 2.5557149591
661.1000000000 2.5558595557
661.2000000000 2.5556584671
661.3000000000 2.5566549463
661.4000000000 2.5567640660
661.5000000000 2.5572099734
661.6000000000 2.5577219221
661.7000000000 2.5582498909
661.8000000000 2.5592353071
661.9000000000 2.5592314200
662.0000000000 2.5606631029
662.1000000000 2.5602529826
662.2000000000 2.5604623900
662.3000000000 2.5602422662
662.4000000000 2.5609439301
662.5000000000 2.5598506995
662.6000000000 2.5604094805
662.7000000000 2.5602245201
662.8000000000 2.5605644475
662.9000000000 2.5605831611
663.0000000000 2.5599834875
663.1000000000 2.5590502297
663.2000000000 2.5582320028
663.3000000000 2.5589674071
663.4000000000 2.5592377037
663.5000000000 2.5597477822
663.6000000000 2.5600225468
663.7000000000 2.5599982347
663.8000000000 2.5606465939
663.9000000000 2.5610162944
664.0000000000 2.5609074938
664.1000000000 2.5602391772
664.2000000000 2.5596592864
664.3000000000 2.5595749568
664.4000000000 2.5585339296
664.5000000000 2.5582199702
664.6000000000 2.5591531655
664.7000000000 2.5588817746
664.8000000000 2.5600142711
664.9000000000 2.5585525628
665.0000000000 2.5590294279
665.1000000000 2.5596463604
665.2000000000 2.5590357248
665.3000000000 2.5591512866
665.4000000000 2.5590475812
665.5000000000 2.5583761975
665.6000000000 2.5593106114
665.7000000000 2.5591036751
665.8000000000 2.5594884764
665.9000000000 2.5595269879
666.0000000000 2.5598449870
666.1000000000 2.5601434702
666.2000000000 2.5599031207
666.3000000000 2.5602897391
666.4000000000 2.5606526220
666.5000000000 2.5609768096
666.6000000000 2.5613880884
666.7000000000 2.5615598878
666.8000000000 2.5612363489
666.9000000000 2.5615073568
667.0000000000 2.5620781743
667.1000000000 2.5613604987
667.2000000000 2.5619191439
667.3000000000 2.5620044454
667.4000000000 2.5617189124
667.5000000000 2.5614621071
667.6000000000 2.5619323268
667.7000000000 2.5612234342
667.8000000000 2.5609093493
667.9000000000 2.5612664674
668.0000000000 2.5619566071
668.1000000000 2.5617241866
668.2000000000 2.5621930494
668.3000000000 2.5628607423
668.4000000000 2.5623498701
668.5000000000 2.5625060988
668.6000000000 2.5619902954
668.7000000000 2.5619317496
668.8000000000 2.5616417537
668.9000000000 2.5609949775
669.0000000000 2.5614876422
669.1000000000 2.5613461502
669.2000000000 2.5615310971
669.3000000000 2.5622298272
669.4000000000 2.5620720365
669.5000000000 2.5626883524
669.6000000000 2.5627389273
669.7000000000 2.5624124424
669.8000000000 2.5620757273
669.9000000000 2.5613174010
670.0000000000 2.5617191153
670.1000000000 2.5617845653
670.2000000000 2.5612881332
670.3000000000 2.5608057311
670.4000000000 2.5615172816
670.5000000000 2.5605089031
670.6000000000 2.5600043281
670.7000000000 2.5592258585
670.8000000000 2.5593282059
670.9000000000 2.5589348753
671.0000000000 2.5592784460
671.1000000000 2.5591919073
671.2000000000 2.5589330060
671.3000000000 2.5591719027
671.4000000000 2.5589237482
671.5000000000 2.5585694456
671.6000000000 2.5582369158
671.7000000000 2.5589523627
671.8000000000 2.5589240358
671.9000000000 2.5594591022
672.0000000000 2.5591500983
672.1000000000 2.5587217079
672.2000000000 2.5583929126
672.3000000000 2.5576619145
672.4000000000 2.5575705568
672.5000000000 2.5570825121
672.6000000000 2.5566133389
672.7000000000 2.5571797358
672.8000000000 2.5572178889
672.9000000000 2.5576749762
673.0000000000 2.5578012895
673.1000000000 2.5571197711
673.2000000000 2.5583823254
673.3000000000 2.5584028826
673.4000000000 2.5589377094
673.5000000000 2.5590002082
673.6000000000 2.5585662801
673.7000000000 2.5587067928
673.8000000000 2.5586697841
673.9000000000 2.5582570506
674.0000000000 2.5583689987
674.1000000000 2.5581343351
674.2000000000 2.5580452023
674.3000000000 2.5585349558
674.4000000000 2.5586664639
674.5000000000 2.5588624726
674.6000000000 2.5593192723
674.7000000000 2.5598463406
674.8000000000 2.5596766609
674.9000000000 2.5597528764
675.0000000000 2.5587565821
675.1000000000 2.5587414603
675.2000000000 2.5585248314
675.3000000000 2.5583089595
675.4000000000 2.5589345905
675.5000000000 2.5582871000
675.6000000000 2.5587689599
675.7000000000 2.5587077961
675.8000000000 2.5578560874
675.9000000000 2.5579100825
676.0000000000 2.5582944684
676.1000000000 2.5587931128
676.2000000000 2.5582583934
676.3000000000 2.5580246788
676.4000000000 2.5572921145
676.5000000000 2.5574260279
676.6000000000 2.5577097948
676.7000000000 2.5573802011
676.8000000000 2.5581521967
676.9000000000 2.5584646265
677.0000000000 2.5584504118
677.1000000000 2.5584928424
677.2000000000 2.5582811356
677.3000000000 2.5577372812
677.4000000000 2.5568538383
677.5000000000 2.5570141036
677.6000000000 2.5572443266
677.7000000000 2.5564049701
677.8000000000 2.5559848187
677.9000000000 2.5561304680
678.0000000000 2.5573087181
678.1000000000 2.5587431235
678.2000000000 2.5592733723
678.3000000000 2.5586860727
678.4000000000 2.5584934423
678.5000000000 2.5584319924
678.6000000000 2.5588118660
678.7000000000 2.5586130221
678.8000000000 2.5588526587
678.9000000000 2.5586558967
679.0000000000 2.5578159350
679.1000000000 2.5569928637
679.2000000000 2.5579618652
679.3000000000 2.5578943506
679.4000000000 2.5579838494
679.5000000000 2.5585969110
679.6000000000 2.5584756001
679.7000000000 2.5582890931
679.8000000000 2.5581647679
679.9000000000 2.5574564207
680.0000000000 2.5573537129
680.1000000000 2.5570871443
680.2000000000 2.5562157698
680.3000000000 2.5568895209
680.4000000000 2.5567179345
680.5000000000 2.5561365068
680.6000000000 2.5554525742
680.7000000000 2.5564979029
680.8000000000 2.5559613924
680.9000000000 2.5558561761
681.0000000000 2.5554793167
681.1000000000 2.5552288532
681.2000000000 2.5549682104
681.3000000000 2.5543059068
681.4000000000 2.5556132311
681.5000000000 2.5543613540
681.6000000000 2.5551555976
681.7000000000 2.5546614644
681.8000000000 2.5550714872
681.9000000000 2.5548553934
682.0000000000 2.5550590251
682.1000000000 2.5549315687
682.2000000000 2.5548245229
682.3000000000 2.5544171690
682.4000000000 2.5542355967
682.5000000000 2.5545279643
682.6000000000 2.5545972334
682.7000000000 2.5536308706
682.8000000000 2.5537219542
682.9000000000 2.5540256104
683.0000000000 2.5536176189
683.1000000000 2.5542584439
683.2000000000 2.5551637150
683.3000000000 2.5555418257
683.4000000000 2.5544635202
683.5000000000 2.5545244567
683.6000000000 2.5550691032
683.7000000000 2.5546384296
683.8000000000 2.5551135664
683.9000000000 2.5556865040
684.0000000000 2.5558642588
684.1000000000 2.5557737454
684.2000000000 2.5560401109
684.3000000000 2.5555866250
684.4000000000 2.5547714452
684.5000000000 2.5548814135
684.6000000000 2.5545021912
684.7000000000 2.5548626381
684.8000000000 2.5539796873
684.9000000000 2.5534920868
685.0000000000 2.5533716960
685.1000000000 2.5536063630
685.2000000000 2.5534201857
685.3000000000 2.5533378713
685.4000000000 2.5541121415
685.5000000000 2.5546566977
685.6000000000 2.5539787975
685.7000000000 2.5530154779
685.8000000000 2.5529743300
685.9000000000 2.5530780147
686.0000000000 2.5527834983
686.1000000000 2.5533512605
686.2000000000 2.5534592123
686.3000000000 2.5539107078
686.4000000000 2.5539181037
686.5000000000 2.5543521453
686.6000000000 2.5542987038
686.7000000000 2.5542285192
686.8000000000 2.5544442249
686.9000000000 2.5546789737
687.0000000000 2.5540235145
687.1000000000 2.5556544731
687.2000000000 2.5558524915
687.3000000000 2.5561269672
687.4000000000 2.5557956485
687.5000000000 2.5554239369
687.6000000000 2.5559592738
687.7000000000 2.5557942859
687.8000000000 2.5557996686
687.9000000000 2.5563468841
688.0000000000 2.5567045288
688.1000000000 2.5563133772
688.2000000000 2.5569812456
688.3000000000 2.5565444816
688.4000000000 2.5571870023
688.5000000000 2.5570360974
688.6000000000 2.5577868100
688.7000000000 2.5581211159
688.8000000000 2.5578057639
688.9000000000 2.5571053539
689.0000000000 2.5567836731
689.1000000000 2.5574747984
689.2000000000 2.5564140783
689.3000000000 2.5569062951
689.4000000000 2.5569728048
689.5000000000 2.5570260960
689.6000000000 2.5567094048
689.7000000000 2.5568320475
689.8000000000 2.5573293391
689.9000000000 2.5576198489
690.0000000000 2.5587243759
690.1000000000 2.5587539585
690.2000000000 2.5582076156
690.3000000000 2.5576226055
690.4000000000 2.5571510657
690.5000000000 2.5573480146
690.6000000000 2.5575746868
690.7000000000 2.5578631228
690.8000000000 2.5576958557
690.9000000000 2.5579935910
691.0000000000 2.5584990773
691.1000000000 2.5580912895
691.2000000000 2.5579121572
691.3000000000 2.5581790436
691.4000000000 2.5579673946
691.5000000000 2.5572961656
691.6000000000 2.5569428069
691.7000000000 2.5568442048
691.8000000000 2.5564967302
691.9000000000 2.5562396793
692.0000000000 2.5559063051
692.1000000000 2.5569134390
692.2000000000 2.5570654417
692.3000000000 2.5572926393
692.4000000000 2.5563746460
692.5000000000 2.5566989872
692.6000000000 2.5573088800
692.7000000000 2.5568992009
692.8000000000 2.5566814972
692.9000000000 2.5565583301
693.0000000000 2.5560106832
693.1000000000 2.5558688835
693.2000000000 2.5553049967
693.3000000000 2.5552285902
693.4000000000 2.5554352076
693.5000000000 2.5554993618
693.6000000000 2.5546870586
693.7000000000 2.5561416954
693.8000000000 2.5557816446
693.9000000000 2.5560063034
694.0000000000 2.5560131318
694.1000000000 2.5554309739
694.2000000000 2.5548637116
694.3000000000 2.5541583786
694.4000000000 2.5537294747
694.5000000000 2.5533690190
694.6000000000 2.5532261165
694.7000000000 2.5538999034
694.8000000000 2.5541001076
694.9000000000 2.5546085383
695.0000000000 2.5555319506
695.1000000000 2.5562476074
695.2000000000 2.5566575429
695.3000000000 2.5555506941
695.4000000000 2.5560931301
695.5000000000 2.5567127577
695.6000000000 2.5570217633
695.7000000000 2.5562717917
695.8000000000 2.5563554309
695.9000000000 2.5567341420
696.0000000000 2.5567756940
696.1000000000 2.5560652537
696.2000000000 2.5572066949
696.3000000000 2.5582752905
696.4000000000 2.5580477890
696.5000000000 2.5577382690
696.6000000000 2.5576412326
696.7000000000 2.5584648720
696.8000000000 2.5583958767
696.9000000000 2.5584899935
697.0000000000 2.5577963241
697.1000000000 2.5579867796
697.2000000000 2.5579194238
697.3000000000 2.5595401129
697.4000000000 2.5586390895
697.5000000000 2.5581345388
697.6000000000 2.5587835096
697.7000000000 2.5587163081
697.8000000000 2.5580998771
697.9000000000 2.5576636408
698.0000000000 2.5570940975
698.1000000000 2.5574573787
698.2000000000 2.5578703341
698.3000000000 2.5573834372
698.4000000000 2.5568044656
698.5000000000 2.5569203992
698.6000000000 2.5572807621
698.7000000000 2.5582225388
698.8000000000 2.5583859638
698.9000000000 2.5584412330
699.0000000000 2.5578745318
699.1000000000 2.5575495684
699.2000000000 2.5577987507
699.3000000000 2.5593604618
699.4000000000 2.5596210206
699.5000000000 2.5584552648
699.6000000000 2.5598717720
699.7000000000 2.5605463185
699.8000000000 2.5593292814
699.9000000000 2.5593233899
700.0000000000 2.5598356663
700.1000000000 2.5597180998
700.2000000000 2.5595637862
700.3000000000 2.5597081391
700.4000000000 2.5593581625
700.5000000000 2.5600123780
700.6000000000 2.5602915432
700.7000000000 2.5601439800
700.8000000000 2.5596937122
700.9000000000 2.5596390090
701.0000000000 2.5590544361
701.1000000000 2.5594017509
701.2000000000 2.5598221888
701.3000000000 2.5590881269
701.4000000000 2.5584079096
701.5000000000 2.5580421148
701.6000000000 2.5580902593
701.7000000000 2.5591790568
701.8000000000 2.5588254095
701.9000000000 2.5576904135
702.0000000000 2.5581645974
702.1000000000 2.5591304486
702.2000000000 2.5587291517
702.3000000000 2.5584675153
702.4000000000 2.5587511950
702.5000000000 2.5590135677
702.6000000000 2.5581259591
702.7000000000 2.5577560954
702.8000000000 2.5579435468
702.9000000000 2.5581710146
703.0000000000 2.5579831402
703.1000000000 2.5577384114
703.2000000000 2.5581551055
703.3000000000 2.5584253843
703.4000000000 2.5588304365
703.5000000000 2.5577669915
703.6000000000 2.5583779102
703.7000000000 2.5589521858
703.8000000000 2.5585654028
703.9000000000 2.5588871501
704.0000000000 2.5593541590
704.1000000000 2.5598604212
704.2000000000 2.5596725889
704.3000000000 2.5597642382
704.4000000000 2.5589565791
704.5000000000 2.5589713556
704.6000000000 2.5590635277
704.7000000000 2.5586383196
704.8000000000 2.5586128514
704.9000000000 2.5592852772
705.0000000000 2.5589054981
705.1000000000 2.5592860925
705.2000000000 2.5589328518
705.3000000000 2.5588353590
705.4000000000 2.5587963386
705.5000000000 2.5589676005
705.6000000000 2.5590487439
705.7000000000 2.5596835156
705.8000000000 2.5605253746
705.9000000000 2.5604540706
706.0000000000 2.5602359547
706.1000000000 2.5611522906
706.2000000000 2.5614984629
706.3000000000 2.5609270002
706.4000000000 2.5609337656
706.5000000000 2.5604858718
706.6000000000 2.5601522740
706.7000000000 2.5602583361
706.8000000000 2.5609854629
706.9000000000 2.5599283317
707.0000000000 2.5603632950
707.1000000000 2.5602711749
707.2000000000 2.5603870561
707.3000000000 2.5608791244
707.4000000000 2.5604577514
707.5000000000 2.5609127596
707.6000000000 2.5616621090
707.7000000000 2.5624175390
707.8000000000 2.5630439974
707.9000000000 2.5639879425
708.0000000000 2.5636472207
708.1000000000 2.5634733458
708.2000000000 2.5636020222
708.3000000000 2.5628191491
708.4000000000 2.5621835865
708.5000000000 2.5620933442
708.6000000000 2.5615034114
708.7000000000 2.5622764476
708.8000000000 2.5620253713
708.9000000000 2.5621603375
709.0000000000 2.5622627581
709.1000000000 2.5620047154
709.2000000000 2.5614544382
709.3000000000 2.5616249673
709.4000000000 2.5620579255
709.5000000000 2.5621641904
709.6000000000 2.5627653247
709.7000000000 2.5625766578
709.8000000000 2.5623930171
709.9000000000 2.5632604249
710.0000000000 2.5620687382
710.1000000000 2.5626969684
710.2000000000 2.5632179322
710.3000000000 2.5619322321
710.4000000000 2.5622944545
710.5000000000 2.5623892429
710.6000000000 2.5630132757
710.7000000000 2.5634295327
710.8000000000 2.5642295718
710.9000000000 2.5643645532
711.0000000000 2.5639808863
711.1000000000 2.5636270301
711.2000000000 2.5632335267
711.3000000000 2.5628653530
711.4000000000 2.5626279985
711.5000000000 2.5631561797
711.6000000000 2.5622440885
711.7000000000 2.5623503327
711.8000000000 2.5622965624
711.9000000000 2.5625884015
712.0000000000 2.5624909570
712.1000000000 2.5624425475
712.2000000000 2.5621715625
712.3000000000 2.5611996670
712.4000000000 2.5604197938
712.5000000000 2.5607136719
712.6000000000 2.5610724921
712.7000000000 2.5611609177
712.8000000000 2.5604027101
712.9000000000 2.5605974915
713.0000000000 2.5605108638
713.1000000000 2.5606171975
713.2000000000 2.5601476732
713.3000000000 2.5609110254
713.4000000000 2.5618067494
713.5000000000 2.5623365583
713.6000000000 2.5617395365
713.7000000000 2.5625307961
713.8000000000 2.5616560701
713.9000000000 2.5616560868
714.0000000000 2.5623637658
714.1000000000 2.5627515542
714.2000000000 2.5636411614
714.3000000000 2.5628573333
714.4000000000 2.5622962559
714.5000000000 2.5629482213
714.6000000000 2.5623796884
714.7000000000 2.5618427902
714.8000000000 2.5614845041
714.9000000000 2.5612070417
715.0000000000 2.5617151615
715.1000000000 2.5625519720
715.2000000000 2.5627640256
715.3000000000 2.5627384898
715.4000000000 2.5623168424
715.5000000000 2.5624048221
715.6000000000 2.5622653626
715.7000000000 2.5619602427
715.8000000000 2.5625749485
715.9000000000 2.5623449200
716.0000000000 2.5613754171
716.1000000000 2.5613079501
716.2000000000 2.5616361855
716.3000000000 2.5616985148
716.4000000000 2.5616423305
716.5000000000 2.5622284297
716.6000000000 2.5620365210
716.7000000000 2.5620897264
716.8000000000 2.5632138022
716.9000000000 2.5628215110
717.0000000000 2.5626235171
717.1000000000 2.5633583840
717.2000000000 2.5625747551
717.3000000000 2.5626529692
717.4000000000 2.5620440622
717.5000000000 2.5624185976
717.6000000000 2.5625425163
717.7000000000 2.5613583942
717.8000000000 2.5614176275
717.9000000000 2.5610730739
718.0000000000 2.5615211366
718.1000000000 2.5614073134
718.2000000000 2.5623788621
718.3000000000 2.5621304821
718.4000000000 2.5616925688
718.5000000000 2.5609134321
718.6000000000 2.5606426157
718.7000000000 2.5604693907
718.8000000000 2.5602411320
718.9000000000 2.5595483348
719.0000000000 2.5593677759
719.1000000000 2.5593489135
719.2000000000 2.5593249412
719.3000000000 2.5595488278
719.4000000000 2.5599887197
719.5000000000 2.5599075482
719.6000000000 2.5611443339
719.7000000000 2.5612609429
719.8000000000 2.5615206914
719.9000000000 2.5607427735
720.0000000000 2.5603494283
720.1000000000 2.5611011795
720.2000000000 2.5614312714
720.3000000000 2.5616419517
720.4000000000 2.5616147587
720.5000000000 2.5609636751
720.6000000000 2.5604346853
720.7000000000 2.5595410776
720.8000000000 2.5602167645
720.9000000000 2.5598156866
721.0000000000 2.5607090476
721.1000000000 2.5602178373
721.2000000000 2.5606524962
721.3000000000 2.5600757757
721.4000000000 2.5604394443
721.5000000000 2.5596891965
721.6000000000 2.5595592596
721.7000000000 2.5593722246
721.8000000000 2.5591567894
721.9000000000 2.5597080741
722.0000000000 2.5593427842
722.1000000000 2.5589684352
722.2000000000 2.5594855875
722.3000000000 2.5596799367
722.4000000000 2.5606893893
722.5000000000 2.5605706695
722.6000000000 2.5601266591
722.7000000000 2.5599976279
722.8000000000 2.5603086695
722.9000000000 2.5604565522
723.0000000000 2.5595059795
723.1000000000 2.5596599903
723.2000000000 2.5593621592
723.3000000000 2.5588135688
723.4000000000 2.5593648797
723.5000000000 2.5594093281
723.6000000000 2.5594336925
723.7000000000 2.5595534782
723.8000000000 2.5589009142
723.9000000000 2.5587185049
724.0000000000 2.5594556408
724.1000000000 2.5586465299
724.2000000000 2.5590029837
724.3000000000 2.5583303662
724.4000000000 2.5584589788
724.5000000000 2.5584915886
724.6000000000 2.5586550828
724.7000000000 2.5589560858
724.8000000000 2.5589183787
724.9000000000 2.5587582314
725.0000000000 2.5588661119
725.1000000000 2.5582987990
725.2000000000 2.5583833656
725.3000000000 2.5588081382
725.4000000000 2.5584059246
725.5000000000 2.5575725077
725.6000000000 2.5577908169
725.7000000000 2.5581804856
725.8000000000 2.5578733419
725.9000000000 2.5578503193
726.0000000000 2.5579579877
726.1000000000 2.5581069037
726.2000000000 2.5582012704
726.3000000000 2.5579899138
726.4000000000 2.5584098479
726.5000000000 2.5581299795
726.6000000000 2.5584964875
726.7000000000 2.5590535204
726.8000000000 2.5594637630
726.9000000000 2.5589793073
727.0000000000 2.5590585802
727.1000000000 2.5584146932
727.2000000000 2.5580539312
727.3000000000 2.5586830663
727.4000000000 2.5577740003
727.5000000000 2.5583826855
727.6000000000 2.5576896387
727.7000000000 2.5590686021
727.8000000000 2.5592559865
727.9000000000 2.5593871756
728.0000000000 2.5583776193
728.1000000000 2.5582420415
728.2000000000 2.5581104206
728.3000000000 2.5576013447
728.4000000000 2.5576539259
728.5000000000 2.5582722392
728.6000000000 2.5581772504
728.7000000000 2.5576223324
728.8000000000 2.5575767427
728.9000000000 2.5576946565
729.0000000000 2.5567848699
729.1000000000 2.5566127139
729.2000000000 2.5565133132
729.3000000000 2.5572290417
729.4000000000 2.5571552259
729.5000000000 2.5580164700
729.6000000000 2.5575294127
729.7000000000 2.5575369033
729.8000000000 2.5571712761
729.9000000000 2.5566861763
730.0000000000 2.5567485950
730.1000000000 2.5570791469
730.2000000000 2.5571099456
730.3000000000 2.5576311187
730.4000000000 2.5571247149
730.5000000000 2.5568735550
730.6000000000 2.5567843933
730.7000000000 2.5574225626
730.8000000000 2.5570391821
730.9000000000 2.5568173121
731.0000000000 2.5573586442
731.1000000000 2.5576005142
731.2000000000 2.5575902309
731.3000000000 2.5576709731
731.4000000000 2.5581614272
731.5000000000 2.5573888521
731.6000000000 2.5570533517
731.7000000000 2.5570925513
731.8000000000 2.5566828685
731.9000000000 2.5565728502
732.0000000000 2.5560463443
732.1000000000 2.5560107011
732.2000000000 2.5560521891
732.3000000000 2.5565750990
732.4000000000 2.5563176536
732.5000000000 2.5570213705
732.6000000000 2.5574239478
732.7000000000 2.5574603528
732.8000000000 2.5565022839
732.9000000000 2.5561213049
733.0000000000 2.5573282582
733.1000000000 2.5569749009
733.2000000000 2.5579776784
733.3000000000 2.5576894980
733.4000000000 2.5577348543
733.5000000000 2.5570753362
733.6000000000 2.5570370635
733.7000000000 2.5568968150
733.8000000000 2.5565048723
733.9000000000 2.5559283740
734.0000000000 2.5566363123
734.1000000000 2.5572899431
734.2000000000 2.5572341069
734.3000000000 2.5566845997
734.4000000000 2.5572455699
734.5000000000 2.5577688993
734.6000000000 2.5581678607
734.7000000000 2.5569739497
734.8000000000 2.5568475536
734.9000000000 2.5563909067
735.0000000000 2.5553866447
735.1000000000 2.5550741852
735.2000000000 2.5552322226
735.3000000000 2.5550634945
735.4000000000 2.5541190733
735.5000000000 2.5548574124
735.6000000000 2.5552213035
735.7000000000 2.5551306342
735.8000000000 2.5551102895
735.9000000000 2.5551686393
736.0000000000 2.5554017711
736.1000000000 2.5547507677
736.2000000000 2.5552218456
736.3000000000 2.5548449636
736.4000000000 2.5551212444
736.5000000000 2.5548134250
736.6000000000 2.5548158945
736.7000000000 2.5539643089
736.8000000000 2.5542780480
736.9000000000 2.5542992240
737.0000000000 2.5548508904
737.1000000000 2.5552447216
737.2000000000 2.5563061364
737.3000000000 2.5566250581
737.4000000000 2.5560890434
737.5000000000 2.5558622803
737.6000000000 2.5560752975
737.7000000000 2.5558656990
737.8000000000 2.5563007122
737.9000000000 2.5555951736
738.0000000000 2.5548879992
738.1000000000 2.5546047885
738.2000000000 2.5553232006
738.3000000000 2.5549332819
738.4000000000 2.5544991737
738.5000000000 2.5551491266
738.6000000000 2.5549618874
738.7000000000 2.5545832708
738.8000000000 2.5543679923
738.9000000000 2.5538287215
739.0000000000 2.5541433128
739.1000000000 2.5540794059
739.2000000000 2.5538251108
739.3000000000 2.5537917903
739.4000000000 2.5535179086
739.5000000000 2.5531851932
739.6000000000 2.5532103035
739.7000000000 2.5528402246
739.8000000000 2.5531429163
739.9000000000 2.5533158451
740.0000000000 2.5537938139
740.1000000000 2.5546381824
740.2000000000 2.5538303705
740.3000000000 2.5552298488
740.4000000000 2.5553814390
740.5000000000 2.5553997473
740.6000000000 2.5553799715
740.7000000000 2.5550539872
740.8000000000 2.5550289973
740.9000000000 2.5546117585
741.0000000000 2.5544544179
741.1000000000 2.5538413650
741.2000000000 2.5541843445
741.3000000000 2.5544344474
741.4000000000 2.5532799658
741.5000000000 2.5533416276
741.6000000000 2.5537533753
741.7000000000 2.5539111393
741.8000000000 2.5539553403
741.9000000000 2.5544327535
742.0000000000 2.5544498687
742.1000000000 2.5546239194
742.2000000000 2.5547693604
742.3000000000 2.5555374972
742.4000000000 2.5551444070
742.5000000000 2.5542954039
742.6000000000 2.5545512185
742.7000000000 2.5546365209
742.8000000000 2.5552211768
742.9000000000 2.5541447653
743.0000000000 2.5547520775
743.1000000000 2.5554030416
743.2000000000 2.5558754851
743.3000000000 2.5566649661
743.4000000000 2.5564460545
743.5000000000 2.5563743744
743.6000000000 2.5568494667
743.7000000000 2.5567435190
743.8000000000 2.5565054913
743.9000000000 2.5563565508
744.0000000000 2.5556287465
744.1000000000 2.5556398703
744.2000000000 2.5554049884
744.3000000000 2.5556700287
744.4000000000 2.5548743777
744.5000000000 2.5544905270
744.6000000000 2.5543696153
744.7000000000 2.5542742188
744.8000000000 2.5551382888
744.9000000000 2.5553985942
745.0000000000 2.5553786261
745.1000000000 2.5557437469
745.2000000000 2.5557065807
745.3000000000 2.5553213172
745.4000000000 2.5551001072
745.5000000000 2.5558055446
745.6000000000 2.5569047063
745.7000000000 2.5557855780
745.8000000000 2.5560010824
745.9000000000 2.5564356983
746.0000000000 2.5563137537
746.1000000000 2.5561691554
746.2000000000 2.5551741720
746.3000000000 2.5556806854
746.4000000000 2.5551423951
746.5000000000 2.5546218851
746.6000000000 2.5541948987
746.7000000000 2.5542822601
746.8000000000 2.5544073153
746.9000000000 2.5543626833
747.0000000000 2.5545378221
747.1000000000 2.5539289028
747.2000000000 2.5546781076
747.3000000000 2.5545266988
747.4000000000 2.5552073069
747.5000000000 2.5553367446
747.6000000000 2.5559205446
747.7000000000 2.5553055608
747.8000000000 2.5557240999
747.9000000000 2.5554041711
748.0000000000 2.5546479739
748.1000000000 2.5547250330
748.2000000000 2.5546981804
748.3000000000 2.5537877873
748.4000000000 2.5531331297
748.5000000000 2.5524693663
748.6000000000 2.5532257458
748.7000000000 2.5540079241
748.8000000000 2.5539965178
748.9000000000 2.5546570558
749.0000000000 2.5540394226
749.1000000000 2.5528049125
749.2000000000 2.5529813952
749.3000000000 2.5532521174
749.4000000000 2.5528134534
749.5000000000 2.5534950849
749.6000000000 2.5532241249
749.7000000000 2.5530281957
749.8000000000 2.5547659306
749.9000000000 2.5545095248
750.0000000000 2.5543531617
750.1000000000 2.5548217844
750.2000000000 2.5554063493
750.3000000000 2.5554324293
750.4000000000 2.5542486261
750.5000000000 2.5538873035
750.6000000000 2.5542371734
750.7000000000 2.5542231101
750.8000000000 2.5540170702
750.9000000000 2.5535962474
751.0000000000 2.5539696125
751.1000000000 2.5532211881
751.2000000000 2.5529941697
751.3000000000 2.5532725846
751.4000000000 2.5527401336
751.5000000000 2.5520354285
751.6000000000 2.5524129139
751.7000000000 2.5524068801
751.8000000000 2.5509861135
751.9000000000 2.5522381246
752.0000000000 2.5523457561
752.1000000000 2.5524314662
752.2000000000 2.5518784112
752.3000000000 2.5521885572
752.4000000000 2.5516744843
752.5000000000 2.5515049760
752.6000000000 2.5510003846
752.7000000000 2.5504070199
752.8000000000 2.5499901821
752.9000000000 2.5501315986
753.0000000000 2.5503380857
753.1000000000 2.5504400923
753.2000000000 2.5505612684
753.3000000000 2.5503607127
753.4000000000 2.5506562328
753.5000000000 2.5504886341
753.6000000000 2.5505881272
753.7000000000 2.5512475040
753.8000000000 2.5510938701
753.9000000000 2.5511812673
754.0000000000 2.5526396873
754.1000000000 2.5516308996
754.2000000000 2.5509360754
754.3000000000 2.5507616223
754.4000000000 2.5507271146
754.5000000000 2.5505052723
754.6000000000 2.5505447058
754.7000000000 2.5513141688
754.8000000000 2.5510937105
754.9000000000 2.5510635241
755.0000000000 2.5506560912
755.1000000000 2.5511777957
755.2000000000 2.5510995585
755.3000000000 2.5518203817
755.4000000000 2.5514430912
755.5000000000 2.5513611688
755.6000000000 2.5515139847
755.7000000000 2.5512840129
755.8000000000 2.5508918630
755.9000000000 2.5507935802
756.0000000000 2.5512429553
756.1000000000 2.5513577970
756.2000000000 2.5502366391
756.3000000000 2.5504489015
756.4000000000 2.5506626907
756.5000000000 2.5513101860
756.6000000000 2.5509504070
756.7000000000 2.5508380084
756.8000000000 2.5518302984
756.9000000000 2.5516409511
757.0000000000 2.5517905774
757.1000000000 2.5503189621
757.2000000000 2.5505337660
757.3000000000 2.5511139228
757.4000000000 2.5509435516
757.5000000000 2.5506862125
757.6000000000 2.5504384899
757.7000000000 2.5505880428
757.8000000000 2.5509747797
757.9000000000 2.5506476781
758.0000000000 2.5503353550
758.1000000000 2.5496156812
758.2000000000 2.5496088899
758.3000000000 2.5499945806
758.4000000000 2.5497769324
758.5000000000 2.5493354288
758.6000000000 2.5490508017
758.7000000000 2.5488422816
758.8000000000 2.5494442862
758.9000000000 2.5492762951
759.0000000000 2.5488780353
759.1000000000 2.5487833883
759.2000000000 2.5487306099
759.3000000000 2.5488996758
759.4000000000 2.5484755615
759.5000000000 2.5489811003
759.6000000000 2.5491579698
759.7000000000 2.5507381294
759.8000000000 2.5507807481
759.9000000000 2.5499213843
760.0000000000 2.5505996210
760.1000000000 2.5499783621
760.2000000000 2.5501478129
760.3000000000 2.5496125880
760.4000000000 2.5492788862
760.5000000000 2.5490066737
760.6000000000 2.5489518798
760.7000000000 2.5485327320
760.8000000000 2.5486305043
760.9000000000 2.5482295367
761.0000000000 2.5482196172
761.1000000000 2.5493240194
761.2000000000 2.5501854526
761.3000000000 2.5500573505
761.4000000000 2.5504136328
761.5000000000 2.5512813964
761.6000000000 2.5513061099
761.7000000000 2.5515058776
761.8000000000 2.5515494150
761.9000000000 2.5522773461
762.0000000000 2.5517469347
762.1000000000 2.5523060612
762.2000000000 2.5518988690
762.3000000000 2.5518014668
762.4000000000 2.5521302933
762.5000000000 2.5523803804
762.6000000000 2.5525198455
762.7000000000 2.5516941581
762.8000000000 2.5522886684
762.9000000000 2.5524775400
763.0000000000 2.5521666013
763.1000000000 2.5517777485
763.2000000000 2.5519891488
763.3000000000 2.5518714771
763.4000000000 2.5519751706
763.5000000000 2.5524473195
763.6000000000 2.5526329992
763.7000000000 2.5522698226
763.8000000000 2.5538625516
763.9000000000 2.5540563662
764.0000000000 2.5552708598
764.1000000000 2.5540966189
764.2000000000 2.5552589345
764.3000000000 2.5542798878
764.4000000000 2.5537796447
764.5000000000 2.5528611235
764.6000000000 2.5534703041
764.7000000000 2.5536331728
764.8000000000 2.5534155542
764.9000000000 2.5535918652
765.0000000000 2.5528249845
765.1000000000 2.5522685198
765.2000000000 2.5533499218
765.3000000000 2.5532699027
765.4000000000 2.5543503045
765.5000000000 2.5539223802
765.6000000000 2.5533244101
765.7000000000 2.5530171265
765.8000000000 2.5532409185
765.9000000000 2.5529776414
766.0000000000 2.5529051569
766.1000000000 2.5524450226
766.2000000000 2.5521379735
766.3000000000 2.5523957139
766.4000000000 2.5527266933
766.5000000000 2.5524860531
766.6000000000 2.5527259034
766.7000000000 2.5529648492
766.8000000000 2.5528867764
766.9000000000 2.5531993792
767.0000000000 2.5532977561
767.1000000000 2.5525161066
767.2000000000 2.5531874145
767.3000000000 2.5526821168
767.4000000000 2.5528522697
767.5000000000 2.5526268247
767.6000000000 2.5528229870
767.7000000000 2.5520268064
767.8000000000 2.5525116165
767.9000000000 2.5527773766
768.0000000000 2.5524495279
768.1000000000 2.5527355003
768.2000000000 2.5537359308
768.3000000000 2.5532528129
768.4000000000 2.5534075008
768.5000000000 2.5527133195
768.6000000000 2.5527176066
768.7000000000 2.5520337163
768.8000000000 2.5528053971
768.9000000000 2.5532816978
769.0000000000 2.5530402834
769.1000000000 2.5533906581
769.2000000000 2.5532672116
769.3000000000 2.5534864163
769.4000000000 2.5525278004
769.5000000000 2.5529560275
769.6000000000 2.5525041239
769.7000000000 2.5520502912
769.8000000000 2.5517984738
769.9000000000 2.5515492095
770.0000000000 2.5520860270
770.1000000000 2.5519983753
770.2000000000 2.5528739504
770.3000000000 2.5533282176
770.4000000000 2.5528569685
770.5000000000 2.5522594690
770.6000000000 2.5527267647
770.7000000000 2.5526775943
770.8000000000 2.5519887065
770.9000000000 2.5525836136
771.0000000000 2.5531602916
771.1000000000 2.5534075453
771.2000000000 2.5534888695
771.3000000000 2.5532265456
771.4000000000 2.5533585401
771.5000000000 2.5540058341
771.6000000000 2.5540558757
771.7000000000 2.5541230388
771.8000000000 2.5547149853
771.9000000000 2.5548425913
772.0000000000 2.5544690246
772.1000000000 2.5548987517
772.2000000000 2.5554500531
772.3000000000 2.5546759606
772.4000000000 2.5548264608
772.5000000000 2.5548257320
772.6000000000 2.5557886153
772.7000000000 2.5560404110
772.8000000000 2.5556520740
772.9000000000 2.5549494437
773.0000000000 2.5540568542
773.1000000000 2.5550284902
773.2000000000 2.5554976183
773.3000000000 2.5549118699
773.4000000000 2.5537889007
773.5000000000 2.5545946201
773.6000000000 2.5542857144
773.7000000000 2.5537133357
773.8000000000 2.5533320072
773.9000000000 2.5536347239
774.0000000000 2.5531553543
774.1000000000 2.5530279785
774.2000000000 2.5528408953
774.3000000000 2.5529794014
774.4000000000 2.5528485532
774.5000000000 2.5525843887
774.6000000000 2.5534539118
774.7000000000 2.5531764151
774.8000000000 2.5533199083
774.9000000000 2.5529808020
775.0000000000 2.5537891447
775.1000000000 2.5541221520
775.2000000000 2.5543279478
775.3000000000 2.5540892885
775.4000000000 2.5541728011
775.5000000000 2.5544201120
775.6000000000 2.5549552897
775.7000000000 2.5552766074
775.8000000000 2.5548507175
775.9000000000 2.5547163256
776.0000000000 2.5535801612
776.1000000000 2.5545602115
776.2000000000 2.5541342827
776.3000000000 2.5538684043
776.4000000000 2.5542092776
776.5000000000 2.5547816962
776.6000000000 2.5550908293
776.7000000000 2.5547156101
776.8000000000 2.5550169113
776.9000000000 2.5546595010
777.0000000000 2.5555273557
777.1000000000 2.5556150188
777.2000000000 2.5556506800
777.3000000000 2.5549840054
777.4000000000 2.5547277229
777.5000000000 2.5544172493
777.6000000000 2.5546943407
777.7000000000 2.5544782378
777.8000000000 2.5546162076
777.9000000000 2.5539299762
778.0000000000 2.5541683786
778.1000000000 2.5545863264
778.2000000000 2.5540375351
778.3000000000 2.5545099506
778.4000000000 2.5545173828
778.5000000000 2.5546873628
778.6000000000 2.5553447343
778.7000000000 2.5559745561
778.8000000000 2.5556480213
778.9000000000 2.5549481039
779.0000000000 2.5555263893
779.1000000000 2.5554645957
779.2000000000 2.5550463674
779.3000000000 2.5548305247
779.4000000000 2.5553306929
779.5000000000 2.5557067037
779.6000000000 2.5559418719
779.7000000000 2.5558276306
779.8000000000 2.5558696945
779.9000000000 2.5557369395
780.0000000000 2.5550145690
780.1000000000 2.5547501989
780.2000000000 2.5552943814
780.3000000000 2.5557809800
780.4000000000 2.5559588676
780.5000000000 2.5560562192
780.6000000000 2.5560735339
780.7000000000 2.5559574525
780.8000000000 2.5561410987
780.9000000000 2.5565209376
781.0000000000 2.5564428226
781.1000000000 2.5568157548
781.2000000000 2.5568232605
781.3000000000 2.5575359885
781.4000000000 2.5569427162
781.5000000000 2.5563166013
781.6000000000 2.5560016449
781.7000000000 2.5564952389
781.8000000000 2.5562887360
781.9000000000 2.5559813020
782.0000000000 2.5554741139
782.1000000000 2.5555469654
782.2000000000 2.5555454393
782.3000000000 2.5555872713
782.4000000000 2.5555547445
782.5000000000 2.5551459231
782.6000000000 2.5553725567
782.7000000000 2.5553999838
782.8000000000 2.5557742263
782.9000000000 2.5555017750
783.0000000000 2.5553730498
783.1000000000 2.5555677909
783.2000000000 2.5550895969
783.3000000000 2.5549411447
783.4000000000 2.5543296266
783.5000000000 2.5546880999
783.6000000000 2.5537124867
783.7000000000 2.5527491481
783.8000000000 2.5524384349
783.9000000000 2.5522555454
784.0000000000 2.5517495068
784.1000000000 2.5521781084
784.2000000000 2.5518059968
784.3000000000 2.5526545039
784.4000000000 2.5524930863
784.5000000000 2.5524766583
784.6000000000 2.5520274420
784.7000000000 2.5514532911
784.8000000000 2.5517928464
784.9000000000 2.5509677713
785.0000000000 2.5511760526
785.1000000000 2.5517521648
785.2000000000 2.5514880396
785.3000000000 2.5506249528
785.4000000000 2.5507506150
785.5000000000 2.5508958860
785.6000000000 2.5507899025
785.7000000000 2.5501311089
785.8000000000 2.5487555930
785.9000000000 2.5479338698
786.0000000000 2.5472771456
786.1000000000 2.5472121971
786.2000000000 2.5477495713
786.3000000000 2.5474302694
786.4000000000 2.5479061043
786.5000000000 2.5470865799
786.6000000000 2.5459457756
786.7000000000 2.5465157917
786.8000000000 2.5462301486
786.9000000000 2.5463232023
787.0000000000 2.5473944973
787.1000000000 2.5474291797
787.2000000000 2.5480303902
787.3000000000 2.5485689807
787.4000000000 2.5480730116
787.5000000000 2.5481950130
787.6000000000 2.5481720480
787.7000000000 2.5477344984
787.8000000000 2.5477678022
787.9000000000 2.5481903091
788.0000000000 2.5483532226
788.1000000000 2.5471630108
788.2000000000 2.5473877724
788.3000000000 2.5471894171
788.4000000000 2.5474363137
788.5000000000 2.5469945408
788.6000000000 2.5470109480
788.7000000000 2.5466644119
788.8000000000 2.5463271586
788.9000000000 2.5463527373
789.0000000000 2.5455791269
789.1000000000 2.5459592922
789.2000000000 2.5458001278
789.3000000000 2.5454961805
789.4000000000 2.5455475440
789.5000000000 2.5453613324
789.6000000000 2.5457515081
789.7000000000 2.5456248429
789.8000000000 2.5438652992
789.9000000000 2.5442649300
790.0000000000 2.5438219796
790.1000000000 2.5437436717
790.2000000000 2.5429392747
790.3000000000 2.5422382491
790.4000000000 2.5424973474
790.5000000000 2.5431194293
790.6000000000 2.5439015643
790.7000000000 2.5441210836
790.8000000000 2.5440546436
790.9000000000 2.5445254735
791.0000000000 2.5440548595
791.1000000000 2.5441303485
791.2000000000 2.5437853763
791.3000000000 2.5439240581
791.4000000000 2.5452658003
791.5000000000 2.5445962479
791.6000000000 2.5450578775
791.7000000000 2.5446530918
791.8000000000 2.5442980381
791.9000000000 2.5441367939
792.0000000000 2.5449614616
792.1000000000 2.5447292564
792.2000000000 2.5449414533
792.3000000000 2.5451539519
792.4000000000 2.5449881836
792.5000000000 2.5443246404
792.6000000000 2.5448058139
792.7000000000 2.5449354466
792.8000000000 2.5450272992
792.9000000000 2.5445642156
793.0000000000 2.5446285112
793.1000000000 2.5446448051
793.2000000000 2.5442744113
793.3000000000 2.5446725468
793.4000000000 2.5445196945
793.5000000000 2.5448232964
793.6000000000 2.5447363722
793.7000000000 2.5441285824
793.8000000000 2.5442953621
793.9000000000 2.5455088738
794.0000000000 2.5453492668
794.1000000000 2.5448073643
794.2000000000 2.5449905769
794.3000000000 2.5443550881
794.4000000000 2.5437953204
794.5000000000 2.5443627554
794.6000000000 2.5439954692
794.7000000000 2.5441064547
794.8000000000 2.5445201078
794.9000000000 2.5447481970
795.0000000000 2.5446937419
795.1000000000 2.5438120293
795.2000000000 2.5442108717
795.3000000000 2.5434988269
795.4000000000 2.5443602039
795.5000000000 2.5440526246
795.6000000000 2.5432348002
795.7000000000 2.5434394200
795.8000000000 2.5430593478
795.9000000000 2.5426593934
796.0000000000 2.5428762186
796.1000000000 2.5426840553
796.2000000000 2.5423916498
796.3000000000 2.5413496484
796.4000000000 2.5411660935
796.5000000000 2.5401573132
796.6000000000 2.5412419294
796.7000000000 2.5414057910
796.8000000000 2.5405162964
796.9000000000 2.5405285785
797.0000000000 2.5407597599
797.1000000000 2.5406869488
797.2000000000 2.5406985149
797.3000000000 2.5400070512
797.4000000000 2.5397113203
797.5000000000 2.5394869261
797.6000000000 2.5399997696
797.7000000000 2.5399950792
797.8000000000 2.5394481182
797.9000000000 2.5392398144
798.0000000000 2.5385575914
798.1000000000 2.5388642071
798.2000000000 2.5390697166
798.3000000000 2.5388400515
798.4000000000 2.5388621997
798.5000000000 2.5393832644
798.6000000000 2.5382718251
798.7000000000 2.5382152674
798.8000000000 2.5382742513
798.9000000000 2.5390290450
799.0000000000 2.5390305388
799.1000000000 2.5393280931
799.2000000000 2.5387248029
799.3000000000 2.5391561357
799.4000000000 2.5391824451
799.5000000000 2.5389876261
799.6000000000 2.5385990875
799.7000000000 2.5386176578
799.8000000000 2.5376743718
799.9000000000 2.5378997042
800.0000000000 2.5379525577
800.1000000000 2.5376636453
800.2000000000 2.5372674677
800.3000000000 2.5374654379
800.4000000000 2.5377696113
800.5000000000 2.5367651820
800.6000000000 2.5367331860
800.7000000000 2.5362315578
800.8000000000 2.5360729564
800.9000000000 2.5351993444
801.0000000000 2.5364229657
801.1000000000 2.5360120082
801.2000000000 2.5360758334
801.3000000000 2.5355551483
801.4000000000 2.5347178164
801.5000000000 2.5356816991
801.6000000000 2.5357086036
801.7000000000 2.5354466101
801.8000000000 2.5351894103
801.9000000000 2.5359073821
802.0000000000 2.5360532863
802.1000000000 2.5361817301
802.2000000000 2.5367495428
802.3000000000 2.5367606331
802.4000000000 2.5364469392
802.5000000000 2.5368101522
802.6000000000 2.5367137563
802.7000000000 2.5370110322
802.8000000000 2.5370552962
802.9000000000 2.5370340499
803.0000000000 2.5369576829
803.1000000000 2.5377245735
803.2000000000 2.5378131849
803.3000000000 2.5377436967
803.4000000000 2.5383379902
803.5000000000 2.5383465220
803.6000000000 2.5377730530
803.7000000000 2.5375135942
803.8000000000 2.5379447147
803.9000000000 2.5369760562
804.0000000000 2.5371414813
804.1000000000 2.5366873191
804.2000000000 2.5365173774
804.3000000000 2.5367119661
804.4000000000 2.5365163959
804.5000000000 2.5357601133
804.6000000000 2.5363006717
804.7000000000 2.5374485198
804.8000000000 2.5376585019
804.9000000000 2.5368362229
805.0000000000 2.5370081610
805.1000000000 2.5371860259
805.2000000000 2.5363251393
805.3000000000 2.5362418388
805.4000000000 2.5365925473
805.5000000000 2.5358800189
805.6000000000 2.5364822722
805.7000000000 2.5358487269
805.8000000000 2.5356885969
805.9000000000 2.5353192557
806.0000000000 2.5350307033
806.1000000000 2.5345143604
806.2000000000 2.5348952234
806.3000000000 2.5350445388
806.4000000000 2.5350866859
806.5000000000 2.5352697427
806.6000000000 2.5356240658
806.7000000000 2.5359792263
806.8000000000 2.5360901720
806.9000000000 2.5366405908
807.0000000000 2.5372992330
807.1000000000 2.5371886459
807.2000000000 2.5373206489
807.3000000000 2.5363736439
807.4000000000 2.5363198827
807.5000000000 2.5357251278
807.6000000000 2.5358302258
807.7000000000 2.5353897345
807.8000000000 2.5354082991
807.9000000000 2.5353755499
808.0000000000 2.5357088921
808.1000000000 2.5358148848
808.2000000000 2.5366287042
808.3000000000 2.5366435279
808.4000000000 2.5367693246
808.5000000000 2.5377066584
808.6000000000 2.5375761155
808.7000000000 2.5383442232
808.8000000000 2.5384788429
808.9000000000 2.5382463139
809.0000000000 2.5384924379
809.1000000000 2.5387915313
809.2000000000 2.5391406705
809.3000000000 2.5387453316
809.4000000000 2.5381217555
809.5000000000 2.5386618426
809.6000000000 2.5385165876
809.7000000000 2.5392011714
809.8000000000 2.5380957768
809.9000000000 2.5379507301
810.0000000000 2.5384520564
810.1000000000 2.5386710843
810.2000000000 2.5381570683
810.3000000000 2.5388420356
810.4000000000 2.5388465874
810.5000000000 2.5392297604
810.6000000000 2.5392485194
810.7000000000 2.5395533985
810.8000000000 2.5395115718
810.9000000000 2.5392562692
811.0000000000 2.5393228269
811.1000000000 2.5392367085
811.2000000000 2.5399923423
811.3000000000 2.5401309360
811.4000000000 2.5396776608
811.5000000000 2.5399015728
811.6000000000 2.5415289516
811.7000000000 2.5408812656
811.8000000000 2.5407769975
811.9000000000 2.5406912160
812.0000000000 2.5422978756
812.1000000000 2.5425560449
812.2000000000 2.5421608116
812.3000000000 2.5422979169
812.4000000000 2.5419025984
812.5000000000 2.5416514635
812.6000000000 2.5417240126
812.7000000000 2.5415187813
812.8000000000 2.5427680072
812.9000000000 2.5423583960
813.0000000000 2.5429042118
813.1000000000 2.5436381751
813.2000000000 2.5432634888
813.3000000000 2.5433050192
813.4000000000 2.5421847310
813.5000000000 2.5424577797
813.6000000000 2.5424442528
813.7000000000 2.5430288555
813.8000000000 2.5433154520
813.9000000000 2.5437191219
814.0000000000 2.5429797181
814.1000000000 2.5433848147
814.2000000000 2.5427441227
814.3000000000 2.5433152281
814.4000000000 2.5425195263
814.5000000000 2.5429444676
814.6000000000 2.5432787966
814.7000000000 2.5433088847
814.8000000000 2.5434958029
814.9000000000 2.5429920914
815.0000000000 2.5421698430
815.1000000000 2.5424362031
815.2000000000 2.5416486275
815.3000000000 2.5414531666
815.4000000000 2.5407593730
815.5000000000 2.5412490997
815.6000000000 2.5410021657
815.7000000000 2.5417572379
815.8000000000 2.5418909745
815.9000000000 2.5417514290
816.0000000000 2.5421791135
816.1000000000 2.5422142162
816.2000000000 2.5423247952
816.3000000000 2.5431396440
816.4000000000 2.5430063292
816.5000000000 2.5426898920
816.6000000000 2.5423335121
816.7000000000 2.5413431173
816.8000000000 2.5415720507
816.9000000000 2.5415260709
817.0000000000 2.5411083402
817.1000000000 2.5420941199
817.2000000000 2.5424866966
817.3000000000 2.5418738831
817.4000000000 2.5423412443
817.5000000000 2.5424317898
817.6000000000 2.5424262302
817.7000000000 2.5428569444
817.8000000000 2.5421275995
817.9000000000 2.5427980277
818.0000000000 2.5434177209
818.1000000000 2.5443304600
818.2000000000 2.5444110804
818.3000000000 2.5449558044
818.4000000000 2.5453726474
818.5000000000 2.5459827385
818.6000000000 2.5455816675
818.7000000000 2.5454052559
818.8000000000 2.5453201484
818.9000000000 2.5458942388
819.0000000000 2.5467051770
819.1000000000 2.5467607086
819.2000000000 2.5465100620
819.3000000000 2.5465880561
819.4000000000 2.5466524543
819.5000000000 2.5468088238
819.6000000000 2.5472088572
819.7000000000 2.5472359232
819.8000000000 2.5479403748
819.9000000000 2.5478540502
820.0000000000 2.5477436065
820.1000000000 2.5469520281
820.2000000000 2.5468226118
820.3000000000 2.5469885375
820.4000000000 2.5480140152
820.5000000000 2.5473930334
820.6000000000 2.5473356779
820.7000000000 2.5466065286
820.8000000000 2.5469388783
820.9000000000 2.5460282130
821.0000000000 2.5453209815
821.1000000000 2.5460006499
821.2000000000 2.5450024231
821.3000000000 2.5444105429
821.4000000000 2.5450779820
821.5000000000 2.5449871984
821.6000000000 2.5448622446
821.7000000000 2.5444828339
821.8000000000 2.5437897946
821.9000000000 2.5446455454
822.0000000000 2.5443808024
822.1000000000 2.5447143907
822.2000000000 2.5441071419
822.3000000000 2.5443916009
822.4000000000 2.5439762590
822.5000000000 2.5442806672
822.6000000000 2.5439632417
822.7000000000 2.5434773932
822.8000000000 2.5432357173
822.9000000000 2.5432745701
823.0000000000 2.5427489667
823.1000000000 2.5436173713
823.2000000000 2.5431613784
823.3000000000 2.5438300235
823.4000000000 2.5434921197
823.5000000000 2.5440753424
823.6000000000 2.5437639688
823.7000000000 2.5431791928
823.8000000000 2.5438595210
823.9000000000 2.5440000370
824.0000000000 2.5441877470
824.1000000000 2.5440332502
824.2000000000 2.5434819472
824.3000000000 2.5429229088
824.4000000000 2.5439545270
824.5000000000 2.5432134056
824.6000000000 2.5433788721
824.7000000000 2.5436485099
824.8000000000 2.5429927978
824.9000000000 2.5422647248
825.0000000000 2.5427935229
825.1000000000 2.5429466034
825.2000000000 2.5428986732
825.3000000000 2.5425778640
825.4000000000 2.5426597587
825.5000000000 2.5425759810
825.6000000000 2.5423384501
825.7000000000 2.5420789498
825.8000000000 2.5414482065
825.9000000000 2.5411396967
826.0000000000 2.5410958558
826.1000000000 2.5401224207
826.2000000000 2.5405105351
826.3000000000 2.5399751903
826.4000000000 2.5407610419
826.5000000000 2.5403855344
826.6000000000 2.5403732507
826.7000000000 2.5403424874
826.8000000000 2.5405886923
826.9000000000 2.5405633013
827.0000000000 2.5411299201
827.1000000000 2.5412497683
827.2000000000 2.5409643859
827.3000000000 2.5408159785
827.4000000000 2.5412529321
827.5000000000 2.5409848233
827.6000000000 2.5410733306
827.7000000000 2.5417658293
827.8000000000 2.5420535822
827.9000000000 2.5418616733
828.0000000000 2.5427650517
828.1000000000 2.5424660115
828.2000000000 2.5431609450
828.3000000000 2.5430340864
828.4000000000 2.5429180602
828.5000000000 2.5429251973
828.6000000000 2.5423709596
828.7000000000 2.5421107880
828.8000000000 2.5425550048
828.9000000000 2.5418423300
829.0000000000 2.5420344171
829.1000000000 2.5420157065
829.2000000000 2.5414680151
829.3000000000 2.5415395059
829.4000000000 2.5414233152
829.5000000000 2.5407022653
829.6000000000 2.5400563101
829.7000000000 2.5408141557
829.8000000000 2.5414724207
829.9000000000 2.5414865026
830.0000000000 2.5418668258
830.1000000000 2.5412047889
830.2000000000 2.5414052389
830.3000000000 2.5411650328
830.4000000000 2.5423190365
830.5000000000 2.5427510895
830.6000000000 2.5427921306
830.7000000000 2.5427704579
830.8000000000 2.5424547758
830.9000000000 2.5427260754
831.0000000000 2.5425543529
831.1000000000 2.5412107512
831.2000000000 2.5415982298
831.3000000000 2.5424180923
831.4000000000 2.5427950805
831.5000000000 2.5427838750
831.6000000000 2.5420977730
831.7000000000 2.5420035198
831.8000000000 2.5420854958
831.9000000000 2.5419872144
832.0000000000 2.5419725341
832.1000000000 2.5421894567
832.2000000000 2.5420692403
832.3000000000 2.5422920519
832.4000000000 2.5427610572
832.5000000000 2.5427015740
832.6000000000 2.5439355145
832.7000000000 2.5437413242
832.8000000000 2.5439060342
832.9000000000 2.5440308316
833.0000000000 2.5432024971
833.1000000000 2.5432367653
833.2000000000 2.5436731771
833.3000000000 2.5433705664
833.4000000000 2.5435676680
833.5000000000 2.5436466288
833.6000000000 2.5437098104
833.7000000000 2.5441679329
833.8000000000 2.5442944339
833.9000000000 2.5441154134
834.0000000000 2.5446380306
834.1000000000 2.5448200026
834.2000000000 2.5451466575
834.3000000000 2.5441809490
834.4000000000 2.5452805126
834.5000000000 2.5454753706
834.6000000000 2.5452308719
834.7000000000 2.5460499279
834.8000000000 2.5452665323
834.9000000000 2.5451282685
835.0000000000 2.5445558534
835.1000000000 2.5456924774
835.2000000000 2.5452401343
835.3000000000 2.5456311396
835.4000000000 2.5461991493
835.5000000000 2.5458047160
835.6000000000 2.5444770563
835.7000000000 2.5451106217
835.8000000000 2.5446196447
835.9000000000 2.5457930124
836.0000000000 2.5459145227
836.1000000000 2.5454739479
836.2000000000 2.5457536595
836.3000000000 2.5460714078
836.4000000000 2.5458660568
836.5000000000 2.5459402520
836.6000000000 2.5467572877
836.7000000000 2.5463838253
836.8000000000 2.5462560580
836.9000000000 2.5452025761
837.0000000000 2.5454737309
837.1000000000 2.5446448340
837.2000000000 2.5440994304
837.3000000000 2.5428025505
837.4000000000 2.5429997255
837.5000000000 2.5440769993
837.6000000000 2.5439773928
837.7000000000 2.5434232869
837.8000000000 2.5434897272
837.9000000000 2.5442948048
838.0000000000 2.5438972158
838.1000000000 2.5437707969
838.2000000000 2.5441510160
838.3000000000 2.5439492265
838.4000000000 2.5440008269
838.5000000000 2.5443790498
838.6000000000 2.5433848838
838.7000000000 2.5431352219
838.8000000000 2.5436217409
838.9000000000 2.5437358364
839.0000000000 2.5440379085
839.1000000000 2.5444274721
839.2000000000 2.5444137728
839.3000000000 2.5438393607
839.4000000000 2.5437457530
839.5000000000 2.5446079755
839.6000000000 2.5454426992
839.7000000000 2.5438131823
839.8000000000 2.5438104278
839.9000000000 2.5440109027
840.0000000000 2.5432674303
840.1000000000 2.5439613921
840.2000000000 2.5436534333
840.3000000000 2.5430137333
840.4000000000 2.5416962987
840.5000000000 2.5417293827
840.6000000000 2.5418746390
840.7000000000 2.5425380865
840.8000000000 2.5415881294
840.9000000000 2.5418658933
841.0000000000 2.5425834636
841.1000000000 2.5428777726
841.2000000000 2.5439201549
841.3000000000 2.5442794492
841.4000000000 2.5432383581
841.5000000000 2.5436753687
841.6000000000 2.5442696779
841.7000000000 2.5437941514
841.8000000000 2.5433059624
841.9000000000 2.5435009353
842.0000000000 2.5437446938
842.1000000000 2.5435023838
842.2000000000 2.5437319019
842.3000000000 2.5432091242
842.4000000000 2.5441997454
842.5000000000 2.5447358815
842.6000000000 2.5446311778
842.7000000000 2.5435610613
842.8000000000 2.5440400754
842.9000000000 2.5435605882
843.0000000000 2.5430141960
843.1000000000 2.5430077330
843.2000000000 2.5430185702
843.3000000000 2.5431016422
843.4000000000 2.5427878545
843.5000000000 2.5428534632
843.6000000000 2.5434171017
843.7000000000 2.5430334935
843.8000000000 2.5434347080
843.9000000000 2.5426136329
844.0000000000 2.5423649431
844.1000000000 2.5433485388
844.2000000000 2.5425177138
844.3000000000 2.5424179364
844.4000000000 2.5425889829
844.5000000000 2.5431589924
844.6000000000 2.5434683599
844.7000000000 2.5436552658
844.8000000000 2.5445456817
844.9000000000 2.5446020857
845.0000000000 2.5448856341
845.1000000000 2.5448043517
845.2000000000 2.5448883460
845.3000000000 2.5453552297
845.4000000000 2.5456161789
845.5000000000 2.5464911213
845.6000000000 2.5465867426
845.7000000000 2.5463979658
845.8000000000 2.5467258983
845.9000000000 2.5471938124
846.0000000000 2.5472767293
846.1000000000 2.5473243884
846.2000000000 2.5474131937
846.3000000000 2.5469289342
846.4000000000 2.5466012675
846.5000000000 2.5467650915
846.6000000000 2.5472674306
846.7000000000 2.5472688279
846.8000000000 2.5473813946
846.9000000000 2.5477378136
847.0000000000 2.5480426250
847.1000000000 2.5487606730
847.2000000000 2.5484409782
847.3000000000 2.5481022504
847.4000000000 2.5468269443
847.5000000000 2.5470813213
847.6000000000 2.5475205596
847.7000000000 2.5485042291
847.8000000000 2.5482285983
847.9000000000 2.5481855708
848.0000000000 2.5483111335
848.1000000000 2.5485041681
848.2000000000 2.5486308107
848.3000000000 2.5477072674
848.4000000000 2.5484316384
848.5000000000 2.5480040430
848.6000000000 2.5477333852
848.7000000000 2.5484831486
848.8000000000 2.5490315603
848.9000000000 2.5490322499
849.0000000000 2.5484078461
849.1000000000 2.5485790442
849.2000000000 2.5487340612
849.3000000000 2.5484730785
849.4000000000 2.5481169629
849.5000000000 2.5473360707
849.6000000000 2.5477686493
849.7000000000 2.5480195530
849.8000000000 2.5480462930
849.9000000000 2.5479402156
850.0000000000 2.5478711183
850.1000000000 2.5477677775
850.2000000000 2.5484096635
850.3000000000 2.5478182510
850.4000000000 2.5480358076
850.5000000000 2.5484102418
850.6000000000 2.5486449766
850.7000000000 2.5485161730
850.8000000000 2.5479069319
850.9000000000 2.5473684373
851.0000000000 2.5472114280
851.1000000000 2.5474486508
851.2000000000 2.5478691807
851.3000000000 2.5480956546
851.4000000000 2.5484493966
851.5000000000 2.5488336328
851.6000000000 2.5488160346
851.7000000000 2.5485383808
851.8000000000 2.5477552678
851.9000000000 2.5477582060
852.0000000000 2.5480158080
852.1000000000 2.5483804147
852.2000000000 2.5483564375
852.3000000000 2.5487926247
852.4000000000 2.5493313012
852.5000000000 2.5499144687
852.6000000000 2.5502871767
852.7000000000 2.5495358537
852.8000000000 2.5494252621
852.9000000000 2.5493765717
853.0000000000 2.5488956534
853.1000000000 2.5488207518
853.2000000000 2.5484276321
853.3000000000 2.5484054499
853.4000000000 2.5479646814
853.5000000000 2.5477642646
853.6000000000 2.5481746969
853.7000000000 2.5485195541
853.8000000000 2.5478427953
853.9000000000 2.5480566063
854.0000000000 2.5486919746
854.1000000000 2.5490101524
854.2000000000 2.5487158076
854.3000000000 2.5488336604
854.4000000000 2.5486005933
854.5000000000 2.5491079630
854.6000000000 2.5495566882
854.7000000000 2.5482045109
854.8000000000 2.5494360854
854.9000000000 2.5493667915
855.0000000000 2.5496327856
855.1000000000 2.5496462669
855.2000000000 2.5492393548
855.3000000000 2.5480307426
855.4000000000 2.5485485053
855.5000000000 2.5482115794
855.6000000000 2.5478635975
855.7000000000 2.5465806729
855.8000000000 2.5469610582
855.9000000000 2.5470822000
856.0000000000 2.5463501766
856.1000000000 2.5463126792
856.2000000000 2.5460423334
856.3000000000 2.5458927982
856.4000000000 2.5474780041
856.5000000000 2.5466363719
856.6000000000 2.5466093391
856.7000000000 2.5470531688
856.8000000000 2.5469814896
856.9000000000 2.5461198887
857.0000000000 2.5476400534
857.1000000000 2.5470310827
857.2000000000 2.5466007309
857.3000000000 2.5465958643
857.4000000000 2.5463050780
857.5000000000 2.5462524651
857.6000000000 2.5471073616
857.7000000000 2.5471761084
857.8000000000 2.5468199396
857.9000000000 2.5474530560
858.0000000000 2.5470927158
858.1000000000 2.5469508038
858.2000000000 2.5464778286
858.3000000000 2.5466669310
858.4000000000 2.5472133804
858.5000000000 2.5480347344
858.6000000000 2.5476367299
858.7000000000 2.5476079127
858.8000000000 2.5475818754
858.9000000000 2.5477643967
859.0000000000 2.5472245360
859.1000000000 2.5462591469
859.2000000000 2.5466773477
859.3000000000 2.5472700286
859.4000000000 2.5474833281
859.5000000000 2.5469504313
859.6000000000 2.5462584887
859.7000000000 2.5462325089
859.8000000000 2.5467308412
859.9000000000 2.5463741056
860.0000000000 2.5459538065
860.1000000000 2.5467408396
860.2000000000 2.5472973631
860.3000000000 2.5471116344
860.4000000000 2.5462642291
860.5000000000 2.5461311449
860.6000000000 2.5462459163
860.7000000000 2.5453736368
860.8000000000 2.5455694551
860.9000000000 2.5450670409
861.0000000000 2.5450656444
861.1000000000 2.5445156854
861.2000000000 2.5446154730
861.3000000000 2.5444416430
861.4000000000 2.5443143747
861.5000000000 2.5444687699
861.6000000000 2.5446066161
861.7000000000 2.5446949008
861.8000000000 2.5442342753
861.9000000000 2.5438692630
862.0000000000 2.5436431771
862.1000000000 2.5434622127
862.2000000000 2.5441597283
862.3000000000 2.5436532556
862.4000000000 2.5439565763
862.5000000000 2.5434858920
862.6000000000 2.5440819109
862.7000000000 2.5448177310
862.8000000000 2.5451411252
862.9000000000 2.5451215399
863.0000000000 2.5456550057
863.1000000000 2.5458675880
863.2000000000 2.5459425602
863.3000000000 2.5460249146
863.4000000000 2.5456776809
863.5000000000 2.5456557457
863.6000000000 2.5464009641
863.7000000000 2.5454844882
863.8000000000 2.5452392177
863.9000000000 2.5458673129
864.0000000000 2.5464181741
864.1000000000 2.5456543264
864.2000000000 2.5454928103
864.3000000000 2.5453154915
864.4000000000 2.5446453561
864.5000000000 2.5451769887
864.6000000000 2.5450775077
864.7000000000 2.5446451562
864.8000000000 2.5447457936
864.9000000000 2.5445464188
865.0000000000 2.5448156989
865.1000000000 2.5449955153
865.2000000000 2.5439531425
865.3000000000 2.5441394948
865.4000000000 2.5440458158
865.5000000000 2.5438794913
865.6000000000 2.5427317510
865.7000000000 2.5429206007
865.8000000000 2.5435440341
865.9000000000 2.5434155265
866.0000000000 2.5421479825
866.1000000000 2.5426726120
866.2000000000 2.5430393694
866.3000000000 2.5429358100
866.4000000000 2.5429033828
866.5000000000 2.5430788120
866.6000000000 2.5438426806
866.7000000000 2.5444300030
866.8000000000 2.5441199221
866.9000000000 2.5442881892
867.0000000000 2.5438098203
867.1000000000 2.5437770536
867.2000000000 2.5431020446
867.3000000000 2.5426950277
867.4000000000 2.5428962411
867.5000000000 2.5423310248
867.6000000000 2.5423524719
867.7000000000 2.5423032186
867.8000000000 2.5423509011
867.9000000000 2.5424915978
868.0000000000 2.5430689207
868.1000000000 2.5434007032
868.2000000000 2.5433571082
868.3000000000 2.5431178560
868.4000000000 2.5439310110
868.5000000000 2.5443137423
868.6000000000 2.5451641598
868.7000000000 2.5447752561
868.8000000000 2.5452589480
868.9000000000 2.5458589024
869.0000000000 2.5461686335
869.1000000000 2.5454449575
869.2000000000 2.5449669598
869.3000000000 2.5457802944
869.4000000000 2.5453322774
869.5000000000 2.5452091920
869.6000000000 2.5459370822
869.7000000000 2.5453185710
869.8000000000 2.5448473676
869.9000000000 2.5447051238
870.0000000000 2.5444393855
870.1000000000 2.5444337227
870.2000000000 2.5444221184
870.3000000000 2.5444069133
870.4000000000 2.5439088187
870.5000000000 2.5437389648
870.6000000000 2.5443129064
870.7000000000 2.5446453314
870.8000000000 2.5439792626
870.9000000000 2.5443258770
871.0000000000 2.5448633307
871.1000000000 2.5442804732
871.2000000000 2.5444046336
871.3000000000 2.5444240558
871.4000000000 2.5450497607
871.5000000000 2.5448277709
871.6000000000 2.5448373789
871.7000000000 2.5452589308
871.8000000000 2.5452032938
871.9000000000 2.5452075440
872.0000000000 2.5448319189
872.1000000000 2.5461114988
872.2000000000 2.5461841879
872.3000000000 2.5468749451
872.4000000000 2.5463445465
872.5000000000 2.5464287541
872.6000000000 2.5462444128
872.7000000000 2.5463888695
872.8000000000 2.5462223333
872.9000000000 2.5463047900
873.0000000000 2.5462017003
873.1000000000 2.5466732548
873.2000000000 2.5462893326
873.3000000000 2.5462060515
873.4000000000 2.5461945769
873.5000000000 2.5464824414
873.6000000000 2.5465455363
873.7000000000 2.5464203035
873.8000000000 2.5475898203
873.9000000000 2.5474883180
874.0000000000 2.5479833025
874.1000000000 2.5480820495
874.2000000000 2.5479830468
874.3000000000 2.5467717041
874.4000000000 2.5469890004
874.5000000000 2.5466776644
874.6000000000 2.5461591699
874.7000000000 2.5454245672
874.8000000000 2.5458823266
874.9000000000 2.5451490287
875.0000000000 2.5455173246
875.1000000000 2.5458032996
875.2000000000 2.5451674557
875.3000000000 2.5455734483
875.4000000000 2.5450451205
875.5000000000 2.5444839342
875.6000000000 2.5451936644
875.7000000000 2.5451431843
875.8000000000 2.5457338282
875.9000000000 2.5445644974
876.0000000000 2.5441006500
876.1000000000 2.5435303638
876.2000000000 2.5431565931
876.3000000000 2.5430450661
876.4000000000 2.5426210674
876.5000000000 2.5420124754
876.6000000000 2.5413312745
876.7000000000 2.5426439278
876.8000000000 2.5426387831
876.9000000000 2.5423806441
877.0000000000 2.5424598172
877.1000000000 2.5418099065
877.2000000000 2.5417965021
877.3000000000 2.5426655028
877.4000000000 2.5429310604
877.5000000000 2.5423165177
877.6000000000 2.5424581058
877.7000000000 2.5426146526
877.8000000000 2.5430010425
877.9000000000 2.5436605368
878.0000000000 2.5433831121
878.1000000000 2.5430034104
878.2000000000 2.5426051016
878.3000000000 2.5426385563
878.4000000000 2.5421968304
878.5000000000 2.5429269545
878.6000000000 2.5419176021
878.7000000000 2.5426766001
878.8000000000 2.5425548781
878.9000000000 2.5421925785
879.0000000000 2.5417151539
879.1000000000 2.5417299941
879.2000000000 2.5419206587
879.3000000000 2.5404807650
879.4000000000 2.5409029105
879.5000000000 2.5404262028
879.6000000000 2.5405838016
879.7000000000 2.5402510652
879.8000000000 2.5400506386
879.9000000000 2.5399714889
880.0000000000 2.5397539348
880.1000000000 2.5396662877
880.2000000000 2.5394504494
880.3000000000 2.5393558973
880.4000000000 2.5393149026
880.5000000000 2.5395362505
880.6000000000 2.5387265191
880.7000000000 2.5385284204
880.8000000000 2.5390011107
880.9000000000 2.5390948256
881.0000000000 2.5383608998
881.1000000000 2.5381918427
881.2000000000 2.5387426882
881.3000000000 2.5380512117
881.4000000000 2.5381079198
881.5000000000 2.5395104692
881.6000000000 2.5399179152
881.7000000000 2.5403367119
881.8000000000 2.5401073822
881.9000000000 2.5404909442
882.0000000000 2.5400082046
882.1000000000 2.5403519140
882.2000000000 2.5407506476
882.3000000000 2.5398601581
882.4000000000 2.5410912967
882.5000000000 2.5409936751
882.6000000000 2.5402276615
882.7000000000 2.5407226048
882.8000000000 2.5409712692
882.9000000000 2.5407559755
883.0000000000 2.5408904158
883.1000000000 2.5410917739
883.2000000000 2.5416810327
883.3000000000 2.5412650296
883.4000000000 2.5405681031
883.5000000000 2.5403386070
883.6000000000 2.5399385314
883.7000000000 2.5394938602
883.8000000000 2.5395264777
883.9000000000 2.5396618273
884.0000000000 2.5393772238
884.1000000000 2.5399714819
884.2000000000 2.5402903022
884.3000000000 2.5402789059
884.4000000000 2.5406111048
884.5000000000 2.5407174027
884.6000000000 2.5416228148
884.7000000000 2.5414054769
884.8000000000 2.5413034550
884.9000000000 2.5422927089
885.0000000000 2.5427198612
885.1000000000 2.5422716953
885.2000000000 2.5421748997
885.3000000000 2.5427567458
885.4000000000 2.5432477278
885.5000000000 2.5432385158
885.6000000000 2.5422624470
885.7000000000 2.5430806329
885.8000000000 2.5434052169
885.9000000000 2.5426055615
886.0000000000 2.5422415956
886.1000000000 2.5420623181
886.2000000000 2.5409057792
886.3000000000 2.5407481381
886.4000000000 2.5414530848
886.5000000000 2.5406912496
886.6000000000 2.5406875600
886.7000000000 2.5404215599
886.8000000000 2.5398272871
886.9000000000 2.5405988235
887.0000000000 2.5400376694
887.1000000000 2.5397870742
887.2000000000 2.5394748624
887.3000000000 2.5403914815
887.4000000000 2.5403840391
887.5000000000 2.5413563415
887.6000000000 2.5404939030
887.7000000000 2.5398464938
887.8000000000 2.5402293396
887.9000000000 2.5398856613
888.0000000000 2.5402225696
888.1000000000 2.5400203242
888.2000000000 2.5402425872
888.3000000000 2.5400645249
888.4000000000 2.5405546142
888.5000000000 2.5404299364
888.6000000000 2.5403551069
888.7000000000 2.5392956659
888.8000000000 2.5399094631
888.9000000000 2.5394939426
889.0000000000 2.5400685866
889.1000000000 2.5397517591
889.2000000000 2.5399619544
889.3000000000 2.5388514197
889.4000000000 2.5394295072
889.5000000000 2.5393145627
889.6000000000 2.5386619493
889.7000000000 2.5393408825
889.8000000000 2.5385196983
889.9000000000 2.5391671716
890.0000000000 2.5381385839
890.1000000000 2.5387376338
890.2000000000 2.5390685535
890.3000000000 2.5389223034
890.4000000000 2.5387732186
890.5000000000 2.5382313555
890.6000000000 2.5375310986
890.7000000000 2.5375607048
890.8000000000 2.5375322164
890.9000000000 2.5376163938
891.0000000000 2.5380830159
891.1000000000 2.5389155218
891.2000000000 2.5387179024
891.3000000000 2.5385714625
891.4000000000 2.5384759027
891.5000000000 2.5383313045
891.6000000000 2.5393009408
891.7000000000 2.5395722747
891.8000000000 2.5395763175
891.9000000000 2.5412074474
892.0000000000 2.5421614234
892.1000000000 2.5422063079
892.2000000000 2.5412797143
892.3000000000 2.5418448466
892.4000000000 2.5410471469
892.5000000000 2.5411544620
892.6000000000 2.5402942424
892.7000000000 2.5401553768
892.8000000000 2.5406658412
892.9000000000 2.5400860196
893.0000000000 2.5405010833
893.1000000000 2.5402643007
893.2000000000 2.5396242044
893.3000000000 2.5392465800
893.4000000000 2.5395048015
893.5000000000 2.5401102658
893.6000000000 2.5403675199
893.7000000000 2.5401706064
893.8000000000 2.5395262512
893.9000000000 2.5386806334
894.0000000000 2.5394041416
894.1000000000 2.5392169479
894.2000000000 2.5391235162
894.3000000000 2.5404410204
894.4000000000 2.5406015541
894.5000000000 2.5406214333
894.6000000000 2.5412013941
894.7000000000 2.5405278999
894.8000000000 2.5410210854
894.9000000000 2.5410139030
895.0000000000 2.5409080476
895.1000000000 2.5414754264
895.2000000000 2.5410714456
895.3000000000 2.5414365511
895.4000000000 2.5411810709
895.5000000000 2.5410378664
895.6000000000 2.5410655217
895.7000000000 2.5410716720
895.8000000000 2.5414669449
895.9000000000 2.5408758500
896.0000000000 2.5411756061
896.1000000000 2.5413686970
896.2000000000 2.5410136815
896.3000000000 2.5404525472
896.4000000000 2.5409387703
896.5000000000 2.5409542742
896.6000000000 2.5409079056
896.7000000000 2.5414871997
896.8000000000 2.5412175096
896.9000000000 2.5413492658
897.0000000000 2.5407814870
897.1000000000 2.5405076821
897.2000000000 2.5413644207
897.3000000000 2.5415199575
897.4000000000 2.5417535005
897.5000000000 2.5413313206
897.6000000000 2.5414033241
897.7000000000 2.5414055910
897.8000000000 2.5419414852
897.9000000000 2.5423317301
898.0000000000 2.5424752497
898.1000000000 2.5420292512
898.2000000000 2.5422543392
898.3000000000 2.5411152127
898.4000000000 2.5413668919
898.5000000000 2.5410738625
898.6000000000 2.5416955202
898.7000000000 2.5420980638
898.8000000000 2.5427304084
898.9000000000 2.5419797749
899.0000000000 2.5421724151
899.1000000000 2.5423226664
899.2000000000 2.5424033863
899.3000000000 2.5416656862
899.4000000000 2.5418533690
899.5000000000 2.5413248073
899.6000000000 2.5410674662
899.7000000000 2.5408600384
899.8000000000 2.5409836243
899.9000000000 2.5408209555
900.0000000000 2.5404802696
900.1000000000 2.5404555557
900.2000000000 2.5406799793
900.3000000000 2.5403203153
900.4000000000 2.5401811125
900.5000000000 2.5398240073
900.6000000000 2.5401217516
900.7000000000 2.5406133279
900.8000000000 2.5402351729
900.9000000000 2.5406686126
901.0000000000 2.5401942671
901.1000000000 2.5398875280
901.2000000000 2.5406931325
901.3000000000 2.5395663324
901.4000000000 2.5401904337
901.5000000000 2.5399496620
901.6000000000 2.5390663662
901.7000000000 2.5400898827
901.8000000000 2.5389806915
901.9000000000 2.5391089240
902.0000000000 2.5389300641
902.1000000000 2.5391839037
902.2000000000 2.5389909284
902.3000000000 2.5383993182
902.4000000000 2.5383624905
902.5000000000 2.5391630828
902.6000000000 2.5388604590
902.7000000000 2.5389202892
902.8000000000 2.5386734614
902.9000000000 2.5388927664
903.0000000000 2.5385519691
903.1000000000 2.5383117064
903.2000000000 2.5377943578
903.3000000000 2.5382663425
903.4000000000 2.5381134331
903.5000000000 2.5381103957
903.6000000000 2.5384240201
903.7000000000 2.5383426602
903.8000000000 2.5387215824
903.9000000000 2.5387367164
904.0000000000 2.5388338514
904.1000000000 2.5383305860
904.2000000000 2.5382988341
904.3000000000 2.5380323960
904.4000000000 2.5387948143
904.5000000000 2.5391740024
904.6000000000 2.5391731459
904.7000000000 2.5401953878
904.8000000000 2.5410950959
904.9000000000 2.5399027075
905.0000000000 2.5393222013
905.1000000000 2.5392265247
905.2000000000 2.5390871980
905.3000000000 2.5388930912
905.4000000000 2.5380201307
905.5000000000 2.5386389904
905.6000000000 2.5392631577
905.7000000000 2.5390199757
905.8000000000 2.5391278253
905.9000000000 2.5385613747
906.0000000000 2.5384697710
906.1000000000 2.5384836305
906.2000000000 2.5391828739
906.3000000000 2.5396292082
906.4000000000 2.5395005210
906.5000000000 2.5386589873
906.6000000000 2.5387194919
906.7000000000 2.5386059208
906.8000000000 2.5373616339
906.9000000000 2.5380766550
907.0000000000 2.5384047337
907.1000000000 2.5385232695
907.2000000000 2.5381593579
907.3000000000 2.5382065217
907.4000000000 2.5381821576
907.5000000000 2.5382751274
907.6000000000 2.5379309043
907.7000000000 2.5371018390
907.8000000000 2.5366223638
907.9000000000 2.5367252040
908.0000000000 2.5352522109
908.1000000000 2.5353056012
908.2000000000 2.5351500088
908.3000000000 2.5350125463
908.4000000000 2.5350492200
908.5000000000 2.5352073440
908.6000000000 2.5352036343
908.7000000000 2.5349282825
908.8000000000 2.5350928991
908.9000000000 2.5355428692
909.0000000000 2.5349409949
909.1000000000 2.5344088689
909.2000000000 2.5351182075
909.3000000000 2.5355010913
909.4000000000 2.5358775586
909.5000000000 2.5353804390
909.6000000000 2.5348646968
909.7000000000 2.5352174366
909.8000000000 2.5344856240
909.9000000000 2.5346923106
910.0000000000 2.5343478794
910.1000000000 2.5341653842
910.2000000000 2.5341088244
910.3000000000 2.5341462985
910.4000000000 2.5337856037
910.5000000000 2.5330043593
910.6000000000 2.5330786179
910.7000000000 2.5335555249
910.8000000000 2.5331597451
910.9000000000 2.5327028766
911.0000000000 2.5334129258
911.1000000000 2.5333616113
911.2000000000 2.5331667361
911.3000000000 2.5336243938
911.4000000000 2.5331181879
911.5000000000 2.5325358886
911.6000000000 2.5318256324
911.7000000000 2.5320150105
911.8000000000 2.5309160155
911.9000000000 2.5308909775
912.0000000000 2.5313170281
912.1000000000 2.5318289923
912.2000000000 2.5315110454
912.3000000000 2.5323712305
912.4000000000 2.5318203342
912.5000000000 2.5320726055
912.6000000000 2.5329454051
912.7000000000 2.5332920936
912.8000000000 2.5334812091
912.9000000000 2.5324073426
913.0000000000 2.5329062891
913.1000000000 2.5323943075
913.2000000000 2.5335803707
913.3000000000 2.5329113514
913.4000000000 2.5330490895
913.5000000000 2.5329405002
913.6000000000 2.5331944075
913.7000000000 2.5333048745
913.8000000000 2.5328331001
913.9000000000 2.5331674137
914.0000000000 2.5330913136
914.1000000000 2.5333782471
914.2000000000 2.5333018383
914.3000000000 2.5338673430
914.4000000000 2.5333969325
914.5000000000 2.5327660489
914.6000000000 2.5329367796
914.7000000000 2.5341068619
914.8000000000 2.5338519723
914.9000000000 2.5343592064
915.0000000000 2.5338860772
915.1000000000 2.5343261769
915.2000000000 2.5335079840
915.3000000000 2.5341592104
915.4000000000 2.5342120979
915.5000000000 2.5334179626
915.6000000000 2.5338895505
915.7000000000 2.5345272107
915.8000000000 2.5336412175
915.9000000000 2.5336150589
916.0000000000 2.5347037920
916.1000000000 2.5336935457
916.2000000000 2.5338053515
916.3000000000 2.5338307728
916.4000000000 2.5331813148
916.5000000000 2.5330222401
916.6000000000 2.5325233440
916.7000000000 2.5326227673
916.8000000000 2.5328134696
916.9000000000 2.5321021570
917.0000000000 2.5321625177
917.1000000000 2.5330152002
917.2000000000 2.5334298593
917.3000000000 2.5332903821
917.4000000000 2.5331693831
917.5000000000 2.5328816488
917.6000000000 2.5333703717
917.7000000000 2.5326911307
917.8000000000 2.5323441337
917.9000000000 2.5321880809
918.0000000000 2.5331288382
918.1000000000 2.5334375283
918.2000000000 2.5332329979
918.3000000000 2.5344690197
918.4000000000 2.5335318462
918.5000000000 2.5335027570
918.6000000000 2.5333067939
918.7000000000 2.5331992667
918.8000000000 2.5334167838
918.9000000000 2.5333158527
919.0000000000 2.5316095793
919.1000000000 2.5324961754
919.2000000000 2.5328523774
919.3000000000 2.5334559614
919.4000000000 2.5331660496
919.5000000000 2.5327846916
919.6000000000 2.5327529657
919.7000000000 2.5327265718
919.8000000000 2.5328335297
919.9000000000 2.5329153198
920.0000000000 2.5339246792
920.1000000000 2.5339296139
920.2000000000 2.5338446923
920.3000000000 2.5340202966
920.4000000000 2.5335753481
920.5000000000 2.5334368819
920.6000000000 2.5345250872
920.7000000000 2.5339201198
920.8000000000 2.5337211331
920.9000000000 2.5343607315
921.0000000000 2.5344510563
921.1000000000 2.5343846809
921.2000000000 2.5342559618
921.3000000000 2.5343808636
921.4000000000 2.5347590718
921.5000000000 2.5353023125
921.6000000000 2.5346426754
921.7000000000 2.5345648890
921.8000000000 2.5343023179
921.9000000000 2.5352996119
922.0000000000 2.5351097414
922.1000000000 2.5353384083
922.2000000000 2.5356513400
922.3000000000 2.5354529246
922.4000000000 2.5350309466
922.5000000000 2.5354066822
922.6000000000 2.5354019932
922.7000000000 2.5355943906
922.8000000000 2.5353624556
922.9000000000 2.5346688104
923.0000000000 2.5343277088
923.1000000000 2.5344513137
923.2000000000 2.5347333891
923.3000000000 2.5337643102
923.4000000000 2.5331721074
923.5000000000 2.5327805114
923.6000000000 2.5333759229
923.7000000000 2.5328214859
923.8000000000 2.5330220601
923.9000000000 2.5336209218
924.0000000000 2.5337036501
924.1000000000 2.5340097912
924.2000000000 2.5339458235
924.3000000000 2.5348020097
924.4000000000 2.5352183486
924.5000000000 2.5351557312
924.6000000000 2.5350098335
924.7000000000 2.5346272998
924.8000000000 2.5346798908
924.9000000000 2.5353346824
925.0000000000 2.5364484061
925.1000000000 2.5363505235
925.2000000000 2.5360626507
925.3000000000 2.5368420475
925.4000000000 2.5365747951
925.5000000000 2.5363819827
925.6000000000 2.5358530877
925.7000000000 2.5352184968
925.8000000000 2.5353943450
925.9000000000 2.5339780355
926.0000000000 2.5340937043
926.1000000000 2.5332669273
926.2000000000 2.5336739708
926.3000000000 2.5341086526
926.4000000000 2.5339893828
926.5000000000 2.5336014238
926.6000000000 2.5326482252
926.7000000000 2.5330016851
926.8000000000 2.5339215857
926.9000000000 2.5336340945
927.0000000000 2.5336356764
927.1000000000 2.5336810218
927.2000000000 2.5336100734
927.3000000000 2.5332153628
927.4000000000 2.5325706883
927.5000000000 2.5328839647
927.6000000000 2.5330494239
927.7000000000 2.5327885411
927.8000000000 2.5326096553
927.9000000000 2.5324825824
928.0000000000 2.5322938259
928.1000000000 2.5321158133
928.2000000000 2.5320121719
928.3000000000 2.5322165778
928.4000000000 2.5333300860
928.5000000000 2.5330403558
928.6000000000 2.5326910116
928.7000000000 2.5328144354
928.8000000000 2.5336230317
928.9000000000 2.5325106200
929.0000000000 2.5324460815
929.1000000000 2.5324772164
929.2000000000 2.5334269421
929.3000000000 2.5328707755
929.4000000000 2.5332944461
929.5000000000 2.5333159018
929.6000000000 2.5331956300
929.7000000000 2.5341579399
929.8000000000 2.5341062209
929.9000000000 2.5346854279
930.0000000000 2.5344557141
930.1000000000 2.5345046856
930.2000000000 2.5352939378
930.3000000000 2.5348350106
930.4000000000 2.5344950729
930.5000000000 2.5334382680
930.6000000000 2.5329549557
930.7000000000 2.5338831994
930.8000000000 2.5341203243
930.9000000000 2.5331753485
931.0000000000 2.5324963191
931.1000000000 2.5332308360
931.2000000000 2.5325552638
931.3000000000 2.5333170665
931.4000000000 2.5343834877
931.5000000000 2.5341474997
931.6000000000 2.5345558462
931.7000000000 2.5345442001
931.8000000000 2.5353320877
931.9000000000 2.5349228373
932.0000000000 2.5344729133
932.1000000000 2.5343244455
932.2000000000 2.5339076339
932.3000000000 2.5331674967
932.4000000000 2.5337676756
932.5000000000 2.5338003218
932.6000000000 2.5345153993
932.7000000000 2.5338850511
932.8000000000 2.5337227885
932.9000000000 2.5332994027
933.0000000000 2.5331847524
933.1000000000 2.5326092865
933.2000000000 2.5325682208
933.3000000000 2.5322613251
933.4000000000 2.5318506270
933.5000000000 2.5317298198
933.6000000000 2.5317452233
933.7000000000 2.5318316403
933.8000000000 2.5313890370
933.9000000000 2.5308706122
934.0000000000 2.5313585493
934.1000000000 2.5314135220
934.2000000000 2.5315467521
934.3000000000 2.5322769457
934.4000000000 2.5327190210
934.5000000000 2.5331270695
934.6000000000 2.5332911721
934.7000000000 2.5336979419
934.8000000000 2.5328179145
934.9000000000 2.5324839579
935.0000000000 2.5330611432
935.1000000000 2.5327761628
935.2000000000 2.5327890428
935.3000000000 2.5326013839
935.4000000000 2.5327639146
935.5000000000 2.5331985288
935.6000000000 2.5326323448
935.7000000000 2.5326763382
935.8000000000 2.5334038617
935.9000000000 2.5337604608
936.0000000000 2.5329870978
936.1000000000 2.5332717140
936.2000000000 2.5336141208
936.3000000000 2.5331067142
936.4000000000 2.5330274267
936.5000000000 2.5333209589
936.6000000000 2.5339770572
936.7000000000 2.5329296403
936.8000000000 2.5334432723
936.9000000000 2.5338806137
937.0000000000 2.5335658925
937.1000000000 2.5329526670
937.2000000000 2.5336502647
937.3000000000 2.5332927326
937.4000000000 2.5332792493
937.5000000000 2.5335377945
937.6000000000 2.5335145633
937.7000000000 2.5331808193
937.8000000000 2.5330393931
937.9000000000 2.5340413136
938.0000000000 2.5346825953
938.1000000000 2.5337724130
938.2000000000 2.5343445043
938.3000000000 2.5346878375
938.4000000000 2.5345447647
938.5000000000 2.5336686449
938.6000000000 2.5335623532
938.7000000000 2.5343252558
938.8000000000 2.5339100877
938.9000000000 2.5336405129
939.0000000000 2.5336871411
939.1000000000 2.5338834081
939.2000000000 2.5340889932
939.3000000000 2.5338670941
939.4000000000 2.5337293850
939.5000000000 2.5334878680
939.6000000000 2.5335361870
939.7000000000 2.5338968874
939.8000000000 2.5329621916
939.9000000000 2.5335547167
940.0000000000 2.5332269530
940.1000000000 2.5334447743
940.2000000000 2.5332524773
940.3000000000 2.5328562650
940.4000000000 2.5329511409
940.5000000000 2.5324360853
940.6000000000 2.5321798659
940.7000000000 2.5321719508
940.8000000000 2.5314609429
940.9000000000 2.5317416699
941.0000000000 2.5320108874
941.1000000000 2.5323973599
941.2000000000 2.5327364914
941.3000000000 2.5325668219
941.4000000000 2.5316605948
941.5000000000 2.5314454222
941.6000000000 2.5314206233
941.7000000000 2.5322442698
941.8000000000 2.5321740302
941.9000000000 2.5323326103
942.0000000000 2.5319971900
942.1000000000 2.5317235914
942.2000000000 2.5326566842
942.3000000000 2.5327319201
942.4000000000 2.5325897766
942.5000000000 2.5324241777
942.6000000000 2.5322379837
942.7000000000 2.5325030341
942.8000000000 2.5331945013
942.9000000000 2.5322759535
943.0000000000 2.5323116578
943.1000000000 2.5321157654
943.2000000000 2.5323365663
943.3000000000 2.5322301487
943.4000000000 2.5311539693
943.5000000000 2.5314010582
943.6000000000 2.5315550539
943.7000000000 2.5315897531
943.8000000000 2.5317726210
943.9000000000 2.5309937874
944.0000000000 2.5316901484
944.1000000000 2.5307004734
944.2000000000 2.5310326474
944.3000000000 2.5309716613
944.4000000000 2.5305464979
944.5000000000 2.5309134984
944.6000000000 2.5317672400
944.7000000000 2.5310939935
944.8000000000 2.5304062387
944.9000000000 2.5307389960
945.0000000000 2.5302122332
945.1000000000 2.5309951064
945.2000000000 2.5311086647
945.3000000000 2.5310975058
945.4000000000 2.5309181623
945.5000000000 2.5310676374
945.6000000000 2.5306687567
945.7000000000 2.5305807716
945.8000000000 2.5305171194
945.9000000000 2.5307653865
946.0000000000 2.5310034820
946.1000000000 2.5311706887
946.2000000000 2.5305519016
946.3000000000 2.5306192793
946.4000000000 2.5313776023
946.5000000000 2.5311750898
946.6000000000 2.5309373035
946.7000000000 2.5295596555
946.8000000000 2.5304226731
946.9000000000 2.5305931910
947.0000000000 2.5305658522
947.1000000000 2.5305975864
947.2000000000 2.5305695972
947.3000000000 2.5314332618
947.4000000000 2.5304702162
947.5000000000 2.5308491851
947.6000000000 2.5313174183
947.7000000000 2.5313318961
947.8000000000 2.5319877688
947.9000000000 2.5322812356
948.0000000000 2.5323552651
948.1000000000 2.5337800669
948.2000000000 2.5330851272
948.3000000000 2.5323623831
948.4000000000 2.5328890449
948.5000000000 2.5334213770
948.6000000000 2.5332475523
948.7000000000 2.5330812924
948.8000000000 2.5331708130
948.9000000000 2.5335513110
949.0000000000 2.5339151813
949.1000000000 2.5338681893
949.2000000000 2.5340299993
949.3000000000 2.5333724752
949.4000000000 2.5325266527
949.5000000000 2.5327196261
949.6000000000 2.5342364031
949.7000000000 2.5337659397
949.8000000000 2.5347673814
949.9000000000 2.5348584300
950.0000000000 2.5341524065
950.1000000000 2.5344210779
950.2000000000 2.5347128305
950.3000000000 2.5344060016
950.4000000000 2.5341413288
950.5000000000 2.5338138651
950.6000000000 2.5347999095
950.7000000000 2.5343859657
950.8000000000 2.5344869279
950.9000000000 2.5351496498
951.0000000000 2.5340223761
951.1000000000 2.5349063028
951.2000000000 2.5352156550
951.3000000000 2.5357201062
951.4000000000 2.5364475794
951.5000000000 2.5354755562
951.6000000000 2.5349631442
951.7000000000 2.5351982677
951.8000000000 2.5355042446
951.9000000000 2.5349020446
952.0000000000 2.5356215931
952.1000000000 2.5350233426
952.2000000000 2.5351365265
952.3000000000 2.5349384871
952.4000000000 2.5351249836
952.5000000000 2.5350706206
952.6000000000 2.5354444317
952.7000000000 2.5352944646
952.8000000000 2.5347181180
952.9000000000 2.5349892339
953.0000000000 2.5352054377
953.1000000000 2.5352913521
953.2000000000 2.5354111316
953.3000000000 2.5347222406
953.4000000000 2.5345921481
953.5000000000 2.5334930610
953.6000000000 2.5330890309
953.7000000000 2.5334865023
953.8000000000 2.5320708741
953.9000000000 2.5332933981
954.0000000000 2.5335772200
954.1000000000 2.5329201464
954.2000000000 2.5335805805
954.3000000000 2.5338098054
954.4000000000 2.5342568628
954.5000000000 2.5347177316
954.6000000000 2.5353176930
954.7000000000 2.5345219320
954.8000000000 2.5349155026
954.9000000000 2.5350090430
955.0000000000 2.5349285770
955.1000000000 2.5353311498
955.2000000000 2.5351110111
955.3000000000 2.5355841759
955.4000000000 2.5361604784
955.5000000000 2.5363471049
955.6000000000 2.5364656974
955.7000000000 2.5363497985
955.8000000000 2.5359119840
955.9000000000 2.5360692913
956.0000000000 2.5346610877
956.1000000000 2.5350895011
956.2000000000 2.5351325121
956.3000000000 2.5336081308
956.4000000000 2.5331700070
956.5000000000 2.5335491802
956.6000000000 2.5335901640
956.7000000000 2.5339507109
956.8000000000 2.5344238388
956.9000000000 2.5339880891
957.0000000000 2.5346847138
957.1000000000 2.5348455260
957.2000000000 2.5350190670
957.3000000000 2.5350137917
957.4000000000 2.5355529304
957.5000000000 2.5352411049
957.6000000000 2.5355636884
957.7000000000 2.5352666255
957.8000000000 2.5352646219
957.9000000000 2.5357363284
958.0000000000 2.5351261822
958.1000000000 2.5357765540
958.2000000000 2.5355797572
958.3000000000 2.5358435175
958.4000000000 2.5363815644
958.5000000000 2.5363407184
958.6000000000 2.5366003817
958.7000000000 2.5369862308
958.8000000000 2.5374032724
958.9000000000 2.5376216035
959.0000000000 2.5374659767
959.1000000000 2.5379067791
959.2000000000 2.5382904352
959.3000000000 2.5379392000
959.4000000000 2.5377870326
959.5000000000 2.5382341759
959.6000000000 2.5382287808
959.7000000000 2.5389785078
959.8000000000 2.5389869409
959.9000000000 2.5384432893
960.0000000000 2.5377448980
960.1000000000 2.5378779776
960.2000000000 2.5375958476
960.3000000000 2.5372949574
960.4000000000 2.5380251717
960.5000000000 2.5382199440
960.6000000000 2.5385691567
960.7000000000 2.5387556057
960.8000000000 2.5394708270
960.9000000000 2.5397298361
961.0000000000 2.5403794698
961.1000000000 2.5401275405
961.2000000000 2.5390963296
961.3000000000 2.5394360919
961.4000000000 2.5394919709
961.5000000000 2.5394853624
961.6000000000 2.5387616580
961.7000000000 2.5391001270
961.8000000000 2.5394624395
961.9000000000 2.5384586837
962.0000000000 2.5388281573
962.1000000000 2.5385030502
962.2000000000 2.5383655780
962.3000000000 2.5384124228
962.4000000000 2.5393543760
962.5000000000 2.5382262589
962.6000000000 2.5378155770
962.7000000000 2.5386493528
962.8000000000 2.5384151424
962.9000000000 2.5380290894
963.0000000000 2.5377511118
963.1000000000 2.5383026367
963.2000000000 2.5385381322
963.3000000000 2.5390413783
963.4000000000 2.5393931473
963.5000000000 2.5398642848
963.6000000000 2.5404561994
963.7000000000 2.5396167966
963.8000000000 2.5397446243
963.9000000000 2.5399657306
964.0000000000 2.5402543521
964.1000000000 2.5405466712
964.2000000000 2.5404493059
964.3000000000 2.5406302926
964.4000000000 2.5406059743
964.5000000000 2.5416482924
964.6000000000 2.5420654266
964.7000000000 2.5418144320
964.8000000000 2.5425971203
964.9000000000 2.5420532316
965.0000000000 2.5421953422
965.1000000000 2.5426392871
965.2000000000 2.5422922041
965.3000000000 2.5427401092
965.4000000000 2.5428240767
965.5000000000 2.5435179757
965.6000000000 2.5432521991
965.7000000000 2.5436218722
965.8000000000 2.5448013143
965.9000000000 2.5448430928
966.0000000000 2.5447899860
966.1000000000 2.5447957002
966.2000000000 2.5451633392
966.3000000000 2.5450991483
966.4000000000 2.5460255751
966.5000000000 2.5457429283
966.6000000000 2.5455393520
966.7000000000 2.5456701687
966.8000000000 2.5461300368
966.9000000000 2.5456934857
967.0000000000 2.5461969622
967.1000000000 2.5459277380
967.2000000000 2.5457147908
967.3000000000 2.5454714112
967.4000000000 2.5458189438
967.5000000000 2.5458054743
967.6000000000 2.5461800666
967.7000000000 2.5463655667
967.8000000000 2.5453208220
967.9000000000 2.5450065459
968.0000000000 2.5451282157
968.1000000000 2.5450812686
968.2000000000 2.5458245408
968.3000000000 2.5455376317
968.4000000000 2.5459253755
968.5000000000 2.5451469150
968.6000000000 2.5447788742
968.7000000000 2.5449513720
968.8000000000 2.5455447338
968.9000000000 2.5451557874
969.0000000000 2.5448050234
969.1000000000 2.5448604537
969.2000000000 2.5451721452
969.3000000000 2.5453225295
969.4000000000 2.5448176379
969.5000000000 2.5441900106
969.6000000000 2.5440183602
969.7000000000 2.5436747224
969.8000000000 2.5433336457
969.9000000000 2.5435996110
970.0000000000 2.5438890281
970.1000000000 2.5443499267
970.2000000000 2.5435540788
970.3000000000 2.5438592660
970.4000000000 2.5441418478
970.5000000000 2.5439529319
970.6000000000 2.5442979694
970.7000000000 2.5439926563
970.8000000000 2.5438905960
970.9000000000 2.5432442540
971.0000000000 2.5436626689
971.1000000000 2.5437781019
971.2000000000 2.5436105123
971.3000000000 2.5429911180
971.4000000000 2.5431457039
971.5000000000 2.5428731472
971.6000000000 2.5424027255
971.7000000000 2.5426676431
971.8000000000 2.5421251821
971.9000000000 2.5435216903
972.0000000000 2.5435646615
972.1000000000 2.5432643188
972.2000000000 2.5431435651
972.3000000000 2.5433213153
972.4000000000 2.5430717397
972.5000000000 2.5426998513
972.6000000000 2.5437226056
972.7000000000 2.5437490125
972.8000000000 2.5438230466
972.9000000000 2.5439779457
973.0000000000 2.5439173255
973.1000000000 2.5443711599
973.2000000000 2.5442928427
973.3000000000 2.5442483975
973.4000000000 2.5436757895
973.5000000000 2.5439234868
973.6000000000 2.5433797502
973.7000000000 2.5430084773
973.8000000000 2.5431951249
973.9000000000 2.5423018775
974.0000000000 2.5427203975
974.1000000000 2.5423799427
974.2000000000 2.5415383307
974.3000000000 2.5415697505
974.4000000000 2.5420258050
974.5000000000 2.5424188499
974.6000000000 2.5420253828
974.7000000000 2.5413553655
974.8000000000 2.5413310965
974.9000000000 2.5418469186
975.0000000000 2.5426249797
975.1000000000 2.5422801490
975.2000000000 2.5426938231
975.3000000000 2.5435282363
975.4000000000 2.5435306944
975.5000000000 2.5428428780
975.6000000000 2.5438374592
975.7000000000 2.5430570315
975.8000000000 2.5429839446
975.9000000000 2.5431960556
976.0000000000 2.5422797428
976.1000000000 2.5427003801
976.2000000000 2.5425375576
976.3000000000 2.5432338159
976.4000000000 2.5423122001
976.5000000000 2.5420012504
976.6000000000 2.5424093540
976.7000000000 2.5421990617
976.8000000000 2.5421849442
976.9000000000 2.5416050719
977.0000000000 2.5412135307
977.1000000000 2.5418101292
977.2000000000 2.5421645557
977.3000000000 2.5417254535
977.4000000000 2.5420291095
977.5000000000 2.5416560667
977.6000000000 2.5415113864
977.7000000000 2.5411837215
977.8000000000 2.5409645480
977.9000000000 2.5411733850
978.0000000000 2.5412712481
978.1000000000 2.5416905776
978.2000000000 2.5409937566
978.3000000000 2.5415154479
978.4000000000 2.5415133736
978.5000000000 2.5412137805
978.6000000000 2.5409660376
978.7000000000 2.5412928732
978.8000000000 2.5416587438
978.9000000000 2.5415375769
979.0000000000 2.5405470322
979.1000000000 2.5406284076
979.2000000000 2.5409976983
979.3000000000 2.5412953035
979.4000000000 2.5414148801
979.5000000000 2.5409875194
979.6000000000 2.5412767724
979.7000000000 2.5417671916
979.8000000000 2.5415008822
979.9000000000 2.5410091411
980.0000000000 2.5420018907
980.1000000000 2.5411743003
980.2000000000 2.5405202812
980.3000000000 2.5406062598
980.4000000000 2.5405309825
980.5000000000 2.5415558609
980.6000000000 2.5419174347
980.7000000000 2.5422490441
980.8000000000 2.5413563808
980.9000000000 2.5417910912
981.0000000000 2.5419322145
981.1000000000 2.5431577816
981.2000000000 2.5431048154
981.3000000000 2.5435130667
981.4000000000 2.5441162130
981.5000000000 2.5440266463
981.6000000000 2.5444447378
981.7000000000 2.5441604024
981.8000000000 2.5436661440
981.9000000000 2.5438280005
982.0000000000 2.5434630431
982.1000000000 2.5422953547
982.2000000000 2.5425173779
982.3000000000 2.5427327211
982.4000000000 2.5419684401
982.5000000000 2.5419018684
982.6000000000 2.5425357587
982.7000000000 2.5430369819
982.8000000000 2.5435814775
982.9000000000 2.5431897178
983.0000000000 2.5439992556
983.1000000000 2.5439652927
983.2000000000 2.5440991928
983.3000000000 2.5438709687
983.4000000000 2.5435608277
983.5000000000 2.5437219146
983.6000000000 2.5437070949
983.7000000000 2.5437550214
983.8000000000 2.5428735213
983.9000000000 2.5432474550
984.0000000000 2.5421531878
984.1000000000 2.5418056879
984.2000000000 2.5425460141
984.3000000000 2.5425197440
984.4000000000 2.5421904613
984.5000000000 2.5421821316
984.6000000000 2.5420093304
984.7000000000 2.5415895348
984.8000000000 2.5422869644
984.9000000000 2.5424696120
985.0000000000 2.5425713303
985.1000000000 2.5434528976
985.2000000000 2.5425931557
985.3000000000 2.5424445887
985.4000000000 2.5433616313
985.5000000000 2.5426170863
985.6000000000 2.5425078040
985.7000000000 2.5421645702
985.8000000000 2.5419802170
985.9000000000 2.5426986303
986.0000000000 2.5422873249
986.1000000000 2.5422825127
986.2000000000 2.5414273221
986.3000000000 2.5414052639
986.4000000000 2.5416490990
986.5000000000 2.5411351783
986.6000000000 2.5428292892
986.7000000000 2.5434766244
986.8000000000 2.5434696094
986.9000000000 2.5437914628
987.0000000000 2.5434031230
987.1000000000 2.5436879515
987.2000000000 2.5435715522
987.3000000000 2.5434834436
987.4000000000 2.5431790481
987.5000000000 2.5434621984
987.6000000000 2.5435112265
987.7000000000 2.5433277170
987.8000000000 2.5427446246
987.9000000000 2.5426692275
988.0000000000 2.5431247946
988.1000000000 2.5431103467
988.2000000000 2.5428139369
988.3000000000 2.5420849544
988.4000000000 2.5417134759
988.5000000000 2.5421143454
988.6000000000 2.5415795467
988.7000000000 2.5418574135
988.8000000000 2.5412711671
988.9000000000 2.5416612659
989.0000000000 2.5420341907
989.1000000000 2.5421323581
989.2000000000 2.5426173709
989.3000000000 2.5418695451
989.4000000000 2.5431533781
989.5000000000 2.5431304923
989.6000000000 2.5427594190
989.7000000000 2.5422759003
989.8000000000 2.5432870082
989.9000000000 2.5443471282
990.0000000000 2.5443002368
990.1000000000 2.5445399765
990.2000000000 2.5450483504
990.3000000000 2.5442544709
990.4000000000 2.5446044942
990.5000000000 2.5440284063
990.6000000000 2.5440450962
990.7000000000 2.5448647941
990.8000000000 2.5438912697
990.9000000000 2.5438276232
991.0000000000 2.5441924609
991.1000000000 2.5440334479
991.2000000000 2.5439578032
991.3000000000 2.5444191324
991.4000000000 2.5454016825
991.5000000000 2.5451417606
991.6000000000 2.5449653882
991.7000000000 2.5453733454
991.8000000000 2.5451892438
991.9000000000 2.5458017745
992.0000000000 2.5449319158
992.1000000000 2.5455640444
992.2000000000 2.5452974628
992.3000000000 2.5455509002
992.4000000000 2.5453306356
992.5000000000 2.5466473537
992.6000000000 2.5455133304
992.7000000000 2.5455308525
992.8000000000 2.5455191114
992.9000000000 2.5455724692
993.0000000000 2.5458065021
993.1000000000 2.5450016635
993.2000000000 2.5446875601
993.3000000000 2.5445567535
993.4000000000 2.5458224581
993.5000000000 2.5454518553
993.6000000000 2.5464904835
993.7000000000 2.5459674591
993.8000000000 2.5461582956
993.9000000000 2.5459028121
994.0000000000 2.5457755584
994.1000000000 2.5465371724
994.2000000000 2.5461948429
994.3000000000 2.5462842785
994.4000000000 2.5463420334
994.5000000000 2.5473631317
994.6000000000 2.5469105792
994.7000000000 2.5476697852
994.8000000000 2.5478093681
994.9000000000 2.5480544958
995.0000000000 2.5477236613
995.1000000000 2.5473994345
995.2000000000 2.5481132443
995.3000000000 2.5485944027
995.4000000000 2.5489485803
995.5000000000 2.5485680168
995.6000000000 2.5484624460
995.7000000000 2.5477651894
995.8000000000 2.5486386291
995.9000000000 2.5490120013
996.0000000000 2.5487661901
996.1000000000 2.5498128952
996.2000000000 2.5501209198
996.3000000000 2.5492438166
996.4000000000 2.5488290059
996.5000000000 2.5487959472
996.6000000000 2.5481846808
996.7000000000 2.5477549239
996.8000000000 2.5481077402
996.9000000000 2.5484937317
997.0000000000 2.5476082659
997.1000000000 2.5476060118
997.2000000000 2.5468899739
997.3000000000 2.5470062022
997.4000000000 2.5469578252
997.5000000000 2.5473756761
997.6000000000 2.5473283365
997.7000000000 2.5475883925
997.8000000000 2.5469273629
997.9000000000 2.5470856360
998.0000000000 2.5467026377
998.1000000000 2.5467508087
998.2000000000 2.5461994335
998.3000000000 2.5471192859
998.4000000000 2.5463540208
998.5000000000 2.5470235909
998.6000000000 2.5475555661
998.7000000000 2.5485754489
998.8000000000 2.5480521180
998.9000000000 2.5478615444
999.0000000000 2.5477002410
999.1000000000 2.5480372176
999.2000000000 2.5482786092
999.3000000000 2.5476242617
999.4000000000 2.5476305562
999.5000000000 2.5473525425
999.6000000000 2.5467935280
999.7000000000 2.5471213741
999.8000000000 2.5461380998
999.9000000000 2.5471853271
1000.0000000000 2.5461717663
1000.1000000000 2.5465208316
1000.2000000000 2.5465640949
1000.3000000000 2.5463794326
1000.4000000000 2.5463082263
1000.5000000000 2.5464554784
1000.6000000000 2.5465582754
1000.7000000000 2.5470632872
1000.8000000000 2.5468558050
1000.9000000000 2.5462814436
1001.0000000000 2.5461751450
1001.1000000000 2.5473313920
1001.2000000000 2.5469483643
1001.3000000000 2.5468331398
1001.4000000000 2.5468915974
1001.5000000000 2.5463482806
1001.6000000000 2.5468863984
1001.7000000000 2.5467685963
1001.8000000000 2.5466568000
1001.9000000000 2.5463819688
1002.0000000000 2.5461053026
1002.1000000000 2.5461646766
1002.2000000000 2.5461514549
1002.3000000000 2.5461131063
1002.4000000000 2.5454279405
1002.5000000000 2.5456814296
1002.6000000000 2.5458375855
1002.7000000000 2.5452008287
1002.8000000000 2.5460092096
1002.9000000000 2.5461271487
1003.0000000000 2.5463045999
1003.1000000000 2.5464114720
1003.2000000000 2.5467513370
1003.3000000000 2.5470670948
1003.4000000000 2.5463927286
1003.5000000000 2.5462327522
1003.6000000000 2.5458627637
1003.7000000000 2.5458044092
1003.8000000000 2.5456510336
1003.9000000000 2.5457969604
1004.0000000000 2.5457992743
1004.1000000000 2.5458531201
1004.2000000000 2.5460015615
1004.3000000000 2.5455109093
1004.4000000000 2.5459294522
1004.5000000000 2.5458973445
1004.6000000000 2.5457634913
1004.7000000000 2.5457105387
1004.8000000000 2.5461101476
1004.9000000000 2.5458661897
1005.0000000000 2.5462198965
1005.1000000000 2.5463530267
1005.2000000000 2.5466458989
1005.3000000000 2.5461749047
1005.4000000000 2.5461145616
1005.5000000000 2.5462515980
1005.6000000000 2.5465779117
1005.7000000000 2.5474476642
1005.8000000000 2.5479176530
1005.9000000000 2.5483320189
1006.0000000000 2.5491432458
1006.1000000000 2.5484886463
1006.2000000000 2.5497078614
1006.3000000000 2.5494562768
1006.4000000000 2.5492009211
1006.5000000000 2.5502914251
1006.6000000000 2.5492409739
1006.7000000000 2.5497091381
1006.8000000000 2.5494008007
1006.9000000000 2.5505129667
1007.0000000000 2.5514273752
1007.1000000000 2.5517895128
1007.2000000000 2.5520414915
1007.3000000000 2.5521427888
1007.4000000000 2.5515300537
1007.5000000000 2.5512532973
1007.6000000000 2.5511949841
1007.7000000000 2.5510684138
1007.8000000000 2.5509008907
1007.9000000000 2.5503167881
1008.0000000000 2.5504709995
1008.1000000000 2.5509132885
1008.2000000000 2.5507365869
1008.3000000000 2.5512825720
1008.4000000000 2.5511201224
1008.5000000000 2.5512100310
1008.6000000000 2.5499801881
1008.7000000000 2.5503832675
1008.8000000000 2.5495228994
1008.9000000000 2.5491528952
1009.0000000000 2.5496422684
1009.1000000000 2.5494478376
1009.2000000000 2.5488087160
1009.3000000000 2.5497735755
1009.4000000000 2.5495139479
1009.5000000000 2.5501246392
1009.6000000000 2.5496118370
1009.7000000000 2.5493212496
1009.8000000000 2.5500185326
1009.9000000000 2.5500114367
1010.0000000000 2.5501862702
1010.1000000000 2.5503767336
1010.2000000000 2.5499378517
1010.3000000000 2.5495115150
1010.4000000000 2.5493885087
1010.5000000000 2.5496836830
1010.6000000000 2.5499141477
1010.7000000000 2.5496889692
1010.8000000000 2.5495342946
1010.9000000000 2.5498929991
1011.0000000000 2.5495071667
1011.1000000000 2.5506008477
1011.2000000000 2.5502838687
1011.3000000000 2.5505048027
1011.4000000000 2.5505318835
1011.5000000000 2.5496338565
1011.6000000000 2.5493801351
1011.7000000000 2.5495586620
1011.8000000000 2.5487041514
1011.9000000000 2.5489885624
1012.0000000000 2.5493806176
1012.1000000000 2.5501495422
1012.2000000000 2.5494112311
1012.3000000000 2.5497656056
1012.4000000000 2.5493558201
1012.5000000000 2.5489351451
1012.6000000000 2.5497910398
1012.7000000000 2.5495759182
1012.8000000000 2.5496094881
1012.9000000000 2.5496474825
1013.0000000000 2.5495710004
1013.1000000000 2.5497673938
1013.2000000000 2.5504029238
1013.3000000000 2.5500868737
1013.4000000000 2.5494590497
1013.5000000000 2.5496485422
1013.6000000000 2.5500388377
1013.7000000000 2.5504393347
1013.8000000000 2.5498108994
1013.9000000000 2.5500859657
1014.0000000000 2.5492304330
1014.1000000000 2.5488441617
1014.2000000000 2.5487492898
1014.3000000000 2.5489954373
1014.4000000000 2.5488249179
1014.5000000000 2.5484474332
1014.6000000000 2.5480526817
1014.7000000000 2.5487252683
1014.8000000000 2.5497197844
1014.9000000000 2.5500194094
1015.0000000000 2.5499989644
1015.1000000000 2.5502293084
1015.2000000000 2.5497314517
1015.3000000000 2.5493929720
1015.4000000000 2.5501807831
1015.5000000000 2.5503783669
1015.6000000000 2.5506957388
1015.7000000000 2.5506764349
1015.8000000000 2.5510089644
1015.9000000000 2.5504692059
1016.0000000000 2.5511589009
1016.1000000000 2.5517064398
1016.2000000000 2.5519087104
1016.3000000000 2.5506109493
1016.4000000000 2.5504202175
1016.5000000000 2.5501471720
1016.6000000000 2.5502560229
1016.7000000000 2.5510532131
1016.8000000000 2.5506981603
1016.9000000000 2.5505801505
1017.0000000000 2.5507788218
1017.1000000000 2.5510049314
1017.2000000000 2.5514083174
1017.3000000000 2.5507741391
1017.4000000000 2.5504017418
1017.5000000000 2.5505916623
1017.6000000000 2.5517801829
1017.7000000000 2.5530161416
1017.8000000000 2.5538423123
1017.9000000000 2.5529395083
1018.0000000000 2.5533072715
1018.1000000000 2.5525081548
1018.2000000000 2.5526316875
1018.3000000000 2.5526249029
1018.4000000000 2.5537741885
1018.5000000000 2.5543566818
1018.6000000000 2.5540692212
1018.7000000000 2.5540355231
1018.8000000000 2.5542271630
1018.9000000000 2.5546491862
1019.0000000000 2.5543386730
1019.1000000000 2.5543260527
1019.2000000000 2.5546328292
1019.3000000000 2.5552162757
1019.4000000000 2.5552532710
1019.5000000000 2.5552294261
1019.6000000000 2.5546227959
1019.7000000000 2.5549543320
1019.8000000000 2.5544189672
1019.9000000000 2.5537652229
1020.0000000000 2.5543063557
1020.1000000000 2.5536580818
1020.2000000000 2.5538997163
1020.3000000000 2.5531723690
1020.4000000000 2.5536103983
1020.5000000000 2.5539662068
1020.6000000000 2.5534589794
1020.7000000000 2.5542585576
1020.8000000000 2.5539770337
1020.9000000000 2.5530965946
1021.0000000000 2.5532061427
1021.1000000000 2.5536891966
1021.2000000000 2.5536075036
1021.3000000000 2.5535634737
1021.4000000000 2.5527421760
1021.5000000000 2.5532787245
1021.6000000000 2.5535288063
1021.7000000000 2.5524315419
1021.8000000000 2.5516139809
1021.9000000000 2.5527837926
1022.0000000000 2.5527484930
1022.1000000000 2.5529830642
1022.2000000000 2.5523012144
1022.3000000000 2.5533744009
1022.4000000000 2.5526560724
1022.5000000000 2.5531445176
1022.6000000000 2.5529745977
1022.7000000000 2.5532444375
1022.8000000000 2.5530908421
1022.9000000000 2.5523895914
1023.0000000000 2.5527979084
1023.1000000000 2.5523646534
1023.2000000000 2.5514822397
1023.3000000000 2.5519576386
1023.4000000000 2.5519980167
1023.5000000000 2.5515219637
1023.6000000000 2.5512609918
1023.7000000000 2.5512648126
1023.8000000000 2.5512905717
1023.9000000000 2.5512631102
1024.0000000000 2.5511047387
1024.1000000000 2.5503207199
1024.2000000000 2.5504054777
1024.3000000000 2.5499438964
1024.4000000000 2.5495935815
1024.5000000000 2.5498561710
1024.6000000000 2.5507254134
1024.7000000000 2.5511730054
1024.8000000000 2.5515525909
1024.9000000000 2.5514172018
1025.0000000000 2.5514206522
1025.1000000000 2.5508887893
1025.2000000000 2.5507264819
1025.3000000000 2.5514928394
1025.4000000000 2.5515061209
1025.5000000000 2.5513587005
1025.6000000000 2.5517963860
1025.7000000000 2.5517728636
1025.8000000000 2.5513979638
1025.9000000000 2.5507409973
1026.0000000000 2.5507227917
1026.1000000000 2.5506617349
1026.2000000000 2.5516505710
1026.3000000000 2.5514428033
1026.4000000000 2.5518844520
1026.5000000000 2.5512167641
1026.6000000000 2.5520039541
1026.7000000000 2.5523532853
1026.8000000000 2.5512413875
1026.9000000000 2.5515862463
1027.0000000000 2.5516586227
1027.1000000000 2.5510659496
1027.2000000000 2.5517338321
1027.3000000000 2.5508716832
1027.4000000000 2.5514232782
1027.5000000000 2.5514060766
1027.6000000000 2.5508676107
1027.7000000000 2.5509970193
1027.8000000000 2.5508862508
1027.9000000000 2.5510999807
1028.0000000000 2.5509135107
1028.1000000000 2.5509961179
1028.2000000000 2.5508526474
1028.3000000000 2.5504598636
1028.4000000000 2.5504461352
1028.5000000000 2.5500875416
1028.6000000000 2.5497168244
1028.7000000000 2.5490956725
1028.8000000000 2.5497680506
1028.9000000000 2.5501903887
1029.0000000000 2.5501374635
1029.1000000000 2.5501050318
1029.2000000000 2.5498178735
1029.3000000000 2.5502311792
1029.4000000000 2.5508638570
1029.5000000000 2.5502982863
1029.6000000000 2.5498313696
1029.7000000000 2.5496058330
1029.8000000000 2.5491024377
1029.9000000000 2.5492387802
1030.0000000000 2.5494704918
1030.1000000000 2.5487643012
1030.2000000000 2.5481034958
1030.3000000000 2.5484381178
1030.4000000000 2.5475529015
1030.5000000000 2.5483600356
1030.6000000000 2.5480995429
1030.7000000000 2.5474626430
1030.8000000000 2.5476275977
1030.9000000000 2.5476564706
1031.0000000000 2.5478846651
1031.1000000000 2.5480454457
1031.2000000000 2.5482175461
1031.3000000000 2.5483614597
1031.4000000000 2.5487439515
1031.5000000000 2.5484466207
1031.6000000000 2.5476646116
1031.7000000000 2.5477060671
1031.8000000000 2.5482143598
1031.9000000000 2.5490542309
1032.0000000000 2.5488748213
1032.1000000000 2.5486463588
1032.2000000000 2.5485784685
1032.3000000000 2.5492866749
1032.4000000000 2.5488650714
1032.5000000000 2.5494295605
1032.6000000000 2.5492230530
1032.7000000000 2.5498131632
1032.8000000000 2.5502168928
1032.9000000000 2.5495537393
1033.0000000000 2.5487409642
1033.1000000000 2.5493612526
1033.2000000000 2.5491865893
1033.3000000000 2.5500260948
1033.4000000000 2.5497694484
1033.5000000000 2.5497680554
1033.6000000000 2.5509414042
1033.7000000000 2.5509981150
1033.8000000000 2.5513462124
1033.9000000000 2.5526637425
1034.0000000000 2.5523304569
1034.1000000000 2.5527167799
1034.2000000000 2.5525434882
1034.3000000000 2.5525274339
1034.4000000000 2.5524630843
1034.5000000000 2.5526612689
1034.6000000000 2.5524753456
1034.7000000000 2.5528657449
1034.8000000000 2.5525953934
1034.9000000000 2.5534209222
1035.0000000000 2.5529320175
1035.1000000000 2.5528697186
1035.2000000000 2.5524810213
1035.3000000000 2.5528546460
1035.4000000000 2.5517046855
1035.5000000000 2.5517861607
1035.6000000000 2.5514520850
1035.7000000000 2.5518174473
1035.8000000000 2.5516834663
1035.9000000000 2.5516930874
1036.0000000000 2.5512909386
1036.1000000000 2.5508714407
1036.2000000000 2.5499515661
1036.3000000000 2.5497576990
1036.4000000000 2.5502782077
1036.5000000000 2.5496770823
1036.6000000000 2.5501215943
1036.7000000000 2.5506385009
1036.8000000000 2.5514903108
1036.9000000000 2.5517360701
1037.0000000000 2.5507229238
1037.1000000000 2.5510593291
1037.2000000000 2.5505094806
1037.3000000000 2.5503229547
1037.4000000000 2.5508069531
1037.5000000000 2.5507907730
1037.6000000000 2.5510254431
1037.7000000000 2.5513051518
1037.8000000000 2.5516815639
1037.9000000000 2.5513500580
1038.0000000000 2.5512839232
1038.1000000000 2.5501006957
1038.2000000000 2.5502500720
1038.3000000000 2.5504964755
1038.4000000000 2.5510145680
1038.5000000000 2.5512582509
1038.6000000000 2.5512159070
1038.7000000000 2.5521719238
1038.8000000000 2.5528511688
1038.9000000000 2.5526916115
1039.0000000000 2.5517371409
1039.1000000000 2.5520043011
1039.2000000000 2.5525041831
1039.3000000000 2.5514049127
1039.4000000000 2.5518113463
1039.5000000000 2.5512073662
1039.6000000000 2.5517631038
1039.7000000000 2.5519117784
1039.8000000000 2.5512014979
1039.9000000000 2.5517792438
1040.0000000000 2.5524924759
1040.1000000000 2.5519928891
1040.2000000000 2.5516463595
1040.3000000000 2.5523724828
1040.4000000000 2.5519022877
1040.5000000000 2.5519239165
1040.6000000000 2.5520364634
1040.7000000000 2.5517442674
1040.8000000000 2.5520309620
1040.9000000000 2.5521683288
1041.0000000000 2.5522047440
1041.1000000000 2.5518127891
1041.2000000000 2.5514094215
1041.3000000000 2.5518676901
1041.4000000000 2.5512951501
1041.5000000000 2.5513522480
1041.6000000000 2.5506634174
1041.7000000000 2.5501018792
1041.8000000000 2.5504766190
1041.9000000000 2.5504034158
1042.0000000000 2.5509091958
1042.1000000000 2.5510481686
1042.2000000000 2.5514876444
1042.3000000000 2.5500836664
1042.4000000000 2.5498668407
1042.5000000000 2.5504600621
1042.6000000000 2.5505158278
1042.7000000000 2.5504298305
1042.8000000000 2.5511639513
1042.9000000000 2.5511143482
1043.0000000000 2.5506947382
1043.1000000000 2.5505664645
1043.2000000000 2.5491479845
1043.3000000000 2.5498665509
1043.4000000000 2.5509723020
1043.5000000000 2.5506655794
1043.6000000000 2.5512925549
1043.7000000000 2.5505516925
1043.8000000000 2.5494187980
1043.9000000000 2.5499201268
1044.0000000000 2.5500731368
1044.1000000000 2.5500793024
1044.2000000000 2.5499870704
1044.3000000000 2.5506250274
1044.4000000000 2.5501948688
1044.5000000000 2.5506754778
1044.6000000000 2.5514193766
1044.7000000000 2.5513030887
1044.8000000000 2.5506884195
1044.9000000000 2.5501944021
1045.0000000000 2.5511240696
1045.1000000000 2.5512038959
1045.2000000000 2.5506297013
1045.3000000000 2.5507311017
1045.4000000000 2.5510122716
1045.5000000000 2.5514744544
1045.6000000000 2.5508627095
1045.7000000000 2.5512402679
1045.8000000000 2.5509011992
1045.9000000000 2.5507914545
1046.0000000000 2.5506576383
1046.1000000000 2.5503269033
1046.2000000000 2.5505899438
1046.3000000000 2.5505458101
1046.4000000000 2.5505320980
1046.5000000000 2.5504660144
1046.6000000000 2.5507482209
1046.7000000000 2.5506515710
1046.8000000000 2.5509992720
1046.9000000000 2.5508754894
1047.0000000000 2.5511259902
1047.1000000000 2.5500668759
1047.2000000000 2.5505515031
1047.3000000000 2.5515608832
1047.4000000000 2.5507807228
1047.5000000000 2.5505684402
1047.6000000000 2.5499337467
1047.7000000000 2.5501798375
1047.8000000000 2.5508946067
1047.9000000000 2.5508501199
1048.0000000000 2.5499258924
1048.1000000000 2.5495730125
1048.2000000000 2.5501804987
1048.3000000000 2.5496928481
1048.4000000000 2.5490134053
1048.5000000000 2.5487242469
1048.6000000000 2.5489090026
1048.7000000000 2.5489702833
1048.8000000000 2.5488576882
1048.9000000000 2.5487194600
1049.0000000000 2.5484308111
1049.1000000000 2.5476391952
1049.2000000000 2.5482172941
1049.3000000000 2.5482755348
1049.4000000000 2.5488440388
1049.5000000000 2.5493548265
1049.6000000000 2.5489844907
1049.7000000000 2.5497766171
1049.8000000000 2.5495149135
1049.9000000000 2.5493461855
1050.0000000000 2.5488070959
1050.1000000000 2.5482001471
1050.2000000000 2.5481666358
1050.3000000000 2.5483837500
1050.4000000000 2.5488931883
1050.5000000000 2.5490462574
1050.6000000000 2.5488765397
1050.7000000000 2.5496544272
1050.8000000000 2.5501539380
1050.9000000000 2.5504457492
1051.0000000000 2.5506276476
1051.1000000000 2.5501678179
1051.2000000000 2.5498096474
1051.3000000000 2.5497374677
1051.4000000000 2.5493206549
1051.5000000000 2.5487227821
1051.6000000000 2.5487608141
1051.7000000000 2.5497094260
1051.8000000000 2.5499357369
1051.9000000000 2.5501999108
1052.0000000000 2.5505162986
1052.1000000000 2.5511711366
1052.2000000000 2.5517058206
1052.3000000000 2.5517948109
1052.4000000000 2.5506751702
1052.5000000000 2.5509354153
1052.6000000000 2.5508811719
1052.7000000000 2.5516860759
1052.8000000000 2.5515816846
1052.9000000000 2.5509964275
1053.0000000000 2.5522816173
1053.1000000000 2.5523298571
1053.2000000000 2.5520969857
1053.3000000000 2.5526051512
1053.4000000000 2.5522148914
1053.5000000000 2.5524001194
1053.6000000000 2.5526648103
1053.7000000000 2.5528437043
1053.8000000000 2.5529738915
1053.9000000000 2.5534660352
1054.0000000000 2.5537830642
1054.1000000000 2.5532933322
1054.2000000000 2.5531126716
1054.3000000000 2.5525078782
1054.4000000000 2.5533815647
1054.5000000000 2.5541138788
1054.6000000000 2.5540598251
1054.7000000000 2.5541588879
1054.8000000000 2.5540863280
1054.9000000000 2.5545539507
1055.0000000000 2.5541266380
1055.1000000000 2.5541142745
1055.2000000000 2.5541712099
1055.3000000000 2.5547846127
1055.4000000000 2.5541934408
1055.5000000000 2.5543815245
1055.6000000000 2.5538764105
1055.7000000000 2.5544092728
1055.8000000000 2.5539148571
1055.9000000000 2.5551159476
1056.0000000000 2.5551559086
1056.1000000000 2.5546140584
1056.2000000000 2.5551191248
1056.3000000000 2.5546672535
1056.4000000000 2.5552404339
1056.5000000000 2.5551999153
1056.6000000000 2.5551479114
1056.7000000000 2.5551652201
1056.8000000000 2.5548574058
1056.9000000000 2.5547253425
1057.0000000000 2.5554305426
1057.1000000000 2.5553380421
1057.2000000000 2.5559075623
1057.3000000000 2.5559530441
1057.4000000000 2.5559980128
1057.5000000000 2.5557931023
1057.6000000000 2.5550334871
1057.7000000000 2.5558109217
1057.8000000000 2.5550666690
1057.9000000000 2.5546399733
1058.0000000000 2.5555437764
1058.1000000000 2.5553177404
1058.2000000000 2.5556056707
1058.3000000000 2.5557615654
1058.4000000000 2.5557253868
1058.5000000000 2.5554851428
1058.6000000000 2.5561908037
1058.7000000000 2.5558390015
1058.8000000000 2.5565666820
1058.9000000000 2.5557987522
1059.0000000000 2.5560598530
1059.1000000000 2.5557313582
1059.2000000000 2.5556596671
1059.3000000000 2.5552993489
1059.4000000000 2.5540854555
1059.5000000000 2.5538490459
1059.6000000000 2.5542560553
1059.7000000000 2.5555502823
1059.8000000000 2.5558358233
1059.9000000000 2.5552778622
1060.0000000000 2.5551774960
1060.1000000000 2.5544697575
1060.2000000000 2.5548675971
1060.3000000000 2.5544455276
1060.4000000000 2.5544545630
1060.5000000000 2.5546309918
1060.6000000000 2.5551021990
1060.7000000000 2.5551706278
1060.8000000000 2.5549691593
1060.9000000000 2.5564049040
1061.0000000000 2.5557898255
1061.1000000000 2.5561681866
1061.2000000000 2.5553490592
1061.3000000000 2.5548538037
1061.4000000000 2.5557192714
1061.5000000000 2.5549736156
1061.6000000000 2.5561321273
1061.7000000000 2.5560971537
1061.8000000000 2.5560605420
1061.9000000000 2.5553200455
1062.0000000000 2.5549326703
1062.1000000000 2.5560063839
1062.2000000000 2.5550294124
1062.3000000000 2.5556960812
1062.4000000000 2.5561519053
1062.5000000000 2.5560079127
1062.6000000000 2.5561697454
1062.7000000000 2.5566169521
1062.8000000000 2.5561529528
1062.9000000000 2.5566353050
1063.0000000000 2.5565242633
1063.1000000000 2.5567942677
1063.2000000000 2.5571714133
1063.3000000000 2.5571643157
1063.4000000000 2.5574063091
1063.5000000000 2.5576669711
1063.6000000000 2.5575892243
1063.7000000000 2.5576531906
1063.8000000000 2.5583690291
1063.9000000000 2.5587269494
1064.0000000000 2.5590026121
1064.1000000000 2.5588030854
1064.2000000000 2.5588340376
1064.3000000000 2.5591551755
1064.4000000000 2.5594077736
1064.5000000000 2.5590611295
1064.6000000000 2.5584647766
1064.7000000000 2.5582103463
1064.8000000000 2.5584205782
1064.9000000000 2.5578668984
1065.0000000000 2.5581626286
1065.1000000000 2.5585380811
1065.2000000000 2.5581419223
1065.3000000000 2.5575654513
1065.4000000000 2.5580355077
1065.5000000000 2.5578775703
1065.6000000000 2.5576527378
1065.7000000000 2.5577950847
1065.8000000000 2.5575778801
1065.9000000000 2.5582989636
1066.0000000000 2.5581554745
1066.1000000000 2.5577430071
1066.2000000000 2.5574508656
1066.3000000000 2.5570685863
1066.4000000000 2.5570228598
1066.5000000000 2.5576062607
1066.6000000000 2.5578699685
1066.7000000000 2.5573219682
1066.8000000000 2.5578648855
1066.9000000000 2.5572732478
1067.0000000000 2.5569634771
1067.1000000000 2.5568675794
1067.2000000000 2.5568168034
1067.3000000000 2.5562658182
1067.4000000000 2.5561610653
1067.5000000000 2.5560637642
1067.6000000000 2.5558404004
1067.7000000000 2.5558348965
1067.8000000000 2.5556524655
1067.9000000000 2.5553225780
1068.0000000000 2.5557932174
1068.1000000000 2.5562210242
1068.2000000000 2.5559559924
1068.3000000000 2.5552924260
1068.4000000000 2.5556883200
1068.5000000000 2.5560716990
1068.6000000000 2.5552377673
1068.7000000000 2.5557777859
1068.8000000000 2.5550550909
1068.9000000000 2.5551480330
1069.0000000000 2.5553615224
1069.1000000000 2.5554467854
1069.2000000000 2.5554425341
1069.3000000000 2.5564431732
1069.4000000000 2.5564392799
1069.5000000000 2.5564899561
1069.6000000000 2.5561473572
1069.7000000000 2.5567164030
1069.8000000000 2.5568096327
1069.9000000000 2.5565244079
1070.0000000000 2.5553497739
1070.1000000000 2.5553351247
1070.2000000000 2.5554898578
1070.3000000000 2.5556944577
1070.4000000000 2.5553252622
1070.5000000000 2.5554632308
1070.6000000000 2.5551712171
1070.7000000000 2.5555766814
1070.8000000000 2.5553666887
1070.9000000000 2.5561372262
1071.0000000000 2.5552411072
1071.1000000000 2.5555284851
1071.2000000000 2.5557525003
1071.3000000000 2.5562529587
1071.4000000000 2.5561778742
1071.5000000000 2.5568832418
1071.6000000000 2.5566356507
1071.7000000000 2.5570574726
1071.8000000000 2.5567776288
1071.9000000000 2.5568498207
1072.0000000000 2.5557760194
1072.1000000000 2.5557580854
1072.2000000000 2.5562594299
1072.3000000000 2.5562146843
1072.4000000000 2.5556702635
1072.5000000000 2.5558109410
1072.6000000000 2.5558017232
1072.7000000000 2.5551319051
1072.8000000000 2.5557885121
1072.9000000000 2.5563829212
1073.0000000000 2.5570901945
1073.1000000000 2.5563270051
1073.2000000000 2.5554698400
1073.3000000000 2.5556551234
1073.4000000000 2.5551927303
1073.5000000000 2.5549170639
1073.6000000000 2.5548144591
1073.7000000000 2.5561982867
1073.8000000000 2.5564330024
1073.9000000000 2.5562738173
1074.0000000000 2.5563227791
1074.1000000000 2.5556136589
1074.2000000000 2.5564957857
1074.3000000000 2.5565400273
1074.4000000000 2.5576317754
1074.5000000000 2.5566541305
1074.6000000000 2.5566403545
1074.7000000000 2.5576020612
1074.8000000000 2.5576924978
1074.9000000000 2.5578649369
1075.0000000000 2.5587501142
1075.1000000000 2.5595746460
1075.2000000000 2.5598643537
1075.3000000000 2.5601703622
1075.4000000000 2.5586982276
1075.5000000000 2.5579126967
1075.6000000000 2.5586375356
1075.7000000000 2.5591155079
1075.8000000000 2.5591214837
1075.9000000000 2.5586025658
1076.0000000000 2.5572635128
1076.1000000000 2.5569830459
1076.2000000000 2.5569175703
1076.3000000000 2.5571393435
1076.4000000000 2.5563200939
1076.5000000000 2.5565473007
1076.6000000000 2.5560734208
1076.7000000000 2.5555966108
1076.8000000000 2.5566111178
1076.9000000000 2.5565304870
1077.0000000000 2.5569861916
1077.1000000000 2.5573522712
1077.2000000000 2.5579902170
1077.3000000000 2.5577369597
1077.4000000000 2.5579350863
1077.5000000000 2.5576135110
1077.6000000000 2.5588217447
1077.7000000000 2.5588311602
1077.8000000000 2.5584838914
1077.9000000000 2.5589100163
1078.0000000000 2.5593801074
1078.1000000000 2.5586009036
1078.2000000000 2.5587854627
1078.3000000000 2.5590783477
1078.4000000000 2.5594012308
1078.5000000000 2.5593197362
1078.6000000000 2.5588380069
1078.7000000000 2.5585162189
1078.8000000000 2.5587756916
1078.9000000000 2.5581180423
1079.0000000000 2.5581023611
1079.1000000000 2.5577535460
1079.2000000000 2.5577533770
1079.3000000000 2.5575084579
1079.4000000000 2.5575158478
1079.5000000000 2.5580281951
1079.6000000000 2.5579830587
1079.7000000000 2.5578290620
1079.8000000000 2.5590355479
1079.9000000000 2.5577959369
1080.0000000000 2.5583140550
1080.1000000000 2.5585723020
1080.2000000000 2.5589864793
1080.3000000000 2.5594353650
1080.4000000000 2.5597140837
1080.5000000000 2.5592589302
1080.6000000000 2.5583622832
1080.7000000000 2.5589124577
1080.8000000000 2.5583036550
1080.9000000000 2.5587344763
1081.0000000000 2.5586807246
1081.1000000000 2.5585338445
1081.2000000000 2.5588156195
1081.3000000000 2.5595684121
1081.4000000000 2.5594556173
1081.5000000000 2.5596272937
1081.6000000000 2.5589989818
1081.7000000000 2.5591330585
1081.8000000000 2.5593475610
1081.9000000000 2.5591818557
1082.0000000000 2.5594721143
1082.1000000000 2.5603806915
1082.2000000000 2.5597318094
1082.3000000000 2.5592137082
1082.4000000000 2.5590278601
1082.5000000000 2.5590905843
1082.6000000000 2.5590378052
1082.7000000000 2.5599920106
1082.8000000000 2.5585038166
1082.9000000000 2.5600052764
1083.0000000000 2.5590908447
1083.1000000000 2.5592027491
1083.2000000000 2.5582979220
1083.3000000000 2.5591435870
1083.4000000000 2.5584026003
1083.5000000000 2.5584053882
1083.6000000000 2.5581775319
1083.7000000000 2.5583426640
1083.8000000000 2.5582175070
1083.9000000000 2.5581363936
1084.0000000000 2.5581083519
1084.1000000000 2.5580092407
1084.2000000000 2.5586272422
1084.3000000000 2.5588663589
1084.4000000000 2.5583838842
1084.5000000000 2.5584939844
1084.6000000000 2.5574904115
1084.7000000000 2.5577230744
1084.8000000000 2.5572312769
1084.9000000000 2.5562946250
1085.0000000000 2.5563962255
1085.1000000000 2.5564350299
1085.2000000000 2.5569384221
1085.3000000000 2.5562692988
1085.4000000000 2.5560316284
1085.5000000000 2.5563314029
1085.6000000000 2.5569042689
1085.7000000000 2.5573551717
1085.8000000000 2.5558029938
1085.9000000000 2.5555044346
1086.0000000000 2.5556140265
1086.1000000000 2.5552961391
1086.2000000000 2.5553495731
1086.3000000000 2.5554256760
1086.4000000000 2.5556213492
1086.5000000000 2.5553379532
1086.6000000000 2.5549187015
1086.7000000000 2.5557964515
1086.8000000000 2.5549770004
1086.9000000000 2.5551706332
1087.0000000000 2.5550852736
1087.1000000000 2.5561040426
1087.2000000000 2.5557234086
1087.3000000000 2.5547101116
1087.4000000000 2.5551528779
1087.5000000000 2.5556559720
1087.6000000000 2.5560101255
1087.7000000000 2.5558347646
1087.8000000000 2.5556706995
1087.9000000000 2.5558587449
1088.0000000000 2.5558452166
1088.1000000000 2.5558217839
1088.2000000000 2.5560363010
1088.3000000000 2.5562813714
1088.4000000000 2.5561393017
1088.5000000000 2.5570723720
1088.6000000000 2.5567285084
1088.7000000000 2.5569600814
1088.8000000000 2.5572384666
1088.9000000000 2.5576592972
1089.0000000000 2.5579051376
1089.1000000000 2.5583718828
1089.2000000000 2.5584492889
1089.3000000000 2.5583945137
1089.4000000000 2.5584829886
1089.5000000000 2.5573562456
1089.6000000000 2.5574385535
1089.7000000000 2.5577723749
1089.8000000000 2.5582435359
1089.9000000000 2.5576229147
1090.0000000000 2.5579053972
1090.1000000000 2.5580643839
1090.2000000000 2.5569913717
1090.3000000000 2.5556167071
1090.4000000000 2.5559206834
1090.5000000000 2.5559407113
1090.6000000000 2.5556792540
1090.7000000000 2.5554834293
1090.8000000000 2.5558698032
1090.9000000000 2.5554985393
1091.0000000000 2.5551459369
1091.1000000000 2.5551981320
1091.2000000000 2.5556415134
1091.3000000000 2.5552582685
1091.4000000000 2.5556559001
1091.5000000000 2.5549057252
1091.6000000000 2.5550015727
1091.7000000000 2.5544824169
1091.8000000000 2.5538748537
1091.9000000000 2.5540601537
1092.0000000000 2.5543544615
1092.1000000000 2.5540779405
1092.2000000000 2.5547399883
1092.3000000000 2.5543501506
1092.4000000000 2.5541900893
1092.5000000000 2.5534925042
1092.6000000000 2.5534538834
1092.7000000000 2.5536086714
1092.8000000000 2.5547254985
1092.9000000000 2.5551441440
1093.0000000000 2.5560189105
1093.1000000000 2.5561689968
1093.2000000000 2.5565401987
1093.3000000000 2.5566123598
1093.4000000000 2.5568735559
1093.5000000000 2.5576645922
1093.6000000000 2.5574092060
1093.7000000000 2.5568470182
1093.8000000000 2.5573666659
1093.9000000000 2.5572309224
1094.0000000000 2.5573095993
1094.1000000000 2.5578880475
1094.2000000000 2.5586098515
1094.3000000000 2.5586907926
1094.4000000000 2.5587715214
1094.5000000000 2.5585633524
1094.6000000000 2.5575373787
1094.7000000000 2.5585185628
1094.8000000000 2.5588869759
1094.9000000000 2.5602805022
1095.0000000000 2.5596674609
1095.1000000000 2.5608113736
1095.2000000000 2.5606315024
1095.3000000000 2.5604203459
1095.4000000000 2.5591554047
1095.5000000000 2.5593371101
1095.6000000000 2.5595702235
1095.7000000000 2.5597271460
1095.8000000000 2.5600390132
1095.9000000000 2.5603841701
1096.0000000000 2.5605134578
1096.1000000000 2.5599372930
1096.2000000000 2.5598329901
1096.3000000000 2.5601194777
1096.4000000000 2.5602722310
1096.5000000000 2.5593361511
1096.6000000000 2.5588278832
1096.7000000000 2.5598430891
1096.8000000000 2.5593296851
1096.9000000000 2.5593192187
1097.0000000000 2.5589545947
1097.1000000000 2.5585042274
1097.2000000000 2.5581210501
1097.3000000000 2.5579762834
1097.4000000000 2.5584961552
1097.5000000000 2.5577099744
1097.6000000000 2.5573505042
1097.7000000000 2.5575969212
1097.8000000000 2.5575853322
1097.9000000000 2.5573107232
1098.0000000000 2.5574026739
1098.1000000000 2.5576466562
1098.2000000000 2.5586538107
1098.3000000000 2.5590625983
1098.4000000000 2.5591901602
1098.5000000000 2.5595783609
1098.6000000000 2.5588393898
1098.7000000000 2.5601092637
1098.8000000000 2.5596551419
1098.9000000000 2.5588973548
1099.0000000000 2.5586450076
1099.1000000000 2.5583287559
1099.2000000000 2.5581675892
1099.3000000000 2.5584159508
1099.4000000000 2.5571173365
1099.5000000000 2.5575146899
1099.6000000000 2.5569349699
1099.7000000000 2.5567126381
1099.8000000000 2.5569873594
1099.9000000000 2.5571097647
1100.0000000000 2.5571886143
1100.1000000000 2.5573576219
1100.2000000000 2.5575729152
1100.3000000000 2.5576125765
1100.4000000000 2.5573234150
1100.5000000000 2.5575204769
1100.6000000000 2.5576004152
1100.7000000000 2.5573232335
1100.8000000000 2.5572864651
1100.9000000000 2.5566729853
1101.0000000000 2.5567522270
1101.1000000000 2.5568769849
1101.2000000000 2.5575046829
1101.3000000000 2.5570706111
1101.4000000000 2.5571387866
1101.5000000000 2.5578619285
1101.6000000000 2.5584107970
1101.7000000000 2.5572383646
1101.8000000000 2.5571857854
1101.9000000000 2.5573970303
1102.0000000000 2.5577126981
1102.1000000000 2.5580713729
1102.2000000000 2.5585269548
1102.3000000000 2.5586462775
1102.4000000000 2.5587096994
1102.5000000000 2.5591030235
1102.6000000000 2.5588606177
1102.7000000000 2.5588663360
1102.8000000000 2.5592654956
1102.9000000000 2.5585175694
1103.0000000000 2.5582881012
1103.1000000000 2.5580810522
1103.2000000000 2.5579907846
1103.3000000000 2.5574161777
1103.4000000000 2.5582731075
1103.5000000000 2.5579554722
1103.6000000000 2.5577684959
1103.7000000000 2.5578521130
1103.8000000000 2.5570808191
1103.9000000000 2.5569550680
1104.0000000000 2.5574617053
1104.1000000000 2.5565382002
1104.2000000000 2.5568373726
1104.3000000000 2.5567803582
1104.4000000000 2.5575700874
1104.5000000000 2.5563273799
1104.6000000000 2.5564253346
1104.7000000000 2.5562876794
1104.8000000000 2.5560152610
1104.9000000000 2.5558215440
1105.0000000000 2.5562819916
1105.1000000000 2.5563176570
1105.2000000000 2.5571440213
1105.3000000000 2.5575693607
1105.4000000000 2.5571433811
1105.5000000000 2.5568153616
1105.6000000000 2.5564803176
1105.7000000000 2.5562001563
1105.8000000000 2.5559618773
1105.9000000000 2.5554407672
1106.0000000000 2.5561618422
1106.1000000000 2.5565921704
1106.2000000000 2.5555405374
1106.3000000000 2.5558010339
1106.4000000000 2.5553283860
1106.5000000000 2.5553620215
1106.6000000000 2.5560267916
1106.7000000000 2.5558140443
1106.8000000000 2.5555488407
1106.9000000000 2.5560685910
1107.0000000000 2.5562605864
1107.1000000000 2.5556803005
1107.2000000000 2.5563192442
1107.3000000000 2.5564314905
1107.4000000000 2.5561704063
1107.5000000000 2.5559778377
1107.6000000000 2.5560410759
1107.7000000000 2.5562334322
1107.8000000000 2.5561906419
1107.9000000000 2.5566394872
1108.0000000000 2.5564831741
1108.1000000000 2.5566685798
1108.2000000000 2.5570390494
1108.3000000000 2.5563079430
1108.4000000000 2.5559583705
1108.5000000000 2.5565991736
1108.6000000000 2.5559307329
1108.7000000000 2.5566230168
1108.8000000000 2.5575873875
1108.9000000000 2.5577352027
1109.0000000000 2.5575244543
1109.1000000000 2.5569267350
1109.2000000000 2.5572357429
1109.3000000000 2.5577534669
1109.4000000000 2.5576033173
1109.5000000000 2.5580143513
1109.6000000000 2.5573883991
1109.7000000000 2.5580953361
1109.8000000000 2.5585631533
1109.9000000000 2.5583021600
1110.0000000000 2.5587863991
1110.1000000000 2.5589257197
1110.2000000000 2.5583571808
1110.3000000000 2.5584185503
1110.4000000000 2.5584806725
1110.5000000000 2.5589437120
1110.6000000000 2.5585199014
1110.7000000000 2.5586445234
1110.8000000000 2.5588405047
1110.9000000000 2.5589409980
1111.0000000000 2.5582686045
1111.1000000000 2.5577429187
1111.2000000000 2.5591395889
1111.3000000000 2.5577608056
1111.4000000000 2.5581945160
1111.5000000000 2.5576694762
1111.6000000000 2.5576870274
1111.7000000000 2.5581150456
1111.8000000000 2.5581133844
1111.9000000000 2.5584760098
1112.0000000000 2.5589636649
1112.1000000000 2.5592129367
1112.2000000000 2.5593698953
1112.3000000000 2.5598244788
1112.4000000000 2.5596418126
1112.5000000000 2.5593831919
1112.6000000000 2.5588264915
1112.7000000000 2.5586305356
1112.8000000000 2.5586655069
1112.9000000000 2.5587383287
1113.0000000000 2.5589889602
1113.1000000000 2.5581404685
1113.2000000000 2.5589680359
1113.3000000000 2.5584573799
1113.4000000000 2.5590540347
1113.5000000000 2.5588922650
1113.6000000000 2.5591922406
1113.7000000000 2.5589212089
1113.8000000000 2.5586336479
1113.9000000000 2.5589671926
1114.0000000000 2.5592794417
1114.1000000000 2.5592711448
1114.2000000000 2.5599003007
1114.3000000000 2.5594920170
1114.4000000000 2.5589536404
1114.5000000000 2.5592841172
1114.6000000000 2.5593391129
1114.7000000000 2.5601379887
1114.8000000000 2.5600915371
1114.9000000000 2.5604266571
1115.0000000000 2.5596280801
1115.1000000000 2.5594138689
1115.2000000000 2.5597996210
1115.3000000000 2.5600525149
1115.4000000000 2.5592101679
1115.5000000000 2.5593589398
1115.6000000000 2.5589216303
1115.7000000000 2.5589128983
1115.8000000000 2.5595093497
1115.9000000000 2.5595463996
1116.0000000000 2.5591621176
1116.1000000000 2.5591237469
1116.2000000000 2.5597179900
1116.3000000000 2.5598232691
1116.4000000000 2.5603763473
1116.5000000000 2.5596657377
1116.6000000000 2.5597455571
1116.7000000000 2.5606004673
1116.8000000000 2.5608846258
1116.9000000000 2.5612561971
1117.0000000000 2.5608717027
1117.1000000000 2.5611658184
1117.2000000000 2.5615312178
1117.3000000000 2.5612505063
1117.4000000000 2.5614315814
1117.5000000000 2.5614247001
1117.6000000000 2.5609598026
1117.7000000000 2.5618120578
1117.8000000000 2.5610979587
1117.9000000000 2.5612043283
1118.0000000000 2.5613363568
1118.1000000000 2.5619745274
1118.2000000000 2.5626637905
1118.3000000000 2.5618441479
1118.4000000000 2.5620076121
1118.5000000000 2.5612105682
1118.6000000000 2.5619450934
1118.7000000000 2.5612991680
1118.8000000000 2.5616309608
1118.9000000000 2.5614056332
1119.0000000000 2.5608747225
1119.1000000000 2.5610748875
1119.2000000000 2.5607468669
1119.3000000000 2.5601357871
1119.4000000000 2.5597555094
1119.5000000000 2.5593037093
1119.6000000000 2.5600965951
1119.7000000000 2.5605217472
1119.8000000000 2.5601702794
1119.9000000000 2.5600184639
1120.0000000000 2.5606425080
1120.1000000000 2.5605116531
1120.2000000000 2.5606381023
1120.3000000000 2.5602762123
1120.4000000000 2.5611484154
1120.5000000000 2.5607486458
1120.6000000000 2.5602475398
1120.7000000000 2.5609445854
1120.8000000000 2.5606415163
1120.9000000000 2.5598066349
1121.0000000000 2.5596826540
1121.1000000000 2.5602006327
1121.2000000000 2.5595220970
1121.3000000000 2.5592331166
1121.4000000000 2.5594271336
1121.5000000000 2.5588032005
1121.6000000000 2.5593558265
1121.7000000000 2.5594729535
1121.8000000000 2.5595890128
1121.9000000000 2.5598973783
1122.0000000000 2.5593585816
1122.1000000000 2.5599589692
1122.2000000000 2.5599217255
1122.3000000000 2.5601565012
1122.4000000000 2.5595491585
1122.5000000000 2.5594275792
1122.6000000000 2.5589285215
1122.7000000000 2.5595682729
1122.8000000000 2.5586179866
1122.9000000000 2.5582682938
1123.0000000000 2.5573248783
1123.1000000000 2.5586256909
1123.2000000000 2.5582986253
1123.3000000000 2.5583621409
1123.4000000000 2.5576940514
1123.5000000000 2.5580850451
1123.6000000000 2.5587659630
1123.7000000000 2.5589583712
1123.8000000000 2.5589134991
1123.9000000000 2.5594830575
1124.0000000000 2.5599777853
1124.1000000000 2.5592095849
1124.2000000000 2.5587949470
1124.3000000000 2.5585288021
1124.4000000000 2.5581032029
1124.5000000000 2.5585091202
1124.6000000000 2.5575191660
1124.7000000000 2.5577321628
1124.8000000000 2.5572588941
1124.9000000000 2.5577509195
1125.0000000000 2.5581746448
1125.1000000000 2.5584052100
1125.2000000000 2.5584357183
1125.3000000000 2.5582567483
1125.4000000000 2.5585988402
1125.5000000000 2.5580600748
1125.6000000000 2.5579567344
1125.7000000000 2.5579266442
1125.8000000000 2.5578610899
1125.9000000000 2.5580574597
1126.0000000000 2.5576058042
1126.1000000000 2.5580465852
1126.2000000000 2.5578006501
1126.3000000000 2.5575354455
1126.4000000000 2.5579263097
1126.5000000000 2.5569252532
1126.6000000000 2.5567225306
1126.7000000000 2.5566132808
1126.8000000000 2.5565728612
1126.9000000000 2.5566100033
1127.0000000000 2.5559384608
1127.1000000000 2.5554359829
1127.2000000000 2.5557164773
1127.3000000000 2.5556188213
1127.4000000000 2.5557269108
1127.5000000000 2.5553955160
1127.6000000000 2.5560491868
1127.7000000000 2.5563422205
1127.8000000000 2.5562144248
1127.9000000000 2.5565116177
1128.0000000000 2.5569729267
1128.1000000000 2.5561877906
1128.2000000000 2.5570756856
1128.3000000000 2.5562479625
1128.4000000000 2.5568739490
1128.5000000000 2.5564309886
1128.6000000000 2.5567951002
1128.7000000000 2.5571622188
1128.8000000000 2.5566329402
1128.9000000000 2.5571140268
1129.0000000000 2.5574309326
1129.1000000000 2.5571847537
1129.2000000000 2.5574376499
1129.3000000000 2.5577526949
1129.4000000000 2.5568163108
1129.5000000000 2.5564297645
1129.6000000000 2.5574465144
1129.7000000000 2.5574821236
1129.8000000000 2.5574853542
1129.9000000000 2.5567129935
1130.0000000000 2.5569148970
1130.1000000000 2.5565876683
1130.2000000000 2.5564859805
1130.3000000000 2.5556711253
1130.4000000000 2.5557462069
1130.5000000000 2.5560087330
1130.6000000000 2.5556606155
1130.7000000000 2.5557544851
1130.8000000000 2.5559375416
1130.9000000000 2.5562724359
1131.0000000000 2.5563758839
1131.1000000000 2.5561512150
1131.2000000000 2.5568343940
1131.3000000000 2.5572721558
1131.4000000000 2.5581730535
1131.5000000000 2.5577057170
1131.6000000000 2.5575345626
1131.7000000000 2.5568751491
1131.8000000000 2.5567389003
1131.9000000000 2.5572715747
1132.0000000000 2.5569955471
1132.1000000000 2.5569838901
1132.2000000000 2.5571118056
1132.3000000000 2.5562681396
1132.4000000000 2.5568107572
1132.5000000000 2.5570899369
1132.6000000000 2.5558633168
1132.7000000000 2.5550749570
1132.8000000000 2.5554632143
1132.9000000000 2.5558059020
1133.0000000000 2.5556404478
1133.1000000000 2.5557785060
1133.2000000000 2.5559463873
1133.3000000000 2.5560219405
1133.4000000000 2.5560912061
1133.5000000000 2.5561765227
1133.6000000000 2.5562595265
1133.7000000000 2.5569785679
1133.8000000000 2.5573264489
1133.9000000000 2.5571253419
1134.0000000000 2.5574378132
1134.1000000000 2.5572475025
1134.2000000000 2.5571760480
1134.3000000000 2.5573473133
1134.4000000000 2.5573307686
1134.5000000000 2.5569904446
1134.6000000000 2.5562034959
1134.7000000000 2.5563820524
1134.8000000000 2.5552830366
1134.9000000000 2.5568117500
1135.0000000000 2.5564893897
1135.1000000000 2.5559431349
1135.2000000000 2.5554546428
1135.3000000000 2.5560937828
1135.4000000000 2.5559258867
1135.5000000000 2.5560427258
1135.6000000000 2.5560314164
1135.7000000000 2.5552905971
1135.8000000000 2.5545267884
1135.9000000000 2.5547562711
1136.0000000000 2.5550864797
1136.1000000000 2.5549419025
1136.2000000000 2.5547049349
1136.3000000000 2.5550983385
1136.4000000000 2.5556328025
1136.5000000000 2.5554814446
1136.6000000000 2.5551782171
1136.7000000000 2.5544655583
1136.8000000000 2.5544822036
1136.9000000000 2.5542043011
1137.0000000000 2.5538690276
1137.1000000000 2.5534976130
1137.2000000000 2.5534599360
1137.3000000000 2.5545703178
1137.4000000000 2.5542039437
1137.5000000000 2.5540983760
1137.6000000000 2.5547106165
1137.7000000000 2.5554855619
1137.8000000000 2.5554583770
1137.9000000000 2.5559467843
1138.0000000000 2.5552698724
1138.1000000000 2.5553324607
1138.2000000000 2.5551767398
1138.3000000000 2.5559968833
1138.4000000000 2.5552699160
1138.5000000000 2.5555489719
1138.6000000000 2.5559786446
1138.7000000000 2.5554090893
1138.8000000000 2.5556955483
1138.9000000000 2.5556297258
1139.0000000000 2.5561619509
1139.1000000000 2.5566679119
1139.2000000000 2.5565115424
1139.3000000000 2.5561972612
1139.4000000000 2.5560666639
1139.5000000000 2.5556202330
1139.6000000000 2.5558040823
1139.7000000000 2.5560528272
1139.8000000000 2.5559280409
1139.9000000000 2.5563919591
1140.0000000000 2.5561603895
1140.1000000000 2.5557142595
1140.2000000000 2.5550936947
1140.3000000000 2.5548760799
1140.4000000000 2.5548525284
1140.5000000000 2.5544343999
1140.6000000000 2.5542221175
1140.7000000000 2.5541064496
1140.8000000000 2.5542395404
1140.9000000000 2.5540936689
1141.0000000000 2.5542663380
1141.1000000000 2.5540578001
1141.2000000000 2.5540302993
1141.3000000000 2.5539555712
1141.4000000000 2.5548433693
1141.5000000000 2.5555809919
1141.6000000000 2.5556302120
1141.7000000000 2.5550820997
1141.8000000000 2.5552643265
1141.9000000000 2.5553250623
1142.0000000000 2.5556468287
1142.1000000000 2.5570494022
1142.2000000000 2.5557667240
1142.3000000000 2.5555282522
1142.4000000000 2.5561053433
1142.5000000000 2.5552728275
1142.6000000000 2.5549496406
1142.7000000000 2.5551193125
1142.8000000000 2.5551820578
1142.9000000000 2.5549964204
1143.0000000000 2.5553471658
1143.1000000000 2.5560055426
1143.2000000000 2.5563070604
1143.3000000000 2.5559902264
1143.4000000000 2.5558664861
1143.5000000000 2.5558910063
1143.6000000000 2.5555239781
1143.7000000000 2.5550428928
1143.8000000000 2.5550735033
1143.9000000000 2.5550383502
1144.0000000000 2.5553831691
1144.1000000000 2.5549333212
1144.2000000000 2.5557555843
1144.3000000000 2.5565876723
1144.4000000000 2.5565568747
1144.5000000000 2.5568352165
1144.6000000000 2.5570813476
1144.7000000000 2.5567739800
1144.8000000000 2.5570088516
1144.9000000000 2.5574992057
1145.0000000000 2.5569465606
1145.1000000000 2.5564938310
1145.2000000000 2.5566597001
1145.3000000000 2.5562192681
1145.4000000000 2.5573477846
1145.5000000000 2.5563688081
1145.6000000000 2.5564218364
1145.7000000000 2.5556936060
1145.8000000000 2.5563658020
1145.9000000000 2.5566102497
1146.0000000000 2.5558996305
1146.1000000000 2.5553442856
1146.2000000000 2.5562575090
1146.3000000000 2.5562096715
1146.4000000000 2.5566583704
1146.5000000000 2.5556533966
1146.6000000000 2.5560393794
1146.7000000000 2.5558528247
1146.8000000000 2.5561837343
1146.9000000000 2.5567800969
1147.0000000000 2.5564158965
1147.1000000000 2.5569952572
1147.2000000000 2.5570791460
1147.3000000000 2.5571365747
1147.4000000000 2.5564873421
1147.5000000000 2.5567711029
1147.6000000000 2.5567048910
1147.7000000000 2.5569027498
1147.8000000000 2.5572030502
1147.9000000000 2.5561178946
1148.0000000000 2.5561514436
1148.1000000000 2.5570558467
1148.2000000000 2.5575378337
1148.3000000000 2.5574702648
1148.4000000000 2.5574083838
1148.5000000000 2.5574948484
1148.6000000000 2.5577092107
1148.7000000000 2.5574078705
1148.8000000000 2.5574811076
1148.9000000000 2.5575785973
1149.0000000000 2.5578786690
1149.1000000000 2.5579465660
1149.2000000000 2.5576496370
1149.3000000000 2.5572300913
1149.4000000000 2.5567154726
1149.5000000000 2.5570885479
1149.6000000000 2.5572666543
1149.7000000000 2.5574281310
1149.8000000000 2.5570319516
1149.9000000000 2.5569640707
1150.0000000000 2.5566576822
1150.1000000000 2.5565253240
1150.2000000000 2.5559004891
1150.3000000000 2.5561974109
1150.4000000000 2.5566413276
1150.5000000000 2.5563881861
1150.6000000000 2.5564764183
1150.7000000000 2.5565419392
1150.8000000000 2.5561903221
1150.9000000000 2.5556193216
1151.0000000000 2.5567293547
1151.1000000000 2.5570526266
1151.2000000000 2.5569524009
1151.3000000000 2.5567829285
1151.4000000000 2.5574440836
1151.5000000000 2.5580719314
1151.6000000000 2.5572964080
1151.7000000000 2.5575381381
1151.8000000000 2.5572053040
1151.9000000000 2.5562533321
1152.0000000000 2.5563175667
1152.1000000000 2.5558376745
1152.2000000000 2.5559854649
1152.3000000000 2.5551812080
1152.4000000000 2.5550012492
1152.5000000000 2.5551449272
1152.6000000000 2.5562704878
1152.7000000000 2.5560982342
1152.8000000000 2.5558489435
1152.9000000000 2.5564099593
1153.0000000000 2.5567821399
1153.1000000000 2.5567674972
1153.2000000000 2.5567276179
1153.3000000000 2.5575308738
1153.4000000000 2.5571744934
1153.5000000000 2.5566519892
1153.6000000000 2.5566970931
1153.7000000000 2.5561667706
1153.8000000000 2.5564096545
1153.9000000000 2.5572822904
1154.0000000000 2.5571231827
1154.1000000000 2.5573749135
1154.2000000000 2.5572691669
1154.3000000000 2.5568573138
1154.4000000000 2.5570498400
1154.5000000000 2.5570184617
1154.6000000000 2.5569903898
1154.7000000000 2.5569051771
1154.8000000000 2.5571289621
1154.9000000000 2.5569728090
1155.0000000000 2.5560979735
1155.1000000000 2.5568504595
1155.2000000000 2.5574303868
1155.3000000000 2.5572989236
1155.4000000000 2.5580255024
1155.5000000000 2.5572384924
1155.6000000000 2.5577734729
1155.7000000000 2.5581774132
1155.8000000000 2.5584279779
1155.9000000000 2.5583622639
1156.0000000000 2.5577196930
1156.1000000000 2.5575110918
1156.2000000000 2.5581823894
1156.3000000000 2.5574871857
1156.4000000000 2.5574193747
1156.5000000000 2.5570743275
1156.6000000000 2.5567964586
1156.7000000000 2.5577928408
1156.8000000000 2.5573044316
1156.9000000000 2.5579356983
1157.0000000000 2.5579981696
1157.1000000000 2.5577963637
1157.2000000000 2.5574352840
1157.3000000000 2.5566447658
1157.4000000000 2.5567740954
1157.5000000000 2.5561125328
1157.6000000000 2.5558862724
1157.7000000000 2.5548265812
1157.8000000000 2.5552619010
1157.9000000000 2.5551438793
1158.0000000000 2.5541488540
1158.1000000000 2.5544734983
1158.2000000000 2.5548621834
1158.3000000000 2.5549774596
1158.4000000000 2.5551601535
1158.5000000000 2.5555292891
1158.6000000000 2.5561364737
1158.7000000000 2.5567685384
1158.8000000000 2.5565775880
1158.9000000000 2.5564431366
1159.0000000000 2.5565232934
1159.1000000000 2.5556591939
1159.2000000000 2.5562905170
1159.3000000000 2.5564225519
1159.4000000000 2.5564629721
1159.5000000000 2.5572045858
1159.6000000000 2.5566601276
1159.7000000000 2.5565039538
1159.8000000000 2.5561452470
1159.9000000000 2.5567164764
1160.0000000000 2.5566371727
1160.1000000000 2.5575168452
1160.2000000000 2.5574409476
1160.3000000000 2.5578030079
1160.4000000000 2.5570146919
1160.5000000000 2.5569478919
1160.6000000000 2.5568095638
1160.7000000000 2.5560098880
1160.8000000000 2.5562627561
1160.9000000000 2.5561456631
1161.0000000000 2.5557178254
1161.1000000000 2.5563568072
1161.2000000000 2.5562757523
1161.3000000000 2.5562950623
1161.4000000000 2.5556180088
1161.5000000000 2.5563693911
1161.6000000000 2.5558835442
1161.7000000000 2.5563196255
1161.8000000000 2.5553787426
1161.9000000000 2.5554227441
1162.0000000000 2.5556707261
1162.1000000000 2.5556532147
1162.2000000000 2.5557443818
1162.3000000000 2.5559687909
1162.4000000000 2.5556131980
1162.5000000000 2.5562056671
1162.6000000000 2.5550506346
1162.7000000000 2.5543662322
1162.8000000000 2.5541315130
1162.9000000000 2.5542309234
1163.0000000000 2.5548930171
1163.1000000000 2.5545228746
1163.2000000000 2.5544446703
1163.3000000000 2.5548675662
1163.4000000000 2.5549832312
1163.5000000000 2.5540657779
1163.6000000000 2.5539947804
1163.7000000000 2.5543219250
1163.8000000000 2.5541342642
1163.9000000000 2.5543649039
1164.0000000000 2.5539678882
1164.1000000000 2.5532058168
1164.2000000000 2.5535360063
1164.3000000000 2.5539307466
1164.4000000000 2.5536971198
1164.5000000000 2.5543566067
1164.6000000000 2.5535334933
1164.7000000000 2.5532924647
1164.8000000000 2.5535860614
1164.9000000000 2.5532202270
1165.0000000000 2.5526967468
1165.1000000000 2.5533738255
1165.2000000000 2.5542572849
1165.3000000000 2.5542216510
1165.4000000000 2.5540949669
1165.5000000000 2.5541058208
1165.6000000000 2.5545249999
1165.7000000000 2.5541336430
1165.8000000000 2.5542552969
1165.9000000000 2.5550814764
1166.0000000000 2.5540676994
1166.1000000000 2.5542281618
1166.2000000000 2.5536538577
1166.3000000000 2.5538423163
1166.4000000000 2.5533228702
1166.5000000000 2.5525462960
1166.6000000000 2.5523116683
1166.7000000000 2.5533017779
1166.8000000000 2.5528580536
1166.9000000000 2.5533880070
1167.0000000000 2.5535318382
1167.1000000000 2.5541283533
1167.2000000000 2.5541824183
1167.3000000000 2.5546834072
1167.4000000000 2.5540339880
1167.5000000000 2.5534348474
1167.6000000000 2.5543564857
1167.7000000000 2.5534251817
1167.8000000000 2.5542973966
1167.9000000000 2.5537989729
1168.0000000000 2.5536853261
1168.1000000000 2.5533869619
1168.2000000000 2.5533224623
1168.3000000000 2.5532280728
1168.4000000000 2.5538427952
1168.5000000000 2.5533579203
1168.6000000000 2.5531902198
1168.7000000000 2.5534284110
1168.8000000000 2.5533097333
1168.9000000000 2.5534377994
1169.0000000000 2.5533310915
1169.1000000000 2.5532916452
1169.2000000000 2.5523804462
1169.3000000000 2.5535649103
1169.4000000000 2.5544515965
1169.5000000000 2.5546053252
1169.6000000000 2.5558691718
1169.7000000000 2.5551116458
1169.8000000000 2.5546099470
1169.9000000000 2.5544761444
1170.0000000000 2.5538698153
1170.1000000000 2.5536899923
1170.2000000000 2.5541413036
1170.3000000000 2.5544496970
1170.4000000000 2.5547488129
1170.5000000000 2.5547941951
1170.6000000000 2.5549417616
1170.7000000000 2.5552153843
1170.8000000000 2.5544861568
1170.9000000000 2.5545671266
1171.0000000000 2.5551113610
1171.1000000000 2.5553241840
1171.2000000000 2.5557969519
1171.3000000000 2.5552267184
1171.4000000000 2.5557011524
1171.5000000000 2.5558040175
1171.6000000000 2.5563575178
1171.7000000000 2.5567211518
1171.8000000000 2.5556529188
1171.9000000000 2.5561452578
1172.0000000000 2.5561308621
1172.1000000000 2.5561328245
1172.2000000000 2.5559537657
1172.3000000000 2.5560647380
1172.4000000000 2.5563259438
1172.5000000000 2.5565352390
1172.6000000000 2.5561513402
1172.7000000000 2.5561643352
1172.8000000000 2.5557516797
1172.9000000000 2.5552421500
1173.0000000000 2.5562810550
1173.1000000000 2.5569122662
1173.2000000000 2.5569265107
1173.3000000000 2.5575511730
1173.4000000000 2.5570649614
1173.5000000000 2.5568625721
1173.6000000000 2.5568630119
1173.7000000000 2.5572712823
1173.8000000000 2.5572347414
1173.9000000000 2.5572774713
1174.0000000000 2.5571813304
1174.1000000000 2.5575732246
1174.2000000000 2.5571962889
1174.3000000000 2.5578828862
1174.4000000000 2.5571899651
1174.5000000000 2.5566344350
1174.6000000000 2.5560382294
1174.7000000000 2.5568065228
1174.8000000000 2.5565546804
1174.9000000000 2.5564443441
1175.0000000000 2.5565606618
1175.1000000000 2.5564743734
1175.2000000000 2.5567168020
1175.3000000000 2.5573437006
1175.4000000000 2.5570513830
1175.5000000000 2.5573810548
1175.6000000000 2.5572059308
1175.7000000000 2.5565077994
1175.8000000000 2.5571663054
1175.9000000000 2.5562984276
1176.0000000000 2.5569691672
1176.1000000000 2.5566992843
1176.2000000000 2.5565364198
1176.3000000000 2.5561895703
1176.4000000000 2.5564437668
1176.5000000000 2.5556994606
1176.6000000000 2.5557541341
1176.7000000000 2.5555864639
1176.8000000000 2.5561291095
1176.9000000000 2.5563130258
1177.0000000000 2.5573059179
1177.1000000000 2.5566235556
1177.2000000000 2.5569854658
1177.3000000000 2.5573895294
1177.4000000000 2.5577181565
1177.5000000000 2.5580900755
1177.6000000000 2.5587712508
1177.7000000000 2.5589834783
1177.8000000000 2.5589557670
1177.9000000000 2.5590648413
1178.0000000000 2.5592221704
1178.1000000000 2.5586674573
1178.2000000000 2.5585295755
1178.3000000000 2.5588525501
1178.4000000000 2.5578137767
1178.5000000000 2.5588136509
1178.6000000000 2.5589255105
1178.7000000000 2.5595022979
1178.8000000000 2.5598580115
1178.9000000000 2.5599769839
1179.0000000000 2.5598751708
1179.1000000000 2.5602862061
1179.2000000000 2.5607081118
1179.3000000000 2.5600708755
1179.4000000000 2.5605011781
1179.5000000000 2.5601561263
1179.6000000000 2.5588812484
1179.7000000000 2.5588562664
1179.8000000000 2.5581655380
1179.9000000000 2.5576126709
1180.0000000000 2.5579256275
1180.1000000000 2.5581690433
1180.2000000000 2.5580172512
1180.3000000000 2.5580663847
1180.4000000000 2.5579913992
1180.5000000000 2.5576745092
1180.6000000000 2.5575871079
1180.7000000000 2.5567973715
1180.8000000000 2.5572788085
1180.9000000000 2.5571840644
1181.0000000000 2.5579550218
1181.1000000000 2.5571329562
1181.2000000000 2.5566830613
1181.3000000000 2.5567909304
1181.4000000000 2.5562374802
1181.5000000000 2.5555968425
1181.6000000000 2.5560584767
1181.7000000000 2.5561978040
1181.8000000000 2.5557377634
1181.9000000000 2.5555574816
1182.0000000000 2.5562421026
1182.1000000000 2.5559789708
1182.2000000000 2.5563749904
1182.3000000000 2.5563103752
1182.4000000000 2.5565820260
1182.5000000000 2.5569750888
1182.6000000000 2.5555102938
1182.7000000000 2.5559590645
1182.8000000000 2.5560448899
1182.9000000000 2.5557991479
1183.0000000000 2.5560921619
1183.1000000000 2.5553913520
1183.2000000000 2.5549614548
1183.3000000000 2.5560292317
1183.4000000000 2.5560910657
1183.5000000000 2.5557669940
1183.6000000000 2.5554243585
1183.7000000000 2.5562816343
1183.8000000000 2.5565238855
1183.9000000000 2.5569783815
1184.0000000000 2.5573266381
1184.1000000000 2.5579088379
1184.2000000000 2.5584655541
1184.3000000000 2.5580255927
1184.4000000000 2.5575756449
1184.5000000000 2.5584902773
1184.6000000000 2.5584278259
1184.7000000000 2.5572596114
1184.8000000000 2.5577960287
1184.9000000000 2.5579589649
1185.0000000000 2.5576065019
1185.1000000000 2.5585190848
1185.2000000000 2.5578858113
1185.3000000000 2.5578777899
1185.4000000000 2.5574646512
1185.5000000000 2.5572333431
1185.6000000000 2.5567414811
1185.7000000000 2.5567604703
1185.8000000000 2.5562168632
1185.9000000000 2.5563101131
1186.0000000000 2.5567667492
1186.1000000000 2.5569050721
1186.2000000000 2.5569539897
1186.3000000000 2.5574522620
1186.4000000000 2.5570937881
1186.5000000000 2.5569146536
1186.6000000000 2.5570236273
1186.7000000000 2.5569327919
1186.8000000000 2.5566079289
1186.9000000000 2.5563882602
1187.0000000000 2.5571589451
1187.1000000000 2.5574395835
1187.2000000000 2.5575872820
1187.3000000000 2.5581377355
1187.4000000000 2.5586031120
1187.5000000000 2.5583090803
1187.6000000000 2.5588213329
1187.7000000000 2.5589712889
1187.8000000000 2.5576264393
1187.9000000000 2.5577288445
1188.0000000000 2.5572491175
1188.1000000000 2.5571761395
1188.2000000000 2.5578662470
1188.3000000000 2.5576397747
1188.4000000000 2.5572559600
1188.5000000000 2.5575370870
1188.6000000000 2.5574394423
1188.7000000000 2.5566406403
1188.8000000000 2.5569177402
1188.9000000000 2.5573896302
1189.0000000000 2.5560842639
1189.1000000000 2.5571164073
1189.2000000000 2.5568463925
1189.3000000000 2.5573117270
1189.4000000000 2.5572541952
1189.5000000000 2.5571291427
1189.6000000000 2.5570912506
1189.7000000000 2.5568868561
1189.8000000000 2.5569683355
1189.9000000000 2.5573274300
1190.0000000000 2.5575369552
1190.1000000000 2.5577960748
1190.2000000000 2.5585799103
1190.3000000000 2.5592381641
1190.4000000000 2.5598724319
1190.5000000000 2.5590932993
1190.6000000000 2.5594864820
1190.7000000000 2.5591132177
1190.8000000000 2.5591886269
1190.9000000000 2.5600280504
1191.0000000000 2.5592499695
1191.1000000000 2.5591527708
1191.2000000000 2.5592313857
1191.3000000000 2.5590506184
1191.4000000000 2.5590584434
1191.5000000000 2.5590260784
1191.6000000000 2.5594646256
1191.7000000000 2.5602534279
1191.8000000000 2.5601933724
1191.9000000000 2.5598824709
1192.0000000000 2.5595416892
1192.1000000000 2.5591378589
1192.2000000000 2.5592559953
1192.3000000000 2.5595838030
1192.4000000000 2.5600471169
1192.5000000000 2.5605652666
1192.6000000000 2.5603359613
1192.7000000000 2.5606329897
1192.8000000000 2.5602032476
1192.9000000000 2.5598961850
1193.0000000000 2.5597621157
1193.1000000000 2.5597281438
1193.2000000000 2.5600567818
1193.3000000000 2.5605344109
1193.4000000000 2.5599980123
1193.5000000000 2.5604334286
1193.6000000000 2.5605193851
1193.7000000000 2.5604744442
1193.8000000000 2.5601527606
1193.9000000000 2.5588487217
1194.0000000000 2.5588720194
1194.1000000000 2.5591150480
1194.2000000000 2.5582535543
1194.3000000000 2.5589842930
1194.4000000000 2.5595643315
1194.5000000000 2.5595391014
1194.6000000000 2.5601022437
1194.7000000000 2.5597092025
1194.8000000000 2.5590544859
1194.9000000000 2.5592175182
1195.0000000000 2.5586850703
1195.1000000000 2.5584420395
1195.2000000000 2.5581255776
1195.3000000000 2.5587173111
1195.4000000000 2.5580730377
1195.5000000000 2.5584606673
1195.6000000000 2.5588984568
1195.7000000000 2.5589327349
1195.8000000000 2.5580706605
1195.9000000000 2.5585523132
1196.0000000000 2.5587060490
1196.1000000000 2.5590171192
1196.2000000000 2.5584569036
1196.3000000000 2.5586126065
1196.4000000000 2.5593668884
1196.5000000000 2.5582849019
1196.6000000000 2.5579624369
1196.7000000000 2.5574485798
1196.8000000000 2.5572863499
1196.9000000000 2.5572198791
1197.0000000000 2.5572913342
1197.1000000000 2.5569515916
1197.2000000000 2.5567222196
1197.3000000000 2.5570252415
1197.4000000000 2.5575592682
1197.5000000000 2.5581618995
1197.6000000000 2.5578964584
1197.7000000000 2.5575562020
1197.8000000000 2.5583505989
1197.9000000000 2.5594061344
1198.0000000000 2.5593939531
1198.1000000000 2.5590581072
1198.2000000000 2.5588327134
1198.3000000000 2.5587747632
1198.4000000000 2.5588421663
1198.5000000000 2.5590066840
1198.6000000000 2.5589181573
1198.7000000000 2.5577906044
1198.8000000000 2.5578239495
1198.9000000000 2.5575277837
1199.0000000000 2.5576682053
1199.1000000000 2.5580167654
1199.2000000000 2.5581313094
1199.3000000000 2.5585183408
1199.4000000000 2.5586711624
1199.5000000000 2.5581315439
1199.6000000000 2.5582621625
1199.7000000000 2.5573949489
1199.8000000000 2.5575501482
1199.9000000000 2.5578294097
1200.0000000000 2.5572583317
1200.1000000000 2.5583854161
1200.2000000000 2.5578670423
1200.3000000000 2.5575115805
1200.4000000000 2.5581970331
1200.5000000000 2.5580767358
1200.6000000000 2.5579587456
1200.7000000000 2.5582123759
1200.8000000000 2.5576976203
1200.9000000000 2.5570263056
1201.0000000000 2.5570767501
1201.1000000000 2.5564164382
1201.2000000000 2.5560906027
1201.3000000000 2.5570180827
1201.4000000000 2.5564999554
1201.5000000000 2.5563619678
1201.6000000000 2.5561904341
1201.7000000000 2.5561271744
1201.8000000000 2.5562760545
1201.9000000000 2.5558910668
1202.0000000000 2.5558740043
1202.1000000000 2.5552763869
1202.2000000000 2.5547752116
1202.3000000000 2.5552624608
1202.4000000000 2.5554700463
1202.5000000000 2.5558533454
1202.6000000000 2.5552401614
1202.7000000000 2.5552866599
1202.8000000000 2.5556518465
1202.9000000000 2.5549233700
1203.0000000000 2.5539543708
1203.1000000000 2.5543418892
1203.2000000000 2.5540008196
1203.3000000000 2.5534552873
1203.4000000000 2.5528721499
1203.5000000000 2.5528533971
1203.6000000000 2.5530501623
1203.7000000000 2.5538501916
1203.8000000000 2.5541928071
1203.9000000000 2.5541976436
1204.0000000000 2.5540542259
1204.1000000000 2.5537258879
1204.2000000000 2.5538875192
1204.3000000000 2.5549932052
1204.4000000000 2.5541308072
1204.5000000000 2.5537742795
1204.6000000000 2.5538838273
1204.7000000000 2.5538084013
1204.8000000000 2.5543698582
1204.9000000000 2.5549711225
1205.0000000000 2.5549532064
1205.1000000000 2.5545564888
1205.2000000000 2.5551745985
1205.3000000000 2.5550912546
1205.4000000000 2.5555226466
1205.5000000000 2.5558726051
1205.6000000000 2.5556525483
1205.7000000000 2.5554100153
1205.8000000000 2.5558091165
1205.9000000000 2.5556608406
1206.0000000000 2.5560340215
1206.1000000000 2.5556722173
1206.2000000000 2.5549260273
1206.3000000000 2.5546086763
1206.4000000000 2.5548275732
1206.5000000000 2.5551553693
1206.6000000000 2.5547231828
1206.7000000000 2.5555366465
1206.8000000000 2.5557979940
1206.9000000000 2.5565049109
1207.0000000000 2.5560224366
1207.1000000000 2.5569964716
1207.2000000000 2.5573255100
1207.3000000000 2.5574872433
1207.4000000000 2.5582840793
1207.5000000000 2.5573221360
1207.6000000000 2.5572111404
1207.7000000000 2.5570816534
1207.8000000000 2.5580581129
1207.9000000000 2.5582040207
1208.0000000000 2.5575527264
1208.1000000000 2.5575835670
1208.2000000000 2.5575080670
1208.3000000000 2.5576436951
1208.4000000000 2.5567519870
1208.5000000000 2.5570336413
1208.6000000000 2.5570011295
1208.7000000000 2.5574469367
1208.8000000000 2.5577089059
1208.9000000000 2.5578111384
1209.0000000000 2.5578566834
1209.1000000000 2.5582409369
1209.2000000000 2.5585126843
1209.3000000000 2.5584219643
1209.4000000000 2.5594981560
1209.5000000000 2.5597739005
1209.6000000000 2.5599897816
1209.7000000000 2.5600467708
1209.8000000000 2.5600667930
1209.9000000000 2.5592100751
1210.0000000000 2.5590205136
1210.1000000000 2.5597566982
1210.2000000000 2.5603201715
1210.3000000000 2.5591308184
1210.4000000000 2.5595972088
1210.5000000000 2.5586916957
1210.6000000000 2.5595082918
1210.7000000000 2.5591265724
1210.8000000000 2.5589385118
1210.9000000000 2.5591633150
1211.0000000000 2.5593961024
1211.1000000000 2.5593101928
1211.2000000000 2.5597344285
1211.3000000000 2.5596184513
1211.4000000000 2.5600643188
1211.5000000000 2.5598651882
1211.6000000000 2.5606616517
1211.7000000000 2.5605230750
1211.8000000000 2.5605443585
1211.9000000000 2.5608245843
1212.0000000000 2.5607596086
1212.1000000000 2.5615628984
1212.2000000000 2.5621116311
1212.3000000000 2.5615000212
1212.4000000000 2.5616355281
1212.5000000000 2.5612883735
1212.6000000000 2.5612397975
1212.7000000000 2.5622947706
1212.8000000000 2.5626013099
1212.9000000000 2.5614811931
1213.0000000000 2.5616428683
1213.1000000000 2.5616677847
1213.2000000000 2.5602810442
1213.3000000000 2.5598315592
1213.4000000000 2.5607276443
1213.5000000000 2.5602341750
1213.6000000000 2.5598322899
1213.7000000000 2.5603235824
1213.8000000000 2.5609194410
1213.9000000000 2.5603228601
1214.0000000000 2.5602805598
1214.1000000000 2.5603910214
1214.2000000000 2.5603675991
1214.3000000000 2.5591806711
1214.4000000000 2.5595339500
1214.5000000000 2.5590610490
1214.6000000000 2.5602517368
1214.7000000000 2.5593368054
1214.8000000000 2.5601143879
1214.9000000000 2.5600462491
1215.0000000000 2.5585842209
1215.1000000000 2.5583808533
1215.2000000000 2.5582411506
1215.3000000000 2.5586818887
1215.4000000000 2.5579690158
1215.5000000000 2.5572346855
1215.6000000000 2.5568975655
1215.7000000000 2.5558148971
1215.8000000000 2.5553169824
1215.9000000000 2.5562080927
1216.0000000000 2.5570018233
1216.1000000000 2.5562951853
1216.2000000000 2.5568130526
1216.3000000000 2.5560576616
1216.4000000000 2.5560187518
1216.5000000000 2.5563489746
1216.6000000000 2.5564440327
1216.7000000000 2.5569671111
1216.8000000000 2.5566033611
1216.9000000000 2.5563286391
1217.0000000000 2.5561881720
1217.1000000000 2.5558922967
1217.2000000000 2.5556802037
1217.3000000000 2.5556596828
1217.4000000000 2.5553442824
1217.5000000000 2.5560579758
1217.6000000000 2.5562378248
1217.7000000000 2.5561662029
1217.8000000000 2.5552574431
1217.9000000000 2.5561686130
1218.0000000000 2.5559051162
1218.1000000000 2.5560929682
1218.2000000000 2.5560787506
1218.3000000000 2.5570891741
1218.4000000000 2.5568733565
1218.5000000000 2.5571414256
1218.6000000000 2.5577995988
1218.7000000000 2.5578346992
1218.8000000000 2.5577902832
1218.9000000000 2.5578838173
1219.0000000000 2.5583789523
1219.1000000000 2.5582676700
1219.2000000000 2.5591557962
1219.3000000000 2.5590290204
1219.4000000000 2.5582258400
1219.5000000000 2.5581306923
1219.6000000000 2.5576683081
1219.7000000000 2.5572843082
1219.8000000000 2.5573404644
1219.9000000000 2.5574034235
1220.0000000000 2.5577914547
1220.1000000000 2.5571069609
1220.2000000000 2.5566984669
1220.3000000000 2.5569713371
1220.4000000000 2.5567294142
1220.5000000000 2.5577995690
1220.6000000000 2.5573705037
1220.7000000000 2.5571395987
1220.8000000000 2.5573509179
1220.9000000000 2.5575894980
1221.0000000000 2.5585220861
1221.1000000000 2.5579536276
1221.2000000000 2.5577818332
1221.3000000000 2.5576134878
1221.4000000000 2.5574569782
1221.5000000000 2.5576843507
1221.6000000000 2.5569077502
1221.7000000000 2.5561077812
1221.8000000000 2.5562352504
1221.9000000000 2.5561364721
1222.0000000000 2.5564521913
1222.1000000000 2.5560782337
1222.2000000000 2.5567662113
1222.3000000000 2.5568385742
1222.4000000000 2.5573543393
1222.5000000000 2.5569217492
1222.6000000000 2.5571454595
1222.7000000000 2.5574745249
1222.8000000000 2.5562177786
1222.9000000000 2.5571463375
1223.0000000000 2.5577602457
1223.1000000000 2.5575906384
1223.2000000000 2.5580464740
1223.3000000000 2.5580165674
1223.4000000000 2.5577366318
1223.5000000000 2.5583184984
1223.6000000000 2.5578585985
1223.7000000000 2.5574836582
1223.8000000000 2.5578807915
1223.9000000000 2.5570706981
1224.0000000000 2.5561684434
1224.1000000000 2.5578536572
1224.2000000000 2.5573474011
1224.3000000000 2.5568564904
1224.4000000000 2.5572923532
1224.5000000000 2.5579741513
1224.6000000000 2.5573768149
1224.7000000000 2.5576489173
1224.8000000000 2.5575331863
1224.9000000000 2.5569702186
1225.0000000000 2.5563526446
1225.1000000000 2.5572634005
1225.2000000000 2.5569746480
1225.3000000000 2.5569304586
1225.4000000000 2.5574188811
1225.5000000000 2.5576594338
1225.6000000000 2.5575389066
1225.7000000000 2.5563633910
1225.8000000000 2.5570879264
1225.9000000000 2.5572610162
1226.0000000000 2.5571753975
1226.1000000000 2.5577242990
1226.2000000000 2.5576150434
1226.3000000000 2.5575317120
1226.4000000000 2.5579723961
1226.5000000000 2.5579352200
1226.6000000000 2.5575246702
1226.7000000000 2.5582437426
1226.8000000000 2.5590523165
1226.9000000000 2.5587677558
1227.0000000000 2.5596239455
1227.1000000000 2.5601933226
1227.2000000000 2.5606733274
1227.3000000000 2.5599757614
1227.4000000000 2.5601464069
1227.5000000000 2.5599242540
1227.6000000000 2.5599712733
1227.7000000000 2.5595801866
1227.8000000000 2.5595073667
1227.9000000000 2.5599603250
1228.0000000000 2.5591014400
1228.1000000000 2.5583620618
1228.2000000000 2.5588805731
1228.3000000000 2.5594926913
1228.4000000000 2.5594475971
1228.5000000000 2.5598345126
1228.6000000000 2.5599903072
1228.7000000000 2.5602193017
1228.8000000000 2.5600122002
1228.9000000000 2.5593824967
1229.0000000000 2.5595507293
1229.1000000000 2.5589105213
1229.2000000000 2.5592180296
1229.3000000000 2.5597112114
1229.4000000000 2.5599201533
1229.5000000000 2.5598209851
1229.6000000000 2.5607905289
1229.7000000000 2.5602312270
1229.8000000000 2.5589838412
1229.9000000000 2.5585233382
1230.0000000000 2.5585867682
1230.1000000000 2.5583303796
1230.2000000000 2.5586973168
1230.3000000000 2.5581431526
1230.4000000000 2.5584250040
1230.5000000000 2.5581491160
1230.6000000000 2.5583978641
1230.7000000000 2.5578766778
1230.8000000000 2.5581038450
1230.9000000000 2.5581419881
1231.0000000000 2.5585544391
1231.1000000000 2.5579827281
1231.2000000000 2.5580373520
1231.3000000000 2.5579526282
1231.4000000000 2.5586406619
1231.5000000000 2.5577508850
1231.6000000000 2.5569283799
1231.7000000000 2.5560780848
1231.8000000000 2.5575581455
1231.9000000000 2.5571742041
1232.0000000000 2.5576786466
1232.1000000000 2.5573444628
1232.2000000000 2.5570785650
1232.3000000000 2.5564502541
1232.4000000000 2.5561080559
1232.5000000000 2.5561234776
1232.6000000000 2.5560045213
1232.7000000000 2.5568668106
1232.8000000000 2.5577114022
1232.9000000000 2.5578526162
1233.0000000000 2.5572146141
1233.1000000000 2.5566239124
1233.2000000000 2.5557269428
1233.3000000000 2.5556490204
1233.4000000000 2.5549481987
1233.5000000000 2.5545890130
1233.6000000000 2.5549251235
1233.7000000000 2.5552523979
1233.8000000000 2.5561415365
1233.9000000000 2.5568737824
1234.0000000000 2.5566586274
1234.1000000000 2.5571611442
1234.2000000000 2.5566685427
1234.3000000000 2.5570460497
1234.4000000000 2.5565804489
1234.5000000000 2.5561743936
1234.6000000000 2.5567397346
1234.7000000000 2.5560660620
1234.8000000000 2.5560876498
1234.9000000000 2.5566231104
1235.0000000000 2.5559231790
1235.1000000000 2.5553011980
1235.2000000000 2.5552523346
1235.3000000000 2.5547404059
1235.4000000000 2.5544529357
1235.5000000000 2.5552409491
1235.6000000000 2.5547701576
1235.7000000000 2.5555252123
1235.8000000000 2.5549457929
1235.9000000000 2.5546920666
1236.0000000000 2.5549252012
1236.1000000000 2.5552628873
1236.2000000000 2.5550541914
1236.3000000000 2.5547739340
1236.4000000000 2.5540644073
1236.5000000000 2.5545103246
1236.6000000000 2.5551821439
1236.7000000000 2.5548166365
1236.8000000000 2.5537466296
1236.9000000000 2.5536301952
1237.0000000000 2.5532513553
1237.1000000000 2.5539687029
1237.2000000000 2.5536718256
1237.3000000000 2.5544889864
1237.4000000000 2.5541735535
1237.5000000000 2.5538788458
1237.6000000000 2.5535450443
1237.7000000000 2.5537598425
1237.8000000000 2.5540892277
1237.9000000000 2.5545639572
1238.0000000000 2.5541763209
1238.1000000000 2.5540761357
1238.2000000000 2.5540967923
1238.3000000000 2.5544549426
1238.4000000000 2.5550222499
1238.5000000000 2.5547980704
1238.6000000000 2.5546218473
1238.7000000000 2.5551505073
1238.8000000000 2.5545721070
1238.9000000000 2.5551371453
1239.0000000000 2.5548564142
1239.1000000000 2.5551880839
1239.2000000000 2.5550526613
1239.3000000000 2.5550586956
1239.4000000000 2.5552631385
1239.5000000000 2.5549080180
1239.6000000000 2.5540881358
1239.7000000000 2.5536458092
1239.8000000000 2.5535138109
1239.9000000000 2.5537958628
1240.0000000000 2.5540783142
1240.1000000000 2.5551062141
1240.2000000000 2.5546937199
1240.3000000000 2.5548707463
1240.4000000000 2.5550244686
1240.5000000000 2.5551302942
1240.6000000000 2.5556516227
1240.7000000000 2.5556106051
1240.8000000000 2.5550339878
1240.9000000000 2.5555420421
1241.0000000000 2.5562128161
1241.1000000000 2.5557503538
1241.2000000000 2.5557018408
1241.3000000000 2.5561029802
1241.4000000000 2.5553674302
1241.5000000000 2.5551605317
1241.6000000000 2.5557952356
1241.7000000000 2.5562472966
1241.8000000000 2.5564247604
1241.9000000000 2.5575997839
1242.0000000000 2.5576469435
1242.1000000000 2.5573421111
1242.2000000000 2.5578762305
1242.3000000000 2.5582335562
1242.4000000000 2.5576341674
1242.5000000000 2.5578962335
1242.6000000000 2.5578949315
1242.7000000000 2.5574633244
1242.8000000000 2.5569139083
1242.9000000000 2.5563021364
1243.0000000000 2.5561838017
1243.1000000000 2.5557493319
1243.2000000000 2.5556233702
1243.3000000000 2.5566202047
1243.4000000000 2.5561851044
1243.5000000000 2.5549942886
1243.6000000000 2.5553882128
1243.7000000000 2.5560283317
1243.8000000000 2.5554107836
1243.9000000000 2.5562406054
1244.0000000000 2.5569187593
1244.1000000000 2.5565660278
1244.2000000000 2.5569089390
1244.3000000000 2.5565760426
1244.4000000000 2.5565316549
1244.5000000000 2.5559703971
1244.6000000000 2.5556840559
1244.7000000000 2.5560959341
1244.8000000000 2.5556182460
1244.9000000000 2.5557113826
1245.0000000000 2.5555360424
1245.1000000000 2.5543155489
1245.2000000000 2.5547642452
1245.3000000000 2.5552484144
1245.4000000000 2.5554998259
1245.5000000000 2.5547553369
1245.6000000000 2.5550504172
1245.7000000000 2.5553476459
1245.8000000000 2.5553639280
1245.9000000000 2.5557980803
1246.0000000000 2.5556223505
1246.1000000000 2.5557147078
1246.2000000000 2.5562708586
1246.3000000000 2.5558911603
1246.4000000000 2.5560914094
1246.5000000000 2.5557947145
1246.6000000000 2.5562116064
1246.7000000000 2.5552900689
1246.8000000000 2.5551274994
1246.9000000000 2.5551257437
1247.0000000000 2.5540792617
1247.1000000000 2.5546335502
1247.2000000000 2.5545361893
1247.3000000000 2.5546299061
1247.4000000000 2.5553568873
1247.5000000000 2.5556598988
1247.6000000000 2.5548693626
1247.7000000000 2.5542210677
1247.8000000000 2.5545324314
1247.9000000000 2.5544146516
1248.0000000000 2.5549006244
1248.1000000000 2.5544699286
1248.2000000000 2.5531858050
1248.3000000000 2.5526018413
1248.4000000000 2.5522464542
1248.5000000000 2.5522005691
1248.6000000000 2.5518788870
1248.7000000000 2.5518299464
1248.8000000000 2.5517946795
1248.9000000000 2.5513726070
1249.0000000000 2.5512595368
1249.1000000000 2.5510701489
1249.2000000000 2.5513053165
1249.3000000000 2.5512517668
1249.4000000000 2.5517176500
1249.5000000000 2.5513148875
1249.6000000000 2.5509366295
1249.7000000000 2.5519565630
1249.8000000000 2.5520680836
1249.9000000000 2.5519702757
1250.0000000000 2.5521938274
1250.1000000000 2.5522918099
1250.2000000000 2.5522676061
1250.3000000000 2.5527203977
1250.4000000000 2.5514510618
1250.5000000000 2.5516973483
1250.6000000000 2.5510195102
1250.7000000000 2.5512053615
1250.8000000000 2.5513543070
1250.9000000000 2.5504914208
1251.0000000000 2.5505134206
1251.1000000000 2.5512670426
1251.2000000000 2.5515378691
1251.3000000000 2.5521114197
1251.4000000000 2.5522808161
1251.5000000000 2.5512090714
1251.6000000000 2.5511402652
1251.7000000000 2.5498702590
1251.8000000000 2.5499276869
1251.9000000000 2.5505782126
1252.0000000000 2.5499394455
1252.1000000000 2.5504244208
1252.2000000000 2.5505647867
1252.3000000000 2.5502774227
1252.4000000000 2.5503530982
1252.5000000000 2.5500032745
1252.6000000000 2.5508909106
1252.7000000000 2.5502193528
1252.8000000000 2.5493978389
1252.9000000000 2.5488851913
1253.0000000000 2.5494812188
1253.1000000000 2.5493571165
1253.2000000000 2.5495037751
1253.3000000000 2.5492867460
1253.4000000000 2.5492944339
1253.5000000000 2.5494638912
1253.6000000000 2.5497466808
1253.7000000000 2.5493613156
1253.8000000000 2.5501153050
1253.9000000000 2.5504832243
1254.0000000000 2.5500499362
1254.1000000000 2.5502112501
1254.2000000000 2.5513180020
1254.3000000000 2.5509362464
1254.4000000000 2.5516561629
1254.5000000000 2.5517449784
1254.6000000000 2.5505001503
1254.7000000000 2.5505257748
1254.8000000000 2.5504938060
1254.9000000000 2.5503053469
1255.0000000000 2.5505850714
1255.1000000000 2.5514302951
1255.2000000000 2.5512624323
1255.3000000000 2.5501672130
1255.4000000000 2.5506485223
1255.5000000000 2.5502653447
1255.6000000000 2.5509383608
1255.7000000000 2.5503437827
1255.8000000000 2.5505342871
1255.9000000000 2.5500968902
1256.0000000000 2.5504065154
1256.1000000000 2.5500721862
1256.2000000000 2.5496578801
1256.3000000000 2.5495876672
1256.4000000000 2.5497813802
1256.5000000000 2.5500450721
1256.6000000000 2.5500493214
1256.7000000000 2.5499270502
1256.8000000000 2.5496146913
1256.9000000000 2.5495089416
1257.0000000000 2.5488478041
1257.1000000000 2.5480402330
1257.2000000000 2.5487215836
1257.3000000000 2.5482407185
1257.4000000000 2.5488709264
1257.5000000000 2.5492320907
1257.6000000000 2.5484856652
1257.7000000000 2.5487602306
1257.8000000000 2.5490178159
1257.9000000000 2.5483496456
1258.0000000000 2.5477298964
1258.1000000000 2.5476683520
1258.2000000000 2.5466973458
1258.3000000000 2.5470751402
1258.4000000000 2.5474269843
1258.5000000000 2.5479722896
1258.6000000000 2.5474526590
1258.7000000000 2.5481877466
1258.8000000000 2.5478238291
1258.9000000000 2.5475615612
1259.0000000000 2.5479131321
1259.1000000000 2.5477464568
1259.2000000000 2.5477968996
1259.3000000000 2.5480023609
1259.4000000000 2.5472052732
1259.5000000000 2.5467933140
1259.6000000000 2.5472601563
1259.7000000000 2.5466137457
1259.8000000000 2.5474536758
1259.9000000000 2.5472737970
1260.0000000000 2.5473154369
1260.1000000000 2.5476000638
1260.2000000000 2.5476871372
1260.3000000000 2.5483206134
1260.4000000000 2.5478807314
1260.5000000000 2.5477622316
1260.6000000000 2.5478668424
1260.7000000000 2.5473541921
1260.8000000000 2.5472161755
1260.9000000000 2.5475022750
1261.0000000000 2.5474734638
1261.1000000000 2.5476092997
1261.2000000000 2.5473897901
1261.3000000000 2.5476427615
1261.4000000000 2.5473950203
1261.5000000000 2.5461503005
1261.6000000000 2.5466196574
1261.7000000000 2.5461528435
1261.8000000000 2.5460542428
1261.9000000000 2.5464213183
1262.0000000000 2.5471968050
1262.1000000000 2.5462123189
1262.2000000000 2.5462053459
1262.3000000000 2.5463461645
1262.4000000000 2.5462459491
1262.5000000000 2.5467520611
1262.6000000000 2.5461573151
1262.7000000000 2.5473320836
1262.8000000000 2.5472307672
1262.9000000000 2.5475361560
1263.0000000000 2.5465849948
1263.1000000000 2.5460528377
1263.2000000000 2.5461578505
1263.3000000000 2.5462907182
1263.4000000000 2.5470715584
1263.5000000000 2.5472336032
1263.6000000000 2.5473965487
1263.7000000000 2.5469855177
1263.8000000000 2.5462929602
1263.9000000000 2.5468142276
1264.0000000000 2.5475423341
1264.1000000000 2.5475930892
1264.2000000000 2.5477866655
1264.3000000000 2.5477263449
1264.4000000000 2.5479563359
1264.5000000000 2.5482888127
1264.6000000000 2.5479637181
1264.7000000000 2.5480663848
1264.8000000000 2.5473687360
1264.9000000000 2.5473437458
1265.0000000000 2.5476366699
1265.1000000000 2.5480522002
1265.2000000000 2.5475858773
1265.3000000000 2.5469895084
1265.4000000000 2.5471176224
1265.5000000000 2.5481477620
1265.6000000000 2.5471785098
1265.7000000000 2.5474412032
1265.8000000000 2.5476396981
1265.9000000000 2.5478872676
1266.0000000000 2.5486782553
1266.1000000000 2.5487798032
1266.2000000000 2.5477962097
1266.3000000000 2.5480961985
1266.4000000000 2.5480792547
1266.5000000000 2.5482906923
1266.6000000000 2.5485972095
1266.7000000000 2.5487768617
1266.8000000000 2.5492242570
1266.9000000000 2.5489022241
1267.0000000000 2.5479671452
1267.1000000000 2.5478918067
1267.2000000000 2.5477359270
1267.3000000000 2.5468589693
1267.4000000000 2.5466834853
1267.5000000000 2.5463022997
1267.6000000000 2.5459336841
1267.7000000000 2.5461198809
1267.8000000000 2.5462422871
1267.9000000000 2.5467035698
1268.0000000000 2.5464394814
1268.1000000000 2.5464562990
1268.2000000000 2.5467312846
1268.3000000000 2.5463053594
1268.4000000000 2.5473656203
1268.5000000000 2.5466887807
1268.6000000000 2.5462299137
1268.7000000000 2.5461392505
1268.8000000000 2.5453499384
1268.9000000000 2.5451316575
1269.0000000000 2.5451135494
1269.1000000000 2.5452273984
1269.2000000000 2.5451475528
1269.3000000000 2.5454558162
1269.4000000000 2.5455734474
1269.5000000000 2.5456050966
1269.6000000000 2.5452152608
1269.7000000000 2.5445039610
1269.8000000000 2.5441036843
1269.9000000000 2.5449202715
1270.0000000000 2.5448965243
1270.1000000000 2.5453364762
1270.2000000000 2.5450917136
1270.3000000000 2.5446733417
1270.4000000000 2.5450513154
1270.5000000000 2.5447982733
1270.6000000000 2.5449792018
1270.7000000000 2.5450056167
1270.8000000000 2.5452787981
1270.9000000000 2.5453969062
1271.0000000000 2.5450689466
1271.1000000000 2.5449400759
1271.2000000000 2.5450336990
1271.3000000000 2.5455754012
1271.4000000000 2.5448070984
1271.5000000000 2.5457411228
1271.6000000000 2.5448112824
1271.7000000000 2.5449910465
1271.8000000000 2.5445270426
1271.9000000000 2.5439298323
1272.0000000000 2.5443238224
1272.1000000000 2.5436537845
1272.2000000000 2.5446202483
1272.3000000000 2.5445812185
1272.4000000000 2.5447121573
1272.5000000000 2.5446826582
1272.6000000000 2.5448948213
1272.7000000000 2.5445164171
1272.8000000000 2.5437007312
1272.9000000000 2.5446444596
1273.0000000000 2.5443743472
1273.1000000000 2.5446277823
1273.2000000000 2.5442272203
1273.3000000000 2.5444824889
1273.4000000000 2.5449266345
1273.5000000000 2.5460687515
1273.6000000000 2.5460360762
1273.7000000000 2.5458446861
1273.8000000000 2.5459136647
1273.9000000000 2.5461614483
1274.0000000000 2.5456026444
1274.1000000000 2.5455438111
1274.2000000000 2.5455201169
1274.3000000000 2.5454219675
1274.4000000000 2.5453692769
1274.5000000000 2.5446816144
1274.6000000000 2.5451009432
1274.7000000000 2.5455704538
1274.8000000000 2.5448874163
1274.9000000000 2.5444964222
1275.0000000000 2.5445715464
1275.1000000000 2.5452419916
1275.2000000000 2.5457967809
1275.3000000000 2.5466121264
1275.4000000000 2.5465813415
1275.5000000000 2.5455995501
1275.6000000000 2.5463503757
1275.7000000000 2.5458595268
1275.8000000000 2.5465637965
1275.9000000000 2.5459356434
1276.0000000000 2.5455151750
1276.1000000000 2.5447978416
1276.2000000000 2.5446088586
1276.3000000000 2.5444930308
1276.4000000000 2.5454164382
1276.5000000000 2.5450473246
1276.6000000000 2.5448052028
1276.7000000000 2.5445471612
1276.8000000000 2.5447414470
1276.9000000000 2.5452486424
1277.0000000000 2.5447043117
1277.1000000000 2.5450706144
1277.2000000000 2.5450804695
1277.3000000000 2.5445431332
1277.4000000000 2.5449475174
1277.5000000000 2.5453663106
1277.6000000000 2.5443458879
1277.7000000000 2.5447675185
1277.8000000000 2.5437404176
1277.9000000000 2.5436410225
1278.0000000000 2.5437651022
1278.1000000000 2.5436250274
1278.2000000000 2.5440400308
1278.3000000000 2.5429596732
1278.4000000000 2.5425562680
1278.5000000000 2.5426840452
1278.6000000000 2.5424145907
1278.7000000000 2.5426251994
1278.8000000000 2.5422201709
1278.9000000000 2.5427390373
1279.0000000000 2.5432067719
1279.1000000000 2.5439532789
1279.2000000000 2.5437879296
1279.3000000000 2.5428830055
1279.4000000000 2.5427003400
1279.5000000000 2.5416140422
1279.6000000000 2.5422463541
1279.7000000000 2.5421052522
1279.8000000000 2.5423535815
1279.9000000000 2.5422371216
1280.0000000000 2.5435640283
1280.1000000000 2.5433863086
1280.2000000000 2.5434913873
1280.3000000000 2.5433822434
1280.4000000000 2.5436899835
1280.5000000000 2.5437381512
1280.6000000000 2.5440663154
1280.7000000000 2.5442700168
1280.8000000000 2.5452371238
1280.9000000000 2.5451664795
1281.0000000000 2.5449778989
1281.1000000000 2.5457712553
1281.2000000000 2.5448456587
1281.3000000000 2.5447673437
1281.4000000000 2.5450849594
1281.5000000000 2.5450132893
1281.6000000000 2.5451369612
1281.7000000000 2.5455146453
1281.8000000000 2.5455715682
1281.9000000000 2.5451627601
1282.0000000000 2.5456451013
1282.1000000000 2.5460671664
1282.2000000000 2.5457122431
1282.3000000000 2.5461057898
1282.4000000000 2.5461435833
1282.5000000000 2.5462186052
1282.6000000000 2.5460535304
1282.7000000000 2.5457502654
1282.8000000000 2.5454506170
1282.9000000000 2.5453800820
1283.0000000000 2.5455811069
1283.1000000000 2.5452018554
1283.2000000000 2.5447179563
1283.3000000000 2.5451167685
1283.4000000000 2.5453572958
1283.5000000000 2.5444007618
1283.6000000000 2.5437624800
1283.7000000000 2.5441169203
1283.8000000000 2.5441760184
1283.9000000000 2.5437952877
1284.0000000000 2.5432419710
1284.1000000000 2.5432249630
1284.2000000000 2.5439799190
1284.3000000000 2.5443234846
1284.4000000000 2.5440146526
1284.5000000000 2.5445221435
1284.6000000000 2.5444758824
1284.7000000000 2.5447805934
1284.8000000000 2.5450172409
1284.9000000000 2.5441149594
1285.0000000000 2.5446357176
1285.1000000000 2.5446752597
1285.2000000000 2.5447824853
1285.3000000000 2.5444435452
1285.4000000000 2.5442488048
1285.5000000000 2.5443483149
1285.6000000000 2.5446133485
1285.7000000000 2.5445334334
1285.8000000000 2.5446218142
1285.9000000000 2.5443143733
1286.0000000000 2.5447299833
1286.1000000000 2.5447969320
1286.2000000000 2.5449120173
1286.3000000000 2.5433744010
1286.4000000000 2.5432218071
1286.5000000000 2.5435504887
1286.6000000000 2.5434228335
1286.7000000000 2.5434413315
1286.8000000000 2.5433891350
1286.9000000000 2.5432857519
1287.0000000000 2.5430444324
1287.1000000000 2.5431264657
1287.2000000000 2.5424261508
1287.3000000000 2.5421435401
1287.4000000000 2.5418964896
1287.5000000000 2.5418141179
1287.6000000000 2.5421834269
1287.7000000000 2.5414839610
1287.8000000000 2.5412352621
1287.9000000000 2.5406706210
1288.0000000000 2.5402107150
1288.1000000000 2.5406886217
1288.2000000000 2.5397363659
1288.3000000000 2.5405489997
1288.4000000000 2.5399411817
1288.5000000000 2.5395757199
1288.6000000000 2.5399120680
1288.7000000000 2.5392831968
1288.8000000000 2.5396934724
1288.9000000000 2.5400202554
1289.0000000000 2.5405121848
1289.1000000000 2.5401817087
1289.2000000000 2.5397535050
1289.3000000000 2.5397980138
1289.4000000000 2.5390033161
1289.5000000000 2.5398165371
1289.6000000000 2.5396372071
1289.7000000000 2.5394315803
1289.8000000000 2.5399185441
1289.9000000000 2.5400845191
1290.0000000000 2.5405302906
1290.1000000000 2.5407554249
1290.2000000000 2.5406853574
1290.3000000000 2.5406994978
1290.4000000000 2.5407093359
1290.5000000000 2.5402203497
1290.6000000000 2.5393427264
1290.7000000000 2.5404098972
1290.8000000000 2.5404887274
1290.9000000000 2.5399003775
1291.0000000000 2.5401666321
1291.1000000000 2.5403926549
1291.2000000000 2.5404584189
1291.3000000000 2.5392259649
1291.4000000000 2.5394200184
1291.5000000000 2.5395060000
1291.6000000000 2.5395280994
1291.7000000000 2.5394688542
1291.8000000000 2.5401570406
1291.9000000000 2.5395891950
1292.0000000000 2.5401631249
1292.1000000000 2.5403951507
1292.2000000000 2.5408504391
1292.3000000000 2.5419003536
1292.4000000000 2.5415211300
1292.5000000000 2.5412627300
1292.6000000000 2.5409746223
1292.7000000000 2.5417523895
1292.8000000000 2.5413547862
1292.9000000000 2.5422919068
1293.0000000000 2.5408914631
1293.1000000000 2.5419147908
1293.2000000000 2.5407921911
1293.3000000000 2.5405626686
1293.4000000000 2.5405907795
1293.5000000000 2.5409161792
1293.6000000000 2.5404239346
1293.7000000000 2.5404010843
1293.8000000000 2.5410956721
1293.9000000000 2.5407377202
1294.0000000000 2.5400939254
1294.1000000000 2.5400823805
1294.2000000000 2.5397979351
1294.3000000000 2.5395875637
1294.4000000000 2.5401004619
1294.5000000000 2.5406159418
1294.6000000000 2.5414443509
1294.7000000000 2.5403343304
1294.8000000000 2.5393839504
1294.9000000000 2.5393650025
1295.0000000000 2.5395815631
1295.1000000000 2.5394579803
1295.2000000000 2.5397001137
1295.3000000000 2.5391885807
1295.4000000000 2.5393631983
1295.5000000000 2.5395833725
1295.6000000000 2.5402780532
1295.7000000000 2.5399763538
1295.8000000000 2.5402360143
1295.9000000000 2.5405070965
1296.0000000000 2.5404811190
1296.1000000000 2.5408719466
1296.2000000000 2.5404448048
1296.3000000000 2.5399965318
1296.4000000000 2.5409865426
1296.5000000000 2.5407111463
1296.6000000000 2.5405156977
1296.7000000000 2.5404395711
1296.8000000000 2.5415156512
1296.9000000000 2.5418615199
1297.0000000000 2.5420472908
1297.1000000000 2.5421369814
1297.2000000000 2.5420490990
1297.3000000000 2.5414500935
1297.4000000000 2.5412711324
1297.5000000000 2.5417126293
1297.6000000000 2.5423973874
1297.7000000000 2.5419927989
1297.8000000000 2.5422773883
1297.9000000000 2.5416594634
1298.0000000000 2.5419194925
1298.1000000000 2.5415960506
1298.2000000000 2.5417553514
1298.3000000000 2.5418069939
1298.4000000000 2.5420146534
1298.5000000000 2.5427229354
1298.6000000000 2.5420837189
1298.7000000000 2.5426490968
1298.8000000000 2.5429056604
1298.9000000000 2.5425216422
1299.0000000000 2.5430571423
1299.1000000000 2.5440665631
1299.2000000000 2.5438642876
1299.3000000000 2.5434636999
1299.4000000000 2.5438169873
1299.5000000000 2.5434855140
1299.6000000000 2.5434160537
1299.7000000000 2.5430406041
1299.8000000000 2.5426984477
1299.9000000000 2.5430109816
1300.0000000000 2.5433020100
1300.1000000000 2.5436222843
1300.2000000000 2.5433048168
1300.3000000000 2.5438615496
1300.4000000000 2.5441118445
1300.5000000000 2.5452051463
1300.6000000000 2.5449256184
1300.7000000000 2.5453382421
1300.8000000000 2.5452528189
1300.9000000000 2.5456362316
1301.0000000000 2.5454467907
1301.1000000000 2.5454875626
1301.2000000000 2.5453776561
1301.3000000000 2.5454610995
1301.4000000000 2.5462660431
1301.5000000000 2.5459442184
1301.6000000000 2.5457493179
1301.7000000000 2.5461715943
1301.8000000000 2.5464297567
1301.9000000000 2.5457706537
1302.0000000000 2.5459233163
1302.1000000000 2.5457734435
1302.2000000000 2.5466598241
1302.3000000000 2.5460627166
1302.4000000000 2.5459128081
1302.5000000000 2.5457184991
1302.6000000000 2.5459104355
1302.7000000000 2.5464118507
1302.8000000000 2.5465612957
1302.9000000000 2.5466645691
1303.0000000000 2.5464433582
1303.1000000000 2.5473546514
1303.2000000000 2.5469214415
1303.3000000000 2.5462668710
1303.4000000000 2.5470484754
1303.5000000000 2.5470243284
1303.6000000000 2.5472252069
1303.7000000000 2.5472477920
1303.8000000000 2.5464830942
1303.9000000000 2.5457317407
1304.0000000000 2.5457682210
1304.1000000000 2.5454018186
1304.2000000000 2.5449406548
1304.3000000000 2.5452676704
1304.4000000000 2.5444798349
1304.5000000000 2.5446060188
1304.6000000000 2.5437575970
1304.7000000000 2.5429306832
1304.8000000000 2.5431007508
1304.9000000000 2.5437153409
1305.0000000000 2.5440216469
1305.1000000000 2.5442921817
1305.2000000000 2.5440335990
1305.3000000000 2.5427860463
1305.4000000000 2.5435867664
1305.5000000000 2.5441051676
1305.6000000000 2.5441634181
1305.7000000000 2.5450082192
1305.8000000000 2.5447809269
1305.9000000000 2.5442052026
1306.0000000000 2.5448633026
1306.1000000000 2.5441946589
1306.2000000000 2.5436148325
1306.3000000000 2.5439593544
1306.4000000000 2.5446338829
1306.5000000000 2.5449711734
1306.6000000000 2.5452377127
1306.7000000000 2.5457833097
1306.8000000000 2.5456222200
1306.9000000000 2.5458143035
1307.0000000000 2.5455263439
1307.1000000000 2.5451716770
1307.2000000000 2.5454242716
1307.3000000000 2.5452370645
1307.4000000000 2.5450579855
1307.5000000000 2.5454461116
1307.6000000000 2.5463905793
1307.7000000000 2.5468778765
1307.8000000000 2.5471497323
1307.9000000000 2.5458867253
1308.0000000000 2.5456243161
1308.1000000000 2.5457775985
1308.2000000000 2.5470263569
1308.3000000000 2.5471307682
1308.4000000000 2.5471779233
1308.5000000000 2.5471216593
1308.6000000000 2.5472129691
1308.7000000000 2.5470962660
1308.8000000000 2.5466849955
1308.9000000000 2.5472693705
1309.0000000000 2.5474835064
1309.1000000000 2.5466432160
1309.2000000000 2.5462303597
1309.3000000000 2.5475123622
1309.4000000000 2.5478644423
1309.5000000000 2.5473464213
1309.6000000000 2.5475976546
1309.7000000000 2.5462082038
1309.8000000000 2.5460189366
1309.9000000000 2.5466345696
1310.0000000000 2.5470698772
1310.1000000000 2.5474294670
1310.2000000000 2.5480183225
1310.3000000000 2.5485849268
1310.4000000000 2.5491907367
1310.5000000000 2.5498574029
1310.6000000000 2.5500038628
1310.7000000000 2.5500236396
1310.8000000000 2.5507513451
1310.9000000000 2.5507684137
1311.0000000000 2.5512341212
1311.1000000000 2.5516519759
1311.2000000000 2.5516173028
1311.3000000000 2.5518184988
1311.4000000000 2.5514883016
1311.5000000000 2.5512997068
1311.6000000000 2.5517664253
1311.7000000000 2.5512990437
1311.8000000000 2.5507673010
1311.9000000000 2.5512376223
1312.0000000000 2.5514819640
1312.1000000000 2.5514641672
1312.2000000000 2.5513104817
1312.3000000000 2.5513045220
1312.4000000000 2.5516263561
1312.5000000000 2.5511883290
1312.6000000000 2.5512218903
1312.7000000000 2.5514922097
1312.8000000000 2.5514130341
1312.9000000000 2.5516224446
1313.0000000000 2.5513745486
1313.1000000000 2.5514865730
1313.2000000000 2.5519090849
1313.3000000000 2.5512513826
1313.4000000000 2.5513054292
1313.5000000000 2.5513677892
1313.6000000000 2.5525489194
1313.7000000000 2.5520804430
1313.8000000000 2.5511975674
1313.9000000000 2.5510034324
1314.0000000000 2.5518571841
1314.1000000000 2.5511865291
1314.2000000000 2.5505636386
1314.3000000000 2.5504985473
1314.4000000000 2.5504586515
1314.5000000000 2.5513874206
1314.6000000000 2.5513388233
1314.7000000000 2.5516570795
1314.8000000000 2.5515637532
1314.9000000000 2.5510231476
1315.0000000000 2.5508456677
1315.1000000000 2.5513123799
1315.2000000000 2.5512215900
1315.3000000000 2.5504597636
1315.4000000000 2.5506806586
1315.5000000000 2.5507860723
1315.6000000000 2.5498107805
1315.7000000000 2.5503519156
1315.8000000000 2.5497036553
1315.9000000000 2.5503215443
1316.0000000000 2.5500995875
1316.1000000000 2.5496595149
1316.2000000000 2.5499299147
1316.3000000000 2.5499492734
1316.4000000000 2.5507245194
1316.5000000000 2.5510438200
1316.6000000000 2.5505526787
1316.7000000000 2.5503115753
1316.8000000000 2.5510471074
1316.9000000000 2.5503858879
1317.0000000000 2.5502752096
1317.1000000000 2.5501597821
1317.2000000000 2.5502427053
1317.3000000000 2.5501482158
1317.4000000000 2.5509060400
1317.5000000000 2.5506212919
1317.6000000000 2.5502447109
1317.7000000000 2.5504199179
1317.8000000000 2.5511646043
1317.9000000000 2.5499220993
1318.0000000000 2.5497191292
1318.1000000000 2.5492369222
1318.2000000000 2.5493846620
1318.3000000000 2.5500970205
1318.4000000000 2.5504204573
1318.5000000000 2.5503379355
1318.6000000000 2.5504481583
1318.7000000000 2.5498119296
1318.8000000000 2.5497627483
1318.9000000000 2.5498233354
1319.0000000000 2.5503508303
1319.1000000000 2.5500094565
1319.2000000000 2.5496454652
1319.3000000000 2.5501476011
1319.4000000000 2.5502680678
1319.5000000000 2.5500705170
1319.6000000000 2.5514278815
1319.7000000000 2.5517953774
1319.8000000000 2.5514389195
1319.9000000000 2.5514375758
1320.0000000000 2.5518725310
1320.1000000000 2.5521418558
1320.2000000000 2.5525520876
1320.3000000000 2.5528186503
1320.4000000000 2.5525650606
1320.5000000000 2.5526893504
1320.6000000000 2.5520084603
1320.7000000000 2.5516128469
1320.8000000000 2.5520622353
1320.9000000000 2.5504785118
1321.0000000000 2.5506557275
1321.1000000000 2.5510934767
1321.2000000000 2.5515353732
1321.3000000000 2.5518983742
1321.4000000000 2.5521018285
1321.5000000000 2.5525351051
1321.6000000000 2.5524997416
1321.7000000000 2.5517824523
1321.8000000000 2.5520062357
1321.9000000000 2.5519372166
1322.0000000000 2.5515361575
1322.1000000000 2.5511317194
1322.2000000000 2.5515352923
1322.3000000000 2.5508675726
1322.4000000000 2.5510697615
1322.5000000000 2.5509906948
1322.6000000000 2.5506623137
1322.7000000000 2.5505570804
1322.8000000000 2.5516823731
1322.9000000000 2.5509806795
1323.0000000000 2.5513359867
1323.1000000000 2.5516567314
1323.2000000000 2.5523841553
1323.3000000000 2.5521717338
1323.4000000000 2.5518690136
1323.5000000000 2.5525684334
1323.6000000000 2.5524625768
1323.7000000000 2.5520793044
1323.8000000000 2.5531454783
1323.9000000000 2.5536699229
1324.0000000000 2.5528413988
1324.1000000000 2.5531073832
1324.2000000000 2.5526386725
1324.3000000000 2.5523337357
1324.4000000000 2.5528100587
1324.5000000000 2.5528361636
1324.6000000000 2.5522048028
1324.7000000000 2.5526833506
1324.8000000000 2.5525285090
1324.9000000000 2.5520030775
1325.0000000000 2.5517337751
1325.1000000000 2.5518633242
1325.2000000000 2.5522882677
1325.3000000000 2.5525450917
1325.4000000000 2.5524475047
1325.5000000000 2.5531823176
1325.6000000000 2.5535961117
1325.7000000000 2.5544635376
1325.8000000000 2.5534887602
1325.9000000000 2.5537252388
1326.0000000000 2.5535749640
1326.1000000000 2.5536819621
1326.2000000000 2.5542777515
1326.3000000000 2.5536882084
1326.4000000000 2.5540917994
1326.5000000000 2.5540742714
1326.6000000000 2.5544579174
1326.7000000000 2.5551945050
1326.8000000000 2.5548969186
1326.9000000000 2.5553032831
1327.0000000000 2.5551117080
1327.1000000000 2.5546155973
1327.2000000000 2.5545280374
1327.3000000000 2.5546409551
1327.4000000000 2.5550078726
1327.5000000000 2.5552239555
1327.6000000000 2.5545032678
1327.7000000000 2.5544736668
1327.8000000000 2.5552422037
1327.9000000000 2.5546815261
1328.0000000000 2.5539089783
1328.1000000000 2.5542052852
1328.2000000000 2.5533860339
1328.3000000000 2.5535414187
1328.4000000000 2.5525089039
1328.5000000000 2.5528696270
1328.6000000000 2.5531267549
1328.7000000000 2.5531734729
1328.8000000000 2.5526990321
1328.9000000000 2.5528472265
1329.0000000000 2.5530824189
1329.1000000000 2.5530181126
1329.2000000000 2.5531138052
1329.3000000000 2.5526902297
1329.4000000000 2.5528643444
1329.5000000000 2.5527631883
1329.6000000000 2.5522872185
1329.7000000000 2.5526159060
1329.8000000000 2.5528561898
1329.9000000000 2.5525864988
1330.0000000000 2.5532802621
1330.1000000000 2.5534656875
1330.2000000000 2.5534172957
1330.3000000000 2.5541640865
1330.4000000000 2.5534411960
1330.5000000000 2.5540480709
1330.6000000000 2.5545145497
1330.7000000000 2.5548547727
1330.8000000000 2.5550997051
1330.9000000000 2.5542867580
1331.0000000000 2.5542967757
1331.1000000000 2.5552360558
1331.2000000000 2.5552235584
1331.3000000000 2.5549927889
1331.4000000000 2.5543395985
1331.5000000000 2.5548971258
1331.6000000000 2.5550386645
1331.7000000000 2.5551070393
1331.8000000000 2.5552453300
1331.9000000000 2.5550509967
1332.0000000000 2.5554260208
1332.1000000000 2.5557116694
1332.2000000000 2.5552204790
1332.3000000000 2.5552146204
1332.4000000000 2.5548080866
1332.5000000000 2.5548402782
1332.6000000000 2.5547300313
1332.7000000000 2.5549839315
1332.8000000000 2.5543149851
1332.9000000000 2.5552085522
1333.0000000000 2.5546012961
1333.1000000000 2.5550259061
1333.2000000000 2.5545249972
1333.3000000000 2.5554737580
1333.4000000000 2.5553263769
1333.5000000000 2.5554351279
1333.6000000000 2.5549335763
1333.7000000000 2.5548448378
1333.8000000000 2.5557263233
1333.9000000000 2.5543741609
1334.0000000000 2.5549168510
1334.1000000000 2.5543797439
1334.2000000000 2.5547843396
1334.3000000000 2.5550220252
1334.4000000000 2.5555596166
1334.5000000000 2.5558783322
1334.6000000000 2.5555621208
1334.7000000000 2.5545594845
1334.8000000000 2.5555862843
1334.9000000000 2.5547436474
1335.0000000000 2.5544202902
1335.1000000000 2.5546985315
1335.2000000000 2.5548508352
1335.3000000000 2.5546064445
1335.4000000000 2.5550066817
1335.5000000000 2.5548590084
1335.6000000000 2.5552273953
1335.7000000000 2.5555498908
1335.8000000000 2.5562107640
1335.9000000000 2.5567801900
1336.0000000000 2.5567543222
1336.1000000000 2.5555013397
1336.2000000000 2.5556087753
1336.3000000000 2.5555305748
1336.4000000000 2.5562928968
1336.5000000000 2.5559393487
1336.6000000000 2.5554064103
1336.7000000000 2.5552402569
1336.8000000000 2.5550822421
1336.9000000000 2.5552446191
1337.0000000000 2.5557888798
1337.1000000000 2.5557462861
1337.2000000000 2.5559507986
1337.3000000000 2.5560093292
1337.4000000000 2.5554857914
1337.5000000000 2.5557700268
1337.6000000000 2.5549706894
1337.7000000000 2.5546366003
1337.8000000000 2.5546787361
1337.9000000000 2.5551074864
1338.0000000000 2.5554496281
1338.1000000000 2.5549850181
1338.2000000000 2.5553884936
1338.3000000000 2.5548933039
1338.4000000000 2.5549513517
1338.5000000000 2.5555759951
1338.6000000000 2.5561067719
1338.7000000000 2.5555156402
1338.8000000000 2.5554275918
1338.9000000000 2.5547978713
1339.0000000000 2.5536690750
1339.1000000000 2.5531361337
1339.2000000000 2.5536640274
1339.3000000000 2.5540584879
1339.4000000000 2.5545290215
1339.5000000000 2.5548051286
1339.6000000000 2.5546409730
1339.7000000000 2.5541138420
1339.8000000000 2.5539375737
1339.9000000000 2.5541975725
1340.0000000000 2.5544585949
1340.1000000000 2.5554022333
1340.2000000000 2.5550651229
1340.3000000000 2.5550824976
1340.4000000000 2.5553037536
1340.5000000000 2.5555882583
1340.6000000000 2.5559605651
1340.7000000000 2.5556752994
1340.8000000000 2.5562904424
1340.9000000000 2.5554015477
1341.0000000000 2.5557553776
1341.1000000000 2.5560661792
1341.2000000000 2.5560086861
1341.3000000000 2.5561884446
1341.4000000000 2.5566848033
1341.5000000000 2.5563843150
1341.6000000000 2.5569359745
1341.7000000000 2.5569618475
1341.8000000000 2.5568583256
1341.9000000000 2.5573495802
1342.0000000000 2.5571059760
1342.1000000000 2.5566158605
1342.2000000000 2.5569486617
1342.3000000000 2.5566811665
1342.4000000000 2.5566224612
1342.5000000000 2.5556422322
1342.6000000000 2.5565123631
1342.7000000000 2.5568007484
1342.8000000000 2.5561885263
1342.9000000000 2.5562621855
1343.0000000000 2.5567772688
1343.1000000000 2.5566066798
1343.2000000000 2.5565934294
1343.3000000000 2.5567182297
1343.4000000000 2.5569432405
1343.5000000000 2.5569432943
1343.6000000000 2.5573220261
1343.7000000000 2.5579700143
1343.8000000000 2.5580435800
1343.9000000000 2.5581521364
1344.0000000000 2.5588203649
1344.1000000000 2.5577720996
1344.2000000000 2.5572572237
1344.3000000000 2.5569784903
1344.4000000000 2.5562424009
1344.5000000000 2.5563799065
1344.6000000000 2.5565599946
1344.7000000000 2.5567233524
1344.8000000000 2.5557166806
1344.9000000000 2.5564445532
1345.0000000000 2.5564264195
1345.1000000000 2.5560871814
1345.2000000000 2.5554323445
1345.3000000000 2.5552444149
1345.4000000000 2.5553761411
1345.5000000000 2.5557018913
1345.6000000000 2.5562406591
1345.7000000000 2.5566324495
1345.8000000000 2.5556909262
1345.9000000000 2.5553541480
1346.0000000000 2.5553339883
1346.1000000000 2.5558673539
1346.2000000000 2.5556836570
1346.3000000000 2.5552753671
1346.4000000000 2.5553618283
1346.5000000000 2.5549173767
1346.6000000000 2.5554126805
1346.7000000000 2.5548888174
1346.8000000000 2.5548934568
1346.9000000000 2.5548255247
1347.0000000000 2.5548971765
1347.1000000000 2.5551374830
1347.2000000000 2.5553963981
1347.3000000000 2.5547650242
1347.4000000000 2.5551097811
1347.5000000000 2.5552929538
1347.6000000000 2.5551593854
1347.7000000000 2.5556154101
1347.8000000000 2.5555873724
1347.9000000000 2.5561850449
1348.0000000000 2.5550410340
1348.1000000000 2.5552448663
1348.2000000000 2.5554901987
1348.3000000000 2.5554677978
1348.4000000000 2.5560759831
1348.5000000000 2.5564989250
1348.6000000000 2.5571231437
1348.7000000000 2.5568951831
1348.8000000000 2.5563516999
1348.9000000000 2.5551894109
1349.0000000000 2.5558125964
1349.1000000000 2.5562938638
1349.2000000000 2.5563787911
1349.3000000000 2.5562785886
1349.4000000000 2.5561777219
1349.5000000000 2.5561639299
1349.6000000000 2.5561763588
1349.7000000000 2.5567324841
1349.8000000000 2.5563476519
1349.9000000000 2.5564658566
1350.0000000000 2.5562440895
1350.1000000000 2.5564020916
1350.2000000000 2.5557858091
1350.3000000000 2.5568937302
1350.4000000000 2.5566313205
1350.5000000000 2.5564940044
1350.6000000000 2.5560189303
1350.7000000000 2.5564688144
1350.8000000000 2.5562254197
1350.9000000000 2.5567903758
1351.0000000000 2.5568891829
1351.1000000000 2.5563238168
1351.2000000000 2.5557087115
1351.3000000000 2.5561948850
1351.4000000000 2.5563579818
1351.5000000000 2.5560896945
1351.6000000000 2.5560028996
1351.7000000000 2.5559589908
1351.8000000000 2.5564001665
1351.9000000000 2.5556067725
1352.0000000000 2.5558911961
1352.1000000000 2.5558346779
1352.2000000000 2.5551744078
1352.3000000000 2.5556926791
1352.4000000000 2.5563457533
1352.5000000000 2.5566092881
1352.6000000000 2.5563627314
1352.7000000000 2.5556000159
1352.8000000000 2.5549871793
1352.9000000000 2.5552720245
1353.0000000000 2.5552567066
1353.1000000000 2.5550322082
1353.2000000000 2.5543281278
1353.3000000000 2.5539219264
1353.4000000000 2.5539447829
1353.5000000000 2.5536586184
1353.6000000000 2.5528278719
1353.7000000000 2.5522959268
1353.8000000000 2.5524278439
1353.9000000000 2.5516604612
1354.0000000000 2.5523258887
1354.1000000000 2.5525136993
1354.2000000000 2.5526984441
1354.3000000000 2.5530978284
1354.4000000000 2.5534378063
1354.5000000000 2.5538218242
1354.6000000000 2.5545026719
1354.7000000000 2.5550060430
1354.8000000000 2.5549833126
1354.9000000000 2.5550026912
1355.0000000000 2.5552522548
1355.1000000000 2.5554355713
1355.2000000000 2.5557265193
1355.3000000000 2.5553095041
1355.4000000000 2.5559173748
1355.5000000000 2.5559353373
1355.6000000000 2.5562465750
1355.7000000000 2.5557059041
1355.8000000000 2.5560448758
1355.9000000000 2.5557973885
1356.0000000000 2.5549526579
1356.1000000000 2.5549454211
1356.2000000000 2.5552675722
1356.3000000000 2.5556113276
1356.4000000000 2.5567810906
1356.5000000000 2.5578680379
1356.6000000000 2.5575945867
1356.7000000000 2.5571551630
1356.8000000000 2.5576921236
1356.9000000000 2.5570103996
1357.0000000000 2.5568457309
1357.1000000000 2.5571404366
1357.2000000000 2.5574326458
1357.3000000000 2.5575237032
1357.4000000000 2.5572876039
1357.5000000000 2.5575779028
1357.6000000000 2.5582761187
1357.7000000000 2.5576795437
1357.8000000000 2.5575653032
1357.9000000000 2.5575143476
1358.0000000000 2.5571810799
1358.1000000000 2.5569858354
1358.2000000000 2.5578960104
1358.3000000000 2.5580021638
1358.4000000000 2.5579320899
1358.5000000000 2.5573386123
1358.6000000000 2.5572830132
1358.7000000000 2.5579611381
1358.8000000000 2.5588100551
1358.9000000000 2.5580474509
1359.0000000000 2.5578634393
1359.1000000000 2.5579266785
1359.2000000000 2.5585842124
1359.3000000000 2.5588015218
1359.4000000000 2.5583883812
1359.5000000000 2.5584438588
1359.6000000000 2.5577986570
1359.7000000000 2.5576905480
1359.8000000000 2.5588747279
1359.9000000000 2.5583676977
1360.0000000000 2.5584787010
1360.1000000000 2.5586869707
1360.2000000000 2.5588338745
1360.3000000000 2.5587466513
1360.4000000000 2.5578811283
1360.5000000000 2.5583152632
1360.6000000000 2.5592682656
1360.7000000000 2.5592407310
1360.8000000000 2.5602497070
1360.9000000000 2.5607779824
1361.0000000000 2.5617756114
1361.1000000000 2.5615419785
1361.2000000000 2.5619141760
1361.3000000000 2.5616707824
1361.4000000000 2.5610676779
1361.5000000000 2.5615365836
1361.6000000000 2.5617071621
1361.7000000000 2.5600595887
1361.8000000000 2.5606725006
1361.9000000000 2.5599821074
1362.0000000000 2.5598405535
1362.1000000000 2.5594944264
1362.2000000000 2.5602238940
1362.3000000000 2.5598917904
1362.4000000000 2.5596260134
1362.5000000000 2.5596772615
1362.6000000000 2.5595023600
1362.7000000000 2.5597221745
1362.8000000000 2.5594368484
1362.9000000000 2.5597135965
1363.0000000000 2.5602431873
1363.1000000000 2.5604873595
1363.2000000000 2.5604406388
1363.3000000000 2.5595902590
1363.4000000000 2.5597079934
1363.5000000000 2.5593291051
1363.6000000000 2.5592582787
1363.7000000000 2.5583474805
1363.8000000000 2.5591656536
1363.9000000000 2.5592345427
1364.0000000000 2.5602863044
1364.1000000000 2.5601414740
1364.2000000000 2.5594612792
1364.3000000000 2.5599329215
1364.4000000000 2.5603581236
1364.5000000000 2.5603116495
1364.6000000000 2.5600400715
1364.7000000000 2.5612781147
1364.8000000000 2.5607284373
1364.9000000000 2.5608556116
1365.0000000000 2.5615404097
1365.1000000000 2.5610125991
1365.2000000000 2.5601044800
1365.3000000000 2.5600355621
1365.4000000000 2.5600675652
1365.5000000000 2.5594283869
1365.6000000000 2.5591333137
1365.7000000000 2.5596830555
1365.8000000000 2.5589249823
1365.9000000000 2.5590079841
1366.0000000000 2.5589627901
1366.1000000000 2.5585928968
1366.2000000000 2.5584176936
1366.3000000000 2.5583338229
1366.4000000000 2.5582320199
1366.5000000000 2.5585683101
1366.6000000000 2.5580543171
1366.7000000000 2.5582941064
1366.8000000000 2.5579187291
1366.9000000000 2.5579095151
1367.0000000000 2.5586157419
1367.1000000000 2.5569999810
1367.2000000000 2.5573389770
1367.3000000000 2.5576186306
1367.4000000000 2.5578110893
1367.5000000000 2.5577681018
1367.6000000000 2.5586514856
1367.7000000000 2.5580857348
1367.8000000000 2.5583321922
1367.9000000000 2.5584601764
1368.0000000000 2.5582556538
1368.1000000000 2.5583967921
1368.2000000000 2.5585822025
1368.3000000000 2.5579489118
1368.4000000000 2.5583345880
1368.5000000000 2.5585400354
1368.6000000000 2.5588506583
1368.7000000000 2.5583962390
1368.8000000000 2.5582308913
1368.9000000000 2.5579277971
1369.0000000000 2.5579280218
1369.1000000000 2.5581869353
1369.2000000000 2.5588170297
1369.3000000000 2.5598835812
1369.4000000000 2.5586788880
1369.5000000000 2.5586003945
1369.6000000000 2.5584674771
1369.7000000000 2.5578314122
1369.8000000000 2.5585499525
1369.9000000000 2.5577475078
1370.0000000000 2.5584300881
1370.1000000000 2.5583140893
1370.2000000000 2.5581363638
1370.3000000000 2.5586441379
1370.4000000000 2.5590234955
1370.5000000000 2.5596677687
1370.6000000000 2.5595964482
1370.7000000000 2.5591102153
1370.8000000000 2.5594149002
1370.9000000000 2.5593109008
1371.0000000000 2.5590405048
1371.1000000000 2.5588857444
1371.2000000000 2.5586732376
1371.3000000000 2.5578214040
1371.4000000000 2.5573897736
1371.5000000000 2.5583809029
1371.6000000000 2.5582788738
1371.7000000000 2.5573764535
1371.8000000000 2.5571782702
1371.9000000000 2.5570816649
1372.0000000000 2.5565251906
1372.1000000000 2.5571541311
1372.2000000000 2.5573435372
1372.3000000000 2.5568560949
1372.4000000000 2.5568682699
1372.5000000000 2.5577756555
1372.6000000000 2.5575980360
1372.7000000000 2.5582824247
1372.8000000000 2.5586858877
1372.9000000000 2.5593858771
1373.0000000000 2.5591528277
1373.1000000000 2.5592438804
1373.2000000000 2.5585761333
1373.3000000000 2.5590349426
1373.4000000000 2.5588205798
1373.5000000000 2.5591155509
1373.6000000000 2.5595945872
1373.7000000000 2.5593850930
1373.8000000000 2.5594159106
1373.9000000000 2.5594427849
1374.0000000000 2.5593569409
1374.1000000000 2.5594484919
1374.2000000000 2.5594971710
1374.3000000000 2.5602240455
1374.4000000000 2.5605356401
1374.5000000000 2.5603890453
1374.6000000000 2.5596665136
1374.7000000000 2.5587857319
1374.8000000000 2.5590025515
1374.9000000000 2.5582037508
1375.0000000000 2.5576644685
1375.1000000000 2.5577372335
1375.2000000000 2.5577464442
1375.3000000000 2.5565729581
1375.4000000000 2.5566235639
1375.5000000000 2.5564994770
1375.6000000000 2.5566708936
1375.7000000000 2.5570794404
1375.8000000000 2.5575748999
1375.9000000000 2.5580780956
1376.0000000000 2.5580541969
1376.1000000000 2.5578386009
1376.2000000000 2.5574857883
1376.3000000000 2.5574190882
1376.4000000000 2.5570193697
1376.5000000000 2.5573380750
1376.6000000000 2.5574543413
1376.7000000000 2.5574495908
1376.8000000000 2.5565648570
1376.9000000000 2.5557888696
1377.0000000000 2.5564109946
1377.1000000000 2.5564811127
1377.2000000000 2.5563299284
1377.3000000000 2.5557804118
1377.4000000000 2.5562991775
1377.5000000000 2.5559408854
1377.6000000000 2.5558114180
1377.7000000000 2.5563698467
1377.8000000000 2.5558368549
1377.9000000000 2.5557436498
1378.0000000000 2.5553948834
1378.1000000000 2.5559844298
1378.2000000000 2.5561046302
1378.3000000000 2.5562386516
1378.4000000000 2.5564498088
1378.5000000000 2.5556635188
1378.6000000000 2.5558675835
1378.7000000000 2.5555512438
1378.8000000000 2.5562818734
1378.9000000000 2.5560120953
1379.0000000000 2.5567377771
1379.1000000000 2.5560396778
1379.2000000000 2.5555037415
1379.3000000000 2.5551985613
1379.4000000000 2.5549473471
1379.5000000000 2.5552348393
1379.6000000000 2.5546985850
1379.7000000000 2.5545767265
1379.8000000000 2.5543716462
1379.9000000000 2.5552771402
1380.0000000000 2.5552451576
1380.1000000000 2.5552507409
1380.2000000000 2.5552964042
1380.3000000000 2.5549199093
1380.4000000000 2.5545391569
1380.5000000000 2.5550755795
1380.6000000000 2.5554229330
1380.7000000000 2.5561920164
1380.8000000000 2.5569371344
1380.9000000000 2.5572166610
1381.0000000000 2.5576629374
1381.1000000000 2.5572614667
1381.2000000000 2.5562136019
1381.3000000000 2.5562497939
1381.4000000000 2.5552415385
1381.5000000000 2.5557173120
1381.6000000000 2.5552076910
1381.7000000000 2.5554946657
1381.8000000000 2.5561572935
1381.9000000000 2.5552197089
1382.0000000000 2.5557522542
1382.1000000000 2.5564557568
1382.2000000000 2.5562516122
1382.3000000000 2.5560342706
1382.4000000000 2.5557809778
1382.5000000000 2.5553965753
1382.6000000000 2.5547182829
1382.7000000000 2.5543479297
1382.8000000000 2.5545181170
1382.9000000000 2.5533332156
1383.0000000000 2.5529188550
1383.1000000000 2.5518364751
1383.2000000000 2.5526171848
1383.3000000000 2.5526234476
1383.4000000000 2.5525751952
1383.5000000000 2.5522566769
1383.6000000000 2.5535270737
1383.7000000000 2.5530247648
1383.8000000000 2.5529743327
1383.9000000000 2.5520731187
1384.0000000000 2.5521637097
1384.1000000000 2.5519016483
1384.2000000000 2.5525490422
1384.3000000000 2.5515617013
1384.4000000000 2.5510454513
1384.5000000000 2.5509807590
1384.6000000000 2.5506495746
1384.7000000000 2.5511111426
1384.8000000000 2.5508036521
1384.9000000000 2.5505349944
1385.0000000000 2.5506421960
1385.1000000000 2.5513232037
1385.2000000000 2.5516686112
1385.3000000000 2.5513822956
1385.4000000000 2.5518138073
1385.5000000000 2.5513880870
1385.6000000000 2.5508834657
1385.7000000000 2.5518832621
1385.8000000000 2.5520272604
1385.9000000000 2.5524533137
1386.0000000000 2.5520270678
1386.1000000000 2.5519872420
1386.2000000000 2.5513231493
1386.3000000000 2.5524495437
1386.4000000000 2.5518094949
1386.5000000000 2.5507296419
1386.6000000000 2.5509438988
1386.7000000000 2.5506471635
1386.8000000000 2.5511683720
1386.9000000000 2.5511279725
1387.0000000000 2.5508372169
1387.1000000000 2.5518489658
1387.2000000000 2.5511668098
1387.3000000000 2.5506625854
1387.4000000000 2.5516610430
1387.5000000000 2.5517923107
1387.6000000000 2.5512316621
1387.7000000000 2.5508082744
1387.8000000000 2.5505288608
1387.9000000000 2.5505227060
1388.0000000000 2.5507862461
1388.1000000000 2.5504399889
1388.2000000000 2.5509905119
1388.3000000000 2.5509599941
1388.4000000000 2.5507574764
1388.5000000000 2.5516916520
1388.6000000000 2.5517963816
1388.7000000000 2.5526028235
1388.8000000000 2.5535354679
1388.9000000000 2.5526733072
1389.0000000000 2.5526416276
1389.1000000000 2.5524644832
1389.2000000000 2.5528984535
1389.3000000000 2.5527255858
1389.4000000000 2.5523421519
1389.5000000000 2.5522466817
1389.6000000000 2.5518222145
1389.7000000000 2.5516883986
1389.8000000000 2.5525916947
1389.9000000000 2.5516271611
1390.0000000000 2.5514568395
1390.1000000000 2.5516824632
1390.2000000000 2.5513505260
1390.3000000000 2.5513414513
1390.4000000000 2.5516186635
1390.5000000000 2.5524098193
1390.6000000000 2.5519290756
1390.7000000000 2.5514455486
1390.8000000000 2.5508669650
1390.9000000000 2.5505873692
1391.0000000000 2.5506825466
1391.1000000000 2.5505906861
1391.2000000000 2.5508756770
1391.3000000000 2.5515673409
1391.4000000000 2.5520010228
1391.5000000000 2.5518876835
1391.6000000000 2.5534545176
1391.7000000000 2.5530113255
1391.8000000000 2.5529697075
1391.9000000000 2.5531940354
1392.0000000000 2.5524612883
1392.1000000000 2.5532786437
1392.2000000000 2.5533103270
1392.3000000000 2.5532417537
1392.4000000000 2.5538243103
1392.5000000000 2.5537461057
1392.6000000000 2.5536005851
1392.7000000000 2.5531464889
1392.8000000000 2.5532050607
1392.9000000000 2.5532564047
1393.0000000000 2.5532965215
1393.1000000000 2.5532738643
1393.2000000000 2.5535475617
1393.3000000000 2.5534601512
1393.4000000000 2.5535790795
1393.5000000000 2.5534307659
1393.6000000000 2.5525512750
1393.7000000000 2.5529784456
1393.8000000000 2.5526325646
1393.9000000000 2.5527372985
1394.0000000000 2.5530869589
1394.1000000000 2.5523350754
1394.2000000000 2.5517219897
1394.3000000000 2.5518794109
1394.4000000000 2.5523701723
1394.5000000000 2.5531558728
1394.6000000000 2.5527551010
1394.7000000000 2.5523878623
1394.8000000000 2.5524098684
1394.9000000000 2.5524948859
1395.0000000000 2.5529103036
1395.1000000000 2.5520750652
1395.2000000000 2.5519607071
1395.3000000000 2.5527544675
1395.4000000000 2.5526156992
1395.5000000000 2.5517052785
1395.6000000000 2.5510865063
1395.7000000000 2.5509908293
1395.8000000000 2.5511196473
1395.9000000000 2.5512212873
1396.0000000000 2.5513866707
1396.1000000000 2.5516550619
1396.2000000000 2.5512693615
1396.3000000000 2.5509392232
1396.4000000000 2.5507436060
1396.5000000000 2.5512095291
1396.6000000000 2.5507462636
1396.7000000000 2.5502648384
1396.8000000000 2.5506616989
1396.9000000000 2.5506114858
1397.0000000000 2.5511004182
1397.1000000000 2.5513304696
1397.2000000000 2.5504894666
1397.3000000000 2.5509306672
1397.4000000000 2.5513025220
1397.5000000000 2.5506532603
1397.6000000000 2.5507586453
1397.7000000000 2.5513951272
1397.8000000000 2.5517807585
1397.9000000000 2.5520118978
1398.0000000000 2.5513215190
1398.1000000000 2.5516003974
1398.2000000000 2.5523459637
1398.3000000000 2.5519425316
1398.4000000000 2.5525066611
1398.5000000000 2.5530229114
1398.6000000000 2.5520453429
1398.7000000000 2.5534594794
1398.8000000000 2.5538297752
1398.9000000000 2.5540498154
1399.0000000000 2.5543563706
1399.1000000000 2.5552603698
1399.2000000000 2.5550773365
1399.3000000000 2.5548336003
1399.4000000000 2.5545682393
1399.5000000000 2.5547998651
1399.6000000000 2.5555967941
1399.7000000000 2.5558173222
1399.8000000000 2.5561849699
1399.9000000000 2.5550497924
1400.0000000000 2.5549610909
1400.1000000000 2.5548204244
1400.2000000000 2.5548883214
1400.3000000000 2.5551207255
1400.4000000000 2.5553771075
1400.5000000000 2.5552319537
1400.6000000000 2.5554158297
1400.7000000000 2.5550467263
1400.8000000000 2.5549472887
1400.9000000000 2.5551332959
1401.0000000000 2.5561329015
1401.1000000000 2.5559064440
1401.2000000000 2.5562282572
1401.3000000000 2.5565732351
1401.4000000000 2.5570306188
1401.5000000000 2.5563640381
1401.6000000000 2.5560811642
1401.7000000000 2.5559848181
1401.8000000000 2.5564619801
1401.9000000000 2.5566816084
1402.0000000000 2.5565232909
1402.1000000000 2.5570832879
1402.2000000000 2.5567063452
1402.3000000000 2.5567110803
1402.4000000000 2.5554283939
1402.5000000000 2.5557841734
1402.6000000000 2.5555657828
1402.7000000000 2.5558501967
1402.8000000000 2.5553121132
1402.9000000000 2.5560626134
1403.0000000000 2.5558087684
1403.1000000000 2.5553923170
1403.2000000000 2.5548978935
1403.3000000000 2.5552927575
1403.4000000000 2.5546400771
1403.5000000000 2.5550320721
1403.6000000000 2.5551313928
1403.7000000000 2.5548341200
1403.8000000000 2.5549694757
1403.9000000000 2.5551457541
1404.0000000000 2.5548375828
1404.1000000000 2.5552848605
1404.2000000000 2.5551552853
1404.3000000000 2.5549982032
1404.4000000000 2.5548990756
1404.5000000000 2.5557862492
1404.6000000000 2.5550159505
1404.7000000000 2.5543261648
1404.8000000000 2.5554937904
1404.9000000000 2.5555983551
1405.0000000000 2.5546301127
1405.1000000000 2.5542241906
1405.2000000000 2.5545883647
1405.3000000000 2.5547403466
1405.4000000000 2.5549665713
1405.5000000000 2.5560225396
1405.6000000000 2.5562278261
1405.7000000000 2.5557865855
1405.8000000000 2.5561606230
1405.9000000000 2.5563213049
1406.0000000000 2.5563739810
1406.1000000000 2.5557062850
1406.2000000000 2.5557553737
1406.3000000000 2.5555741680
1406.4000000000 2.5556432829
1406.5000000000 2.5558593204
1406.6000000000 2.5556012351
1406.7000000000 2.5561450672
1406.8000000000 2.5570450616
1406.9000000000 2.5559964413
1407.0000000000 2.5559692150
1407.1000000000 2.5565988353
1407.2000000000 2.5566886366
1407.3000000000 2.5567411855
1407.4000000000 2.5571814573
1407.5000000000 2.5572001317
1407.6000000000 2.5575591762
1407.7000000000 2.5573367801
1407.8000000000 2.5580623100
1407.9000000000 2.5575031401
1408.0000000000 2.5588454030
1408.1000000000 2.5582615034
1408.2000000000 2.5589688650
1408.3000000000 2.5594757536
1408.4000000000 2.5600422443
1408.5000000000 2.5598131589
1408.6000000000 2.5592453006
1408.7000000000 2.5595307021
1408.8000000000 2.5596985347
1408.9000000000 2.5598591224
1409.0000000000 2.5594907519
1409.1000000000 2.5599041451
1409.2000000000 2.5599640400
1409.3000000000 2.5600840542
1409.4000000000 2.5604335416
1409.5000000000 2.5598880785
1409.6000000000 2.5599840835
1409.7000000000 2.5596670643
1409.8000000000 2.5585381942
1409.9000000000 2.5592686128
1410.0000000000 2.5593757905
1410.1000000000 2.5589883705
1410.2000000000 2.5578616764
1410.3000000000 2.5579897314
1410.4000000000 2.5582932497
1410.5000000000 2.5586533148
1410.6000000000 2.5592832390
1410.7000000000 2.5596196764
1410.8000000000 2.5598672859
1410.9000000000 2.5607028204
1411.0000000000 2.5604756993
1411.1000000000 2.5616313005
1411.2000000000 2.5618112806
1411.3000000000 2.5612430034
1411.4000000000 2.5621586890
1411.5000000000 2.5607235847
1411.6000000000 2.5613944266
1411.7000000000 2.5608311075
1411.8000000000 2.5611622096
1411.9000000000 2.5605272385
1412.0000000000 2.5601336262
1412.1000000000 2.5598427373
1412.2000000000 2.5602244821
1412.3000000000 2.5603156979
1412.4000000000 2.5610155501
1412.5000000000 2.5613755498
1412.6000000000 2.5611494195
1412.7000000000 2.5615681555
1412.8000000000 2.5618533241
1412.9000000000 2.5620002258
1413.0000000000 2.5625840882
1413.1000000000 2.5622317339
1413.2000000000 2.5619138709
1413.3000000000 2.5623491015
1413.4000000000 2.5621336133
1413.5000000000 2.5622678399
1413.6000000000 2.5623778932
1413.7000000000 2.5618935199
1413.8000000000 2.5626410550
1413.9000000000 2.5631788731
1414.0000000000 2.5639192265
1414.1000000000 2.5642218930
1414.2000000000 2.5639162937
1414.3000000000 2.5647380281
1414.4000000000 2.5646225293
1414.5000000000 2.5653379054
1414.6000000000 2.5651950896
1414.7000000000 2.5642434151
1414.8000000000 2.5636283484
1414.9000000000 2.5633960874
1415.0000000000 2.5632747462
1415.1000000000 2.5630958200
1415.2000000000 2.5631155916
1415.3000000000 2.5633104244
1415.4000000000 2.5625375332
1415.5000000000 2.5625852081
1415.6000000000 2.5626808517
1415.7000000000 2.5626919464
1415.8000000000 2.5621756956
1415.9000000000 2.5615279195
1416.0000000000 2.5622433339
1416.1000000000 2.5619068092
1416.2000000000 2.5626167824
1416.3000000000 2.5629246304
1416.4000000000 2.5628303405
1416.5000000000 2.5633516016
1416.6000000000 2.5620911201
1416.7000000000 2.5620800414
1416.8000000000 2.5622996783
1416.9000000000 2.5620218243
1417.0000000000 2.5626607882
1417.1000000000 2.5625183888
1417.2000000000 2.5630930365
1417.3000000000 2.5624720995
1417.4000000000 2.5622030717
1417.5000000000 2.5627659937
1417.6000000000 2.5623634048
1417.7000000000 2.5623297350
1417.8000000000 2.5624874427
1417.9000000000 2.5626874520
1418.0000000000 2.5623924221
1418.1000000000 2.5618302571
1418.2000000000 2.5620087280
1418.3000000000 2.5619386490
1418.4000000000 2.5614350778
1418.5000000000 2.5616345178
1418.6000000000 2.5616160035
1418.7000000000 2.5612958577
1418.8000000000 2.5615898295
1418.9000000000 2.5610221392
1419.0000000000 2.5601069429
1419.1000000000 2.5599924961
1419.2000000000 2.5588716015
1419.3000000000 2.5595715687
1419.4000000000 2.5599757486
1419.5000000000 2.5592855021
1419.6000000000 2.5606871363
1419.7000000000 2.5607572988
1419.8000000000 2.5604739265
1419.9000000000 2.5607670051
1420.0000000000 2.5614136065
1420.1000000000 2.5607589975
1420.2000000000 2.5603102262
1420.3000000000 2.5607274340
1420.4000000000 2.5600893071
1420.5000000000 2.5615787847
1420.6000000000 2.5607296887
1420.7000000000 2.5607464662
1420.8000000000 2.5612414169
1420.9000000000 2.5609928063
1421.0000000000 2.5610883383
1421.1000000000 2.5611331909
1421.2000000000 2.5613119076
1421.3000000000 2.5608274118
1421.4000000000 2.5610474423
1421.5000000000 2.5616261008
1421.6000000000 2.5609193177
1421.7000000000 2.5610103545
1421.8000000000 2.5612063639
1421.9000000000 2.5611548165
1422.0000000000 2.5610737587
1422.1000000000 2.5610147910
1422.2000000000 2.5609312969
1422.3000000000 2.5611690421
1422.4000000000 2.5608661620
1422.5000000000 2.5608154248
1422.6000000000 2.5607650421
1422.7000000000 2.5616215399
1422.8000000000 2.5613239657
1422.9000000000 2.5608246569
1423.0000000000 2.5604433995
1423.1000000000 2.5605208442
1423.2000000000 2.5610557623
1423.3000000000 2.5606385095
1423.4000000000 2.5602686282
1423.5000000000 2.5595800450
1423.6000000000 2.5602289059
1423.7000000000 2.5603019727
1423.8000000000 2.5599768250
1423.9000000000 2.5604765403
1424.0000000000 2.5609392694
1424.1000000000 2.5613595330
1424.2000000000 2.5621523873
1424.3000000000 2.5621633894
1424.4000000000 2.5622609223
1424.5000000000 2.5620124965
1424.6000000000 2.5618609310
1424.7000000000 2.5616013381
1424.8000000000 2.5612530389
1424.9000000000 2.5613205477
1425.0000000000 2.5607654668
1425.1000000000 2.5607174033
1425.2000000000 2.5607208432
1425.3000000000 2.5607534844
1425.4000000000 2.5603446953
1425.5000000000 2.5605061797
1425.6000000000 2.5605923754
1425.7000000000 2.5598480949
1425.8000000000 2.5604521904
1425.9000000000 2.5607206401
1426.0000000000 2.5609488888
1426.1000000000 2.5612834760
1426.2000000000 2.5609744766
1426.3000000000 2.5620033329
1426.4000000000 2.5609529155
1426.5000000000 2.5610033197
1426.6000000000 2.5607906053
1426.7000000000 2.5599419240
1426.8000000000 2.5592385453
1426.9000000000 2.5597678494
1427.0000000000 2.5605221310
1427.1000000000 2.5608188840
1427.2000000000 2.5611014375
1427.3000000000 2.5614845006
1427.4000000000 2.5613529765
1427.5000000000 2.5620290335
1427.6000000000 2.5618836871
1427.7000000000 2.5623335187
1427.8000000000 2.5627304691
1427.9000000000 2.5629014527
1428.0000000000 2.5636757757
1428.1000000000 2.5635465611
1428.2000000000 2.5633242030
1428.3000000000 2.5636780999
1428.4000000000 2.5636397057
1428.5000000000 2.5636967730
1428.6000000000 2.5637290208
1428.7000000000 2.5637891904
1428.8000000000 2.5637238603
1428.9000000000 2.5634514522
1429.0000000000 2.5628258450
1429.1000000000 2.5634749417
1429.2000000000 2.5633214146
1429.3000000000 2.5633430987
1429.4000000000 2.5631435664
1429.5000000000 2.5630559592
1429.6000000000 2.5631019429
1429.7000000000 2.5632366977
1429.8000000000 2.5623872700
1429.9000000000 2.5620988112
1430.0000000000 2.5613744313
1430.1000000000 2.5619931190
1430.2000000000 2.5618008046
1430.3000000000 2.5620922282
1430.4000000000 2.5622522370
1430.5000000000 2.5616318601
1430.6000000000 2.5617233203
1430.7000000000 2.5618841688
1430.8000000000 2.5619306096
1430.9000000000 2.5615263537
1431.0000000000 2.5610812724
1431.1000000000 2.5618718552
1431.2000000000 2.5611014528
1431.3000000000 2.5599808367
1431.4000000000 2.5606302044
1431.5000000000 2.5605067554
1431.6000000000 2.5610109019
1431.7000000000 2.5602732714
1431.8000000000 2.5599394421
1431.9000000000 2.5602792856
1432.0000000000 2.5597884498
1432.1000000000 2.5599183098
1432.2000000000 2.5604037476
1432.3000000000 2.5598029617
1432.4000000000 2.5597861784
1432.5000000000 2.5595435342
1432.6000000000 2.5587421118
1432.7000000000 2.5592548712
1432.8000000000 2.5596708609
1432.9000000000 2.5605606961
1433.0000000000 2.5596187074
1433.1000000000 2.5599142343
1433.2000000000 2.5594323595
1433.3000000000 2.5599387961
1433.4000000000 2.5599663669
1433.5000000000 2.5593905815
1433.6000000000 2.5598103999
1433.7000000000 2.5590114505
1433.8000000000 2.5589535546
1433.9000000000 2.5589463336
1434.0000000000 2.5582691266
1434.1000000000 2.5591096819
1434.2000000000 2.5591100205
1434.3000000000 2.5586911007
1434.4000000000 2.5589236481
1434.5000000000 2.5590412642
1434.6000000000 2.5586138790
1434.7000000000 2.5587464458
1434.8000000000 2.5596029884
1434.9000000000 2.5584996660
1435.0000000000 2.5573732522
1435.1000000000 2.5574633188
1435.2000000000 2.5577308801
1435.3000000000 2.5573068987
1435.4000000000 2.5583580715
1435.5000000000 2.5579441886
1435.6000000000 2.5581405386
1435.7000000000 2.5575845503
1435.8000000000 2.5573002073
1435.9000000000 2.5575268965
1436.0000000000 2.5571654746
1436.1000000000 2.5569857901
1436.2000000000 2.5565044256
1436.3000000000 2.5561613211
1436.4000000000 2.5570548672
1436.5000000000 2.5567244365
1436.6000000000 2.5564134389
1436.7000000000 2.5557035491
1436.8000000000 2.5553271423
1436.9000000000 2.5562787564
1437.0000000000 2.5556763024
1437.1000000000 2.5561446377
1437.2000000000 2.5563325219
1437.3000000000 2.5566125086
1437.4000000000 2.5568482018
1437.5000000000 2.5572865662
1437.6000000000 2.5568975456
1437.7000000000 2.5575866215
1437.8000000000 2.5571305884
1437.9000000000 2.5567114018
1438.0000000000 2.5564666727
1438.1000000000 2.5562928611
1438.2000000000 2.5559348309
1438.3000000000 2.5564848344
1438.4000000000 2.5563032399
1438.5000000000 2.5558535291
1438.6000000000 2.5561852705
1438.7000000000 2.5560489594
1438.8000000000 2.5563419689
1438.9000000000 2.5570830628
1439.0000000000 2.5564106626
1439.1000000000 2.5564586947
1439.2000000000 2.5570089234
1439.3000000000 2.5574037191
1439.4000000000 2.5571546115
1439.5000000000 2.5571710153
1439.6000000000 2.5567501131
1439.7000000000 2.5562628158
1439.8000000000 2.5549084982
1439.9000000000 2.5552725177
1440.0000000000 2.5552053751
1440.1000000000 2.5553464006
1440.2000000000 2.5555003433
1440.3000000000 2.5557500340
1440.4000000000 2.5564826899
1440.5000000000 2.5559634991
1440.6000000000 2.5558424708
1440.7000000000 2.5560726534
1440.8000000000 2.5556636245
1440.9000000000 2.5552251351
1441.0000000000 2.5556335687
1441.1000000000 2.5564780606
1441.2000000000 2.5565884852
1441.3000000000 2.5565845848
1441.4000000000 2.5567535245
1441.5000000000 2.5573445443
1441.6000000000 2.5574949555
1441.7000000000 2.5574172158
1441.8000000000 2.5587081718
1441.9000000000 2.5592610106
1442.0000000000 2.5590756167
1442.1000000000 2.5588741439
1442.2000000000 2.5592168234
1442.3000000000 2.5594322374
1442.4000000000 2.5600281177
1442.5000000000 2.5604067712
1442.6000000000 2.5594465701
1442.7000000000 2.5595365120
1442.8000000000 2.5598704082
1442.9000000000 2.5603108682
1443.0000000000 2.5601885226
1443.1000000000 2.5592445120
1443.2000000000 2.5596784252
1443.3000000000 2.5600881125
1443.4000000000 2.5614695084
1443.5000000000 2.5613770275
1443.6000000000 2.5605627529
1443.7000000000 2.5602295366
1443.8000000000 2.5597905690
1443.9000000000 2.5602303284
1444.0000000000 2.5598951221
1444.1000000000 2.5600247870
1444.2000000000 2.5601122537
1444.3000000000 2.5608846689
1444.4000000000 2.5608028143
1444.5000000000 2.5605601950
1444.6000000000 2.5605446665
1444.7000000000 2.5595975610
1444.8000000000 2.5600413141
1444.9000000000 2.5592281615
1445.0000000000 2.5592575529
1445.1000000000 2.5596063701
1445.2000000000 2.5597116327
1445.3000000000 2.5601165268
1445.4000000000 2.5599630907
1445.5000000000 2.5592388228
1445.6000000000 2.5585494539
1445.7000000000 2.5584818594
1445.8000000000 2.5598013536
1445.9000000000 2.5599422236
1446.0000000000 2.5600280512
1446.1000000000 2.5597374366
1446.2000000000 2.5590088952
1446.3000000000 2.5589525647
1446.4000000000 2.5588165949
1446.5000000000 2.5595308361
1446.6000000000 2.5592820971
1446.7000000000 2.5600081545
1446.8000000000 2.5596988162
1446.9000000000 2.5598799069
1447.0000000000 2.5598769966
1447.1000000000 2.5586211120
1447.2000000000 2.5591022219
1447.3000000000 2.5592917412
1447.4000000000 2.5591442467
1447.5000000000 2.5602561303
1447.6000000000 2.5605111659
1447.7000000000 2.5614879069
1447.8000000000 2.5621237647
1447.9000000000 2.5623710418
1448.0000000000 2.5612273687
1448.1000000000 2.5606899095
1448.2000000000 2.5603568773
1448.3000000000 2.5611050375
1448.4000000000 2.5618707388
1448.5000000000 2.5618178093
1448.6000000000 2.5621991604
1448.7000000000 2.5623438835
1448.8000000000 2.5628249198
1448.9000000000 2.5637193709
1449.0000000000 2.5635207777
1449.1000000000 2.5638658711
1449.2000000000 2.5640178488
1449.3000000000 2.5637917726
1449.4000000000 2.5645900112
1449.5000000000 2.5646522074
1449.6000000000 2.5646034475
1449.7000000000 2.5638111430
1449.8000000000 2.5638765998
1449.9000000000 2.5639317629
1450.0000000000 2.5638185598
1450.1000000000 2.5639352620
1450.2000000000 2.5635353911
1450.3000000000 2.5635502171
1450.4000000000 2.5634236948
1450.5000000000 2.5634056511
1450.6000000000 2.5639839596
1450.7000000000 2.5635571879
1450.8000000000 2.5641144608
1450.9000000000 2.5647717574
1451.0000000000 2.5649394445
1451.1000000000 2.5647439680
1451.2000000000 2.5651913104
1451.3000000000 2.5649104430
1451.4000000000 2.5644565229
1451.5000000000 2.5643619724
1451.6000000000 2.5645382639
1451.7000000000 2.5641571386
1451.8000000000 2.5642109956
1451.9000000000 2.5648510518
1452.0000000000 2.5640786340
1452.1000000000 2.5633228837
1452.2000000000 2.5625843551
1452.3000000000 2.5622741627
1452.4000000000 2.5628005545
1452.5000000000 2.5628038084
1452.6000000000 2.5638539318
1452.7000000000 2.5642903990
1452.8000000000 2.5638918137
1452.9000000000 2.5638565694
1453.0000000000 2.5642127129
1453.1000000000 2.5639473373
1453.2000000000 2.5630741160
1453.3000000000 2.5633873289
1453.4000000000 2.5639752809
1453.5000000000 2.5642538868
1453.6000000000 2.5637855979
1453.7000000000 2.5640790938
1453.8000000000 2.5646184888
1453.9000000000 2.5644659423
1454.0000000000 2.5638038584
1454.1000000000 2.5638650398
1454.2000000000 2.5641048582
1454.3000000000 2.5630879424
1454.4000000000 2.5618097803
1454.5000000000 2.5614160478
1454.6000000000 2.5610562063
1454.7000000000 2.5615140911
1454.8000000000 2.5620381944
1454.9000000000 2.5618073645
1455.0000000000 2.5619467717
1455.1000000000 2.5628967399
1455.2000000000 2.5638939988
1455.3000000000 2.5637766972
1455.4000000000 2.5628642250
1455.5000000000 2.5630664543
1455.6000000000 2.5638125428
1455.7000000000 2.5635222268
1455.8000000000 2.5641472661
1455.9000000000 2.5637017336
1456.0000000000 2.5635719514
1456.1000000000 2.5621741373
1456.2000000000 2.5629561285
1456.3000000000 2.5631896838
1456.4000000000 2.5637504239
1456.5000000000 2.5637304534
1456.6000000000 2.5642700890
1456.7000000000 2.5637824208
1456.8000000000 2.5636223385
1456.9000000000 2.5639656961
1457.0000000000 2.5643088192
1457.1000000000 2.5640134908
1457.2000000000 2.5640237884
1457.3000000000 2.5640746110
1457.4000000000 2.5639397981
1457.5000000000 2.5636783231
1457.6000000000 2.5631411914
1457.7000000000 2.5627232470
1457.8000000000 2.5630400201
1457.9000000000 2.5624611099
1458.0000000000 2.5624027280
1458.1000000000 2.5616392413
1458.2000000000 2.5625756226
1458.3000000000 2.5622516927
1458.4000000000 2.5628595003
1458.5000000000 2.5629247723
1458.6000000000 2.5630396913
1458.7000000000 2.5637235395
1458.8000000000 2.5636786726
1458.9000000000 2.5638782668
1459.0000000000 2.5635239690
1459.1000000000 2.5631693563
1459.2000000000 2.5632110481
1459.3000000000 2.5631771455
1459.4000000000 2.5627893353
1459.5000000000 2.5634189364
1459.6000000000 2.5634030479
1459.7000000000 2.5642313720
1459.8000000000 2.5645506332
1459.9000000000 2.5652997746
1460.0000000000 2.5654335512
1460.1000000000 2.5643572535
1460.2000000000 2.5646965327
1460.3000000000 2.5646206022
1460.4000000000 2.5648074671
1460.5000000000 2.5649736096
1460.6000000000 2.5657425457
1460.7000000000 2.5651329636
1460.8000000000 2.5655753684
1460.9000000000 2.5656350891
1461.0000000000 2.5650807222
1461.1000000000 2.5649381715
1461.2000000000 2.5651632025
1461.3000000000 2.5650814335
1461.4000000000 2.5648617679
1461.5000000000 2.5649113387
1461.6000000000 2.5647529896
1461.7000000000 2.5649891404
1461.8000000000 2.5654011857
1461.9000000000 2.5655991766
1462.0000000000 2.5657888774
1462.1000000000 2.5654774533
1462.2000000000 2.5654508309
1462.3000000000 2.5649068220
1462.4000000000 2.5656403455
1462.5000000000 2.5653641712
1462.6000000000 2.5649774385
1462.7000000000 2.5645474870
1462.8000000000 2.5641703611
1462.9000000000 2.5647105766
1463.0000000000 2.5653238742
1463.1000000000 2.5659366304
1463.2000000000 2.5659837998
1463.3000000000 2.5658932947
1463.4000000000 2.5661444129
1463.5000000000 2.5663167423
1463.6000000000 2.5657917746
1463.7000000000 2.5658416785
1463.8000000000 2.5652443310
1463.9000000000 2.5660065822
1464.0000000000 2.5662038875
1464.1000000000 2.5660184985
1464.2000000000 2.5655119225
1464.3000000000 2.5667913802
1464.4000000000 2.5664154489
1464.5000000000 2.5663134433
1464.6000000000 2.5661672553
1464.7000000000 2.5665697914
1464.8000000000 2.5664765024
1464.9000000000 2.5664949926
1465.0000000000 2.5672964032
1465.1000000000 2.5666779929
1465.2000000000 2.5665088847
1465.3000000000 2.5666965880
1465.4000000000 2.5671123670
1465.5000000000 2.5667678712
1465.6000000000 2.5668681880
1465.7000000000 2.5672955586
1465.8000000000 2.5682314205
1465.9000000000 2.5685432980
1466.0000000000 2.5690115913
1466.1000000000 2.5697381868
1466.2000000000 2.5695839713
1466.3000000000 2.5695799802
1466.4000000000 2.5696803603
1466.5000000000 2.5696671823
1466.6000000000 2.5694047975
1466.7000000000 2.5694348275
1466.8000000000 2.5690149279
1466.9000000000 2.5696637923
1467.0000000000 2.5695061275
1467.1000000000 2.5694125301
1467.2000000000 2.5701710842
1467.3000000000 2.5700445934
1467.4000000000 2.5705111409
1467.5000000000 2.5700161625
1467.6000000000 2.5696134109
1467.7000000000 2.5694656173
1467.8000000000 2.5703237064
1467.9000000000 2.5702609282
1468.0000000000 2.5713998422
1468.1000000000 2.5705223384
1468.2000000000 2.5707749304
1468.3000000000 2.5704752068
1468.4000000000 2.5709035152
1468.5000000000 2.5710725177
1468.6000000000 2.5714671605
1468.7000000000 2.5700995954
1468.8000000000 2.5702406484
1468.9000000000 2.5703003466
1469.0000000000 2.5703008316
1469.1000000000 2.5703009365
1469.2000000000 2.5706767912
1469.3000000000 2.5708356215
1469.4000000000 2.5710633123
1469.5000000000 2.5708900614
1469.6000000000 2.5706819471
1469.7000000000 2.5711240607
1469.8000000000 2.5701569976
1469.9000000000 2.5706627346
1470.0000000000 2.5701665707
1470.1000000000 2.5704315880
1470.2000000000 2.5701341567
1470.3000000000 2.5709553874
1470.4000000000 2.5709432765
1470.5000000000 2.5704111788
1470.6000000000 2.5695483203
1470.7000000000 2.5700492366
1470.8000000000 2.5704378002
1470.9000000000 2.5705873622
1471.0000000000 2.5707728500
1471.1000000000 2.5701620510
1471.2000000000 2.5702193396
1471.3000000000 2.5701860306
1471.4000000000 2.5694685403
1471.5000000000 2.5687124493
1471.6000000000 2.5695879564
1471.7000000000 2.5690263207
1471.8000000000 2.5693502343
1471.9000000000 2.5689176652
1472.0000000000 2.5692952134
1472.1000000000 2.5691904134
1472.2000000000 2.5685001993
1472.3000000000 2.5683154204
1472.4000000000 2.5684041677
1472.5000000000 2.5684619820
1472.6000000000 2.5682227357
1472.7000000000 2.5683042124
1472.8000000000 2.5680643022
1472.9000000000 2.5676580260
1473.0000000000 2.5671272521
1473.1000000000 2.5672342167
1473.2000000000 2.5677646174
1473.3000000000 2.5678611235
1473.4000000000 2.5683294519
1473.5000000000 2.5678987272
1473.6000000000 2.5682783318
1473.7000000000 2.5687630649
1473.8000000000 2.5687919731
1473.9000000000 2.5681057878
1474.0000000000 2.5675883099
1474.1000000000 2.5670540119
1474.2000000000 2.5668937675
1474.3000000000 2.5666110766
1474.4000000000 2.5674748575
1474.5000000000 2.5672784725
1474.6000000000 2.5679267208
1474.7000000000 2.5678078059
1474.8000000000 2.5673985072
1474.9000000000 2.5673647187
1475.0000000000 2.5662798748
1475.1000000000 2.5673475072
1475.2000000000 2.5677381761
1475.3000000000 2.5677361450
1475.4000000000 2.5673721839
1475.5000000000 2.5677900336
1475.6000000000 2.5674066902
1475.7000000000 2.5673337175
1475.8000000000 2.5673622465
1475.9000000000 2.5672783043
1476.0000000000 2.5679462277
1476.1000000000 2.5678321371
1476.2000000000 2.5680967104
1476.3000000000 2.5680992939
1476.4000000000 2.5689555156
1476.5000000000 2.5693629319
1476.6000000000 2.5691948337
1476.7000000000 2.5681306075
1476.8000000000 2.5680268890
1476.9000000000 2.5671870192
1477.0000000000 2.5673705142
1477.1000000000 2.5674130009
1477.2000000000 2.5677221528
1477.3000000000 2.5676766838
1477.4000000000 2.5681031936
1477.5000000000 2.5683012468
1477.6000000000 2.5672128550
1477.7000000000 2.5670707593
1477.8000000000 2.5668033801
1477.9000000000 2.5662793231
1478.0000000000 2.5670028879
1478.1000000000 2.5659866757
1478.2000000000 2.5655923833
1478.3000000000 2.5665735325
1478.4000000000 2.5665497216
1478.5000000000 2.5663953022
1478.6000000000 2.5670819192
1478.7000000000 2.5671921664
1478.8000000000 2.5672720172
1478.9000000000 2.5666413889
1479.0000000000 2.5673401836
1479.1000000000 2.5667143660
1479.2000000000 2.5666715782
1479.3000000000 2.5666144736
1479.4000000000 2.5654852766
1479.5000000000 2.5657376468
1479.6000000000 2.5656308564
1479.7000000000 2.5657844273
1479.8000000000 2.5657985090
1479.9000000000 2.5666201437
1480.0000000000 2.5659879676
1480.1000000000 2.5662659639
1480.2000000000 2.5659670586
1480.3000000000 2.5664984752
1480.4000000000 2.5664593778
1480.5000000000 2.5660707963
1480.6000000000 2.5659890204
1480.7000000000 2.5667597989
1480.8000000000 2.5660178890
1480.9000000000 2.5660855856
1481.0000000000 2.5666141457
1481.1000000000 2.5676459648
1481.2000000000 2.5677071236
1481.3000000000 2.5675984284
1481.4000000000 2.5672140381
1481.5000000000 2.5677359197
1481.6000000000 2.5676663849
1481.7000000000 2.5683277807
1481.8000000000 2.5691342820
1481.9000000000 2.5679086729
1482.0000000000 2.5682782111
1482.1000000000 2.5674676142
1482.2000000000 2.5681752476
1482.3000000000 2.5673757718
1482.4000000000 2.5680870303
1482.5000000000 2.5673314648
1482.6000000000 2.5680629034
1482.7000000000 2.5693026289
1482.8000000000 2.5691924117
1482.9000000000 2.5688409102
1483.0000000000 2.5693748650
1483.1000000000 2.5697239800
1483.2000000000 2.5691953250
1483.3000000000 2.5690718120
1483.4000000000 2.5696550132
1483.5000000000 2.5685076535
1483.6000000000 2.5686192441
1483.7000000000 2.5684480185
1483.8000000000 2.5685051016
1483.9000000000 2.5692312638
1484.0000000000 2.5687386377
1484.1000000000 2.5693088018
1484.2000000000 2.5682848149
1484.3000000000 2.5677913008
1484.4000000000 2.5668158321
1484.5000000000 2.5670871518
1484.6000000000 2.5674659442
1484.7000000000 2.5671236044
1484.8000000000 2.5674656382
1484.9000000000 2.5678036122
1485.0000000000 2.5678122289
1485.1000000000 2.5679772798
1485.2000000000 2.5684849507
1485.3000000000 2.5694897439
1485.4000000000 2.5695731568
1485.5000000000 2.5695895001
1485.6000000000 2.5690011616
1485.7000000000 2.5694174553
1485.8000000000 2.5695327355
1485.9000000000 2.5688390467
1486.0000000000 2.5686754186
1486.1000000000 2.5690537723
1486.2000000000 2.5693070586
1486.3000000000 2.5695605522
1486.4000000000 2.5693524904
1486.5000000000 2.5695674654
1486.6000000000 2.5695771492
1486.7000000000 2.5686382548
1486.8000000000 2.5683186055
1486.9000000000 2.5681105684
1487.0000000000 2.5682636051
1487.1000000000 2.5678294344
1487.2000000000 2.5680570604
1487.3000000000 2.5677357394
1487.4000000000 2.5683320339
1487.5000000000 2.5682474427
1487.6000000000 2.5688972653
1487.7000000000 2.5683287498
1487.8000000000 2.5682768196
1487.9000000000 2.5685544207
1488.0000000000 2.5691280795
1488.1000000000 2.5705197290
1488.2000000000 2.5714574407
1488.3000000000 2.5717114524
1488.4000000000 2.5706052120
1488.5000000000 2.5713771907
1488.6000000000 2.5712797096
1488.7000000000 2.5709259580
1488.8000000000 2.5711769146
1488.9000000000 2.5713341915
1489.0000000000 2.5710249068
1489.1000000000 2.5709833130
1489.2000000000 2.5708467019
1489.3000000000 2.5707622522
1489.4000000000 2.5707874286
1489.5000000000 2.5710988715
1489.6000000000 2.5706253130
1489.7000000000 2.5713262816
1489.8000000000 2.5719582328
1489.9000000000 2.5713956539
1490.0000000000 2.5712067946
1490.1000000000 2.5717706572
1490.2000000000 2.5720839538
1490.3000000000 2.5717602417
1490.4000000000 2.5712181616
1490.5000000000 2.5715455930
1490.6000000000 2.5713483710
1490.7000000000 2.5715632009
1490.8000000000 2.5712030195
1490.9000000000 2.5710815885
1491.0000000000 2.5712720553
1491.1000000000 2.5713245976
1491.2000000000 2.5710085688
1491.3000000000 2.5704110400
1491.4000000000 2.5702225753
1491.5000000000 2.5704268131
1491.6000000000 2.5696269586
1491.7000000000 2.5701504909
1491.8000000000 2.5691944936
1491.9000000000 2.5688123692
1492.0000000000 2.5692714276
1492.1000000000 2.5694742744
1492.2000000000 2.5685321631
1492.3000000000 2.5692201961
1492.4000000000 2.5697114309
1492.5000000000 2.5697078295
1492.6000000000 2.5698779467
1492.7000000000 2.5693457000
1492.8000000000 2.5694959938
1492.9000000000 2.5693637894
1493.0000000000 2.5689493888
1493.1000000000 2.5697968902
1493.2000000000 2.5694173313
1493.3000000000 2.5694171542
1493.4000000000 2.5692043074
1493.5000000000 2.5697295500
1493.6000000000 2.5689181555
1493.7000000000 2.5692025387
1493.8000000000 2.5686230834
1493.9000000000 2.5687504544
1494.0000000000 2.5688223885
1494.1000000000 2.5693177964
1494.2000000000 2.5689540484
1494.3000000000 2.5681016474
1494.4000000000 2.5684001667
1494.5000000000 2.5694287367
1494.6000000000 2.5699681760
1494.7000000000 2.5701028600
1494.8000000000 2.5698081148
1494.9000000000 2.5699497103
1495.0000000000 2.5700442527
1495.1000000000 2.5697281938
1495.2000000000 2.5694623027
1495.3000000000 2.5695588549
1495.4000000000 2.5692940238
1495.5000000000 2.5685529716
1495.6000000000 2.5687910651
1495.7000000000 2.5681484403
1495.8000000000 2.5681848393
1495.9000000000 2.5672605960
1496.0000000000 2.5664429248
1496.1000000000 2.5661120433
1496.2000000000 2.5663643133
1496.3000000000 2.5659273212
1496.4000000000 2.5652634439
1496.5000000000 2.5652895662
1496.6000000000 2.5654074507
1496.7000000000 2.5656137238
1496.8000000000 2.5651284032
1496.9000000000 2.5653266343
1497.0000000000 2.5651133591
1497.1000000000 2.5660625066
1497.2000000000 2.5658181042
1497.3000000000 2.5653951482
1497.4000000000 2.5658554062
1497.5000000000 2.5669945745
1497.6000000000 2.5667658129
1497.7000000000 2.5662158913
1497.8000000000 2.5665748078
1497.9000000000 2.5669428755
1498.0000000000 2.5669437800
1498.1000000000 2.5679536147
1498.2000000000 2.5679063630
1498.3000000000 2.5692397297
1498.4000000000 2.5686476904
1498.5000000000 2.5692058311
1498.6000000000 2.5690458758
1498.7000000000 2.5697566130
1498.8000000000 2.5688660204
1498.9000000000 2.5688297787
1499.0000000000 2.5683846348
1499.1000000000 2.5685615325
1499.2000000000 2.5688323775
1499.3000000000 2.5687261532
1499.4000000000 2.5689503016
1499.5000000000 2.5690061749
1499.6000000000 2.5694797642
1499.7000000000 2.5696466570
1499.8000000000 2.5699627253
1499.9000000000 2.5695779113
1500.0000000000 2.5696219450
1500.1000000000 2.5699639899
1500.2000000000 2.5693030869
1500.3000000000 2.5696076045
1500.4000000000 2.5695195769
1500.5000000000 2.5698713537
1500.6000000000 2.5696664103
1500.7000000000 2.5703365520
1500.8000000000 2.5704715860
1500.9000000000 2.5695141714
1501.0000000000 2.5691821471
1501.1000000000 2.5688192758
1501.2000000000 2.5694383412
1501.3000000000 2.5697295093
1501.4000000000 2.5688878518
1501.5000000000 2.5685929041
1501.6000000000 2.5693647821
1501.7000000000 2.5688169493
1501.8000000000 2.5688304738
1501.9000000000 2.5680552086
1502.0000000000 2.5675900244
1502.1000000000 2.5676573197
1502.2000000000 2.5677603014
1502.3000000000 2.5678751004
1502.4000000000 2.5671179008
1502.5000000000 2.5666023771
1502.6000000000 2.5668650373
1502.7000000000 2.5659742862
1502.8000000000 2.5658525639
1502.9000000000 2.5664012290
1503.0000000000 2.5658636511
1503.1000000000 2.5657692735
1503.2000000000 2.5658094238
1503.3000000000 2.5658866184
1503.4000000000 2.5650495260
1503.5000000000 2.5648559742
1503.6000000000 2.5649651996
1503.7000000000 2.5657243734
1503.8000000000 2.5650389822
1503.9000000000 2.5646397785
1504.0000000000 2.5644389795
1504.1000000000 2.5642032478
1504.2000000000 2.5653508826
1504.3000000000 2.5652234712
1504.4000000000 2.5647811181
1504.5000000000 2.5636475751
1504.6000000000 2.5639928786
1504.7000000000 2.5635611857
1504.8000000000 2.5632515387
1504.9000000000 2.5640044922
1505.0000000000 2.5638939019
1505.1000000000 2.5645501863
1505.2000000000 2.5638509557
1505.3000000000 2.5630758491
1505.4000000000 2.5640611417
1505.5000000000 2.5634718563
1505.6000000000 2.5627633776
1505.7000000000 2.5633274593
1505.8000000000 2.5634971761
1505.9000000000 2.5625497082
1506.0000000000 2.5616311431
1506.1000000000 2.5624512389
1506.2000000000 2.5624456845
1506.3000000000 2.5621009599
1506.4000000000 2.5625597656
1506.5000000000 2.5632823394
1506.6000000000 2.5636330857
1506.7000000000 2.5644694515
1506.8000000000 2.5643238460
1506.9000000000 2.5652483986
1507.0000000000 2.5644571463
1507.1000000000 2.5643042602
1507.2000000000 2.5644580113
1507.3000000000 2.5644530059
1507.4000000000 2.5644304765
1507.5000000000 2.5644033811
1507.6000000000 2.5638005635
1507.7000000000 2.5651912464
1507.8000000000 2.5661881053
1507.9000000000 2.5669295369
1508.0000000000 2.5672320929
1508.1000000000 2.5669354190
1508.2000000000 2.5659434548
1508.3000000000 2.5655834248
1508.4000000000 2.5646776965
1508.5000000000 2.5648582809
1508.6000000000 2.5652024615
1508.7000000000 2.5656583134
1508.8000000000 2.5648371720
1508.9000000000 2.5645775144
1509.0000000000 2.5653272808
1509.1000000000 2.5647847208
1509.2000000000 2.5649559739
1509.3000000000 2.5641248024
1509.4000000000 2.5650082370
1509.5000000000 2.5653556990
1509.6000000000 2.5650215903
1509.7000000000 2.5656089514
1509.8000000000 2.5660801237
1509.9000000000 2.5660806053
1510.0000000000 2.5659810668
1510.1000000000 2.5663937391
1510.2000000000 2.5671926532
1510.3000000000 2.5677773103
1510.4000000000 2.5675531500
1510.5000000000 2.5679113695
1510.6000000000 2.5677420469
1510.7000000000 2.5682199074
1510.8000000000 2.5684948110
1510.9000000000 2.5674247120
1511.0000000000 2.5669747899
1511.1000000000 2.5663911453
1511.2000000000 2.5666514018
1511.3000000000 2.5673993410
1511.4000000000 2.5664802185
1511.5000000000 2.5668699792
1511.6000000000 2.5667396979
1511.7000000000 2.5668830399
1511.8000000000 2.5665782992
1511.9000000000 2.5669695589
1512.0000000000 2.5666811992
1512.1000000000 2.5675680419
1512.2000000000 2.5670617932
1512.3000000000 2.5674701110
1512.4000000000 2.5681428480
1512.5000000000 2.5671092334
1512.6000000000 2.5676659380
1512.7000000000 2.5680464482
1512.8000000000 2.5677803751
1512.9000000000 2.5690616133
1513.0000000000 2.5685712233
1513.1000000000 2.5688119718
1513.2000000000 2.5692790931
1513.3000000000 2.5690419632
1513.4000000000 2.5695752411
1513.5000000000 2.5694464481
1513.6000000000 2.5689429432
1513.7000000000 2.5683770327
1513.8000000000 2.5690614426
1513.9000000000 2.5683803115
1514.0000000000 2.5678559104
1514.1000000000 2.5688841346
1514.2000000000 2.5686714752
1514.3000000000 2.5682718708
1514.4000000000 2.5676812663
1514.5000000000 2.5676629749
1514.6000000000 2.5675525998
1514.7000000000 2.5673735050
1514.8000000000 2.5678234699
1514.9000000000 2.5681120051
1515.0000000000 2.5681357716
1515.1000000000 2.5688431823
1515.2000000000 2.5683198943
1515.3000000000 2.5687410646
1515.4000000000 2.5679380130
1515.5000000000 2.5675244056
1515.6000000000 2.5672479538
1515.7000000000 2.5680433349
1515.8000000000 2.5672416610
1515.9000000000 2.5674067612
1516.0000000000 2.5668472249
1516.1000000000 2.5674968070
1516.2000000000 2.5665314390
1516.3000000000 2.5672075211
1516.4000000000 2.5668822140
1516.5000000000 2.5675667897
1516.6000000000 2.5671400556
1516.7000000000 2.5673679531
1516.8000000000 2.5682383946
1516.9000000000 2.5678751690
1517.0000000000 2.5673358949
1517.1000000000 2.5666186386
1517.2000000000 2.5671615324
1517.3000000000 2.5668477465
1517.4000000000 2.5672459831
1517.5000000000 2.5680440557
1517.6000000000 2.5678984111
1517.7000000000 2.5674568725
1517.8000000000 2.5675240851
1517.9000000000 2.5675720691
1518.0000000000 2.5682007016
1518.1000000000 2.5675918697
1518.2000000000 2.5678301293
1518.3000000000 2.5675491787
1518.4000000000 2.5675208492
1518.5000000000 2.5675491409
1518.6000000000 2.5670788033
1518.7000000000 2.5678143147
1518.8000000000 2.5675577681
1518.9000000000 2.5675646037
1519.0000000000 2.5679182277
1519.1000000000 2.5674626477
1519.2000000000 2.5684109899
1519.3000000000 2.5687833352
1519.4000000000 2.5701562462
1519.5000000000 2.5706299681
1519.6000000000 2.5708124179
1519.7000000000 2.5692931041
1519.8000000000 2.5699660941
1519.9000000000 2.5698229935
1520.0000000000 2.5692752188
1520.1000000000 2.5702885015
1520.2000000000 2.5691848014
1520.3000000000 2.5697545066
1520.4000000000 2.5692265593
1520.5000000000 2.5688517778
1520.6000000000 2.5683398268
1520.7000000000 2.5682183533
1520.8000000000 2.5681097669
1520.9000000000 2.5676578477
1521.0000000000 2.5679003109
1521.1000000000 2.5678806906
1521.2000000000 2.5680940540
1521.3000000000 2.5685794577
1521.4000000000 2.5679980143
1521.5000000000 2.5679799470
1521.6000000000 2.5687698626
1521.7000000000 2.5684962179
1521.8000000000 2.5680914478
1521.9000000000 2.5693565708
1522.0000000000 2.5690045787
1522.1000000000 2.5685405004
1522.2000000000 2.5684600085
1522.3000000000 2.5680917659
1522.4000000000 2.5686437706
1522.5000000000 2.5671681914
1522.6000000000 2.5676227287
1522.7000000000 2.5678390559
1522.8000000000 2.5677766342
1522.9000000000 2.5664148665
1523.0000000000 2.5667618302
1523.1000000000 2.5673814966
1523.2000000000 2.5679559833
1523.3000000000 2.5684816745
1523.4000000000 2.5677456187
1523.5000000000 2.5673337589
1523.6000000000 2.5666980610
1523.7000000000 2.5663289234
1523.8000000000 2.5671091164
1523.9000000000 2.5669199632
1524.0000000000 2.5669982303
1524.1000000000 2.5668661889
1524.2000000000 2.5661861105
1524.3000000000 2.5665506850
1524.4000000000 2.5675066371
1524.5000000000 2.5674497651
1524.6000000000 2.5676604644
1524.7000000000 2.5681708013
1524.8000000000 2.5680827069
1524.9000000000 2.5676374684
1525.0000000000 2.5677485048
1525.1000000000 2.5681945134
1525.2000000000 2.5675665919
1525.3000000000 2.5673211805
1525.4000000000 2.5663572212
1525.5000000000 2.5665772887
1525.6000000000 2.5660771022
1525.7000000000 2.5666677427
1525.8000000000 2.5672788245
1525.9000000000 2.5671527465
1526.0000000000 2.5669691014
1526.1000000000 2.5678894496
1526.2000000000 2.5669221078
1526.3000000000 2.5674565806
1526.4000000000 2.5683464381
1526.5000000000 2.5672524788
1526.6000000000 2.5680588381
1526.7000000000 2.5681263329
1526.8000000000 2.5673069797
1526.9000000000 2.5676842256
1527.0000000000 2.5673147840
1527.1000000000 2.5665489577
1527.2000000000 2.5666604383
1527.3000000000 2.5659667493
1527.4000000000 2.5650193516
1527.5000000000 2.5662706342
1527.6000000000 2.5660703129
1527.7000000000 2.5654983391
1527.8000000000 2.5651552609
1527.9000000000 2.5658340755
1528.0000000000 2.5647624318
1528.1000000000 2.5652639631
1528.2000000000 2.5658292863
1528.3000000000 2.5656989581
1528.4000000000 2.5653398010
1528.5000000000 2.5655752411
1528.6000000000 2.5657174959
1528.7000000000 2.5659947885
1528.8000000000 2.5664100801
1528.9000000000 2.5662270740
1529.0000000000 2.5652253746
1529.1000000000 2.5654870701
1529.2000000000 2.5658508298
1529.3000000000 2.5657603571
1529.4000000000 2.5661302832
1529.5000000000 2.5668276357
1529.6000000000 2.5671328362
1529.7000000000 2.5671940723
1529.8000000000 2.5677682596
1529.9000000000 2.5683611345
1530.0000000000 2.5676787010
1530.1000000000 2.5674129009
1530.2000000000 2.5680964730
1530.3000000000 2.5679794629
1530.4000000000 2.5677534188
1530.5000000000 2.5679992982
1530.6000000000 2.5681241825
1530.7000000000 2.5680036029
1530.8000000000 2.5686473825
1530.9000000000 2.5688828063
1531.0000000000 2.5690741224
1531.1000000000 2.5687928158
1531.2000000000 2.5688010846
1531.3000000000 2.5691024725
1531.4000000000 2.5690822137
1531.5000000000 2.5691728115
1531.6000000000 2.5687223998
1531.7000000000 2.5678980232
1531.8000000000 2.5680638690
1531.9000000000 2.5684389552
1532.0000000000 2.5682506699
1532.1000000000 2.5682905340
1532.2000000000 2.5682702962
1532.3000000000 2.5674366274
1532.4000000000 2.5681394735
1532.5000000000 2.5685705784
1532.6000000000 2.5689054198
1532.7000000000 2.5681771517
1532.8000000000 2.5678777398
1532.9000000000 2.5679202493
1533.0000000000 2.5672610138
1533.1000000000 2.5672126833
1533.2000000000 2.5675172099
1533.3000000000 2.5675783949
1533.4000000000 2.5684355734
1533.5000000000 2.5680638316
1533.6000000000 2.5681318996
1533.7000000000 2.5680719808
1533.8000000000 2.5682616091
1533.9000000000 2.5680946797
1534.0000000000 2.5681806151
1534.1000000000 2.5677526598
1534.2000000000 2.5676893773
1534.3000000000 2.5684519386
1534.4000000000 2.5686356330
1534.5000000000 2.5683961936
1534.6000000000 2.5691422926
1534.7000000000 2.5694351290
1534.8000000000 2.5696116785
1534.9000000000 2.5695489992
1535.0000000000 2.5703170248
1535.1000000000 2.5701591181
1535.2000000000 2.5693485882
1535.3000000000 2.5693898392
1535.4000000000 2.5694349437
1535.5000000000 2.5685907092
1535.6000000000 2.5694333190
1535.7000000000 2.5687141336
1535.8000000000 2.5686900177
1535.9000000000 2.5680642738
1536.0000000000 2.5675884002
1536.1000000000 2.5672187609
1536.2000000000 2.5666764489
1536.3000000000 2.5673088682
1536.4000000000 2.5672760070
1536.5000000000 2.5664622843
1536.6000000000 2.5666833540
1536.7000000000 2.5665214043
1536.8000000000 2.5664471377
1536.9000000000 2.5669157929
1537.0000000000 2.5664307347
1537.1000000000 2.5669021424
1537.2000000000 2.5661837495
1537.3000000000 2.5668068246
1537.4000000000 2.5671034330
1537.5000000000 2.5663907770
1537.6000000000 2.5667495511
1537.7000000000 2.5671983919
1537.8000000000 2.5664085351
1537.9000000000 2.5666210421
1538.0000000000 2.5657769103
1538.1000000000 2.5659143980
1538.2000000000 2.5661626138
1538.3000000000 2.5666995141
1538.4000000000 2.5660517830
1538.5000000000 2.5667803599
1538.6000000000 2.5666471823
1538.7000000000 2.5665759723
1538.8000000000 2.5661781695
1538.9000000000 2.5665798780
1539.0000000000 2.5661588777
1539.1000000000 2.5653240803
1539.2000000000 2.5659172746
1539.3000000000 2.5658204338
1539.4000000000 2.5662354408
1539.5000000000 2.5663701016
1539.6000000000 2.5672229008
1539.7000000000 2.5666185180
1539.8000000000 2.5666992112
1539.9000000000 2.5660544527
1540.0000000000 2.5665595416
1540.1000000000 2.5660906437
1540.2000000000 2.5668268800
1540.3000000000 2.5667516408
1540.4000000000 2.5662413900
1540.5000000000 2.5655619615
1540.6000000000 2.5653429656
1540.7000000000 2.5648201444
1540.8000000000 2.5649451729
1540.9000000000 2.5645414706
1541.0000000000 2.5637886911
1541.1000000000 2.5640990974
1541.2000000000 2.5643300841
1541.3000000000 2.5640124274
1541.4000000000 2.5636463048
1541.5000000000 2.5635021332
1541.6000000000 2.5631510517
1541.7000000000 2.5634689010
1541.8000000000 2.5636638670
1541.9000000000 2.5628159597
1542.0000000000 2.5634141002
1542.1000000000 2.5634726451
1542.2000000000 2.5639082031
1542.3000000000 2.5640776245
1542.4000000000 2.5645337904
1542.5000000000 2.5644866592
1542.6000000000 2.5648811544
1542.7000000000 2.5645216435
1542.8000000000 2.5643824680
1542.9000000000 2.5647571690
1543.0000000000 2.5644186584
1543.1000000000 2.5642944074
1543.2000000000 2.5634186003
1543.3000000000 2.5636184518
1543.4000000000 2.5630141260
1543.5000000000 2.5630787522
1543.6000000000 2.5639360566
1543.7000000000 2.5635693684
1543.8000000000 2.5641192143
1543.9000000000 2.5638190731
1544.0000000000 2.5637154014
1544.1000000000 2.5632260196
1544.2000000000 2.5632103073
1544.3000000000 2.5635924131
1544.4000000000 2.5642908740
1544.5000000000 2.5635912230
1544.6000000000 2.5638193057
1544.7000000000 2.5641401343
1544.8000000000 2.5641989319
1544.9000000000 2.5640054448
1545.0000000000 2.5646916059
1545.1000000000 2.5649981048
1545.2000000000 2.5647266148
1545.3000000000 2.5648853084
1545.4000000000 2.5650655960
1545.5000000000 2.5649741378
1545.6000000000 2.5644786736
1545.7000000000 2.5642741576
1545.8000000000 2.5644742070
1545.9000000000 2.5645467755
1546.0000000000 2.5639103685
1546.1000000000 2.5637176609
1546.2000000000 2.5628865985
1546.3000000000 2.5622595761
1546.4000000000 2.5618983804
1546.5000000000 2.5620203880
1546.6000000000 2.5624435192
1546.7000000000 2.5622510990
1546.8000000000 2.5621449071
1546.9000000000 2.5624877204
1547.0000000000 2.5620785742
1547.1000000000 2.5615105716
1547.2000000000 2.5617664797
1547.3000000000 2.5621560836
1547.4000000000 2.5623005203
1547.5000000000 2.5622621909
1547.6000000000 2.5625645047
1547.7000000000 2.5621479493
1547.8000000000 2.5624165480
1547.9000000000 2.5625738838
1548.0000000000 2.5633452590
1548.1000000000 2.5639642464
1548.2000000000 2.5635695804
1548.3000000000 2.5624863871
1548.4000000000 2.5619906233
1548.5000000000 2.5629674704
1548.6000000000 2.5631282662
1548.7000000000 2.5628914401
1548.8000000000 2.5627608130
1548.9000000000 2.5623448049
1549.0000000000 2.5633647411
1549.1000000000 2.5628772817
1549.2000000000 2.5632804841
1549.3000000000 2.5633454364
1549.4000000000 2.5633674388
1549.5000000000 2.5625094119
1549.6000000000 2.5625314592
1549.7000000000 2.5627537733
1549.8000000000 2.5630620079
1549.9000000000 2.5628180810
1550.0000000000 2.5620708885
1550.1000000000 2.5612349948
1550.2000000000 2.5624384653
1550.3000000000 2.5615831567
1550.4000000000 2.5613990638
1550.5000000000 2.5605807279
1550.6000000000 2.5607001983
1550.7000000000 2.5604333690
1550.8000000000 2.5597866798
1550.9000000000 2.5601439061
1551.0000000000 2.5604602829
1551.1000000000 2.5607810807
1551.2000000000 2.5614145813
1551.3000000000 2.5616661362
1551.4000000000 2.5625071766
1551.5000000000 2.5628123407
1551.6000000000 2.5618193751
1551.7000000000 2.5622571822
1551.8000000000 2.5623227665
1551.9000000000 2.5634539381
1552.0000000000 2.5630541184
1552.1000000000 2.5628413724
1552.2000000000 2.5636589690
1552.3000000000 2.5642329140
1552.4000000000 2.5644414019
1552.5000000000 2.5652277389
1552.6000000000 2.5646366922
1552.7000000000 2.5645996716
1552.8000000000 2.5637767685
1552.9000000000 2.5643146928
1553.0000000000 2.5653209405
1553.1000000000 2.5656312556
1553.2000000000 2.5648149792
1553.3000000000 2.5647533484
1553.4000000000 2.5640389078
1553.5000000000 2.5646780356
1553.6000000000 2.5648744040
1553.7000000000 2.5643568664
1553.8000000000 2.5644485330
1553.9000000000 2.5649302580
1554.0000000000 2.5647407162
1554.1000000000 2.5645000117
1554.2000000000 2.5642234276
1554.3000000000 2.5635505817
1554.4000000000 2.5633186643
1554.5000000000 2.5635172225
1554.6000000000 2.5634094325
1554.7000000000 2.5632358462
1554.8000000000 2.5634147018
1554.9000000000 2.5631143367
1555.0000000000 2.5634974167
1555.1000000000 2.5630703398
1555.2000000000 2.5636113390
1555.3000000000 2.5633816677
1555.4000000000 2.5638782637
1555.5000000000 2.5629917292
1555.6000000000 2.5629546648
1555.7000000000 2.5627490980
1555.8000000000 2.5622575524
1555.9000000000 2.5629605379
1556.0000000000 2.5625405976
1556.1000000000 2.5624615849
1556.2000000000 2.5625613436
1556.3000000000 2.5625669889
1556.4000000000 2.5625189563
1556.5000000000 2.5619473600
1556.6000000000 2.5615862115
1556.7000000000 2.5618369627
1556.8000000000 2.5618469090
1556.9000000000 2.5623014422
1557.0000000000 2.5619844334
1557.1000000000 2.5620946833
1557.2000000000 2.5623961194
1557.3000000000 2.5621643711
1557.4000000000 2.5621958073
1557.5000000000 2.5620099135
1557.6000000000 2.5626427146
1557.7000000000 2.5631002926
1557.8000000000 2.5638778303
1557.9000000000 2.5632375058
1558.0000000000 2.5632042975
1558.1000000000 2.5628940901
1558.2000000000 2.5624748784
1558.3000000000 2.5627424766
1558.4000000000 2.5633884782
1558.5000000000 2.5630522879
1558.6000000000 2.5627570426
1558.7000000000 2.5620788739
1558.8000000000 2.5622053373
1558.9000000000 2.5628260873
1559.0000000000 2.5634163569
1559.1000000000 2.5622387395
1559.2000000000 2.5626765594
1559.3000000000 2.5628254459
1559.4000000000 2.5623777920
1559.5000000000 2.5620093858
1559.6000000000 2.5618427451
1559.7000000000 2.5615786602
1559.8000000000 2.5617807472
1559.9000000000 2.5613994608
1560.0000000000 2.5621953326
1560.1000000000 2.5612873499
1560.2000000000 2.5613863604
1560.3000000000 2.5618319124
1560.4000000000 2.5622320298
1560.5000000000 2.5621617697
1560.6000000000 2.5620425009
1560.7000000000 2.5624042689
1560.8000000000 2.5611179085
1560.9000000000 2.5614384847
1561.0000000000 2.5607999748
1561.1000000000 2.5612745716
1561.2000000000 2.5611364571
1561.3000000000 2.5607703339
1561.4000000000 2.5610467762
1561.5000000000 2.5614254471
1561.6000000000 2.5608414303
1561.7000000000 2.5614999704
1561.8000000000 2.5609153963
1561.9000000000 2.5611838953
1562.0000000000 2.5617747912
1562.1000000000 2.5616960961
1562.2000000000 2.5627608009
1562.3000000000 2.5634509824
1562.4000000000 2.5635864841
1562.5000000000 2.5638217050
1562.6000000000 2.5635531649
1562.7000000000 2.5638906951
1562.8000000000 2.5644912761
1562.9000000000 2.5650020195
1563.0000000000 2.5650941345
1563.1000000000 2.5647609823
1563.2000000000 2.5654127695
1563.3000000000 2.5654660552
1563.4000000000 2.5655439826
1563.5000000000 2.5655555751
1563.6000000000 2.5656462728
1563.7000000000 2.5648893640
1563.8000000000 2.5646951200
1563.9000000000 2.5652781084
1564.0000000000 2.5655487373
1564.1000000000 2.5655643882
1564.2000000000 2.5654673625
1564.3000000000 2.5661482670
1564.4000000000 2.5659999932
1564.5000000000 2.5657188467
1564.6000000000 2.5655315772
1564.7000000000 2.5651457096
1564.8000000000 2.5640302945
1564.9000000000 2.5638476261
1565.0000000000 2.5638687855
1565.1000000000 2.5647536362
1565.2000000000 2.5646639308
1565.3000000000 2.5652253228
1565.4000000000 2.5654146911
1565.5000000000 2.5657748901
1565.6000000000 2.5654830665
1565.7000000000 2.5653626379
1565.8000000000 2.5647997795
1565.9000000000 2.5648125918
1566.0000000000 2.5656703478
1566.1000000000 2.5658554695
1566.2000000000 2.5646188989
1566.3000000000 2.5647501738
1566.4000000000 2.5654484093
1566.5000000000 2.5656663935
1566.6000000000 2.5659865379
1566.7000000000 2.5653371876
1566.8000000000 2.5653716259
1566.9000000000 2.5662348701
1567.0000000000 2.5663914663
1567.1000000000 2.5660408975
1567.2000000000 2.5657264184
1567.3000000000 2.5652626647
1567.4000000000 2.5658124931
1567.5000000000 2.5656152044
1567.6000000000 2.5657938945
1567.7000000000 2.5650268664
1567.8000000000 2.5648790250
1567.9000000000 2.5647137716
1568.0000000000 2.5643702586
1568.1000000000 2.5636353062
1568.2000000000 2.5638468681
1568.3000000000 2.5639976150
1568.4000000000 2.5640375055
1568.5000000000 2.5643495035
1568.6000000000 2.5646383756
1568.7000000000 2.5651783540
1568.8000000000 2.5644471705
1568.9000000000 2.5640173104
1569.0000000000 2.5633718963
1569.1000000000 2.5638042251
1569.2000000000 2.5642903449
1569.3000000000 2.5646301083
1569.4000000000 2.5645132503
1569.5000000000 2.5648072812
1569.6000000000 2.5643321272
1569.7000000000 2.5639077280
1569.8000000000 2.5647762103
1569.9000000000 2.5639965458
1570.0000000000 2.5637224223
1570.1000000000 2.5642551843
1570.2000000000 2.5649459575
1570.3000000000 2.5652304784
1570.4000000000 2.5643818310
1570.5000000000 2.5642423480
1570.6000000000 2.5641266567
1570.7000000000 2.5642998516
1570.8000000000 2.5641744692
1570.9000000000 2.5633584018
1571.0000000000 2.5642363538
1571.1000000000 2.5643492872
1571.2000000000 2.5638210548
1571.3000000000 2.5643615755
1571.4000000000 2.5653968054
1571.5000000000 2.5654751664
1571.6000000000 2.5655847081
1571.7000000000 2.5645859503
1571.8000000000 2.5646697651
1571.9000000000 2.5645641439
1572.0000000000 2.5651807402
1572.1000000000 2.5643368815
1572.2000000000 2.5649098951
1572.3000000000 2.5642732353
1572.4000000000 2.5646097188
1572.5000000000 2.5639409020
1572.6000000000 2.5642207493
1572.7000000000 2.5644723491
1572.8000000000 2.5646078765
1572.9000000000 2.5639603673
1573.0000000000 2.5642462748
1573.1000000000 2.5650489726
1573.2000000000 2.5650062867
1573.3000000000 2.5643647217
1573.4000000000 2.5636170404
1573.5000000000 2.5642378957
1573.6000000000 2.5644368726
1573.7000000000 2.5645967705
1573.8000000000 2.5639584718
1573.9000000000 2.5647488889
1574.0000000000 2.5650521129
1574.1000000000 2.5653543534
1574.2000000000 2.5647086540
1574.3000000000 2.5651138821
1574.4000000000 2.5654026746
1574.5000000000 2.5651240458
1574.6000000000 2.5656543401
1574.7000000000 2.5648865853
1574.8000000000 2.5650365543
1574.9000000000 2.5652720980
1575.0000000000 2.5661783201
1575.1000000000 2.5664271796
1575.2000000000 2.5662169802
1575.3000000000 2.5655772025
1575.4000000000 2.5650465626
1575.5000000000 2.5652542377
1575.6000000000 2.5645140636
1575.7000000000 2.5638544658
1575.8000000000 2.5634022657
1575.9000000000 2.5636008661
1576.0000000000 2.5630454109
1576.1000000000 2.5632508872
1576.2000000000 2.5636694154
1576.3000000000 2.5636269059
1576.4000000000 2.5635189337
1576.5000000000 2.5636985966
1576.6000000000 2.5635596285
1576.7000000000 2.5631844448
1576.8000000000 2.5638046466
1576.9000000000 2.5630748112
1577.0000000000 2.5631995287
1577.1000000000 2.5631513504
1577.2000000000 2.5634655632
1577.3000000000 2.5637603527
1577.4000000000 2.5646798468
1577.5000000000 2.5648133871
1577.6000000000 2.5647974224
1577.7000000000 2.5648720281
1577.8000000000 2.5647500643
1577.9000000000 2.5642380520
1578.0000000000 2.5636719465
1578.1000000000 2.5636573817
1578.2000000000 2.5631457308
1578.3000000000 2.5627417778
1578.4000000000 2.5626962846
1578.5000000000 2.5631193574
1578.6000000000 2.5637357834
1578.7000000000 2.5637481287
1578.8000000000 2.5636673667
1578.9000000000 2.5625227974
1579.0000000000 2.5626241243
1579.1000000000 2.5629929065
1579.2000000000 2.5619379844
1579.3000000000 2.5617893690
1579.4000000000 2.5619876136
1579.5000000000 2.5621557079
1579.6000000000 2.5613214055
1579.7000000000 2.5616838567
1579.8000000000 2.5617170252
1579.9000000000 2.5626158627
1580.0000000000 2.5637013857
1580.1000000000 2.5629884466
1580.2000000000 2.5626040990
1580.3000000000 2.5633676385
1580.4000000000 2.5628763085
1580.5000000000 2.5636008053
1580.6000000000 2.5637461648
1580.7000000000 2.5647258778
1580.8000000000 2.5647680240
1580.9000000000 2.5644944704
1581.0000000000 2.5652189752
1581.1000000000 2.5647672287
1581.2000000000 2.5658912949
1581.3000000000 2.5657741310
1581.4000000000 2.5655912734
1581.5000000000 2.5666036477
1581.6000000000 2.5655641222
1581.7000000000 2.5659259976
1581.8000000000 2.5663396261
1581.9000000000 2.5666439561
1582.0000000000 2.5671719079
1582.1000000000 2.5671448140
1582.2000000000 2.5662418246
1582.3000000000 2.5658173440
1582.4000000000 2.5655845329
1582.5000000000 2.5652347992
1582.6000000000 2.5646099594
1582.7000000000 2.5641898344
1582.8000000000 2.5641270112
1582.9000000000 2.5641684729
1583.0000000000 2.5640873311
1583.1000000000 2.5649623702
1583.2000000000 2.5658807645
1583.3000000000 2.5659927416
1583.4000000000 2.5647390059
1583.5000000000 2.5644419799
1583.6000000000 2.5650662182
1583.7000000000 2.5643510723
1583.8000000000 2.5645138156
1583.9000000000 2.5644243856
1584.0000000000 2.5642970540
1584.1000000000 2.5644709456
1584.2000000000 2.5645397505
1584.3000000000 2.5631687320
1584.4000000000 2.5631693004
1584.5000000000 2.5629909028
1584.6000000000 2.5632264110
1584.7000000000 2.5629886768
1584.8000000000 2.5631992898
1584.9000000000 2.5635716061
1585.0000000000 2.5642826355
1585.1000000000 2.5644063140
1585.2000000000 2.5646649493
1585.3000000000 2.5644052941
1585.4000000000 2.5641478292
1585.5000000000 2.5638159053
1585.6000000000 2.5637571849
1585.7000000000 2.5630525547
1585.8000000000 2.5630027039
1585.9000000000 2.5629040274
1586.0000000000 2.5634037696
1586.1000000000 2.5628862141
1586.2000000000 2.5629499867
1586.3000000000 2.5626414409
1586.4000000000 2.5631641232
1586.5000000000 2.5634342488
1586.6000000000 2.5635530604
1586.7000000000 2.5632562930
1586.8000000000 2.5628153601
1586.9000000000 2.5625297683
1587.0000000000 2.5627538751
1587.1000000000 2.5633310855
1587.2000000000 2.5638555564
1587.3000000000 2.5631622411
1587.4000000000 2.5638762750
1587.5000000000 2.5639060955
1587.6000000000 2.5635262904
1587.7000000000 2.5633537937
1587.8000000000 2.5639371275
1587.9000000000 2.5635949064
1588.0000000000 2.5629278017
1588.1000000000 2.5640534013
1588.2000000000 2.5643053125
1588.3000000000 2.5631288023
1588.4000000000 2.5632108392
1588.5000000000 2.5633943261
1588.6000000000 2.5632807899
1588.7000000000 2.5631903404
1588.8000000000 2.5629565642
1588.9000000000 2.5637302577
1589.0000000000 2.5631361840
1589.1000000000 2.5632246809
1589.2000000000 2.5630484114
1589.3000000000 2.5634851736
1589.4000000000 2.5638133212
1589.5000000000 2.5641503029
1589.6000000000 2.5632098649
1589.7000000000 2.5622014264
1589.8000000000 2.5620025919
1589.9000000000 2.5617093054
1590.0000000000 2.5618746914
1590.1000000000 2.5618843333
1590.2000000000 2.5615616411
1590.3000000000 2.5617812291
1590.4000000000 2.5611771669
1590.5000000000 2.5608007318
1590.6000000000 2.5616072074
1590.7000000000 2.5618588897
1590.8000000000 2.5612663261
1590.9000000000 2.5621407616
1591.0000000000 2.5624590372
1591.1000000000 2.5617909010
1591.2000000000 2.5625858929
1591.3000000000 2.5631049020
1591.4000000000 2.5631712087
1591.5000000000 2.5633412159
1591.6000000000 2.5625768172
1591.7000000000 2.5628402969
1591.8000000000 2.5627419538
1591.9000000000 2.5636453195
1592.0000000000 2.5632065054
1592.1000000000 2.5633932851
1592.2000000000 2.5629918310
1592.3000000000 2.5629928098
1592.4000000000 2.5621153050
1592.5000000000 2.5632546791
1592.6000000000 2.5637263599
1592.7000000000 2.5639411985
1592.8000000000 2.5643388560
1592.9000000000 2.5654566205
1593.0000000000 2.5655770136
1593.1000000000 2.5656408920
1593.2000000000 2.5662505880
1593.3000000000 2.5653424970
1593.4000000000 2.5650009237
1593.5000000000 2.5651676015
1593.6000000000 2.5659098791
1593.7000000000 2.5652159979
1593.8000000000 2.5658128082
1593.9000000000 2.5652086541
1594.0000000000 2.5652561258
1594.1000000000 2.5654034148
1594.2000000000 2.5653297491
1594.3000000000 2.5657349346
1594.4000000000 2.5651090841
1594.5000000000 2.5649851303
1594.6000000000 2.5656545602
1594.7000000000 2.5645641537
1594.8000000000 2.5647606423
1594.9000000000 2.5643898214
1595.0000000000 2.5641169121
1595.1000000000 2.5631904891
1595.2000000000 2.5629029624
1595.3000000000 2.5621022701
1595.4000000000 2.5635926424
1595.5000000000 2.5632264082
1595.6000000000 2.5642012553
1595.7000000000 2.5636140929
1595.8000000000 2.5639115673
1595.9000000000 2.5641177805
1596.0000000000 2.5639347193
1596.1000000000 2.5639545787
1596.2000000000 2.5637380076
1596.3000000000 2.5631118206
1596.4000000000 2.5640633184
1596.5000000000 2.5641887395
1596.6000000000 2.5640408096
1596.7000000000 2.5630760582
1596.8000000000 2.5628134352
1596.9000000000 2.5628424794
1597.0000000000 2.5628026963
1597.1000000000 2.5627654462
1597.2000000000 2.5626517298
1597.3000000000 2.5627310419
1597.4000000000 2.5625413503
1597.5000000000 2.5620062272
1597.6000000000 2.5615445524
1597.7000000000 2.5620361040
1597.8000000000 2.5619415078
1597.9000000000 2.5615777137
1598.0000000000 2.5612645463
1598.1000000000 2.5619561457
1598.2000000000 2.5618807305
1598.3000000000 2.5619811189
1598.4000000000 2.5616994100
1598.5000000000 2.5626737181
1598.6000000000 2.5623285907
1598.7000000000 2.5629580653
1598.8000000000 2.5632580275
1598.9000000000 2.5634171752
1599.0000000000 2.5638385816
1599.1000000000 2.5645100502
1599.2000000000 2.5648176254
1599.3000000000 2.5652349623
1599.4000000000 2.5645577601
1599.5000000000 2.5647519382
1599.6000000000 2.5659144670
1599.7000000000 2.5651053542
1599.8000000000 2.5651209607
1599.9000000000 2.5655399107
1600.0000000000 2.5657984387
1600.1000000000 2.5660432650
1600.2000000000 2.5654211650
1600.3000000000 2.5651502850
1600.4000000000 2.5645341235
1600.5000000000 2.5649352304
1600.6000000000 2.5643108396
1600.7000000000 2.5634971392
1600.8000000000 2.5637990391
1600.9000000000 2.5630144470
1601.0000000000 2.5619614365
1601.1000000000 2.5615394427
1601.2000000000 2.5605833188
1601.3000000000 2.5606726569
1601.4000000000 2.5609278874
1601.5000000000 2.5610155949
1601.6000000000 2.5612709910
1601.7000000000 2.5616736905
1601.8000000000 2.5615771614
1601.9000000000 2.5613566446
1602.0000000000 2.5624246058
1602.1000000000 2.5631740360
1602.2000000000 2.5629404970
1602.3000000000 2.5636645747
1602.4000000000 2.5638778247
1602.5000000000 2.5636150355
1602.6000000000 2.5628641566
1602.7000000000 2.5626445630
1602.8000000000 2.5628512707
1602.9000000000 2.5628063561
1603.0000000000 2.5622504685
1603.1000000000 2.5626748690
1603.2000000000 2.5627946862
1603.3000000000 2.5627491471
1603.4000000000 2.5624192318
1603.5000000000 2.5624526192
1603.6000000000 2.5628243723
1603.7000000000 2.5628541760
1603.8000000000 2.5630476810
1603.9000000000 2.5631124398
1604.0000000000 2.5634476103
1604.1000000000 2.5630669385
1604.2000000000 2.5634014731
1604.3000000000 2.5635507229
1604.4000000000 2.5633382484
1604.5000000000 2.5626175102
1604.6000000000 2.5625749380
1604.7000000000 2.5623521848
1604.8000000000 2.5628001596
1604.9000000000 2.5628523801
1605.0000000000 2.5625451756
1605.1000000000 2.5627184996
1605.2000000000 2.5628485422
1605.3000000000 2.5635851112
1605.4000000000 2.5641225728
1605.5000000000 2.5641745176
1605.6000000000 2.5633457892
1605.7000000000 2.5640300470
1605.8000000000 2.5638870562
1605.9000000000 2.5630756376
1606.0000000000 2.5636335418
1606.1000000000 2.5637439666
1606.2000000000 2.5640348527
1606.3000000000 2.5639034470
1606.4000000000 2.5634411966
1606.5000000000 2.5637259965
1606.6000000000 2.5634176404
1606.7000000000 2.5628017826
1606.8000000000 2.5625261097
1606.9000000000 2.5623759555
1607.0000000000 2.5628717954
1607.1000000000 2.5625549528
1607.2000000000 2.5624582966
1607.3000000000 2.5623811271
1607.4000000000 2.5626221893
1607.5000000000 2.5630909298
1607.6000000000 2.5627923944
1607.7000000000 2.5615820397
1607.8000000000 2.5624188220
1607.9000000000 2.5623234239
1608.0000000000 2.5628868738
1608.1000000000 2.5630009893
1608.2000000000 2.5632499527
1608.3000000000 2.5623880682
1608.4000000000 2.5621089309
1608.5000000000 2.5626115989
1608.6000000000 2.5630725284
1608.7000000000 2.5631101544
1608.8000000000 2.5626980455
1608.9000000000 2.5630106027
1609.0000000000 2.5627123153
1609.1000000000 2.5631833974
1609.2000000000 2.5627899389
1609.3000000000 2.5630026265
1609.4000000000 2.5627495674
1609.5000000000 2.5631414111
1609.6000000000 2.5627861292
1609.7000000000 2.5632501294
1609.8000000000 2.5642697865
1609.9000000000 2.5635067864
1610.0000000000 2.5637624787
1610.1000000000 2.5640701959
1610.2000000000 2.5631209294
1610.3000000000 2.5631855445
1610.4000000000 2.5625776254
1610.5000000000 2.5630537044
1610.6000000000 2.5633892091
1610.7000000000 2.5631034400
1610.8000000000 2.5636420574
1610.9000000000 2.5632336586
1611.0000000000 2.5625367817
1611.1000000000 2.5634152352
1611.2000000000 2.5638068311
1611.3000000000 2.5643168034
1611.4000000000 2.5639240013
1611.5000000000 2.5647679962
1611.6000000000 2.5648710693
1611.7000000000 2.5640473265
1611.8000000000 2.5642333719
1611.9000000000 2.5636424530
1612.0000000000 2.5634773440
1612.1000000000 2.5636126153
1612.2000000000 2.5631751204
1612.3000000000 2.5621874557
1612.4000000000 2.5624795191
1612.5000000000 2.5617241095
1612.6000000000 2.5621536981
1612.7000000000 2.5618002040
1612.8000000000 2.5611952801
1612.9000000000 2.5607076870
1613.0000000000 2.5607597081
1613.1000000000 2.5605954206
1613.2000000000 2.5608916718
1613.3000000000 2.5604777775
1613.4000000000 2.5609570581
1613.5000000000 2.5619343620
1613.6000000000 2.5604814132
1613.7000000000 2.5607562652
1613.8000000000 2.5603494507
1613.9000000000 2.5603666550
1614.0000000000 2.5595746625
1614.1000000000 2.5598053193
1614.2000000000 2.5598291498
1614.3000000000 2.5601277321
1614.4000000000 2.5611391119
1614.5000000000 2.5611872679
1614.6000000000 2.5617183653
1614.7000000000 2.5621716550
1614.8000000000 2.5625459127
1614.9000000000 2.5630712667
1615.0000000000 2.5630371473
1615.1000000000 2.5630809450
1615.2000000000 2.5624910124
1615.3000000000 2.5622753409
1615.4000000000 2.5623476084
1615.5000000000 2.5626273799
1615.6000000000 2.5625493829
1615.7000000000 2.5620884045
1615.8000000000 2.5623942192
1615.9000000000 2.5614086194
1616.0000000000 2.5615372094
1616.1000000000 2.5624390700
1616.2000000000 2.5622510745
1616.3000000000 2.5612643469
1616.4000000000 2.5608465600
1616.5000000000 2.5616635085
1616.6000000000 2.5616019100
1616.7000000000 2.5621671123
1616.8000000000 2.5621640081
1616.9000000000 2.5620061601
1617.0000000000 2.5620204365
1617.1000000000 2.5620901212
1617.2000000000 2.5624770724
1617.3000000000 2.5632144077
1617.4000000000 2.5637704910
1617.5000000000 2.5640015374
1617.6000000000 2.5639402212
1617.7000000000 2.5633325605
1617.8000000000 2.5643599217
1617.9000000000 2.5637417366
1618.0000000000 2.5641551583
1618.1000000000 2.5647415148
1618.2000000000 2.5641131663
1618.3000000000 2.5637942080
1618.4000000000 2.5639241016
1618.5000000000 2.5632233402
1618.6000000000 2.5626539927
1618.7000000000 2.5634286787
1618.8000000000 2.5631180105
1618.9000000000 2.5629211982
1619.0000000000 2.5628357566
1619.1000000000 2.5623634756
1619.2000000000 2.5620439140
1619.3000000000 2.5620934613
1619.4000000000 2.5617391188
1619.5000000000 2.5620216816
1619.6000000000 2.5617723458
1619.7000000000 2.5617801918
1619.8000000000 2.5620795227
1619.9000000000 2.5618039081
1620.0000000000 2.5615820529
1620.1000000000 2.5604870046
1620.2000000000 2.5604614228
1620.3000000000 2.5608294506
1620.4000000000 2.5605301260
1620.5000000000 2.5607895369
1620.6000000000 2.5613910696
1620.7000000000 2.5601803618
1620.8000000000 2.5597430466
1620.9000000000 2.5599428604
1621.0000000000 2.5600096400
1621.1000000000 2.5609248523
1621.2000000000 2.5600223312
1621.3000000000 2.5597537485
1621.4000000000 2.5593412769
1621.5000000000 2.5593634585
1621.6000000000 2.5590660579
1621.7000000000 2.5579921143
1621.8000000000 2.5584772805
1621.9000000000 2.5585273165
1622.0000000000 2.5589346058
1622.1000000000 2.5586412592
1622.2000000000 2.5585035305
1622.3000000000 2.5584215201
1622.4000000000 2.5587760789
1622.5000000000 2.5595625105
1622.6000000000 2.5593476719
1622.7000000000 2.5601916932
1622.8000000000 2.5597787053
1622.9000000000 2.5598266774
1623.0000000000 2.5608348532
1623.1000000000 2.5606149778
1623.2000000000 2.5608175712
1623.3000000000 2.5601635141
1623.4000000000 2.5604828053
1623.5000000000 2.5599174160
1623.6000000000 2.5597219721
1623.7000000000 2.5592960699
1623.8000000000 2.5592124777
1623.9000000000 2.5597008020
1624.0000000000 2.5591869106
1624.1000000000 2.5584986311
1624.2000000000 2.5588399631
1624.3000000000 2.5588997666
1624.4000000000 2.5590330236
1624.5000000000 2.5590560577
1624.6000000000 2.5590843086
1624.7000000000 2.5603086171
1624.8000000000 2.5605784456
1624.9000000000 2.5607349181
1625.0000000000 2.5604851009
1625.1000000000 2.5608804524
1625.2000000000 2.5605270087
1625.3000000000 2.5603820425
1625.4000000000 2.5603551684
1625.5000000000 2.5602594259
1625.6000000000 2.5596965316
1625.7000000000 2.5598731062
1625.8000000000 2.5598008586
1625.9000000000 2.5599736776
1626.0000000000 2.5606365111
1626.1000000000 2.5610831767
1626.2000000000 2.5615697295
1626.3000000000 2.5609581282
1626.4000000000 2.5616606024
1626.5000000000 2.5621432670
1626.6000000000 2.5629203253
1626.7000000000 2.5618495970
1626.8000000000 2.5616253573
1626.9000000000 2.5618536549
1627.0000000000 2.5618304487
1627.1000000000 2.5626415334
1627.2000000000 2.5627217007
1627.3000000000 2.5615223569
1627.4000000000 2.5624933751
1627.5000000000 2.5632931586
1627.6000000000 2.5636489087
1627.7000000000 2.5636392397
1627.8000000000 2.5630807803
1627.9000000000 2.5640254756
1628.0000000000 2.5637542549
1628.1000000000 2.5635198044
1628.2000000000 2.5631221259
1628.3000000000 2.5632526423
1628.4000000000 2.5631145745
1628.5000000000 2.5639575865
1628.6000000000 2.5634545423
1628.7000000000 2.5632710761
1628.8000000000 2.5634750291
1628.9000000000 2.5626603902
1629.0000000000 2.5626141351
1629.1000000000 2.5628439048
1629.2000000000 2.5628635372
1629.3000000000 2.5625907699
1629.4000000000 2.5630773583
1629.5000000000 2.5634517462
1629.6000000000 2.5645379083
1629.7000000000 2.5637990220
1629.8000000000 2.5636051659
1629.9000000000 2.5642363909
1630.0000000000 2.5647756512
1630.1000000000 2.5652407527
1630.2000000000 2.5651229516
1630.3000000000 2.5650955521
1630.4000000000 2.5647962210
1630.5000000000 2.5644763332
1630.6000000000 2.5645782730
1630.7000000000 2.5642672179
1630.8000000000 2.5647269085
1630.9000000000 2.5638295095
1631.0000000000 2.5649679097
1631.1000000000 2.5647720795
1631.2000000000 2.5646260285
1631.3000000000 2.5648682845
1631.4000000000 2.5649135775
1631.5000000000 2.5649850227
1631.6000000000 2.5657603210
1631.7000000000 2.5658090741
1631.8000000000 2.5652150140
1631.9000000000 2.5647881028
1632.0000000000 2.5655485112
1632.1000000000 2.5656023869
1632.2000000000 2.5648909411
1632.3000000000 2.5643644346
1632.4000000000 2.5639205655
1632.5000000000 2.5645901207
1632.6000000000 2.5640031653
1632.7000000000 2.5644718768
1632.8000000000 2.5645523990
1632.9000000000 2.5645386068
1633.0000000000 2.5652770751
1633.1000000000 2.5647518174
1633.2000000000 2.5652469764
1633.3000000000 2.5648435486
1633.4000000000 2.5651133153
1633.5000000000 2.5653545388
1633.6000000000 2.5657051156
1633.7000000000 2.5652592371
1633.8000000000 2.5650826086
1633.9000000000 2.5648340353
1634.0000000000 2.5648946903
1634.1000000000 2.5647044991
1634.2000000000 2.5647489567
1634.3000000000 2.5652681266
1634.4000000000 2.5652157456
1634.5000000000 2.5653851114
1634.6000000000 2.5653070844
1634.7000000000 2.5652610240
1634.8000000000 2.5651937245
1634.9000000000 2.5658791763
1635.0000000000 2.5659713449
1635.1000000000 2.5661195416
1635.2000000000 2.5653197638
1635.3000000000 2.5658066052
1635.4000000000 2.5654827196
1635.5000000000 2.5662399495
1635.6000000000 2.5660309954
1635.7000000000 2.5652117814
1635.8000000000 2.5662010659
1635.9000000000 2.5664673086
1636.0000000000 2.5658759241
1636.1000000000 2.5658925323
1636.2000000000 2.5658700252
1636.3000000000 2.5666872299
1636.4000000000 2.5662240718
1636.5000000000 2.5658450816
1636.6000000000 2.5661233226
1636.7000000000 2.5663522325
1636.8000000000 2.5667523359
1636.9000000000 2.5664199121
1637.0000000000 2.5667985286
1637.1000000000 2.5662357825
1637.2000000000 2.5669799460
1637.3000000000 2.5678405141
1637.4000000000 2.5684549497
1637.5000000000 2.5693169920
1637.6000000000 2.5693954161
1637.7000000000 2.5699102144
1637.8000000000 2.5697256752
1637.9000000000 2.5692674755
1638.0000000000 2.5690413636
1638.1000000000 2.5692666838
1638.2000000000 2.5689027659
1638.3000000000 2.5690089895
1638.4000000000 2.5690981920
1638.5000000000 2.5689078018
1638.6000000000 2.5680172418
1638.7000000000 2.5674729404
1638.8000000000 2.5677758128
1638.9000000000 2.5685560522
1639.0000000000 2.5680169337
1639.1000000000 2.5678377876
1639.2000000000 2.5671706194
1639.3000000000 2.5679690579
1639.4000000000 2.5667738152
1639.5000000000 2.5671529260
1639.6000000000 2.5665688876
1639.7000000000 2.5670057174
1639.8000000000 2.5667000098
1639.9000000000 2.5658099503
1640.0000000000 2.5667868250
1640.1000000000 2.5659841881
1640.2000000000 2.5665604415
1640.3000000000 2.5663621705
1640.4000000000 2.5664283379
1640.5000000000 2.5661061670
1640.6000000000 2.5657333241
1640.7000000000 2.5660824112
1640.8000000000 2.5657342913
1640.9000000000 2.5664551458
1641.0000000000 2.5652749478
1641.1000000000 2.5657255278
1641.2000000000 2.5657179708
1641.3000000000 2.5655395685
1641.4000000000 2.5655829674
1641.5000000000 2.5660012499
1641.6000000000 2.5659869018
1641.7000000000 2.5657382509
1641.8000000000 2.5655779261
1641.9000000000 2.5661489146
1642.0000000000 2.5658858782
1642.1000000000 2.5652299789
1642.2000000000 2.5657382864
1642.3000000000 2.5649495024
1642.4000000000 2.5652410996
1642.5000000000 2.5649945345
1642.6000000000 2.5649439321
1642.7000000000 2.5649964804
1642.8000000000 2.5659746718
1642.9000000000 2.5659746592
1643.0000000000 2.5663268287
1643.1000000000 2.5660622352
1643.2000000000 2.5662401637
1643.3000000000 2.5666811087
1643.4000000000 2.5667610428
1643.5000000000 2.5668493174
1643.6000000000 2.5663190205
1643.7000000000 2.5668626312
1643.8000000000 2.5660248605
1643.9000000000 2.5662503993
1644.0000000000 2.5662486012
1644.1000000000 2.5658289695
1644.2000000000 2.5662069159
1644.3000000000 2.5662406948
1644.4000000000 2.5663424347
1644.5000000000 2.5661375293
1644.6000000000 2.5664515456
1644.7000000000 2.5656845263
1644.8000000000 2.5653173727
1644.9000000000 2.5641143404
1645.0000000000 2.5647551594
1645.1000000000 2.5655404993
1645.2000000000 2.5645302516
1645.3000000000 2.5644515024
1645.4000000000 2.5644076867
1645.5000000000 2.5635774753
1645.6000000000 2.5644285448
1645.7000000000 2.5643310602
1645.8000000000 2.5637688094
1645.9000000000 2.5634184968
1646.0000000000 2.5623215167
1646.1000000000 2.5627488349
1646.2000000000 2.5638352681
1646.3000000000 2.5640897439
1646.4000000000 2.5642841991
1646.5000000000 2.5644730741
1646.6000000000 2.5654465610
1646.7000000000 2.5650845229
1646.8000000000 2.5654690494
1646.9000000000 2.5654204805
1647.0000000000 2.5651336934
1647.1000000000 2.5653672259
1647.2000000000 2.5654065693
1647.3000000000 2.5651100671
1647.4000000000 2.5648509246
1647.5000000000 2.5654086798
1647.6000000000 2.5648924441
1647.7000000000 2.5648114242
1647.8000000000 2.5644200970
1647.9000000000 2.5651638401
1648.0000000000 2.5651369529
1648.1000000000 2.5643303639
1648.2000000000 2.5637832071
1648.3000000000 2.5638673615
1648.4000000000 2.5633751109
1648.5000000000 2.5632827460
1648.6000000000 2.5633178541
1648.7000000000 2.5637409711
1648.8000000000 2.5631920965
1648.9000000000 2.5631958647
1649.0000000000 2.5639328769
1649.1000000000 2.5639582456
1649.2000000000 2.5631484727
1649.3000000000 2.5633179090
1649.4000000000 2.5639775944
1649.5000000000 2.5640168727
1649.6000000000 2.5641538839
1649.7000000000 2.5635387540
1649.8000000000 2.5635521505
1649.9000000000 2.5636972841
1650.0000000000 2.5632436152
1650.1000000000 2.5631608826
1650.2000000000 2.5638680221
1650.3000000000 2.5623708290
1650.4000000000 2.5625148662
1650.5000000000 2.5625171029
1650.6000000000 2.5623055731
1650.7000000000 2.5623424572
1650.8000000000 2.5634277208
1650.9000000000 2.5633662103
1651.0000000000 2.5637348933
1651.1000000000 2.5633346397
1651.2000000000 2.5630874275
1651.3000000000 2.5637072096
1651.4000000000 2.5640274049
1651.5000000000 2.5637209057
1651.6000000000 2.5633994767
1651.7000000000 2.5639340678
1651.8000000000 2.5641545601
1651.9000000000 2.5639526334
1652.0000000000 2.5637827872
1652.1000000000 2.5638839749
1652.2000000000 2.5639798145
1652.3000000000 2.5640747371
1652.4000000000 2.5638367826
1652.5000000000 2.5635326143
1652.6000000000 2.5627250310
1652.7000000000 2.5625656732
1652.8000000000 2.5624887257
1652.9000000000 2.5629009751
1653.0000000000 2.5620228321
1653.1000000000 2.5628163143
1653.2000000000 2.5633491222
1653.3000000000 2.5625148190
1653.4000000000 2.5624061393
1653.5000000000 2.5633795376
1653.6000000000 2.5622273421
1653.7000000000 2.5623137070
1653.8000000000 2.5615718024
1653.9000000000 2.5605944133
1654.0000000000 2.5605293980
1654.1000000000 2.5609253130
1654.2000000000 2.5602598892
1654.3000000000 2.5612134456
1654.4000000000 2.5616263187
1654.5000000000 2.5618259421
1654.6000000000 2.5619732160
1654.7000000000 2.5617094375
1654.8000000000 2.5612030899
1654.9000000000 2.5613150317
1655.0000000000 2.5616645807
1655.1000000000 2.5619057177
1655.2000000000 2.5613213114
1655.3000000000 2.5616778379
1655.4000000000 2.5627021001
1655.5000000000 2.5631833406
1655.6000000000 2.5627033852
1655.7000000000 2.5628657868
1655.8000000000 2.5624236788
1655.9000000000 2.5629889403
1656.0000000000 2.5618229333
1656.1000000000 2.5605037268
1656.2000000000 2.5601783220
1656.3000000000 2.5604313447
1656.4000000000 2.5608352620
1656.5000000000 2.5602426472
1656.6000000000 2.5602883561
1656.7000000000 2.5605117582
1656.8000000000 2.5604573438
1656.9000000000 2.5600583446
1657.0000000000 2.5600870717
1657.1000000000 2.5592480285
1657.2000000000 2.5588585526
1657.3000000000 2.5590826546
1657.4000000000 2.5597810584
1657.5000000000 2.5594758510
1657.6000000000 2.5595280720
1657.7000000000 2.5594611310
1657.8000000000 2.5592034701
1657.9000000000 2.5602581176
1658.0000000000 2.5595295611
1658.1000000000 2.5599377419
1658.2000000000 2.5594048203
1658.3000000000 2.5594791864
1658.4000000000 2.5603043150
1658.5000000000 2.5599447968
1658.6000000000 2.5597365547
1658.7000000000 2.5602489459
1658.8000000000 2.5601320936
1658.9000000000 2.5596648898
1659.0000000000 2.5593641734
1659.1000000000 2.5586932186
1659.2000000000 2.5584772687
1659.3000000000 2.5580109621
1659.4000000000 2.5588956736
1659.5000000000 2.5589601940
1659.6000000000 2.5592693044
1659.7000000000 2.5584635056
1659.8000000000 2.5585117571
1659.9000000000 2.5584495231
1660.0000000000 2.5585496098
1660.1000000000 2.5576995167
1660.2000000000 2.5584043168
1660.3000000000 2.5576513755
1660.4000000000 2.5565665540
1660.5000000000 2.5567222106
1660.6000000000 2.5563520879
1660.7000000000 2.5562915906
1660.8000000000 2.5560205574
1660.9000000000 2.5563858523
1661.0000000000 2.5569070811
1661.1000000000 2.5577356642
1661.2000000000 2.5578809022
1661.3000000000 2.5584525200
1661.4000000000 2.5587353023
1661.5000000000 2.5578502443
1661.6000000000 2.5567792006
1661.7000000000 2.5568451201
1661.8000000000 2.5568727812
1661.9000000000 2.5568383429
1662.0000000000 2.5571164622
1662.1000000000 2.5576027632
1662.2000000000 2.5572544871
1662.3000000000 2.5571589043
1662.4000000000 2.5569796525
1662.5000000000 2.5570711567
1662.6000000000 2.5571364912
1662.7000000000 2.5569480904
1662.8000000000 2.5569833979
1662.9000000000 2.5571446416
1663.0000000000 2.5576404883
1663.1000000000 2.5575455971
1663.2000000000 2.5571597618
1663.3000000000 2.5568467290
1663.4000000000 2.5569308105
1663.5000000000 2.5568363710
1663.6000000000 2.5580665413
1663.7000000000 2.5579049442
1663.8000000000 2.5583505107
1663.9000000000 2.5595275559
1664.0000000000 2.5598613436
1664.1000000000 2.5608901741
1664.2000000000 2.5604526394
1664.3000000000 2.5604022726
1664.4000000000 2.5607472924
1664.5000000000 2.5600799358
1664.6000000000 2.5594906803
1664.7000000000 2.5596226380
1664.8000000000 2.5601055730
1664.9000000000 2.5604338480
1665.0000000000 2.5605993016
1665.1000000000 2.5607455536
1665.2000000000 2.5608055739
1665.3000000000 2.5611188549
1665.4000000000 2.5619452758
1665.5000000000 2.5623919942
1665.6000000000 2.5619560118
1665.7000000000 2.5615406478
1665.8000000000 2.5619735355
1665.9000000000 2.5619866709
1666.0000000000 2.5623193116
1666.1000000000 2.5624174667
1666.2000000000 2.5628538109
1666.3000000000 2.5629235356
1666.4000000000 2.5631201496
1666.5000000000 2.5631795600
1666.6000000000 2.5629303382
1666.7000000000 2.5629948595
1666.8000000000 2.5623750539
1666.9000000000 2.5626809577
1667.0000000000 2.5626720402
1667.1000000000 2.5627277632
1667.2000000000 2.5623335576
1667.3000000000 2.5623907617
1667.4000000000 2.5625879088
1667.5000000000 2.5618881670
1667.6000000000 2.5631680868
1667.7000000000 2.5640782726
1667.8000000000 2.5633789620
1667.9000000000 2.5635929623
1668.0000000000 2.5632364415
1668.1000000000 2.5636142668
1668.2000000000 2.5624630623
1668.3000000000 2.5628785180
1668.4000000000 2.5630806739
1668.5000000000 2.5628131017
1668.6000000000 2.5629277307
1668.7000000000 2.5629027440
1668.8000000000 2.5629122460
1668.9000000000 2.5619112179
1669.0000000000 2.5622680499
1669.1000000000 2.5632383212
1669.2000000000 2.5633528953
1669.3000000000 2.5627480553
1669.4000000000 2.5626633567
1669.5000000000 2.5629327464
1669.6000000000 2.5625578442
1669.7000000000 2.5626685274
1669.8000000000 2.5625325596
1669.9000000000 2.5626185173
1670.0000000000 2.5625066688
1670.1000000000 2.5617370556
1670.2000000000 2.5626157108
1670.3000000000 2.5629684258
1670.4000000000 2.5630840496
1670.5000000000 2.5628194996
1670.6000000000 2.5618621650
1670.7000000000 2.5622716835
1670.8000000000 2.5630868564
1670.9000000000 2.5640639489
1671.0000000000 2.5648437610
1671.1000000000 2.5645458251
1671.2000000000 2.5636185115
1671.3000000000 2.5645162290
1671.4000000000 2.5641511394
1671.5000000000 2.5639845837
1671.6000000000 2.5635086774
1671.7000000000 2.5631393727
1671.8000000000 2.5630613148
1671.9000000000 2.5620986518
1672.0000000000 2.5629349076
1672.1000000000 2.5624088880
1672.2000000000 2.5632017003
1672.3000000000 2.5632170175
1672.4000000000 2.5636423033
1672.5000000000 2.5632511403
1672.6000000000 2.5634824541
1672.7000000000 2.5632828363
1672.8000000000 2.5635137209
1672.9000000000 2.5628490819
1673.0000000000 2.5630690476
1673.1000000000 2.5634681634
1673.2000000000 2.5634115404
1673.3000000000 2.5631933644
1673.4000000000 2.5625596247
1673.5000000000 2.5637356327
1673.6000000000 2.5627203586
1673.7000000000 2.5617409209
1673.8000000000 2.5614340992
1673.9000000000 2.5614877355
1674.0000000000 2.5608289221
1674.1000000000 2.5615582044
1674.2000000000 2.5613270589
1674.3000000000 2.5616999987
1674.4000000000 2.5617894590
1674.5000000000 2.5613194059
1674.6000000000 2.5609178730
1674.7000000000 2.5609504077
1674.8000000000 2.5613654920
1674.9000000000 2.5624236519
1675.0000000000 2.5628683261
1675.1000000000 2.5623806364
1675.2000000000 2.5615575268
1675.3000000000 2.5616436266
1675.4000000000 2.5619387849
1675.5000000000 2.5624473228
1675.6000000000 2.5622142251
1675.7000000000 2.5614784457
1675.8000000000 2.5617299565
1675.9000000000 2.5606134495
1676.0000000000 2.5608475138
1676.1000000000 2.5597772444
1676.2000000000 2.5591102556
1676.3000000000 2.5601199833
1676.4000000000 2.5601501499
1676.5000000000 2.5606845452
1676.6000000000 2.5611184356
1676.7000000000 2.5612954812
1676.8000000000 2.5614719766
1676.9000000000 2.5613194501
1677.0000000000 2.5605954313
1677.1000000000 2.5599092726
1677.2000000000 2.5609579701
1677.3000000000 2.5603505438
1677.4000000000 2.5597312789
1677.5000000000 2.5597721570
1677.6000000000 2.5600716032
1677.7000000000 2.5606813352
1677.8000000000 2.5607606871
1677.9000000000 2.5606014512
1678.0000000000 2.5601810617
1678.1000000000 2.5603100790
1678.2000000000 2.5592929488
1678.3000000000 2.5596294401
1678.4000000000 2.5597899752
1678.5000000000 2.5594782951
1678.6000000000 2.5592646958
1678.7000000000 2.5594881488
1678.8000000000 2.5587614616
1678.9000000000 2.5590563618
1679.0000000000 2.5597309149
1679.1000000000 2.5594265893
1679.2000000000 2.5595137728
1679.3000000000 2.5602152823
1679.4000000000 2.5597333697
1679.5000000000 2.5592407649
1679.6000000000 2.5591279506
1679.7000000000 2.5590808113
1679.8000000000 2.5588797577
1679.9000000000 2.5590887178
1680.0000000000 2.5595732957
1680.1000000000 2.5599950287
1680.2000000000 2.5597996613
1680.3000000000 2.5596601562
1680.4000000000 2.5600259042
1680.5000000000 2.5606459822
1680.6000000000 2.5603298005
1680.7000000000 2.5604625403
1680.8000000000 2.5603158827
1680.9000000000 2.5605832206
1681.0000000000 2.5605280357
1681.1000000000 2.5616836999
1681.2000000000 2.5613619197
1681.3000000000 2.5609935397
1681.4000000000 2.5611340446
1681.5000000000 2.5611397112
1681.6000000000 2.5612334896
1681.7000000000 2.5614392028
1681.8000000000 2.5611321529
1681.9000000000 2.5614295038
1682.0000000000 2.5618188773
1682.1000000000 2.5615935914
1682.2000000000 2.5616211596
1682.3000000000 2.5618754441
1682.4000000000 2.5626134761
1682.5000000000 2.5625801807
1682.6000000000 2.5626586502
1682.7000000000 2.5627671575
1682.8000000000 2.5625771879
1682.9000000000 2.5623015720
1683.0000000000 2.5621459805
1683.1000000000 2.5616823455
1683.2000000000 2.5611845853
1683.3000000000 2.5621093439
1683.4000000000 2.5615945815
1683.5000000000 2.5624826260
1683.6000000000 2.5620457563
1683.7000000000 2.5624789207
1683.8000000000 2.5625584549
1683.9000000000 2.5628370238
1684.0000000000 2.5635375758
1684.1000000000 2.5636262770
1684.2000000000 2.5636546794
1684.3000000000 2.5627119467
1684.4000000000 2.5628601185
1684.5000000000 2.5631920688
1684.6000000000 2.5631367971
1684.7000000000 2.5632285646
1684.8000000000 2.5638230272
1684.9000000000 2.5636763249
1685.0000000000 2.5642101580
1685.1000000000 2.5646495093
1685.2000000000 2.5638620223
1685.3000000000 2.5637799984
1685.4000000000 2.5632801757
1685.5000000000 2.5636538623
1685.6000000000 2.5636301450
1685.7000000000 2.5637381475
1685.8000000000 2.5643348128
1685.9000000000 2.5639574523
1686.0000000000 2.5646733765
1686.1000000000 2.5656166172
1686.2000000000 2.5654798564
1686.3000000000 2.5660183759
1686.4000000000 2.5656695480
1686.5000000000 2.5651458104
1686.6000000000 2.5650198012
1686.7000000000 2.5649495067
1686.8000000000 2.5648207782
1686.9000000000 2.5657219181
1687.0000000000 2.5652552425
1687.1000000000 2.5650410973
1687.2000000000 2.5649365159
1687.3000000000 2.5654676105
1687.4000000000 2.5652873177
1687.5000000000 2.5663604273
1687.6000000000 2.5658786489
1687.7000000000 2.5660900284
1687.8000000000 2.5667665861
1687.9000000000 2.5665454835
1688.0000000000 2.5677215042
1688.1000000000 2.5679491302
1688.2000000000 2.5670465950
1688.3000000000 2.5666570695
1688.4000000000 2.5668426656
1688.5000000000 2.5676303247
1688.6000000000 2.5678259629
1688.7000000000 2.5682612526
1688.8000000000 2.5682922676
1688.9000000000 2.5678196742
1689.0000000000 2.5683013008
1689.1000000000 2.5680036297
1689.2000000000 2.5672354872
1689.3000000000 2.5676073278
1689.4000000000 2.5679111913
1689.5000000000 2.5679212373
1689.6000000000 2.5676927505
1689.7000000000 2.5685194927
1689.8000000000 2.5693973718
1689.9000000000 2.5695041984
1690.0000000000 2.5692102138
1690.1000000000 2.5685744010
1690.2000000000 2.5690639892
1690.3000000000 2.5690692863
1690.4000000000 2.5687253423
1690.5000000000 2.5689328671
1690.6000000000 2.5680958267
1690.7000000000 2.5681342830
1690.8000000000 2.5677739078
1690.9000000000 2.5681532049
1691.0000000000 2.5682398443
1691.1000000000 2.5687126934
1691.2000000000 2.5684237138
1691.3000000000 2.5694729374
1691.4000000000 2.5688611760
1691.5000000000 2.5689148562
1691.6000000000 2.5685826954
1691.7000000000 2.5689507537
1691.8000000000 2.5682787025
1691.9000000000 2.5681063759
1692.0000000000 2.5681896979
1692.1000000000 2.5692832662
1692.2000000000 2.5680002480
1692.3000000000 2.5682270302
1692.4000000000 2.5686683692
1692.5000000000 2.5681633436
1692.6000000000 2.5684612931
1692.7000000000 2.5683532315
1692.8000000000 2.5677950496
1692.9000000000 2.5682961170
1693.0000000000 2.5689424591
1693.1000000000 2.5687832721
1693.2000000000 2.5690418624
1693.3000000000 2.5688784593
1693.4000000000 2.5691042303
1693.5000000000 2.5689871947
1693.6000000000 2.5686725669
1693.7000000000 2.5691041595
1693.8000000000 2.5694400510
1693.9000000000 2.5686721938
1694.0000000000 2.5680323503
1694.1000000000 2.5677575272
1694.2000000000 2.5674412875
1694.3000000000 2.5679008597
1694.4000000000 2.5674693846
1694.5000000000 2.5681973357
1694.6000000000 2.5682420220
1694.7000000000 2.5680280524
1694.8000000000 2.5676498418
1694.9000000000 2.5678546728
1695.0000000000 2.5680752341
1695.1000000000 2.5676641847
1695.2000000000 2.5674685276
1695.3000000000 2.5685369925
1695.4000000000 2.5675617853
1695.5000000000 2.5669118601
1695.6000000000 2.5665759487
1695.7000000000 2.5663074468
1695.8000000000 2.5655388395
1695.9000000000 2.5650717470
1696.0000000000 2.5651263862
1696.1000000000 2.5651423557
1696.2000000000 2.5646886087
1696.3000000000 2.5649009549
1696.4000000000 2.5659158138
1696.5000000000 2.5656617816
1696.6000000000 2.5656135027
1696.7000000000 2.5658422671
1696.8000000000 2.5668056007
1696.9000000000 2.5672556708
1697.0000000000 2.5669766934
1697.1000000000 2.5663480998
1697.2000000000 2.5669939733
1697.3000000000 2.5661330417
1697.4000000000 2.5655326101
1697.5000000000 2.5651469536
1697.6000000000 2.5661986861
1697.7000000000 2.5659557930
1697.8000000000 2.5658263181
1697.9000000000 2.5648409654
1698.0000000000 2.5643538727
1698.1000000000 2.5642152661
1698.2000000000 2.5638406721
1698.3000000000 2.5641286822
1698.4000000000 2.5642811257
1698.5000000000 2.5632212876
1698.6000000000 2.5645713152
1698.7000000000 2.5643340455
1698.8000000000 2.5636909229
1698.9000000000 2.5637908487
1699.0000000000 2.5633302078
1699.1000000000 2.5628521285
1699.2000000000 2.5634096685
1699.3000000000 2.5640211879
1699.4000000000 2.5649770351
1699.5000000000 2.5651607762
1699.6000000000 2.5646211178
1699.7000000000 2.5646514131
1699.8000000000 2.5638150887
1699.9000000000 2.5646164355
1700.0000000000 2.5645548237
1700.1000000000 2.5646951527
1700.2000000000 2.5645620481
1700.3000000000 2.5647183188
1700.4000000000 2.5646805449
1700.5000000000 2.5645572209
1700.6000000000 2.5647060274
1700.7000000000 2.5646191020
1700.8000000000 2.5643243624
1700.9000000000 2.5645458967
1701.0000000000 2.5653364963
1701.1000000000 2.5646278787
1701.2000000000 2.5653680079
1701.3000000000 2.5648455717
1701.4000000000 2.5651221810
1701.5000000000 2.5637621771
1701.6000000000 2.5643376722
1701.7000000000 2.5647253066
1701.8000000000 2.5646632471
1701.9000000000 2.5655091042
1702.0000000000 2.5657467576
1702.1000000000 2.5665291229
1702.2000000000 2.5662606204
1702.3000000000 2.5663840466
1702.4000000000 2.5655060137
1702.5000000000 2.5650665829
1702.6000000000 2.5655595539
1702.7000000000 2.5656462503
1702.8000000000 2.5649153870
1702.9000000000 2.5652458048
1703.0000000000 2.5651971260
1703.1000000000 2.5656044086
1703.2000000000 2.5645388826
1703.3000000000 2.5649471393
1703.4000000000 2.5655492237
1703.5000000000 2.5661482372
1703.6000000000 2.5650249389
1703.7000000000 2.5642444815
1703.8000000000 2.5648443478
1703.9000000000 2.5644684461
1704.0000000000 2.5645242809
1704.1000000000 2.5648407101
1704.2000000000 2.5652844908
1704.3000000000 2.5648164591
1704.4000000000 2.5649952399
1704.5000000000 2.5661180450
1704.6000000000 2.5652802222
1704.7000000000 2.5650175964
1704.8000000000 2.5647496522
1704.9000000000 2.5642960622
1705.0000000000 2.5643676291
1705.1000000000 2.5639373903
1705.2000000000 2.5637541966
1705.3000000000 2.5645388209
1705.4000000000 2.5649125129
1705.5000000000 2.5656573849
1705.6000000000 2.5657700179
1705.7000000000 2.5648511418
1705.8000000000 2.5645542877
1705.9000000000 2.5641151330
1706.0000000000 2.5652309716
1706.1000000000 2.5649735920
1706.2000000000 2.5653612922
1706.3000000000 2.5658320414
1706.4000000000 2.5654893258
1706.5000000000 2.5657315319
1706.6000000000 2.5663614057
1706.7000000000 2.5664435071
1706.8000000000 2.5660076597
1706.9000000000 2.5663425001
1707.0000000000 2.5659197803
1707.1000000000 2.5656226830
1707.2000000000 2.5656220638
1707.3000000000 2.5651414044
1707.4000000000 2.5641039692
1707.5000000000 2.5644884644
1707.6000000000 2.5636066701
1707.7000000000 2.5636753341
1707.8000000000 2.5634931460
1707.9000000000 2.5629036018
1708.0000000000 2.5624939745
1708.1000000000 2.5630960338
1708.2000000000 2.5625632676
1708.3000000000 2.5622253168
1708.4000000000 2.5618844511
1708.5000000000 2.5620589145
1708.6000000000 2.5608890847
1708.7000000000 2.5608965298
1708.8000000000 2.5609742240
1708.9000000000 2.5607962239
1709.0000000000 2.5601505946
1709.1000000000 2.5604388230
1709.2000000000 2.5609760361
1709.3000000000 2.5603745945
1709.4000000000 2.5601202419
1709.5000000000 2.5602271784
1709.6000000000 2.5606225780
1709.7000000000 2.5607126251
1709.8000000000 2.5606245160
1709.9000000000 2.5604388706
1710.0000000000 2.5600143547
1710.1000000000 2.5605742889
1710.2000000000 2.5610118017
1710.3000000000 2.5607232894
1710.4000000000 2.5598564009
1710.5000000000 2.5609338394
1710.6000000000 2.5607350365
1710.7000000000 2.5600683027
1710.8000000000 2.5593305018
1710.9000000000 2.5594686756
1711.0000000000 2.5592643680
1711.1000000000 2.5592689730
1711.2000000000 2.5578675099
1711.3000000000 2.5577503517
1711.4000000000 2.5574093889
1711.5000000000 2.5570783759
1711.6000000000 2.5568433399
1711.7000000000 2.5565485737
1711.8000000000 2.5564054415
1711.9000000000 2.5566841513
1712.0000000000 2.5566798353
1712.1000000000 2.5565555299
1712.2000000000 2.5563356730
1712.3000000000 2.5563962857
1712.4000000000 2.5560557871
1712.5000000000 2.5564042597
1712.6000000000 2.5572222780
1712.7000000000 2.5567397821
1712.8000000000 2.5568369266
1712.9000000000 2.5569082185
1713.0000000000 2.5571800795
1713.1000000000 2.5572245262
1713.2000000000 2.5564999197
1713.3000000000 2.5566626736
1713.4000000000 2.5557911839
1713.5000000000 2.5556611959
1713.6000000000 2.5551166085
1713.7000000000 2.5557431638
1713.8000000000 2.5547309606
1713.9000000000 2.5556424169
1714.0000000000 2.5559253436
1714.1000000000 2.5567082969
1714.2000000000 2.5564924389
1714.3000000000 2.5559301325
1714.4000000000 2.5557520716
1714.5000000000 2.5561662908
1714.6000000000 2.5560462667
1714.7000000000 2.5560645054
1714.8000000000 2.5556700536
1714.9000000000 2.5544655156
1715.0000000000 2.5551263181
1715.1000000000 2.5557000820
1715.2000000000 2.5559173138
1715.3000000000 2.5566176434
1715.4000000000 2.5569216512
1715.5000000000 2.5566631076
1715.6000000000 2.5570760020
1715.7000000000 2.5565874227
1715.8000000000 2.5567406722
1715.9000000000 2.5568529066
1716.0000000000 2.5572341596
1716.1000000000 2.5572565338
1716.2000000000 2.5571626885
1716.3000000000 2.5579645452
1716.4000000000 2.5586003035
1716.5000000000 2.5589499172
1716.6000000000 2.5585464163
1716.7000000000 2.5587096614
1716.8000000000 2.5580603234
1716.9000000000 2.5589458467
1717.0000000000 2.5580034851
1717.1000000000 2.5575223618
1717.2000000000 2.5583516366
1717.3000000000 2.5579888491
1717.4000000000 2.5576932334
1717.5000000000 2.5570910622
1717.6000000000 2.5569224526
1717.7000000000 2.5575361331
1717.8000000000 2.5572271227
1717.9000000000 2.5573649038
1718.0000000000 2.5572310469
1718.1000000000 2.5573376339
1718.2000000000 2.5575938981
1718.3000000000 2.5582003080
1718.4000000000 2.5587195922
1718.5000000000 2.5583534436
1718.6000000000 2.5585348556
1718.7000000000 2.5589559665
1718.8000000000 2.5583597189
1718.9000000000 2.5586007336
1719.0000000000 2.5577991450
1719.1000000000 2.5585206514
1719.2000000000 2.5589389751
1719.3000000000 2.5582173427
1719.4000000000 2.5588649921
1719.5000000000 2.5594403698
1719.6000000000 2.5592477031
1719.7000000000 2.5600173227
1719.8000000000 2.5593439071
1719.9000000000 2.5603622817
1720.0000000000 2.5605099841
1720.1000000000 2.5595516268
1720.2000000000 2.5593506106
1720.3000000000 2.5589720158
1720.4000000000 2.5592409841
1720.5000000000 2.5596902179
1720.6000000000 2.5590492675
1720.7000000000 2.5594710563
1720.8000000000 2.5598082019
1720.9000000000 2.5600628025
1721.0000000000 2.5602790051
1721.1000000000 2.5605090204
1721.2000000000 2.5607997266
1721.3000000000 2.5610924799
1721.4000000000 2.5607550293
1721.5000000000 2.5608298964
1721.6000000000 2.5611187443
1721.7000000000 2.5614260032
1721.8000000000 2.5605773506
1721.9000000000 2.5601862709
1722.0000000000 2.5595656452
1722.1000000000 2.5601305990
1722.2000000000 2.5597402690
1722.3000000000 2.5605584196
1722.4000000000 2.5609953847
1722.5000000000 2.5609362577
1722.6000000000 2.5614471248
1722.7000000000 2.5616918139
1722.8000000000 2.5615939105
1722.9000000000 2.5615827080
1723.0000000000 2.5606818777
1723.1000000000 2.5604688201
1723.2000000000 2.5597496513
1723.3000000000 2.5599732683
1723.4000000000 2.5601920029
1723.5000000000 2.5600352820
1723.6000000000 2.5605432295
1723.7000000000 2.5612183461
1723.8000000000 2.5610095106
1723.9000000000 2.5603082591
1724.0000000000 2.5605640523
1724.1000000000 2.5597398977
1724.2000000000 2.5596004906
1724.3000000000 2.5595491727
1724.4000000000 2.5601332391
1724.5000000000 2.5601521728
1724.6000000000 2.5603685798
1724.7000000000 2.5608155451
1724.8000000000 2.5608356198
1724.9000000000 2.5600976391
1725.0000000000 2.5609408868
1725.1000000000 2.5606582008
1725.2000000000 2.5602856614
1725.3000000000 2.5603953909
1725.4000000000 2.5611007457
1725.5000000000 2.5613576024
1725.6000000000 2.5603704122
1725.7000000000 2.5606640982
1725.8000000000 2.5602164094
1725.9000000000 2.5600280504
1726.0000000000 2.5598416986
1726.1000000000 2.5596493636
1726.2000000000 2.5603759521
1726.3000000000 2.5585494913
1726.4000000000 2.5590532585
1726.5000000000 2.5594017678
1726.6000000000 2.5595438478
1726.7000000000 2.5587115059
1726.8000000000 2.5592300647
1726.9000000000 2.5588100382
1727.0000000000 2.5589630104
1727.1000000000 2.5593238037
1727.2000000000 2.5597133622
1727.3000000000 2.5593925163
1727.4000000000 2.5600314216
1727.5000000000 2.5594543835
1727.6000000000 2.5593415287
1727.7000000000 2.5597343025
1727.8000000000 2.5594339941
1727.9000000000 2.5596935093
1728.0000000000 2.5596771128
1728.1000000000 2.5598071817
1728.2000000000 2.5592990416
1728.3000000000 2.5596248996
1728.4000000000 2.5586269975
1728.5000000000 2.5586506258
1728.6000000000 2.5593672543
1728.7000000000 2.5592878482
1728.8000000000 2.5597551781
1728.9000000000 2.5592711852
1729.0000000000 2.5593722314
1729.1000000000 2.5598448315
1729.2000000000 2.5599999584
1729.3000000000 2.5595605013
1729.4000000000 2.5599203462
1729.5000000000 2.5596599172
1729.6000000000 2.5597969707
1729.7000000000 2.5595278303
1729.8000000000 2.5596416963
1729.9000000000 2.5602998634
1730.0000000000 2.5598296886
1730.1000000000 2.5595426006
1730.2000000000 2.5590761135
1730.3000000000 2.5587256632
1730.4000000000 2.5586371851
1730.5000000000 2.5585395028
1730.6000000000 2.5589382932
1730.7000000000 2.5580144691
1730.8000000000 2.5582547589
1730.9000000000 2.5585572418
1731.0000000000 2.5588466881
1731.1000000000 2.5590273731
1731.2000000000 2.5588989446
1731.3000000000 2.5585588486
1731.4000000000 2.5577992879
1731.5000000000 2.5582719319
1731.6000000000 2.5580416258
1731.7000000000 2.5581748596
1731.8000000000 2.5594278046
1731.9000000000 2.5594803598
1732.0000000000 2.5593706158
1732.1000000000 2.5596207147
1732.2000000000 2.5602856625
1732.3000000000 2.5604011250
1732.4000000000 2.5598407933
1732.5000000000 2.5600180798
1732.6000000000 2.5602765005
1732.7000000000 2.5599824184
1732.8000000000 2.5601831174
1732.9000000000 2.5596884964
1733.0000000000 2.5603047010
1733.1000000000 2.5604552404
1733.2000000000 2.5609730200
1733.3000000000 2.5602586656
1733.4000000000 2.5597524515
1733.5000000000 2.5593998220
1733.6000000000 2.5600416567
1733.7000000000 2.5593127559
1733.8000000000 2.5590865590
1733.9000000000 2.5594330090
1734.0000000000 2.5589074031
1734.1000000000 2.5598047686
1734.2000000000 2.5599928684
1734.3000000000 2.5598525452
1734.4000000000 2.5602415644
1734.5000000000 2.5603059082
1734.6000000000 2.5599782220
1734.7000000000 2.5608133726
1734.8000000000 2.5614025711
1734.9000000000 2.5610119985
1735.0000000000 2.5612485500
1735.1000000000 2.5612383975
1735.2000000000 2.5614605728
1735.3000000000 2.5611972745
1735.4000000000 2.5604900792
1735.5000000000 2.5614453617
1735.6000000000 2.5611590667
1735.7000000000 2.5613725677
1735.8000000000 2.5621622534
1735.9000000000 2.5618427335
1736.0000000000 2.5624095967
1736.1000000000 2.5621291923
1736.2000000000 2.5621167720
1736.3000000000 2.5617933043
1736.4000000000 2.5613051743
1736.5000000000 2.5613576909
1736.6000000000 2.5616974724
1736.7000000000 2.5617678468
1736.8000000000 2.5620603236
1736.9000000000 2.5611198477
1737.0000000000 2.5605913035
1737.1000000000 2.5603481019
1737.2000000000 2.5600294842
1737.3000000000 2.5599367121
1737.4000000000 2.5603125638
1737.5000000000 2.5594911573
1737.6000000000 2.5588252866
1737.7000000000 2.5591214791
1737.8000000000 2.5593769742
1737.9000000000 2.5598904900
1738.0000000000 2.5592564991
1738.1000000000 2.5601537684
1738.2000000000 2.5603041675
1738.3000000000 2.5602429650
1738.4000000000 2.5600246640
1738.5000000000 2.5588126821
1738.6000000000 2.5588716796
1738.7000000000 2.5595945663
1738.8000000000 2.5582299396
1738.9000000000 2.5583220502
1739.0000000000 2.5589426483
1739.1000000000 2.5585859466
1739.2000000000 2.5579353821
1739.3000000000 2.5585045213
1739.4000000000 2.5584363591
1739.5000000000 2.5587481278
1739.6000000000 2.5599342130
1739.7000000000 2.5592800013
1739.8000000000 2.5590024408
1739.9000000000 2.5584788741
1740.0000000000 2.5585325914
1740.1000000000 2.5594743726
1740.2000000000 2.5593569567
1740.3000000000 2.5603226494
1740.4000000000 2.5606582132
1740.5000000000 2.5606051614
1740.6000000000 2.5613155582
1740.7000000000 2.5612078495
1740.8000000000 2.5617101197
1740.9000000000 2.5621846964
1741.0000000000 2.5618996935
1741.1000000000 2.5620462398
1741.2000000000 2.5619815259
1741.3000000000 2.5620091620
1741.4000000000 2.5615143205
1741.5000000000 2.5610342187
1741.6000000000 2.5611484246
1741.7000000000 2.5614400645
1741.8000000000 2.5604891964
1741.9000000000 2.5608468595
1742.0000000000 2.5610833380
1742.1000000000 2.5606850014
1742.2000000000 2.5600935242
1742.3000000000 2.5601688007
1742.4000000000 2.5606310876
1742.5000000000 2.5611390614
1742.6000000000 2.5601845688
1742.7000000000 2.5605705470
1742.8000000000 2.5606643136
1742.9000000000 2.5600741322
1743.0000000000 2.5606088366
1743.1000000000 2.5605848596
1743.2000000000 2.5596721904
1743.3000000000 2.5599247618
1743.4000000000 2.5602797218
1743.5000000000 2.5609916408
1743.6000000000 2.5610881049
1743.7000000000 2.5609331589
1743.8000000000 2.5599236319
1743.9000000000 2.5596648467
1744.0000000000 2.5591895703
1744.1000000000 2.5592272503
1744.2000000000 2.5601628914
1744.3000000000 2.5595668002
1744.4000000000 2.5592477427
1744.5000000000 2.5595170465
1744.6000000000 2.5599179304
1744.7000000000 2.5592641614
1744.8000000000 2.5592969650
1744.9000000000 2.5590580408
1745.0000000000 2.5593266084
1745.1000000000 2.5589018744
1745.2000000000 2.5585613498
1745.3000000000 2.5585281900
1745.4000000000 2.5587654896
1745.5000000000 2.5592001430
1745.6000000000 2.5601316963
1745.7000000000 2.5594544924
1745.8000000000 2.5592260769
1745.9000000000 2.5605107155
1746.0000000000 2.5599164643
1746.1000000000 2.5598620617
1746.2000000000 2.5589590455
1746.3000000000 2.5589024982
1746.4000000000 2.5588806613
1746.5000000000 2.5590719170
1746.6000000000 2.5593439274
1746.7000000000 2.5590551492
1746.8000000000 2.5589108571
1746.9000000000 2.5585681008
1747.0000000000 2.5590998579
1747.1000000000 2.5595255512
1747.2000000000 2.5600337136
1747.3000000000 2.5604707341
1747.4000000000 2.5605737873
1747.5000000000 2.5606947819
1747.6000000000 2.5604339269
1747.7000000000 2.5597573561
1747.8000000000 2.5594964505
1747.9000000000 2.5586931460
1748.0000000000 2.5586995772
1748.1000000000 2.5589704124
1748.2000000000 2.5589341510
1748.3000000000 2.5586543380
1748.4000000000 2.5587368434
1748.5000000000 2.5585264093
1748.6000000000 2.5593704865
1748.7000000000 2.5598904365
1748.8000000000 2.5596485871
1748.9000000000 2.5596630604
1749.0000000000 2.5592424326
1749.1000000000 2.5592192818
1749.2000000000 2.5591083966
1749.3000000000 2.5589574795
1749.4000000000 2.5581633649
1749.5000000000 2.5582125247
1749.6000000000 2.5586897277
1749.7000000000 2.5587030216
1749.8000000000 2.5586876817
1749.9000000000 2.5588187922
1750.0000000000 2.5577233257
1750.1000000000 2.5577061093
1750.2000000000 2.5576711747
1750.3000000000 2.5577634177
1750.4000000000 2.5570499451
1750.5000000000 2.5565015411
1750.6000000000 2.5565851662
1750.7000000000 2.5560382932
1750.8000000000 2.5569198323
1750.9000000000 2.5568130774
1751.0000000000 2.5582196748
1751.1000000000 2.5583508832
1751.2000000000 2.5590114447
1751.3000000000 2.5589953220
1751.4000000000 2.5594102567
1751.5000000000 2.5586738349
1751.6000000000 2.5591379313
1751.7000000000 2.5594274155
1751.8000000000 2.5593311372
1751.9000000000 2.5584030879
1752.0000000000 2.5575903206
1752.1000000000 2.5570747558
1752.2000000000 2.5566055176
1752.3000000000 2.5574095765
1752.4000000000 2.5576646410
1752.5000000000 2.5574216655
1752.6000000000 2.5574138754
1752.7000000000 2.5577413479
1752.8000000000 2.5583398003
1752.9000000000 2.5588659189
1753.0000000000 2.5586860007
1753.1000000000 2.5593183474
1753.2000000000 2.5592147367
1753.3000000000 2.5591851930
1753.4000000000 2.5587147698
1753.5000000000 2.5583169938
1753.6000000000 2.5584301666
1753.7000000000 2.5588627699
1753.8000000000 2.5582768815
1753.9000000000 2.5587910631
1754.0000000000 2.5593752627
1754.1000000000 2.5588841126
1754.2000000000 2.5592964202
1754.3000000000 2.5580031781
1754.4000000000 2.5567886943
1754.5000000000 2.5568640320
1754.6000000000 2.5571035491
1754.7000000000 2.5568328146
1754.8000000000 2.5571613925
1754.9000000000 2.5575489105
1755.0000000000 2.5573415735
1755.1000000000 2.5573812990
1755.2000000000 2.5583480309
1755.3000000000 2.5580194750
1755.4000000000 2.5582107892
1755.5000000000 2.5584985568
1755.6000000000 2.5577788195
1755.7000000000 2.5580234696
1755.8000000000 2.5574786949
1755.9000000000 2.5575030039
1756.0000000000 2.5577599156
1756.1000000000 2.5570652798
1756.2000000000 2.5575191895
1756.3000000000 2.5577365659
1756.4000000000 2.5583313597
1756.5000000000 2.5581226005
1756.6000000000 2.5583432779
1756.7000000000 2.5584670545
1756.8000000000 2.5587962308
1756.9000000000 2.5586841345
1757.0000000000 2.5581069226
1757.1000000000 2.5583494385
1757.2000000000 2.5582658300
1757.3000000000 2.5582319680
1757.4000000000 2.5584630638
1757.5000000000 2.5581369583
1757.6000000000 2.5571697535
1757.7000000000 2.5572180543
1757.8000000000 2.5572313788
1757.9000000000 2.5574960758
1758.0000000000 2.5570971721
1758.1000000000 2.5580615244
1758.2000000000 2.5572150827
1758.3000000000 2.5574579136
1758.4000000000 2.5567045905
1758.5000000000 2.5566926296
1758.6000000000 2.5567614354
1758.7000000000 2.5569766207
1758.8000000000 2.5569800293
1758.9000000000 2.5565909942
1759.0000000000 2.5563270511
1759.1000000000 2.5561704718
1759.2000000000 2.5554009821
1759.3000000000 2.5550438524
1759.4000000000 2.5548865231
1759.5000000000 2.5559546176
1759.6000000000 2.5564780074
1759.7000000000 2.5562613393
1759.8000000000 2.5562411622
1759.9000000000 2.5554176823
1760.0000000000 2.5559617443
1760.1000000000 2.5565108523
1760.2000000000 2.5562658084
1760.3000000000 2.5563691329
1760.4000000000 2.5551379583
1760.5000000000 2.5559830362
1760.6000000000 2.5549711712
1760.7000000000 2.5558764863
1760.8000000000 2.5553256940
1760.9000000000 2.5561933622
1761.0000000000 2.5553726138
1761.1000000000 2.5552042774
1761.2000000000 2.5554301302
1761.3000000000 2.5548961733
1761.4000000000 2.5555231234
1761.5000000000 2.5551577160
1761.6000000000 2.5555345226
1761.7000000000 2.5559623220
1761.8000000000 2.5556836039
1761.9000000000 2.5554815854
1762.0000000000 2.5548162551
1762.1000000000 2.5542757215
1762.2000000000 2.5534139983
1762.3000000000 2.5534686374
1762.4000000000 2.5533567008
1762.5000000000 2.5535401314
1762.6000000000 2.5536312215
1762.7000000000 2.5545534570
1762.8000000000 2.5550112613
1762.9000000000 2.5547335174
1763.0000000000 2.5537673217
1763.1000000000 2.5534486113
1763.2000000000 2.5535748413
1763.3000000000 2.5540942285
1763.4000000000 2.5544350742
1763.5000000000 2.5543469455
1763.6000000000 2.5542149612
1763.7000000000 2.5544529334
1763.8000000000 2.5541376219
1763.9000000000 2.5542879547
1764.0000000000 2.5543433533
1764.1000000000 2.5539044415
1764.2000000000 2.5541301235
1764.3000000000 2.5540256116
1764.4000000000 2.5542654825
1764.5000000000 2.5546489813
1764.6000000000 2.5551822802
1764.7000000000 2.5549073663
1764.8000000000 2.5547987815
1764.9000000000 2.5542812971
1765.0000000000 2.5554119479
1765.1000000000 2.5547933101
1765.2000000000 2.5558564005
1765.3000000000 2.5563050482
1765.4000000000 2.5564061318
1765.5000000000 2.5559165284
1765.6000000000 2.5550190579
1765.7000000000 2.5551561277
1765.8000000000 2.5551628431
1765.9000000000 2.5554283853
1766.0000000000 2.5558691838
1766.1000000000 2.5552275622
1766.2000000000 2.5547732648
1766.3000000000 2.5548058312
1766.4000000000 2.5538993868
1766.5000000000 2.5539759144
1766.6000000000 2.5537226363
1766.7000000000 2.5535449448
1766.8000000000 2.5540807395
1766.9000000000 2.5537672237
1767.0000000000 2.5539270887
1767.1000000000 2.5545348580
1767.2000000000 2.5545792152
1767.3000000000 2.5538940275
1767.4000000000 2.5538193626
1767.5000000000 2.5533492005
1767.6000000000 2.5535753163
1767.7000000000 2.5533841599
1767.8000000000 2.5533021754
1767.9000000000 2.5533831515
1768.0000000000 2.5533936990
1768.1000000000 2.5534145023
1768.2000000000 2.5524880894
1768.3000000000 2.5536999057
1768.4000000000 2.5534216755
1768.5000000000 2.5539156581
1768.6000000000 2.5538822928
1768.7000000000 2.5547457342
1768.8000000000 2.5551693008
1768.9000000000 2.5553106410
1769.0000000000 2.5555996698
1769.1000000000 2.5551188504
1769.2000000000 2.5553326774
1769.3000000000 2.5555165528
1769.4000000000 2.5551878556
1769.5000000000 2.5549957559
1769.6000000000 2.5555198004
1769.7000000000 2.5551552155
1769.8000000000 2.5552558976
1769.9000000000 2.5553473576
1770.0000000000 2.5557334720
1770.1000000000 2.5564233036
1770.2000000000 2.5561561185
1770.3000000000 2.5563681536
1770.4000000000 2.5564468485
1770.5000000000 2.5564847538
1770.6000000000 2.5564400721
1770.7000000000 2.5568570891
1770.8000000000 2.5569511249
1770.9000000000 2.5571589629
1771.0000000000 2.5567039706
1771.1000000000 2.5580925150
1771.2000000000 2.5575532532
1771.3000000000 2.5568896911
1771.4000000000 2.5578140809
1771.5000000000 2.5586565768
1771.6000000000 2.5587161512
1771.7000000000 2.5581261777
1771.8000000000 2.5581287914
1771.9000000000 2.5583340501
1772.0000000000 2.5580117597
1772.1000000000 2.5585704380
1772.2000000000 2.5585885446
1772.3000000000 2.5584266514
1772.4000000000 2.5594739199
1772.5000000000 2.5595237050
1772.6000000000 2.5595159961
1772.7000000000 2.5588602921
1772.8000000000 2.5589071501
1772.9000000000 2.5588973098
1773.0000000000 2.5595621576
1773.1000000000 2.5589788592
1773.2000000000 2.5590351835
1773.3000000000 2.5583870738
1773.4000000000 2.5577849299
1773.5000000000 2.5579186792
1773.6000000000 2.5579017057
1773.7000000000 2.5580631981
1773.8000000000 2.5587876690
1773.9000000000 2.5591096139
1774.0000000000 2.5601715611
1774.1000000000 2.5607415050
1774.2000000000 2.5611593457
1774.3000000000 2.5618054590
1774.4000000000 2.5614756051
1774.5000000000 2.5611216679
1774.6000000000 2.5608291675
1774.7000000000 2.5605608561
1774.8000000000 2.5603564431
1774.9000000000 2.5606428634
1775.0000000000 2.5609732050
1775.1000000000 2.5613745748
1775.2000000000 2.5614922274
1775.3000000000 2.5605033382
1775.4000000000 2.5601158270
1775.5000000000 2.5602241312
1775.6000000000 2.5609551296
1775.7000000000 2.5607051338
1775.8000000000 2.5602590567
1775.9000000000 2.5600013272
1776.0000000000 2.5597588527
1776.1000000000 2.5604048974
1776.2000000000 2.5600603426
1776.3000000000 2.5590003070
1776.4000000000 2.5600194158
1776.5000000000 2.5602002062
1776.6000000000 2.5609454405
1776.7000000000 2.5607588036
1776.8000000000 2.5618198119
1776.9000000000 2.5622959763
1777.0000000000 2.5608397515
1777.1000000000 2.5614241956
1777.2000000000 2.5615244709
1777.3000000000 2.5616197689
1777.4000000000 2.5625083635
1777.5000000000 2.5626930057
1777.6000000000 2.5624708089
1777.7000000000 2.5628962048
1777.8000000000 2.5629008338
1777.9000000000 2.5621181339
1778.0000000000 2.5617575333
1778.1000000000 2.5622090616
1778.2000000000 2.5618967829
1778.3000000000 2.5620149229
1778.4000000000 2.5619988221
1778.5000000000 2.5626458212
1778.6000000000 2.5627989326
1778.7000000000 2.5619993534
1778.8000000000 2.5618562025
1778.9000000000 2.5622143154
1779.0000000000 2.5624972984
1779.1000000000 2.5627709441
1779.2000000000 2.5634934491
1779.3000000000 2.5623605038
1779.4000000000 2.5625145404
1779.5000000000 2.5634935564
1779.6000000000 2.5640595310
1779.7000000000 2.5633559613
1779.8000000000 2.5631648192
1779.9000000000 2.5634406695
1780.0000000000 2.5632229203
1780.1000000000 2.5631731944
1780.2000000000 2.5633880948
1780.3000000000 2.5625859505
1780.4000000000 2.5627099212
1780.5000000000 2.5630404467
1780.6000000000 2.5628880637
1780.7000000000 2.5633379937
1780.8000000000 2.5638239328
1780.9000000000 2.5623941078
1781.0000000000 2.5631106388
1781.1000000000 2.5631464474
1781.2000000000 2.5627912420
1781.3000000000 2.5625857481
1781.4000000000 2.5623624284
1781.5000000000 2.5621504605
1781.6000000000 2.5622226748
1781.7000000000 2.5620290545
1781.8000000000 2.5620909533
1781.9000000000 2.5625107756
1782.0000000000 2.5624082729
1782.1000000000 2.5619714978
1782.2000000000 2.5620953969
1782.3000000000 2.5615831963
1782.4000000000 2.5615060062
1782.5000000000 2.5621263865
1782.6000000000 2.5621180511
1782.7000000000 2.5627747376
1782.8000000000 2.5620174338
1782.9000000000 2.5626294116
1783.0000000000 2.5622624185
1783.1000000000 2.5630304217
1783.2000000000 2.5627913758
1783.3000000000 2.5637624768
1783.4000000000 2.5635237185
1783.5000000000 2.5640132673
1783.6000000000 2.5640203423
1783.7000000000 2.5636460118
1783.8000000000 2.5639812459
1783.9000000000 2.5639550764
1784.0000000000 2.5639185865
1784.1000000000 2.5641863532
1784.2000000000 2.5640005683
1784.3000000000 2.5644897211
1784.4000000000 2.5640278695
1784.5000000000 2.5640461039
1784.6000000000 2.5634825888
1784.7000000000 2.5625790350
1784.8000000000 2.5626661562
1784.9000000000 2.5625466154
1785.0000000000 2.5631748557
1785.1000000000 2.5633393591
1785.2000000000 2.5629164723
1785.3000000000 2.5629294839
1785.4000000000 2.5635177834
1785.5000000000 2.5639955729
1785.6000000000 2.5630088839
1785.7000000000 2.5633158512
1785.8000000000 2.5643041116
1785.9000000000 2.5638992106
1786.0000000000 2.5639620036
1786.1000000000 2.5647464195
1786.2000000000 2.5645692052
1786.3000000000 2.5648792001
1786.4000000000 2.5646083726
1786.5000000000 2.5644973355
1786.6000000000 2.5655285448
1786.7000000000 2.5653058860
1786.8000000000 2.5653747989
1786.9000000000 2.5651967304
1787.0000000000 2.5640796978
1787.1000000000 2.5642511161
1787.2000000000 2.5644860528
1787.3000000000 2.5644003135
1787.4000000000 2.5646696277
1787.5000000000 2.5645858644
1787.6000000000 2.5643299877
1787.7000000000 2.5651405837
1787.8000000000 2.5655281202
1787.9000000000 2.5648474718
1788.0000000000 2.5655465529
1788.1000000000 2.5657939946
1788.2000000000 2.5654869957
1788.3000000000 2.5662995905
1788.4000000000 2.5661059072
1788.5000000000 2.5663379819
1788.6000000000 2.5667442303
1788.7000000000 2.5672514324
1788.8000000000 2.5670184963
1788.9000000000 2.5671507463
1789.0000000000 2.5667520077
1789.1000000000 2.5664118791
1789.2000000000 2.5664523970
1789.3000000000 2.5670178883
1789.4000000000 2.5667319617
1789.5000000000 2.5666992293
1789.6000000000 2.5654904712
1789.7000000000 2.5658304560
1789.8000000000 2.5659976637
1789.9000000000 2.5661439122
1790.0000000000 2.5658776534
1790.1000000000 2.5657386867
1790.2000000000 2.5657370247
1790.3000000000 2.5652564475
1790.4000000000 2.5662375614
1790.5000000000 2.5655925866
1790.6000000000 2.5657345389
1790.7000000000 2.5658725691
1790.8000000000 2.5663288908
1790.9000000000 2.5661638741
1791.0000000000 2.5659557921
1791.1000000000 2.5667600993
1791.2000000000 2.5669872170
1791.3000000000 2.5659556970
1791.4000000000 2.5660231274
1791.5000000000 2.5660960431
1791.6000000000 2.5655854797
1791.7000000000 2.5652454441
1791.8000000000 2.5648255520
1791.9000000000 2.5650346011
1792.0000000000 2.5650656725
1792.1000000000 2.5653917639
1792.2000000000 2.5651139631
1792.3000000000 2.5653703912
1792.4000000000 2.5646131191
1792.5000000000 2.5654453725
1792.6000000000 2.5654276690
1792.7000000000 2.5670614179
1792.8000000000 2.5675261688
1792.9000000000 2.5671933154
1793.0000000000 2.5671135344
1793.1000000000 2.5677611135
1793.2000000000 2.5675257982
1793.3000000000 2.5675731597
1793.4000000000 2.5676785762
1793.5000000000 2.5674601314
1793.6000000000 2.5682826799
1793.7000000000 2.5678459744
1793.8000000000 2.5680669010
1793.9000000000 2.5681822844
1794.0000000000 2.5680632680
1794.1000000000 2.5676798796
1794.2000000000 2.5681042709
1794.3000000000 2.5684031483
1794.4000000000 2.5676723600
1794.5000000000 2.5671368090
1794.6000000000 2.5670741444
1794.7000000000 2.5674769342
1794.8000000000 2.5667039742
1794.9000000000 2.5666463403
1795.0000000000 2.5662806419
1795.1000000000 2.5667320767
1795.2000000000 2.5667953648
1795.3000000000 2.5664331608
1795.4000000000 2.5675320100
1795.5000000000 2.5674981713
1795.6000000000 2.5681021273
1795.7000000000 2.5682394311
1795.8000000000 2.5679066755
1795.9000000000 2.5685354496
1796.0000000000 2.5680615657
1796.1000000000 2.5684218064
1796.2000000000 2.5679417435
1796.3000000000 2.5678937811
1796.4000000000 2.5688006649
1796.5000000000 2.5688118407
1796.6000000000 2.5686407802
1796.7000000000 2.5676463490
1796.8000000000 2.5678509670
1796.9000000000 2.5680269769
1797.0000000000 2.5680571993
1797.1000000000 2.5678465645
1797.2000000000 2.5678202333
1797.3000000000 2.5684879154
1797.4000000000 2.5685553755
1797.5000000000 2.5691632794
1797.6000000000 2.5686289648
1797.7000000000 2.5683721426
1797.8000000000 2.5683669522
1797.9000000000 2.5686206214
1798.0000000000 2.5694300915
1798.1000000000 2.5683404152
1798.2000000000 2.5681429255
1798.3000000000 2.5682873790
1798.4000000000 2.5674011870
1798.5000000000 2.5679396493
1798.6000000000 2.5674647883
1798.7000000000 2.5670102576
1798.8000000000 2.5676858535
1798.9000000000 2.5682916830
1799.0000000000 2.5677639675
1799.1000000000 2.5679908542
1799.2000000000 2.5673175487
1799.3000000000 2.5673243484
1799.4000000000 2.5660938653
1799.5000000000 2.5666536923
1799.6000000000 2.5671000489
1799.7000000000 2.5666771570
1799.8000000000 2.5665925484
1799.9000000000 2.5660573701
1800.0000000000 2.5660331221
1800.1000000000 2.5664791428
1800.2000000000 2.5666645982
1800.3000000000 2.5665579153
1800.4000000000 2.5666129095
1800.5000000000 2.5669522400
1800.6000000000 2.5664822894
1800.7000000000 2.5665131137
1800.8000000000 2.5662682746
1800.9000000000 2.5667202122
1801.0000000000 2.5669184104
1801.1000000000 2.5676286875
1801.2000000000 2.5678141652
1801.3000000000 2.5684216347
1801.4000000000 2.5679739933
1801.5000000000 2.5679024587
1801.6000000000 2.5677346804
1801.7000000000 2.5669895645
1801.8000000000 2.5675392392
1801.9000000000 2.5676763627
1802.0000000000 2.5684595390
1802.1000000000 2.5681880317
1802.2000000000 2.5681506716
1802.3000000000 2.5683603642
1802.4000000000 2.5681185187
1802.5000000000 2.5687819669
1802.6000000000 2.5680577509
1802.7000000000 2.5676211096
1802.8000000000 2.5674019542
1802.9000000000 2.5675827869
1803.0000000000 2.5675075147
1803.1000000000 2.5677583269
1803.2000000000 2.5678139637
1803.3000000000 2.5667139304
1803.4000000000 2.5652646154
1803.5000000000 2.5653991661
1803.6000000000 2.5657485154
1803.7000000000 2.5656948905
1803.8000000000 2.5661516409
1803.9000000000 2.5659677705
1804.0000000000 2.5655201090
1804.1000000000 2.5660608819
1804.2000000000 2.5671427670
1804.3000000000 2.5665418341
1804.4000000000 2.5659298459
1804.5000000000 2.5664895161
1804.6000000000 2.5663068031
1804.7000000000 2.5670987943
1804.8000000000 2.5670221702
1804.9000000000 2.5671515645
1805.0000000000 2.5676098549
1805.1000000000 2.5668610679
1805.2000000000 2.5665109631
1805.3000000000 2.5659321027
1805.4000000000 2.5661987751
1805.5000000000 2.5653320894
1805.6000000000 2.5653751645
1805.7000000000 2.5652373840
1805.8000000000 2.5650328422
1805.9000000000 2.5648352638
1806.0000000000 2.5649513646
1806.1000000000 2.5654816422
1806.2000000000 2.5645999683
1806.3000000000 2.5644057389
1806.4000000000 2.5646346241
1806.5000000000 2.5640108128
1806.6000000000 2.5630896721
1806.7000000000 2.5626254562
1806.8000000000 2.5635837604
1806.9000000000 2.5635006454
1807.0000000000 2.5642190693
1807.1000000000 2.5649374507
1807.2000000000 2.5646514201
1807.3000000000 2.5650213600
1807.4000000000 2.5650340977
1807.5000000000 2.5650969947
1807.6000000000 2.5648976770
1807.7000000000 2.5649685445
1807.8000000000 2.5650258667
1807.9000000000 2.5650717225
1808.0000000000 2.5655169686
1808.1000000000 2.5656452318
1808.2000000000 2.5654061114
1808.3000000000 2.5649580440
1808.4000000000 2.5651561588
1808.5000000000 2.5653621153
1808.6000000000 2.5650623876
1808.7000000000 2.5651093232
1808.8000000000 2.5649324360
1808.9000000000 2.5647955620
1809.0000000000 2.5644133158
1809.1000000000 2.5645585918
1809.2000000000 2.5628472863
1809.3000000000 2.5634156430
1809.4000000000 2.5638644744
1809.5000000000 2.5636681042
1809.6000000000 2.5641382122
1809.7000000000 2.5641459641
1809.8000000000 2.5641618408
1809.9000000000 2.5634289338
1810.0000000000 2.5631958188
1810.1000000000 2.5636998362
1810.2000000000 2.5633473758
1810.3000000000 2.5633141577
1810.4000000000 2.5630487776
1810.5000000000 2.5629849980
1810.6000000000 2.5629184169
1810.7000000000 2.5623808952
1810.8000000000 2.5617833905
1810.9000000000 2.5623521036
1811.0000000000 2.5626051894
1811.1000000000 2.5626537155
1811.2000000000 2.5623455787
1811.3000000000 2.5625718861
1811.4000000000 2.5625759608
1811.5000000000 2.5617040318
1811.6000000000 2.5619132157
1811.7000000000 2.5610316426
1811.8000000000 2.5617264481
1811.9000000000 2.5618053156
1812.0000000000 2.5616449967
1812.1000000000 2.5619778301
1812.2000000000 2.5626403895
1812.3000000000 2.5635709093
1812.4000000000 2.5634617235
1812.5000000000 2.5632938200
1812.6000000000 2.5615366776
1812.7000000000 2.5614171006
1812.8000000000 2.5616796831
1812.9000000000 2.5604074750
1813.0000000000 2.5610711395
1813.1000000000 2.5593711980
1813.2000000000 2.5597479569
1813.3000000000 2.5595659037
1813.4000000000 2.5599908602
1813.5000000000 2.5597366127
1813.6000000000 2.5604485396
1813.7000000000 2.5602740669
1813.8000000000 2.5603072384
1813.9000000000 2.5611945028
1814.0000000000 2.5617577180
1814.1000000000 2.5616681795
1814.2000000000 2.5620895676
1814.3000000000 2.5616185046
1814.4000000000 2.5619014581
1814.5000000000 2.5621268202
1814.6000000000 2.5617324689
1814.7000000000 2.5614329215
1814.8000000000 2.5609931276
1814.9000000000 2.5607553330
1815.0000000000 2.5603468814
1815.1000000000 2.5605867484
1815.2000000000 2.5604315124
1815.3000000000 2.5600875645
1815.4000000000 2.5602606875
1815.5000000000 2.5604644293
1815.6000000000 2.5604857931
1815.7000000000 2.5610556483
1815.8000000000 2.5608347116
1815.9000000000 2.5611380810
1816.0000000000 2.5614716775
1816.1000000000 2.5610854952
1816.2000000000 2.5612405585
1816.3000000000 2.5619000626
1816.4000000000 2.5624964598
1816.5000000000 2.5633185489
1816.6000000000 2.5630809603
1816.7000000000 2.5631897882
1816.8000000000 2.5634083519
1816.9000000000 2.5633011017
1817.0000000000 2.5632334366
1817.1000000000 2.5632152910
1817.2000000000 2.5629339977
1817.3000000000 2.5630749362
1817.4000000000 2.5633872806
1817.5000000000 2.5628692082
1817.6000000000 2.5633378634
1817.7000000000 2.5628067001
1817.8000000000 2.5625598246
1817.9000000000 2.5623803685
1818.0000000000 2.5623561281
1818.1000000000 2.5619802107
1818.2000000000 2.5612515870
1818.3000000000 2.5618777778
1818.4000000000 2.5602943960
1818.5000000000 2.5602953900
1818.6000000000 2.5602828376
1818.7000000000 2.5599991938
1818.8000000000 2.5592654952
1818.9000000000 2.5594411193
1819.0000000000 2.5599989986
1819.1000000000 2.5610176339
1819.2000000000 2.5612100179
1819.3000000000 2.5618197407
1819.4000000000 2.5624591033
1819.5000000000 2.5621283018
1819.6000000000 2.5617428013
1819.7000000000 2.5619997439
1819.8000000000 2.5622602752
1819.9000000000 2.5605890740
1820.0000000000 2.5604252598
1820.1000000000 2.5606443807
1820.2000000000 2.5601403303
1820.3000000000 2.5604796518
1820.4000000000 2.5605758405
1820.5000000000 2.5608316620
1820.6000000000 2.5620165115
1820.7000000000 2.5620083121
1820.8000000000 2.5618913055
1820.9000000000 2.5620381637
1821.0000000000 2.5627863422
1821.1000000000 2.5632761687
1821.2000000000 2.5634424723
1821.3000000000 2.5632499935
1821.4000000000 2.5633692113
1821.5000000000 2.5631742271
1821.6000000000 2.5629891135
1821.7000000000 2.5638612543
1821.8000000000 2.5637171881
1821.9000000000 2.5639468018
1822.0000000000 2.5629228979
1822.1000000000 2.5626912573
1822.2000000000 2.5622569055
1822.3000000000 2.5624049701
1822.4000000000 2.5625807429
1822.5000000000 2.5628626749
1822.6000000000 2.5621396799
1822.7000000000 2.5612047439
1822.8000000000 2.5608184421
1822.9000000000 2.5612275734
1823.0000000000 2.5605968048
1823.1000000000 2.5614236846
1823.2000000000 2.5609008063
1823.3000000000 2.5600601842
1823.4000000000 2.5600545688
1823.5000000000 2.5599209070
1823.6000000000 2.5591328570
1823.7000000000 2.5588153474
1823.8000000000 2.5586964774
1823.9000000000 2.5594269786
1824.0000000000 2.5592479778
1824.1000000000 2.5586886835
1824.2000000000 2.5586860724
1824.3000000000 2.5590125889
1824.4000000000 2.5595258884
1824.5000000000 2.5602362945
1824.6000000000 2.5593555476
1824.7000000000 2.5594337386
1824.8000000000 2.5591143560
1824.9000000000 2.5595467247
1825.0000000000 2.5592904881
1825.1000000000 2.5594656793
1825.2000000000 2.5599786176
1825.3000000000 2.5594133550
1825.4000000000 2.5594956062
1825.5000000000 2.5586299708
1825.6000000000 2.5580596991
1825.7000000000 2.5583841311
1825.8000000000 2.5588147017
1825.9000000000 2.5588044432
1826.0000000000 2.5586757647
1826.1000000000 2.5587049349
1826.2000000000 2.5590759263
1826.3000000000 2.5584705737
1826.4000000000 2.5582982922
1826.5000000000 2.5579475743
1826.6000000000 2.5576114709
1826.7000000000 2.5570760373
1826.8000000000 2.5578848462
1826.9000000000 2.5582687603
1827.0000000000 2.5574566605
1827.1000000000 2.5578225433
1827.2000000000 2.5584426048
1827.3000000000 2.5582346322
1827.4000000000 2.5584491201
1827.5000000000 2.5581269423
1827.6000000000 2.5587167990
1827.7000000000 2.5587792324
1827.8000000000 2.5588274288
1827.9000000000 2.5583296365
1828.0000000000 2.5586887339
1828.1000000000 2.5585814086
1828.2000000000 2.5586556606
1828.3000000000 2.5585471344
1828.4000000000 2.5594162163
1828.5000000000 2.5591038393
1828.6000000000 2.5583123313
1828.7000000000 2.5593587591
1828.8000000000 2.5592808279
1828.9000000000 2.5591222914
1829.0000000000 2.5590030181
1829.1000000000 2.5589727397
1829.2000000000 2.5597760501
1829.3000000000 2.5603982156
1829.4000000000 2.5599477147
1829.5000000000 2.5591768994
1829.6000000000 2.5593436091
1829.7000000000 2.5597883624
1829.8000000000 2.5601082407
1829.9000000000 2.5595806347
1830.0000000000 2.5596871772
1830.1000000000 2.5586234582
1830.2000000000 2.5586922162
1830.3000000000 2.5590798655
1830.4000000000 2.5585726296
1830.5000000000 2.5584228713
1830.6000000000 2.5586737731
1830.7000000000 2.5585152858
1830.8000000000 2.5575574252
1830.9000000000 2.5566829145
1831.0000000000 2.5572039094
1831.1000000000 2.5569653095
1831.2000000000 2.5567664557
1831.3000000000 2.5565360151
1831.4000000000 2.5565319046
1831.5000000000 2.5579044422
1831.6000000000 2.5573829683
1831.7000000000 2.5568574554
1831.8000000000 2.5580659293
1831.9000000000 2.5574797951
1832.0000000000 2.5575824019
1832.1000000000 2.5590331623
1832.2000000000 2.5584631835
1832.3000000000 2.5580315391
1832.4000000000 2.5585262558
1832.5000000000 2.5584273421
1832.6000000000 2.5584244702
1832.7000000000 2.5579774259
1832.8000000000 2.5577851059
1832.9000000000 2.5577504045
1833.0000000000 2.5575383449
1833.1000000000 2.5578026424
1833.2000000000 2.5566462619
1833.3000000000 2.5572747110
1833.4000000000 2.5577235977
1833.5000000000 2.5576169551
1833.6000000000 2.5585124435
1833.7000000000 2.5577281331
1833.8000000000 2.5572102875
1833.9000000000 2.5567895747
1834.0000000000 2.5564983140
1834.1000000000 2.5562943874
1834.2000000000 2.5556410068
1834.3000000000 2.5556220842
1834.4000000000 2.5555235157
1834.5000000000 2.5559469415
1834.6000000000 2.5553857331
1834.7000000000 2.5553232635
1834.8000000000 2.5533431026
1834.9000000000 2.5537524670
1835.0000000000 2.5539628354
1835.1000000000 2.5548182510
1835.2000000000 2.5549045604
1835.3000000000 2.5547723324
1835.4000000000 2.5538472234
1835.5000000000 2.5540359881
1835.6000000000 2.5548429578
1835.7000000000 2.5553324393
1835.8000000000 2.5558662610
1835.9000000000 2.5563243782
1836.0000000000 2.5566094712
1836.1000000000 2.5564659180
1836.2000000000 2.5568256279
1836.3000000000 2.5567806622
1836.4000000000 2.5573154894
1836.5000000000 2.5574519554
1836.6000000000 2.5574928323
1836.7000000000 2.5583712138
1836.8000000000 2.5579843801
1836.9000000000 2.5574273984
1837.0000000000 2.5571405587
1837.1000000000 2.5569641581
1837.2000000000 2.5572266477
1837.3000000000 2.5572927942
1837.4000000000 2.5585071292
1837.5000000000 2.5589424071
1837.6000000000 2.5583421054
1837.7000000000 2.5587034793
1837.8000000000 2.5586710572
1837.9000000000 2.5592180797
1838.0000000000 2.5588229072
1838.1000000000 2.5588757273
1838.2000000000 2.5588361037
1838.3000000000 2.5577153756
1838.4000000000 2.5570511248
1838.5000000000 2.5570225828
1838.6000000000 2.5566998070
1838.7000000000 2.5571664334
1838.8000000000 2.5571626896
1838.9000000000 2.5573227151
1839.0000000000 2.5573734528
1839.1000000000 2.5577391399
1839.2000000000 2.5572819241
1839.3000000000 2.5575997495
1839.4000000000 2.5582705903
1839.5000000000 2.5571954529
1839.6000000000 2.5565648241
1839.7000000000 2.5573107935
1839.8000000000 2.5572575038
1839.9000000000 2.5567382753
1840.0000000000 2.5566379293
1840.1000000000 2.5577946808
1840.2000000000 2.5580212945
1840.3000000000 2.5575320870
1840.4000000000 2.5566369467
1840.5000000000 2.5561426292
1840.6000000000 2.5564461447
1840.7000000000 2.5567388460
1840.8000000000 2.5568071943
1840.9000000000 2.5570288971
1841.0000000000 2.5554819041
1841.1000000000 2.5559419215
1841.2000000000 2.5558784655
1841.3000000000 2.5554451409
1841.4000000000 2.5557215017
1841.5000000000 2.5564809115
1841.6000000000 2.5563233776
1841.7000000000 2.5563908147
1841.8000000000 2.5561745113
1841.9000000000 2.5566546826
1842.0000000000 2.5578954183
1842.1000000000 2.5573835630
1842.2000000000 2.5572767804
1842.3000000000 2.5569953578
1842.4000000000 2.5573877129
1842.5000000000 2.5574813930
1842.6000000000 2.5568199174
1842.7000000000 2.5564917387
1842.8000000000 2.5555415205
1842.9000000000 2.5557030349
1843.0000000000 2.5558432854
1843.1000000000 2.5557425415
1843.2000000000 2.5559656173
1843.3000000000 2.5552932742
1843.4000000000 2.5559360685
1843.5000000000 2.5553445286
1843.6000000000 2.5560121680
1843.7000000000 2.5560784751
1843.8000000000 2.5563091545
1843.9000000000 2.5562290385
1844.0000000000 2.5563574372
1844.1000000000 2.5568843484
1844.2000000000 2.5566690602
1844.3000000000 2.5569417619
1844.4000000000 2.5573616238
1844.5000000000 2.5583103815
1844.6000000000 2.5577503664
1844.7000000000 2.5574046057
1844.8000000000 2.5575797057
1844.9000000000 2.5578403879
1845.0000000000 2.5569279055
1845.1000000000 2.5578744816
1845.2000000000 2.5576624881
1845.3000000000 2.5576592744
1845.4000000000 2.5579518951
1845.5000000000 2.5587889050
1845.6000000000 2.5587015198
1845.7000000000 2.5585169341
1845.8000000000 2.5593275913
1845.9000000000 2.5580166184
1846.0000000000 2.5581110283
1846.1000000000 2.5592007173
1846.2000000000 2.5592073769
1846.3000000000 2.5591426284
1846.4000000000 2.5587084092
1846.5000000000 2.5578778549
1846.6000000000 2.5576246486
1846.7000000000 2.5581967513
1846.8000000000 2.5578126674
1846.9000000000 2.5586051259
1847.0000000000 2.5584188121
1847.1000000000 2.5574984019
1847.2000000000 2.5568678567
1847.3000000000 2.5569199150
1847.4000000000 2.5568863885
1847.5000000000 2.5569029524
1847.6000000000 2.5566672902
1847.7000000000 2.5559101982
1847.8000000000 2.5566394035
1847.9000000000 2.5565664462
1848.0000000000 2.5568128107
1848.1000000000 2.5578055339
1848.2000000000 2.5577536202
1848.3000000000 2.5568658171
1848.4000000000 2.5567910741
1848.5000000000 2.5574193641
1848.6000000000 2.5572438695
1848.7000000000 2.5577401501
1848.8000000000 2.5562585517
1848.9000000000 2.5561518719
1849.0000000000 2.5555205320
1849.1000000000 2.5563472925
1849.2000000000 2.5562454116
1849.3000000000 2.5554432962
1849.4000000000 2.5558031942
1849.5000000000 2.5566303915
1849.6000000000 2.5560602678
1849.7000000000 2.5560201625
1849.8000000000 2.5562956619
1849.9000000000 2.5560689012
1850.0000000000 2.5561802852
1850.1000000000 2.5570203052
1850.2000000000 2.5572878092
1850.3000000000 2.5567571390
1850.4000000000 2.5561132393
1850.5000000000 2.5557785570
1850.6000000000 2.5560173866
1850.7000000000 2.5555981194
1850.8000000000 2.5550878079
1850.9000000000 2.5549413549
1851.0000000000 2.5557551309
1851.1000000000 2.5559128547
1851.2000000000 2.5549787483
1851.3000000000 2.5553568951
1851.4000000000 2.5553985416
1851.5000000000 2.5555404870
1851.6000000000 2.5552004371
1851.7000000000 2.5550746017
1851.8000000000 2.5548649998
1851.9000000000 2.5559737988
1852.0000000000 2.5562189904
1852.1000000000 2.5559908693
1852.2000000000 2.5560087818
1852.3000000000 2.5561105683
1852.4000000000 2.5562989308
1852.5000000000 2.5558020292
1852.6000000000 2.5571379585
1852.7000000000 2.5558666343
1852.8000000000 2.5554057159
1852.9000000000 2.5554187341
1853.0000000000 2.5546799070
1853.1000000000 2.5545979136
1853.2000000000 2.5541410419
1853.3000000000 2.5546339337
1853.4000000000 2.5543403961
1853.5000000000 2.5545358429
1853.6000000000 2.5549049728
1853.7000000000 2.5552538151
1853.8000000000 2.5556963210
1853.9000000000 2.5556217125
1854.0000000000 2.5549755239
1854.1000000000 2.5543898761
1854.2000000000 2.5551580408
1854.3000000000 2.5559446691
1854.4000000000 2.5556593761
1854.5000000000 2.5560036402
1854.6000000000 2.5560547463
1854.7000000000 2.5558252995
1854.8000000000 2.5560643171
1854.9000000000 2.5556694896
1855.0000000000 2.5564233687
1855.1000000000 2.5574092233
1855.2000000000 2.5578279838
1855.3000000000 2.5577693979
1855.4000000000 2.5583614614
1855.5000000000 2.5586459755
1855.6000000000 2.5584749336
1855.7000000000 2.5598099896
1855.8000000000 2.5600120600
1855.9000000000 2.5600658583
1856.0000000000 2.5591981768
1856.1000000000 2.5587805545
1856.2000000000 2.5591318839
1856.3000000000 2.5590007552
1856.4000000000 2.5588309672
1856.5000000000 2.5586080161
1856.6000000000 2.5574017765
1856.7000000000 2.5581083147
1856.8000000000 2.5578436972
1856.9000000000 2.5595186654
1857.0000000000 2.5600300348
1857.1000000000 2.5598392842
1857.2000000000 2.5603213257
1857.3000000000 2.5607619514
1857.4000000000 2.5605173632
1857.5000000000 2.5605037323
1857.6000000000 2.5601507750
1857.7000000000 2.5612757985
1857.8000000000 2.5615737537
1857.9000000000 2.5614187332
1858.0000000000 2.5607313801
1858.1000000000 2.5604931545
1858.2000000000 2.5609251188
1858.3000000000 2.5613714067
1858.4000000000 2.5609512160
1858.5000000000 2.5611875434
1858.6000000000 2.5610466604
1858.7000000000 2.5610350798
1858.8000000000 2.5603030495
1858.9000000000 2.5604728181
1859.0000000000 2.5606687224
1859.1000000000 2.5613076631
1859.2000000000 2.5618986600
1859.3000000000 2.5621228223
1859.4000000000 2.5625254030
1859.5000000000 2.5619076168
1859.6000000000 2.5629542628
1859.7000000000 2.5627067198
1859.8000000000 2.5624250411
1859.9000000000 2.5624798379
1860.0000000000 2.5624375200
1860.1000000000 2.5626397309
1860.2000000000 2.5625901092
1860.3000000000 2.5617951674
1860.4000000000 2.5616825809
1860.5000000000 2.5624772833
1860.6000000000 2.5622269157
1860.7000000000 2.5620405812
1860.8000000000 2.5613201827
1860.9000000000 2.5617575020
1861.0000000000 2.5625770762
1861.1000000000 2.5627890929
1861.2000000000 2.5620296532
1861.3000000000 2.5625804336
1861.4000000000 2.5631011239
1861.5000000000 2.5631990583
1861.6000000000 2.5643033101
1861.7000000000 2.5641591616
1861.8000000000 2.5639120859
1861.9000000000 2.5627570910
1862.0000000000 2.5640033479
1862.1000000000 2.5646453853
1862.2000000000 2.5643185958
1862.3000000000 2.5641272755
1862.4000000000 2.5642524765
1862.5000000000 2.5639640060
1862.6000000000 2.5628468682
1862.7000000000 2.5631577164
1862.8000000000 2.5623755606
1862.9000000000 2.5620290123
1863.0000000000 2.5623685271
1863.1000000000 2.5624459202
1863.2000000000 2.5618177911
1863.3000000000 2.5617689728
1863.4000000000 2.5619867428
1863.5000000000 2.5630802395
1863.6000000000 2.5623623791
1863.7000000000 2.5623367452
1863.8000000000 2.5619699479
1863.9000000000 2.5623546216
1864.0000000000 2.5619292793
1864.1000000000 2.5638650721
1864.2000000000 2.5631716340
1864.3000000000 2.5631756951
1864.4000000000 2.5631076810
1864.5000000000 2.5627516621
1864.6000000000 2.5630168205
1864.7000000000 2.5629538199
1864.8000000000 2.5628343063
1864.9000000000 2.5631065419
1865.0000000000 2.5632395573
1865.1000000000 2.5628712500
1865.2000000000 2.5634102891
1865.3000000000 2.5636829873
1865.4000000000 2.5641503414
1865.5000000000 2.5644064533
1865.6000000000 2.5644681831
1865.7000000000 2.5630394811
1865.8000000000 2.5631088640
1865.9000000000 2.5635018711
1866.0000000000 2.5637530151
1866.1000000000 2.5641870264
1866.2000000000 2.5644555586
1866.3000000000 2.5639729572
1866.4000000000 2.5638077945
1866.5000000000 2.5643488773
1866.6000000000 2.5648669878
1866.7000000000 2.5645330050
1866.8000000000 2.5657080861
1866.9000000000 2.5656967426
1867.0000000000 2.5650379786
1867.1000000000 2.5648534728
1867.2000000000 2.5655432311
1867.3000000000 2.5658072630
1867.4000000000 2.5655848814
1867.5000000000 2.5660849591
1867.6000000000 2.5652750026
1867.7000000000 2.5650590053
1867.8000000000 2.5650113459
1867.9000000000 2.5645279178
1868.0000000000 2.5639885943
1868.1000000000 2.5635794997
1868.2000000000 2.5639059887
1868.3000000000 2.5647660668
1868.4000000000 2.5651156984
1868.5000000000 2.5641763990
1868.6000000000 2.5642603658
1868.7000000000 2.5647001002
1868.8000000000 2.5646351630
1868.9000000000 2.5651461984
1869.0000000000 2.5645946721
1869.1000000000 2.5648270853
1869.2000000000 2.5656502805
1869.3000000000 2.5662882420
1869.4000000000 2.5662901239
1869.5000000000 2.5671667098
1869.6000000000 2.5673967251
1869.7000000000 2.5675834284
1869.8000000000 2.5676818519
1869.9000000000 2.5672687336
1870.0000000000 2.5678864515
1870.1000000000 2.5677169492
1870.2000000000 2.5676991889
1870.3000000000 2.5659087620
1870.4000000000 2.5656956816
1870.5000000000 2.5651606937
1870.6000000000 2.5654654378
1870.7000000000 2.5653761660
1870.8000000000 2.5648379665
1870.9000000000 2.5656010105
1871.0000000000 2.5660760153
1871.1000000000 2.5666893732
1871.2000000000 2.5673751681
1871.3000000000 2.5667706689
1871.4000000000 2.5666752312
1871.5000000000 2.5649020700
1871.6000000000 2.5649126547
1871.7000000000 2.5649883934
1871.8000000000 2.5643368961
1871.9000000000 2.5645927107
1872.0000000000 2.5635699743
1872.1000000000 2.5636302002
1872.2000000000 2.5638589089
1872.3000000000 2.5645737144
1872.4000000000 2.5651314847
1872.5000000000 2.5637982577
1872.6000000000 2.5632573552
1872.7000000000 2.5629169115
1872.8000000000 2.5622741568
1872.9000000000 2.5620857348
1873.0000000000 2.5630726265
1873.1000000000 2.5630658587
1873.2000000000 2.5632509539
1873.3000000000 2.5620291780
1873.4000000000 2.5617555677
1873.5000000000 2.5618564531
1873.6000000000 2.5622690160
1873.7000000000 2.5621722514
1873.8000000000 2.5623317593
1873.9000000000 2.5622025724
1874.0000000000 2.5620303694
1874.1000000000 2.5627282530
1874.2000000000 2.5616846073
1874.3000000000 2.5619320350
1874.4000000000 2.5624060384
1874.5000000000 2.5618726738
1874.6000000000 2.5626870636
1874.7000000000 2.5626596505
1874.8000000000 2.5624378358
1874.9000000000 2.5625910749
1875.0000000000 2.5628229419
1875.1000000000 2.5631585814
1875.2000000000 2.5635824945
1875.3000000000 2.5633057914
1875.4000000000 2.5633110362
1875.5000000000 2.5634122917
1875.6000000000 2.5627192966
1875.7000000000 2.5625368309
1875.8000000000 2.5624622665
1875.9000000000 2.5627458505
1876.0000000000 2.5627429328
1876.1000000000 2.5632678303
1876.2000000000 2.5631681618
1876.3000000000 2.5635670384
1876.4000000000 2.5634821206
1876.5000000000 2.5641973037
1876.6000000000 2.5641132759
1876.7000000000 2.5640857806
1876.8000000000 2.5640662901
1876.9000000000 2.5640888946
1877.0000000000 2.5640651376
1877.1000000000 2.5635739666
1877.2000000000 2.5637616538
1877.3000000000 2.5628897970
1877.4000000000 2.5628613784
1877.5000000000 2.5630422405
1877.6000000000 2.5639057573
1877.7000000000 2.5631493411
1877.8000000000 2.5628249343
1877.9000000000 2.5628020011
1878.0000000000 2.5631523473
1878.1000000000 2.5630957947
1878.2000000000 2.5625900522
1878.3000000000 2.5625012095
1878.4000000000 2.5635300140
1878.5000000000 2.5635133826
1878.6000000000 2.5627135541
1878.7000000000 2.5624061803
1878.8000000000 2.5634316108
1878.9000000000 2.5633628940
1879.0000000000 2.5630445455
1879.1000000000 2.5637400833
1879.2000000000 2.5629056035
1879.3000000000 2.5628303788
1879.4000000000 2.5628077142
1879.5000000000 2.5627960670
1879.6000000000 2.5635225214
1879.7000000000 2.5632926464
1879.8000000000 2.5633233405
1879.9000000000 2.5635449853
1880.0000000000 2.5629378297
1880.1000000000 2.5634465291
1880.2000000000 2.5635298370
1880.3000000000 2.5632880257
1880.4000000000 2.5629380249
1880.5000000000 2.5630594981
1880.6000000000 2.5634807185
1880.7000000000 2.5628058339
1880.8000000000 2.5624994409
1880.9000000000 2.5621887121
1881.0000000000 2.5626682927
1881.1000000000 2.5633338718
1881.2000000000 2.5630347476
1881.3000000000 2.5630179476
1881.4000000000 2.5634871934
1881.5000000000 2.5637246291
1881.6000000000 2.5641610532
1881.7000000000 2.5644393524
1881.8000000000 2.5647380200
1881.9000000000 2.5638470402
1882.0000000000 2.5645262832
1882.1000000000 2.5647905323
1882.2000000000 2.5652798530
1882.3000000000 2.5644650055
1882.4000000000 2.5644893876
1882.5000000000 2.5626222763
1882.6000000000 2.5624153892
1882.7000000000 2.5619957306
1882.8000000000 2.5618510054
1882.9000000000 2.5620319889
1883.0000000000 2.5614546924
1883.1000000000 2.5612006742
1883.2000000000 2.5613250749
1883.3000000000 2.5617167952
1883.4000000000 2.5616399491
1883.5000000000 2.5615505783
1883.6000000000 2.5611566316
1883.7000000000 2.5612422085
1883.8000000000 2.5608498599
1883.9000000000 2.5616521166
1884.0000000000 2.5615236453
1884.1000000000 2.5611209989
1884.2000000000 2.5612961299
1884.3000000000 2.5609836791
1884.4000000000 2.5602139954
1884.5000000000 2.5619257930
1884.6000000000 2.5613248525
1884.7000000000 2.5611031701
1884.8000000000 2.5619318063
1884.9000000000 2.5622359611
1885.0000000000 2.5616210696
1885.1000000000 2.5623691364
1885.2000000000 2.5620544920
1885.3000000000 2.5623308542
1885.4000000000 2.5625217724
1885.5000000000 2.5627548201
1885.6000000000 2.5628636125
1885.7000000000 2.5626611846
1885.8000000000 2.5635203172
1885.9000000000 2.5634682209
1886.0000000000 2.5632643380
1886.1000000000 2.5633164606
1886.2000000000 2.5626572603
1886.3000000000 2.5621514203
1886.4000000000 2.5623597716
1886.5000000000 2.5626907440
1886.6000000000 2.5619480951
1886.7000000000 2.5624272450
1886.8000000000 2.5623219650
1886.9000000000 2.5627159613
1887.0000000000 2.5617790490
1887.1000000000 2.5627996317
1887.2000000000 2.5617272739
1887.3000000000 2.5618353450
1887.4000000000 2.5624998886
1887.5000000000 2.5623049894
1887.6000000000 2.5625598224
1887.7000000000 2.5626209353
1887.8000000000 2.5629995084
1887.9000000000 2.5623735129
1888.0000000000 2.5613414009
1888.1000000000 2.5617049126
1888.2000000000 2.5609780455
1888.3000000000 2.5616015779
1888.4000000000 2.5610971066
1888.5000000000 2.5608267395
1888.6000000000 2.5613314372
1888.7000000000 2.5603772856
1888.8000000000 2.5601630293
1888.9000000000 2.5604265494
1889.0000000000 2.5598663409
1889.1000000000 2.5597558613
1889.2000000000 2.5596385512
1889.3000000000 2.5600753416
1889.4000000000 2.5599660672
1889.5000000000 2.5592892074
1889.6000000000 2.5594308601
1889.7000000000 2.5585519956
1889.8000000000 2.5590616421
1889.9000000000 2.5588978641
1890.0000000000 2.5583841496
1890.1000000000 2.5586954644
1890.2000000000 2.5579803075
1890.3000000000 2.5586772712
1890.4000000000 2.5575547107
1890.5000000000 2.5576950390
1890.6000000000 2.5576735651
1890.7000000000 2.5577052854
1890.8000000000 2.5580889774
1890.9000000000 2.5583694367
1891.0000000000 2.5580683308
1891.1000000000 2.5582487704
1891.2000000000 2.5588214055
1891.3000000000 2.5585622295
1891.4000000000 2.5580195096
1891.5000000000 2.5578295211
1891.6000000000 2.5579008772
1891.7000000000 2.5582508380
1891.8000000000 2.5584054878
1891.9000000000 2.5578632709
1892.0000000000 2.5569093511
1892.1000000000 2.5576015848
1892.2000000000 2.5575510480
1892.3000000000 2.5578684178
1892.4000000000 2.5577191795
1892.5000000000 2.5576580657
1892.6000000000 2.5581234349
1892.7000000000 2.5586142464
1892.8000000000 2.5574750403
1892.9000000000 2.5581274757
1893.0000000000 2.5579026735
1893.1000000000 2.5577488329
1893.2000000000 2.5585491142
1893.3000000000 2.5587627808
1893.4000000000 2.5590772723
1893.5000000000 2.5594640202
1893.6000000000 2.5592676082
1893.7000000000 2.5587055759
1893.8000000000 2.5585771419
1893.9000000000 2.5590676115
1894.0000000000 2.5586950558
1894.1000000000 2.5586585472
1894.2000000000 2.5588881627
1894.3000000000 2.5581873658
1894.4000000000 2.5588640814
1894.5000000000 2.5581865914
1894.6000000000 2.5583196942
1894.7000000000 2.5583543970
1894.8000000000 2.5582175258
1894.9000000000 2.5596155805
1895.0000000000 2.5589819865
1895.1000000000 2.5592487280
1895.2000000000 2.5588603412
1895.3000000000 2.5592246467
1895.4000000000 2.5600029967
1895.5000000000 2.5596122969
1895.6000000000 2.5595543120
1895.7000000000 2.5589549339
1895.8000000000 2.5596118381
1895.9000000000 2.5599940311
1896.0000000000 2.5602853510
1896.1000000000 2.5612068525
1896.2000000000 2.5600157233
1896.3000000000 2.5599671329
1896.4000000000 2.5600294967
1896.5000000000 2.5603366116
1896.6000000000 2.5595788445
1896.7000000000 2.5600317024
1896.8000000000 2.5597342768
1896.9000000000 2.5597655012
1897.0000000000 2.5598361290
1897.1000000000 2.5597037416
1897.2000000000 2.5590433094
1897.3000000000 2.5588786277
1897.4000000000 2.5584862723
1897.5000000000 2.5584791956
1897.6000000000 2.5586201492
1897.7000000000 2.5591711912
1897.8000000000 2.5590486552
1897.9000000000 2.5597508030
1898.0000000000 2.5606557095
1898.1000000000 2.5603356203
1898.2000000000 2.5606917277
1898.3000000000 2.5605812969
1898.4000000000 2.5613803166
1898.5000000000 2.5621959526
1898.6000000000 2.5624801195
1898.7000000000 2.5623060056
1898.8000000000 2.5623997185
1898.9000000000 2.5619063787
1899.0000000000 2.5610613433
1899.1000000000 2.5615005649
1899.2000000000 2.5623424797
1899.3000000000 2.5617807215
1899.4000000000 2.5610940025
1899.5000000000 2.5614351558
1899.6000000000 2.5617466392
1899.7000000000 2.5617177293
1899.8000000000 2.5618115298
1899.9000000000 2.5629901649
1900.0000000000 2.5630853012
1900.1000000000 2.5635230216
1900.2000000000 2.5638812109
1900.3000000000 2.5636082330
1900.4000000000 2.5626388203
1900.5000000000 2.5628448904
1900.6000000000 2.5625315785
1900.7000000000 2.5627205362
1900.8000000000 2.5623685187
1900.9000000000 2.5624935235
1901.0000000000 2.5618385038
1901.1000000000 2.5616972252
1901.2000000000 2.5611908354
1901.3000000000 2.5604709705
1901.4000000000 2.5601114281
1901.5000000000 2.5607086583
1901.6000000000 2.5604286357
1901.7000000000 2.5601864764
1901.8000000000 2.5601221918
1901.9000000000 2.5603694802
1902.0000000000 2.5599758616
1902.1000000000 2.5597236118
1902.2000000000 2.5607678182
1902.3000000000 2.5601540949
1902.4000000000 2.5611418326
1902.5000000000 2.5607425611
1902.6000000000 2.5604279476
1902.7000000000 2.5606598534
1902.8000000000 2.5610569243
1902.9000000000 2.5609958845
1903.0000000000 2.5604381819
1903.1000000000 2.5603305123
1903.2000000000 2.5599597752
1903.3000000000 2.5605529733
1903.4000000000 2.5607078307
1903.5000000000 2.5603852912
1903.6000000000 2.5604101313
1903.7000000000 2.5602472894
1903.8000000000 2.5596942788
1903.9000000000 2.5598712591
1904.0000000000 2.5605033936
1904.1000000000 2.5600941623
1904.2000000000 2.5602731273
1904.3000000000 2.5606667792
1904.4000000000 2.5600369157
1904.5000000000 2.5597778158
1904.6000000000 2.5595916316
1904.7000000000 2.5591911115
1904.8000000000 2.5586219796
1904.9000000000 2.5590846191
1905.0000000000 2.5585404025
1905.1000000000 2.5592452481
1905.2000000000 2.5587978319
1905.3000000000 2.5581963996
1905.4000000000 2.5578024530
1905.5000000000 2.5572786834
1905.6000000000 2.5580557456
1905.7000000000 2.5578148258
1905.8000000000 2.5575350420
1905.9000000000 2.5577985726
1906.0000000000 2.5580893934
1906.1000000000 2.5574780919
1906.2000000000 2.5574831394
1906.3000000000 2.5581915934
1906.4000000000 2.5585718316
1906.5000000000 2.5583132055
1906.6000000000 2.5585570391
1906.7000000000 2.5582002198
1906.8000000000 2.5577352517
1906.9000000000 2.5581053656
1907.0000000000 2.5583470258
1907.1000000000 2.5579708029
1907.2000000000 2.5574303972
1907.3000000000 2.5585415354
1907.4000000000 2.5585666284
1907.5000000000 2.5586371968
1907.6000000000 2.5591729687
1907.7000000000 2.5589780054
1907.8000000000 2.5587879133
1907.9000000000 2.5589133205
1908.0000000000 2.5589659897
1908.1000000000 2.5589893564
1908.2000000000 2.5582836754
1908.3000000000 2.5589597725
1908.4000000000 2.5589164983
1908.5000000000 2.5597922624
1908.6000000000 2.5590050489
1908.7000000000 2.5583181076
1908.8000000000 2.5587636527
1908.9000000000 2.5591901353
1909.0000000000 2.5592539474
1909.1000000000 2.5591797091
1909.2000000000 2.5587528384
1909.3000000000 2.5593750997
1909.4000000000 2.5585061388
1909.5000000000 2.5587123557
1909.6000000000 2.5583656417
1909.7000000000 2.5576678731
1909.8000000000 2.5579996663
1909.9000000000 2.5579463599
1910.0000000000 2.5588404236
1910.1000000000 2.5595863860
1910.2000000000 2.5588796603
1910.3000000000 2.5588050316
1910.4000000000 2.5585641179
1910.5000000000 2.5583105720
1910.6000000000 2.5578321952
1910.7000000000 2.5575017937
1910.8000000000 2.5571744260
1910.9000000000 2.5567277755
1911.0000000000 2.5558991471
1911.1000000000 2.5569299789
1911.2000000000 2.5570637825
1911.3000000000 2.5573951380
1911.4000000000 2.5573137598
1911.5000000000 2.5575059140
1911.6000000000 2.5579250687
1911.7000000000 2.5573052904
1911.8000000000 2.5571202641
1911.9000000000 2.5562140542
1912.0000000000 2.5565053158
1912.1000000000 2.5556201392
1912.2000000000 2.5563447308
1912.3000000000 2.5560460102
1912.4000000000 2.5568625947
1912.5000000000 2.5576288449
1912.6000000000 2.5578028759
1912.7000000000 2.5580064475
1912.8000000000 2.5578371301
1912.9000000000 2.5575815492
1913.0000000000 2.5575719238
1913.1000000000 2.5571941697
1913.2000000000 2.5587770577
1913.3000000000 2.5585300160
1913.4000000000 2.5588984568
1913.5000000000 2.5584129458
1913.6000000000 2.5585488295
1913.7000000000 2.5573577300
1913.8000000000 2.5576847645
1913.9000000000 2.5573172064
1914.0000000000 2.5570438980
1914.1000000000 2.5571277645
1914.2000000000 2.5572229947
1914.3000000000 2.5580940759
1914.4000000000 2.5586161006
1914.5000000000 2.5586487339
1914.6000000000 2.5584350457
1914.7000000000 2.5587249519
1914.8000000000 2.5584584878
1914.9000000000 2.5582053769
1915.0000000000 2.5586558763
1915.1000000000 2.5582392210
1915.2000000000 2.5583340136
1915.3000000000 2.5581894449
1915.4000000000 2.5579935957
1915.5000000000 2.5582439362
1915.6000000000 2.5580457458
1915.7000000000 2.5584530185
1915.8000000000 2.5582860751
1915.9000000000 2.5580223033
1916.0000000000 2.5584902190
1916.1000000000 2.5584941715
1916.2000000000 2.5577922281
1916.3000000000 2.5576084832
1916.4000000000 2.5569740864
1916.5000000000 2.5579281207
1916.6000000000 2.5573532516
1916.7000000000 2.5574942535
1916.8000000000 2.5577898530
1916.9000000000 2.5585496408
1917.0000000000 2.5588907532
1917.1000000000 2.5585994238
1917.2000000000 2.5584724062
1917.3000000000 2.5587689349
1917.4000000000 2.5589358501
1917.5000000000 2.5585711203
1917.6000000000 2.5590247515
1917.7000000000 2.5594061063
1917.8000000000 2.5591834355
1917.9000000000 2.5584290051
1918.0000000000 2.5585772491
1918.1000000000 2.5592448296
1918.2000000000 2.5594855439
1918.3000000000 2.5588878382
1918.4000000000 2.5583837704
1918.5000000000 2.5584610954
1918.6000000000 2.5591840480
1918.7000000000 2.5594626928
1918.8000000000 2.5591691838
1918.9000000000 2.5589532012
1919.0000000000 2.5584749990
1919.1000000000 2.5581033960
1919.2000000000 2.5585440761
1919.3000000000 2.5575016413
1919.4000000000 2.5581693230
1919.5000000000 2.5586911762
1919.6000000000 2.5601031153
1919.7000000000 2.5595252663
1919.8000000000 2.5591627851
1919.9000000000 2.5596677026
1920.0000000000 2.5595929165
1920.1000000000 2.5593039881
1920.2000000000 2.5592853600
1920.3000000000 2.5595568979
1920.4000000000 2.5593215334
1920.5000000000 2.5601954552
1920.6000000000 2.5597997025
1920.7000000000 2.5608330883
1920.8000000000 2.5608734946
1920.9000000000 2.5609101188
1921.0000000000 2.5616245755
1921.1000000000 2.5617253614
1921.2000000000 2.5625022239
1921.3000000000 2.5628718018
1921.4000000000 2.5628903288
1921.5000000000 2.5619972597
1921.6000000000 2.5623527839
1921.7000000000 2.5632739079
1921.8000000000 2.5633765389
1921.9000000000 2.5626505945
1922.0000000000 2.5629028112
1922.1000000000 2.5624556440
1922.2000000000 2.5619383540
1922.3000000000 2.5620246043
1922.4000000000 2.5617151077
1922.5000000000 2.5614766406
1922.6000000000 2.5613526148
1922.7000000000 2.5620188562
1922.8000000000 2.5619697898
1922.9000000000 2.5618418460
1923.0000000000 2.5612924528
1923.1000000000 2.5616001526
1923.2000000000 2.5610674308
1923.3000000000 2.5611259318
1923.4000000000 2.5613976554
1923.5000000000 2.5615330136
1923.6000000000 2.5608583420
1923.7000000000 2.5607015344
1923.8000000000 2.5605833778
1923.9000000000 2.5609541006
1924.0000000000 2.5606564467
1924.1000000000 2.5603181941
1924.2000000000 2.5599164203
1924.3000000000 2.5590523152
1924.4000000000 2.5584555527
1924.5000000000 2.5590450078
1924.6000000000 2.5603727737
1924.7000000000 2.5605274914
1924.8000000000 2.5597332493
1924.9000000000 2.5593636079
1925.0000000000 2.5591956005
1925.1000000000 2.5588387191
1925.2000000000 2.5578091237
1925.3000000000 2.5570523661
1925.4000000000 2.5574436642
1925.5000000000 2.5572765933
1925.6000000000 2.5576313613
1925.7000000000 2.5569705589
1925.8000000000 2.5567468731
1925.9000000000 2.5565190299
1926.0000000000 2.5568077156
1926.1000000000 2.5577290110
1926.2000000000 2.5574648514
1926.3000000000 2.5567949477
1926.4000000000 2.5562248420
1926.5000000000 2.5560247522
1926.6000000000 2.5556280593
1926.7000000000 2.5557581447
1926.8000000000 2.5562829437
1926.9000000000 2.5561810085
1927.0000000000 2.5567284284
1927.1000000000 2.5568955985
1927.2000000000 2.5574679974
1927.3000000000 2.5573126889
1927.4000000000 2.5572419365
1927.5000000000 2.5569726352
1927.6000000000 2.5567486932
1927.7000000000 2.5566294179
1927.8000000000 2.5565823893
1927.9000000000 2.5572727371
1928.0000000000 2.5577107571
1928.1000000000 2.5575764614
1928.2000000000 2.5579502145
1928.3000000000 2.5571491029
1928.4000000000 2.5569763057
1928.5000000000 2.5568586521
1928.6000000000 2.5570210652
1928.7000000000 2.5576741859
1928.8000000000 2.5576803146
1928.9000000000 2.5575885804
1929.0000000000 2.5576655239
1929.1000000000 2.5579885958
1929.2000000000 2.5579118686
1929.3000000000 2.5576732770
1929.4000000000 2.5579194170
1929.5000000000 2.5582567221
1929.6000000000 2.5582076750
1929.7000000000 2.5563024629
1929.8000000000 2.5567704813
1929.9000000000 2.5565204378
1930.0000000000 2.5568661921
1930.1000000000 2.5575084796
1930.2000000000 2.5572211920
1930.3000000000 2.5571356852
1930.4000000000 2.5569374446
1930.5000000000 2.5573960036
1930.6000000000 2.5577222938
1930.7000000000 2.5571578963
1930.8000000000 2.5567131423
1930.9000000000 2.5555466238
1931.0000000000 2.5560136947
1931.1000000000 2.5558330541
1931.2000000000 2.5559253402
1931.3000000000 2.5556614124
1931.4000000000 2.5568663796
1931.5000000000 2.5560861095
1931.6000000000 2.5567025369
1931.7000000000 2.5571112750
1931.8000000000 2.5574348516
1931.9000000000 2.5572919530
1932.0000000000 2.5576308212
1932.1000000000 2.5565808258
1932.2000000000 2.5576623743
1932.3000000000 2.5575286420
1932.4000000000 2.5572958726
1932.5000000000 2.5576383904
1932.6000000000 2.5575153425
1932.7000000000 2.5571987096
1932.8000000000 2.5578255090
1932.9000000000 2.5578125752
1933.0000000000 2.5581188284
1933.1000000000 2.5583621082
1933.2000000000 2.5588152396
1933.3000000000 2.5587164570
1933.4000000000 2.5594518680
1933.5000000000 2.5596060498
1933.6000000000 2.5595898867
1933.7000000000 2.5591272491
1933.8000000000 2.5588724806
1933.9000000000 2.5591731990
1934.0000000000 2.5591213640
1934.1000000000 2.5589714469
1934.2000000000 2.5587366812
1934.3000000000 2.5588240589
1934.4000000000 2.5596996042
1934.5000000000 2.5600137126
1934.6000000000 2.5604197420
1934.7000000000 2.5595897934
1934.8000000000 2.5603223423
1934.9000000000 2.5600324127
1935.0000000000 2.5606580261
1935.1000000000 2.5609270807
1935.2000000000 2.5603236904
1935.3000000000 2.5598264980
1935.4000000000 2.5597671881
1935.5000000000 2.5600121452
1935.6000000000 2.5599791335
1935.7000000000 2.5609641847
1935.8000000000 2.5610457423
1935.9000000000 2.5603514795
1936.0000000000 2.5601108387
1936.1000000000 2.5594296707
1936.2000000000 2.5594113580
1936.3000000000 2.5602330169
1936.4000000000 2.5612509205
1936.5000000000 2.5601895013
1936.6000000000 2.5600389854
1936.7000000000 2.5598283149
1936.8000000000 2.5594352200
1936.9000000000 2.5599030586
1937.0000000000 2.5601879886
1937.1000000000 2.5601936543
1937.2000000000 2.5608073005
1937.3000000000 2.5602008330
1937.4000000000 2.5601226607
1937.5000000000 2.5605688626
1937.6000000000 2.5608596476
1937.7000000000 2.5613469280
1937.8000000000 2.5617635519
1937.9000000000 2.5628025607
1938.0000000000 2.5620858451
1938.1000000000 2.5621234203
1938.2000000000 2.5616819573
1938.3000000000 2.5622131610
1938.4000000000 2.5621009195
1938.5000000000 2.5617620233
1938.6000000000 2.5626391395
1938.7000000000 2.5621583651
1938.8000000000 2.5621503950
1938.9000000000 2.5621380788
1939.0000000000 2.5628411587
1939.1000000000 2.5620383147
1939.2000000000 2.5621057573
1939.3000000000 2.5620529615
1939.4000000000 2.5622956713
1939.5000000000 2.5620689217
1939.6000000000 2.5623476019
1939.7000000000 2.5623115048
1939.8000000000 2.5627611535
1939.9000000000 2.5624983947
1940.0000000000 2.5627887023
1940.1000000000 2.5631924947
1940.2000000000 2.5636286939
1940.3000000000 2.5638271932
1940.4000000000 2.5634949974
1940.5000000000 2.5636269401
1940.6000000000 2.5638513054
1940.7000000000 2.5632007778
1940.8000000000 2.5624814508
1940.9000000000 2.5629309732
1941.0000000000 2.5626930853
1941.1000000000 2.5625396066
1941.2000000000 2.5632591283
1941.3000000000 2.5629589057
1941.4000000000 2.5631116850
1941.5000000000 2.5630346479
1941.6000000000 2.5627532945
1941.7000000000 2.5623525990
1941.8000000000 2.5625896464
1941.9000000000 2.5626689400
1942.0000000000 2.5623539980
1942.1000000000 2.5612514130
1942.2000000000 2.5622123034
1942.3000000000 2.5621639208
1942.4000000000 2.5615684517
1942.5000000000 2.5625042707
1942.6000000000 2.5625847419
1942.7000000000 2.5624527492
1942.8000000000 2.5628102897
1942.9000000000 2.5634810444
1943.0000000000 2.5623570721
1943.1000000000 2.5622446806
1943.2000000000 2.5622459743
1943.3000000000 2.5616324764
1943.4000000000 2.5619575383
1943.5000000000 2.5623181395
1943.6000000000 2.5626348564
1943.7000000000 2.5624498158
1943.8000000000 2.5630187303
1943.9000000000 2.5628418555
1944.0000000000 2.5630539510
1944.1000000000 2.5629277081
1944.2000000000 2.5625657597
1944.3000000000 2.5627459290
1944.4000000000 2.5626220269
1944.5000000000 2.5632406173
1944.6000000000 2.5626566277
1944.7000000000 2.5627608069
1944.8000000000 2.5630207338
1944.9000000000 2.5628302925
1945.0000000000 2.5638096167
1945.1000000000 2.5633386164
1945.2000000000 2.5634587785
1945.3000000000 2.5629426535
1945.4000000000 2.5635269223
1945.5000000000 2.5636892727
1945.6000000000 2.5632882823
1945.7000000000 2.5632826349
1945.8000000000 2.5639257541
1945.9000000000 2.5636520739
1946.0000000000 2.5650071549
1946.1000000000 2.5646045395
1946.2000000000 2.5650548060
1946.3000000000 2.5641888940
1946.4000000000 2.5646289652
1946.5000000000 2.5651166318
1946.6000000000 2.5646233203
1946.7000000000 2.5647385745
1946.8000000000 2.5661072993
1946.9000000000 2.5659104600
1947.0000000000 2.5650490716
1947.1000000000 2.5643670952
1947.2000000000 2.5647410799
1947.3000000000 2.5645953274
1947.4000000000 2.5646404443
1947.5000000000 2.5645093227
1947.6000000000 2.5648084792
1947.7000000000 2.5651869855
1947.8000000000 2.5650841965
1947.9000000000 2.5653039258
1948.0000000000 2.5660497560
1948.1000000000 2.5658755236
1948.2000000000 2.5663536684
1948.3000000000 2.5664338584
1948.4000000000 2.5669060257
1948.5000000000 2.5660296704
1948.6000000000 2.5663276038
1948.7000000000 2.5661412170
1948.8000000000 2.5658883589
1948.9000000000 2.5666106773
1949.0000000000 2.5667964374
1949.1000000000 2.5659781990
1949.2000000000 2.5664392414
1949.3000000000 2.5661641939
1949.4000000000 2.5660464568
1949.5000000000 2.5661647526
1949.6000000000 2.5665429012
1949.7000000000 2.5664267883
1949.8000000000 2.5661891441
1949.9000000000 2.5657883619
1950.0000000000 2.5654126757
1950.1000000000 2.5654986503
1950.2000000000 2.5652922644
1950.3000000000 2.5653820121
1950.4000000000 2.5661361420
1950.5000000000 2.5667633509
1950.6000000000 2.5668334782
1950.7000000000 2.5670274203
1950.8000000000 2.5673800618
1950.9000000000 2.5669419615
1951.0000000000 2.5673363432
1951.1000000000 2.5671730947
1951.2000000000 2.5667940488
1951.3000000000 2.5660160820
1951.4000000000 2.5660211483
1951.5000000000 2.5656560619
1951.6000000000 2.5657846012
1951.7000000000 2.5656555353
1951.8000000000 2.5657030970
1951.9000000000 2.5658874271
1952.0000000000 2.5652461654
1952.1000000000 2.5653152044
1952.2000000000 2.5652397213
1952.3000000000 2.5650967878
1952.4000000000 2.5647635776
1952.5000000000 2.5655338017
1952.6000000000 2.5648174112
1952.7000000000 2.5646720789
1952.8000000000 2.5651631860
1952.9000000000 2.5649733569
1953.0000000000 2.5653087659
1953.1000000000 2.5641819985
1953.2000000000 2.5645347175
1953.3000000000 2.5642093188
1953.4000000000 2.5638029827
1953.5000000000 2.5633026423
1953.6000000000 2.5627636722
1953.7000000000 2.5623219803
1953.8000000000 2.5618168998
1953.9000000000 2.5613853451
1954.0000000000 2.5615087000
1954.1000000000 2.5619092212
1954.2000000000 2.5618671388
1954.3000000000 2.5615246553
1954.4000000000 2.5609444411
1954.5000000000 2.5606583641
1954.6000000000 2.5594852077
1954.7000000000 2.5597831764
1954.8000000000 2.5595655104
1954.9000000000 2.5590573448
1955.0000000000 2.5595840699
1955.1000000000 2.5605842217
1955.2000000000 2.5596862202
1955.3000000000 2.5591756659
1955.4000000000 2.5592234258
1955.5000000000 2.5588536109
1955.6000000000 2.5588172217
1955.7000000000 2.5595420993
1955.8000000000 2.5592913614
1955.9000000000 2.5584151682
1956.0000000000 2.5583243577
1956.1000000000 2.5581021016
1956.2000000000 2.5580555305
1956.3000000000 2.5586622725
1956.4000000000 2.5574219902
1956.5000000000 2.5571748744
1956.6000000000 2.5578505859
1956.7000000000 2.5576826001
1956.8000000000 2.5573809329
1956.9000000000 2.5571083399
1957.0000000000 2.5569243713
1957.1000000000 2.5570166500
1957.2000000000 2.5566301562
1957.3000000000 2.5566013909
1957.4000000000 2.5568601405
1957.5000000000 2.5564247380
1957.6000000000 2.5563522928
1957.7000000000 2.5568564541
1957.8000000000 2.5569614829
1957.9000000000 2.5567134342
1958.0000000000 2.5570316265
1958.1000000000 2.5563569126
1958.2000000000 2.5565804729
1958.3000000000 2.5565559872
1958.4000000000 2.5580191300
1958.5000000000 2.5588047620
1958.6000000000 2.5575961719
1958.7000000000 2.5568099746
1958.8000000000 2.5572564084
1958.9000000000 2.5575919740
1959.0000000000 2.5578273214
1959.1000000000 2.5574663722
1959.2000000000 2.5568219330
1959.3000000000 2.5571656521
1959.4000000000 2.5566455270
1959.5000000000 2.5573473577
1959.6000000000 2.5574084552
1959.7000000000 2.5578948637
1959.8000000000 2.5579579153
1959.9000000000 2.5585326184
1960.0000000000 2.5590843643
1960.1000000000 2.5584385633
1960.2000000000 2.5587392288
1960.3000000000 2.5578810781
1960.4000000000 2.5585402641
1960.5000000000 2.5579672478
1960.6000000000 2.5577934776
1960.7000000000 2.5580152673
1960.8000000000 2.5583207971
1960.9000000000 2.5577632883
1961.0000000000 2.5570599356
1961.1000000000 2.5572845045
1961.2000000000 2.5568676684
1961.3000000000 2.5567650665
1961.4000000000 2.5571389540
1961.5000000000 2.5570255706
1961.6000000000 2.5563019084
1961.7000000000 2.5564987395
1961.8000000000 2.5561254432
1961.9000000000 2.5564981518
1962.0000000000 2.5563400153
1962.1000000000 2.5562827472
1962.2000000000 2.5566741349
1962.3000000000 2.5573255911
1962.4000000000 2.5567454754
1962.5000000000 2.5557417083
1962.6000000000 2.5566822529
1962.7000000000 2.5562096904
1962.8000000000 2.5559845353
1962.9000000000 2.5550330395
1963.0000000000 2.5545358637
1963.1000000000 2.5545595057
1963.2000000000 2.5551414994
1963.3000000000 2.5551226116
1963.4000000000 2.5550719248
1963.5000000000 2.5549908831
1963.6000000000 2.5549024203
1963.7000000000 2.5546722936
1963.8000000000 2.5551150599
1963.9000000000 2.5559116717
1964.0000000000 2.5557496701
1964.1000000000 2.5549536344
1964.2000000000 2.5549377393
1964.3000000000 2.5551941387
1964.4000000000 2.5549643296
1964.5000000000 2.5544182265
1964.6000000000 2.5538161901
1964.7000000000 2.5532548192
1964.8000000000 2.5536740136
1964.9000000000 2.5534898625
1965.0000000000 2.5530921466
1965.1000000000 2.5539507522
1965.2000000000 2.5540287228
1965.3000000000 2.5533469446
1965.4000000000 2.5529689610
1965.5000000000 2.5531311081
1965.6000000000 2.5535667354
1965.7000000000 2.5537279231
1965.8000000000 2.5540251199
1965.9000000000 2.5543275740
1966.0000000000 2.5544334722
1966.1000000000 2.5548302020
1966.2000000000 2.5548504966
1966.3000000000 2.5543946593
1966.4000000000 2.5543346304
1966.5000000000 2.5537428332
1966.6000000000 2.5535404488
1966.7000000000 2.5544685066
1966.8000000000 2.5539906781
1966.9000000000 2.5546719536
1967.0000000000 2.5539970921
1967.1000000000 2.5533885771
1967.2000000000 2.5532976476
1967.3000000000 2.5532414020
1967.4000000000 2.5536578498
1967.5000000000 2.5536907545
1967.6000000000 2.5528225618
1967.7000000000 2.5534510125
1967.8000000000 2.5531666962
1967.9000000000 2.5535045331
1968.0000000000 2.5540629562
1968.1000000000 2.5541607771
1968.2000000000 2.5536726479
1968.3000000000 2.5542667250
1968.4000000000 2.5536496211
1968.5000000000 2.5534084530
1968.6000000000 2.5534917878
1968.7000000000 2.5524838945
1968.8000000000 2.5518261945
1968.9000000000 2.5515583469
1969.0000000000 2.5520641625
1969.1000000000 2.5524757861
1969.2000000000 2.5528875223
1969.3000000000 2.5532089491
1969.4000000000 2.5528207334
1969.5000000000 2.5534151981
1969.6000000000 2.5537341527
1969.7000000000 2.5535182817
1969.8000000000 2.5534749966
1969.9000000000 2.5536956189
1970.0000000000 2.5543279598
1970.1000000000 2.5548314003
1970.2000000000 2.5550788165
1970.3000000000 2.5547385197
1970.4000000000 2.5556095283
1970.5000000000 2.5561536119
1970.6000000000 2.5562279721
1970.7000000000 2.5561551797
1970.8000000000 2.5557643400
1970.9000000000 2.5568039329
1971.0000000000 2.5564451361
1971.1000000000 2.5557264923
1971.2000000000 2.5554909048
1971.3000000000 2.5553199026
1971.4000000000 2.5547640706
1971.5000000000 2.5548960292
1971.6000000000 2.5542991874
1971.7000000000 2.5545927051
1971.8000000000 2.5535572910
1971.9000000000 2.5529390848
1972.0000000000 2.5536526901
1972.1000000000 2.5538893312
1972.2000000000 2.5535691022
1972.3000000000 2.5539190463
1972.4000000000 2.5540368905
1972.5000000000 2.5541665750
1972.6000000000 2.5539364588
1972.7000000000 2.5540534206
1972.8000000000 2.5545302211
1972.9000000000 2.5542306951
1973.0000000000 2.5550129709
1973.1000000000 2.5548604441
1973.2000000000 2.5551108439
1973.3000000000 2.5555474185
1973.4000000000 2.5544721410
1973.5000000000 2.5549487179
1973.6000000000 2.5548205866
1973.7000000000 2.5539542788
1973.8000000000 2.5540976231
1973.9000000000 2.5548607894
1974.0000000000 2.5550044816
1974.1000000000 2.5555270991
1974.2000000000 2.5549470698
1974.3000000000 2.5550072035
1974.4000000000 2.5546987824
1974.5000000000 2.5547497462
1974.6000000000 2.5552772457
1974.7000000000 2.5550024364
1974.8000000000 2.5551899349
1974.9000000000 2.5551105419
1975.0000000000 2.5545858104
1975.1000000000 2.5543646457
1975.2000000000 2.5538521229
1975.3000000000 2.5536057813
1975.4000000000 2.5535591186
1975.5000000000 2.5530923458
1975.6000000000 2.5533806021
1975.7000000000 2.5537952909
1975.8000000000 2.5535027291
1975.9000000000 2.5528020165
1976.0000000000 2.5526941505
1976.1000000000 2.5523365801
1976.2000000000 2.5521109143
1976.3000000000 2.5525909417
1976.4000000000 2.5522792724
1976.5000000000 2.5516415658
1976.6000000000 2.5514873358
1976.7000000000 2.5518620404
1976.8000000000 2.5524261882
1976.9000000000 2.5526297316
1977.0000000000 2.5527930226
1977.1000000000 2.5521032704
1977.2000000000 2.5524841241
1977.3000000000 2.5522966785
1977.4000000000 2.5521663308
1977.5000000000 2.5515805541
1977.6000000000 2.5511520560
1977.7000000000 2.5514069853
1977.8000000000 2.5515435988
1977.9000000000 2.5522399284
1978.0000000000 2.5525109847
1978.1000000000 2.5515423180
1978.2000000000 2.5513436025
1978.3000000000 2.5513251121
1978.4000000000 2.5510180631
1978.5000000000 2.5511983242
1978.6000000000 2.5515076921
1978.7000000000 2.5523311485
1978.8000000000 2.5517856158
1978.9000000000 2.5512504436
1979.0000000000 2.5517776547
1979.1000000000 2.5517989630
1979.2000000000 2.5515347937
1979.3000000000 2.5526260410
1979.4000000000 2.5526262000
1979.5000000000 2.5525555806
1979.6000000000 2.5518191691
1979.7000000000 2.5510929587
1979.8000000000 2.5503412842
1979.9000000000 2.5510367861
1980.0000000000 2.5503813768
1980.1000000000 2.5502345482
1980.2000000000 2.5508037415
1980.3000000000 2.5504702476
1980.4000000000 2.5504778655
1980.5000000000 2.5497426414
1980.6000000000 2.5498532015
1980.7000000000 2.5494270933
1980.8000000000 2.5491981912
1980.9000000000 2.5497912932
1981.0000000000 2.5496353702
1981.1000000000 2.5494110697
1981.2000000000 2.5498969720
1981.3000000000 2.5493343399
1981.4000000000 2.5500887499
1981.5000000000 2.5496003099
1981.6000000000 2.5505393880
1981.7000000000 2.5506783234
1981.8000000000 2.5503024048
1981.9000000000 2.5513394851
1982.0000000000 2.5501826817
1982.1000000000 2.5507097001
1982.2000000000 2.5513975640
1982.3000000000 2.5510503383
1982.4000000000 2.5508701159
1982.5000000000 2.5512199771
1982.6000000000 2.5508498061
1982.7000000000 2.5505655524
1982.8000000000 2.5510105894
1982.9000000000 2.5511222722
1983.0000000000 2.5512159976
1983.1000000000 2.5504808066
1983.2000000000 2.5504703120
1983.3000000000 2.5507518235
1983.4000000000 2.5504200616
1983.5000000000 2.5501018443
1983.6000000000 2.5502117273
1983.7000000000 2.5505909417
1983.8000000000 2.5511747247
1983.9000000000 2.5508250048
1984.0000000000 2.5501599716
1984.1000000000 2.5503012806
1984.2000000000 2.5502111933
1984.3000000000 2.5501911033
1984.4000000000 2.5495944689
1984.5000000000 2.5503891641
1984.6000000000 2.5497289915
1984.7000000000 2.5496119897
1984.8000000000 2.5500371801
1984.9000000000 2.5502285519
1985.0000000000 2.5497537163
1985.1000000000 2.5496698339
1985.2000000000 2.5499387772
1985.3000000000 2.5485455124
1985.4000000000 2.5482004479
1985.5000000000 2.5485407169
1985.6000000000 2.5477067808
1985.7000000000 2.5481661920
1985.8000000000 2.5482198978
1985.9000000000 2.5473170511
1986.0000000000 2.5474589828
1986.1000000000 2.5481985390
1986.2000000000 2.5479244374
1986.3000000000 2.5485600703
1986.4000000000 2.5484344773
1986.5000000000 2.5480405680
1986.6000000000 2.5479482045
1986.7000000000 2.5471019652
1986.8000000000 2.5475201889
1986.9000000000 2.5474625719
1987.0000000000 2.5482622010
1987.1000000000 2.5480265193
1987.2000000000 2.5482446393
1987.3000000000 2.5477788907
1987.4000000000 2.5475040223
1987.5000000000 2.5470868897
1987.6000000000 2.5472255265
1987.7000000000 2.5473406208
1987.8000000000 2.5473729317
1987.9000000000 2.5472019258
1988.0000000000 2.5475181834
1988.1000000000 2.5471361218
1988.2000000000 2.5471883695
1988.3000000000 2.5469784961
1988.4000000000 2.5468884698
1988.5000000000 2.5469713133
1988.6000000000 2.5470037393
1988.7000000000 2.5466130921
1988.8000000000 2.5470094906
1988.9000000000 2.5469681084
1989.0000000000 2.5476742309
1989.1000000000 2.5487081181
1989.2000000000 2.5486452117
1989.3000000000 2.5489885915
1989.4000000000 2.5501012958
1989.5000000000 2.5503596304
1989.6000000000 2.5496112296
1989.7000000000 2.5491751088
1989.8000000000 2.5498128581
1989.9000000000 2.5494152417
1990.0000000000 2.5498622242
1990.1000000000 2.5496076960
1990.2000000000 2.5492511544
1990.3000000000 2.5486449612
1990.4000000000 2.5496177040
1990.5000000000 2.5494768432
1990.6000000000 2.5490726968
1990.7000000000 2.5489278295
1990.8000000000 2.5485641217
1990.9000000000 2.5500336255
1991.0000000000 2.5508538639
1991.1000000000 2.5509479744
1991.2000000000 2.5507725707
1991.3000000000 2.5503131348
1991.4000000000 2.5504653953
1991.5000000000 2.5506299981
1991.6000000000 2.5504472039
1991.7000000000 2.5507990478
1991.8000000000 2.5505491036
1991.9000000000 2.5502514473
1992.0000000000 2.5506404953
1992.1000000000 2.5501090418
1992.2000000000 2.5504380339
1992.3000000000 2.5508096370
1992.4000000000 2.5506807794
1992.5000000000 2.5511450920
1992.6000000000 2.5506031732
1992.7000000000 2.5510663774
1992.8000000000 2.5523905937
1992.9000000000 2.5520114661
1993.0000000000 2.5512499803
1993.1000000000 2.5512291270
1993.2000000000 2.5512433254
1993.3000000000 2.5504521005
1993.4000000000 2.5506840958
1993.5000000000 2.5502138212
1993.6000000000 2.5508501123
1993.7000000000 2.5504469301
1993.8000000000 2.5500702080
1993.9000000000 2.5495112236
1994.0000000000 2.5491671246
1994.1000000000 2.5493119851
1994.2000000000 2.5484766680
1994.3000000000 2.5494874071
1994.4000000000 2.5491782432
1994.5000000000 2.5493797112
1994.6000000000 2.5490555170
1994.7000000000 2.5492474432
1994.8000000000 2.5494802009
1994.9000000000 2.5491926228
1995.0000000000 2.5496601280
1995.1000000000 2.5503580186
1995.2000000000 2.5493919554
1995.3000000000 2.5498998974
1995.4000000000 2.5505634488
1995.5000000000 2.5506913628
1995.6000000000 2.5505713501
1995.7000000000 2.5496647930
1995.8000000000 2.5492123424
1995.9000000000 2.5492432061
1996.0000000000 2.5497240629
1996.1000000000 2.5494946910
1996.2000000000 2.5502132457
1996.3000000000 2.5501341304
1996.4000000000 2.5499402377
1996.5000000000 2.5490344895
1996.6000000000 2.5488218488
1996.7000000000 2.5490045072
1996.8000000000 2.5492250882
1996.9000000000 2.5481066119
1997.0000000000 2.5485130315
1997.1000000000 2.5489288305
1997.2000000000 2.5487806214
1997.3000000000 2.5495685087
1997.4000000000 2.5491266250
1997.5000000000 2.5494389735
1997.6000000000 2.5493287942
1997.7000000000 2.5491417479
1997.8000000000 2.5492246401
1997.9000000000 2.5493391196
1998.0000000000 2.5495102431
1998.1000000000 2.5494711010
1998.2000000000 2.5498875040
1998.3000000000 2.5504149069
1998.4000000000 2.5501891852
1998.5000000000 2.5507856213
1998.6000000000 2.5505334963
1998.7000000000 2.5509599400
1998.8000000000 2.5509570315
1998.9000000000 2.5503067088
1999.0000000000 2.5508914696
1999.1000000000 2.5516465283
1999.2000000000 2.5514152276
1999.3000000000 2.5506958918
1999.4000000000 2.5515084605
1999.5000000000 2.5509995224
1999.6000000000 2.5506575517
1999.7000000000 2.5508328583
1999.8000000000 2.5504919119
1999.9000000000 2.5506213094
2000.0000000000 2.5501666040
