# alpha 1.5
# Lmin  0.01
# Lmax  1000
# c     1
# tau   1
# V1    0.1
# V2    1
# N     10000
# T_BURN    10000
# T_BEFORE  500
# OUTPUT_DT 0.1
# t F
-500.0000000000 3.6504069782
-499.9000000000 3.6501686744
-499.8000000000 3.6503341718
-499.7000000000 3.6502152784
-499.6000000000 3.6507383952
-499.5000000000 3.6522974151
-499.4000000000 3.6520803907
-499.3000000000 3.6510059947
-499.2000000000 3.6505193554
-499.1000000000 3.6502879814
-499.0000000000 3.6503191030
-498.9000000000 3.6510131293
-498.8000000000 3.6507129265
-498.7000000000 3.6510181769
-498.6000000000 3.6507187485
-498.5000000000 3.6499467442
-498.4000000000 3.6497669974
-498.3000000000 3.6497710075
-498.2000000000 3.6502618303
-498.1000000000 3.6497672307
-498.0000000000 3.6495664797
-497.9000000000 3.6505708038
-497.8000000000 3.6509033141
-497.7000000000 3.6524484163
-497.6000000000 3.6525131026
-497.5000000000 3.6521011403
-497.4000000000 3.6533440893
-497.3000000000 3.6541853362
-497.2000000000 3.6545873464
-497.1000000000 3.6529244301
-497.0000000000 3.6531113372
-496.9000000000 3.6522168957
-496.8000000000 3.6527417082
-496.7000000000 3.6521047565
-496.6000000000 3.6521890688
-496.5000000000 3.6519480239
-496.4000000000 3.6528005848
-496.3000000000 3.6519028645
-496.2000000000 3.6519315193
-496.1000000000 3.6516299609
-496.0000000000 3.6523817046
-495.9000000000 3.6522728021
-495.8000000000 3.6532680249
-495.7000000000 3.6515027246
-495.6000000000 3.6527598245
-495.5000000000 3.6513454638
-495.4000000000 3.6503554570
-495.3000000000 3.6502665975
-495.2000000000 3.6491340006
-495.1000000000 3.6476540706
-495.0000000000 3.6476490805
-494.9000000000 3.6471560385
-494.8000000000 3.6463648482
-494.7000000000 3.6460451218
-494.6000000000 3.6450385677
-494.5000000000 3.6444040847
-494.4000000000 3.6426766238
-494.3000000000 3.6441970003
-494.2000000000 3.6445683263
-494.1000000000 3.6442786604
-494.0000000000 3.6450809132
-493.9000000000 3.6441283783
-493.8000000000 3.6446186940
-493.7000000000 3.6444096627
-493.6000000000 3.6447681386
-493.5000000000 3.6471794299
-493.4000000000 3.6474565567
-493.3000000000 3.6469060770
-493.2000000000 3.6462505047
-493.1000000000 3.6462887469
-493.0000000000 3.6457802054
-492.9000000000 3.6447243101
-492.8000000000 3.6447852423
-492.7000000000 3.6448418221
-492.6000000000 3.6446612810
-492.5000000000 3.6437339534
-492.4000000000 3.6436606123
-492.3000000000 3.6438811351
-492.2000000000 3.6448875061
-492.1000000000 3.6447292343
-492.0000000000 3.6448439488
-491.9000000000 3.6453238983
-491.8000000000 3.6464513521
-491.7000000000 3.6441519257
-491.6000000000 3.6448004022
-491.5000000000 3.6434202559
-491.4000000000 3.6419858109
-491.3000000000 3.6421674922
-491.2000000000 3.6401674281
-491.1000000000 3.6420596702
-491.0000000000 3.6404238460
-490.9000000000 3.6396288166
-490.8000000000 3.6391122170
-490.7000000000 3.6393137464
-490.6000000000 3.6408682338
-490.5000000000 3.6397123573
-490.4000000000 3.6398693180
-490.3000000000 3.6409339298
-490.2000000000 3.6412610173
-490.1000000000 3.6404746282
-490.0000000000 3.6418369095
-489.9000000000 3.6415612324
-489.8000000000 3.6415390639
-489.7000000000 3.6416829539
-489.6000000000 3.6419331814
-489.5000000000 3.6424464511
-489.4000000000 3.6414013108
-489.3000000000 3.6416589884
-489.2000000000 3.6392720144
-489.1000000000 3.6383507294
-489.0000000000 3.6392544150
-488.9000000000 3.6382483692
-488.8000000000 3.6391454171
-488.7000000000 3.6401189774
-488.6000000000 3.6408288375
-488.5000000000 3.6416233721
-488.4000000000 3.6407683670
-488.3000000000 3.6409097182
-488.2000000000 3.6416015522
-488.1000000000 3.6432205029
-488.0000000000 3.6422187507
-487.9000000000 3.6422618140
-487.8000000000 3.6414243665
-487.7000000000 3.6415336888
-487.6000000000 3.6399720179
-487.5000000000 3.6415134062
-487.4000000000 3.6410243865
-487.3000000000 3.6396749237
-487.2000000000 3.6398782371
-487.1000000000 3.6400690111
-487.0000000000 3.6407184700
-486.9000000000 3.6408024417
-486.8000000000 3.6425239119
-486.7000000000 3.6414052531
-486.6000000000 3.6404154270
-486.5000000000 3.6411418372
-486.4000000000 3.6390222533
-486.3000000000 3.6394892404
-486.2000000000 3.6400170514
-486.1000000000 3.6394479154
-486.0000000000 3.6414666196
-485.9000000000 3.6426853003
-485.8000000000 3.6438433655
-485.7000000000 3.6417602038
-485.6000000000 3.6433849183
-485.5000000000 3.6438507284
-485.4000000000 3.6440624440
-485.3000000000 3.6451215631
-485.2000000000 3.6446504822
-485.1000000000 3.6444870365
-485.0000000000 3.6448178077
-484.9000000000 3.6446884184
-484.8000000000 3.6453760210
-484.7000000000 3.6466311467
-484.6000000000 3.6454509768
-484.5000000000 3.6470198849
-484.4000000000 3.6479504551
-484.3000000000 3.6485590403
-484.2000000000 3.6477763695
-484.1000000000 3.6471148074
-484.0000000000 3.6471876825
-483.9000000000 3.6481504706
-483.8000000000 3.6476231163
-483.7000000000 3.6490865027
-483.6000000000 3.6492162075
-483.5000000000 3.6499545303
-483.4000000000 3.6506850062
-483.3000000000 3.6511545800
-483.2000000000 3.6498970127
-483.1000000000 3.6491542018
-483.0000000000 3.6492714461
-482.9000000000 3.6497440126
-482.8000000000 3.6486602349
-482.7000000000 3.6494248622
-482.6000000000 3.6501343837
-482.5000000000 3.6503782115
-482.4000000000 3.6512764585
-482.3000000000 3.6516538300
-482.2000000000 3.6525129072
-482.1000000000 3.6540127706
-482.0000000000 3.6516098201
-481.9000000000 3.6513838974
-481.8000000000 3.6527385251
-481.7000000000 3.6523338790
-481.6000000000 3.6522155010
-481.5000000000 3.6529860445
-481.4000000000 3.6526634409
-481.3000000000 3.6533862439
-481.2000000000 3.6532527844
-481.1000000000 3.6527917514
-481.0000000000 3.6522270128
-480.9000000000 3.6532268544
-480.8000000000 3.6540082531
-480.7000000000 3.6555317098
-480.6000000000 3.6536750352
-480.5000000000 3.6542301241
-480.4000000000 3.6526842873
-480.3000000000 3.6519070933
-480.2000000000 3.6523919559
-480.1000000000 3.6509495332
-480.0000000000 3.6524642666
-479.9000000000 3.6528309939
-479.8000000000 3.6513046411
-479.7000000000 3.6515745696
-479.6000000000 3.6512290412
-479.5000000000 3.6518348589
-479.4000000000 3.6519450120
-479.3000000000 3.6512628213
-479.2000000000 3.6510905828
-479.1000000000 3.6502695558
-479.0000000000 3.6504999443
-478.9000000000 3.6509525373
-478.8000000000 3.6507925002
-478.7000000000 3.6497859999
-478.6000000000 3.6489910862
-478.5000000000 3.6500647485
-478.4000000000 3.6494424483
-478.3000000000 3.6505724876
-478.2000000000 3.6497510361
-478.1000000000 3.6484616346
-478.0000000000 3.6485610300
-477.9000000000 3.6461217780
-477.8000000000 3.6476361039
-477.7000000000 3.6465170281
-477.6000000000 3.6484703463
-477.5000000000 3.6483681602
-477.4000000000 3.6489289647
-477.3000000000 3.6481509375
-477.2000000000 3.6486190525
-477.1000000000 3.6492288766
-477.0000000000 3.6503314017
-476.9000000000 3.6505649305
-476.8000000000 3.6520092479
-476.7000000000 3.6512996217
-476.6000000000 3.6513752970
-476.5000000000 3.6510012136
-476.4000000000 3.6519960793
-476.3000000000 3.6518137093
-476.2000000000 3.6503114851
-476.1000000000 3.6504132162
-476.0000000000 3.6489043290
-475.9000000000 3.6484146964
-475.8000000000 3.6488256385
-475.7000000000 3.6482053335
-475.6000000000 3.6487658482
-475.5000000000 3.6499202644
-475.4000000000 3.6483546540
-475.3000000000 3.6442430687
-475.2000000000 3.6447328265
-475.1000000000 3.6449915383
-475.0000000000 3.6443218668
-474.9000000000 3.6442342887
-474.8000000000 3.6441145174
-474.7000000000 3.6416329004
-474.6000000000 3.6437271891
-474.5000000000 3.6435872959
-474.4000000000 3.6440952134
-474.3000000000 3.6441722053
-474.2000000000 3.6428876491
-474.1000000000 3.6404497352
-474.0000000000 3.6414077530
-473.9000000000 3.6408783072
-473.8000000000 3.6398683158
-473.7000000000 3.6398226264
-473.6000000000 3.6397810956
-473.5000000000 3.6399919321
-473.4000000000 3.6404488561
-473.3000000000 3.6401309126
-473.2000000000 3.6417965041
-473.1000000000 3.6426333416
-473.0000000000 3.6435828419
-472.9000000000 3.6446197619
-472.8000000000 3.6429737494
-472.7000000000 3.6435461737
-472.6000000000 3.6451435859
-472.5000000000 3.6452120276
-472.4000000000 3.6450675853
-472.3000000000 3.6455195673
-472.2000000000 3.6460797243
-472.1000000000 3.6460203331
-472.0000000000 3.6444379784
-471.9000000000 3.6460450958
-471.8000000000 3.6470747613
-471.7000000000 3.6463937031
-471.6000000000 3.6466605288
-471.5000000000 3.6466802947
-471.4000000000 3.6478167394
-471.3000000000 3.6476896277
-471.2000000000 3.6478393061
-471.1000000000 3.6466171311
-471.0000000000 3.6456800097
-470.9000000000 3.6452778117
-470.8000000000 3.6455302753
-470.7000000000 3.6456402784
-470.6000000000 3.6452153837
-470.5000000000 3.6459943944
-470.4000000000 3.6470439139
-470.3000000000 3.6474335926
-470.2000000000 3.6442371054
-470.1000000000 3.6435552091
-470.0000000000 3.6445870194
-469.9000000000 3.6464163337
-469.8000000000 3.6446889819
-469.7000000000 3.6439535577
-469.6000000000 3.6448246524
-469.5000000000 3.6441564028
-469.4000000000 3.6469215675
-469.3000000000 3.6456441106
-469.2000000000 3.6452828105
-469.1000000000 3.6469994766
-469.0000000000 3.6478523621
-468.9000000000 3.6476760953
-468.8000000000 3.6475284991
-468.7000000000 3.6476367846
-468.6000000000 3.6479232454
-468.5000000000 3.6476500900
-468.4000000000 3.6481753789
-468.3000000000 3.6489234981
-468.2000000000 3.6466980473
-468.1000000000 3.6451298690
-468.0000000000 3.6448856140
-467.9000000000 3.6455812103
-467.8000000000 3.6464561171
-467.7000000000 3.6464466516
-467.6000000000 3.6459519523
-467.5000000000 3.6460512478
-467.4000000000 3.6463627790
-467.3000000000 3.6464146326
-467.2000000000 3.6443424991
-467.1000000000 3.6460440119
-467.0000000000 3.6456116923
-466.9000000000 3.6448677216
-466.8000000000 3.6460404418
-466.7000000000 3.6468460783
-466.6000000000 3.6462440257
-466.5000000000 3.6458918556
-466.4000000000 3.6460595772
-466.3000000000 3.6438572962
-466.2000000000 3.6451507047
-466.1000000000 3.6467392385
-466.0000000000 3.6456007881
-465.9000000000 3.6451314343
-465.8000000000 3.6454313997
-465.7000000000 3.6450005572
-465.6000000000 3.6443684563
-465.5000000000 3.6458771609
-465.4000000000 3.6449807461
-465.3000000000 3.6443368253
-465.2000000000 3.6451872485
-465.1000000000 3.6446660532
-465.0000000000 3.6433318444
-464.9000000000 3.6422523216
-464.8000000000 3.6418852261
-464.7000000000 3.6424748038
-464.6000000000 3.6412320134
-464.5000000000 3.6407968041
-464.4000000000 3.6421413774
-464.3000000000 3.6418411969
-464.2000000000 3.6418698662
-464.1000000000 3.6417268176
-464.0000000000 3.6413656135
-463.9000000000 3.6394876361
-463.8000000000 3.6401631764
-463.7000000000 3.6394074185
-463.6000000000 3.6389021995
-463.5000000000 3.6384134839
-463.4000000000 3.6396537056
-463.3000000000 3.6408969673
-463.2000000000 3.6412693667
-463.1000000000 3.6418749533
-463.0000000000 3.6427648372
-462.9000000000 3.6425472821
-462.8000000000 3.6428039076
-462.7000000000 3.6420044629
-462.6000000000 3.6415171440
-462.5000000000 3.6411942300
-462.4000000000 3.6414711651
-462.3000000000 3.6422151914
-462.2000000000 3.6418596214
-462.1000000000 3.6436773231
-462.0000000000 3.6426186090
-461.9000000000 3.6419531026
-461.8000000000 3.6391650909
-461.7000000000 3.6388485969
-461.6000000000 3.6369789841
-461.5000000000 3.6349812682
-461.4000000000 3.6375215208
-461.3000000000 3.6375483158
-461.2000000000 3.6355728579
-461.1000000000 3.6356786486
-461.0000000000 3.6359065243
-460.9000000000 3.6353006787
-460.8000000000 3.6355040276
-460.7000000000 3.6358124268
-460.6000000000 3.6352740185
-460.5000000000 3.6356354298
-460.4000000000 3.6359791664
-460.3000000000 3.6365603400
-460.2000000000 3.6372749913
-460.1000000000 3.6374464414
-460.0000000000 3.6377198843
-459.9000000000 3.6378346556
-459.8000000000 3.6395008646
-459.7000000000 3.6394429253
-459.6000000000 3.6387537197
-459.5000000000 3.6396519406
-459.4000000000 3.6395455354
-459.3000000000 3.6393551520
-459.2000000000 3.6370644803
-459.1000000000 3.6378728162
-459.0000000000 3.6382450102
-458.9000000000 3.6382222455
-458.8000000000 3.6374330169
-458.7000000000 3.6378521215
-458.6000000000 3.6375855397
-458.5000000000 3.6367834240
-458.4000000000 3.6374326763
-458.3000000000 3.6369996849
-458.2000000000 3.6376262188
-458.1000000000 3.6363938584
-458.0000000000 3.6360203092
-457.9000000000 3.6371316772
-457.8000000000 3.6365823906
-457.7000000000 3.6360021513
-457.6000000000 3.6368555733
-457.5000000000 3.6374249350
-457.4000000000 3.6372973178
-457.3000000000 3.6395113361
-457.2000000000 3.6390800808
-457.1000000000 3.6385856121
-457.0000000000 3.6374557197
-456.9000000000 3.6382719049
-456.8000000000 3.6372361815
-456.7000000000 3.6351309462
-456.6000000000 3.6349151597
-456.5000000000 3.6365074487
-456.4000000000 3.6379270161
-456.3000000000 3.6387750676
-456.2000000000 3.6388260784
-456.1000000000 3.6376055616
-456.0000000000 3.6359527170
-455.9000000000 3.6354528366
-455.8000000000 3.6364197785
-455.7000000000 3.6371299833
-455.6000000000 3.6387141814
-455.5000000000 3.6363266933
-455.4000000000 3.6353380071
-455.3000000000 3.6356049570
-455.2000000000 3.6354453718
-455.1000000000 3.6342438152
-455.0000000000 3.6343941481
-454.9000000000 3.6343853727
-454.8000000000 3.6334728020
-454.7000000000 3.6333241774
-454.6000000000 3.6325194929
-454.5000000000 3.6334225708
-454.4000000000 3.6333606126
-454.3000000000 3.6329918162
-454.2000000000 3.6338365876
-454.1000000000 3.6344291985
-454.0000000000 3.6338476729
-453.9000000000 3.6352998912
-453.8000000000 3.6353522104
-453.7000000000 3.6359317120
-453.6000000000 3.6337575118
-453.5000000000 3.6317659964
-453.4000000000 3.6312957291
-453.3000000000 3.6319808918
-453.2000000000 3.6315544068
-453.1000000000 3.6316977657
-453.0000000000 3.6323970188
-452.9000000000 3.6327622478
-452.8000000000 3.6333211832
-452.7000000000 3.6332385566
-452.6000000000 3.6310652621
-452.5000000000 3.6310285325
-452.4000000000 3.6314513582
-452.3000000000 3.6329608731
-452.2000000000 3.6335970090
-452.1000000000 3.6328529992
-452.0000000000 3.6325513980
-451.9000000000 3.6329109139
-451.8000000000 3.6334411822
-451.7000000000 3.6339111283
-451.6000000000 3.6314228902
-451.5000000000 3.6318563037
-451.4000000000 3.6324218659
-451.3000000000 3.6323800071
-451.2000000000 3.6322543245
-451.1000000000 3.6335038827
-451.0000000000 3.6346410925
-450.9000000000 3.6355647213
-450.8000000000 3.6355910654
-450.7000000000 3.6355555662
-450.6000000000 3.6336219488
-450.5000000000 3.6346627858
-450.4000000000 3.6361370779
-450.3000000000 3.6353688933
-450.2000000000 3.6349781489
-450.1000000000 3.6356491516
-450.0000000000 3.6364156125
-449.9000000000 3.6365006370
-449.8000000000 3.6353579915
-449.7000000000 3.6350832475
-449.6000000000 3.6350865007
-449.5000000000 3.6346210379
-449.4000000000 3.6364513566
-449.3000000000 3.6370958390
-449.2000000000 3.6370347457
-449.1000000000 3.6362928330
-449.0000000000 3.6362260685
-448.9000000000 3.6366389123
-448.8000000000 3.6370549330
-448.7000000000 3.6369781483
-448.6000000000 3.6368502517
-448.5000000000 3.6370295672
-448.4000000000 3.6372501092
-448.3000000000 3.6379783235
-448.2000000000 3.6393870177
-448.1000000000 3.6392873196
-448.0000000000 3.6391928450
-447.9000000000 3.6396893798
-447.8000000000 3.6378260243
-447.7000000000 3.6378258440
-447.6000000000 3.6373693068
-447.5000000000 3.6380792886
-447.4000000000 3.6397228441
-447.3000000000 3.6396798054
-447.2000000000 3.6402052495
-447.1000000000 3.6398633618
-447.0000000000 3.6397861579
-446.9000000000 3.6394458648
-446.8000000000 3.6370963375
-446.7000000000 3.6358533836
-446.6000000000 3.6365506117
-446.5000000000 3.6368167521
-446.4000000000 3.6373705198
-446.3000000000 3.6371708891
-446.2000000000 3.6367183489
-446.1000000000 3.6373575881
-446.0000000000 3.6352601318
-445.9000000000 3.6345226823
-445.8000000000 3.6330757066
-445.7000000000 3.6332295002
-445.6000000000 3.6334059195
-445.5000000000 3.6319277704
-445.4000000000 3.6332833192
-445.3000000000 3.6325082368
-445.2000000000 3.6334814459
-445.1000000000 3.6351915895
-445.0000000000 3.6355163954
-444.9000000000 3.6346718207
-444.8000000000 3.6346898339
-444.7000000000 3.6337336759
-444.6000000000 3.6350260580
-444.5000000000 3.6351789678
-444.4000000000 3.6347109437
-444.3000000000 3.6349042110
-444.2000000000 3.6358707449
-444.1000000000 3.6349733800
-444.0000000000 3.6352161946
-443.9000000000 3.6359052604
-443.8000000000 3.6340288397
-443.7000000000 3.6330365200
-443.6000000000 3.6329958396
-443.5000000000 3.6320908653
-443.4000000000 3.6319426821
-443.3000000000 3.6304319835
-443.2000000000 3.6284957303
-443.1000000000 3.6272417733
-443.0000000000 3.6251001956
-442.9000000000 3.6263423046
-442.8000000000 3.6221498309
-442.7000000000 3.6227739160
-442.6000000000 3.6237357045
-442.5000000000 3.6247892912
-442.4000000000 3.6217904537
-442.3000000000 3.6221675617
-442.2000000000 3.6212255746
-442.1000000000 3.6212581894
-442.0000000000 3.6224611041
-441.9000000000 3.6227468800
-441.8000000000 3.6229663332
-441.7000000000 3.6242435296
-441.6000000000 3.6248169747
-441.5000000000 3.6239912551
-441.4000000000 3.6231746090
-441.3000000000 3.6232491348
-441.2000000000 3.6255976195
-441.1000000000 3.6260952555
-441.0000000000 3.6252264443
-440.9000000000 3.6274650018
-440.8000000000 3.6273564729
-440.7000000000 3.6276751532
-440.6000000000 3.6254101828
-440.5000000000 3.6262086479
-440.4000000000 3.6258149322
-440.3000000000 3.6241202995
-440.2000000000 3.6254949873
-440.1000000000 3.6262422070
-440.0000000000 3.6251834727
-439.9000000000 3.6233666097
-439.8000000000 3.6235321529
-439.7000000000 3.6220541004
-439.6000000000 3.6224060676
-439.5000000000 3.6234690234
-439.4000000000 3.6246856752
-439.3000000000 3.6248046937
-439.2000000000 3.6261416252
-439.1000000000 3.6271730905
-439.0000000000 3.6290535163
-438.9000000000 3.6295709786
-438.8000000000 3.6296918131
-438.7000000000 3.6305085071
-438.6000000000 3.6297538926
-438.5000000000 3.6304190989
-438.4000000000 3.6305499545
-438.3000000000 3.6318156779
-438.2000000000 3.6315484957
-438.1000000000 3.6321218221
-438.0000000000 3.6303457251
-437.9000000000 3.6318038042
-437.8000000000 3.6320459650
-437.7000000000 3.6309529667
-437.6000000000 3.6319728374
-437.5000000000 3.6318361365
-437.4000000000 3.6329453248
-437.3000000000 3.6332337405
-437.2000000000 3.6341139151
-437.1000000000 3.6349264332
-437.0000000000 3.6342698553
-436.9000000000 3.6347346451
-436.8000000000 3.6345125520
-436.7000000000 3.6363648080
-436.6000000000 3.6364314280
-436.5000000000 3.6377543631
-436.4000000000 3.6364339626
-436.3000000000 3.6369420534
-436.2000000000 3.6358186359
-436.1000000000 3.6363836613
-436.0000000000 3.6354632636
-435.9000000000 3.6367206452
-435.8000000000 3.6344394345
-435.7000000000 3.6341497985
-435.6000000000 3.6325808719
-435.5000000000 3.6328480288
-435.4000000000 3.6351514779
-435.3000000000 3.6350896024
-435.2000000000 3.6351920365
-435.1000000000 3.6351651380
-435.0000000000 3.6364144585
-434.9000000000 3.6343573753
-434.8000000000 3.6345372193
-434.7000000000 3.6354735689
-434.6000000000 3.6338230367
-434.5000000000 3.6336482923
-434.4000000000 3.6325050061
-434.3000000000 3.6332978449
-434.2000000000 3.6332729844
-434.1000000000 3.6346498075
-434.0000000000 3.6363555367
-433.9000000000 3.6354751203
-433.8000000000 3.6365766231
-433.7000000000 3.6359323459
-433.6000000000 3.6372750071
-433.5000000000 3.6368307010
-433.4000000000 3.6360452181
-433.3000000000 3.6348883060
-433.2000000000 3.6349576147
-433.1000000000 3.6363063127
-433.0000000000 3.6364750883
-432.9000000000 3.6391620829
-432.8000000000 3.6386462214
-432.7000000000 3.6401247908
-432.6000000000 3.6406366249
-432.5000000000 3.6381037446
-432.4000000000 3.6372216927
-432.3000000000 3.6374817370
-432.2000000000 3.6372513077
-432.1000000000 3.6349779961
-432.0000000000 3.6359367726
-431.9000000000 3.6342875840
-431.8000000000 3.6366001087
-431.7000000000 3.6379155953
-431.6000000000 3.6375679982
-431.5000000000 3.6369262074
-431.4000000000 3.6367658564
-431.3000000000 3.6371937388
-431.2000000000 3.6370342355
-431.1000000000 3.6369537697
-431.0000000000 3.6373166844
-430.9000000000 3.6368256547
-430.8000000000 3.6351025843
-430.7000000000 3.6351881532
-430.6000000000 3.6359801841
-430.5000000000 3.6372430353
-430.4000000000 3.6380843805
-430.3000000000 3.6380917228
-430.2000000000 3.6376911556
-430.1000000000 3.6379892506
-430.0000000000 3.6381210139
-429.9000000000 3.6369261809
-429.8000000000 3.6373004599
-429.7000000000 3.6379877040
-429.6000000000 3.6380086886
-429.5000000000 3.6380832092
-429.4000000000 3.6378842834
-429.3000000000 3.6354079788
-429.2000000000 3.6363788887
-429.1000000000 3.6352366394
-429.0000000000 3.6346846639
-428.9000000000 3.6340669541
-428.8000000000 3.6342700344
-428.7000000000 3.6346244927
-428.6000000000 3.6321603467
-428.5000000000 3.6339375520
-428.4000000000 3.6352023132
-428.3000000000 3.6345965087
-428.2000000000 3.6363576945
-428.1000000000 3.6372373410
-428.0000000000 3.6348448818
-427.9000000000 3.6359032160
-427.8000000000 3.6353401000
-427.7000000000 3.6373381521
-427.6000000000 3.6355177260
-427.5000000000 3.6359695511
-427.4000000000 3.6364099532
-427.3000000000 3.6353337815
-427.2000000000 3.6341232649
-427.1000000000 3.6328142846
-427.0000000000 3.6362027852
-426.9000000000 3.6376886482
-426.8000000000 3.6368381708
-426.7000000000 3.6370237611
-426.6000000000 3.6374514172
-426.5000000000 3.6376074357
-426.4000000000 3.6389201344
-426.3000000000 3.6378160937
-426.2000000000 3.6377062878
-426.1000000000 3.6376725458
-426.0000000000 3.6364239242
-425.9000000000 3.6376944328
-425.8000000000 3.6379659345
-425.7000000000 3.6379108732
-425.6000000000 3.6377143321
-425.5000000000 3.6379099316
-425.4000000000 3.6380269891
-425.3000000000 3.6378939210
-425.2000000000 3.6386822962
-425.1000000000 3.6392719046
-425.0000000000 3.6396108436
-424.9000000000 3.6387718334
-424.8000000000 3.6388305322
-424.7000000000 3.6375482035
-424.6000000000 3.6364889889
-424.5000000000 3.6370912927
-424.4000000000 3.6368321722
-424.3000000000 3.6378941576
-424.2000000000 3.6377741103
-424.1000000000 3.6358989663
-424.0000000000 3.6359120812
-423.9000000000 3.6355013722
-423.8000000000 3.6357087110
-423.7000000000 3.6356277034
-423.6000000000 3.6344486348
-423.5000000000 3.6353413193
-423.4000000000 3.6342755419
-423.3000000000 3.6346918188
-423.2000000000 3.6368367642
-423.1000000000 3.6362048384
-423.0000000000 3.6353720790
-422.9000000000 3.6351978406
-422.8000000000 3.6359090199
-422.7000000000 3.6368344877
-422.6000000000 3.6367651616
-422.5000000000 3.6369268132
-422.4000000000 3.6387236211
-422.3000000000 3.6389478691
-422.2000000000 3.6396495708
-422.1000000000 3.6398083209
-422.0000000000 3.6408791353
-421.9000000000 3.6386392986
-421.8000000000 3.6351434037
-421.7000000000 3.6352062908
-421.6000000000 3.6366095251
-421.5000000000 3.6342567849
-421.4000000000 3.6340484243
-421.3000000000 3.6345522506
-421.2000000000 3.6345657570
-421.1000000000 3.6352622534
-421.0000000000 3.6352393467
-420.9000000000 3.6335036791
-420.8000000000 3.6346699239
-420.7000000000 3.6336566536
-420.6000000000 3.6322105939
-420.5000000000 3.6304945858
-420.4000000000 3.6310498872
-420.3000000000 3.6299912671
-420.2000000000 3.6287650791
-420.1000000000 3.6288522220
-420.0000000000 3.6288591616
-419.9000000000 3.6289684158
-419.8000000000 3.6304839395
-419.7000000000 3.6296454017
-419.6000000000 3.6317851885
-419.5000000000 3.6307544623
-419.4000000000 3.6304352438
-419.3000000000 3.6283813996
-419.2000000000 3.6280715000
-419.1000000000 3.6294921941
-419.0000000000 3.6291229219
-418.9000000000 3.6293495815
-418.8000000000 3.6305572183
-418.7000000000 3.6302700443
-418.6000000000 3.6308333542
-418.5000000000 3.6325257508
-418.4000000000 3.6304179466
-418.3000000000 3.6303726407
-418.2000000000 3.6325939665
-418.1000000000 3.6323433977
-418.0000000000 3.6339353988
-417.9000000000 3.6328119087
-417.8000000000 3.6342317920
-417.7000000000 3.6332174648
-417.6000000000 3.6337227951
-417.5000000000 3.6345418700
-417.4000000000 3.6344206501
-417.3000000000 3.6336659651
-417.2000000000 3.6340309405
-417.1000000000 3.6352733808
-417.0000000000 3.6358657700
-416.9000000000 3.6351755393
-416.8000000000 3.6348714485
-416.7000000000 3.6348956038
-416.6000000000 3.6363327931
-416.5000000000 3.6363306652
-416.4000000000 3.6348586791
-416.3000000000 3.6337461052
-416.2000000000 3.6348743772
-416.1000000000 3.6348164311
-416.0000000000 3.6368860146
-415.9000000000 3.6373247188
-415.8000000000 3.6356867233
-415.7000000000 3.6345385873
-415.6000000000 3.6358487133
-415.5000000000 3.6371461625
-415.4000000000 3.6368048830
-415.3000000000 3.6371049891
-415.2000000000 3.6351566635
-415.1000000000 3.6365416979
-415.0000000000 3.6366535495
-414.9000000000 3.6365641279
-414.8000000000 3.6355313161
-414.7000000000 3.6360244929
-414.6000000000 3.6356884216
-414.5000000000 3.6344558426
-414.4000000000 3.6359913134
-414.3000000000 3.6367701607
-414.2000000000 3.6376753637
-414.1000000000 3.6374129473
-414.0000000000 3.6368597186
-413.9000000000 3.6370788092
-413.8000000000 3.6381522571
-413.7000000000 3.6381031978
-413.6000000000 3.6382446877
-413.5000000000 3.6377422167
-413.4000000000 3.6384325382
-413.3000000000 3.6384044776
-413.2000000000 3.6376200844
-413.1000000000 3.6370353363
-413.0000000000 3.6369319191
-412.9000000000 3.6381142792
-412.8000000000 3.6387803235
-412.7000000000 3.6385490514
-412.6000000000 3.6381144233
-412.5000000000 3.6378781466
-412.4000000000 3.6368856212
-412.3000000000 3.6359251325
-412.2000000000 3.6371149988
-412.1000000000 3.6374791277
-412.0000000000 3.6388679613
-411.9000000000 3.6383678978
-411.8000000000 3.6386388400
-411.7000000000 3.6388420967
-411.6000000000 3.6389372780
-411.5000000000 3.6403251382
-411.4000000000 3.6404307003
-411.3000000000 3.6406342048
-411.2000000000 3.6396721297
-411.1000000000 3.6385238975
-411.0000000000 3.6387152929
-410.9000000000 3.6376542833
-410.8000000000 3.6380536781
-410.7000000000 3.6384239948
-410.6000000000 3.6372143895
-410.5000000000 3.6376362902
-410.4000000000 3.6352953085
-410.3000000000 3.6335621105
-410.2000000000 3.6345342059
-410.1000000000 3.6351958273
-410.0000000000 3.6372713965
-409.9000000000 3.6363355218
-409.8000000000 3.6358532142
-409.7000000000 3.6352249565
-409.6000000000 3.6350647000
-409.5000000000 3.6354699743
-409.4000000000 3.6351302811
-409.3000000000 3.6348497202
-409.2000000000 3.6348199869
-409.1000000000 3.6358429989
-409.0000000000 3.6349628364
-408.9000000000 3.6334780823
-408.8000000000 3.6347927906
-408.7000000000 3.6338306882
-408.6000000000 3.6317716343
-408.5000000000 3.6316942366
-408.4000000000 3.6321744610
-408.3000000000 3.6331504833
-408.2000000000 3.6343062614
-408.1000000000 3.6348091557
-408.0000000000 3.6338528233
-407.9000000000 3.6346409925
-407.8000000000 3.6323810641
-407.7000000000 3.6333942188
-407.6000000000 3.6344971565
-407.5000000000 3.6354272309
-407.4000000000 3.6365238829
-407.3000000000 3.6353747920
-407.2000000000 3.6348740690
-407.1000000000 3.6354400507
-407.0000000000 3.6356528217
-406.9000000000 3.6343542491
-406.8000000000 3.6329296878
-406.7000000000 3.6345056125
-406.6000000000 3.6341862347
-406.5000000000 3.6353925802
-406.4000000000 3.6359696761
-406.3000000000 3.6359592152
-406.2000000000 3.6360521693
-406.1000000000 3.6350967890
-406.0000000000 3.6355746135
-405.9000000000 3.6368469356
-405.8000000000 3.6372027330
-405.7000000000 3.6366212715
-405.6000000000 3.6363158090
-405.5000000000 3.6373640854
-405.4000000000 3.6376039672
-405.3000000000 3.6377008999
-405.2000000000 3.6355399328
-405.1000000000 3.6354299650
-405.0000000000 3.6349786727
-404.9000000000 3.6343523353
-404.8000000000 3.6345351737
-404.7000000000 3.6348546435
-404.6000000000 3.6339697682
-404.5000000000 3.6348021571
-404.4000000000 3.6343112190
-404.3000000000 3.6347907531
-404.2000000000 3.6341479994
-404.1000000000 3.6331607229
-404.0000000000 3.6327393631
-403.9000000000 3.6330496480
-403.8000000000 3.6341538194
-403.7000000000 3.6334858407
-403.6000000000 3.6338954050
-403.5000000000 3.6337676415
-403.4000000000 3.6338838296
-403.3000000000 3.6344988676
-403.2000000000 3.6349435163
-403.1000000000 3.6333153323
-403.0000000000 3.6330002364
-402.9000000000 3.6326002945
-402.8000000000 3.6333760495
-402.7000000000 3.6355531619
-402.6000000000 3.6356472917
-402.5000000000 3.6360060453
-402.4000000000 3.6352296351
-402.3000000000 3.6349166881
-402.2000000000 3.6361072514
-402.1000000000 3.6368189500
-402.0000000000 3.6363362086
-401.9000000000 3.6369952929
-401.8000000000 3.6367028491
-401.7000000000 3.6354670357
-401.6000000000 3.6362532070
-401.5000000000 3.6348101975
-401.4000000000 3.6369237596
-401.3000000000 3.6372126213
-401.2000000000 3.6353805413
-401.1000000000 3.6328371552
-401.0000000000 3.6334835955
-400.9000000000 3.6330863289
-400.8000000000 3.6346330997
-400.7000000000 3.6350510858
-400.6000000000 3.6340615117
-400.5000000000 3.6344854877
-400.4000000000 3.6349999495
-400.3000000000 3.6363436571
-400.2000000000 3.6369595817
-400.1000000000 3.6366389915
-400.0000000000 3.6364083823
-399.9000000000 3.6375895605
-399.8000000000 3.6363597935
-399.7000000000 3.6377200806
-399.6000000000 3.6362391721
-399.5000000000 3.6348324711
-399.4000000000 3.6354325429
-399.3000000000 3.6362977000
-399.2000000000 3.6356182097
-399.1000000000 3.6358326441
-399.0000000000 3.6351766869
-398.9000000000 3.6360993506
-398.8000000000 3.6367094143
-398.7000000000 3.6362177490
-398.6000000000 3.6370396529
-398.5000000000 3.6376593507
-398.4000000000 3.6386377053
-398.3000000000 3.6377958642
-398.2000000000 3.6386259400
-398.1000000000 3.6383711545
-398.0000000000 3.6390337104
-397.9000000000 3.6394190979
-397.8000000000 3.6397668991
-397.7000000000 3.6406271368
-397.6000000000 3.6417237682
-397.5000000000 3.6425874488
-397.4000000000 3.6418535732
-397.3000000000 3.6422942431
-397.2000000000 3.6406421462
-397.1000000000 3.6382911055
-397.0000000000 3.6383008050
-396.9000000000 3.6394463744
-396.8000000000 3.6390741839
-396.7000000000 3.6393631740
-396.6000000000 3.6408310549
-396.5000000000 3.6396640868
-396.4000000000 3.6394719891
-396.3000000000 3.6390698618
-396.2000000000 3.6391565377
-396.1000000000 3.6384340911
-396.0000000000 3.6387486519
-395.9000000000 3.6380524107
-395.8000000000 3.6376373376
-395.7000000000 3.6394123188
-395.6000000000 3.6392202756
-395.5000000000 3.6399763261
-395.4000000000 3.6399926500
-395.3000000000 3.6409904104
-395.2000000000 3.6404335335
-395.1000000000 3.6395192597
-395.0000000000 3.6409791571
-394.9000000000 3.6412936235
-394.8000000000 3.6413185629
-394.7000000000 3.6396967838
-394.6000000000 3.6401875882
-394.5000000000 3.6418228456
-394.4000000000 3.6415837509
-394.3000000000 3.6399364081
-394.2000000000 3.6401053553
-394.1000000000 3.6409804299
-394.0000000000 3.6387456095
-393.9000000000 3.6397320379
-393.8000000000 3.6405620787
-393.7000000000 3.6388830733
-393.6000000000 3.6407809433
-393.5000000000 3.6407824459
-393.4000000000 3.6392387954
-393.3000000000 3.6384196156
-393.2000000000 3.6382543418
-393.1000000000 3.6382932174
-393.0000000000 3.6371246665
-392.9000000000 3.6354639410
-392.8000000000 3.6374045833
-392.7000000000 3.6369993471
-392.6000000000 3.6375484992
-392.5000000000 3.6389788054
-392.4000000000 3.6388950533
-392.3000000000 3.6387471308
-392.2000000000 3.6368920115
-392.1000000000 3.6379099030
-392.0000000000 3.6374332681
-391.9000000000 3.6383235788
-391.8000000000 3.6390026945
-391.7000000000 3.6395611458
-391.6000000000 3.6389858744
-391.5000000000 3.6398746375
-391.4000000000 3.6407191365
-391.3000000000 3.6415024249
-391.2000000000 3.6411783180
-391.1000000000 3.6401527847
-391.0000000000 3.6412965492
-390.9000000000 3.6426548726
-390.8000000000 3.6419094849
-390.7000000000 3.6399935140
-390.6000000000 3.6388007021
-390.5000000000 3.6370337634
-390.4000000000 3.6375584174
-390.3000000000 3.6381113466
-390.2000000000 3.6395111805
-390.1000000000 3.6385364078
-390.0000000000 3.6400508819
-389.9000000000 3.6373801447
-389.8000000000 3.6380417538
-389.7000000000 3.6396964819
-389.6000000000 3.6378161915
-389.5000000000 3.6372901170
-389.4000000000 3.6379411638
-389.3000000000 3.6369138090
-389.2000000000 3.6361654201
-389.1000000000 3.6340825212
-389.0000000000 3.6319923144
-388.9000000000 3.6334387560
-388.8000000000 3.6344028248
-388.7000000000 3.6335845124
-388.6000000000 3.6333089588
-388.5000000000 3.6348180655
-388.4000000000 3.6354747978
-388.3000000000 3.6364905684
-388.2000000000 3.6352831257
-388.1000000000 3.6346879288
-388.0000000000 3.6352180431
-387.9000000000 3.6369195792
-387.8000000000 3.6369059508
-387.7000000000 3.6375355501
-387.6000000000 3.6365834207
-387.5000000000 3.6378419881
-387.4000000000 3.6378193995
-387.3000000000 3.6380281955
-387.2000000000 3.6361532255
-387.1000000000 3.6372391481
-387.0000000000 3.6367981433
-386.9000000000 3.6377742847
-386.8000000000 3.6372285956
-386.7000000000 3.6358973617
-386.6000000000 3.6371812632
-386.5000000000 3.6378726208
-386.4000000000 3.6358681929
-386.3000000000 3.6358798721
-386.2000000000 3.6357202744
-386.1000000000 3.6361470418
-386.0000000000 3.6363393204
-385.9000000000 3.6365534966
-385.8000000000 3.6357796363
-385.7000000000 3.6363577828
-385.6000000000 3.6369948294
-385.5000000000 3.6377487469
-385.4000000000 3.6386955202
-385.3000000000 3.6378404937
-385.2000000000 3.6376876707
-385.1000000000 3.6374681647
-385.0000000000 3.6357219198
-384.9000000000 3.6360490154
-384.8000000000 3.6374626301
-384.7000000000 3.6374452935
-384.6000000000 3.6372763439
-384.5000000000 3.6365054536
-384.4000000000 3.6366490932
-384.3000000000 3.6372125099
-384.2000000000 3.6386793171
-384.1000000000 3.6385389870
-384.0000000000 3.6380829884
-383.9000000000 3.6388712764
-383.8000000000 3.6410687548
-383.7000000000 3.6407952205
-383.6000000000 3.6394750255
-383.5000000000 3.6393676099
-383.4000000000 3.6386935098
-383.3000000000 3.6385484096
-383.2000000000 3.6384213321
-383.1000000000 3.6393624536
-383.0000000000 3.6394190668
-382.9000000000 3.6388145541
-382.8000000000 3.6400094605
-382.7000000000 3.6403930354
-382.6000000000 3.6408836395
-382.5000000000 3.6402462557
-382.4000000000 3.6382909462
-382.3000000000 3.6398534554
-382.2000000000 3.6368510573
-382.1000000000 3.6381424772
-382.0000000000 3.6394068201
-381.9000000000 3.6389027949
-381.8000000000 3.6399583661
-381.7000000000 3.6390218443
-381.6000000000 3.6391176684
-381.5000000000 3.6384333425
-381.4000000000 3.6395847501
-381.3000000000 3.6390663117
-381.2000000000 3.6390608838
-381.1000000000 3.6402830704
-381.0000000000 3.6401886067
-380.9000000000 3.6395939431
-380.8000000000 3.6398208152
-380.7000000000 3.6391575916
-380.6000000000 3.6386966442
-380.5000000000 3.6403685988
-380.4000000000 3.6404205970
-380.3000000000 3.6405698804
-380.2000000000 3.6396204873
-380.1000000000 3.6398006152
-380.0000000000 3.6394060533
-379.9000000000 3.6398219792
-379.8000000000 3.6401389651
-379.7000000000 3.6413348482
-379.6000000000 3.6417140842
-379.5000000000 3.6412494567
-379.4000000000 3.6409751736
-379.3000000000 3.6420149334
-379.2000000000 3.6440470819
-379.1000000000 3.6452173966
-379.0000000000 3.6447293742
-378.9000000000 3.6427167964
-378.8000000000 3.6423683746
-378.7000000000 3.6417791682
-378.6000000000 3.6417046128
-378.5000000000 3.6405107872
-378.4000000000 3.6387145166
-378.3000000000 3.6394305666
-378.2000000000 3.6401794034
-378.1000000000 3.6413877458
-378.0000000000 3.6407660219
-377.9000000000 3.6387588975
-377.8000000000 3.6372984651
-377.7000000000 3.6386058755
-377.6000000000 3.6388371481
-377.5000000000 3.6376104994
-377.4000000000 3.6374648946
-377.3000000000 3.6367245198
-377.2000000000 3.6378922951
-377.1000000000 3.6368282899
-377.0000000000 3.6369222352
-376.9000000000 3.6358033406
-376.8000000000 3.6382790370
-376.7000000000 3.6381629280
-376.6000000000 3.6381174062
-376.5000000000 3.6386073812
-376.4000000000 3.6375283851
-376.3000000000 3.6393991445
-376.2000000000 3.6412726153
-376.1000000000 3.6414853796
-376.0000000000 3.6420378215
-375.9000000000 3.6424976879
-375.8000000000 3.6432820615
-375.7000000000 3.6431195347
-375.6000000000 3.6448989790
-375.5000000000 3.6450555756
-375.4000000000 3.6454257598
-375.3000000000 3.6453738957
-375.2000000000 3.6463112556
-375.1000000000 3.6463103629
-375.0000000000 3.6437124921
-374.9000000000 3.6435387632
-374.8000000000 3.6456193397
-374.7000000000 3.6453779588
-374.6000000000 3.6439404680
-374.5000000000 3.6432288880
-374.4000000000 3.6424026287
-374.3000000000 3.6434188276
-374.2000000000 3.6425341363
-374.1000000000 3.6420960140
-374.0000000000 3.6422021390
-373.9000000000 3.6422973470
-373.8000000000 3.6420342699
-373.7000000000 3.6415871561
-373.6000000000 3.6397253353
-373.5000000000 3.6380783675
-373.4000000000 3.6389916606
-373.3000000000 3.6395178385
-373.2000000000 3.6394724605
-373.1000000000 3.6391879277
-373.0000000000 3.6395230468
-372.9000000000 3.6396601243
-372.8000000000 3.6396764794
-372.7000000000 3.6388481762
-372.6000000000 3.6375261007
-372.5000000000 3.6387469970
-372.4000000000 3.6369879841
-372.3000000000 3.6367981592
-372.2000000000 3.6352760709
-372.1000000000 3.6354754027
-372.0000000000 3.6358986591
-371.9000000000 3.6360493410
-371.8000000000 3.6341054461
-371.7000000000 3.6343770846
-371.6000000000 3.6343887977
-371.5000000000 3.6336184750
-371.4000000000 3.6338438612
-371.3000000000 3.6332661816
-371.2000000000 3.6349062229
-371.1000000000 3.6352667105
-371.0000000000 3.6343132088
-370.9000000000 3.6340452497
-370.8000000000 3.6343310659
-370.7000000000 3.6343251763
-370.6000000000 3.6337686965
-370.5000000000 3.6332488793
-370.4000000000 3.6332709848
-370.3000000000 3.6342735108
-370.2000000000 3.6350170771
-370.1000000000 3.6342059782
-370.0000000000 3.6360579375
-369.9000000000 3.6364433295
-369.8000000000 3.6359185137
-369.7000000000 3.6351854609
-369.6000000000 3.6351380434
-369.5000000000 3.6359476134
-369.4000000000 3.6353655976
-369.3000000000 3.6349991321
-369.2000000000 3.6369983404
-369.1000000000 3.6353611777
-369.0000000000 3.6356941601
-368.9000000000 3.6355175519
-368.8000000000 3.6359029601
-368.7000000000 3.6368617532
-368.6000000000 3.6355889963
-368.5000000000 3.6338918661
-368.4000000000 3.6335129849
-368.3000000000 3.6339699348
-368.2000000000 3.6334933091
-368.1000000000 3.6333744090
-368.0000000000 3.6322658096
-367.9000000000 3.6318174517
-367.8000000000 3.6312313674
-367.7000000000 3.6303195713
-367.6000000000 3.6303586283
-367.5000000000 3.6324464965
-367.4000000000 3.6325235864
-367.3000000000 3.6308785204
-367.2000000000 3.6321377257
-367.1000000000 3.6326651786
-367.0000000000 3.6327678393
-366.9000000000 3.6331273192
-366.8000000000 3.6326823680
-366.7000000000 3.6327151248
-366.6000000000 3.6297094429
-366.5000000000 3.6301237333
-366.4000000000 3.6296543350
-366.3000000000 3.6294455304
-366.2000000000 3.6293617616
-366.1000000000 3.6297127505
-366.0000000000 3.6283175639
-365.9000000000 3.6274727841
-365.8000000000 3.6273112104
-365.7000000000 3.6285556730
-365.6000000000 3.6285408107
-365.5000000000 3.6294553245
-365.4000000000 3.6293969533
-365.3000000000 3.6296330003
-365.2000000000 3.6290534448
-365.1000000000 3.6285017987
-365.0000000000 3.6275856572
-364.9000000000 3.6276332634
-364.8000000000 3.6273422855
-364.7000000000 3.6289275301
-364.6000000000 3.6292284469
-364.5000000000 3.6285837215
-364.4000000000 3.6293829285
-364.3000000000 3.6295580023
-364.2000000000 3.6296662695
-364.1000000000 3.6274833256
-364.0000000000 3.6281397372
-363.9000000000 3.6275130659
-363.8000000000 3.6242379234
-363.7000000000 3.6243648489
-363.6000000000 3.6236078565
-363.5000000000 3.6213148513
-363.4000000000 3.6215114022
-363.3000000000 3.6216546598
-363.2000000000 3.6215704373
-363.1000000000 3.6207906974
-363.0000000000 3.6208803695
-362.9000000000 3.6216464701
-362.8000000000 3.6205107711
-362.7000000000 3.6212814023
-362.6000000000 3.6206914174
-362.5000000000 3.6208425791
-362.4000000000 3.6202692228
-362.3000000000 3.6197876039
-362.2000000000 3.6227721059
-362.1000000000 3.6217649032
-362.0000000000 3.6206123125
-361.9000000000 3.6212214347
-361.8000000000 3.6228509634
-361.7000000000 3.6224444788
-361.6000000000 3.6211697996
-361.5000000000 3.6198119353
-361.4000000000 3.6207727828
-361.3000000000 3.6186425590
-361.2000000000 3.6190763770
-361.1000000000 3.6191012444
-361.0000000000 3.6184756961
-360.9000000000 3.6190400809
-360.8000000000 3.6211959276
-360.7000000000 3.6224321216
-360.6000000000 3.6229685979
-360.5000000000 3.6231557786
-360.4000000000 3.6239658874
-360.3000000000 3.6246773973
-360.2000000000 3.6222088509
-360.1000000000 3.6231059487
-360.0000000000 3.6232276545
-359.9000000000 3.6253735487
-359.8000000000 3.6259970988
-359.7000000000 3.6249917256
-359.6000000000 3.6248615248
-359.5000000000 3.6239235955
-359.4000000000 3.6248606091
-359.3000000000 3.6243010425
-359.2000000000 3.6245877045
-359.1000000000 3.6253655951
-359.0000000000 3.6245052234
-358.9000000000 3.6234226119
-358.8000000000 3.6236674331
-358.7000000000 3.6241813484
-358.6000000000 3.6235515408
-358.5000000000 3.6233004293
-358.4000000000 3.6240749937
-358.3000000000 3.6239736294
-358.2000000000 3.6231766567
-358.1000000000 3.6233737116
-358.0000000000 3.6245533640
-357.9000000000 3.6252710128
-357.8000000000 3.6243522477
-357.7000000000 3.6246959046
-357.6000000000 3.6243114902
-357.5000000000 3.6243540840
-357.4000000000 3.6252801136
-357.3000000000 3.6240381349
-357.2000000000 3.6247431385
-357.1000000000 3.6256859229
-357.0000000000 3.6253786635
-356.9000000000 3.6248532754
-356.8000000000 3.6248218458
-356.7000000000 3.6234189236
-356.6000000000 3.6240194402
-356.5000000000 3.6244588975
-356.4000000000 3.6270540053
-356.3000000000 3.6275648575
-356.2000000000 3.6262190206
-356.1000000000 3.6262226609
-356.0000000000 3.6260892314
-355.9000000000 3.6258923689
-355.8000000000 3.6262176764
-355.7000000000 3.6260182254
-355.6000000000 3.6254263514
-355.5000000000 3.6260718657
-355.4000000000 3.6264751397
-355.3000000000 3.6273584886
-355.2000000000 3.6265212778
-355.1000000000 3.6274033674
-355.0000000000 3.6272732451
-354.9000000000 3.6274724825
-354.8000000000 3.6275197070
-354.7000000000 3.6269731404
-354.6000000000 3.6274894085
-354.5000000000 3.6283669295
-354.4000000000 3.6288379362
-354.3000000000 3.6274969653
-354.2000000000 3.6278103449
-354.1000000000 3.6277709826
-354.0000000000 3.6293625810
-353.9000000000 3.6303529701
-353.8000000000 3.6288904234
-353.7000000000 3.6277880563
-353.6000000000 3.6286706752
-353.5000000000 3.6297676441
-353.4000000000 3.6285870032
-353.3000000000 3.6269930893
-353.2000000000 3.6263796439
-353.1000000000 3.6235945691
-353.0000000000 3.6246999711
-352.9000000000 3.6255358759
-352.8000000000 3.6252807596
-352.7000000000 3.6253064607
-352.6000000000 3.6260793936
-352.5000000000 3.6251967350
-352.4000000000 3.6252114261
-352.3000000000 3.6241502183
-352.2000000000 3.6249722046
-352.1000000000 3.6259006322
-352.0000000000 3.6259204269
-351.9000000000 3.6254002430
-351.8000000000 3.6241451485
-351.7000000000 3.6256282928
-351.6000000000 3.6258348579
-351.5000000000 3.6255774436
-351.4000000000 3.6239191386
-351.3000000000 3.6248757794
-351.2000000000 3.6250998592
-351.1000000000 3.6258448238
-351.0000000000 3.6260548465
-350.9000000000 3.6261264667
-350.8000000000 3.6272174026
-350.7000000000 3.6267193930
-350.6000000000 3.6246831746
-350.5000000000 3.6253422399
-350.4000000000 3.6268455593
-350.3000000000 3.6268504671
-350.2000000000 3.6272355617
-350.1000000000 3.6283358069
-350.0000000000 3.6275873742
-349.9000000000 3.6274774504
-349.8000000000 3.6275906120
-349.7000000000 3.6282757032
-349.6000000000 3.6289403823
-349.5000000000 3.6295532088
-349.4000000000 3.6312422610
-349.3000000000 3.6329044677
-349.2000000000 3.6320568522
-349.1000000000 3.6308670058
-349.0000000000 3.6328142296
-348.9000000000 3.6310151713
-348.8000000000 3.6317007963
-348.7000000000 3.6323081232
-348.6000000000 3.6327756356
-348.5000000000 3.6341627332
-348.4000000000 3.6330646350
-348.3000000000 3.6342787470
-348.2000000000 3.6333869338
-348.1000000000 3.6321906506
-348.0000000000 3.6330926841
-347.9000000000 3.6327703255
-347.8000000000 3.6328132020
-347.7000000000 3.6347461042
-347.6000000000 3.6362343479
-347.5000000000 3.6362226182
-347.4000000000 3.6354913765
-347.3000000000 3.6349860922
-347.2000000000 3.6349518960
-347.1000000000 3.6353425103
-347.0000000000 3.6363620839
-346.9000000000 3.6352990685
-346.8000000000 3.6359993290
-346.7000000000 3.6357238579
-346.6000000000 3.6362949984
-346.5000000000 3.6351154194
-346.4000000000 3.6351995332
-346.3000000000 3.6363189981
-346.2000000000 3.6344683186
-346.1000000000 3.6368285996
-346.0000000000 3.6374984891
-345.9000000000 3.6383487068
-345.8000000000 3.6380619374
-345.7000000000 3.6366497223
-345.6000000000 3.6370004279
-345.5000000000 3.6376370625
-345.4000000000 3.6383419806
-345.3000000000 3.6359894531
-345.2000000000 3.6345341449
-345.1000000000 3.6355370250
-345.0000000000 3.6289469684
-344.9000000000 3.6291128059
-344.8000000000 3.6283455683
-344.7000000000 3.6289081559
-344.6000000000 3.6299168564
-344.5000000000 3.6296326997
-344.4000000000 3.6307450588
-344.3000000000 3.6296355109
-344.2000000000 3.6300603770
-344.1000000000 3.6301955974
-344.0000000000 3.6317129801
-343.9000000000 3.6324402392
-343.8000000000 3.6326973413
-343.7000000000 3.6328390983
-343.6000000000 3.6324328044
-343.5000000000 3.6303756880
-343.4000000000 3.6309934076
-343.3000000000 3.6324687278
-343.2000000000 3.6328497264
-343.1000000000 3.6325566549
-343.0000000000 3.6329376074
-342.9000000000 3.6337736390
-342.8000000000 3.6331961854
-342.7000000000 3.6341245967
-342.6000000000 3.6319209803
-342.5000000000 3.6320722206
-342.4000000000 3.6321366048
-342.3000000000 3.6334595243
-342.2000000000 3.6349319609
-342.1000000000 3.6346092854
-342.0000000000 3.6354615754
-341.9000000000 3.6348631816
-341.8000000000 3.6360015705
-341.7000000000 3.6355921182
-341.6000000000 3.6359794923
-341.5000000000 3.6360405007
-341.4000000000 3.6363246601
-341.3000000000 3.6376270768
-341.2000000000 3.6376990681
-341.1000000000 3.6389186831
-341.0000000000 3.6394490335
-340.9000000000 3.6388622926
-340.8000000000 3.6385187412
-340.7000000000 3.6391391846
-340.6000000000 3.6406742803
-340.5000000000 3.6404891152
-340.4000000000 3.6409045132
-340.3000000000 3.6404545917
-340.2000000000 3.6396861111
-340.1000000000 3.6405232259
-340.0000000000 3.6402172113
-339.9000000000 3.6391877888
-339.8000000000 3.6383505350
-339.7000000000 3.6385699932
-339.6000000000 3.6375082967
-339.5000000000 3.6381359468
-339.4000000000 3.6368787600
-339.3000000000 3.6370192117
-339.2000000000 3.6370336107
-339.1000000000 3.6360510096
-339.0000000000 3.6354946569
-338.9000000000 3.6361400428
-338.8000000000 3.6361515263
-338.7000000000 3.6348468812
-338.6000000000 3.6351451460
-338.5000000000 3.6346084274
-338.4000000000 3.6334561150
-338.3000000000 3.6335909225
-338.2000000000 3.6354555946
-338.1000000000 3.6362647574
-338.0000000000 3.6370876621
-337.9000000000 3.6369665100
-337.8000000000 3.6363865922
-337.7000000000 3.6381027386
-337.6000000000 3.6366694624
-337.5000000000 3.6358940595
-337.4000000000 3.6346799704
-337.3000000000 3.6354591599
-337.2000000000 3.6357375602
-337.1000000000 3.6374829198
-337.0000000000 3.6358233187
-336.9000000000 3.6351633367
-336.8000000000 3.6356665266
-336.7000000000 3.6344131194
-336.6000000000 3.6348008573
-336.5000000000 3.6346025528
-336.4000000000 3.6346005396
-336.3000000000 3.6360834483
-336.2000000000 3.6356122686
-336.1000000000 3.6347516068
-336.0000000000 3.6359254741
-335.9000000000 3.6353353891
-335.8000000000 3.6357271087
-335.7000000000 3.6361244107
-335.6000000000 3.6368883982
-335.5000000000 3.6367740572
-335.4000000000 3.6347835630
-335.3000000000 3.6347479553
-335.2000000000 3.6346413035
-335.1000000000 3.6341321292
-335.0000000000 3.6328007535
-334.9000000000 3.6330634871
-334.8000000000 3.6335899115
-334.7000000000 3.6330045762
-334.6000000000 3.6325135557
-334.5000000000 3.6332166697
-334.4000000000 3.6338429510
-334.3000000000 3.6343629853
-334.2000000000 3.6319613926
-334.1000000000 3.6327309032
-334.0000000000 3.6330047492
-333.9000000000 3.6328271851
-333.8000000000 3.6313765385
-333.7000000000 3.6335040142
-333.6000000000 3.6339432893
-333.5000000000 3.6338188049
-333.4000000000 3.6340633852
-333.3000000000 3.6342135133
-333.2000000000 3.6344770297
-333.1000000000 3.6349983879
-333.0000000000 3.6344982518
-332.9000000000 3.6338019888
-332.8000000000 3.6342000688
-332.7000000000 3.6354133782
-332.6000000000 3.6351834489
-332.5000000000 3.6368797442
-332.4000000000 3.6359350421
-332.3000000000 3.6340019154
-332.2000000000 3.6340747825
-332.1000000000 3.6341397119
-332.0000000000 3.6335855070
-331.9000000000 3.6341270176
-331.8000000000 3.6352824424
-331.7000000000 3.6334402203
-331.6000000000 3.6346650938
-331.5000000000 3.6341323224
-331.4000000000 3.6332644701
-331.3000000000 3.6339446160
-331.2000000000 3.6354180797
-331.1000000000 3.6348535953
-331.0000000000 3.6339688081
-330.9000000000 3.6349823101
-330.8000000000 3.6340510925
-330.7000000000 3.6348899566
-330.6000000000 3.6350823794
-330.5000000000 3.6352373858
-330.4000000000 3.6347036552
-330.3000000000 3.6336288606
-330.2000000000 3.6335549629
-330.1000000000 3.6340696615
-330.0000000000 3.6338998090
-329.9000000000 3.6339012329
-329.8000000000 3.6343568558
-329.7000000000 3.6339651623
-329.6000000000 3.6363741539
-329.5000000000 3.6360524444
-329.4000000000 3.6351281210
-329.3000000000 3.6353397127
-329.2000000000 3.6337410520
-329.1000000000 3.6335458090
-329.0000000000 3.6352287846
-328.9000000000 3.6347786765
-328.8000000000 3.6353691160
-328.7000000000 3.6353017211
-328.6000000000 3.6353819521
-328.5000000000 3.6349754832
-328.4000000000 3.6345832109
-328.3000000000 3.6356273872
-328.2000000000 3.6364251802
-328.1000000000 3.6367109610
-328.0000000000 3.6359291661
-327.9000000000 3.6376635734
-327.8000000000 3.6389318392
-327.7000000000 3.6374414948
-327.6000000000 3.6375389853
-327.5000000000 3.6369584518
-327.4000000000 3.6351050706
-327.3000000000 3.6368830655
-327.2000000000 3.6357289396
-327.1000000000 3.6353464066
-327.0000000000 3.6353785098
-326.9000000000 3.6358806265
-326.8000000000 3.6356278814
-326.7000000000 3.6356750608
-326.6000000000 3.6360127803
-326.5000000000 3.6367651368
-326.4000000000 3.6366146849
-326.3000000000 3.6362950077
-326.2000000000 3.6367171506
-326.1000000000 3.6337857295
-326.0000000000 3.6346104452
-325.9000000000 3.6349340569
-325.8000000000 3.6338071282
-325.7000000000 3.6350827462
-325.6000000000 3.6348102906
-325.5000000000 3.6349711154
-325.4000000000 3.6360982970
-325.3000000000 3.6376481202
-325.2000000000 3.6381379268
-325.1000000000 3.6382872125
-325.0000000000 3.6388320754
-324.9000000000 3.6395564685
-324.8000000000 3.6397021653
-324.7000000000 3.6399160782
-324.6000000000 3.6402596994
-324.5000000000 3.6415973985
-324.4000000000 3.6424567890
-324.3000000000 3.6429214769
-324.2000000000 3.6423862919
-324.1000000000 3.6417800964
-324.0000000000 3.6418524928
-323.9000000000 3.6425001278
-323.8000000000 3.6432790179
-323.7000000000 3.6429655640
-323.6000000000 3.6427766907
-323.5000000000 3.6422116264
-323.4000000000 3.6440735903
-323.3000000000 3.6446599957
-323.2000000000 3.6454762704
-323.1000000000 3.6443017830
-323.0000000000 3.6431933221
-322.9000000000 3.6451805316
-322.8000000000 3.6448097279
-322.7000000000 3.6444218796
-322.6000000000 3.6442525233
-322.5000000000 3.6440465758
-322.4000000000 3.6421764726
-322.3000000000 3.6439829411
-322.2000000000 3.6429811337
-322.1000000000 3.6436748317
-322.0000000000 3.6432063460
-321.9000000000 3.6427324221
-321.8000000000 3.6419511132
-321.7000000000 3.6437988474
-321.6000000000 3.6436387929
-321.5000000000 3.6447102405
-321.4000000000 3.6426362083
-321.3000000000 3.6428704289
-321.2000000000 3.6423242825
-321.1000000000 3.6425507434
-321.0000000000 3.6426350169
-320.9000000000 3.6432122581
-320.8000000000 3.6420986241
-320.7000000000 3.6427903421
-320.6000000000 3.6416933913
-320.5000000000 3.6426734980
-320.4000000000 3.6419496602
-320.3000000000 3.6425835454
-320.2000000000 3.6436597999
-320.1000000000 3.6432735739
-320.0000000000 3.6435781853
-319.9000000000 3.6424899677
-319.8000000000 3.6436854866
-319.7000000000 3.6435637550
-319.6000000000 3.6420243138
-319.5000000000 3.6411259385
-319.4000000000 3.6398114696
-319.3000000000 3.6396834829
-319.2000000000 3.6387145961
-319.1000000000 3.6400693439
-319.0000000000 3.6389878972
-318.9000000000 3.6386777795
-318.8000000000 3.6371051907
-318.7000000000 3.6381667062
-318.6000000000 3.6382507893
-318.5000000000 3.6377026332
-318.4000000000 3.6345419907
-318.3000000000 3.6365975233
-318.2000000000 3.6372629653
-318.1000000000 3.6377366258
-318.0000000000 3.6388386595
-317.9000000000 3.6376190005
-317.8000000000 3.6374329794
-317.7000000000 3.6372408558
-317.6000000000 3.6372013794
-317.5000000000 3.6373836012
-317.4000000000 3.6372994245
-317.3000000000 3.6371410114
-317.2000000000 3.6377131636
-317.1000000000 3.6386128666
-317.0000000000 3.6385635172
-316.9000000000 3.6383202592
-316.8000000000 3.6396297602
-316.7000000000 3.6404143050
-316.6000000000 3.6410565354
-316.5000000000 3.6412699116
-316.4000000000 3.6432046340
-316.3000000000 3.6438206704
-316.2000000000 3.6449652457
-316.1000000000 3.6453543453
-316.0000000000 3.6459584841
-315.9000000000 3.6460313063
-315.8000000000 3.6456776384
-315.7000000000 3.6460675830
-315.6000000000 3.6460193143
-315.5000000000 3.6463004836
-315.4000000000 3.6463016092
-315.3000000000 3.6470575377
-315.2000000000 3.6470652268
-315.1000000000 3.6477467863
-315.0000000000 3.6481611093
-314.9000000000 3.6479817968
-314.8000000000 3.6461899934
-314.7000000000 3.6465654415
-314.6000000000 3.6468837777
-314.5000000000 3.6463857718
-314.4000000000 3.6454294466
-314.3000000000 3.6464899151
-314.2000000000 3.6453605047
-314.1000000000 3.6437809286
-314.0000000000 3.6441368169
-313.9000000000 3.6450433698
-313.8000000000 3.6437939283
-313.7000000000 3.6442754455
-313.6000000000 3.6425227359
-313.5000000000 3.6427013338
-313.4000000000 3.6415198087
-313.3000000000 3.6426390064
-313.2000000000 3.6438421230
-313.1000000000 3.6449708686
-313.0000000000 3.6450678751
-312.9000000000 3.6452924710
-312.8000000000 3.6442603120
-312.7000000000 3.6447834208
-312.6000000000 3.6444800062
-312.5000000000 3.6443126666
-312.4000000000 3.6458290111
-312.3000000000 3.6457695005
-312.2000000000 3.6449353489
-312.1000000000 3.6454384839
-312.0000000000 3.6446694096
-311.9000000000 3.6455373304
-311.8000000000 3.6463954385
-311.7000000000 3.6469147511
-311.6000000000 3.6467375846
-311.5000000000 3.6457490630
-311.4000000000 3.6456882719
-311.3000000000 3.6462708107
-311.2000000000 3.6469957815
-311.1000000000 3.6476103547
-311.0000000000 3.6464862977
-310.9000000000 3.6460029650
-310.8000000000 3.6465683003
-310.7000000000 3.6465361066
-310.6000000000 3.6466006116
-310.5000000000 3.6456439388
-310.4000000000 3.6460625227
-310.3000000000 3.6453591850
-310.2000000000 3.6430275347
-310.1000000000 3.6423949269
-310.0000000000 3.6420580678
-309.9000000000 3.6414019505
-309.8000000000 3.6403322836
-309.7000000000 3.6394019553
-309.6000000000 3.6404258456
-309.5000000000 3.6421929244
-309.4000000000 3.6419951572
-309.3000000000 3.6410622856
-309.2000000000 3.6417810379
-309.1000000000 3.6423706707
-309.0000000000 3.6419894933
-308.9000000000 3.6424274933
-308.8000000000 3.6433436011
-308.7000000000 3.6431474865
-308.6000000000 3.6424034376
-308.5000000000 3.6419129687
-308.4000000000 3.6414617342
-308.3000000000 3.6431161692
-308.2000000000 3.6416431727
-308.1000000000 3.6413748446
-308.0000000000 3.6427935890
-307.9000000000 3.6419706249
-307.8000000000 3.6419914779
-307.7000000000 3.6407356498
-307.6000000000 3.6414736344
-307.5000000000 3.6414723056
-307.4000000000 3.6399258998
-307.3000000000 3.6399191990
-307.2000000000 3.6385671028
-307.1000000000 3.6387748148
-307.0000000000 3.6399372803
-306.9000000000 3.6385161853
-306.8000000000 3.6376421612
-306.7000000000 3.6374008458
-306.6000000000 3.6380681246
-306.5000000000 3.6362038127
-306.4000000000 3.6353827784
-306.3000000000 3.6343149108
-306.2000000000 3.6342026705
-306.1000000000 3.6341048447
-306.0000000000 3.6336226850
-305.9000000000 3.6351877101
-305.8000000000 3.6354953146
-305.7000000000 3.6341627760
-305.6000000000 3.6348217527
-305.5000000000 3.6325108195
-305.4000000000 3.6336162063
-305.3000000000 3.6317690346
-305.2000000000 3.6327580264
-305.1000000000 3.6322730852
-305.0000000000 3.6320843084
-304.9000000000 3.6323950549
-304.8000000000 3.6317213755
-304.7000000000 3.6331406081
-304.6000000000 3.6356590022
-304.5000000000 3.6345626617
-304.4000000000 3.6344110257
-304.3000000000 3.6352835783
-304.2000000000 3.6352070300
-304.1000000000 3.6358846515
-304.0000000000 3.6354196296
-303.9000000000 3.6360834896
-303.8000000000 3.6361378150
-303.7000000000 3.6371436730
-303.6000000000 3.6382309031
-303.5000000000 3.6390167626
-303.4000000000 3.6390694510
-303.3000000000 3.6376262984
-303.2000000000 3.6389417303
-303.1000000000 3.6387957197
-303.0000000000 3.6389200397
-302.9000000000 3.6391468436
-302.8000000000 3.6382633616
-302.7000000000 3.6375076934
-302.6000000000 3.6371461511
-302.5000000000 3.6382323297
-302.4000000000 3.6379162472
-302.3000000000 3.6386054446
-302.2000000000 3.6397580861
-302.1000000000 3.6391110293
-302.0000000000 3.6396392815
-301.9000000000 3.6412391287
-301.8000000000 3.6412886748
-301.7000000000 3.6414590130
-301.6000000000 3.6420205738
-301.5000000000 3.6412080826
-301.4000000000 3.6388559389
-301.3000000000 3.6385047861
-301.2000000000 3.6374053615
-301.1000000000 3.6370240298
-301.0000000000 3.6375270910
-300.9000000000 3.6397453373
-300.8000000000 3.6380212337
-300.7000000000 3.6377273569
-300.6000000000 3.6377653071
-300.5000000000 3.6387261147
-300.4000000000 3.6381961290
-300.3000000000 3.6401224896
-300.2000000000 3.6406350611
-300.1000000000 3.6409748635
-300.0000000000 3.6409192818
-299.9000000000 3.6413288087
-299.8000000000 3.6393274826
-299.7000000000 3.6386592711
-299.6000000000 3.6392798938
-299.5000000000 3.6378001330
-299.4000000000 3.6369206319
-299.3000000000 3.6353963431
-299.2000000000 3.6355659822
-299.1000000000 3.6372748729
-299.0000000000 3.6378459692
-298.9000000000 3.6371307948
-298.8000000000 3.6378642393
-298.7000000000 3.6377144394
-298.6000000000 3.6381019436
-298.5000000000 3.6385032199
-298.4000000000 3.6394159901
-298.3000000000 3.6395960313
-298.2000000000 3.6390624026
-298.1000000000 3.6378131233
-298.0000000000 3.6369187095
-297.9000000000 3.6348932677
-297.8000000000 3.6356585526
-297.7000000000 3.6346127060
-297.6000000000 3.6346053389
-297.5000000000 3.6327715547
-297.4000000000 3.6327403330
-297.3000000000 3.6324141440
-297.2000000000 3.6334166352
-297.1000000000 3.6358411345
-297.0000000000 3.6363301030
-296.9000000000 3.6341611012
-296.8000000000 3.6340334462
-296.7000000000 3.6352088039
-296.6000000000 3.6347258785
-296.5000000000 3.6322288331
-296.4000000000 3.6310250396
-296.3000000000 3.6320921043
-296.2000000000 3.6316482277
-296.1000000000 3.6316337935
-296.0000000000 3.6322705843
-295.9000000000 3.6316582970
-295.8000000000 3.6302946200
-295.7000000000 3.6297056064
-295.6000000000 3.6290248323
-295.5000000000 3.6289321598
-295.4000000000 3.6284031617
-295.3000000000 3.6300951568
-295.2000000000 3.6326536907
-295.1000000000 3.6319711829
-295.0000000000 3.6320497942
-294.9000000000 3.6309186575
-294.8000000000 3.6300617302
-294.7000000000 3.6296123918
-294.6000000000 3.6288128994
-294.5000000000 3.6270460004
-294.4000000000 3.6284408240
-294.3000000000 3.6276850860
-294.2000000000 3.6273525373
-294.1000000000 3.6278085942
-294.0000000000 3.6283059879
-293.9000000000 3.6261610557
-293.8000000000 3.6267889102
-293.7000000000 3.6268114750
-293.6000000000 3.6285918254
-293.5000000000 3.6281575271
-293.4000000000 3.6284269115
-293.3000000000 3.6288880301
-293.2000000000 3.6271035491
-293.1000000000 3.6277196258
-293.0000000000 3.6271158483
-292.9000000000 3.6280991416
-292.8000000000 3.6294129957
-292.7000000000 3.6284288497
-292.6000000000 3.6297544745
-292.5000000000 3.6268010296
-292.4000000000 3.6271432733
-292.3000000000 3.6265959995
-292.2000000000 3.6273904555
-292.1000000000 3.6278218658
-292.0000000000 3.6259681803
-291.9000000000 3.6259404926
-291.8000000000 3.6261030192
-291.7000000000 3.6262980920
-291.6000000000 3.6268608523
-291.5000000000 3.6262454135
-291.4000000000 3.6272560762
-291.3000000000 3.6268751797
-291.2000000000 3.6283163946
-291.1000000000 3.6273312551
-291.0000000000 3.6279771764
-290.9000000000 3.6271159388
-290.8000000000 3.6282532227
-290.7000000000 3.6286463912
-290.6000000000 3.6287443932
-290.5000000000 3.6293056422
-290.4000000000 3.6305296298
-290.3000000000 3.6305298941
-290.2000000000 3.6297852361
-290.1000000000 3.6308956432
-290.0000000000 3.6296846263
-289.9000000000 3.6292710751
-289.8000000000 3.6313715948
-289.7000000000 3.6322645827
-289.6000000000 3.6307402799
-289.5000000000 3.6305519716
-289.4000000000 3.6307055024
-289.3000000000 3.6307481826
-289.2000000000 3.6321957483
-289.1000000000 3.6309278625
-289.0000000000 3.6312977778
-288.9000000000 3.6313258844
-288.8000000000 3.6298126071
-288.7000000000 3.6305489216
-288.6000000000 3.6295656190
-288.5000000000 3.6306347184
-288.4000000000 3.6303541450
-288.3000000000 3.6306715946
-288.2000000000 3.6302057097
-288.1000000000 3.6310278960
-288.0000000000 3.6295346498
-287.9000000000 3.6293176187
-287.8000000000 3.6308170404
-287.7000000000 3.6299010684
-287.6000000000 3.6273345247
-287.5000000000 3.6279115349
-287.4000000000 3.6265216815
-287.3000000000 3.6261785674
-287.2000000000 3.6271061254
-287.1000000000 3.6275540382
-287.0000000000 3.6277503014
-286.9000000000 3.6274697672
-286.8000000000 3.6290997753
-286.7000000000 3.6296344706
-286.6000000000 3.6289740852
-286.5000000000 3.6266359537
-286.4000000000 3.6270555424
-286.3000000000 3.6275758763
-286.2000000000 3.6283462108
-286.1000000000 3.6281858601
-286.0000000000 3.6292631011
-285.9000000000 3.6287568430
-285.8000000000 3.6286565066
-285.7000000000 3.6295717885
-285.6000000000 3.6283837578
-285.5000000000 3.6285913192
-285.4000000000 3.6284133689
-285.3000000000 3.6271260317
-285.2000000000 3.6259258102
-285.1000000000 3.6275697925
-285.0000000000 3.6274394655
-284.9000000000 3.6285954609
-284.8000000000 3.6285952169
-284.7000000000 3.6299951563
-284.6000000000 3.6286882039
-284.5000000000 3.6274696122
-284.4000000000 3.6286491791
-284.3000000000 3.6283838728
-284.2000000000 3.6287054341
-284.1000000000 3.6294779057
-284.0000000000 3.6307185687
-283.9000000000 3.6322270080
-283.8000000000 3.6319822127
-283.7000000000 3.6309420955
-283.6000000000 3.6319124584
-283.5000000000 3.6331019609
-283.4000000000 3.6318469069
-283.3000000000 3.6327333224
-283.2000000000 3.6323216873
-283.1000000000 3.6331608377
-283.0000000000 3.6336336922
-282.9000000000 3.6348279751
-282.8000000000 3.6342043827
-282.7000000000 3.6336732500
-282.6000000000 3.6348826768
-282.5000000000 3.6359596254
-282.4000000000 3.6344723096
-282.3000000000 3.6341501678
-282.2000000000 3.6335927228
-282.1000000000 3.6345196053
-282.0000000000 3.6352586695
-281.9000000000 3.6342931423
-281.8000000000 3.6350489691
-281.7000000000 3.6359613277
-281.6000000000 3.6350700722
-281.5000000000 3.6346128119
-281.4000000000 3.6337075875
-281.3000000000 3.6350929357
-281.2000000000 3.6351211995
-281.1000000000 3.6349793644
-281.0000000000 3.6356905425
-280.9000000000 3.6350035130
-280.8000000000 3.6340608159
-280.7000000000 3.6342837453
-280.6000000000 3.6313777810
-280.5000000000 3.6300236364
-280.4000000000 3.6299995973
-280.3000000000 3.6302401810
-280.2000000000 3.6307500947
-280.1000000000 3.6312404364
-280.0000000000 3.6304911270
-279.9000000000 3.6306358220
-279.8000000000 3.6297466272
-279.7000000000 3.6303617309
-279.6000000000 3.6291977878
-279.5000000000 3.6277774034
-279.4000000000 3.6283714205
-279.3000000000 3.6296577459
-279.2000000000 3.6310005122
-279.1000000000 3.6300768923
-279.0000000000 3.6311242289
-278.9000000000 3.6319877780
-278.8000000000 3.6316641279
-278.7000000000 3.6315199933
-278.6000000000 3.6323257474
-278.5000000000 3.6345056020
-278.4000000000 3.6366940300
-278.3000000000 3.6371467468
-278.2000000000 3.6362022063
-278.1000000000 3.6372125111
-278.0000000000 3.6385572018
-277.9000000000 3.6371355785
-277.8000000000 3.6370231500
-277.7000000000 3.6365085828
-277.6000000000 3.6369619889
-277.5000000000 3.6376140706
-277.4000000000 3.6366874815
-277.3000000000 3.6369379021
-277.2000000000 3.6358958358
-277.1000000000 3.6367149966
-277.0000000000 3.6361974925
-276.9000000000 3.6364567167
-276.8000000000 3.6364644496
-276.7000000000 3.6369778130
-276.6000000000 3.6378218057
-276.5000000000 3.6387578728
-276.4000000000 3.6381908617
-276.3000000000 3.6395581600
-276.2000000000 3.6397546661
-276.1000000000 3.6417930222
-276.0000000000 3.6420025530
-275.9000000000 3.6414505067
-275.8000000000 3.6427208846
-275.7000000000 3.6422999497
-275.6000000000 3.6424897176
-275.5000000000 3.6416566877
-275.4000000000 3.6421957357
-275.3000000000 3.6425156592
-275.2000000000 3.6417874131
-275.1000000000 3.6431717865
-275.0000000000 3.6447109987
-274.9000000000 3.6459122836
-274.8000000000 3.6449523172
-274.7000000000 3.6451891670
-274.6000000000 3.6457527464
-274.5000000000 3.6465469396
-274.4000000000 3.6460972533
-274.3000000000 3.6474896150
-274.2000000000 3.6447234123
-274.1000000000 3.6440976554
-274.0000000000 3.6415419010
-273.9000000000 3.6414211804
-273.8000000000 3.6436821464
-273.7000000000 3.6441457872
-273.6000000000 3.6445172009
-273.5000000000 3.6451192480
-273.4000000000 3.6449335306
-273.3000000000 3.6466463495
-273.2000000000 3.6460645998
-273.1000000000 3.6462030494
-273.0000000000 3.6465302485
-272.9000000000 3.6454319946
-272.8000000000 3.6464849306
-272.7000000000 3.6450566610
-272.6000000000 3.6453969267
-272.5000000000 3.6435449194
-272.4000000000 3.6432148041
-272.3000000000 3.6437040232
-272.2000000000 3.6443340690
-272.1000000000 3.6460636618
-272.0000000000 3.6459017634
-271.9000000000 3.6454130236
-271.8000000000 3.6456008907
-271.7000000000 3.6447335810
-271.6000000000 3.6454632918
-271.5000000000 3.6455313389
-271.4000000000 3.6470960720
-271.3000000000 3.6454131042
-271.2000000000 3.6452190170
-271.1000000000 3.6439778554
-271.0000000000 3.6443691918
-270.9000000000 3.6464658459
-270.8000000000 3.6456879004
-270.7000000000 3.6456293600
-270.6000000000 3.6434347407
-270.5000000000 3.6436241069
-270.4000000000 3.6432060219
-270.3000000000 3.6426225243
-270.2000000000 3.6449690674
-270.1000000000 3.6449805911
-270.0000000000 3.6455226889
-269.9000000000 3.6445399978
-269.8000000000 3.6459237582
-269.7000000000 3.6473643261
-269.6000000000 3.6476075773
-269.5000000000 3.6474020958
-269.4000000000 3.6471817444
-269.3000000000 3.6465218456
-269.2000000000 3.6447158796
-269.1000000000 3.6454877736
-269.0000000000 3.6459905251
-268.9000000000 3.6462193207
-268.8000000000 3.6477489232
-268.7000000000 3.6481775749
-268.6000000000 3.6477051685
-268.5000000000 3.6487540799
-268.4000000000 3.6491516506
-268.3000000000 3.6494783231
-268.2000000000 3.6500697061
-268.1000000000 3.6516306792
-268.0000000000 3.6522007083
-267.9000000000 3.6519532533
-267.8000000000 3.6504670493
-267.7000000000 3.6508880016
-267.6000000000 3.6497216157
-267.5000000000 3.6498533719
-267.4000000000 3.6472987267
-267.3000000000 3.6471560349
-267.2000000000 3.6488449101
-267.1000000000 3.6493373119
-267.0000000000 3.6485872114
-266.9000000000 3.6480235230
-266.8000000000 3.6477423288
-266.7000000000 3.6475862822
-266.6000000000 3.6483438216
-266.5000000000 3.6464640974
-266.4000000000 3.6460698386
-266.3000000000 3.6473732303
-266.2000000000 3.6483696036
-266.1000000000 3.6473823809
-266.0000000000 3.6470553810
-265.9000000000 3.6472354549
-265.8000000000 3.6457842327
-265.7000000000 3.6464354454
-265.6000000000 3.6444642861
-265.5000000000 3.6445220642
-265.4000000000 3.6460247991
-265.3000000000 3.6451396023
-265.2000000000 3.6454333548
-265.1000000000 3.6461454652
-265.0000000000 3.6458894053
-264.9000000000 3.6448137155
-264.8000000000 3.6445129768
-264.7000000000 3.6447671170
-264.6000000000 3.6438949970
-264.5000000000 3.6447415366
-264.4000000000 3.6453415838
-264.3000000000 3.6466727893
-264.2000000000 3.6465466274
-264.1000000000 3.6457183461
-264.0000000000 3.6459277117
-263.9000000000 3.6469559438
-263.8000000000 3.6455600500
-263.7000000000 3.6454366254
-263.6000000000 3.6464063493
-263.5000000000 3.6443443360
-263.4000000000 3.6440445545
-263.3000000000 3.6445113509
-263.2000000000 3.6443260864
-263.1000000000 3.6433094203
-263.0000000000 3.6410643239
-262.9000000000 3.6404677034
-262.8000000000 3.6417261545
-262.7000000000 3.6412357796
-262.6000000000 3.6421808601
-262.5000000000 3.6424467504
-262.4000000000 3.6421640315
-262.3000000000 3.6429468683
-262.2000000000 3.6440785213
-262.1000000000 3.6442153896
-262.0000000000 3.6429338372
-261.9000000000 3.6425609753
-261.8000000000 3.6440386848
-261.7000000000 3.6447994562
-261.6000000000 3.6455164772
-261.5000000000 3.6443672473
-261.4000000000 3.6450089389
-261.3000000000 3.6450179769
-261.2000000000 3.6425548553
-261.1000000000 3.6439443219
-261.0000000000 3.6445561883
-260.9000000000 3.6444859737
-260.8000000000 3.6448334552
-260.7000000000 3.6456706154
-260.6000000000 3.6457640534
-260.5000000000 3.6460123384
-260.4000000000 3.6451383110
-260.3000000000 3.6437963078
-260.2000000000 3.6435139357
-260.1000000000 3.6448947730
-260.0000000000 3.6443439584
-259.9000000000 3.6442764706
-259.8000000000 3.6441672365
-259.7000000000 3.6450325602
-259.6000000000 3.6457655776
-259.5000000000 3.6452125753
-259.4000000000 3.6442487196
-259.3000000000 3.6433245969
-259.2000000000 3.6434418110
-259.1000000000 3.6435307563
-259.0000000000 3.6449221232
-258.9000000000 3.6454427698
-258.8000000000 3.6449271255
-258.7000000000 3.6438169236
-258.6000000000 3.6434468970
-258.5000000000 3.6435911299
-258.4000000000 3.6429230171
-258.3000000000 3.6426350459
-258.2000000000 3.6424384760
-258.1000000000 3.6434638671
-258.0000000000 3.6444247230
-257.9000000000 3.6438983766
-257.8000000000 3.6444864482
-257.7000000000 3.6439475068
-257.6000000000 3.6439525285
-257.5000000000 3.6439030919
-257.4000000000 3.6433627117
-257.3000000000 3.6436435509
-257.2000000000 3.6439624480
-257.1000000000 3.6437261188
-257.0000000000 3.6450621493
-256.9000000000 3.6453242411
-256.8000000000 3.6442858842
-256.7000000000 3.6444199027
-256.6000000000 3.6449191386
-256.5000000000 3.6462532932
-256.4000000000 3.6466296672
-256.3000000000 3.6472895732
-256.2000000000 3.6475531163
-256.1000000000 3.6473059522
-256.0000000000 3.6465298609
-255.9000000000 3.6474460998
-255.8000000000 3.6466488375
-255.7000000000 3.6454577336
-255.6000000000 3.6448693745
-255.5000000000 3.6468133584
-255.4000000000 3.6450136789
-255.3000000000 3.6462559354
-255.2000000000 3.6468802429
-255.1000000000 3.6470893372
-255.0000000000 3.6470242660
-254.9000000000 3.6473555922
-254.8000000000 3.6480952160
-254.7000000000 3.6473275456
-254.6000000000 3.6485733770
-254.5000000000 3.6480214960
-254.4000000000 3.6485921549
-254.3000000000 3.6491669945
-254.2000000000 3.6497458632
-254.1000000000 3.6503953399
-254.0000000000 3.6516101612
-253.9000000000 3.6530610219
-253.8000000000 3.6537582288
-253.7000000000 3.6530416247
-253.6000000000 3.6515886766
-253.5000000000 3.6517353748
-253.4000000000 3.6492690556
-253.3000000000 3.6504181547
-253.2000000000 3.6507386504
-253.1000000000 3.6518538706
-253.0000000000 3.6519664818
-252.9000000000 3.6523087308
-252.8000000000 3.6533924148
-252.7000000000 3.6532353595
-252.6000000000 3.6529894600
-252.5000000000 3.6535895701
-252.4000000000 3.6533013103
-252.3000000000 3.6534220269
-252.2000000000 3.6514987018
-252.1000000000 3.6522592194
-252.0000000000 3.6533727197
-251.9000000000 3.6521735809
-251.8000000000 3.6501971276
-251.7000000000 3.6510999287
-251.6000000000 3.6508982553
-251.5000000000 3.6512212274
-251.4000000000 3.6493732699
-251.3000000000 3.6485816575
-251.2000000000 3.6499691188
-251.1000000000 3.6491923737
-251.0000000000 3.6491392866
-250.9000000000 3.6484867036
-250.8000000000 3.6473113529
-250.7000000000 3.6476383142
-250.6000000000 3.6473471950
-250.5000000000 3.6468775515
-250.4000000000 3.6432321685
-250.3000000000 3.6438555349
-250.2000000000 3.6440588270
-250.1000000000 3.6451970610
-250.0000000000 3.6465292530
-249.9000000000 3.6455916494
-249.8000000000 3.6451911724
-249.7000000000 3.6445301547
-249.6000000000 3.6447351588
-249.5000000000 3.6450515322
-249.4000000000 3.6454466738
-249.3000000000 3.6446312257
-249.2000000000 3.6456498334
-249.1000000000 3.6465254083
-249.0000000000 3.6464603201
-248.9000000000 3.6466205794
-248.8000000000 3.6480015132
-248.7000000000 3.6477385434
-248.6000000000 3.6474084519
-248.5000000000 3.6486000653
-248.4000000000 3.6475476822
-248.3000000000 3.6479664607
-248.2000000000 3.6476777492
-248.1000000000 3.6472239953
-248.0000000000 3.6482732224
-247.9000000000 3.6491868756
-247.8000000000 3.6485211691
-247.7000000000 3.6477435308
-247.6000000000 3.6483866431
-247.5000000000 3.6475157594
-247.4000000000 3.6459301101
-247.3000000000 3.6436908559
-247.2000000000 3.6433563730
-247.1000000000 3.6428509651
-247.0000000000 3.6429070524
-246.9000000000 3.6434127384
-246.8000000000 3.6442460982
-246.7000000000 3.6439233573
-246.6000000000 3.6435254937
-246.5000000000 3.6432571547
-246.4000000000 3.6428990932
-246.3000000000 3.6449761490
-246.2000000000 3.6453189873
-246.1000000000 3.6452485645
-246.0000000000 3.6462845318
-245.9000000000 3.6443095199
-245.8000000000 3.6437345208
-245.7000000000 3.6448602008
-245.6000000000 3.6456736538
-245.5000000000 3.6455462370
-245.4000000000 3.6454059280
-245.3000000000 3.6447582972
-245.2000000000 3.6459812116
-245.1000000000 3.6443576397
-245.0000000000 3.6448721032
-244.9000000000 3.6429156540
-244.8000000000 3.6437091534
-244.7000000000 3.6451035600
-244.6000000000 3.6456277744
-244.5000000000 3.6468068466
-244.4000000000 3.6460420931
-244.3000000000 3.6458927437
-244.2000000000 3.6460350069
-244.1000000000 3.6476396227
-244.0000000000 3.6483411468
-243.9000000000 3.6481446785
-243.8000000000 3.6488365870
-243.7000000000 3.6488009877
-243.6000000000 3.6500285625
-243.5000000000 3.6496973683
-243.4000000000 3.6497430547
-243.3000000000 3.6489891273
-243.2000000000 3.6480419262
-243.1000000000 3.6480084546
-243.0000000000 3.6491712522
-242.9000000000 3.6497545419
-242.8000000000 3.6480467920
-242.7000000000 3.6491465082
-242.6000000000 3.6491184119
-242.5000000000 3.6484794606
-242.4000000000 3.6478663100
-242.3000000000 3.6480603367
-242.2000000000 3.6491569839
-242.1000000000 3.6497619471
-242.0000000000 3.6505128487
-241.9000000000 3.6486456364
-241.8000000000 3.6484816329
-241.7000000000 3.6483139683
-241.6000000000 3.6484999164
-241.5000000000 3.6487125375
-241.4000000000 3.6494433645
-241.3000000000 3.6489242520
-241.2000000000 3.6464244984
-241.1000000000 3.6479527321
-241.0000000000 3.6473949168
-240.9000000000 3.6484980841
-240.8000000000 3.6475197951
-240.7000000000 3.6487982810
-240.6000000000 3.6501948946
-240.5000000000 3.6491822240
-240.4000000000 3.6489336186
-240.3000000000 3.6489031792
-240.2000000000 3.6471672602
-240.1000000000 3.6468060880
-240.0000000000 3.6474178131
-239.9000000000 3.6482448546
-239.8000000000 3.6487907318
-239.7000000000 3.6482080226
-239.6000000000 3.6489255728
-239.5000000000 3.6501983482
-239.4000000000 3.6487317475
-239.3000000000 3.6483747394
-239.2000000000 3.6482955850
-239.1000000000 3.6493049918
-239.0000000000 3.6474342286
-238.9000000000 3.6469795936
-238.8000000000 3.6462107841
-238.7000000000 3.6446275785
-238.6000000000 3.6457845404
-238.5000000000 3.6444627879
-238.4000000000 3.6435979770
-238.3000000000 3.6451686573
-238.2000000000 3.6448292672
-238.1000000000 3.6429693322
-238.0000000000 3.6425782846
-237.9000000000 3.6430309536
-237.8000000000 3.6422137373
-237.7000000000 3.6439927470
-237.6000000000 3.6436791153
-237.5000000000 3.6448491103
-237.4000000000 3.6436685864
-237.3000000000 3.6429133501
-237.2000000000 3.6421628271
-237.1000000000 3.6428120323
-237.0000000000 3.6416984372
-236.9000000000 3.6425049832
-236.8000000000 3.6439115637
-236.7000000000 3.6439682569
-236.6000000000 3.6431666201
-236.5000000000 3.6443619657
-236.4000000000 3.6436626051
-236.3000000000 3.6437509214
-236.2000000000 3.6440884953
-236.1000000000 3.6421153837
-236.0000000000 3.6421383137
-235.9000000000 3.6419385625
-235.8000000000 3.6403780346
-235.7000000000 3.6405086473
-235.6000000000 3.6402415170
-235.5000000000 3.6403281318
-235.4000000000 3.6415107418
-235.3000000000 3.6410114471
-235.2000000000 3.6410444981
-235.1000000000 3.6413525912
-235.0000000000 3.6408123049
-234.9000000000 3.6404629632
-234.8000000000 3.6402891221
-234.7000000000 3.6395518862
-234.6000000000 3.6363042304
-234.5000000000 3.6356797840
-234.4000000000 3.6372743401
-234.3000000000 3.6357715834
-234.2000000000 3.6339775222
-234.1000000000 3.6338213779
-234.0000000000 3.6342464833
-233.9000000000 3.6334719374
-233.8000000000 3.6337073054
-233.7000000000 3.6343544570
-233.6000000000 3.6355615552
-233.5000000000 3.6366094483
-233.4000000000 3.6355018023
-233.3000000000 3.6354355714
-233.2000000000 3.6364795386
-233.1000000000 3.6366406196
-233.0000000000 3.6362541552
-232.9000000000 3.6359972043
-232.8000000000 3.6357153858
-232.7000000000 3.6357890401
-232.6000000000 3.6355172644
-232.5000000000 3.6366090533
-232.4000000000 3.6356942779
-232.3000000000 3.6343394776
-232.2000000000 3.6333804352
-232.1000000000 3.6357188481
-232.0000000000 3.6360747738
-231.9000000000 3.6357957032
-231.8000000000 3.6360694757
-231.7000000000 3.6353049997
-231.6000000000 3.6347429637
-231.5000000000 3.6339465030
-231.4000000000 3.6352045133
-231.3000000000 3.6361865988
-231.2000000000 3.6349526605
-231.1000000000 3.6348685869
-231.0000000000 3.6362853132
-230.9000000000 3.6351306326
-230.8000000000 3.6355299443
-230.7000000000 3.6366727844
-230.6000000000 3.6346990511
-230.5000000000 3.6359102018
-230.4000000000 3.6362761426
-230.3000000000 3.6358657785
-230.2000000000 3.6373853049
-230.1000000000 3.6385203985
-230.0000000000 3.6392800569
-229.9000000000 3.6375250560
-229.8000000000 3.6387608595
-229.7000000000 3.6390725224
-229.6000000000 3.6394727909
-229.5000000000 3.6414522609
-229.4000000000 3.6409622541
-229.3000000000 3.6403923184
-229.2000000000 3.6410539392
-229.1000000000 3.6412647286
-229.0000000000 3.6422326466
-228.9000000000 3.6427513217
-228.8000000000 3.6430087935
-228.7000000000 3.6436704739
-228.6000000000 3.6436828536
-228.5000000000 3.6427566222
-228.4000000000 3.6424708136
-228.3000000000 3.6434527261
-228.2000000000 3.6436650484
-228.1000000000 3.6433106959
-228.0000000000 3.6421451278
-227.9000000000 3.6430365663
-227.8000000000 3.6410311565
-227.7000000000 3.6412462094
-227.6000000000 3.6395282806
-227.5000000000 3.6412631569
-227.4000000000 3.6432265532
-227.3000000000 3.6438926219
-227.2000000000 3.6440091530
-227.1000000000 3.6445234975
-227.0000000000 3.6454558544
-226.9000000000 3.6452584717
-226.8000000000 3.6434275483
-226.7000000000 3.6429913564
-226.6000000000 3.6433985082
-226.5000000000 3.6445724095
-226.4000000000 3.6444755491
-226.3000000000 3.6442307604
-226.2000000000 3.6446057458
-226.1000000000 3.6442955133
-226.0000000000 3.6453578698
-225.9000000000 3.6465582150
-225.8000000000 3.6471586561
-225.7000000000 3.6466344686
-225.6000000000 3.6477624901
-225.5000000000 3.6466515496
-225.4000000000 3.6477416305
-225.3000000000 3.6483489197
-225.2000000000 3.6478359721
-225.1000000000 3.6482534093
-225.0000000000 3.6476848684
-224.9000000000 3.6490982729
-224.8000000000 3.6498688912
-224.7000000000 3.6513388923
-224.6000000000 3.6526475134
-224.5000000000 3.6515157496
-224.4000000000 3.6522701141
-224.3000000000 3.6521267365
-224.2000000000 3.6522726806
-224.1000000000 3.6536567777
-224.0000000000 3.6534389277
-223.9000000000 3.6550588384
-223.8000000000 3.6557524629
-223.7000000000 3.6539448291
-223.6000000000 3.6536348558
-223.5000000000 3.6524777220
-223.4000000000 3.6533637779
-223.3000000000 3.6528151620
-223.2000000000 3.6507449541
-223.1000000000 3.6512243279
-223.0000000000 3.6506667341
-222.9000000000 3.6511290547
-222.8000000000 3.6511956791
-222.7000000000 3.6507256886
-222.6000000000 3.6512016619
-222.5000000000 3.6492498593
-222.4000000000 3.6500220122
-222.3000000000 3.6504358221
-222.2000000000 3.6507531831
-222.1000000000 3.6499597007
-222.0000000000 3.6501777935
-221.9000000000 3.6494602998
-221.8000000000 3.6505492963
-221.7000000000 3.6499198778
-221.6000000000 3.6502597471
-221.5000000000 3.6483109686
-221.4000000000 3.6478818413
-221.3000000000 3.6480784663
-221.2000000000 3.6473620670
-221.1000000000 3.6473610091
-221.0000000000 3.6469179295
-220.9000000000 3.6460881270
-220.8000000000 3.6474234645
-220.7000000000 3.6482324833
-220.6000000000 3.6485145498
-220.5000000000 3.6484718581
-220.4000000000 3.6488214189
-220.3000000000 3.6480438298
-220.2000000000 3.6463474595
-220.1000000000 3.6441969652
-220.0000000000 3.6458887636
-219.9000000000 3.6449534700
-219.8000000000 3.6461240530
-219.7000000000 3.6460137432
-219.6000000000 3.6485119461
-219.5000000000 3.6483489059
-219.4000000000 3.6464165634
-219.3000000000 3.6457686289
-219.2000000000 3.6472834708
-219.1000000000 3.6464994257
-219.0000000000 3.6467066432
-218.9000000000 3.6481086833
-218.8000000000 3.6473296857
-218.7000000000 3.6467072464
-218.6000000000 3.6481966296
-218.5000000000 3.6480539500
-218.4000000000 3.6481502905
-218.3000000000 3.6474031352
-218.2000000000 3.6473889611
-218.1000000000 3.6465857498
-218.0000000000 3.6447913500
-217.9000000000 3.6453310742
-217.8000000000 3.6449841800
-217.7000000000 3.6453247034
-217.6000000000 3.6456107690
-217.5000000000 3.6462454905
-217.4000000000 3.6458014278
-217.3000000000 3.6449122263
-217.2000000000 3.6451131514
-217.1000000000 3.6462326842
-217.0000000000 3.6474520228
-216.9000000000 3.6480479778
-216.8000000000 3.6477745813
-216.7000000000 3.6470287197
-216.6000000000 3.6471596404
-216.5000000000 3.6476487901
-216.4000000000 3.6478169248
-216.3000000000 3.6480212673
-216.2000000000 3.6493629541
-216.1000000000 3.6491834526
-216.0000000000 3.6495866724
-215.9000000000 3.6483527089
-215.8000000000 3.6494521278
-215.7000000000 3.6506147599
-215.6000000000 3.6504524974
-215.5000000000 3.6492783981
-215.4000000000 3.6495223714
-215.3000000000 3.6501846954
-215.2000000000 3.6512584522
-215.1000000000 3.6513368900
-215.0000000000 3.6530316087
-214.9000000000 3.6522365568
-214.8000000000 3.6517302197
-214.7000000000 3.6520398947
-214.6000000000 3.6524167870
-214.5000000000 3.6519229539
-214.4000000000 3.6518101621
-214.3000000000 3.6520223323
-214.2000000000 3.6505126284
-214.1000000000 3.6494133394
-214.0000000000 3.6499403582
-213.9000000000 3.6490600932
-213.8000000000 3.6490019463
-213.7000000000 3.6485069360
-213.6000000000 3.6489188503
-213.5000000000 3.6490041020
-213.4000000000 3.6488698772
-213.3000000000 3.6490953982
-213.2000000000 3.6489476362
-213.1000000000 3.6476482178
-213.0000000000 3.6490287426
-212.9000000000 3.6491175949
-212.8000000000 3.6483575408
-212.7000000000 3.6495303288
-212.6000000000 3.6473526936
-212.5000000000 3.6482884701
-212.4000000000 3.6484501767
-212.3000000000 3.6488265182
-212.2000000000 3.6480894413
-212.1000000000 3.6452402042
-212.0000000000 3.6465278685
-211.9000000000 3.6470812328
-211.8000000000 3.6475814547
-211.7000000000 3.6478566125
-211.6000000000 3.6461137618
-211.5000000000 3.6467287850
-211.4000000000 3.6442044463
-211.3000000000 3.6445667723
-211.2000000000 3.6457270217
-211.1000000000 3.6457522865
-211.0000000000 3.6455572344
-210.9000000000 3.6458206375
-210.8000000000 3.6477949539
-210.7000000000 3.6479249683
-210.6000000000 3.6474514872
-210.5000000000 3.6483839626
-210.4000000000 3.6478194821
-210.3000000000 3.6473072638
-210.2000000000 3.6477495615
-210.1000000000 3.6472397122
-210.0000000000 3.6465365346
-209.9000000000 3.6467315561
-209.8000000000 3.6464390112
-209.7000000000 3.6472565689
-209.6000000000 3.6478571610
-209.5000000000 3.6488203505
-209.4000000000 3.6487140295
-209.3000000000 3.6478435501
-209.2000000000 3.6449664125
-209.1000000000 3.6447957504
-209.0000000000 3.6447185709
-208.9000000000 3.6431922792
-208.8000000000 3.6441869117
-208.7000000000 3.6432156810
-208.6000000000 3.6438350467
-208.5000000000 3.6431903511
-208.4000000000 3.6441172089
-208.3000000000 3.6446393646
-208.2000000000 3.6429939919
-208.1000000000 3.6428878753
-208.0000000000 3.6414069857
-207.9000000000 3.6412953679
-207.8000000000 3.6410183993
-207.7000000000 3.6389446687
-207.6000000000 3.6392398830
-207.5000000000 3.6400547924
-207.4000000000 3.6413061607
-207.3000000000 3.6412427410
-207.2000000000 3.6409865818
-207.1000000000 3.6409330473
-207.0000000000 3.6407799750
-206.9000000000 3.6417248646
-206.8000000000 3.6420615626
-206.7000000000 3.6423905172
-206.6000000000 3.6426437902
-206.5000000000 3.6428733109
-206.4000000000 3.6411188025
-206.3000000000 3.6407787818
-206.2000000000 3.6415021790
-206.1000000000 3.6407084176
-206.0000000000 3.6391869156
-205.9000000000 3.6389688791
-205.8000000000 3.6410181715
-205.7000000000 3.6408806749
-205.6000000000 3.6402624199
-205.5000000000 3.6399309116
-205.4000000000 3.6400691596
-205.3000000000 3.6396290249
-205.2000000000 3.6394937399
-205.1000000000 3.6398350553
-205.0000000000 3.6393253634
-204.9000000000 3.6395643785
-204.8000000000 3.6395607366
-204.7000000000 3.6378335022
-204.6000000000 3.6380094346
-204.5000000000 3.6357260992
-204.4000000000 3.6369768963
-204.3000000000 3.6368471637
-204.2000000000 3.6367276468
-204.1000000000 3.6379424443
-204.0000000000 3.6383125923
-203.9000000000 3.6378553401
-203.8000000000 3.6377401242
-203.7000000000 3.6352909483
-203.6000000000 3.6347665454
-203.5000000000 3.6359486065
-203.4000000000 3.6353833205
-203.3000000000 3.6355528750
-203.2000000000 3.6356627563
-203.1000000000 3.6355018848
-203.0000000000 3.6360038951
-202.9000000000 3.6362362336
-202.8000000000 3.6369233811
-202.7000000000 3.6375026771
-202.6000000000 3.6376098166
-202.5000000000 3.6388351935
-202.4000000000 3.6379925800
-202.3000000000 3.6400317156
-202.2000000000 3.6407908847
-202.1000000000 3.6403344925
-202.0000000000 3.6395102945
-201.9000000000 3.6390856494
-201.8000000000 3.6395764868
-201.7000000000 3.6408127057
-201.6000000000 3.6405539966
-201.5000000000 3.6420960471
-201.4000000000 3.6421149805
-201.3000000000 3.6433348175
-201.2000000000 3.6402665668
-201.1000000000 3.6402159987
-201.0000000000 3.6410483074
-200.9000000000 3.6398248903
-200.8000000000 3.6393436957
-200.7000000000 3.6405540457
-200.6000000000 3.6398308141
-200.5000000000 3.6398539012
-200.4000000000 3.6410117723
-200.3000000000 3.6410755461
-200.2000000000 3.6438666026
-200.1000000000 3.6433100640
-200.0000000000 3.6449911804
-199.9000000000 3.6443783915
-199.8000000000 3.6427173818
-199.7000000000 3.6431263583
-199.6000000000 3.6428594437
-199.5000000000 3.6420374551
-199.4000000000 3.6428124190
-199.3000000000 3.6437527238
-199.2000000000 3.6440626807
-199.1000000000 3.6440294660
-199.0000000000 3.6432250017
-198.9000000000 3.6423573628
-198.8000000000 3.6414579881
-198.7000000000 3.6417294889
-198.6000000000 3.6425232527
-198.5000000000 3.6414846123
-198.4000000000 3.6408425073
-198.3000000000 3.6412572973
-198.2000000000 3.6402519763
-198.1000000000 3.6400038658
-198.0000000000 3.6394696527
-197.9000000000 3.6408620205
-197.8000000000 3.6419829430
-197.7000000000 3.6420776584
-197.6000000000 3.6415450567
-197.5000000000 3.6427928321
-197.4000000000 3.6419504828
-197.3000000000 3.6422241662
-197.2000000000 3.6415346365
-197.1000000000 3.6428544284
-197.0000000000 3.6444458664
-196.9000000000 3.6437937980
-196.8000000000 3.6442630740
-196.7000000000 3.6450534858
-196.6000000000 3.6445101175
-196.5000000000 3.6443049478
-196.4000000000 3.6447767883
-196.3000000000 3.6426436360
-196.2000000000 3.6418250640
-196.1000000000 3.6425761581
-196.0000000000 3.6406891806
-195.9000000000 3.6427582259
-195.8000000000 3.6434436051
-195.7000000000 3.6432132878
-195.6000000000 3.6422525766
-195.5000000000 3.6416674344
-195.4000000000 3.6426157194
-195.3000000000 3.6415939126
-195.2000000000 3.6434989569
-195.1000000000 3.6425797711
-195.0000000000 3.6421736423
-194.9000000000 3.6428641805
-194.8000000000 3.6428272384
-194.7000000000 3.6423714123
-194.6000000000 3.6430347437
-194.5000000000 3.6430451294
-194.4000000000 3.6437118239
-194.3000000000 3.6432620100
-194.2000000000 3.6427412727
-194.1000000000 3.6406036803
-194.0000000000 3.6403461678
-193.9000000000 3.6409754786
-193.8000000000 3.6426174391
-193.7000000000 3.6420939364
-193.6000000000 3.6433345685
-193.5000000000 3.6428178358
-193.4000000000 3.6433771485
-193.3000000000 3.6447709977
-193.2000000000 3.6466357769
-193.1000000000 3.6468222271
-193.0000000000 3.6460829697
-192.9000000000 3.6458819822
-192.8000000000 3.6471030024
-192.7000000000 3.6473419992
-192.6000000000 3.6474083212
-192.5000000000 3.6461966248
-192.4000000000 3.6469709853
-192.3000000000 3.6453407732
-192.2000000000 3.6446628744
-192.1000000000 3.6454519316
-192.0000000000 3.6455714778
-191.9000000000 3.6445013985
-191.8000000000 3.6448888962
-191.7000000000 3.6435198088
-191.6000000000 3.6449337739
-191.5000000000 3.6454563780
-191.4000000000 3.6451956500
-191.3000000000 3.6454317965
-191.2000000000 3.6462885574
-191.1000000000 3.6454030860
-191.0000000000 3.6458477745
-190.9000000000 3.6459325046
-190.8000000000 3.6457409404
-190.7000000000 3.6485452805
-190.6000000000 3.6476872921
-190.5000000000 3.6473792825
-190.4000000000 3.6479037670
-190.3000000000 3.6491113568
-190.2000000000 3.6482839855
-190.1000000000 3.6482664070
-190.0000000000 3.6473578364
-189.9000000000 3.6479065591
-189.8000000000 3.6456844136
-189.7000000000 3.6463177175
-189.6000000000 3.6465744555
-189.5000000000 3.6470208524
-189.4000000000 3.6475953534
-189.3000000000 3.6473669477
-189.2000000000 3.6486709884
-189.1000000000 3.6497084222
-189.0000000000 3.6506453095
-188.9000000000 3.6486045209
-188.8000000000 3.6480352156
-188.7000000000 3.6469584706
-188.6000000000 3.6463127266
-188.5000000000 3.6458084851
-188.4000000000 3.6465211852
-188.3000000000 3.6466987681
-188.2000000000 3.6462115229
-188.1000000000 3.6460029003
-188.0000000000 3.6468824426
-187.9000000000 3.6477686971
-187.8000000000 3.6473700073
-187.7000000000 3.6474604684
-187.6000000000 3.6479806245
-187.5000000000 3.6488734775
-187.4000000000 3.6492784326
-187.3000000000 3.6488407201
-187.2000000000 3.6489719775
-187.1000000000 3.6495517018
-187.0000000000 3.6490815792
-186.9000000000 3.6491046886
-186.8000000000 3.6497080711
-186.7000000000 3.6488904217
-186.6000000000 3.6475799380
-186.5000000000 3.6455846998
-186.4000000000 3.6455991905
-186.3000000000 3.6463138527
-186.2000000000 3.6453574700
-186.1000000000 3.6453629289
-186.0000000000 3.6460888446
-185.9000000000 3.6448475894
-185.8000000000 3.6446225078
-185.7000000000 3.6436695527
-185.6000000000 3.6460924855
-185.5000000000 3.6465438653
-185.4000000000 3.6456772668
-185.3000000000 3.6461196161
-185.2000000000 3.6442720957
-185.1000000000 3.6435205096
-185.0000000000 3.6443362653
-184.9000000000 3.6437690227
-184.8000000000 3.6455131351
-184.7000000000 3.6458916540
-184.6000000000 3.6471486346
-184.5000000000 3.6471087194
-184.4000000000 3.6466021643
-184.3000000000 3.6462653267
-184.2000000000 3.6465320744
-184.1000000000 3.6460850572
-184.0000000000 3.6461087748
-183.9000000000 3.6467833373
-183.8000000000 3.6456959624
-183.7000000000 3.6456683927
-183.6000000000 3.6473861052
-183.5000000000 3.6462626523
-183.4000000000 3.6474118006
-183.3000000000 3.6472692351
-183.2000000000 3.6478104569
-183.1000000000 3.6484265077
-183.0000000000 3.6480383605
-182.9000000000 3.6481494776
-182.8000000000 3.6466149503
-182.7000000000 3.6469745699
-182.6000000000 3.6470860269
-182.5000000000 3.6489542067
-182.4000000000 3.6496840937
-182.3000000000 3.6497143983
-182.2000000000 3.6493394327
-182.1000000000 3.6494678511
-182.0000000000 3.6506558458
-181.9000000000 3.6490312310
-181.8000000000 3.6480547709
-181.7000000000 3.6462842424
-181.6000000000 3.6457276560
-181.5000000000 3.6456607058
-181.4000000000 3.6472339782
-181.3000000000 3.6466874546
-181.2000000000 3.6465563802
-181.1000000000 3.6479471905
-181.0000000000 3.6500665732
-180.9000000000 3.6512634149
-180.8000000000 3.6515861533
-180.7000000000 3.6513776820
-180.6000000000 3.6518409837
-180.5000000000 3.6530458199
-180.4000000000 3.6537465931
-180.3000000000 3.6545656855
-180.2000000000 3.6552096884
-180.1000000000 3.6537483558
-180.0000000000 3.6526761871
-179.9000000000 3.6538952883
-179.8000000000 3.6539763495
-179.7000000000 3.6533390285
-179.6000000000 3.6562957072
-179.5000000000 3.6551498673
-179.4000000000 3.6539044293
-179.3000000000 3.6541179690
-179.2000000000 3.6564569077
-179.1000000000 3.6538946238
-179.0000000000 3.6521092648
-178.9000000000 3.6532601981
-178.8000000000 3.6548391620
-178.7000000000 3.6545077837
-178.6000000000 3.6556682224
-178.5000000000 3.6536619266
-178.4000000000 3.6528716732
-178.3000000000 3.6532977872
-178.2000000000 3.6540292151
-178.1000000000 3.6539020430
-178.0000000000 3.6535404821
-177.9000000000 3.6542383669
-177.8000000000 3.6542059480
-177.7000000000 3.6537485237
-177.6000000000 3.6525998069
-177.5000000000 3.6515898564
-177.4000000000 3.6513689747
-177.3000000000 3.6511471039
-177.2000000000 3.6511643813
-177.1000000000 3.6516381504
-177.0000000000 3.6522957789
-176.9000000000 3.6523825357
-176.8000000000 3.6525530137
-176.7000000000 3.6517852641
-176.6000000000 3.6505002799
-176.5000000000 3.6519201777
-176.4000000000 3.6516231040
-176.3000000000 3.6511533342
-176.2000000000 3.6528430730
-176.1000000000 3.6530631011
-176.0000000000 3.6517457617
-175.9000000000 3.6528127150
-175.8000000000 3.6543665117
-175.7000000000 3.6545413942
-175.6000000000 3.6546616913
-175.5000000000 3.6547547363
-175.4000000000 3.6549948615
-175.3000000000 3.6556494342
-175.2000000000 3.6553026138
-175.1000000000 3.6538207119
-175.0000000000 3.6529898863
-174.9000000000 3.6531227445
-174.8000000000 3.6529574682
-174.7000000000 3.6533791663
-174.6000000000 3.6540791936
-174.5000000000 3.6538214214
-174.4000000000 3.6528958373
-174.3000000000 3.6536458089
-174.2000000000 3.6534052375
-174.1000000000 3.6532474389
-174.0000000000 3.6536314216
-173.9000000000 3.6555059267
-173.8000000000 3.6548506678
-173.7000000000 3.6562218115
-173.6000000000 3.6559374334
-173.5000000000 3.6549961069
-173.4000000000 3.6551774119
-173.3000000000 3.6548287777
-173.2000000000 3.6557994384
-173.1000000000 3.6566125656
-173.0000000000 3.6562511158
-172.9000000000 3.6584237821
-172.8000000000 3.6587449818
-172.7000000000 3.6584970689
-172.6000000000 3.6588293417
-172.5000000000 3.6577084480
-172.4000000000 3.6585079660
-172.3000000000 3.6590326827
-172.2000000000 3.6597070845
-172.1000000000 3.6575657363
-172.0000000000 3.6575721775
-171.9000000000 3.6582636024
-171.8000000000 3.6586597478
-171.7000000000 3.6581762237
-171.6000000000 3.6588874064
-171.5000000000 3.6609666729
-171.4000000000 3.6607160241
-171.3000000000 3.6601018032
-171.2000000000 3.6581818989
-171.1000000000 3.6580788036
-171.0000000000 3.6572916335
-170.9000000000 3.6577834416
-170.8000000000 3.6592120641
-170.7000000000 3.6601329084
-170.6000000000 3.6582513099
-170.5000000000 3.6582196321
-170.4000000000 3.6566604888
-170.3000000000 3.6577798155
-170.2000000000 3.6584814492
-170.1000000000 3.6581810946
-170.0000000000 3.6578385999
-169.9000000000 3.6595578352
-169.8000000000 3.6595238868
-169.7000000000 3.6603211107
-169.6000000000 3.6611750899
-169.5000000000 3.6631695600
-169.4000000000 3.6638307348
-169.3000000000 3.6631907385
-169.2000000000 3.6649076377
-169.1000000000 3.6652551425
-169.0000000000 3.6630728119
-168.9000000000 3.6621989588
-168.8000000000 3.6628495365
-168.7000000000 3.6624445090
-168.6000000000 3.6631990824
-168.5000000000 3.6637729478
-168.4000000000 3.6622951544
-168.3000000000 3.6623247244
-168.2000000000 3.6642444536
-168.1000000000 3.6639877426
-168.0000000000 3.6628297453
-167.9000000000 3.6643691511
-167.8000000000 3.6637712603
-167.7000000000 3.6650670839
-167.6000000000 3.6664151505
-167.5000000000 3.6680797846
-167.4000000000 3.6686060121
-167.3000000000 3.6695391406
-167.2000000000 3.6680273241
-167.1000000000 3.6685440417
-167.0000000000 3.6680119770
-166.9000000000 3.6675498162
-166.8000000000 3.6673063637
-166.7000000000 3.6671423900
-166.6000000000 3.6666032901
-166.5000000000 3.6663070968
-166.4000000000 3.6679992977
-166.3000000000 3.6684643086
-166.2000000000 3.6682138034
-166.1000000000 3.6664097424
-166.0000000000 3.6661838811
-165.9000000000 3.6670470819
-165.8000000000 3.6684329361
-165.7000000000 3.6683459111
-165.6000000000 3.6680593182
-165.5000000000 3.6690182993
-165.4000000000 3.6695102101
-165.3000000000 3.6695270076
-165.2000000000 3.6689370505
-165.1000000000 3.6685889700
-165.0000000000 3.6683533689
-164.9000000000 3.6679907508
-164.8000000000 3.6679614378
-164.7000000000 3.6688911040
-164.6000000000 3.6702416150
-164.5000000000 3.6707058006
-164.4000000000 3.6699861224
-164.3000000000 3.6695338494
-164.2000000000 3.6685223588
-164.1000000000 3.6677358252
-164.0000000000 3.6677728117
-163.9000000000 3.6686112064
-163.8000000000 3.6680992979
-163.7000000000 3.6683000779
-163.6000000000 3.6663610358
-163.5000000000 3.6673384382
-163.4000000000 3.6685164455
-163.3000000000 3.6689139010
-163.2000000000 3.6694965523
-163.1000000000 3.6693818422
-163.0000000000 3.6694950448
-162.9000000000 3.6693032331
-162.8000000000 3.6688068650
-162.7000000000 3.6698436059
-162.6000000000 3.6706205450
-162.5000000000 3.6696593443
-162.4000000000 3.6708846788
-162.3000000000 3.6711725897
-162.2000000000 3.6725561817
-162.1000000000 3.6694226868
-162.0000000000 3.6706276742
-161.9000000000 3.6703119595
-161.8000000000 3.6702550245
-161.7000000000 3.6713148127
-161.6000000000 3.6702263594
-161.5000000000 3.6707475435
-161.4000000000 3.6706789445
-161.3000000000 3.6718341946
-161.2000000000 3.6701301543
-161.1000000000 3.6705180142
-161.0000000000 3.6701939375
-160.9000000000 3.6701354280
-160.8000000000 3.6702418009
-160.7000000000 3.6713129271
-160.6000000000 3.6711522868
-160.5000000000 3.6709571156
-160.4000000000 3.6712471286
-160.3000000000 3.6703941942
-160.2000000000 3.6707955540
-160.1000000000 3.6704276251
-160.0000000000 3.6701829091
-159.9000000000 3.6695725725
-159.8000000000 3.6691439823
-159.7000000000 3.6696492455
-159.6000000000 3.6671006597
-159.5000000000 3.6675615650
-159.4000000000 3.6637099914
-159.3000000000 3.6644828732
-159.2000000000 3.6644401601
-159.1000000000 3.6649197784
-159.0000000000 3.6647091451
-158.9000000000 3.6649198711
-158.8000000000 3.6655221076
-158.7000000000 3.6668433971
-158.6000000000 3.6655440374
-158.5000000000 3.6616386027
-158.4000000000 3.6626653757
-158.3000000000 3.6637661874
-158.2000000000 3.6632617323
-158.1000000000 3.6632842303
-158.0000000000 3.6636679397
-157.9000000000 3.6642129624
-157.8000000000 3.6643787238
-157.7000000000 3.6642767206
-157.6000000000 3.6647802383
-157.5000000000 3.6633750376
-157.4000000000 3.6655585741
-157.3000000000 3.6668418255
-157.2000000000 3.6659128281
-157.1000000000 3.6665060464
-157.0000000000 3.6668168225
-156.9000000000 3.6657606626
-156.8000000000 3.6670243619
-156.7000000000 3.6681829848
-156.6000000000 3.6678096444
-156.5000000000 3.6680357456
-156.4000000000 3.6685003415
-156.3000000000 3.6694120711
-156.2000000000 3.6696344860
-156.1000000000 3.6686022809
-156.0000000000 3.6689800058
-155.9000000000 3.6685756175
-155.8000000000 3.6699820524
-155.7000000000 3.6683209366
-155.6000000000 3.6679717941
-155.5000000000 3.6655831934
-155.4000000000 3.6660529514
-155.3000000000 3.6629060454
-155.2000000000 3.6639730736
-155.1000000000 3.6640558615
-155.0000000000 3.6646816839
-154.9000000000 3.6633039019
-154.8000000000 3.6627393742
-154.7000000000 3.6635702652
-154.6000000000 3.6643241762
-154.5000000000 3.6643705059
-154.4000000000 3.6647035265
-154.3000000000 3.6644684072
-154.2000000000 3.6632760521
-154.1000000000 3.6632569318
-154.0000000000 3.6638169417
-153.9000000000 3.6623740121
-153.8000000000 3.6629293606
-153.7000000000 3.6641244638
-153.6000000000 3.6629919078
-153.5000000000 3.6632618192
-153.4000000000 3.6637867186
-153.3000000000 3.6627310809
-153.2000000000 3.6637556052
-153.1000000000 3.6645530372
-153.0000000000 3.6652714431
-152.9000000000 3.6659493881
-152.8000000000 3.6640068978
-152.7000000000 3.6640834431
-152.6000000000 3.6645781837
-152.5000000000 3.6655750102
-152.4000000000 3.6658391194
-152.3000000000 3.6663781510
-152.2000000000 3.6669912982
-152.1000000000 3.6679300061
-152.0000000000 3.6668306082
-151.9000000000 3.6669890867
-151.8000000000 3.6675282942
-151.7000000000 3.6670034311
-151.6000000000 3.6656474338
-151.5000000000 3.6639358137
-151.4000000000 3.6642784344
-151.3000000000 3.6643629877
-151.2000000000 3.6636751690
-151.1000000000 3.6630234705
-151.0000000000 3.6637069993
-150.9000000000 3.6630892133
-150.8000000000 3.6612280257
-150.7000000000 3.6621579660
-150.6000000000 3.6609956504
-150.5000000000 3.6611055226
-150.4000000000 3.6627221708
-150.3000000000 3.6634479417
-150.2000000000 3.6634868835
-150.1000000000 3.6638509018
-150.0000000000 3.6639733064
-149.9000000000 3.6624258792
-149.8000000000 3.6630826023
-149.7000000000 3.6628892325
-149.6000000000 3.6635069434
-149.5000000000 3.6638761150
-149.4000000000 3.6645146574
-149.3000000000 3.6651909161
-149.2000000000 3.6644619336
-149.1000000000 3.6634614414
-149.0000000000 3.6649323052
-148.9000000000 3.6637448740
-148.8000000000 3.6632963550
-148.7000000000 3.6640897541
-148.6000000000 3.6633574498
-148.5000000000 3.6611803305
-148.4000000000 3.6621517992
-148.3000000000 3.6630085735
-148.2000000000 3.6631476822
-148.1000000000 3.6617278363
-148.0000000000 3.6612033279
-147.9000000000 3.6602234574
-147.8000000000 3.6589991156
-147.7000000000 3.6580362418
-147.6000000000 3.6597202710
-147.5000000000 3.6588970825
-147.4000000000 3.6593711225
-147.3000000000 3.6598752616
-147.2000000000 3.6593064617
-147.1000000000 3.6579630714
-147.0000000000 3.6575154048
-146.9000000000 3.6573913424
-146.8000000000 3.6587581396
-146.7000000000 3.6574256073
-146.6000000000 3.6581645168
-146.5000000000 3.6572756099
-146.4000000000 3.6551842241
-146.3000000000 3.6559018920
-146.2000000000 3.6550038564
-146.1000000000 3.6569134444
-146.0000000000 3.6575451007
-145.9000000000 3.6574119628
-145.8000000000 3.6579174599
-145.7000000000 3.6566226053
-145.6000000000 3.6572536171
-145.5000000000 3.6581442453
-145.4000000000 3.6577985578
-145.3000000000 3.6572032033
-145.2000000000 3.6561737351
-145.1000000000 3.6560923988
-145.0000000000 3.6572340530
-144.9000000000 3.6567475713
-144.8000000000 3.6572666249
-144.7000000000 3.6554587468
-144.6000000000 3.6538003637
-144.5000000000 3.6536403358
-144.4000000000 3.6536127531
-144.3000000000 3.6530647156
-144.2000000000 3.6529424285
-144.1000000000 3.6538966194
-144.0000000000 3.6517557197
-143.9000000000 3.6508289520
-143.8000000000 3.6521110685
-143.7000000000 3.6519143390
-143.6000000000 3.6528128629
-143.5000000000 3.6537680398
-143.4000000000 3.6538108612
-143.3000000000 3.6534282463
-143.2000000000 3.6550027212
-143.1000000000 3.6557590739
-143.0000000000 3.6564888901
-142.9000000000 3.6549454235
-142.8000000000 3.6544729771
-142.7000000000 3.6546798288
-142.6000000000 3.6540176920
-142.5000000000 3.6538849226
-142.4000000000 3.6544547405
-142.3000000000 3.6552955735
-142.2000000000 3.6553004755
-142.1000000000 3.6556836855
-142.0000000000 3.6563871102
-141.9000000000 3.6550946016
-141.8000000000 3.6530075744
-141.7000000000 3.6535227036
-141.6000000000 3.6535724197
-141.5000000000 3.6521636118
-141.4000000000 3.6526076346
-141.3000000000 3.6541521574
-141.2000000000 3.6550636040
-141.1000000000 3.6541916012
-141.0000000000 3.6537441697
-140.9000000000 3.6543991719
-140.8000000000 3.6540340737
-140.7000000000 3.6550169527
-140.6000000000 3.6544875629
-140.5000000000 3.6561912881
-140.4000000000 3.6567863492
-140.3000000000 3.6575243740
-140.2000000000 3.6572000119
-140.1000000000 3.6556800012
-140.0000000000 3.6548940588
-139.9000000000 3.6551520515
-139.8000000000 3.6551933620
-139.7000000000 3.6547200642
-139.6000000000 3.6553387501
-139.5000000000 3.6561444110
-139.4000000000 3.6564400316
-139.3000000000 3.6541198601
-139.2000000000 3.6540928794
-139.1000000000 3.6552686543
-139.0000000000 3.6561822537
-138.9000000000 3.6516234919
-138.8000000000 3.6518199034
-138.7000000000 3.6527921791
-138.6000000000 3.6527495393
-138.5000000000 3.6518415677
-138.4000000000 3.6537447050
-138.3000000000 3.6537022689
-138.2000000000 3.6526842325
-138.1000000000 3.6512295795
-138.0000000000 3.6502494238
-137.9000000000 3.6504641947
-137.8000000000 3.6500516415
-137.7000000000 3.6489112754
-137.6000000000 3.6507844548
-137.5000000000 3.6494708659
-137.4000000000 3.6494845196
-137.3000000000 3.6497529970
-137.2000000000 3.6484276083
-137.1000000000 3.6488383342
-137.0000000000 3.6478511740
-136.9000000000 3.6471643893
-136.8000000000 3.6455384643
-136.7000000000 3.6473121081
-136.6000000000 3.6465888004
-136.5000000000 3.6465570751
-136.4000000000 3.6468780119
-136.3000000000 3.6487117071
-136.2000000000 3.6508349025
-136.1000000000 3.6503364144
-136.0000000000 3.6500677425
-135.9000000000 3.6517026133
-135.8000000000 3.6515236947
-135.7000000000 3.6519586440
-135.6000000000 3.6520792512
-135.5000000000 3.6519541353
-135.4000000000 3.6519622654
-135.3000000000 3.6530058043
-135.2000000000 3.6536612838
-135.1000000000 3.6529556864
-135.0000000000 3.6525313914
-134.9000000000 3.6528792938
-134.8000000000 3.6530166455
-134.7000000000 3.6527683429
-134.6000000000 3.6513410619
-134.5000000000 3.6507717969
-134.4000000000 3.6502835221
-134.3000000000 3.6504996366
-134.2000000000 3.6500888811
-134.1000000000 3.6496472385
-134.0000000000 3.6493510019
-133.9000000000 3.6489773194
-133.8000000000 3.6487110071
-133.7000000000 3.6470460543
-133.6000000000 3.6459702434
-133.5000000000 3.6467444021
-133.4000000000 3.6472690924
-133.3000000000 3.6494218854
-133.2000000000 3.6492803436
-133.1000000000 3.6501660783
-133.0000000000 3.6498055297
-132.9000000000 3.6479543054
-132.8000000000 3.6469986898
-132.7000000000 3.6471350632
-132.6000000000 3.6476688464
-132.5000000000 3.6487331803
-132.4000000000 3.6488944128
-132.3000000000 3.6486184186
-132.2000000000 3.6484927452
-132.1000000000 3.6490581227
-132.0000000000 3.6493789515
-131.9000000000 3.6488132193
-131.8000000000 3.6488184377
-131.7000000000 3.6482121442
-131.6000000000 3.6485015783
-131.5000000000 3.6502759438
-131.4000000000 3.6495230985
-131.3000000000 3.6492368383
-131.2000000000 3.6481218444
-131.1000000000 3.6481937699
-131.0000000000 3.6482145393
-130.9000000000 3.6488910899
-130.8000000000 3.6492270398
-130.7000000000 3.6487628100
-130.6000000000 3.6476805517
-130.5000000000 3.6493226128
-130.4000000000 3.6497009244
-130.3000000000 3.6505858042
-130.2000000000 3.6506850025
-130.1000000000 3.6514551151
-130.0000000000 3.6516302427
-129.9000000000 3.6497744019
-129.8000000000 3.6486690810
-129.7000000000 3.6479804916
-129.6000000000 3.6466728977
-129.5000000000 3.6465904528
-129.4000000000 3.6467775677
-129.3000000000 3.6472081537
-129.2000000000 3.6466185260
-129.1000000000 3.6471337795
-129.0000000000 3.6471388524
-128.9000000000 3.6478597954
-128.8000000000 3.6482629095
-128.7000000000 3.6496338155
-128.6000000000 3.6492307800
-128.5000000000 3.6501844828
-128.4000000000 3.6509035067
-128.3000000000 3.6520337775
-128.2000000000 3.6514561985
-128.1000000000 3.6513826853
-128.0000000000 3.6525388896
-127.9000000000 3.6511848497
-127.8000000000 3.6499140163
-127.7000000000 3.6500846474
-127.6000000000 3.6496762822
-127.5000000000 3.6492173248
-127.4000000000 3.6468687917
-127.3000000000 3.6471312065
-127.2000000000 3.6473548362
-127.1000000000 3.6472801321
-127.0000000000 3.6487274199
-126.9000000000 3.6477360816
-126.8000000000 3.6475711351
-126.7000000000 3.6471796558
-126.6000000000 3.6470996830
-126.5000000000 3.6464351839
-126.4000000000 3.6473322687
-126.3000000000 3.6478812734
-126.2000000000 3.6473960995
-126.1000000000 3.6478998917
-126.0000000000 3.6476489791
-125.9000000000 3.6473930171
-125.8000000000 3.6474491949
-125.7000000000 3.6484734321
-125.6000000000 3.6490831254
-125.5000000000 3.6487351391
-125.4000000000 3.6495826111
-125.3000000000 3.6495247522
-125.2000000000 3.6508337680
-125.1000000000 3.6505996900
-125.0000000000 3.6511487402
-124.9000000000 3.6510745407
-124.8000000000 3.6523394900
-124.7000000000 3.6528989949
-124.6000000000 3.6522967046
-124.5000000000 3.6546988161
-124.4000000000 3.6563848868
-124.3000000000 3.6558759129
-124.2000000000 3.6548707109
-124.1000000000 3.6552657063
-124.0000000000 3.6549962124
-123.9000000000 3.6544854603
-123.8000000000 3.6548179321
-123.7000000000 3.6541941758
-123.6000000000 3.6531300541
-123.5000000000 3.6531502878
-123.4000000000 3.6516434287
-123.3000000000 3.6507987444
-123.2000000000 3.6508737317
-123.1000000000 3.6505551307
-123.0000000000 3.6509529151
-122.9000000000 3.6497616951
-122.8000000000 3.6508453401
-122.7000000000 3.6505066934
-122.6000000000 3.6498661567
-122.5000000000 3.6495059487
-122.4000000000 3.6494358668
-122.3000000000 3.6484230144
-122.2000000000 3.6478294140
-122.1000000000 3.6474651053
-122.0000000000 3.6478979641
-121.9000000000 3.6487878052
-121.8000000000 3.6490149861
-121.7000000000 3.6493615797
-121.6000000000 3.6503219737
-121.5000000000 3.6503119643
-121.4000000000 3.6494748079
-121.3000000000 3.6504442897
-121.2000000000 3.6502775398
-121.1000000000 3.6493044940
-121.0000000000 3.6493948055
-120.9000000000 3.6482232123
-120.8000000000 3.6491453058
-120.7000000000 3.6482857820
-120.6000000000 3.6472379730
-120.5000000000 3.6456788518
-120.4000000000 3.6460733770
-120.3000000000 3.6476304365
-120.2000000000 3.6474167991
-120.1000000000 3.6473854343
-120.0000000000 3.6468599370
-119.9000000000 3.6474898015
-119.8000000000 3.6472962087
-119.7000000000 3.6481209578
-119.6000000000 3.6475409956
-119.5000000000 3.6488359774
-119.4000000000 3.6498882109
-119.3000000000 3.6503281233
-119.2000000000 3.6504313566
-119.1000000000 3.6487968207
-119.0000000000 3.6494303270
-118.9000000000 3.6490846007
-118.8000000000 3.6488672446
-118.7000000000 3.6486220508
-118.6000000000 3.6483654509
-118.5000000000 3.6480692154
-118.4000000000 3.6476454076
-118.3000000000 3.6484270079
-118.2000000000 3.6475681527
-118.1000000000 3.6464052293
-118.0000000000 3.6460574494
-117.9000000000 3.6452616144
-117.8000000000 3.6462135730
-117.7000000000 3.6468741101
-117.6000000000 3.6470341967
-117.5000000000 3.6479401122
-117.4000000000 3.6465655207
-117.3000000000 3.6475513932
-117.2000000000 3.6467849664
-117.1000000000 3.6473270576
-117.0000000000 3.6478594908
-116.9000000000 3.6466630857
-116.8000000000 3.6453081532
-116.7000000000 3.6461281933
-116.6000000000 3.6464534945
-116.5000000000 3.6476041912
-116.4000000000 3.6474983343
-116.3000000000 3.6462269293
-116.2000000000 3.6463974643
-116.1000000000 3.6470339868
-116.0000000000 3.6479624395
-115.9000000000 3.6493228041
-115.8000000000 3.6490861122
-115.7000000000 3.6485558617
-115.6000000000 3.6507154447
-115.5000000000 3.6506086730
-115.4000000000 3.6499850572
-115.3000000000 3.6511075522
-115.2000000000 3.6503977910
-115.1000000000 3.6478877072
-115.0000000000 3.6484930488
-114.9000000000 3.6476215009
-114.8000000000 3.6476001875
-114.7000000000 3.6486055856
-114.6000000000 3.6494413660
-114.5000000000 3.6514332825
-114.4000000000 3.6502265688
-114.3000000000 3.6497998688
-114.2000000000 3.6502987197
-114.1000000000 3.6501784586
-114.0000000000 3.6500173848
-113.9000000000 3.6514101624
-113.8000000000 3.6516380412
-113.7000000000 3.6524354345
-113.6000000000 3.6514749488
-113.5000000000 3.6514817408
-113.4000000000 3.6527941541
-113.3000000000 3.6535750517
-113.2000000000 3.6539077938
-113.1000000000 3.6544188108
-113.0000000000 3.6521127649
-112.9000000000 3.6526267537
-112.8000000000 3.6525108173
-112.7000000000 3.6540271464
-112.6000000000 3.6541422214
-112.5000000000 3.6544891068
-112.4000000000 3.6541271929
-112.3000000000 3.6549220290
-112.2000000000 3.6559392471
-112.1000000000 3.6557954759
-112.0000000000 3.6579468343
-111.9000000000 3.6580787754
-111.8000000000 3.6571697024
-111.7000000000 3.6575973429
-111.6000000000 3.6558363373
-111.5000000000 3.6560685946
-111.4000000000 3.6567988133
-111.3000000000 3.6570889280
-111.2000000000 3.6572472232
-111.1000000000 3.6553385430
-111.0000000000 3.6556344985
-110.9000000000 3.6561572038
-110.8000000000 3.6563297919
-110.7000000000 3.6575302561
-110.6000000000 3.6576437067
-110.5000000000 3.6590359611
-110.4000000000 3.6571513895
-110.3000000000 3.6562166394
-110.2000000000 3.6582278201
-110.1000000000 3.6588577196
-110.0000000000 3.6578063921
-109.9000000000 3.6573210822
-109.8000000000 3.6577402852
-109.7000000000 3.6574597436
-109.6000000000 3.6573933621
-109.5000000000 3.6585559353
-109.4000000000 3.6587674194
-109.3000000000 3.6581118656
-109.2000000000 3.6572205491
-109.1000000000 3.6583137615
-109.0000000000 3.6585180962
-108.9000000000 3.6584871335
-108.8000000000 3.6580251174
-108.7000000000 3.6581092914
-108.6000000000 3.6590358595
-108.5000000000 3.6600661250
-108.4000000000 3.6595267092
-108.3000000000 3.6592486770
-108.2000000000 3.6601909957
-108.1000000000 3.6603875189
-108.0000000000 3.6588635927
-107.9000000000 3.6572408572
-107.8000000000 3.6570920365
-107.7000000000 3.6575980762
-107.6000000000 3.6589342762
-107.5000000000 3.6578434949
-107.4000000000 3.6586405895
-107.3000000000 3.6599493095
-107.2000000000 3.6587905411
-107.1000000000 3.6591595276
-107.0000000000 3.6588218013
-106.9000000000 3.6588006979
-106.8000000000 3.6597323943
-106.7000000000 3.6604949460
-106.6000000000 3.6601801803
-106.5000000000 3.6592385554
-106.4000000000 3.6568393956
-106.3000000000 3.6552310113
-106.2000000000 3.6562278943
-106.1000000000 3.6547355241
-106.0000000000 3.6554497007
-105.9000000000 3.6554497678
-105.8000000000 3.6579119929
-105.7000000000 3.6573053406
-105.6000000000 3.6558330877
-105.5000000000 3.6530993296
-105.4000000000 3.6553660822
-105.3000000000 3.6557030487
-105.2000000000 3.6578157255
-105.1000000000 3.6593187217
-105.0000000000 3.6606427574
-104.9000000000 3.6607985389
-104.8000000000 3.6595528815
-104.7000000000 3.6596276484
-104.6000000000 3.6605942159
-104.5000000000 3.6614359754
-104.4000000000 3.6620599546
-104.3000000000 3.6602324656
-104.2000000000 3.6603557363
-104.1000000000 3.6603015423
-104.0000000000 3.6601599886
-103.9000000000 3.6600759381
-103.8000000000 3.6602984641
-103.7000000000 3.6594735550
-103.6000000000 3.6605589924
-103.5000000000 3.6601097667
-103.4000000000 3.6607231151
-103.3000000000 3.6607575302
-103.2000000000 3.6606717050
-103.1000000000 3.6610877597
-103.0000000000 3.6591752210
-102.9000000000 3.6565805572
-102.8000000000 3.6576139148
-102.7000000000 3.6573411731
-102.6000000000 3.6562925521
-102.5000000000 3.6555267795
-102.4000000000 3.6570469985
-102.3000000000 3.6549309023
-102.2000000000 3.6560553466
-102.1000000000 3.6559118192
-102.0000000000 3.6563271221
-101.9000000000 3.6567626867
-101.8000000000 3.6564770775
-101.7000000000 3.6573333412
-101.6000000000 3.6590443985
-101.5000000000 3.6566189734
-101.4000000000 3.6560491297
-101.3000000000 3.6554826398
-101.2000000000 3.6559714596
-101.1000000000 3.6548726044
-101.0000000000 3.6549812404
-100.9000000000 3.6548222661
-100.8000000000 3.6538145875
-100.7000000000 3.6553052215
-100.6000000000 3.6533571837
-100.5000000000 3.6537079883
-100.4000000000 3.6557369115
-100.3000000000 3.6556961748
-100.2000000000 3.6538428547
-100.1000000000 3.6558639619
-100.0000000000 3.6576783082
-99.9000000000 3.6572923882
-99.8000000000 3.6585843745
-99.7000000000 3.6593899235
-99.6000000000 3.6596129430
-99.5000000000 3.6594081124
-99.4000000000 3.6599054442
-99.3000000000 3.6591153877
-99.2000000000 3.6595174918
-99.1000000000 3.6601320264
-99.0000000000 3.6601172971
-98.9000000000 3.6587594768
-98.8000000000 3.6595774092
-98.7000000000 3.6623785876
-98.6000000000 3.6602413471
-98.5000000000 3.6593345320
-98.4000000000 3.6603584500
-98.3000000000 3.6605158863
-98.2000000000 3.6611226153
-98.1000000000 3.6622146540
-98.0000000000 3.6620456960
-97.9000000000 3.6598095545
-97.8000000000 3.6623073773
-97.7000000000 3.6611541347
-97.6000000000 3.6618345223
-97.5000000000 3.6616188562
-97.4000000000 3.6610686020
-97.3000000000 3.6617028503
-97.2000000000 3.6626931455
-97.1000000000 3.6633043438
-97.0000000000 3.6623427093
-96.9000000000 3.6623640450
-96.8000000000 3.6625721953
-96.7000000000 3.6615447032
-96.6000000000 3.6614610339
-96.5000000000 3.6628012128
-96.4000000000 3.6619506363
-96.3000000000 3.6613263817
-96.2000000000 3.6608045136
-96.1000000000 3.6610629465
-96.0000000000 3.6617442809
-95.9000000000 3.6600271590
-95.8000000000 3.6599287098
-95.7000000000 3.6598821569
-95.6000000000 3.6592916474
-95.5000000000 3.6598632781
-95.4000000000 3.6605635919
-95.3000000000 3.6620238560
-95.2000000000 3.6633165383
-95.1000000000 3.6624374794
-95.0000000000 3.6608644861
-94.9000000000 3.6604050699
-94.8000000000 3.6586604994
-94.7000000000 3.6597656329
-94.6000000000 3.6596555876
-94.5000000000 3.6584192566
-94.4000000000 3.6573414238
-94.3000000000 3.6572047596
-94.2000000000 3.6575095992
-94.1000000000 3.6580672346
-94.0000000000 3.6560342507
-93.9000000000 3.6562059621
-93.8000000000 3.6568937232
-93.7000000000 3.6583527892
-93.6000000000 3.6587288827
-93.5000000000 3.6606461719
-93.4000000000 3.6608791989
-93.3000000000 3.6588176937
-93.2000000000 3.6587919147
-93.1000000000 3.6579352139
-93.0000000000 3.6576984210
-92.9000000000 3.6574870616
-92.8000000000 3.6592721019
-92.7000000000 3.6595216409
-92.6000000000 3.6599290507
-92.5000000000 3.6610949653
-92.4000000000 3.6617809104
-92.3000000000 3.6615875248
-92.2000000000 3.6606792729
-92.1000000000 3.6609514701
-92.0000000000 3.6601428095
-91.9000000000 3.6593090745
-91.8000000000 3.6578964507
-91.7000000000 3.6587477763
-91.6000000000 3.6586444975
-91.5000000000 3.6597601197
-91.4000000000 3.6610436227
-91.3000000000 3.6606480735
-91.2000000000 3.6598630517
-91.1000000000 3.6600600985
-91.0000000000 3.6600901956
-90.9000000000 3.6595348977
-90.8000000000 3.6591927795
-90.7000000000 3.6600620547
-90.6000000000 3.6593906185
-90.5000000000 3.6584688090
-90.4000000000 3.6588027727
-90.3000000000 3.6596656215
-90.2000000000 3.6596761499
-90.1000000000 3.6599735355
-90.0000000000 3.6590856953
-89.9000000000 3.6592789845
-89.8000000000 3.6600794906
-89.7000000000 3.6574072267
-89.6000000000 3.6586388378
-89.5000000000 3.6590556810
-89.4000000000 3.6596991834
-89.3000000000 3.6594498945
-89.2000000000 3.6600066962
-89.1000000000 3.6605075677
-89.0000000000 3.6596109788
-88.9000000000 3.6599006243
-88.8000000000 3.6602175215
-88.7000000000 3.6597701421
-88.6000000000 3.6609184990
-88.5000000000 3.6599919997
-88.4000000000 3.6601229457
-88.3000000000 3.6588328672
-88.2000000000 3.6593597207
-88.1000000000 3.6594029567
-88.0000000000 3.6585144343
-87.9000000000 3.6569955578
-87.8000000000 3.6555030271
-87.7000000000 3.6581097256
-87.6000000000 3.6569352180
-87.5000000000 3.6578103489
-87.4000000000 3.6599690318
-87.3000000000 3.6600201453
-87.2000000000 3.6610685635
-87.1000000000 3.6629270093
-87.0000000000 3.6611315099
-86.9000000000 3.6623102390
-86.8000000000 3.6621846866
-86.7000000000 3.6614859828
-86.6000000000 3.6628573188
-86.5000000000 3.6624879448
-86.4000000000 3.6596222956
-86.3000000000 3.6596592200
-86.2000000000 3.6593718455
-86.1000000000 3.6603587017
-86.0000000000 3.6611142184
-85.9000000000 3.6610112948
-85.8000000000 3.6625472126
-85.7000000000 3.6611849011
-85.6000000000 3.6615094215
-85.5000000000 3.6622620469
-85.4000000000 3.6623018633
-85.3000000000 3.6615735078
-85.2000000000 3.6605319486
-85.1000000000 3.6612586401
-85.0000000000 3.6604821991
-84.9000000000 3.6610826132
-84.8000000000 3.6611327748
-84.7000000000 3.6616241622
-84.6000000000 3.6615291557
-84.5000000000 3.6614860965
-84.4000000000 3.6621382249
-84.3000000000 3.6644200049
-84.2000000000 3.6639821958
-84.1000000000 3.6642658658
-84.0000000000 3.6623938939
-83.9000000000 3.6626448077
-83.8000000000 3.6630050761
-83.7000000000 3.6629995397
-83.6000000000 3.6628889632
-83.5000000000 3.6634302472
-83.4000000000 3.6639806074
-83.3000000000 3.6653465045
-83.2000000000 3.6650046698
-83.1000000000 3.6643140073
-83.0000000000 3.6644903102
-82.9000000000 3.6636825544
-82.8000000000 3.6628010680
-82.7000000000 3.6632369566
-82.6000000000 3.6640822335
-82.5000000000 3.6661284640
-82.4000000000 3.6664789926
-82.3000000000 3.6677165902
-82.2000000000 3.6670847229
-82.1000000000 3.6655843290
-82.0000000000 3.6662130052
-81.9000000000 3.6677987256
-81.8000000000 3.6683846538
-81.7000000000 3.6684877886
-81.6000000000 3.6670686283
-81.5000000000 3.6673347201
-81.4000000000 3.6679231548
-81.3000000000 3.6688262181
-81.2000000000 3.6684095963
-81.1000000000 3.6677503523
-81.0000000000 3.6674691705
-80.9000000000 3.6682634802
-80.8000000000 3.6680083638
-80.7000000000 3.6656689538
-80.6000000000 3.6643715424
-80.5000000000 3.6636497074
-80.4000000000 3.6633248978
-80.3000000000 3.6636890246
-80.2000000000 3.6641990549
-80.1000000000 3.6643847495
-80.0000000000 3.6635816712
-79.9000000000 3.6625208665
-79.8000000000 3.6626439944
-79.7000000000 3.6626387135
-79.6000000000 3.6635578271
-79.5000000000 3.6629976269
-79.4000000000 3.6626589257
-79.3000000000 3.6641439867
-79.2000000000 3.6629937131
-79.1000000000 3.6640045672
-79.0000000000 3.6638421166
-78.9000000000 3.6638708438
-78.8000000000 3.6633335968
-78.7000000000 3.6620592210
-78.6000000000 3.6624882796
-78.5000000000 3.6631524159
-78.4000000000 3.6616826864
-78.3000000000 3.6622432137
-78.2000000000 3.6621895925
-78.1000000000 3.6620601300
-78.0000000000 3.6630437518
-77.9000000000 3.6634165353
-77.8000000000 3.6622905890
-77.7000000000 3.6623825792
-77.6000000000 3.6636480562
-77.5000000000 3.6640014713
-77.4000000000 3.6631737437
-77.3000000000 3.6647925391
-77.2000000000 3.6647446884
-77.1000000000 3.6651741058
-77.0000000000 3.6646028881
-76.9000000000 3.6661568611
-76.8000000000 3.6658903886
-76.7000000000 3.6643218831
-76.6000000000 3.6653566388
-76.5000000000 3.6667508489
-76.4000000000 3.6659394784
-76.3000000000 3.6669177839
-76.2000000000 3.6675804521
-76.1000000000 3.6665456309
-76.0000000000 3.6648700692
-75.9000000000 3.6647183391
-75.8000000000 3.6652970365
-75.7000000000 3.6649586749
-75.6000000000 3.6662484509
-75.5000000000 3.6652507117
-75.4000000000 3.6653694999
-75.3000000000 3.6656792994
-75.2000000000 3.6636801232
-75.1000000000 3.6645032480
-75.0000000000 3.6652866443
-74.9000000000 3.6643240621
-74.8000000000 3.6628841662
-74.7000000000 3.6641202937
-74.6000000000 3.6647226909
-74.5000000000 3.6653265746
-74.4000000000 3.6659308370
-74.3000000000 3.6633003233
-74.2000000000 3.6622374710
-74.1000000000 3.6617737124
-74.0000000000 3.6613170473
-73.9000000000 3.6630753356
-73.8000000000 3.6626575659
-73.7000000000 3.6641935497
-73.6000000000 3.6636849949
-73.5000000000 3.6624497776
-73.4000000000 3.6627886843
-73.3000000000 3.6632421800
-73.2000000000 3.6632173767
-73.1000000000 3.6637023517
-73.0000000000 3.6640812943
-72.9000000000 3.6637839953
-72.8000000000 3.6634223323
-72.7000000000 3.6645677643
-72.6000000000 3.6643269835
-72.5000000000 3.6634078977
-72.4000000000 3.6642768921
-72.3000000000 3.6650867166
-72.2000000000 3.6646587756
-72.1000000000 3.6664257177
-72.0000000000 3.6657712200
-71.9000000000 3.6650884509
-71.8000000000 3.6658104090
-71.7000000000 3.6653663367
-71.6000000000 3.6662007638
-71.5000000000 3.6665183558
-71.4000000000 3.6669886783
-71.3000000000 3.6660985767
-71.2000000000 3.6665164009
-71.1000000000 3.6651725195
-71.0000000000 3.6644307601
-70.9000000000 3.6635110700
-70.8000000000 3.6627303632
-70.7000000000 3.6640958885
-70.6000000000 3.6640053683
-70.5000000000 3.6618703224
-70.4000000000 3.6613180392
-70.3000000000 3.6627057709
-70.2000000000 3.6625769092
-70.1000000000 3.6629745288
-70.0000000000 3.6627277356
-69.9000000000 3.6618650314
-69.8000000000 3.6620888574
-69.7000000000 3.6627981740
-69.6000000000 3.6608150113
-69.5000000000 3.6600244140
-69.4000000000 3.6593236478
-69.3000000000 3.6594560685
-69.2000000000 3.6591597461
-69.1000000000 3.6588796417
-69.0000000000 3.6585110749
-68.9000000000 3.6582326635
-68.8000000000 3.6584685713
-68.7000000000 3.6577655316
-68.6000000000 3.6593920386
-68.5000000000 3.6604993302
-68.4000000000 3.6615980599
-68.3000000000 3.6612580306
-68.2000000000 3.6586165531
-68.1000000000 3.6585862237
-68.0000000000 3.6590499961
-67.9000000000 3.6588705008
-67.8000000000 3.6581108665
-67.7000000000 3.6604112999
-67.6000000000 3.6614528511
-67.5000000000 3.6606751222
-67.4000000000 3.6607155507
-67.3000000000 3.6602389442
-67.2000000000 3.6603210881
-67.1000000000 3.6599292914
-67.0000000000 3.6594447594
-66.9000000000 3.6590894692
-66.8000000000 3.6590883688
-66.7000000000 3.6593606441
-66.6000000000 3.6596105852
-66.5000000000 3.6589244901
-66.4000000000 3.6593516273
-66.3000000000 3.6588076651
-66.2000000000 3.6595205786
-66.1000000000 3.6598988644
-66.0000000000 3.6603115165
-65.9000000000 3.6595649086
-65.8000000000 3.6604510502
-65.7000000000 3.6606203385
-65.6000000000 3.6619551031
-65.5000000000 3.6610261954
-65.4000000000 3.6610644519
-65.3000000000 3.6604803834
-65.2000000000 3.6584004380
-65.1000000000 3.6598674674
-65.0000000000 3.6602803358
-64.9000000000 3.6616315604
-64.8000000000 3.6606983906
-64.7000000000 3.6610685183
-64.6000000000 3.6614511608
-64.5000000000 3.6614760882
-64.4000000000 3.6619574666
-64.3000000000 3.6623230298
-64.2000000000 3.6613180493
-64.1000000000 3.6622479437
-64.0000000000 3.6602860200
-63.9000000000 3.6609441444
-63.8000000000 3.6625002890
-63.7000000000 3.6637196261
-63.6000000000 3.6640415448
-63.5000000000 3.6633307898
-63.4000000000 3.6630117287
-63.3000000000 3.6632132455
-63.2000000000 3.6635183400
-63.1000000000 3.6628001979
-63.0000000000 3.6635903710
-62.9000000000 3.6625839625
-62.8000000000 3.6617642221
-62.7000000000 3.6619623242
-62.6000000000 3.6615408614
-62.5000000000 3.6617026187
-62.4000000000 3.6618977230
-62.3000000000 3.6627345955
-62.2000000000 3.6638490946
-62.1000000000 3.6650538222
-62.0000000000 3.6640894490
-61.9000000000 3.6645032289
-61.8000000000 3.6640996251
-61.7000000000 3.6646548830
-61.6000000000 3.6651407108
-61.5000000000 3.6667216215
-61.4000000000 3.6680217291
-61.3000000000 3.6684020088
-61.2000000000 3.6687577526
-61.1000000000 3.6676162673
-61.0000000000 3.6679905729
-60.9000000000 3.6683559323
-60.8000000000 3.6687334774
-60.7000000000 3.6674448922
-60.6000000000 3.6670318698
-60.5000000000 3.6671546524
-60.4000000000 3.6674240907
-60.3000000000 3.6665355062
-60.2000000000 3.6677782923
-60.1000000000 3.6670528075
-60.0000000000 3.6677147352
-59.9000000000 3.6664561769
-59.8000000000 3.6661373020
-59.7000000000 3.6664594073
-59.6000000000 3.6666836945
-59.5000000000 3.6685640118
-59.4000000000 3.6681658612
-59.3000000000 3.6671855591
-59.2000000000 3.6675976810
-59.1000000000 3.6684398985
-59.0000000000 3.6685103190
-58.9000000000 3.6672332711
-58.8000000000 3.6659831703
-58.7000000000 3.6646650635
-58.6000000000 3.6638306891
-58.5000000000 3.6632974595
-58.4000000000 3.6631701087
-58.3000000000 3.6644242976
-58.2000000000 3.6624842512
-58.1000000000 3.6632414251
-58.0000000000 3.6642271761
-57.9000000000 3.6647419233
-57.8000000000 3.6644714174
-57.7000000000 3.6650661080
-57.6000000000 3.6646092811
-57.5000000000 3.6647456473
-57.4000000000 3.6654253092
-57.3000000000 3.6672026719
-57.2000000000 3.6654343941
-57.1000000000 3.6654002645
-57.0000000000 3.6636835730
-56.9000000000 3.6646480226
-56.8000000000 3.6655382599
-56.7000000000 3.6656673792
-56.6000000000 3.6663509826
-56.5000000000 3.6674482726
-56.4000000000 3.6671883640
-56.3000000000 3.6687349233
-56.2000000000 3.6681518345
-56.1000000000 3.6687139544
-56.0000000000 3.6692540643
-55.9000000000 3.6696567431
-55.8000000000 3.6687449616
-55.7000000000 3.6688142807
-55.6000000000 3.6702563239
-55.5000000000 3.6705644532
-55.4000000000 3.6703272906
-55.3000000000 3.6686323049
-55.2000000000 3.6688827097
-55.1000000000 3.6689578783
-55.0000000000 3.6685684651
-54.9000000000 3.6686956117
-54.8000000000 3.6672861638
-54.7000000000 3.6687141445
-54.6000000000 3.6677176400
-54.5000000000 3.6649846707
-54.4000000000 3.6657422212
-54.3000000000 3.6649802186
-54.2000000000 3.6658836001
-54.1000000000 3.6634886396
-54.0000000000 3.6641269029
-53.9000000000 3.6648115593
-53.8000000000 3.6644864068
-53.7000000000 3.6656581432
-53.6000000000 3.6671825246
-53.5000000000 3.6671772553
-53.4000000000 3.6663347661
-53.3000000000 3.6670000317
-53.2000000000 3.6684031694
-53.1000000000 3.6701067284
-53.0000000000 3.6684582529
-52.9000000000 3.6686246886
-52.8000000000 3.6694215159
-52.7000000000 3.6688730882
-52.6000000000 3.6688417137
-52.5000000000 3.6685582065
-52.4000000000 3.6685585629
-52.3000000000 3.6692201850
-52.2000000000 3.6704224512
-52.1000000000 3.6693380295
-52.0000000000 3.6686644766
-51.9000000000 3.6685426602
-51.8000000000 3.6673702385
-51.7000000000 3.6685403372
-51.6000000000 3.6681970412
-51.5000000000 3.6672715609
-51.4000000000 3.6681775835
-51.3000000000 3.6677044549
-51.2000000000 3.6676641811
-51.1000000000 3.6683889257
-51.0000000000 3.6664693580
-50.9000000000 3.6668298468
-50.8000000000 3.6664056090
-50.7000000000 3.6661529451
-50.6000000000 3.6668746079
-50.5000000000 3.6676317000
-50.4000000000 3.6677249909
-50.3000000000 3.6664838633
-50.2000000000 3.6649423335
-50.1000000000 3.6646230553
-50.0000000000 3.6663581544
-49.9000000000 3.6651225663
-49.8000000000 3.6649573970
-49.7000000000 3.6653176456
-49.6000000000 3.6648184662
-49.5000000000 3.6640081250
-49.4000000000 3.6647538272
-49.3000000000 3.6640512311
-49.2000000000 3.6630208573
-49.1000000000 3.6632617277
-49.0000000000 3.6638093073
-48.9000000000 3.6639883524
-48.8000000000 3.6631671700
-48.7000000000 3.6627997786
-48.6000000000 3.6649521412
-48.5000000000 3.6643478340
-48.4000000000 3.6640758594
-48.3000000000 3.6639897491
-48.2000000000 3.6638660374
-48.1000000000 3.6635054843
-48.0000000000 3.6641918801
-47.9000000000 3.6648841521
-47.8000000000 3.6621436182
-47.7000000000 3.6612492823
-47.6000000000 3.6619204807
-47.5000000000 3.6631728933
-47.4000000000 3.6638010474
-47.3000000000 3.6631995096
-47.2000000000 3.6643081925
-47.1000000000 3.6649239864
-47.0000000000 3.6652879912
-46.9000000000 3.6656385399
-46.8000000000 3.6646208635
-46.7000000000 3.6649922355
-46.6000000000 3.6641795640
-46.5000000000 3.6639584628
-46.4000000000 3.6641580568
-46.3000000000 3.6654619885
-46.2000000000 3.6667433783
-46.1000000000 3.6676728653
-46.0000000000 3.6653359963
-45.9000000000 3.6666404111
-45.8000000000 3.6666284834
-45.7000000000 3.6668454156
-45.6000000000 3.6668924297
-45.5000000000 3.6679837946
-45.4000000000 3.6680459092
-45.3000000000 3.6673529225
-45.2000000000 3.6653550774
-45.1000000000 3.6658926354
-45.0000000000 3.6661974221
-44.9000000000 3.6655750264
-44.8000000000 3.6653426897
-44.7000000000 3.6643479024
-44.6000000000 3.6651951996
-44.5000000000 3.6660810918
-44.4000000000 3.6664925226
-44.3000000000 3.6669565194
-44.2000000000 3.6689267262
-44.1000000000 3.6701823835
-44.0000000000 3.6715444638
-43.9000000000 3.6717107484
-43.8000000000 3.6709339238
-43.7000000000 3.6693624554
-43.6000000000 3.6700548735
-43.5000000000 3.6707523991
-43.4000000000 3.6720049520
-43.3000000000 3.6715275935
-43.2000000000 3.6718800209
-43.1000000000 3.6716351341
-43.0000000000 3.6720738725
-42.9000000000 3.6728944376
-42.8000000000 3.6718445490
-42.7000000000 3.6716966096
-42.6000000000 3.6722069071
-42.5000000000 3.6732884151
-42.4000000000 3.6732760186
-42.3000000000 3.6743049032
-42.2000000000 3.6754195627
-42.1000000000 3.6753241699
-42.0000000000 3.6741370217
-41.9000000000 3.6745042603
-41.8000000000 3.6739435762
-41.7000000000 3.6736096092
-41.6000000000 3.6735320863
-41.5000000000 3.6723610715
-41.4000000000 3.6721488074
-41.3000000000 3.6727499205
-41.2000000000 3.6736409143
-41.1000000000 3.6729603552
-41.0000000000 3.6746076441
-40.9000000000 3.6757316219
-40.8000000000 3.6742902875
-40.7000000000 3.6739537703
-40.6000000000 3.6742173989
-40.5000000000 3.6736978085
-40.4000000000 3.6743605971
-40.3000000000 3.6720732839
-40.2000000000 3.6720759067
-40.1000000000 3.6703451576
-40.0000000000 3.6712221463
-39.9000000000 3.6718381032
-39.8000000000 3.6710066183
-39.7000000000 3.6714157334
-39.6000000000 3.6703972386
-39.5000000000 3.6710640324
-39.4000000000 3.6711027817
-39.3000000000 3.6696561275
-39.2000000000 3.6705319449
-39.1000000000 3.6722664263
-39.0000000000 3.6717587507
-38.9000000000 3.6716306194
-38.8000000000 3.6709307726
-38.7000000000 3.6710471840
-38.6000000000 3.6704823081
-38.5000000000 3.6697338653
-38.4000000000 3.6714302382
-38.3000000000 3.6707300415
-38.2000000000 3.6704280917
-38.1000000000 3.6719232561
-38.0000000000 3.6708284188
-37.9000000000 3.6721830160
-37.8000000000 3.6739501193
-37.7000000000 3.6749352542
-37.6000000000 3.6740458088
-37.5000000000 3.6733549821
-37.4000000000 3.6726661418
-37.3000000000 3.6720625814
-37.2000000000 3.6696055841
-37.1000000000 3.6695621870
-37.0000000000 3.6696330458
-36.9000000000 3.6701113430
-36.8000000000 3.6715357681
-36.7000000000 3.6703353591
-36.6000000000 3.6707175043
-36.5000000000 3.6703049023
-36.4000000000 3.6695780084
-36.3000000000 3.6695664352
-36.2000000000 3.6695988103
-36.1000000000 3.6699589986
-36.0000000000 3.6684363030
-35.9000000000 3.6682587543
-35.8000000000 3.6698263260
-35.7000000000 3.6705127778
-35.6000000000 3.6701554742
-35.5000000000 3.6720469246
-35.4000000000 3.6724167699
-35.3000000000 3.6729099890
-35.2000000000 3.6722364717
-35.1000000000 3.6718211679
-35.0000000000 3.6724564637
-34.9000000000 3.6719827924
-34.8000000000 3.6716690266
-34.7000000000 3.6721854955
-34.6000000000 3.6695368869
-34.5000000000 3.6696866088
-34.4000000000 3.6693651453
-34.3000000000 3.6674613675
-34.2000000000 3.6673278290
-34.1000000000 3.6681374732
-34.0000000000 3.6688971479
-33.9000000000 3.6688163317
-33.8000000000 3.6685519084
-33.7000000000 3.6685748952
-33.6000000000 3.6676240192
-33.5000000000 3.6681711823
-33.4000000000 3.6669677828
-33.3000000000 3.6680503652
-33.2000000000 3.6685092668
-33.1000000000 3.6681649356
-33.0000000000 3.6698059423
-32.9000000000 3.6695205073
-32.8000000000 3.6682216371
-32.7000000000 3.6697230185
-32.6000000000 3.6707968911
-32.5000000000 3.6715474451
-32.4000000000 3.6714732956
-32.3000000000 3.6728875952
-32.2000000000 3.6712013384
-32.1000000000 3.6715349484
-32.0000000000 3.6713640864
-31.9000000000 3.6714666814
-31.8000000000 3.6719212379
-31.7000000000 3.6703154207
-31.6000000000 3.6705685385
-31.5000000000 3.6716639714
-31.4000000000 3.6720123450
-31.3000000000 3.6726596483
-31.2000000000 3.6716239292
-31.1000000000 3.6732148203
-31.0000000000 3.6728228381
-30.9000000000 3.6721349369
-30.8000000000 3.6711774478
-30.7000000000 3.6714032265
-30.6000000000 3.6716465869
-30.5000000000 3.6718669182
-30.4000000000 3.6699342097
-30.3000000000 3.6705794073
-30.2000000000 3.6711521031
-30.1000000000 3.6714645539
-30.0000000000 3.6721500768
-29.9000000000 3.6733447615
-29.8000000000 3.6716872769
-29.7000000000 3.6715797612
-29.6000000000 3.6741618563
-29.5000000000 3.6746584533
-29.4000000000 3.6745405772
-29.3000000000 3.6746637475
-29.2000000000 3.6759654358
-29.1000000000 3.6754045352
-29.0000000000 3.6762811918
-28.9000000000 3.6761815213
-28.8000000000 3.6755377216
-28.7000000000 3.6754042221
-28.6000000000 3.6740597843
-28.5000000000 3.6751956123
-28.4000000000 3.6741698796
-28.3000000000 3.6735482036
-28.2000000000 3.6740076655
-28.1000000000 3.6748197795
-28.0000000000 3.6742783599
-27.9000000000 3.6741719917
-27.8000000000 3.6760723221
-27.7000000000 3.6760287586
-27.6000000000 3.6768101349
-27.5000000000 3.6743187159
-27.4000000000 3.6736021433
-27.3000000000 3.6748596778
-27.2000000000 3.6752308207
-27.1000000000 3.6755112953
-27.0000000000 3.6747481071
-26.9000000000 3.6738992331
-26.8000000000 3.6736890361
-26.7000000000 3.6732862588
-26.6000000000 3.6736296674
-26.5000000000 3.6740885561
-26.4000000000 3.6740266101
-26.3000000000 3.6750868262
-26.2000000000 3.6750154058
-26.1000000000 3.6754374555
-26.0000000000 3.6742086492
-25.9000000000 3.6735725635
-25.8000000000 3.6727409056
-25.7000000000 3.6722873547
-25.6000000000 3.6719601833
-25.5000000000 3.6715576321
-25.4000000000 3.6719199813
-25.3000000000 3.6728181527
-25.2000000000 3.6732097065
-25.1000000000 3.6734831955
-25.0000000000 3.6740527253
-24.9000000000 3.6744247709
-24.8000000000 3.6752105716
-24.7000000000 3.6750036189
-24.6000000000 3.6737636198
-24.5000000000 3.6748311749
-24.4000000000 3.6753551823
-24.3000000000 3.6759362537
-24.2000000000 3.6759702549
-24.1000000000 3.6754238566
-24.0000000000 3.6756396995
-23.9000000000 3.6754837948
-23.8000000000 3.6758664643
-23.7000000000 3.6755443704
-23.6000000000 3.6736903529
-23.5000000000 3.6732820363
-23.4000000000 3.6748343756
-23.3000000000 3.6744302049
-23.2000000000 3.6748842012
-23.1000000000 3.6719061252
-23.0000000000 3.6724434496
-22.9000000000 3.6719825468
-22.8000000000 3.6719788804
-22.7000000000 3.6724948257
-22.6000000000 3.6727542344
-22.5000000000 3.6730641274
-22.4000000000 3.6733852508
-22.3000000000 3.6741221044
-22.2000000000 3.6749297409
-22.1000000000 3.6763386016
-22.0000000000 3.6767215014
-21.9000000000 3.6766965246
-21.8000000000 3.6772366226
-21.7000000000 3.6789027377
-21.6000000000 3.6787358070
-21.5000000000 3.6794375775
-21.4000000000 3.6800612677
-21.3000000000 3.6795667755
-21.2000000000 3.6773292578
-21.1000000000 3.6767333191
-21.0000000000 3.6767377687
-20.9000000000 3.6752625482
-20.8000000000 3.6754183709
-20.7000000000 3.6759532437
-20.6000000000 3.6758531723
-20.5000000000 3.6747967475
-20.4000000000 3.6750702314
-20.3000000000 3.6748482992
-20.2000000000 3.6761555734
-20.1000000000 3.6758241183
-20.0000000000 3.6743255590
-19.9000000000 3.6744214050
-19.8000000000 3.6762907787
-19.7000000000 3.6757236802
-19.6000000000 3.6727544232
-19.5000000000 3.6739302653
-19.4000000000 3.6746175405
-19.3000000000 3.6754707380
-19.2000000000 3.6745177613
-19.1000000000 3.6751901772
-19.0000000000 3.6757775675
-18.9000000000 3.6751102281
-18.8000000000 3.6742086932
-18.7000000000 3.6757732026
-18.6000000000 3.6754441329
-18.5000000000 3.6766147953
-18.4000000000 3.6754059410
-18.3000000000 3.6760922879
-18.2000000000 3.6763550564
-18.1000000000 3.6767175486
-18.0000000000 3.6779700253
-17.9000000000 3.6782794824
-17.8000000000 3.6776514247
-17.7000000000 3.6755563166
-17.6000000000 3.6759305582
-17.5000000000 3.6760434575
-17.4000000000 3.6764493611
-17.3000000000 3.6756993958
-17.2000000000 3.6762049048
-17.1000000000 3.6761518461
-17.0000000000 3.6758753374
-16.9000000000 3.6762728138
-16.8000000000 3.6765980507
-16.7000000000 3.6766639817
-16.6000000000 3.6759244749
-16.5000000000 3.6763247018
-16.4000000000 3.6771513182
-16.3000000000 3.6787382374
-16.2000000000 3.6790062322
-16.1000000000 3.6796921751
-16.0000000000 3.6776252408
-15.9000000000 3.6770775950
-15.8000000000 3.6775200938
-15.7000000000 3.6780452788
-15.6000000000 3.6773417712
-15.5000000000 3.6769416533
-15.4000000000 3.6773452881
-15.3000000000 3.6760679295
-15.2000000000 3.6763914204
-15.1000000000 3.6752647416
-15.0000000000 3.6748500254
-14.9000000000 3.6752645539
-14.8000000000 3.6756619724
-14.7000000000 3.6759027089
-14.6000000000 3.6756301930
-14.5000000000 3.6763689480
-14.4000000000 3.6767393930
-14.3000000000 3.6756935135
-14.2000000000 3.6759048598
-14.1000000000 3.6746065518
-14.0000000000 3.6737500663
-13.9000000000 3.6738486330
-13.8000000000 3.6718827749
-13.7000000000 3.6714652038
-13.6000000000 3.6735156457
-13.5000000000 3.6733807476
-13.4000000000 3.6734335819
-13.3000000000 3.6732425974
-13.2000000000 3.6729479020
-13.1000000000 3.6732044625
-13.0000000000 3.6738201447
-12.9000000000 3.6735925437
-12.8000000000 3.6742245362
-12.7000000000 3.6747433695
-12.6000000000 3.6747834544
-12.5000000000 3.6752833270
-12.4000000000 3.6743910723
-12.3000000000 3.6752190416
-12.2000000000 3.6764904858
-12.1000000000 3.6769798067
-12.0000000000 3.6759899298
-11.9000000000 3.6777332593
-11.8000000000 3.6781468092
-11.7000000000 3.6777922849
-11.6000000000 3.6778310512
-11.5000000000 3.6797372732
-11.4000000000 3.6797854249
-11.3000000000 3.6803794231
-11.2000000000 3.6803323642
-11.1000000000 3.6791342245
-11.0000000000 3.6778543132
-10.9000000000 3.6790678712
-10.8000000000 3.6804212736
-10.7000000000 3.6803898615
-10.6000000000 3.6794405082
-10.5000000000 3.6790622451
-10.4000000000 3.6791035924
-10.3000000000 3.6786020115
-10.2000000000 3.6790334438
-10.1000000000 3.6779464853
-10.0000000000 3.6779767653
-9.9000000000 3.6773753527
-9.8000000000 3.6773655549
-9.7000000000 3.6757944990
-9.6000000000 3.6758747526
-9.5000000000 3.6759577449
-9.4000000000 3.6749214865
-9.3000000000 3.6736646189
-9.2000000000 3.6732433257
-9.1000000000 3.6742392248
-9.0000000000 3.6750136942
-8.9000000000 3.6734698838
-8.8000000000 3.6747769786
-8.7000000000 3.6747441427
-8.6000000000 3.6753815352
-8.5000000000 3.6750256028
-8.4000000000 3.6760027851
-8.3000000000 3.6733382561
-8.2000000000 3.6751447163
-8.1000000000 3.6757045469
-8.0000000000 3.6744201626
-7.9000000000 3.6734324724
-7.8000000000 3.6739699939
-7.7000000000 3.6746002876
-7.6000000000 3.6752772992
-7.5000000000 3.6757801624
-7.4000000000 3.6765444609
-7.3000000000 3.6754717760
-7.2000000000 3.6773557364
-7.1000000000 3.6777474351
-7.0000000000 3.6754604439
-6.9000000000 3.6754956659
-6.8000000000 3.6750595470
-6.7000000000 3.6762483178
-6.6000000000 3.6757043522
-6.5000000000 3.6754099285
-6.4000000000 3.6754896736
-6.3000000000 3.6747289434
-6.2000000000 3.6753899331
-6.1000000000 3.6756503724
-6.0000000000 3.6761599077
-5.9000000000 3.6778051728
-5.8000000000 3.6767795356
-5.7000000000 3.6756118400
-5.6000000000 3.6775843323
-5.5000000000 3.6754789409
-5.4000000000 3.6734553919
-5.3000000000 3.6750883918
-5.2000000000 3.6749059278
-5.1000000000 3.6745679298
-5.0000000000 3.6742403197
-4.9000000000 3.6749212926
-4.8000000000 3.6750619194
-4.7000000000 3.6751715248
-4.6000000000 3.6761093231
-4.5000000000 3.6750051080
-4.4000000000 3.6751695365
-4.3000000000 3.6758993370
-4.2000000000 3.6771035046
-4.1000000000 3.6778893754
-4.0000000000 3.6763536451
-3.9000000000 3.6770929674
-3.8000000000 3.6782528725
-3.7000000000 3.6780714320
-3.6000000000 3.6783203459
-3.5000000000 3.6793060853
-3.4000000000 3.6807055646
-3.3000000000 3.6804153271
-3.2000000000 3.6813482580
-3.1000000000 3.6813680851
-3.0000000000 3.6814099656
-2.9000000000 3.6827236788
-2.8000000000 3.6832295924
-2.7000000000 3.6839637502
-2.6000000000 3.6834957924
-2.5000000000 3.6837715897
-2.4000000000 3.6833892157
-2.3000000000 3.6829686406
-2.2000000000 3.6825779827
-2.1000000000 3.6835829461
-2.0000000000 3.6838741644
-1.9000000000 3.6849195052
-1.8000000000 3.6855066730
-1.7000000000 3.6845557024
-1.6000000000 3.6826562057
-1.5000000000 3.6831111813
-1.4000000000 3.6843377963
-1.3000000000 3.6847805511
-1.2000000000 3.6856673676
-1.1000000000 3.6854526299
-1.0000000000 3.6850163219
-0.9000000000 3.6850947788
-0.8000000000 3.6840011872
-0.7000000000 3.6853700354
-0.6000000000 3.6841412741
-0.5000000000 3.6842603509
-0.4000000000 3.6837370955
-0.3000000000 3.6840679985
-0.2000000000 3.6848238919
-0.1000000000 3.6869214184
0.0000000000 3.6865697032
0.1000000000 3.6783909502
0.2000000000 3.6731337508
0.3000000000 3.6641686390
0.4000000000 3.6575465879
0.5000000000 3.6488126838
0.6000000000 3.6430055955
0.7000000000 3.6390265891
0.8000000000 3.6343295833
0.9000000000 3.6284959807
1.0000000000 3.6237407255
1.1000000000 3.6211984724
1.2000000000 3.6141425978
1.3000000000 3.6085346277
1.4000000000 3.6092725943
1.5000000000 3.6044857783
1.6000000000 3.6021008677
1.7000000000 3.5987561879
1.8000000000 3.5945103933
1.9000000000 3.5944359791
2.0000000000 3.5914904835
2.1000000000 3.5887742913
2.2000000000 3.5848964808
2.3000000000 3.5827646036
2.4000000000 3.5786315712
2.5000000000 3.5713434776
2.6000000000 3.5696317970
2.7000000000 3.5676617288
2.8000000000 3.5644032409
2.9000000000 3.5573179602
3.0000000000 3.5533668642
3.1000000000 3.5510588910
3.2000000000 3.5479599488
3.3000000000 3.5472887344
3.4000000000 3.5427347302
3.5000000000 3.5415484102
3.6000000000 3.5448296952
3.7000000000 3.5435716159
3.8000000000 3.5384074614
3.9000000000 3.5324595270
4.0000000000 3.5300996613
4.1000000000 3.5259588057
4.2000000000 3.5275109698
4.3000000000 3.5240828545
4.4000000000 3.5208609017
4.5000000000 3.5175200580
4.6000000000 3.5140812851
4.7000000000 3.5125748828
4.8000000000 3.5126438152
4.9000000000 3.5114540608
5.0000000000 3.5106834922
5.1000000000 3.5046085675
5.2000000000 3.5021907426
5.3000000000 3.5002094112
5.4000000000 3.5004560350
5.5000000000 3.4942292992
5.6000000000 3.4936670584
5.7000000000 3.4910655738
5.8000000000 3.4877079557
5.9000000000 3.4866659086
6.0000000000 3.4831765475
6.1000000000 3.4802479623
6.2000000000 3.4782077284
6.3000000000 3.4728767675
6.4000000000 3.4718320904
6.5000000000 3.4674279709
6.6000000000 3.4649156973
6.7000000000 3.4607871570
6.8000000000 3.4605451138
6.9000000000 3.4596882711
7.0000000000 3.4569092031
7.1000000000 3.4549639829
7.2000000000 3.4519322958
7.3000000000 3.4507822282
7.4000000000 3.4464797896
7.5000000000 3.4461882294
7.6000000000 3.4457453521
7.7000000000 3.4441559375
7.8000000000 3.4444952716
7.9000000000 3.4425177799
8.0000000000 3.4408357592
8.1000000000 3.4414002396
8.2000000000 3.4420063299
8.3000000000 3.4388931274
8.4000000000 3.4391858142
8.5000000000 3.4381842664
8.6000000000 3.4383728060
8.7000000000 3.4388548002
8.8000000000 3.4390990717
8.9000000000 3.4369218727
9.0000000000 3.4336496646
9.1000000000 3.4331584404
9.2000000000 3.4313790784
9.3000000000 3.4319534139
9.4000000000 3.4292624179
9.5000000000 3.4296825916
9.6000000000 3.4263896134
9.7000000000 3.4280232013
9.8000000000 3.4275933872
9.9000000000 3.4259437330
10.0000000000 3.4258362655
10.1000000000 3.4237385612
10.2000000000 3.4205382809
10.3000000000 3.4195659875
10.4000000000 3.4218193321
10.5000000000 3.4184265603
10.6000000000 3.4175472730
10.7000000000 3.4157691845
10.8000000000 3.4122734112
10.9000000000 3.4113557984
11.0000000000 3.4087095103
11.1000000000 3.4089326156
11.2000000000 3.4081758841
11.3000000000 3.4064428260
11.4000000000 3.4054454756
11.5000000000 3.4036385011
11.6000000000 3.4032179984
11.7000000000 3.4030328221
11.8000000000 3.3983938831
11.9000000000 3.3985128791
12.0000000000 3.3986378350
12.1000000000 3.3972958001
12.2000000000 3.3974539881
12.3000000000 3.3964027616
12.4000000000 3.3956330660
12.5000000000 3.3954427232
12.6000000000 3.3963088936
12.7000000000 3.3972296461
12.8000000000 3.3953489576
12.9000000000 3.3900283818
13.0000000000 3.3914056217
13.1000000000 3.3896318705
13.2000000000 3.3861567895
13.3000000000 3.3845177984
13.4000000000 3.3847982599
13.5000000000 3.3838235488
13.6000000000 3.3815996930
13.7000000000 3.3795136190
13.8000000000 3.3768831944
13.9000000000 3.3765400733
14.0000000000 3.3745512062
14.1000000000 3.3713883654
14.2000000000 3.3687485398
14.3000000000 3.3677253447
14.4000000000 3.3705368507
14.5000000000 3.3713360894
14.6000000000 3.3709761591
14.7000000000 3.3706154762
14.8000000000 3.3685335525
14.9000000000 3.3680513495
15.0000000000 3.3672676066
15.1000000000 3.3661747054
15.2000000000 3.3637027385
15.3000000000 3.3638301823
15.4000000000 3.3628855342
15.5000000000 3.3617604451
15.6000000000 3.3613556530
15.7000000000 3.3613882675
15.8000000000 3.3605219087
15.9000000000 3.3596779980
16.0000000000 3.3586516874
16.1000000000 3.3559023367
16.2000000000 3.3574675704
16.3000000000 3.3605298119
16.4000000000 3.3586293609
16.5000000000 3.3582535039
16.6000000000 3.3548683338
16.7000000000 3.3556894380
16.8000000000 3.3544872839
16.9000000000 3.3505937309
17.0000000000 3.3453069146
17.1000000000 3.3474184570
17.2000000000 3.3468626682
17.3000000000 3.3446523099
17.4000000000 3.3424084487
17.5000000000 3.3441719201
17.6000000000 3.3444488157
17.7000000000 3.3406413855
17.8000000000 3.3408902826
17.9000000000 3.3388659778
18.0000000000 3.3360510482
18.1000000000 3.3342227866
18.2000000000 3.3349823609
18.3000000000 3.3350865827
18.4000000000 3.3327801219
18.5000000000 3.3329759992
18.6000000000 3.3336293786
18.7000000000 3.3306538821
18.8000000000 3.3309360309
18.9000000000 3.3313081362
19.0000000000 3.3311045394
19.1000000000 3.3333120150
19.2000000000 3.3326329678
19.3000000000 3.3328659232
19.4000000000 3.3337261858
19.5000000000 3.3341947030
19.6000000000 3.3304593458
19.7000000000 3.3299340042
19.8000000000 3.3275382228
19.9000000000 3.3235125518
20.0000000000 3.3249124374
20.1000000000 3.3225872927
20.2000000000 3.3225993300
20.3000000000 3.3223366386
20.4000000000 3.3207892452
20.5000000000 3.3212864748
20.6000000000 3.3209663313
20.7000000000 3.3206960146
20.8000000000 3.3197754619
20.9000000000 3.3207172795
21.0000000000 3.3192821829
21.1000000000 3.3179679680
21.2000000000 3.3178498743
21.3000000000 3.3176002667
21.4000000000 3.3159155179
21.5000000000 3.3136940807
21.6000000000 3.3145502458
21.7000000000 3.3089113403
21.8000000000 3.3095989600
21.9000000000 3.3077583807
22.0000000000 3.3078646515
22.1000000000 3.3068938166
22.2000000000 3.3066777885
22.3000000000 3.3060332560
22.4000000000 3.3024085529
22.5000000000 3.2969569656
22.6000000000 3.2994730371
22.7000000000 3.2984121961
22.8000000000 3.2973773220
22.9000000000 3.2994031920
23.0000000000 3.2993895735
23.1000000000 3.3010937121
23.2000000000 3.2987918809
23.3000000000 3.2967837343
23.4000000000 3.2998901370
23.5000000000 3.2969504481
23.6000000000 3.2975149369
23.7000000000 3.2960011914
23.8000000000 3.2967193614
23.9000000000 3.2955060890
24.0000000000 3.2922202278
24.1000000000 3.2949175963
24.2000000000 3.2950711692
24.3000000000 3.2943470129
24.4000000000 3.2951527695
24.5000000000 3.2931450847
24.6000000000 3.2933762439
24.7000000000 3.2910559078
24.8000000000 3.2915237804
24.9000000000 3.2923879477
25.0000000000 3.2932308114
25.1000000000 3.2954097826
25.2000000000 3.2927060110
25.3000000000 3.2903842656
25.4000000000 3.2901143306
25.5000000000 3.2896624586
25.6000000000 3.2895460617
25.7000000000 3.2876914658
25.8000000000 3.2853571213
25.9000000000 3.2852913392
26.0000000000 3.2834745194
26.1000000000 3.2810054658
26.2000000000 3.2797937193
26.3000000000 3.2795224409
26.4000000000 3.2780839896
26.5000000000 3.2784148223
26.6000000000 3.2795218378
26.7000000000 3.2760751831
26.8000000000 3.2775747673
26.9000000000 3.2752337816
27.0000000000 3.2735285263
27.1000000000 3.2715564096
27.2000000000 3.2736773883
27.3000000000 3.2719506350
27.4000000000 3.2712417902
27.5000000000 3.2716987548
27.6000000000 3.2729610002
27.7000000000 3.2702792118
27.8000000000 3.2679997991
27.9000000000 3.2672356968
28.0000000000 3.2656373919
28.1000000000 3.2659442987
28.2000000000 3.2652891670
28.3000000000 3.2612572848
28.4000000000 3.2629583989
28.5000000000 3.2606331840
28.6000000000 3.2563549370
28.7000000000 3.2558039383
28.8000000000 3.2562970539
28.9000000000 3.2551144242
29.0000000000 3.2559044592
29.1000000000 3.2550425207
29.2000000000 3.2538748374
29.3000000000 3.2532456117
29.4000000000 3.2507935743
29.5000000000 3.2516463596
29.6000000000 3.2507366553
29.7000000000 3.2488464889
29.8000000000 3.2480865032
29.9000000000 3.2462468566
30.0000000000 3.2469836411
30.1000000000 3.2463228489
30.2000000000 3.2461727246
30.3000000000 3.2426100297
30.4000000000 3.2415000280
30.5000000000 3.2374726810
30.6000000000 3.2357757216
30.7000000000 3.2342953654
30.8000000000 3.2335182844
30.9000000000 3.2296606660
31.0000000000 3.2299376437
31.1000000000 3.2282207739
31.2000000000 3.2303733854
31.3000000000 3.2319024647
31.4000000000 3.2328838880
31.5000000000 3.2337087401
31.6000000000 3.2367296065
31.7000000000 3.2347714237
31.8000000000 3.2351053076
31.9000000000 3.2366430002
32.0000000000 3.2342099859
32.1000000000 3.2339244523
32.2000000000 3.2351608360
32.3000000000 3.2318317146
32.4000000000 3.2319720983
32.5000000000 3.2316193543
32.6000000000 3.2316380088
32.7000000000 3.2294747971
32.8000000000 3.2272080123
32.9000000000 3.2287766444
33.0000000000 3.2264962409
33.1000000000 3.2248751278
33.2000000000 3.2237548609
33.3000000000 3.2225172647
33.4000000000 3.2230309260
33.5000000000 3.2193117762
33.6000000000 3.2193687795
33.7000000000 3.2219221011
33.8000000000 3.2203847389
33.9000000000 3.2198242857
34.0000000000 3.2172238895
34.1000000000 3.2157648675
34.2000000000 3.2158695371
34.3000000000 3.2146209470
34.4000000000 3.2161724269
34.5000000000 3.2135038456
34.6000000000 3.2138201595
34.7000000000 3.2114235339
34.8000000000 3.2114535253
34.9000000000 3.2114811732
35.0000000000 3.2076091830
35.1000000000 3.2073335078
35.2000000000 3.2045979011
35.3000000000 3.2051822937
35.4000000000 3.2035931211
35.5000000000 3.1976439739
35.6000000000 3.2004620613
35.7000000000 3.1975534263
35.8000000000 3.1986952700
35.9000000000 3.1965917185
36.0000000000 3.1975429343
36.1000000000 3.1996257010
36.2000000000 3.1988417760
36.3000000000 3.1962338663
36.4000000000 3.1938793635
36.5000000000 3.1898299841
36.6000000000 3.1910492941
36.7000000000 3.1884740616
36.8000000000 3.1895540462
36.9000000000 3.1870610050
37.0000000000 3.1851582787
37.1000000000 3.1849066418
37.2000000000 3.1868674904
37.3000000000 3.1867491187
37.4000000000 3.1871182895
37.5000000000 3.1852084518
37.6000000000 3.1855064986
37.7000000000 3.1843960528
37.8000000000 3.1867389036
37.9000000000 3.1845986352
38.0000000000 3.1834595439
38.1000000000 3.1837184871
38.2000000000 3.1818830010
38.3000000000 3.1832956193
38.4000000000 3.1843491709
38.5000000000 3.1840820413
38.6000000000 3.1850810533
38.7000000000 3.1844007465
38.8000000000 3.1854464633
38.9000000000 3.1867015304
39.0000000000 3.1854477884
39.1000000000 3.1847806512
39.2000000000 3.1839377361
39.3000000000 3.1815582043
39.4000000000 3.1816304366
39.5000000000 3.1827102148
39.6000000000 3.1824184313
39.7000000000 3.1819617298
39.8000000000 3.1822756616
39.9000000000 3.1760611191
40.0000000000 3.1753748198
40.1000000000 3.1766826137
40.2000000000 3.1785317822
40.3000000000 3.1769368097
40.4000000000 3.1790826652
40.5000000000 3.1786674342
40.6000000000 3.1795792330
40.7000000000 3.1794704322
40.8000000000 3.1775332355
40.9000000000 3.1766242789
41.0000000000 3.1751548335
41.1000000000 3.1745051470
41.2000000000 3.1755424316
41.3000000000 3.1724765916
41.4000000000 3.1726020926
41.5000000000 3.1711636381
41.6000000000 3.1677101397
41.7000000000 3.1664050627
41.8000000000 3.1695661316
41.9000000000 3.1681938411
42.0000000000 3.1681504141
42.1000000000 3.1669533498
42.2000000000 3.1632844994
42.3000000000 3.1650498358
42.4000000000 3.1633693765
42.5000000000 3.1609746644
42.6000000000 3.1595422735
42.7000000000 3.1578362573
42.8000000000 3.1554799499
42.9000000000 3.1558463399
43.0000000000 3.1551067483
43.1000000000 3.1557153035
43.2000000000 3.1547766373
43.3000000000 3.1535762141
43.4000000000 3.1539583231
43.5000000000 3.1558988538
43.6000000000 3.1546014409
43.7000000000 3.1552611425
43.8000000000 3.1539631797
43.9000000000 3.1524512709
44.0000000000 3.1521906332
44.1000000000 3.1512856597
44.2000000000 3.1497254142
44.3000000000 3.1504478142
44.4000000000 3.1493220146
44.5000000000 3.1479514286
44.6000000000 3.1501371604
44.7000000000 3.1519960224
44.8000000000 3.1500634512
44.9000000000 3.1499266693
45.0000000000 3.1489001987
45.1000000000 3.1495722020
45.2000000000 3.1486324646
45.3000000000 3.1474189294
45.4000000000 3.1468026143
45.5000000000 3.1470058481
45.6000000000 3.1469321944
45.7000000000 3.1454784153
45.8000000000 3.1423341113
45.9000000000 3.1433404507
46.0000000000 3.1404360904
46.1000000000 3.1391344110
46.2000000000 3.1378918321
46.3000000000 3.1365175129
46.4000000000 3.1363889059
46.5000000000 3.1379149903
46.6000000000 3.1344973914
46.7000000000 3.1345724123
46.8000000000 3.1344399509
46.9000000000 3.1360967422
47.0000000000 3.1346710786
47.1000000000 3.1353734948
47.2000000000 3.1371008096
47.3000000000 3.1341617995
47.4000000000 3.1342895848
47.5000000000 3.1330013451
47.6000000000 3.1296354404
47.7000000000 3.1309789622
47.8000000000 3.1297364562
47.9000000000 3.1297977154
48.0000000000 3.1281761520
48.1000000000 3.1278589280
48.2000000000 3.1298871943
48.3000000000 3.1282774735
48.4000000000 3.1295985752
48.5000000000 3.1282707748
48.6000000000 3.1285754224
48.7000000000 3.1253104417
48.8000000000 3.1232507410
48.9000000000 3.1240358369
49.0000000000 3.1234147297
49.1000000000 3.1234260449
49.2000000000 3.1199409610
49.3000000000 3.1212542737
49.4000000000 3.1202558943
49.5000000000 3.1204919189
49.6000000000 3.1206475782
49.7000000000 3.1214478680
49.8000000000 3.1191639482
49.9000000000 3.1162667140
50.0000000000 3.1164531512
50.1000000000 3.1175411176
50.2000000000 3.1180663199
50.3000000000 3.1190196037
50.4000000000 3.1153260006
50.5000000000 3.1173648673
50.6000000000 3.1147270041
50.7000000000 3.1155353136
50.8000000000 3.1138956904
50.9000000000 3.1157576538
51.0000000000 3.1134893135
51.1000000000 3.1132443704
51.2000000000 3.1135059675
51.3000000000 3.1141507700
51.4000000000 3.1159973086
51.5000000000 3.1168275520
51.6000000000 3.1142288189
51.7000000000 3.1135038773
51.8000000000 3.1140535782
51.9000000000 3.1140767845
52.0000000000 3.1150616471
52.1000000000 3.1144069682
52.2000000000 3.1153055229
52.3000000000 3.1143550404
52.4000000000 3.1132479028
52.5000000000 3.1127151494
52.6000000000 3.1109147674
52.7000000000 3.1127263154
52.8000000000 3.1115499368
52.9000000000 3.1125204118
53.0000000000 3.1108585732
53.1000000000 3.1117253627
53.2000000000 3.1120485980
53.3000000000 3.1145509472
53.4000000000 3.1132382895
53.5000000000 3.1119202497
53.6000000000 3.1105210599
53.7000000000 3.1116375566
53.8000000000 3.1094086002
53.9000000000 3.1069559678
54.0000000000 3.1045632991
54.1000000000 3.1045070597
54.2000000000 3.1037756640
54.3000000000 3.1012440628
54.4000000000 3.1034025237
54.5000000000 3.1059503204
54.6000000000 3.1046730200
54.7000000000 3.1042644449
54.8000000000 3.1032080451
54.9000000000 3.1030368465
55.0000000000 3.1018033074
55.1000000000 3.1014667882
55.2000000000 3.0995169927
55.3000000000 3.0996218583
55.4000000000 3.1004025616
55.5000000000 3.1023691070
55.6000000000 3.1040483287
55.7000000000 3.1049366258
55.8000000000 3.1058041412
55.9000000000 3.1054207536
56.0000000000 3.1069948857
56.1000000000 3.1064434434
56.2000000000 3.1070542090
56.3000000000 3.1044966783
56.4000000000 3.1040501296
56.5000000000 3.1037301647
56.6000000000 3.1036896144
56.7000000000 3.1028002720
56.8000000000 3.1018155332
56.9000000000 3.1015917452
57.0000000000 3.1009731659
57.1000000000 3.0983012172
57.2000000000 3.0978372393
57.3000000000 3.0998739273
57.4000000000 3.0988475150
57.5000000000 3.0979843919
57.6000000000 3.0988496459
57.7000000000 3.0992574109
57.8000000000 3.0978515289
57.9000000000 3.0967618676
58.0000000000 3.0947079578
58.1000000000 3.0968732503
58.2000000000 3.0975979279
58.3000000000 3.0990661224
58.4000000000 3.0970976562
58.5000000000 3.0974731619
58.6000000000 3.0981805796
58.7000000000 3.0975343404
58.8000000000 3.0985867281
58.9000000000 3.0965438807
59.0000000000 3.0969172542
59.1000000000 3.0979292234
59.2000000000 3.0935761358
59.3000000000 3.0939129803
59.4000000000 3.0969497061
59.5000000000 3.0960791258
59.6000000000 3.0963833488
59.7000000000 3.0955095271
59.8000000000 3.0937986676
59.9000000000 3.0958203680
60.0000000000 3.0987133797
60.1000000000 3.0948411044
60.2000000000 3.0927813118
60.3000000000 3.0888964701
60.4000000000 3.0892709271
60.5000000000 3.0907176427
60.6000000000 3.0905380719
60.7000000000 3.0879628271
60.8000000000 3.0870070858
60.9000000000 3.0844950882
61.0000000000 3.0846134674
61.1000000000 3.0847914218
61.2000000000 3.0858078228
61.3000000000 3.0863801473
61.4000000000 3.0905136930
61.5000000000 3.0903454961
61.6000000000 3.0906636442
61.7000000000 3.0909327855
61.8000000000 3.0884889156
61.9000000000 3.0906449807
62.0000000000 3.0903318519
62.1000000000 3.0868676298
62.2000000000 3.0889879410
62.3000000000 3.0865620218
62.4000000000 3.0853695589
62.5000000000 3.0851900280
62.6000000000 3.0844831139
62.7000000000 3.0827450102
62.8000000000 3.0831076759
62.9000000000 3.0856329867
63.0000000000 3.0845248573
63.1000000000 3.0839772488
63.2000000000 3.0854668643
63.3000000000 3.0850218623
63.4000000000 3.0836267860
63.5000000000 3.0796263423
63.6000000000 3.0825121478
63.7000000000 3.0791380034
63.8000000000 3.0793944377
63.9000000000 3.0800743854
64.0000000000 3.0808491830
64.1000000000 3.0794019240
64.2000000000 3.0788944051
64.3000000000 3.0789407949
64.4000000000 3.0762628071
64.5000000000 3.0759478706
64.6000000000 3.0756017651
64.7000000000 3.0748018059
64.8000000000 3.0739077731
64.9000000000 3.0737297403
65.0000000000 3.0740617738
65.1000000000 3.0754955658
65.2000000000 3.0771755135
65.3000000000 3.0766549994
65.4000000000 3.0760251478
65.5000000000 3.0738561703
65.6000000000 3.0730884171
65.7000000000 3.0744127672
65.8000000000 3.0727181175
65.9000000000 3.0709779969
66.0000000000 3.0679491111
66.1000000000 3.0686857799
66.2000000000 3.0643123269
66.3000000000 3.0625841443
66.4000000000 3.0614161935
66.5000000000 3.0616005753
66.6000000000 3.0577832526
66.7000000000 3.0616645866
66.8000000000 3.0582381368
66.9000000000 3.0582053708
67.0000000000 3.0584824434
67.1000000000 3.0563755028
67.2000000000 3.0561485709
67.3000000000 3.0577491837
67.4000000000 3.0582702333
67.5000000000 3.0615345201
67.6000000000 3.0628486855
67.7000000000 3.0626888843
67.8000000000 3.0598966176
67.9000000000 3.0604065847
68.0000000000 3.0599225107
68.1000000000 3.0615355183
68.2000000000 3.0607649133
68.3000000000 3.0625317727
68.4000000000 3.0634051837
68.5000000000 3.0653517297
68.6000000000 3.0666793350
68.7000000000 3.0654228140
68.8000000000 3.0640506098
68.9000000000 3.0651206244
69.0000000000 3.0641073290
69.1000000000 3.0628851756
69.2000000000 3.0653587873
69.3000000000 3.0643538612
69.4000000000 3.0624750072
69.5000000000 3.0630903058
69.6000000000 3.0641672279
69.7000000000 3.0600064685
69.8000000000 3.0591309122
69.9000000000 3.0571417176
70.0000000000 3.0591927291
70.1000000000 3.0554552879
70.2000000000 3.0574957408
70.3000000000 3.0569248102
70.4000000000 3.0574080749
70.5000000000 3.0589033958
70.6000000000 3.0591380227
70.7000000000 3.0598112341
70.8000000000 3.0600462194
70.9000000000 3.0589524906
71.0000000000 3.0609241628
71.1000000000 3.0618149383
71.2000000000 3.0599117443
71.3000000000 3.0598928624
71.4000000000 3.0593171290
71.5000000000 3.0597768589
71.6000000000 3.0601675457
71.7000000000 3.0599952279
71.8000000000 3.0608054114
71.9000000000 3.0592846804
72.0000000000 3.0588825299
72.1000000000 3.0591636620
72.2000000000 3.0607090526
72.3000000000 3.0593469756
72.4000000000 3.0599653712
72.5000000000 3.0591570635
72.6000000000 3.0566349943
72.7000000000 3.0585885417
72.8000000000 3.0563749043
72.9000000000 3.0547215054
73.0000000000 3.0519597302
73.1000000000 3.0521267921
73.2000000000 3.0530657568
73.3000000000 3.0541720253
73.4000000000 3.0555670628
73.5000000000 3.0557037822
73.6000000000 3.0531223292
73.7000000000 3.0529317001
73.8000000000 3.0534504070
73.9000000000 3.0529518068
74.0000000000 3.0527990122
74.1000000000 3.0537732529
74.2000000000 3.0529165724
74.3000000000 3.0500236719
74.4000000000 3.0511082542
74.5000000000 3.0511815335
74.6000000000 3.0530481920
74.7000000000 3.0527940519
74.8000000000 3.0527244034
74.9000000000 3.0503578034
75.0000000000 3.0510206575
75.1000000000 3.0508219392
75.2000000000 3.0492969736
75.3000000000 3.0485046821
75.4000000000 3.0505917970
75.5000000000 3.0509852659
75.6000000000 3.0482849879
75.7000000000 3.0464470507
75.8000000000 3.0473886937
75.9000000000 3.0479178819
76.0000000000 3.0478331842
76.1000000000 3.0481036286
76.2000000000 3.0463743735
76.3000000000 3.0444624516
76.4000000000 3.0468956815
76.5000000000 3.0430788064
76.6000000000 3.0448216918
76.7000000000 3.0443998363
76.8000000000 3.0437448900
76.9000000000 3.0412509926
77.0000000000 3.0418314585
77.1000000000 3.0430429289
77.2000000000 3.0456837287
77.3000000000 3.0422677674
77.4000000000 3.0434992094
77.5000000000 3.0430364305
77.6000000000 3.0423814075
77.7000000000 3.0400984055
77.8000000000 3.0424147084
77.9000000000 3.0410019045
78.0000000000 3.0411826465
78.1000000000 3.0401400694
78.2000000000 3.0402503428
78.3000000000 3.0401578199
78.4000000000 3.0376834920
78.5000000000 3.0383609843
78.6000000000 3.0381718226
78.7000000000 3.0376415091
78.8000000000 3.0360787682
78.9000000000 3.0357159591
79.0000000000 3.0378605970
79.1000000000 3.0394547616
79.2000000000 3.0399214767
79.3000000000 3.0407391259
79.4000000000 3.0396225151
79.5000000000 3.0401904740
79.6000000000 3.0404017748
79.7000000000 3.0399959231
79.8000000000 3.0406305124
79.9000000000 3.0406390144
80.0000000000 3.0433018969
80.1000000000 3.0429856377
80.2000000000 3.0429648679
80.3000000000 3.0415768938
80.4000000000 3.0401490786
80.5000000000 3.0398276204
80.6000000000 3.0374419362
80.7000000000 3.0391286188
80.8000000000 3.0370598971
80.9000000000 3.0398044513
81.0000000000 3.0412575634
81.1000000000 3.0414223252
81.2000000000 3.0400573724
81.3000000000 3.0377108653
81.4000000000 3.0395443290
81.5000000000 3.0373175970
81.6000000000 3.0377985121
81.7000000000 3.0380944969
81.8000000000 3.0380868344
81.9000000000 3.0362630891
82.0000000000 3.0359700865
82.1000000000 3.0330709786
82.2000000000 3.0334219080
82.3000000000 3.0317825240
82.4000000000 3.0334670347
82.5000000000 3.0306968553
82.6000000000 3.0321285343
82.7000000000 3.0291506156
82.8000000000 3.0305147723
82.9000000000 3.0288919263
83.0000000000 3.0277876306
83.1000000000 3.0273316554
83.2000000000 3.0261217271
83.3000000000 3.0273493652
83.4000000000 3.0280491700
83.5000000000 3.0276954482
83.6000000000 3.0248395792
83.7000000000 3.0223534412
83.8000000000 3.0238152076
83.9000000000 3.0245403752
84.0000000000 3.0232780150
84.1000000000 3.0249346025
84.2000000000 3.0260018882
84.3000000000 3.0242651015
84.4000000000 3.0241002799
84.5000000000 3.0217638496
84.6000000000 3.0213566222
84.7000000000 3.0204376804
84.8000000000 3.0191072566
84.9000000000 3.0218277899
85.0000000000 3.0226373487
85.1000000000 3.0216924416
85.2000000000 3.0190496981
85.3000000000 3.0194544013
85.4000000000 3.0206923086
85.5000000000 3.0219867080
85.6000000000 3.0239113003
85.7000000000 3.0228274622
85.8000000000 3.0250374176
85.9000000000 3.0254857377
86.0000000000 3.0280231498
86.1000000000 3.0254283752
86.2000000000 3.0279148741
86.3000000000 3.0276528969
86.4000000000 3.0295092926
86.5000000000 3.0285761910
86.6000000000 3.0240824674
86.7000000000 3.0251938439
86.8000000000 3.0229545629
86.9000000000 3.0221294134
87.0000000000 3.0221895864
87.1000000000 3.0206931947
87.2000000000 3.0221626385
87.3000000000 3.0201001656
87.4000000000 3.0217383863
87.5000000000 3.0201474181
87.6000000000 3.0210175463
87.7000000000 3.0211411220
87.8000000000 3.0209512036
87.9000000000 3.0197678457
88.0000000000 3.0195804078
88.1000000000 3.0181294124
88.2000000000 3.0181415814
88.3000000000 3.0174171744
88.4000000000 3.0174292835
88.5000000000 3.0185297380
88.6000000000 3.0201349765
88.7000000000 3.0200731282
88.8000000000 3.0189160739
88.9000000000 3.0142374798
89.0000000000 3.0127700853
89.1000000000 3.0149667668
89.2000000000 3.0129741921
89.3000000000 3.0159826235
89.4000000000 3.0099480046
89.5000000000 3.0094348619
89.6000000000 3.0099023232
89.7000000000 3.0121462383
89.8000000000 3.0117628665
89.9000000000 3.0140234223
90.0000000000 3.0145278345
90.1000000000 3.0150007938
90.2000000000 3.0130835622
90.3000000000 3.0135964447
90.4000000000 3.0125690046
90.5000000000 3.0114187310
90.6000000000 3.0106540393
90.7000000000 3.0089990779
90.8000000000 3.0114770099
90.9000000000 3.0134985389
91.0000000000 3.0131447663
91.1000000000 3.0143058886
91.2000000000 3.0142514684
91.3000000000 3.0122731762
91.4000000000 3.0137002837
91.5000000000 3.0126160181
91.6000000000 3.0135176981
91.7000000000 3.0116870044
91.8000000000 3.0117179414
91.9000000000 3.0100352100
92.0000000000 3.0107610088
92.1000000000 3.0125350427
92.2000000000 3.0135127778
92.3000000000 3.0136417382
92.4000000000 3.0143004126
92.5000000000 3.0138668863
92.6000000000 3.0133642262
92.7000000000 3.0117706906
92.8000000000 3.0119501866
92.9000000000 3.0101057071
93.0000000000 3.0134406909
93.1000000000 3.0126526248
93.2000000000 3.0118169931
93.3000000000 3.0126996406
93.4000000000 3.0118916070
93.5000000000 3.0108352584
93.6000000000 3.0120148895
93.7000000000 3.0122076084
93.8000000000 3.0121815386
93.9000000000 3.0124290827
94.0000000000 3.0111403221
94.1000000000 3.0143496322
94.2000000000 3.0152190821
94.3000000000 3.0124645779
94.4000000000 3.0111240197
94.5000000000 3.0122066698
94.6000000000 3.0131204453
94.7000000000 3.0124502274
94.8000000000 3.0129689102
94.9000000000 3.0096145693
95.0000000000 3.0094766065
95.1000000000 3.0088871119
95.2000000000 3.0108528567
95.3000000000 3.0122534270
95.4000000000 3.0120979708
95.5000000000 3.0106293459
95.6000000000 3.0110801116
95.7000000000 3.0059263948
95.8000000000 3.0075368433
95.9000000000 3.0045253823
96.0000000000 3.0029264615
96.1000000000 3.0035521843
96.2000000000 3.0022681616
96.3000000000 3.0025502050
96.4000000000 3.0025155900
96.5000000000 3.0008803005
96.6000000000 3.0016144458
96.7000000000 3.0028800936
96.8000000000 3.0042166735
96.9000000000 3.0051958973
97.0000000000 3.0080806174
97.1000000000 3.0081537180
97.2000000000 3.0088530690
97.3000000000 3.0098365160
97.4000000000 3.0048091911
97.5000000000 3.0058109496
97.6000000000 3.0062733568
97.7000000000 3.0031660735
97.8000000000 3.0019738237
97.9000000000 3.0015370108
98.0000000000 3.0018852460
98.1000000000 2.9996142740
98.2000000000 3.0026767057
98.3000000000 3.0002059358
98.4000000000 2.9959201032
98.5000000000 2.9982009290
98.6000000000 2.9932512109
98.7000000000 2.9951864549
98.8000000000 2.9959850161
98.9000000000 2.9944025809
99.0000000000 2.9944583967
99.1000000000 2.9948308413
99.2000000000 2.9947740067
99.3000000000 2.9974166420
99.4000000000 2.9965688838
99.5000000000 2.9939769408
99.6000000000 2.9919621569
99.7000000000 2.9929505524
99.8000000000 2.9908380201
99.9000000000 2.9889351323
100.0000000000 2.9896739909
100.1000000000 2.9882766779
100.2000000000 2.9852223839
100.3000000000 2.9859662456
100.4000000000 2.9858856756
100.5000000000 2.9835526397
100.6000000000 2.9838795727
100.7000000000 2.9817203915
100.8000000000 2.9819966457
100.9000000000 2.9824494127
101.0000000000 2.9815849313
101.1000000000 2.9827449658
101.2000000000 2.9811725285
101.3000000000 2.9813572440
101.4000000000 2.9783831203
101.5000000000 2.9791929639
101.6000000000 2.9790534956
101.7000000000 2.9802104425
101.8000000000 2.9822461990
101.9000000000 2.9831305314
102.0000000000 2.9813646916
102.1000000000 2.9826977103
102.2000000000 2.9829723069
102.3000000000 2.9833377876
102.4000000000 2.9817306487
102.5000000000 2.9841372333
102.6000000000 2.9812188791
102.7000000000 2.9807333021
102.8000000000 2.9837762658
102.9000000000 2.9827790346
103.0000000000 2.9833747756
103.1000000000 2.9849342067
103.2000000000 2.9839562584
103.3000000000 2.9823265938
103.4000000000 2.9827020148
103.5000000000 2.9838344245
103.6000000000 2.9826699373
103.7000000000 2.9816215154
103.8000000000 2.9775784953
103.9000000000 2.9785021547
104.0000000000 2.9774323671
104.1000000000 2.9783146190
104.2000000000 2.9777594974
104.3000000000 2.9769419097
104.4000000000 2.9756702361
104.5000000000 2.9763956947
104.6000000000 2.9782918807
104.7000000000 2.9778392534
104.8000000000 2.9759564806
104.9000000000 2.9754284096
105.0000000000 2.9752969607
105.1000000000 2.9764594318
105.2000000000 2.9733091751
105.3000000000 2.9751682362
105.4000000000 2.9749984233
105.5000000000 2.9744487084
105.6000000000 2.9743948570
105.7000000000 2.9742045708
105.8000000000 2.9732159020
105.9000000000 2.9713303266
106.0000000000 2.9732926754
106.1000000000 2.9715387658
106.2000000000 2.9714293490
106.3000000000 2.9739713699
106.4000000000 2.9723044701
106.5000000000 2.9725215086
106.6000000000 2.9722999401
106.7000000000 2.9734134528
106.8000000000 2.9725551431
106.9000000000 2.9729184775
107.0000000000 2.9721071393
107.1000000000 2.9712063609
107.2000000000 2.9740189852
107.3000000000 2.9714620016
107.4000000000 2.9725766511
107.5000000000 2.9723834289
107.6000000000 2.9732574335
107.7000000000 2.9733455596
107.8000000000 2.9735358746
107.9000000000 2.9743347688
108.0000000000 2.9764105409
108.1000000000 2.9764918145
108.2000000000 2.9786451175
108.3000000000 2.9726151038
108.4000000000 2.9701943009
108.5000000000 2.9721512680
108.6000000000 2.9705678953
108.7000000000 2.9698599684
108.8000000000 2.9685030727
108.9000000000 2.9667663213
109.0000000000 2.9667776256
109.1000000000 2.9677685764
109.2000000000 2.9667462426
109.3000000000 2.9625967482
109.4000000000 2.9641502768
109.5000000000 2.9628932378
109.6000000000 2.9639753090
109.7000000000 2.9592841380
109.8000000000 2.9599509210
109.9000000000 2.9620499764
110.0000000000 2.9602218212
110.1000000000 2.9598499590
110.2000000000 2.9609024496
110.3000000000 2.9617947658
110.4000000000 2.9611148977
110.5000000000 2.9582510608
110.6000000000 2.9572424050
110.7000000000 2.9549129629
110.8000000000 2.9555558939
110.9000000000 2.9565037500
111.0000000000 2.9581134916
111.1000000000 2.9574020500
111.2000000000 2.9582885402
111.3000000000 2.9571735057
111.4000000000 2.9566412145
111.5000000000 2.9529718857
111.6000000000 2.9517014104
111.7000000000 2.9481868917
111.8000000000 2.9495475533
111.9000000000 2.9471838539
112.0000000000 2.9465280143
112.1000000000 2.9445026002
112.2000000000 2.9418578187
112.3000000000 2.9412949720
112.4000000000 2.9407132308
112.5000000000 2.9396244463
112.6000000000 2.9388795102
112.7000000000 2.9385170414
112.8000000000 2.9386732384
112.9000000000 2.9395704543
113.0000000000 2.9411395098
113.1000000000 2.9418098687
113.2000000000 2.9404682492
113.3000000000 2.9411305354
113.4000000000 2.9390301157
113.5000000000 2.9418602397
113.6000000000 2.9411321731
113.7000000000 2.9420476975
113.8000000000 2.9436222033
113.9000000000 2.9421562398
114.0000000000 2.9415193324
114.1000000000 2.9439652590
114.2000000000 2.9446907137
114.3000000000 2.9437197882
114.4000000000 2.9420187579
114.5000000000 2.9420607853
114.6000000000 2.9423132498
114.7000000000 2.9390225682
114.8000000000 2.9385515005
114.9000000000 2.9397686579
115.0000000000 2.9386944706
115.1000000000 2.9374563595
115.2000000000 2.9360551178
115.3000000000 2.9373718694
115.4000000000 2.9368379025
115.5000000000 2.9352530242
115.6000000000 2.9354135969
115.7000000000 2.9340566460
115.8000000000 2.9356109601
115.9000000000 2.9352026462
116.0000000000 2.9342192471
116.1000000000 2.9331605750
116.2000000000 2.9352280459
116.3000000000 2.9320052665
116.4000000000 2.9308837922
116.5000000000 2.9312080329
116.6000000000 2.9322084027
116.7000000000 2.9322701479
116.8000000000 2.9320898141
116.9000000000 2.9335644586
117.0000000000 2.9336844551
117.1000000000 2.9315519439
117.2000000000 2.9335425458
117.3000000000 2.9287486375
117.4000000000 2.9303041963
117.5000000000 2.9294509255
117.6000000000 2.9300100355
117.7000000000 2.9324203998
117.8000000000 2.9340094283
117.9000000000 2.9336235399
118.0000000000 2.9335949274
118.1000000000 2.9307554156
118.2000000000 2.9294559156
118.3000000000 2.9318473503
118.4000000000 2.9299736300
118.5000000000 2.9302785056
118.6000000000 2.9293914800
118.7000000000 2.9307759035
118.8000000000 2.9308126392
118.9000000000 2.9283004185
119.0000000000 2.9271764951
119.1000000000 2.9249650978
119.2000000000 2.9202580621
119.3000000000 2.9206823764
119.4000000000 2.9220840703
119.5000000000 2.9209784632
119.6000000000 2.9190647463
119.7000000000 2.9198161556
119.8000000000 2.9210420293
119.9000000000 2.9211522875
120.0000000000 2.9216368556
120.1000000000 2.9206462968
120.2000000000 2.9190300281
120.3000000000 2.9192631020
120.4000000000 2.9199185818
120.5000000000 2.9148951415
120.6000000000 2.9148988746
120.7000000000 2.9174777852
120.8000000000 2.9179841890
120.9000000000 2.9108213612
121.0000000000 2.9097351618
121.1000000000 2.9100497765
121.2000000000 2.9097064617
121.3000000000 2.9090586513
121.4000000000 2.9087238538
121.5000000000 2.9096110218
121.6000000000 2.9086353782
121.7000000000 2.9053933124
121.8000000000 2.9032571145
121.9000000000 2.8996478046
122.0000000000 2.8991766531
122.1000000000 2.8973108842
122.2000000000 2.8951088290
122.3000000000 2.8958225957
122.4000000000 2.8956533479
122.5000000000 2.8963073448
122.6000000000 2.8938349310
122.7000000000 2.8931443675
122.8000000000 2.8951878823
122.9000000000 2.8959684872
123.0000000000 2.8974038494
123.1000000000 2.8962387244
123.2000000000 2.8948202203
123.3000000000 2.8960929589
123.4000000000 2.8951289037
123.5000000000 2.8967056092
123.6000000000 2.8964793406
123.7000000000 2.8981745719
123.8000000000 2.8982504875
123.9000000000 2.8961221289
124.0000000000 2.8951451602
124.1000000000 2.8925780013
124.2000000000 2.8932164440
124.3000000000 2.8926448310
124.4000000000 2.8922474221
124.5000000000 2.8910106164
124.6000000000 2.8899516095
124.7000000000 2.8903364697
124.8000000000 2.8882852812
124.9000000000 2.8877758226
125.0000000000 2.8885390401
125.1000000000 2.8868190877
125.2000000000 2.8898682893
125.3000000000 2.8907811813
125.4000000000 2.8916653388
125.5000000000 2.8905543375
125.6000000000 2.8913007740
125.7000000000 2.8869812857
125.8000000000 2.8859816062
125.9000000000 2.8865291120
126.0000000000 2.8877760879
126.1000000000 2.8863712621
126.2000000000 2.8853517787
126.3000000000 2.8867417704
126.4000000000 2.8832757250
126.5000000000 2.8833301755
126.6000000000 2.8849863834
126.7000000000 2.8822876942
126.8000000000 2.8825836268
126.9000000000 2.8785605346
127.0000000000 2.8770251274
127.1000000000 2.8793559872
127.2000000000 2.8807469038
127.3000000000 2.8806823882
127.4000000000 2.8834842803
127.5000000000 2.8819883515
127.6000000000 2.8802838860
127.7000000000 2.8761274403
127.8000000000 2.8752677883
127.9000000000 2.8731081162
128.0000000000 2.8735646097
128.1000000000 2.8719640876
128.2000000000 2.8718942206
128.3000000000 2.8702567949
128.4000000000 2.8689209675
128.5000000000 2.8662818462
128.6000000000 2.8658752841
128.7000000000 2.8644063388
128.8000000000 2.8646612187
128.9000000000 2.8650786957
129.0000000000 2.8640491596
129.1000000000 2.8623879044
129.2000000000 2.8605831018
129.3000000000 2.8598473516
129.4000000000 2.8615874641
129.5000000000 2.8623523704
129.6000000000 2.8634615601
129.7000000000 2.8623408419
129.8000000000 2.8640690845
129.9000000000 2.8642585681
130.0000000000 2.8670458954
130.1000000000 2.8662084118
130.2000000000 2.8648282755
130.3000000000 2.8673943737
130.4000000000 2.8668548017
130.5000000000 2.8669907795
130.6000000000 2.8672411087
130.7000000000 2.8656704730
130.8000000000 2.8681199151
130.9000000000 2.8664037232
131.0000000000 2.8652911306
131.1000000000 2.8655198263
131.2000000000 2.8620258113
131.3000000000 2.8606492675
131.4000000000 2.8590741046
131.5000000000 2.8595879877
131.6000000000 2.8607858434
131.7000000000 2.8587016501
131.8000000000 2.8589138014
131.9000000000 2.8579252019
132.0000000000 2.8565383329
132.1000000000 2.8559705928
132.2000000000 2.8580704896
132.3000000000 2.8565080801
132.4000000000 2.8533327761
132.5000000000 2.8538771454
132.6000000000 2.8528674057
132.7000000000 2.8521918240
132.8000000000 2.8513202230
132.9000000000 2.8528088038
133.0000000000 2.8521686829
133.1000000000 2.8504295070
133.2000000000 2.8515046373
133.3000000000 2.8538810013
133.4000000000 2.8533322634
133.5000000000 2.8526157579
133.6000000000 2.8507647451
133.7000000000 2.8527853940
133.8000000000 2.8546859919
133.9000000000 2.8527048770
134.0000000000 2.8524933160
134.1000000000 2.8524501736
134.2000000000 2.8532832711
134.3000000000 2.8502658833
134.4000000000 2.8489015117
134.5000000000 2.8489667203
134.6000000000 2.8462284576
134.7000000000 2.8450265309
134.8000000000 2.8454784713
134.9000000000 2.8454837098
135.0000000000 2.8452267141
135.1000000000 2.8465231540
135.2000000000 2.8485007287
135.3000000000 2.8505422060
135.4000000000 2.8506195453
135.5000000000 2.8472501984
135.6000000000 2.8438989665
135.7000000000 2.8444450098
135.8000000000 2.8442456181
135.9000000000 2.8460843091
136.0000000000 2.8488808262
136.1000000000 2.8476776743
136.2000000000 2.8507784642
136.3000000000 2.8514969529
136.4000000000 2.8512818823
136.5000000000 2.8524197251
136.6000000000 2.8508315458
136.7000000000 2.8521961234
136.8000000000 2.8505824601
136.9000000000 2.8495073228
137.0000000000 2.8477615297
137.1000000000 2.8473700113
137.2000000000 2.8476624000
137.3000000000 2.8473835438
137.4000000000 2.8478822074
137.5000000000 2.8493470302
137.6000000000 2.8492705844
137.7000000000 2.8525455469
137.8000000000 2.8511897697
137.9000000000 2.8525563860
138.0000000000 2.8527908992
138.1000000000 2.8518064357
138.2000000000 2.8525874453
138.3000000000 2.8539449698
138.4000000000 2.8527037040
138.5000000000 2.8560310079
138.6000000000 2.8551766651
138.7000000000 2.8570622172
138.8000000000 2.8575741729
138.9000000000 2.8576983109
139.0000000000 2.8569116610
139.1000000000 2.8537620853
139.2000000000 2.8545570867
139.3000000000 2.8509034730
139.4000000000 2.8522117794
139.5000000000 2.8542814963
139.6000000000 2.8532116962
139.7000000000 2.8513525188
139.8000000000 2.8522776414
139.9000000000 2.8522266762
140.0000000000 2.8502256582
140.1000000000 2.8495480994
140.2000000000 2.8481213891
140.3000000000 2.8493342422
140.4000000000 2.8481836631
140.5000000000 2.8480308419
140.6000000000 2.8485392576
140.7000000000 2.8473055885
140.8000000000 2.8502069733
140.9000000000 2.8496938314
141.0000000000 2.8513722927
141.1000000000 2.8476317686
141.2000000000 2.8464009146
141.3000000000 2.8479460158
141.4000000000 2.8481008750
141.5000000000 2.8484966836
141.6000000000 2.8493606510
141.7000000000 2.8501518844
141.8000000000 2.8510515188
141.9000000000 2.8515088344
142.0000000000 2.8553313937
142.1000000000 2.8583430471
142.2000000000 2.8562262308
142.3000000000 2.8580190731
142.4000000000 2.8567167907
142.5000000000 2.8560944926
142.6000000000 2.8520023209
142.7000000000 2.8517878453
142.8000000000 2.8517418952
142.9000000000 2.8520139334
143.0000000000 2.8553381897
143.1000000000 2.8530121863
143.2000000000 2.8527749905
143.3000000000 2.8531092925
143.4000000000 2.8533613701
143.5000000000 2.8547677077
143.6000000000 2.8517031330
143.7000000000 2.8506176022
143.8000000000 2.8498973802
143.9000000000 2.8496501002
144.0000000000 2.8483310757
144.1000000000 2.8473721084
144.2000000000 2.8429940226
144.3000000000 2.8466201561
144.4000000000 2.8460957634
144.5000000000 2.8465646622
144.6000000000 2.8455190192
144.7000000000 2.8446238149
144.8000000000 2.8408862723
144.9000000000 2.8390647183
145.0000000000 2.8402690920
145.1000000000 2.8405480695
145.2000000000 2.8391120326
145.3000000000 2.8411811229
145.4000000000 2.8385373833
145.5000000000 2.8418461850
145.6000000000 2.8412297626
145.7000000000 2.8399926757
145.8000000000 2.8409649549
145.9000000000 2.8419877984
146.0000000000 2.8416665326
146.1000000000 2.8411602165
146.2000000000 2.8423215540
146.3000000000 2.8407944569
146.4000000000 2.8396502876
146.5000000000 2.8411973060
146.6000000000 2.8402117763
146.7000000000 2.8408057502
146.8000000000 2.8397514043
146.9000000000 2.8399583137
147.0000000000 2.8418273327
147.1000000000 2.8444948778
147.2000000000 2.8402665353
147.3000000000 2.8378079694
147.4000000000 2.8385722346
147.5000000000 2.8370790474
147.6000000000 2.8374431695
147.7000000000 2.8362336304
147.8000000000 2.8364801583
147.9000000000 2.8356315656
148.0000000000 2.8346869382
148.1000000000 2.8347710347
148.2000000000 2.8350340864
148.3000000000 2.8361586440
148.4000000000 2.8349842517
148.5000000000 2.8358487721
148.6000000000 2.8369821566
148.7000000000 2.8370279891
148.8000000000 2.8374353538
148.9000000000 2.8376400511
149.0000000000 2.8377968023
149.1000000000 2.8380371713
149.2000000000 2.8378589320
149.3000000000 2.8402926886
149.4000000000 2.8371166833
149.5000000000 2.8375344210
149.6000000000 2.8387668217
149.7000000000 2.8358070171
149.8000000000 2.8330212595
149.9000000000 2.8338903217
150.0000000000 2.8335884718
150.1000000000 2.8367250269
150.2000000000 2.8369713093
150.3000000000 2.8354189088
150.4000000000 2.8337777804
150.5000000000 2.8368344881
150.6000000000 2.8365900488
150.7000000000 2.8360752725
150.8000000000 2.8358415553
150.9000000000 2.8334812633
151.0000000000 2.8370410730
151.1000000000 2.8341134179
151.2000000000 2.8334695401
151.3000000000 2.8354174930
151.4000000000 2.8357593986
151.5000000000 2.8360605888
151.6000000000 2.8347787550
151.7000000000 2.8331594060
151.8000000000 2.8340578771
151.9000000000 2.8333344936
152.0000000000 2.8335899489
152.1000000000 2.8319102230
152.2000000000 2.8306695820
152.3000000000 2.8288150525
152.4000000000 2.8302225602
152.5000000000 2.8308409130
152.6000000000 2.8335583887
152.7000000000 2.8331530965
152.8000000000 2.8328136052
152.9000000000 2.8287336381
153.0000000000 2.8288109085
153.1000000000 2.8284565265
153.2000000000 2.8250925358
153.3000000000 2.8255630324
153.4000000000 2.8247815800
153.5000000000 2.8251950013
153.6000000000 2.8290511229
153.7000000000 2.8287536121
153.8000000000 2.8291379985
153.9000000000 2.8310861627
154.0000000000 2.8311434167
154.1000000000 2.8283641359
154.2000000000 2.8278709161
154.3000000000 2.8280437872
154.4000000000 2.8284030995
154.5000000000 2.8258579602
154.6000000000 2.8266702855
154.7000000000 2.8275077462
154.8000000000 2.8285562232
154.9000000000 2.8276482084
155.0000000000 2.8248592038
155.1000000000 2.8251685574
155.2000000000 2.8230049805
155.3000000000 2.8253045008
155.4000000000 2.8290624237
155.5000000000 2.8297911577
155.6000000000 2.8316700796
155.7000000000 2.8297848301
155.8000000000 2.8323260076
155.9000000000 2.8350794640
156.0000000000 2.8347352383
156.1000000000 2.8353507254
156.2000000000 2.8361140296
156.3000000000 2.8352118330
156.4000000000 2.8360536410
156.5000000000 2.8329683783
156.6000000000 2.8343128645
156.7000000000 2.8352955914
156.8000000000 2.8356042005
156.9000000000 2.8353586051
157.0000000000 2.8311389937
157.1000000000 2.8309071815
157.2000000000 2.8316764428
157.3000000000 2.8304454802
157.4000000000 2.8317776464
157.5000000000 2.8309073960
157.6000000000 2.8290204618
157.7000000000 2.8270785158
157.8000000000 2.8268259518
157.9000000000 2.8270529882
158.0000000000 2.8275931724
158.1000000000 2.8282472954
158.2000000000 2.8284363400
158.3000000000 2.8256416286
158.4000000000 2.8252556752
158.5000000000 2.8227531202
158.6000000000 2.8211831612
158.7000000000 2.8228163104
158.8000000000 2.8216627442
158.9000000000 2.8209663870
159.0000000000 2.8196845775
159.1000000000 2.8209420937
159.2000000000 2.8240815530
159.3000000000 2.8236507663
159.4000000000 2.8220339400
159.5000000000 2.8223553316
159.6000000000 2.8211950429
159.7000000000 2.8236772619
159.8000000000 2.8240047636
159.9000000000 2.8247018705
160.0000000000 2.8245219084
160.1000000000 2.8241218161
160.2000000000 2.8237374585
160.3000000000 2.8253007449
160.4000000000 2.8263059983
160.5000000000 2.8263092760
160.6000000000 2.8259993980
160.7000000000 2.8258914655
160.8000000000 2.8243958952
160.9000000000 2.8262754601
161.0000000000 2.8262669470
161.1000000000 2.8253605527
161.2000000000 2.8262993093
161.3000000000 2.8262958676
161.4000000000 2.8277499433
161.5000000000 2.8274382765
161.6000000000 2.8241433250
161.7000000000 2.8241036936
161.8000000000 2.8235223947
161.9000000000 2.8226221107
162.0000000000 2.8219127466
162.1000000000 2.8251564131
162.2000000000 2.8221833542
162.3000000000 2.8203393301
162.4000000000 2.8224714210
162.5000000000 2.8207553450
162.6000000000 2.8209957550
162.7000000000 2.8188557653
162.8000000000 2.8174314475
162.9000000000 2.8156300952
163.0000000000 2.8134254492
163.1000000000 2.8124610741
163.2000000000 2.8122769414
163.3000000000 2.8112695367
163.4000000000 2.8110477236
163.5000000000 2.8109828259
163.6000000000 2.8096735114
163.7000000000 2.8100346170
163.8000000000 2.8072747180
163.9000000000 2.8082082227
164.0000000000 2.8102779201
164.1000000000 2.8123662603
164.2000000000 2.8128764145
164.3000000000 2.8124524643
164.4000000000 2.8110907674
164.5000000000 2.8114214606
164.6000000000 2.8104086003
164.7000000000 2.8132309529
164.8000000000 2.8137382786
164.9000000000 2.8147852021
165.0000000000 2.8118357030
165.1000000000 2.8096706652
165.2000000000 2.8086026076
165.3000000000 2.8088228423
165.4000000000 2.8076210624
165.5000000000 2.8056019738
165.6000000000 2.8096141210
165.7000000000 2.8081424808
165.8000000000 2.8084784879
165.9000000000 2.8102158256
166.0000000000 2.8082543428
166.1000000000 2.8096584148
166.2000000000 2.8087438484
166.3000000000 2.8093305209
166.4000000000 2.8108448100
166.5000000000 2.8133074255
166.6000000000 2.8134120278
166.7000000000 2.8121628207
166.8000000000 2.8118023954
166.9000000000 2.8127734400
167.0000000000 2.8110595052
167.1000000000 2.8122860648
167.2000000000 2.8105821941
167.3000000000 2.8062633926
167.4000000000 2.8069988732
167.5000000000 2.8059599925
167.6000000000 2.8026594818
167.7000000000 2.8010033313
167.8000000000 2.7995819026
167.9000000000 2.7986620837
168.0000000000 2.7980045799
168.1000000000 2.8015043242
168.2000000000 2.7997225005
168.3000000000 2.7987215451
168.4000000000 2.7994496984
168.5000000000 2.7985753483
168.6000000000 2.7982356847
168.7000000000 2.7975150048
168.8000000000 2.7974385244
168.9000000000 2.8003521418
169.0000000000 2.8013956624
169.1000000000 2.8026075645
169.2000000000 2.8015986369
169.3000000000 2.8028060157
169.4000000000 2.8017821774
169.5000000000 2.8003333033
169.6000000000 2.8017179141
169.7000000000 2.8018704078
169.8000000000 2.7967490747
169.9000000000 2.7964477888
170.0000000000 2.7986719894
170.1000000000 2.7989821542
170.2000000000 2.7966220567
170.3000000000 2.7956357487
170.4000000000 2.7941277571
170.5000000000 2.7945063037
170.6000000000 2.7962633111
170.7000000000 2.7951810444
170.8000000000 2.7938389899
170.9000000000 2.7948927887
171.0000000000 2.7927460969
171.1000000000 2.7953175940
171.2000000000 2.7960324609
171.3000000000 2.7965422268
171.4000000000 2.7967834955
171.5000000000 2.7970931514
171.6000000000 2.7956139950
171.7000000000 2.7962870779
171.8000000000 2.7951982811
171.9000000000 2.7958267701
172.0000000000 2.7963466217
172.1000000000 2.7969828553
172.2000000000 2.7992463568
172.3000000000 2.7994355866
172.4000000000 2.8021219321
172.5000000000 2.8037673499
172.6000000000 2.8036357238
172.7000000000 2.8036135762
172.8000000000 2.8056739614
172.9000000000 2.8013735080
173.0000000000 2.8028243453
173.1000000000 2.8011428767
173.2000000000 2.8035237229
173.3000000000 2.8020573374
173.4000000000 2.8016408809
173.5000000000 2.8009148414
173.6000000000 2.8021292177
173.7000000000 2.8039266723
173.8000000000 2.8032414058
173.9000000000 2.8018028960
174.0000000000 2.7994560511
174.1000000000 2.8003881562
174.2000000000 2.7974513940
174.3000000000 2.7968492979
174.4000000000 2.7979873904
174.5000000000 2.7990983702
174.6000000000 2.8001411692
174.7000000000 2.8021839033
174.8000000000 2.8033758487
174.9000000000 2.8011548329
175.0000000000 2.8011614118
175.1000000000 2.8008062025
175.2000000000 2.8006913923
175.3000000000 2.7996588596
175.4000000000 2.7997295165
175.5000000000 2.7942632522
175.6000000000 2.7937177495
175.7000000000 2.7936289973
175.8000000000 2.7937342576
175.9000000000 2.7929083641
176.0000000000 2.7921607612
176.1000000000 2.7925081652
176.2000000000 2.7930976554
176.3000000000 2.7922688191
176.4000000000 2.7933132245
176.5000000000 2.7953161867
176.6000000000 2.7964608105
176.7000000000 2.7965352649
176.8000000000 2.7972211487
176.9000000000 2.7956896526
177.0000000000 2.7961864449
177.1000000000 2.7948241749
177.2000000000 2.7959562700
177.3000000000 2.7959045467
177.4000000000 2.7982567347
177.5000000000 2.7970046520
177.6000000000 2.7981563369
177.7000000000 2.7961548399
177.8000000000 2.7948446714
177.9000000000 2.7953775599
178.0000000000 2.7958430117
178.1000000000 2.7961014240
178.2000000000 2.7947390433
178.3000000000 2.7941240678
178.4000000000 2.7950076796
178.5000000000 2.7928683331
178.6000000000 2.7929347062
178.7000000000 2.7935985419
178.8000000000 2.7949945422
178.9000000000 2.7940148890
179.0000000000 2.7944623388
179.1000000000 2.7944228335
179.2000000000 2.7945807987
179.3000000000 2.7924390352
179.4000000000 2.7912853726
179.5000000000 2.7919327655
179.6000000000 2.7911381408
179.7000000000 2.7937810639
179.8000000000 2.7933901156
179.9000000000 2.7944971475
180.0000000000 2.7951920003
180.1000000000 2.7922411013
180.2000000000 2.7923254345
180.3000000000 2.7924475007
180.4000000000 2.7913253594
180.5000000000 2.7927401293
180.6000000000 2.7903161130
180.7000000000 2.7891866741
180.8000000000 2.7875561399
180.9000000000 2.7880007853
181.0000000000 2.7906751092
181.1000000000 2.7895415310
181.2000000000 2.7871523036
181.3000000000 2.7890684468
181.4000000000 2.7906553803
181.5000000000 2.7870320187
181.6000000000 2.7861238928
181.7000000000 2.7849555386
181.8000000000 2.7847280178
181.9000000000 2.7851956728
182.0000000000 2.7844320945
182.1000000000 2.7852989613
182.2000000000 2.7841578851
182.3000000000 2.7848476014
182.4000000000 2.7855872288
182.5000000000 2.7850037028
182.6000000000 2.7859514767
182.7000000000 2.7858523408
182.8000000000 2.7848213150
182.9000000000 2.7828970648
183.0000000000 2.7832586769
183.1000000000 2.7830829561
183.2000000000 2.7871087126
183.3000000000 2.7888635297
183.4000000000 2.7893149287
183.5000000000 2.7860702009
183.6000000000 2.7866999927
183.7000000000 2.7900872497
183.8000000000 2.7913562695
183.9000000000 2.7920964291
184.0000000000 2.7885345407
184.1000000000 2.7886988171
184.2000000000 2.7892834486
184.3000000000 2.7921529585
184.4000000000 2.7908158298
184.5000000000 2.7922566219
184.6000000000 2.7916879713
184.7000000000 2.7905214573
184.8000000000 2.7928914651
184.9000000000 2.7927091101
185.0000000000 2.7931132530
185.1000000000 2.7934556844
185.2000000000 2.7929981177
185.3000000000 2.7935035365
185.4000000000 2.7945935013
185.5000000000 2.7946973458
185.6000000000 2.7954083308
185.7000000000 2.7953651022
185.8000000000 2.7956434832
185.9000000000 2.7927226498
186.0000000000 2.7903571338
186.1000000000 2.7909321091
186.2000000000 2.7898471447
186.3000000000 2.7908599650
186.4000000000 2.7898315094
186.5000000000 2.7901050671
186.6000000000 2.7899314703
186.7000000000 2.7892696096
186.8000000000 2.7895044109
186.9000000000 2.7866604443
187.0000000000 2.7854853972
187.1000000000 2.7821858192
187.2000000000 2.7821376556
187.3000000000 2.7791173173
187.4000000000 2.7801817314
187.5000000000 2.7824191126
187.6000000000 2.7824941213
187.7000000000 2.7810907000
187.8000000000 2.7813292046
187.9000000000 2.7813253379
188.0000000000 2.7799363494
188.1000000000 2.7775321505
188.2000000000 2.7767248101
188.3000000000 2.7743778790
188.4000000000 2.7771070298
188.5000000000 2.7791623510
188.6000000000 2.7806305044
188.7000000000 2.7814787376
188.8000000000 2.7810752252
188.9000000000 2.7789558158
189.0000000000 2.7778480237
189.1000000000 2.7779146751
189.2000000000 2.7763613185
189.3000000000 2.7756949124
189.4000000000 2.7739584199
189.5000000000 2.7745227588
189.6000000000 2.7749424035
189.7000000000 2.7773989087
189.8000000000 2.7752669369
189.9000000000 2.7758664980
190.0000000000 2.7779570729
190.1000000000 2.7792415601
190.2000000000 2.7796882763
190.3000000000 2.7794945115
190.4000000000 2.7778112272
190.5000000000 2.7801474815
190.6000000000 2.7788983756
190.7000000000 2.7780318718
190.8000000000 2.7818543966
190.9000000000 2.7821658975
191.0000000000 2.7803115978
191.1000000000 2.7799473751
191.2000000000 2.7790511686
191.3000000000 2.7815703033
191.4000000000 2.7814361353
191.5000000000 2.7825510184
191.6000000000 2.7837536548
191.7000000000 2.7843330652
191.8000000000 2.7842318404
191.9000000000 2.7832054120
192.0000000000 2.7825530080
192.1000000000 2.7839562013
192.2000000000 2.7805401423
192.3000000000 2.7832350872
192.4000000000 2.7809520533
192.5000000000 2.7814174386
192.6000000000 2.7811351828
192.7000000000 2.7824448641
192.8000000000 2.7811948571
192.9000000000 2.7786615518
193.0000000000 2.7800946492
193.1000000000 2.7799611232
193.2000000000 2.7820420582
193.3000000000 2.7802144688
193.4000000000 2.7813978663
193.5000000000 2.7813530739
193.6000000000 2.7838367772
193.7000000000 2.7851492624
193.8000000000 2.7870738005
193.9000000000 2.7867827821
194.0000000000 2.7878641443
194.1000000000 2.7878229480
194.2000000000 2.7875861128
194.3000000000 2.7865951348
194.4000000000 2.7883059498
194.5000000000 2.7874373776
194.6000000000 2.7857545422
194.7000000000 2.7842493831
194.8000000000 2.7846291615
194.9000000000 2.7842341719
195.0000000000 2.7851839589
195.1000000000 2.7881746399
195.2000000000 2.7848611425
195.3000000000 2.7865193434
195.4000000000 2.7821573095
195.5000000000 2.7832245360
195.6000000000 2.7821525042
195.7000000000 2.7816435628
195.8000000000 2.7839287272
195.9000000000 2.7824646613
196.0000000000 2.7850549115
196.1000000000 2.7853643820
196.2000000000 2.7832412311
196.3000000000 2.7852734104
196.4000000000 2.7875172972
196.5000000000 2.7858428072
196.6000000000 2.7884430146
196.7000000000 2.7879643346
196.8000000000 2.7911626394
196.9000000000 2.7919819203
197.0000000000 2.7925766804
197.1000000000 2.7929298937
197.2000000000 2.7917516655
197.3000000000 2.7942062639
197.4000000000 2.7912010764
197.5000000000 2.7909192627
197.6000000000 2.7902167752
197.7000000000 2.7901593313
197.8000000000 2.7868742246
197.9000000000 2.7862056517
198.0000000000 2.7855934866
198.1000000000 2.7841972915
198.2000000000 2.7861851907
198.3000000000 2.7849429695
198.4000000000 2.7858475386
198.5000000000 2.7892675231
198.6000000000 2.7881363553
198.7000000000 2.7847960363
198.8000000000 2.7819541176
198.9000000000 2.7803793075
199.0000000000 2.7795067564
199.1000000000 2.7824048580
199.2000000000 2.7831382779
199.3000000000 2.7836723738
199.4000000000 2.7819888279
199.5000000000 2.7820331503
199.6000000000 2.7829366533
199.7000000000 2.7836039120
199.8000000000 2.7855943162
199.9000000000 2.7820231182
200.0000000000 2.7824675891
200.1000000000 2.7806775236
200.2000000000 2.7798719875
200.3000000000 2.7801843677
200.4000000000 2.7818862224
200.5000000000 2.7834734202
200.6000000000 2.7836378111
200.7000000000 2.7849840074
200.8000000000 2.7865150120
200.9000000000 2.7857125058
201.0000000000 2.7860089207
201.1000000000 2.7831768225
201.2000000000 2.7808363401
201.3000000000 2.7774831347
201.4000000000 2.7786181448
201.5000000000 2.7815226199
201.6000000000 2.7823622085
201.7000000000 2.7829827414
201.8000000000 2.7815039659
201.9000000000 2.7829526216
202.0000000000 2.7829157209
202.1000000000 2.7822723023
202.2000000000 2.7810874644
202.3000000000 2.7824685729
202.4000000000 2.7835047776
202.5000000000 2.7804620886
202.6000000000 2.7804065336
202.7000000000 2.7798274748
202.8000000000 2.7803809609
202.9000000000 2.7792262438
203.0000000000 2.7793186797
203.1000000000 2.7797159163
203.2000000000 2.7813656991
203.3000000000 2.7833219319
203.4000000000 2.7832996163
203.5000000000 2.7812915740
203.6000000000 2.7831088490
203.7000000000 2.7809478404
203.8000000000 2.7812612145
203.9000000000 2.7787017955
204.0000000000 2.7797766258
204.1000000000 2.7810883318
204.2000000000 2.7826655694
204.3000000000 2.7808743475
204.4000000000 2.7806759680
204.5000000000 2.7836323266
204.6000000000 2.7823978801
204.7000000000 2.7810167341
204.8000000000 2.7827780344
204.9000000000 2.7850563738
205.0000000000 2.7856567583
205.1000000000 2.7836118649
205.2000000000 2.7820804600
205.3000000000 2.7811999728
205.4000000000 2.7793214917
205.5000000000 2.7798785231
205.6000000000 2.7792659407
205.7000000000 2.7778748575
205.8000000000 2.7794407268
205.9000000000 2.7790224792
206.0000000000 2.7778092526
206.1000000000 2.7770248318
206.2000000000 2.7757857124
206.3000000000 2.7761109103
206.4000000000 2.7739130480
206.5000000000 2.7748063782
206.6000000000 2.7719964666
206.7000000000 2.7719540227
206.8000000000 2.7719213130
206.9000000000 2.7723685128
207.0000000000 2.7751012373
207.1000000000 2.7725928400
207.2000000000 2.7737968590
207.3000000000 2.7727605057
207.4000000000 2.7720800484
207.5000000000 2.7714419349
207.6000000000 2.7725598645
207.7000000000 2.7716278447
207.8000000000 2.7730056333
207.9000000000 2.7723724465
208.0000000000 2.7741800234
208.1000000000 2.7728335881
208.2000000000 2.7746871335
208.3000000000 2.7745442093
208.4000000000 2.7761292148
208.5000000000 2.7765787766
208.6000000000 2.7769875001
208.7000000000 2.7758899006
208.8000000000 2.7736206063
208.9000000000 2.7735938476
209.0000000000 2.7747541144
209.1000000000 2.7747354697
209.2000000000 2.7742308033
209.3000000000 2.7723601681
209.4000000000 2.7737350740
209.5000000000 2.7730379049
209.6000000000 2.7722907431
209.7000000000 2.7725307678
209.8000000000 2.7687671708
209.9000000000 2.7681564305
210.0000000000 2.7674861430
210.1000000000 2.7686081919
210.2000000000 2.7689190494
210.3000000000 2.7696417295
210.4000000000 2.7669653459
210.5000000000 2.7687549929
210.6000000000 2.7677628352
210.7000000000 2.7669308260
210.8000000000 2.7691278953
210.9000000000 2.7701353949
211.0000000000 2.7673612058
211.1000000000 2.7695726055
211.2000000000 2.7711868261
211.3000000000 2.7689301524
211.4000000000 2.7714354429
211.5000000000 2.7700595161
211.6000000000 2.7714017528
211.7000000000 2.7710743705
211.8000000000 2.7716025286
211.9000000000 2.7716642254
212.0000000000 2.7735323125
212.1000000000 2.7749025813
212.2000000000 2.7737235855
212.3000000000 2.7708568479
212.4000000000 2.7714811305
212.5000000000 2.7735668881
212.6000000000 2.7716757362
212.7000000000 2.7725514050
212.8000000000 2.7716163601
212.9000000000 2.7725494818
213.0000000000 2.7708246781
213.1000000000 2.7724922126
213.2000000000 2.7739058774
213.3000000000 2.7731828973
213.4000000000 2.7744265004
213.5000000000 2.7747355284
213.6000000000 2.7760060849
213.7000000000 2.7740257527
213.8000000000 2.7731031443
213.9000000000 2.7702783922
214.0000000000 2.7723986455
214.1000000000 2.7721958103
214.2000000000 2.7712547067
214.3000000000 2.7728399763
214.4000000000 2.7739326724
214.5000000000 2.7750155747
214.6000000000 2.7730496786
214.7000000000 2.7721009820
214.8000000000 2.7711785038
214.9000000000 2.7684359517
215.0000000000 2.7672198036
215.1000000000 2.7678387520
215.2000000000 2.7654268690
215.3000000000 2.7655268164
215.4000000000 2.7651231628
215.5000000000 2.7662469611
215.6000000000 2.7705594392
215.7000000000 2.7699199564
215.8000000000 2.7698222639
215.9000000000 2.7682968181
216.0000000000 2.7694419667
216.1000000000 2.7692709753
216.2000000000 2.7671559716
216.3000000000 2.7649522210
216.4000000000 2.7660512629
216.5000000000 2.7673128996
216.6000000000 2.7686121184
216.7000000000 2.7658875249
216.8000000000 2.7675164565
216.9000000000 2.7673220973
217.0000000000 2.7654476706
217.1000000000 2.7662179095
217.2000000000 2.7639677439
217.3000000000 2.7646124094
217.4000000000 2.7640273219
217.5000000000 2.7625730688
217.6000000000 2.7617988157
217.7000000000 2.7614053144
217.8000000000 2.7584250429
217.9000000000 2.7585002415
218.0000000000 2.7580904528
218.1000000000 2.7570627492
218.2000000000 2.7583895438
218.3000000000 2.7567660800
218.4000000000 2.7585752850
218.5000000000 2.7561500698
218.6000000000 2.7564106152
218.7000000000 2.7560380865
218.8000000000 2.7538058536
218.9000000000 2.7574287213
219.0000000000 2.7585916612
219.1000000000 2.7540999636
219.2000000000 2.7531193758
219.3000000000 2.7538275080
219.4000000000 2.7541897302
219.5000000000 2.7552015898
219.6000000000 2.7549572727
219.7000000000 2.7554645087
219.8000000000 2.7542492823
219.9000000000 2.7537268984
220.0000000000 2.7554684152
220.1000000000 2.7539976059
220.2000000000 2.7545306768
220.3000000000 2.7535785491
220.4000000000 2.7505350418
220.5000000000 2.7505520173
220.6000000000 2.7498609461
220.7000000000 2.7496963083
220.8000000000 2.7520638514
220.9000000000 2.7526620155
221.0000000000 2.7515292488
221.1000000000 2.7533670521
221.2000000000 2.7533383481
221.3000000000 2.7535579221
221.4000000000 2.7539645875
221.5000000000 2.7542681328
221.6000000000 2.7551905313
221.7000000000 2.7545758732
221.8000000000 2.7574442620
221.9000000000 2.7555229185
222.0000000000 2.7563417430
222.1000000000 2.7574938991
222.2000000000 2.7572988950
222.3000000000 2.7556090819
222.4000000000 2.7563028762
222.5000000000 2.7555693745
222.6000000000 2.7548641432
222.7000000000 2.7536019276
222.8000000000 2.7518524821
222.9000000000 2.7495908023
223.0000000000 2.7525873687
223.1000000000 2.7521061841
223.2000000000 2.7527862337
223.3000000000 2.7545229084
223.4000000000 2.7540600941
223.5000000000 2.7543424824
223.6000000000 2.7529803699
223.7000000000 2.7525708727
223.8000000000 2.7518376283
223.9000000000 2.7510821499
224.0000000000 2.7520201475
224.1000000000 2.7525560799
224.2000000000 2.7524684207
224.3000000000 2.7535235303
224.4000000000 2.7526036241
224.5000000000 2.7529583717
224.6000000000 2.7525726944
224.7000000000 2.7521521469
224.8000000000 2.7515769296
224.9000000000 2.7524506667
225.0000000000 2.7522434325
225.1000000000 2.7507320917
225.2000000000 2.7490076699
225.3000000000 2.7506312294
225.4000000000 2.7479135035
225.5000000000 2.7493224668
225.6000000000 2.7510700050
225.7000000000 2.7503581134
225.8000000000 2.7511595154
225.9000000000 2.7488181962
226.0000000000 2.7459555186
226.1000000000 2.7460477829
226.2000000000 2.7484212763
226.3000000000 2.7481066352
226.4000000000 2.7502568254
226.5000000000 2.7495296852
226.6000000000 2.7487270309
226.7000000000 2.7457649149
226.8000000000 2.7467987208
226.9000000000 2.7464948224
227.0000000000 2.7483823052
227.1000000000 2.7471033142
227.2000000000 2.7477610236
227.3000000000 2.7480106999
227.4000000000 2.7487552515
227.5000000000 2.7481557356
227.6000000000 2.7460934042
227.7000000000 2.7452912075
227.8000000000 2.7453695425
227.9000000000 2.7453893183
228.0000000000 2.7417491554
228.1000000000 2.7418712492
228.2000000000 2.7439402919
228.3000000000 2.7447356682
228.4000000000 2.7458885783
228.5000000000 2.7456072546
228.6000000000 2.7452251346
228.7000000000 2.7450100772
228.8000000000 2.7425696285
228.9000000000 2.7433569233
229.0000000000 2.7449315046
229.1000000000 2.7457177426
229.2000000000 2.7459512754
229.3000000000 2.7455431013
229.4000000000 2.7439323912
229.5000000000 2.7466936729
229.6000000000 2.7446061320
229.7000000000 2.7446196436
229.8000000000 2.7462156420
229.9000000000 2.7470660635
230.0000000000 2.7464978953
230.1000000000 2.7466476852
230.2000000000 2.7441962190
230.3000000000 2.7434162684
230.4000000000 2.7448580333
230.5000000000 2.7433156996
230.6000000000 2.7437921426
230.7000000000 2.7439992651
230.8000000000 2.7425807545
230.9000000000 2.7443389738
231.0000000000 2.7400000655
231.1000000000 2.7441841098
231.2000000000 2.7435269878
231.3000000000 2.7402028078
231.4000000000 2.7410867665
231.5000000000 2.7427118222
231.6000000000 2.7393027684
231.7000000000 2.7368073499
231.8000000000 2.7406699050
231.9000000000 2.7413617545
232.0000000000 2.7389105834
232.1000000000 2.7405213537
232.2000000000 2.7426187708
232.3000000000 2.7416281344
232.4000000000 2.7427654137
232.5000000000 2.7416661635
232.6000000000 2.7440089152
232.7000000000 2.7447068961
232.8000000000 2.7473960531
232.9000000000 2.7465781447
233.0000000000 2.7454973559
233.1000000000 2.7454639307
233.2000000000 2.7474011145
233.3000000000 2.7466644177
233.4000000000 2.7459082346
233.5000000000 2.7447102215
233.6000000000 2.7424410941
233.7000000000 2.7442016399
233.8000000000 2.7447310071
233.9000000000 2.7451015090
234.0000000000 2.7459075255
234.1000000000 2.7454679940
234.2000000000 2.7466212114
234.3000000000 2.7442551411
234.4000000000 2.7457267328
234.5000000000 2.7456451435
234.6000000000 2.7445456756
234.7000000000 2.7470452738
234.8000000000 2.7476751784
234.9000000000 2.7494288255
235.0000000000 2.7477505243
235.1000000000 2.7492082978
235.2000000000 2.7473105619
235.3000000000 2.7454502416
235.4000000000 2.7472342988
235.5000000000 2.7481172873
235.6000000000 2.7478667343
235.7000000000 2.7497647548
235.8000000000 2.7456471584
235.9000000000 2.7459113938
236.0000000000 2.7484776966
236.1000000000 2.7471007390
236.2000000000 2.7487765599
236.3000000000 2.7473900428
236.4000000000 2.7464237201
236.5000000000 2.7466514502
236.6000000000 2.7477467563
236.7000000000 2.7476490936
236.8000000000 2.7489222440
236.9000000000 2.7499288682
237.0000000000 2.7479460190
237.1000000000 2.7481850489
237.2000000000 2.7468475457
237.3000000000 2.7459322287
237.4000000000 2.7480622409
237.5000000000 2.7488109061
237.6000000000 2.7498608746
237.7000000000 2.7480812736
237.8000000000 2.7491535756
237.9000000000 2.7470783697
238.0000000000 2.7465398584
238.1000000000 2.7471765510
238.2000000000 2.7478461879
238.3000000000 2.7479890192
238.4000000000 2.7472178070
238.5000000000 2.7492844275
238.6000000000 2.7482964829
238.7000000000 2.7481038279
238.8000000000 2.7498257853
238.9000000000 2.7501925192
239.0000000000 2.7506737533
239.1000000000 2.7513216468
239.2000000000 2.7473324413
239.3000000000 2.7481471840
239.4000000000 2.7435112569
239.5000000000 2.7427103675
239.6000000000 2.7424224003
239.7000000000 2.7434719534
239.8000000000 2.7417781432
239.9000000000 2.7415625447
240.0000000000 2.7422762628
240.1000000000 2.7434346896
240.2000000000 2.7458045650
240.3000000000 2.7459886947
240.4000000000 2.7475583204
240.5000000000 2.7483774159
240.6000000000 2.7480815664
240.7000000000 2.7495780882
240.8000000000 2.7494700714
240.9000000000 2.7450236774
241.0000000000 2.7454964904
241.1000000000 2.7505824527
241.2000000000 2.7468640737
241.3000000000 2.7475347186
241.4000000000 2.7502168221
241.5000000000 2.7474599074
241.6000000000 2.7472233841
241.7000000000 2.7455696874
241.8000000000 2.7474547614
241.9000000000 2.7460372218
242.0000000000 2.7455580966
242.1000000000 2.7445538989
242.2000000000 2.7453929596
242.3000000000 2.7432518628
242.4000000000 2.7417760044
242.5000000000 2.7431208728
242.6000000000 2.7415990209
242.7000000000 2.7437877784
242.8000000000 2.7417389358
242.9000000000 2.7433201549
243.0000000000 2.7438623278
243.1000000000 2.7443070400
243.2000000000 2.7467180899
243.3000000000 2.7473102809
243.4000000000 2.7468504231
243.5000000000 2.7462940745
243.6000000000 2.7441309500
243.7000000000 2.7431407753
243.8000000000 2.7439822233
243.9000000000 2.7462515194
244.0000000000 2.7447122967
244.1000000000 2.7467312048
244.2000000000 2.7439997729
244.3000000000 2.7443185062
244.4000000000 2.7457973355
244.5000000000 2.7412213980
244.6000000000 2.7394477398
244.7000000000 2.7366838142
244.8000000000 2.7398343469
244.9000000000 2.7417048904
245.0000000000 2.7395354528
245.1000000000 2.7388927814
245.2000000000 2.7359607124
245.3000000000 2.7335200753
245.4000000000 2.7351917377
245.5000000000 2.7352501486
245.6000000000 2.7376208324
245.7000000000 2.7390623066
245.8000000000 2.7415752536
245.9000000000 2.7377876356
246.0000000000 2.7379990182
246.1000000000 2.7363527713
246.2000000000 2.7386869076
246.3000000000 2.7381118933
246.4000000000 2.7363345723
246.5000000000 2.7353935319
246.6000000000 2.7381280910
246.7000000000 2.7371179453
246.8000000000 2.7360587086
246.9000000000 2.7375197685
247.0000000000 2.7376737789
247.1000000000 2.7391446059
247.2000000000 2.7384304593
247.3000000000 2.7377421682
247.4000000000 2.7380650397
247.5000000000 2.7377781432
247.6000000000 2.7368369827
247.7000000000 2.7381860382
247.8000000000 2.7369796723
247.9000000000 2.7376792505
248.0000000000 2.7378116075
248.1000000000 2.7394583180
248.2000000000 2.7395662243
248.3000000000 2.7393547677
248.4000000000 2.7387499668
248.5000000000 2.7377351855
248.6000000000 2.7366488013
248.7000000000 2.7359094743
248.8000000000 2.7319614054
248.9000000000 2.7329193496
249.0000000000 2.7340610745
249.1000000000 2.7324890339
249.2000000000 2.7314952688
249.3000000000 2.7309110071
249.4000000000 2.7311161395
249.5000000000 2.7320343598
249.6000000000 2.7303102171
249.7000000000 2.7321614820
249.8000000000 2.7317405783
249.9000000000 2.7307590633
250.0000000000 2.7320780243
250.1000000000 2.7296912291
250.2000000000 2.7295065104
250.3000000000 2.7295411509
250.4000000000 2.7284071355
250.5000000000 2.7296864048
250.6000000000 2.7263774512
250.7000000000 2.7239076078
250.8000000000 2.7235190211
250.9000000000 2.7235591871
251.0000000000 2.7251270908
251.1000000000 2.7250329257
251.2000000000 2.7237599568
251.3000000000 2.7244898584
251.4000000000 2.7232730849
251.5000000000 2.7236124233
251.6000000000 2.7264282952
251.7000000000 2.7232871148
251.8000000000 2.7234786862
251.9000000000 2.7243541036
252.0000000000 2.7238499113
252.1000000000 2.7230311103
252.2000000000 2.7240090450
252.3000000000 2.7260047363
252.4000000000 2.7240979370
252.5000000000 2.7255867286
252.6000000000 2.7225293358
252.7000000000 2.7211252487
252.8000000000 2.7232879808
252.9000000000 2.7245945421
253.0000000000 2.7228998244
253.1000000000 2.7203747065
253.2000000000 2.7202850048
253.3000000000 2.7194530105
253.4000000000 2.7192342579
253.5000000000 2.7203217492
253.6000000000 2.7204123510
253.7000000000 2.7226480097
253.8000000000 2.7235187919
253.9000000000 2.7237101064
254.0000000000 2.7234400127
254.1000000000 2.7230901359
254.2000000000 2.7247964001
254.3000000000 2.7264713320
254.4000000000 2.7272632906
254.5000000000 2.7278928528
254.6000000000 2.7289806995
254.7000000000 2.7260664762
254.8000000000 2.7264189298
254.9000000000 2.7284833580
255.0000000000 2.7271523156
255.1000000000 2.7258753247
255.2000000000 2.7277137508
255.3000000000 2.7286951526
255.4000000000 2.7272131824
255.5000000000 2.7271403142
255.6000000000 2.7273800047
255.7000000000 2.7268014559
255.8000000000 2.7233540876
255.9000000000 2.7253062178
256.0000000000 2.7243087141
256.1000000000 2.7250498847
256.2000000000 2.7259172895
256.3000000000 2.7296432954
256.4000000000 2.7267179562
256.5000000000 2.7282081893
256.6000000000 2.7264183582
256.7000000000 2.7266065572
256.8000000000 2.7256884844
256.9000000000 2.7253990675
257.0000000000 2.7256404521
257.1000000000 2.7252571987
257.2000000000 2.7248848897
257.3000000000 2.7246333584
257.4000000000 2.7273056911
257.5000000000 2.7273389452
257.6000000000 2.7267436253
257.7000000000 2.7277928111
257.8000000000 2.7268042745
257.9000000000 2.7265300974
258.0000000000 2.7270227496
258.1000000000 2.7254325076
258.2000000000 2.7236240909
258.3000000000 2.7214643690
258.4000000000 2.7213690805
258.5000000000 2.7224227609
258.6000000000 2.7214388014
258.7000000000 2.7220412416
258.8000000000 2.7229028729
258.9000000000 2.7231118070
259.0000000000 2.7224659528
259.1000000000 2.7215829162
259.2000000000 2.7221629442
259.3000000000 2.7207146263
259.4000000000 2.7222619908
259.5000000000 2.7212010177
259.6000000000 2.7197190864
259.7000000000 2.7182963685
259.8000000000 2.7188752101
259.9000000000 2.7194963302
260.0000000000 2.7200571348
260.1000000000 2.7202330004
260.2000000000 2.7186293278
260.3000000000 2.7201227579
260.4000000000 2.7191088048
260.5000000000 2.7192615061
260.6000000000 2.7196047502
260.7000000000 2.7185466548
260.8000000000 2.7193587533
260.9000000000 2.7179472751
261.0000000000 2.7139153325
261.1000000000 2.7138352343
261.2000000000 2.7116524255
261.3000000000 2.7136517746
261.4000000000 2.7105887313
261.5000000000 2.7080123596
261.6000000000 2.7099073530
261.7000000000 2.7094820335
261.8000000000 2.7107344264
261.9000000000 2.7085161004
262.0000000000 2.7072193861
262.1000000000 2.7085098429
262.2000000000 2.7083368887
262.3000000000 2.7102629828
262.4000000000 2.7111264427
262.5000000000 2.7117655837
262.6000000000 2.7120903286
262.7000000000 2.7119838581
262.8000000000 2.7130185627
262.9000000000 2.7115684241
263.0000000000 2.7135607552
263.1000000000 2.7110454941
263.2000000000 2.7092167981
263.3000000000 2.7102760439
263.4000000000 2.7081396390
263.5000000000 2.7089439639
263.6000000000 2.7095506206
263.7000000000 2.7085204617
263.8000000000 2.7072955759
263.9000000000 2.7099805105
264.0000000000 2.7059472381
264.1000000000 2.7066133313
264.2000000000 2.7079004494
264.3000000000 2.7049247046
264.4000000000 2.7067913499
264.5000000000 2.7074186497
264.6000000000 2.7071932697
264.7000000000 2.7082126919
264.8000000000 2.7066836751
264.9000000000 2.7055918561
265.0000000000 2.7072187861
265.1000000000 2.7065189487
265.2000000000 2.7052484545
265.3000000000 2.7057573614
265.4000000000 2.7024427864
265.5000000000 2.7030693296
265.6000000000 2.7014510400
265.7000000000 2.7029718150
265.8000000000 2.7032531786
265.9000000000 2.7051492693
266.0000000000 2.7063071733
266.1000000000 2.7045102453
266.2000000000 2.7038052904
266.3000000000 2.7021373154
266.4000000000 2.7025914073
266.5000000000 2.7022642150
266.6000000000 2.7037812541
266.7000000000 2.7024228281
266.8000000000 2.7028785210
266.9000000000 2.7022584377
267.0000000000 2.7025255917
267.1000000000 2.7022307031
267.2000000000 2.6992349091
267.3000000000 2.7042564915
267.4000000000 2.7037522521
267.5000000000 2.7017418705
267.6000000000 2.7030471641
267.7000000000 2.7057086350
267.8000000000 2.7053886431
267.9000000000 2.7057930783
268.0000000000 2.7032423994
268.1000000000 2.7036839250
268.2000000000 2.7055616753
268.3000000000 2.7061262142
268.4000000000 2.7048287277
268.5000000000 2.7036965799
268.6000000000 2.7052569592
268.7000000000 2.7036820944
268.8000000000 2.7038239833
268.9000000000 2.7014471510
269.0000000000 2.7020346428
269.1000000000 2.7031870181
269.2000000000 2.7007286084
269.3000000000 2.6998221346
269.4000000000 2.7003304478
269.5000000000 2.7023765941
269.6000000000 2.7015217431
269.7000000000 2.7043306092
269.8000000000 2.7011565590
269.9000000000 2.7013975893
270.0000000000 2.7013475603
270.1000000000 2.7039683252
270.2000000000 2.7044507020
270.3000000000 2.7045335592
270.4000000000 2.6994976838
270.5000000000 2.7004370708
270.6000000000 2.7003715186
270.7000000000 2.7008020919
270.8000000000 2.7014300823
270.9000000000 2.7010534285
271.0000000000 2.7014718679
271.1000000000 2.7027312891
271.2000000000 2.7033760500
271.3000000000 2.7029393264
271.4000000000 2.7028882261
271.5000000000 2.7036063443
271.6000000000 2.7050637721
271.7000000000 2.7062082033
271.8000000000 2.7070087796
271.9000000000 2.7076527508
272.0000000000 2.7083399312
272.1000000000 2.7069959907
272.2000000000 2.7071347007
272.3000000000 2.7057879241
272.4000000000 2.7075343831
272.5000000000 2.7093397261
272.6000000000 2.7077748614
272.7000000000 2.7061195934
272.8000000000 2.7023213448
272.9000000000 2.6997531873
273.0000000000 2.6945243237
273.1000000000 2.6947804697
273.2000000000 2.6955664007
273.3000000000 2.6949973468
273.4000000000 2.6959668202
273.5000000000 2.6960836329
273.6000000000 2.6953259890
273.7000000000 2.6973214372
273.8000000000 2.6954617938
273.9000000000 2.6955126935
274.0000000000 2.6963366086
274.1000000000 2.6993237819
274.2000000000 2.7003065753
274.3000000000 2.7009533540
274.4000000000 2.6987104749
274.5000000000 2.6997722989
274.6000000000 2.7008409612
274.7000000000 2.7015465915
274.8000000000 2.7023111877
274.9000000000 2.7041857059
275.0000000000 2.7055654083
275.1000000000 2.7034128844
275.2000000000 2.7014541978
275.3000000000 2.7008683889
275.4000000000 2.7021739990
275.5000000000 2.7027105451
275.6000000000 2.7051856032
275.7000000000 2.7050653511
275.8000000000 2.7069922457
275.9000000000 2.7060161169
276.0000000000 2.7048091744
276.1000000000 2.7059694684
276.2000000000 2.7014392143
276.3000000000 2.7014172706
276.4000000000 2.7006452755
276.5000000000 2.7013810259
276.6000000000 2.6995449233
276.7000000000 2.6968697593
276.8000000000 2.6957921904
276.9000000000 2.6982679775
277.0000000000 2.6975726022
277.1000000000 2.6977132498
277.2000000000 2.6976039846
277.3000000000 2.6982403287
277.4000000000 2.7011643750
277.5000000000 2.7015082163
277.6000000000 2.7001429044
277.7000000000 2.6997252626
277.8000000000 2.6973328029
277.9000000000 2.6956680306
278.0000000000 2.6937310376
278.1000000000 2.6932800155
278.2000000000 2.6909127032
278.3000000000 2.6927525350
278.4000000000 2.6905954169
278.5000000000 2.6914232841
278.6000000000 2.6909762919
278.7000000000 2.6914794800
278.8000000000 2.6902061155
278.9000000000 2.6890768381
279.0000000000 2.6881690071
279.1000000000 2.6895194254
279.2000000000 2.6896302533
279.3000000000 2.6910116890
279.4000000000 2.6902086759
279.5000000000 2.6884954500
279.6000000000 2.6891407270
279.7000000000 2.6873544028
279.8000000000 2.6866571118
279.9000000000 2.6880179248
280.0000000000 2.6872667009
280.1000000000 2.6887398274
280.2000000000 2.6895699542
280.3000000000 2.6893269396
280.4000000000 2.6883884578
280.5000000000 2.6891783933
280.6000000000 2.6906108634
280.7000000000 2.6891854560
280.8000000000 2.6867759364
280.9000000000 2.6902749268
281.0000000000 2.6871393188
281.1000000000 2.6866725628
281.2000000000 2.6884443503
281.3000000000 2.6891008059
281.4000000000 2.6870796898
281.5000000000 2.6854123292
281.6000000000 2.6876395451
281.7000000000 2.6884323617
281.8000000000 2.6869085991
281.9000000000 2.6890410083
282.0000000000 2.6894108545
282.1000000000 2.6881907774
282.2000000000 2.6913227973
282.3000000000 2.6904994718
282.4000000000 2.6908218063
282.5000000000 2.6911066843
282.6000000000 2.6947093519
282.7000000000 2.6946691601
282.8000000000 2.6963782193
282.9000000000 2.6955473160
283.0000000000 2.6962168432
283.1000000000 2.6959916129
283.2000000000 2.6936324333
283.3000000000 2.6952539505
283.4000000000 2.6948338830
283.5000000000 2.6960732130
283.6000000000 2.6946197835
283.7000000000 2.6969409362
283.8000000000 2.6979036153
283.9000000000 2.6965084056
284.0000000000 2.6964400746
284.1000000000 2.6964515633
284.2000000000 2.6968130011
284.3000000000 2.6964356597
284.4000000000 2.6938464208
284.5000000000 2.6936587282
284.6000000000 2.6935183006
284.7000000000 2.6946957881
284.8000000000 2.6951675750
284.9000000000 2.6963785105
285.0000000000 2.6945926040
285.1000000000 2.6972089918
285.2000000000 2.6970863406
285.3000000000 2.6932779941
285.4000000000 2.6936881704
285.5000000000 2.6933589728
285.6000000000 2.6942545239
285.7000000000 2.6966999611
285.8000000000 2.6983615327
285.9000000000 2.6962730735
286.0000000000 2.7000681229
286.1000000000 2.7007520619
286.2000000000 2.7020685066
286.3000000000 2.7036806394
286.4000000000 2.7006337747
286.5000000000 2.6989162826
286.6000000000 2.6997222822
286.7000000000 2.7010768513
286.8000000000 2.7033479839
286.9000000000 2.7018703379
287.0000000000 2.7001385008
287.1000000000 2.7000426811
287.2000000000 2.6997025592
287.3000000000 2.7002880910
287.4000000000 2.6966334199
287.5000000000 2.6954901551
287.6000000000 2.6947517296
287.7000000000 2.6942834706
287.8000000000 2.6940829391
287.9000000000 2.6957038064
288.0000000000 2.6951473273
288.1000000000 2.6941435562
288.2000000000 2.6945893979
288.3000000000 2.6940733498
288.4000000000 2.6949063944
288.5000000000 2.6962549494
288.6000000000 2.6967716704
288.7000000000 2.6956420004
288.8000000000 2.6976201258
288.9000000000 2.6997438253
289.0000000000 2.7003082689
289.1000000000 2.6998390153
289.2000000000 2.6999227007
289.3000000000 2.6970671745
289.4000000000 2.6968964878
289.5000000000 2.6973843514
289.6000000000 2.6985624508
289.7000000000 2.6987994406
289.8000000000 2.6975027486
289.9000000000 2.6955646494
290.0000000000 2.6977186460
290.1000000000 2.6979613786
290.2000000000 2.6936854624
290.3000000000 2.6929146972
290.4000000000 2.6938234343
290.5000000000 2.6913609414
290.6000000000 2.6906776332
290.7000000000 2.6900774735
290.8000000000 2.6898718193
290.9000000000 2.6915435669
291.0000000000 2.6925568331
291.1000000000 2.6903931758
291.2000000000 2.6916061431
291.3000000000 2.6923424308
291.4000000000 2.6920446552
291.5000000000 2.6929446861
291.6000000000 2.6926740068
291.7000000000 2.6921306445
291.8000000000 2.6919624992
291.9000000000 2.6956204756
292.0000000000 2.6960769428
292.1000000000 2.6975763757
292.2000000000 2.6980477300
292.3000000000 2.6966859800
292.4000000000 2.6936292191
292.5000000000 2.6949913790
292.6000000000 2.6952125875
292.7000000000 2.6941377425
292.8000000000 2.6947484647
292.9000000000 2.6957160763
293.0000000000 2.6951121487
293.1000000000 2.6963192192
293.2000000000 2.6957594251
293.3000000000 2.6935095879
293.4000000000 2.6947018630
293.5000000000 2.6947119917
293.6000000000 2.6933177091
293.7000000000 2.6919033259
293.8000000000 2.6900387787
293.9000000000 2.6884573082
294.0000000000 2.6882124292
294.1000000000 2.6855228628
294.2000000000 2.6867574276
294.3000000000 2.6866787330
294.4000000000 2.6885646958
294.5000000000 2.6873739595
294.6000000000 2.6872993718
294.7000000000 2.6889070135
294.8000000000 2.6891008335
294.9000000000 2.6858308577
295.0000000000 2.6833738472
295.1000000000 2.6842757908
295.2000000000 2.6840517390
295.3000000000 2.6845200174
295.4000000000 2.6808864214
295.5000000000 2.6810616064
295.6000000000 2.6798228483
295.7000000000 2.6829989848
295.8000000000 2.6827049070
295.9000000000 2.6837073566
296.0000000000 2.6809212644
296.1000000000 2.6797170813
296.2000000000 2.6780358517
296.3000000000 2.6782795493
296.4000000000 2.6767656144
296.5000000000 2.6781304634
296.6000000000 2.6748035683
296.7000000000 2.6723620410
296.8000000000 2.6708108793
296.9000000000 2.6712674765
297.0000000000 2.6724087094
297.1000000000 2.6708702712
297.2000000000 2.6710844999
297.3000000000 2.6715396439
297.4000000000 2.6692396555
297.5000000000 2.6702018640
297.6000000000 2.6679376274
297.7000000000 2.6705868928
297.8000000000 2.6707101154
297.9000000000 2.6690598013
298.0000000000 2.6691417891
298.1000000000 2.6686013816
298.2000000000 2.6665703185
298.3000000000 2.6671184911
298.4000000000 2.6677540428
298.5000000000 2.6646074213
298.6000000000 2.6652500506
298.7000000000 2.6639986097
298.8000000000 2.6656892363
298.9000000000 2.6633439888
299.0000000000 2.6635178599
299.1000000000 2.6648261910
299.2000000000 2.6646433865
299.3000000000 2.6633320969
299.4000000000 2.6627024634
299.5000000000 2.6618011935
299.6000000000 2.6626650044
299.7000000000 2.6603617127
299.8000000000 2.6616958197
299.9000000000 2.6634166176
300.0000000000 2.6657309455
300.1000000000 2.6637064694
300.2000000000 2.6610197344
300.3000000000 2.6618146928
300.4000000000 2.6590446512
300.5000000000 2.6608163109
300.6000000000 2.6641496367
300.7000000000 2.6661105987
300.8000000000 2.6664029164
300.9000000000 2.6669739904
301.0000000000 2.6639821963
301.1000000000 2.6647997337
301.2000000000 2.6612912059
301.3000000000 2.6625788064
301.4000000000 2.6604108644
301.5000000000 2.6634407773
301.6000000000 2.6658028134
301.7000000000 2.6628730366
301.8000000000 2.6648926629
301.9000000000 2.6654752645
302.0000000000 2.6674993708
302.1000000000 2.6684820858
302.2000000000 2.6652350919
302.3000000000 2.6657076162
302.4000000000 2.6651525934
302.5000000000 2.6661187104
302.6000000000 2.6663258363
302.7000000000 2.6652720570
302.8000000000 2.6652372524
302.9000000000 2.6665271439
303.0000000000 2.6687547981
303.1000000000 2.6694005335
303.2000000000 2.6703027215
303.3000000000 2.6709985298
303.4000000000 2.6713085332
303.5000000000 2.6706295259
303.6000000000 2.6692822035
303.7000000000 2.6703740259
303.8000000000 2.6696884489
303.9000000000 2.6735589746
304.0000000000 2.6712512341
304.1000000000 2.6708054429
304.2000000000 2.6710901563
304.3000000000 2.6726487871
304.4000000000 2.6718821041
304.5000000000 2.6717519244
304.6000000000 2.6697055542
304.7000000000 2.6665802653
304.8000000000 2.6682703845
304.9000000000 2.6658417775
305.0000000000 2.6658350215
305.1000000000 2.6658169492
305.2000000000 2.6683239245
305.3000000000 2.6673279903
305.4000000000 2.6668988695
305.5000000000 2.6659489297
305.6000000000 2.6643187271
305.7000000000 2.6653326836
305.8000000000 2.6651431458
305.9000000000 2.6627429954
306.0000000000 2.6604191896
306.1000000000 2.6618221374
306.2000000000 2.6598160564
306.3000000000 2.6629517011
306.4000000000 2.6635673661
306.5000000000 2.6642690609
306.6000000000 2.6629196708
306.7000000000 2.6631471377
306.8000000000 2.6631290876
306.9000000000 2.6647536714
307.0000000000 2.6633902699
307.1000000000 2.6630455875
307.2000000000 2.6613001530
307.3000000000 2.6600994885
307.4000000000 2.6595592072
307.5000000000 2.6560118340
307.6000000000 2.6558090576
307.7000000000 2.6580558096
307.8000000000 2.6539158470
307.9000000000 2.6521263208
308.0000000000 2.6519705221
308.1000000000 2.6541630756
308.2000000000 2.6519410152
308.3000000000 2.6531824393
308.4000000000 2.6549505455
308.5000000000 2.6545606887
308.6000000000 2.6536490276
308.7000000000 2.6538441044
308.8000000000 2.6553276729
308.9000000000 2.6556460331
309.0000000000 2.6556704482
309.1000000000 2.6548204495
309.2000000000 2.6562401525
309.3000000000 2.6525081060
309.4000000000 2.6545024820
309.5000000000 2.6546892489
309.6000000000 2.6563949545
309.7000000000 2.6583344750
309.8000000000 2.6558268605
309.9000000000 2.6577153477
310.0000000000 2.6579922067
310.1000000000 2.6552967416
310.2000000000 2.6575399862
310.3000000000 2.6552381086
310.4000000000 2.6546987621
310.5000000000 2.6560730059
310.6000000000 2.6556386063
310.7000000000 2.6555725461
310.8000000000 2.6571367546
310.9000000000 2.6566332246
311.0000000000 2.6563753546
311.1000000000 2.6549081424
311.2000000000 2.6556767036
311.3000000000 2.6559119046
311.4000000000 2.6563185592
311.5000000000 2.6567096379
311.6000000000 2.6575618504
311.7000000000 2.6566393921
311.8000000000 2.6515814246
311.9000000000 2.6508927143
312.0000000000 2.6511906926
312.1000000000 2.6506591594
312.2000000000 2.6498375957
312.3000000000 2.6488974207
312.4000000000 2.6498269294
312.5000000000 2.6508455115
312.6000000000 2.6507868789
312.7000000000 2.6510564459
312.8000000000 2.6491452979
312.9000000000 2.6498091334
313.0000000000 2.6507093541
313.1000000000 2.6515263175
313.2000000000 2.6535796913
313.3000000000 2.6518274639
313.4000000000 2.6517101547
313.5000000000 2.6510707059
313.6000000000 2.6518136873
313.7000000000 2.6518771316
313.8000000000 2.6492406999
313.9000000000 2.6463109301
314.0000000000 2.6451392347
314.1000000000 2.6452260587
314.2000000000 2.6441024619
314.3000000000 2.6435772650
314.4000000000 2.6428485651
314.5000000000 2.6442751086
314.6000000000 2.6442892819
314.7000000000 2.6431178841
314.8000000000 2.6410688665
314.9000000000 2.6404895937
315.0000000000 2.6378555169
315.1000000000 2.6369933820
315.2000000000 2.6371244354
315.3000000000 2.6335754213
315.4000000000 2.6327507224
315.5000000000 2.6318088437
315.6000000000 2.6328500048
315.7000000000 2.6361442387
315.8000000000 2.6380155637
315.9000000000 2.6381536838
316.0000000000 2.6380908919
316.1000000000 2.6375394749
316.2000000000 2.6370194444
316.3000000000 2.6337439233
316.4000000000 2.6323017807
316.5000000000 2.6326818120
316.6000000000 2.6314728793
316.7000000000 2.6322165106
316.8000000000 2.6353101458
316.9000000000 2.6363729249
317.0000000000 2.6356509638
317.1000000000 2.6337269215
317.2000000000 2.6343712133
317.3000000000 2.6357817090
317.4000000000 2.6361090531
317.5000000000 2.6367697214
317.6000000000 2.6367137235
317.7000000000 2.6362854737
317.8000000000 2.6373335238
317.9000000000 2.6384977253
318.0000000000 2.6373661641
318.1000000000 2.6372414366
318.2000000000 2.6391580684
318.3000000000 2.6360893892
318.4000000000 2.6337353197
318.5000000000 2.6327030108
318.6000000000 2.6337874673
318.7000000000 2.6320877963
318.8000000000 2.6328590051
318.9000000000 2.6339724712
319.0000000000 2.6362168974
319.1000000000 2.6353449141
319.2000000000 2.6363387209
319.3000000000 2.6345931171
319.4000000000 2.6341405672
319.5000000000 2.6361527165
319.6000000000 2.6350457431
319.7000000000 2.6312945093
319.8000000000 2.6331681548
319.9000000000 2.6316745919
320.0000000000 2.6345291113
320.1000000000 2.6376178045
320.2000000000 2.6382491204
320.3000000000 2.6383803266
320.4000000000 2.6373345408
320.5000000000 2.6386727890
320.6000000000 2.6375506978
320.7000000000 2.6373727658
320.8000000000 2.6383380869
320.9000000000 2.6380433437
321.0000000000 2.6393229613
321.1000000000 2.6384906995
321.2000000000 2.6383902365
321.3000000000 2.6390062534
321.4000000000 2.6399244113
321.5000000000 2.6397877831
321.6000000000 2.6396570054
321.7000000000 2.6441248751
321.8000000000 2.6423909238
321.9000000000 2.6407272371
322.0000000000 2.6421353849
322.1000000000 2.6419307178
322.2000000000 2.6408832324
322.3000000000 2.6418170540
322.4000000000 2.6415396606
322.5000000000 2.6429089925
322.6000000000 2.6432633145
322.7000000000 2.6452733985
322.8000000000 2.6462869310
322.9000000000 2.6460995655
323.0000000000 2.6464002324
323.1000000000 2.6479340605
323.2000000000 2.6451467179
323.3000000000 2.6480925805
323.4000000000 2.6496320147
323.5000000000 2.6484252408
323.6000000000 2.6484028019
323.7000000000 2.6449435262
323.8000000000 2.6458968577
323.9000000000 2.6473722541
324.0000000000 2.6474155327
324.1000000000 2.6473281118
324.2000000000 2.6469690741
324.3000000000 2.6469249877
324.4000000000 2.6494078604
324.5000000000 2.6473247819
324.6000000000 2.6483766823
324.7000000000 2.6471111260
324.8000000000 2.6488434203
324.9000000000 2.6475833324
325.0000000000 2.6500337550
325.1000000000 2.6500787804
325.2000000000 2.6485343888
325.3000000000 2.6494276510
325.4000000000 2.6480001030
325.5000000000 2.6463978334
325.6000000000 2.6439973770
325.7000000000 2.6454133052
325.8000000000 2.6442918057
325.9000000000 2.6456465542
326.0000000000 2.6449926220
326.1000000000 2.6454615587
326.2000000000 2.6466006779
326.3000000000 2.6467856010
326.4000000000 2.6459312000
326.5000000000 2.6468956529
326.6000000000 2.6470100983
326.7000000000 2.6462023953
326.8000000000 2.6460190302
326.9000000000 2.6463906431
327.0000000000 2.6431722956
327.1000000000 2.6378594073
327.2000000000 2.6402161742
327.3000000000 2.6405034244
327.4000000000 2.6431370999
327.5000000000 2.6423869066
327.6000000000 2.6424569605
327.7000000000 2.6441602399
327.8000000000 2.6465598761
327.9000000000 2.6433551119
328.0000000000 2.6431053327
328.1000000000 2.6456316879
328.2000000000 2.6438258632
328.3000000000 2.6431353861
328.4000000000 2.6414348296
328.5000000000 2.6427313953
328.6000000000 2.6422143373
328.7000000000 2.6418154123
328.8000000000 2.6378393671
328.9000000000 2.6378750164
329.0000000000 2.6375426262
329.1000000000 2.6367722061
329.2000000000 2.6335955247
329.3000000000 2.6350824397
329.4000000000 2.6344511573
329.5000000000 2.6354750701
329.6000000000 2.6362844996
329.7000000000 2.6383011317
329.8000000000 2.6390434540
329.9000000000 2.6400157875
330.0000000000 2.6400281827
330.1000000000 2.6411411989
330.2000000000 2.6434638341
330.3000000000 2.6421444639
330.4000000000 2.6407513673
330.5000000000 2.6411549033
330.6000000000 2.6390036363
330.7000000000 2.6400370581
330.8000000000 2.6401287111
330.9000000000 2.6400199798
331.0000000000 2.6380761013
331.1000000000 2.6385996461
331.2000000000 2.6382392005
331.3000000000 2.6371161730
331.4000000000 2.6384997005
331.5000000000 2.6366898914
331.6000000000 2.6382789022
331.7000000000 2.6410328123
331.8000000000 2.6397081387
331.9000000000 2.6414882731
332.0000000000 2.6432883138
332.1000000000 2.6437167454
332.2000000000 2.6420302623
332.3000000000 2.6408346712
332.4000000000 2.6406733756
332.5000000000 2.6390550335
332.6000000000 2.6396595301
332.7000000000 2.6406922170
332.8000000000 2.6394223732
332.9000000000 2.6391461377
333.0000000000 2.6414063833
333.1000000000 2.6415897458
333.2000000000 2.6410910979
333.3000000000 2.6436094892
333.4000000000 2.6404391379
333.5000000000 2.6414692530
333.6000000000 2.6399414545
333.7000000000 2.6445444341
333.8000000000 2.6445043556
333.9000000000 2.6387969541
334.0000000000 2.6369280526
334.1000000000 2.6398812658
334.2000000000 2.6396050043
334.3000000000 2.6387159302
334.4000000000 2.6384855315
334.5000000000 2.6376868720
334.6000000000 2.6369634101
334.7000000000 2.6357179417
334.8000000000 2.6363372791
334.9000000000 2.6367498949
335.0000000000 2.6364364519
335.1000000000 2.6367999154
335.2000000000 2.6335414086
335.3000000000 2.6332893385
335.4000000000 2.6320129382
335.5000000000 2.6288913860
335.6000000000 2.6275464561
335.7000000000 2.6289973111
335.8000000000 2.6324317338
335.9000000000 2.6328224592
336.0000000000 2.6323885544
336.1000000000 2.6323685728
336.2000000000 2.6323160625
336.3000000000 2.6310604957
336.4000000000 2.6314099224
336.5000000000 2.6301658427
336.6000000000 2.6294505639
336.7000000000 2.6293393021
336.8000000000 2.6275193790
336.9000000000 2.6295012608
337.0000000000 2.6292790357
337.1000000000 2.6288046405
337.2000000000 2.6273683964
337.3000000000 2.6251447828
337.4000000000 2.6261972747
337.5000000000 2.6294251582
337.6000000000 2.6305642743
337.7000000000 2.6317641873
337.8000000000 2.6299385328
337.9000000000 2.6331083480
338.0000000000 2.6298076573
338.1000000000 2.6309224678
338.2000000000 2.6311234377
338.3000000000 2.6283852099
338.4000000000 2.6308643729
338.5000000000 2.6307076141
338.6000000000 2.6299747555
338.7000000000 2.6320312031
338.8000000000 2.6298860747
338.9000000000 2.6300567954
339.0000000000 2.6308847024
339.1000000000 2.6319447163
339.2000000000 2.6325420972
339.3000000000 2.6311859899
339.4000000000 2.6323549851
339.5000000000 2.6313830367
339.6000000000 2.6306539059
339.7000000000 2.6311819515
339.8000000000 2.6335266941
339.9000000000 2.6335031932
340.0000000000 2.6354712518
340.1000000000 2.6364803107
340.2000000000 2.6387778904
340.3000000000 2.6385332914
340.4000000000 2.6366894190
340.5000000000 2.6371586888
340.6000000000 2.6378293420
340.7000000000 2.6378343725
340.8000000000 2.6380686231
340.9000000000 2.6398589365
341.0000000000 2.6364675572
341.1000000000 2.6337298455
341.2000000000 2.6307434851
341.3000000000 2.6268901186
341.4000000000 2.6236611584
341.5000000000 2.6221802756
341.6000000000 2.6213748710
341.7000000000 2.6230964611
341.8000000000 2.6234140207
341.9000000000 2.6264987068
342.0000000000 2.6241119649
342.1000000000 2.6242201575
342.2000000000 2.6265631072
342.3000000000 2.6267245781
342.4000000000 2.6229476634
342.5000000000 2.6213990213
342.6000000000 2.6209585416
342.7000000000 2.6213996108
342.8000000000 2.6183498855
342.9000000000 2.6200304513
343.0000000000 2.6203358901
343.1000000000 2.6188734517
343.2000000000 2.6179982191
343.3000000000 2.6183272066
343.4000000000 2.6199770915
343.5000000000 2.6200712543
343.6000000000 2.6200269640
343.7000000000 2.6197517188
343.8000000000 2.6201461388
343.9000000000 2.6203285102
344.0000000000 2.6214144913
344.1000000000 2.6195904568
344.2000000000 2.6202202978
344.3000000000 2.6193476731
344.4000000000 2.6210696950
344.5000000000 2.6196878229
344.6000000000 2.6237044105
344.7000000000 2.6236217600
344.8000000000 2.6213882761
344.9000000000 2.6197535350
345.0000000000 2.6213025593
345.1000000000 2.6194784420
345.2000000000 2.6225237811
345.3000000000 2.6244911681
345.4000000000 2.6244314526
345.5000000000 2.6237333596
345.6000000000 2.6194413802
345.7000000000 2.6191460737
345.8000000000 2.6183754107
345.9000000000 2.6179335048
346.0000000000 2.6182807998
346.1000000000 2.6190952129
346.2000000000 2.6169085392
346.3000000000 2.6188342897
346.4000000000 2.6185426937
346.5000000000 2.6202902131
346.6000000000 2.6211969885
346.7000000000 2.6242853835
346.8000000000 2.6248617469
346.9000000000 2.6234762488
347.0000000000 2.6219050252
347.1000000000 2.6213766192
347.2000000000 2.6210622192
347.3000000000 2.6207919774
347.4000000000 2.6190786615
347.5000000000 2.6173762566
347.6000000000 2.6193597682
347.7000000000 2.6187762522
347.8000000000 2.6190089547
347.9000000000 2.6175002177
348.0000000000 2.6190432978
348.1000000000 2.6185123613
348.2000000000 2.6190831016
348.3000000000 2.6186879132
348.4000000000 2.6162553724
348.5000000000 2.6177775487
348.6000000000 2.6183702750
348.7000000000 2.6205053334
348.8000000000 2.6217684888
348.9000000000 2.6223383174
349.0000000000 2.6225455997
349.1000000000 2.6235287760
349.2000000000 2.6222671115
349.3000000000 2.6209983380
349.4000000000 2.6166293770
349.5000000000 2.6136650994
349.6000000000 2.6153322702
349.7000000000 2.6186584185
349.8000000000 2.6192633567
349.9000000000 2.6167724683
350.0000000000 2.6152211459
350.1000000000 2.6177707429
350.2000000000 2.6177880208
350.3000000000 2.6178040478
350.4000000000 2.6199145945
350.5000000000 2.6200385565
350.6000000000 2.6213868839
350.7000000000 2.6173601197
350.8000000000 2.6183441914
350.9000000000 2.6187858237
351.0000000000 2.6174366891
351.1000000000 2.6162594752
351.2000000000 2.6184326420
351.3000000000 2.6187451066
351.4000000000 2.6144755936
351.5000000000 2.6145092372
351.6000000000 2.6167427120
351.7000000000 2.6170340574
351.8000000000 2.6152872448
351.9000000000 2.6199901778
352.0000000000 2.6200372640
352.1000000000 2.6183266055
352.2000000000 2.6159445399
352.3000000000 2.6161909791
352.4000000000 2.6187592083
352.5000000000 2.6180322548
352.6000000000 2.6180011664
352.7000000000 2.6193518611
352.8000000000 2.6206879309
352.9000000000 2.6216453924
353.0000000000 2.6216461580
353.1000000000 2.6210982821
353.2000000000 2.6205523388
353.3000000000 2.6176917095
353.4000000000 2.6185415728
353.5000000000 2.6205610970
353.6000000000 2.6207440669
353.7000000000 2.6229171361
353.8000000000 2.6228304869
353.9000000000 2.6219968974
354.0000000000 2.6216539976
354.1000000000 2.6207423167
354.2000000000 2.6223856764
354.3000000000 2.6222036903
354.4000000000 2.6227706676
354.5000000000 2.6218339149
354.6000000000 2.6230874733
354.7000000000 2.6238439309
354.8000000000 2.6224291857
354.9000000000 2.6227752350
355.0000000000 2.6199251290
355.1000000000 2.6191262569
355.2000000000 2.6194480361
355.3000000000 2.6170513430
355.4000000000 2.6175101301
355.5000000000 2.6157212373
355.6000000000 2.6160611533
355.7000000000 2.6189635042
355.8000000000 2.6164524020
355.9000000000 2.6161272593
356.0000000000 2.6169369684
356.1000000000 2.6176388677
356.2000000000 2.6139797869
356.3000000000 2.6138961143
356.4000000000 2.6124563284
356.5000000000 2.6123860573
356.6000000000 2.6117063034
356.7000000000 2.6143541081
356.8000000000 2.6153677176
356.9000000000 2.6165857547
357.0000000000 2.6189206803
357.1000000000 2.6148632914
357.2000000000 2.6165556758
357.3000000000 2.6159986638
357.4000000000 2.6165497934
357.5000000000 2.6163504500
357.6000000000 2.6176262612
357.7000000000 2.6168691043
357.8000000000 2.6177407530
357.9000000000 2.6194868738
358.0000000000 2.6203096021
358.1000000000 2.6212640713
358.2000000000 2.6202714717
358.3000000000 2.6213213428
358.4000000000 2.6217989726
358.5000000000 2.6207678779
358.6000000000 2.6235640336
358.7000000000 2.6228851207
358.8000000000 2.6245112745
358.9000000000 2.6235705796
359.0000000000 2.6231809834
359.1000000000 2.6201965306
359.2000000000 2.6175817482
359.3000000000 2.6179265253
359.4000000000 2.6162788125
359.5000000000 2.6152039700
359.6000000000 2.6133658321
359.7000000000 2.6142665404
359.8000000000 2.6169917553
359.9000000000 2.6163160085
360.0000000000 2.6168475238
360.1000000000 2.6175538178
360.2000000000 2.6190577849
360.3000000000 2.6199962872
360.4000000000 2.6214214249
360.5000000000 2.6199342459
360.6000000000 2.6209692221
360.7000000000 2.6218637131
360.8000000000 2.6211840907
360.9000000000 2.6242141598
361.0000000000 2.6268478124
361.1000000000 2.6266773516
361.2000000000 2.6252560724
361.3000000000 2.6230697776
361.4000000000 2.6245838512
361.5000000000 2.6231311055
361.6000000000 2.6247325345
361.7000000000 2.6217560815
361.8000000000 2.6203488873
361.9000000000 2.6224095220
362.0000000000 2.6223101296
362.1000000000 2.6224642482
362.2000000000 2.6236605204
362.3000000000 2.6229564563
362.4000000000 2.6248904662
362.5000000000 2.6244590220
362.6000000000 2.6233184525
362.7000000000 2.6226995800
362.8000000000 2.6229980146
362.9000000000 2.6208874066
363.0000000000 2.6236987496
363.1000000000 2.6237750139
363.2000000000 2.6218966849
363.3000000000 2.6228947066
363.4000000000 2.6243036524
363.5000000000 2.6251440282
363.6000000000 2.6267221244
363.7000000000 2.6300792357
363.8000000000 2.6299301617
363.9000000000 2.6308516321
364.0000000000 2.6302469686
364.1000000000 2.6281569814
364.2000000000 2.6283953942
364.3000000000 2.6274324180
364.4000000000 2.6266015508
364.5000000000 2.6246003813
364.6000000000 2.6266990426
364.7000000000 2.6266720522
364.8000000000 2.6242049210
364.9000000000 2.6232015013
365.0000000000 2.6254977089
365.1000000000 2.6240726150
365.2000000000 2.6242147641
365.3000000000 2.6249889314
365.4000000000 2.6229304958
365.5000000000 2.6258582015
365.6000000000 2.6231901531
365.7000000000 2.6236283050
365.8000000000 2.6199443542
365.9000000000 2.6205700521
366.0000000000 2.6212243189
366.1000000000 2.6222343678
366.2000000000 2.6246691046
366.3000000000 2.6234482810
366.4000000000 2.6238108930
366.5000000000 2.6221746954
366.6000000000 2.6227404461
366.7000000000 2.6245703674
366.8000000000 2.6241142966
366.9000000000 2.6215939418
367.0000000000 2.6233097991
367.1000000000 2.6255240202
367.2000000000 2.6256309753
367.3000000000 2.6255513801
367.4000000000 2.6239224672
367.5000000000 2.6261861864
367.6000000000 2.6272174742
367.7000000000 2.6272398320
367.8000000000 2.6268894539
367.9000000000 2.6294338400
368.0000000000 2.6288266515
368.1000000000 2.6278498073
368.2000000000 2.6278135256
368.3000000000 2.6272384651
368.4000000000 2.6250588243
368.5000000000 2.6281222824
368.6000000000 2.6300677554
368.7000000000 2.6287266600
368.8000000000 2.6300268930
368.9000000000 2.6262524720
369.0000000000 2.6280219376
369.1000000000 2.6262211751
369.2000000000 2.6261991495
369.3000000000 2.6272629741
369.4000000000 2.6273658319
369.5000000000 2.6296801859
369.6000000000 2.6295220537
369.7000000000 2.6337954903
369.8000000000 2.6335106026
369.9000000000 2.6343795396
370.0000000000 2.6336738411
370.1000000000 2.6308734055
370.2000000000 2.6307224596
370.3000000000 2.6303058223
370.4000000000 2.6307826296
370.5000000000 2.6305668237
370.6000000000 2.6272309130
370.7000000000 2.6270582164
370.8000000000 2.6269869798
370.9000000000 2.6259330434
371.0000000000 2.6264866605
371.1000000000 2.6255586642
371.2000000000 2.6266679928
371.3000000000 2.6276887322
371.4000000000 2.6287571175
371.5000000000 2.6292579268
371.6000000000 2.6289260322
371.7000000000 2.6290135014
371.8000000000 2.6295252491
371.9000000000 2.6292613462
372.0000000000 2.6284398604
372.1000000000 2.6278006802
372.2000000000 2.6279706393
372.3000000000 2.6269864535
372.4000000000 2.6298327528
372.5000000000 2.6299801532
372.6000000000 2.6293955199
372.7000000000 2.6292806850
372.8000000000 2.6326023036
372.9000000000 2.6347418057
373.0000000000 2.6335725032
373.1000000000 2.6318883388
373.2000000000 2.6286789804
373.3000000000 2.6308567872
373.4000000000 2.6303536817
373.5000000000 2.6328614219
373.6000000000 2.6323654147
373.7000000000 2.6325526982
373.8000000000 2.6314340414
373.9000000000 2.6320678950
374.0000000000 2.6316082616
374.1000000000 2.6315650921
374.2000000000 2.6335510813
374.3000000000 2.6357512297
374.4000000000 2.6349261972
374.5000000000 2.6334111435
374.6000000000 2.6319765270
374.7000000000 2.6318282557
374.8000000000 2.6327559566
374.9000000000 2.6333064268
375.0000000000 2.6337743265
375.1000000000 2.6346875883
375.2000000000 2.6339685727
375.3000000000 2.6348149621
375.4000000000 2.6366861384
375.5000000000 2.6350891766
375.6000000000 2.6345831191
375.7000000000 2.6340970540
375.8000000000 2.6331714471
375.9000000000 2.6317590457
376.0000000000 2.6325163248
376.1000000000 2.6319133277
376.2000000000 2.6315119562
376.3000000000 2.6322125538
376.4000000000 2.6350906922
376.5000000000 2.6344105119
376.6000000000 2.6368227056
376.7000000000 2.6394161495
376.8000000000 2.6372162948
376.9000000000 2.6384731614
377.0000000000 2.6390916753
377.1000000000 2.6390802197
377.2000000000 2.6395219226
377.3000000000 2.6400853569
377.4000000000 2.6416305297
377.5000000000 2.6420678576
377.6000000000 2.6401586208
377.7000000000 2.6438902280
377.8000000000 2.6431304741
377.9000000000 2.6433842743
378.0000000000 2.6394084968
378.1000000000 2.6401738241
378.2000000000 2.6430618454
378.3000000000 2.6456711157
378.4000000000 2.6429562090
378.5000000000 2.6411835762
378.6000000000 2.6396728786
378.7000000000 2.6387859690
378.8000000000 2.6367316386
378.9000000000 2.6357183921
379.0000000000 2.6363855018
379.1000000000 2.6356534055
379.2000000000 2.6353270703
379.3000000000 2.6353957926
379.4000000000 2.6351794876
379.5000000000 2.6380155283
379.6000000000 2.6398827773
379.7000000000 2.6380960662
379.8000000000 2.6376101855
379.9000000000 2.6383169171
380.0000000000 2.6365694165
380.1000000000 2.6367496208
380.2000000000 2.6372989602
380.3000000000 2.6369358140
380.4000000000 2.6348969834
380.5000000000 2.6349125817
380.6000000000 2.6365303790
380.7000000000 2.6376087208
380.8000000000 2.6375501117
380.9000000000 2.6395295111
381.0000000000 2.6400843241
381.1000000000 2.6407826043
381.2000000000 2.6421948797
381.3000000000 2.6402918315
381.4000000000 2.6386977861
381.5000000000 2.6387021770
381.6000000000 2.6375917209
381.7000000000 2.6372703103
381.8000000000 2.6402006767
381.9000000000 2.6396466723
382.0000000000 2.6394932091
382.1000000000 2.6397244968
382.2000000000 2.6398199945
382.3000000000 2.6394886256
382.4000000000 2.6386135043
382.5000000000 2.6405459957
382.6000000000 2.6412108559
382.7000000000 2.6390521042
382.8000000000 2.6391372572
382.9000000000 2.6405857186
383.0000000000 2.6396642720
383.1000000000 2.6395575794
383.2000000000 2.6388386002
383.3000000000 2.6393775511
383.4000000000 2.6353139121
383.5000000000 2.6381486104
383.6000000000 2.6383658500
383.7000000000 2.6393712384
383.8000000000 2.6395806719
383.9000000000 2.6425351768
384.0000000000 2.6415260965
384.1000000000 2.6408613456
384.2000000000 2.6397273776
384.3000000000 2.6406758971
384.4000000000 2.6372761979
384.5000000000 2.6356520797
384.6000000000 2.6393893096
384.7000000000 2.6388150001
384.8000000000 2.6434950119
384.9000000000 2.6427679953
385.0000000000 2.6449655518
385.1000000000 2.6428932066
385.2000000000 2.6370847388
385.3000000000 2.6403965018
385.4000000000 2.6417747574
385.5000000000 2.6429738626
385.6000000000 2.6409076701
385.7000000000 2.6367949171
385.8000000000 2.6363210710
385.9000000000 2.6363324833
386.0000000000 2.6389470781
386.1000000000 2.6368253948
386.2000000000 2.6392416879
386.3000000000 2.6392537625
386.4000000000 2.6395770779
386.5000000000 2.6427877695
386.6000000000 2.6420432866
386.7000000000 2.6419308635
386.8000000000 2.6387416228
386.9000000000 2.6403235923
387.0000000000 2.6392432488
387.1000000000 2.6431458160
387.2000000000 2.6447149211
387.3000000000 2.6445358323
387.4000000000 2.6475731185
387.5000000000 2.6503889954
387.6000000000 2.6489688874
387.7000000000 2.6499385386
387.8000000000 2.6486556096
387.9000000000 2.6491123107
388.0000000000 2.6476981311
388.1000000000 2.6489286503
388.2000000000 2.6497179294
388.3000000000 2.6492123600
388.4000000000 2.6479441775
388.5000000000 2.6470369173
388.6000000000 2.6484234867
388.7000000000 2.6488757971
388.8000000000 2.6489167432
388.9000000000 2.6512509398
389.0000000000 2.6517002719
389.1000000000 2.6488336827
389.2000000000 2.6482355699
389.3000000000 2.6453468608
389.4000000000 2.6457279604
389.5000000000 2.6437762414
389.6000000000 2.6459052282
389.7000000000 2.6467337963
389.8000000000 2.6481360806
389.9000000000 2.6492616662
390.0000000000 2.6477449966
390.1000000000 2.6499189644
390.2000000000 2.6507412505
390.3000000000 2.6491280864
390.4000000000 2.6491935108
390.5000000000 2.6496103461
390.6000000000 2.6496478466
390.7000000000 2.6507883958
390.8000000000 2.6514610786
390.9000000000 2.6519515501
391.0000000000 2.6538532515
391.1000000000 2.6523591402
391.2000000000 2.6553484403
391.3000000000 2.6533640029
391.4000000000 2.6515676749
391.5000000000 2.6467752696
391.6000000000 2.6458756785
391.7000000000 2.6454777410
391.8000000000 2.6440060939
391.9000000000 2.6417833843
392.0000000000 2.6443030513
392.1000000000 2.6436776761
392.2000000000 2.6429324824
392.3000000000 2.6438704516
392.4000000000 2.6422564265
392.5000000000 2.6417296241
392.6000000000 2.6393059703
392.7000000000 2.6411999940
392.8000000000 2.6408709960
392.9000000000 2.6387144678
393.0000000000 2.6398675906
393.1000000000 2.6405511046
393.2000000000 2.6415500307
393.3000000000 2.6430064496
393.4000000000 2.6448807947
393.5000000000 2.6450210936
393.6000000000 2.6469652194
393.7000000000 2.6461287066
393.8000000000 2.6449977428
393.9000000000 2.6463186886
394.0000000000 2.6466501191
394.1000000000 2.6458264107
394.2000000000 2.6458339933
394.3000000000 2.6458873499
394.4000000000 2.6458883232
394.5000000000 2.6474232238
394.6000000000 2.6445807227
394.7000000000 2.6452826874
394.8000000000 2.6449789988
394.9000000000 2.6447756216
395.0000000000 2.6455376991
395.1000000000 2.6436303880
395.2000000000 2.6454101820
395.3000000000 2.6468964447
395.4000000000 2.6455582076
395.5000000000 2.6460621532
395.6000000000 2.6463131356
395.7000000000 2.6456654302
395.8000000000 2.6449579226
395.9000000000 2.6457468878
396.0000000000 2.6430685456
396.1000000000 2.6414911819
396.2000000000 2.6446714566
396.3000000000 2.6424847112
396.4000000000 2.6431994167
396.5000000000 2.6464135948
396.6000000000 2.6459984449
396.7000000000 2.6473306959
396.8000000000 2.6446284885
396.9000000000 2.6443543407
397.0000000000 2.6448153676
397.1000000000 2.6420821995
397.2000000000 2.6389307231
397.3000000000 2.6376136677
397.4000000000 2.6372670880
397.5000000000 2.6385002801
397.6000000000 2.6396873141
397.7000000000 2.6403139801
397.8000000000 2.6396925465
397.9000000000 2.6378332097
398.0000000000 2.6381392843
398.1000000000 2.6374672169
398.2000000000 2.6374622127
398.3000000000 2.6381078956
398.4000000000 2.6375249387
398.5000000000 2.6397858468
398.6000000000 2.6418964785
398.7000000000 2.6400608671
398.8000000000 2.6411246110
398.9000000000 2.6415992686
399.0000000000 2.6416214222
399.1000000000 2.6370601021
399.2000000000 2.6356857092
399.3000000000 2.6357218478
399.4000000000 2.6353741798
399.5000000000 2.6380477671
399.6000000000 2.6379667192
399.7000000000 2.6376941565
399.8000000000 2.6367448516
399.9000000000 2.6327538665
400.0000000000 2.6361701811
400.1000000000 2.6362313471
400.2000000000 2.6370045380
400.3000000000 2.6369608430
400.4000000000 2.6389144727
400.5000000000 2.6402207527
400.6000000000 2.6423473826
400.7000000000 2.6422720846
400.8000000000 2.6421900450
400.9000000000 2.6443961887
401.0000000000 2.6433489422
401.1000000000 2.6421144173
401.2000000000 2.6436180899
401.3000000000 2.6426521757
401.4000000000 2.6428211148
401.5000000000 2.6435584661
401.6000000000 2.6416716541
401.7000000000 2.6432425790
401.8000000000 2.6443960971
401.9000000000 2.6464676202
402.0000000000 2.6462319152
402.1000000000 2.6466884451
402.2000000000 2.6467360787
402.3000000000 2.6471825921
402.4000000000 2.6477156173
402.5000000000 2.6474448567
402.6000000000 2.6417094436
402.7000000000 2.6422324986
402.8000000000 2.6448695602
402.9000000000 2.6443913372
403.0000000000 2.6426574238
403.1000000000 2.6402154901
403.2000000000 2.6428927314
403.3000000000 2.6428265416
403.4000000000 2.6438386118
403.5000000000 2.6421490309
403.6000000000 2.6430077332
403.7000000000 2.6426321895
403.8000000000 2.6409340826
403.9000000000 2.6404793766
404.0000000000 2.6395227277
404.1000000000 2.6421074106
404.2000000000 2.6426550848
404.3000000000 2.6440499241
404.4000000000 2.6447739888
404.5000000000 2.6446304510
404.6000000000 2.6434740304
404.7000000000 2.6427625793
404.8000000000 2.6445929655
404.9000000000 2.6442685489
405.0000000000 2.6445255193
405.1000000000 2.6446757921
405.2000000000 2.6431343136
405.3000000000 2.6419744431
405.4000000000 2.6434125494
405.5000000000 2.6470293051
405.6000000000 2.6485447419
405.7000000000 2.6458002512
405.8000000000 2.6430370315
405.9000000000 2.6413420641
406.0000000000 2.6405278154
406.1000000000 2.6394917706
406.2000000000 2.6421730008
406.3000000000 2.6407144394
406.4000000000 2.6416571288
406.5000000000 2.6429102459
406.6000000000 2.6423517037
406.7000000000 2.6418723905
406.8000000000 2.6409289084
406.9000000000 2.6410729291
407.0000000000 2.6418010208
407.1000000000 2.6424955273
407.2000000000 2.6416562351
407.3000000000 2.6455406874
407.4000000000 2.6440609094
407.5000000000 2.6458952180
407.6000000000 2.6459972990
407.7000000000 2.6456294117
407.8000000000 2.6469141790
407.9000000000 2.6448979152
408.0000000000 2.6438075375
408.1000000000 2.6455999515
408.2000000000 2.6464502207
408.3000000000 2.6465183123
408.4000000000 2.6445631615
408.5000000000 2.6447900043
408.6000000000 2.6424990209
408.7000000000 2.6407117422
408.8000000000 2.6419897306
408.9000000000 2.6426779617
409.0000000000 2.6445585898
409.1000000000 2.6448525258
409.2000000000 2.6453470777
409.3000000000 2.6467021797
409.4000000000 2.6475489224
409.5000000000 2.6508269289
409.6000000000 2.6467439208
409.7000000000 2.6465771009
409.8000000000 2.6433428733
409.9000000000 2.6432726759
410.0000000000 2.6449914054
410.1000000000 2.6465298370
410.2000000000 2.6459921434
410.3000000000 2.6429466966
410.4000000000 2.6445372258
410.5000000000 2.6415990885
410.6000000000 2.6408294681
410.7000000000 2.6401100686
410.8000000000 2.6399406838
410.9000000000 2.6401810070
411.0000000000 2.6381213894
411.1000000000 2.6399811844
411.2000000000 2.6379259393
411.3000000000 2.6374911296
411.4000000000 2.6374578241
411.5000000000 2.6366087558
411.6000000000 2.6396565806
411.7000000000 2.6384011573
411.8000000000 2.6366771657
411.9000000000 2.6368866890
412.0000000000 2.6357025621
412.1000000000 2.6338962831
412.2000000000 2.6341724908
412.3000000000 2.6338657924
412.4000000000 2.6312298875
412.5000000000 2.6340162242
412.6000000000 2.6354025073
412.7000000000 2.6347100793
412.8000000000 2.6337429042
412.9000000000 2.6344704501
413.0000000000 2.6346466888
413.1000000000 2.6367061109
413.2000000000 2.6378176943
413.3000000000 2.6357164622
413.4000000000 2.6347718492
413.5000000000 2.6362456907
413.6000000000 2.6368075933
413.7000000000 2.6359414153
413.8000000000 2.6380160609
413.9000000000 2.6375019802
414.0000000000 2.6380408191
414.1000000000 2.6345661487
414.2000000000 2.6360042999
414.3000000000 2.6349370885
414.4000000000 2.6332899567
414.5000000000 2.6321848800
414.6000000000 2.6298081314
414.7000000000 2.6320441575
414.8000000000 2.6297281082
414.9000000000 2.6286499015
415.0000000000 2.6290274818
415.1000000000 2.6295447485
415.2000000000 2.6292319000
415.3000000000 2.6326303834
415.4000000000 2.6307021728
415.5000000000 2.6313331046
415.6000000000 2.6326394434
415.7000000000 2.6306383610
415.8000000000 2.6316306904
415.9000000000 2.6303291911
416.0000000000 2.6309082089
416.1000000000 2.6297463633
416.2000000000 2.6308403518
416.3000000000 2.6277929003
416.4000000000 2.6278162702
416.5000000000 2.6272434369
416.6000000000 2.6237855868
416.7000000000 2.6242042245
416.8000000000 2.6261032918
416.9000000000 2.6232418478
417.0000000000 2.6255062273
417.1000000000 2.6268830040
417.2000000000 2.6275357772
417.3000000000 2.6299402676
417.4000000000 2.6291212971
417.5000000000 2.6280557326
417.6000000000 2.6265994664
417.7000000000 2.6263007888
417.8000000000 2.6268064752
417.9000000000 2.6263318669
418.0000000000 2.6265682865
418.1000000000 2.6230895215
418.2000000000 2.6213812920
418.3000000000 2.6215294509
418.4000000000 2.6219878230
418.5000000000 2.6205306194
418.6000000000 2.6209276230
418.7000000000 2.6185741631
418.8000000000 2.6174594856
418.9000000000 2.6197661960
419.0000000000 2.6158446210
419.1000000000 2.6177516715
419.2000000000 2.6162791029
419.3000000000 2.6181220996
419.4000000000 2.6167639784
419.5000000000 2.6160342143
419.6000000000 2.6164068170
419.7000000000 2.6151540122
419.8000000000 2.6162765201
419.9000000000 2.6152093618
420.0000000000 2.6184599477
420.1000000000 2.6170920881
420.2000000000 2.6200968568
420.3000000000 2.6200004631
420.4000000000 2.6201595170
420.5000000000 2.6228698818
420.6000000000 2.6216605700
420.7000000000 2.6233336448
420.8000000000 2.6204122198
420.9000000000 2.6218480308
421.0000000000 2.6211500601
421.1000000000 2.6210123310
421.2000000000 2.6216296316
421.3000000000 2.6225842279
421.4000000000 2.6202668500
421.5000000000 2.6207109994
421.6000000000 2.6181717125
421.7000000000 2.6189711487
421.8000000000 2.6187551964
421.9000000000 2.6179300174
422.0000000000 2.6203156617
422.1000000000 2.6193761332
422.2000000000 2.6199827066
422.3000000000 2.6205461229
422.4000000000 2.6193119522
422.5000000000 2.6197066232
422.6000000000 2.6177165098
422.7000000000 2.6172625425
422.8000000000 2.6106838110
422.9000000000 2.6121912602
423.0000000000 2.6113361915
423.1000000000 2.6141928384
423.2000000000 2.6111141449
423.3000000000 2.6105518331
423.4000000000 2.6100792843
423.5000000000 2.6099568133
423.6000000000 2.6084773122
423.7000000000 2.6084881984
423.8000000000 2.6093996531
423.9000000000 2.6127907434
424.0000000000 2.6127211281
424.1000000000 2.6133823572
424.2000000000 2.6117939177
424.3000000000 2.6140708478
424.4000000000 2.6158723572
424.5000000000 2.6159246016
424.6000000000 2.6144667892
424.7000000000 2.6170442771
424.8000000000 2.6144808619
424.9000000000 2.6157711257
425.0000000000 2.6190013225
425.1000000000 2.6190363404
425.2000000000 2.6188132359
425.3000000000 2.6202005253
425.4000000000 2.6224673363
425.5000000000 2.6205909694
425.6000000000 2.6221110829
425.7000000000 2.6217878661
425.8000000000 2.6222357811
425.9000000000 2.6222947782
426.0000000000 2.6228949164
426.1000000000 2.6233271798
426.2000000000 2.6249983337
426.3000000000 2.6246565770
426.4000000000 2.6231836612
426.5000000000 2.6236969658
426.6000000000 2.6247851860
426.7000000000 2.6247860047
426.8000000000 2.6253154754
426.9000000000 2.6244911366
427.0000000000 2.6234421738
427.1000000000 2.6229859715
427.2000000000 2.6209386289
427.3000000000 2.6199721111
427.4000000000 2.6179271597
427.5000000000 2.6216770268
427.6000000000 2.6230643384
427.7000000000 2.6225141689
427.8000000000 2.6211089928
427.9000000000 2.6211727516
428.0000000000 2.6215791462
428.1000000000 2.6205814973
428.2000000000 2.6200278588
428.3000000000 2.6210161284
428.4000000000 2.6225093584
428.5000000000 2.6190363602
428.6000000000 2.6177406777
428.7000000000 2.6182241061
428.8000000000 2.6188092119
428.9000000000 2.6194304133
429.0000000000 2.6209576752
429.1000000000 2.6193206867
429.2000000000 2.6232138776
429.3000000000 2.6227549998
429.4000000000 2.6211499557
429.5000000000 2.6203833816
429.6000000000 2.6217628851
429.7000000000 2.6205253439
429.8000000000 2.6213071566
429.9000000000 2.6211538346
430.0000000000 2.6209619955
430.1000000000 2.6222131219
430.2000000000 2.6233730664
430.3000000000 2.6234749867
430.4000000000 2.6231696607
430.5000000000 2.6210240102
430.6000000000 2.6210298622
430.7000000000 2.6197581407
430.8000000000 2.6178862237
430.9000000000 2.6207037786
431.0000000000 2.6228492430
431.1000000000 2.6199743612
431.2000000000 2.6212418260
431.3000000000 2.6249168416
431.4000000000 2.6248489189
431.5000000000 2.6247379850
431.6000000000 2.6244565565
431.7000000000 2.6236947123
431.8000000000 2.6258274673
431.9000000000 2.6234159286
432.0000000000 2.6231820087
432.1000000000 2.6237783184
432.2000000000 2.6234115651
432.3000000000 2.6254833578
432.4000000000 2.6246157926
432.5000000000 2.6252822398
432.6000000000 2.6263811723
432.7000000000 2.6261416934
432.8000000000 2.6253379758
432.9000000000 2.6228699489
433.0000000000 2.6234944192
433.1000000000 2.6265556188
433.2000000000 2.6254237821
433.3000000000 2.6252455116
433.4000000000 2.6260252943
433.5000000000 2.6260127734
433.6000000000 2.6229175072
433.7000000000 2.6192248256
433.8000000000 2.6186666090
433.9000000000 2.6222890914
434.0000000000 2.6208036961
434.1000000000 2.6221010851
434.2000000000 2.6213065450
434.3000000000 2.6215293848
434.4000000000 2.6214102574
434.5000000000 2.6205017130
434.6000000000 2.6200735669
434.7000000000 2.6200479851
434.8000000000 2.6208897922
434.9000000000 2.6194076366
435.0000000000 2.6189405745
435.1000000000 2.6198011236
435.2000000000 2.6182094287
435.3000000000 2.6140113492
435.4000000000 2.6116344881
435.5000000000 2.6130255283
435.6000000000 2.6122579252
435.7000000000 2.6127304079
435.8000000000 2.6120268701
435.9000000000 2.6108250310
436.0000000000 2.6107809114
436.1000000000 2.6122983746
436.2000000000 2.6121859206
436.3000000000 2.6089913376
436.4000000000 2.6117793523
436.5000000000 2.6106622981
436.6000000000 2.6088501684
436.7000000000 2.6075075989
436.8000000000 2.6069989604
436.9000000000 2.6076467194
437.0000000000 2.6044241954
437.1000000000 2.6045964425
437.2000000000 2.6061999207
437.3000000000 2.6042543043
437.4000000000 2.6053653315
437.5000000000 2.6065779247
437.6000000000 2.6072370190
437.7000000000 2.6072078221
437.8000000000 2.6068276924
437.9000000000 2.6083780938
438.0000000000 2.6063766739
438.1000000000 2.6051252571
438.2000000000 2.6052793495
438.3000000000 2.6079258202
438.4000000000 2.6091916822
438.5000000000 2.6082149484
438.6000000000 2.6090885188
438.7000000000 2.6096684488
438.8000000000 2.6117644732
438.9000000000 2.6093720095
439.0000000000 2.6105306542
439.1000000000 2.6119813211
439.2000000000 2.6127975268
439.3000000000 2.6136182096
439.4000000000 2.6136458271
439.5000000000 2.6147832527
439.6000000000 2.6136238034
439.7000000000 2.6158017912
439.8000000000 2.6172550924
439.9000000000 2.6188827187
440.0000000000 2.6180636832
440.1000000000 2.6178590710
440.2000000000 2.6197874333
440.3000000000 2.6169347484
440.4000000000 2.6193499608
440.5000000000 2.6195891892
440.6000000000 2.6180670581
440.7000000000 2.6150612094
440.8000000000 2.6165402599
440.9000000000 2.6145860901
441.0000000000 2.6151099423
441.1000000000 2.6137475872
441.2000000000 2.6174315031
441.3000000000 2.6169947769
441.4000000000 2.6167768050
441.5000000000 2.6156413770
441.6000000000 2.6157034344
441.7000000000 2.6139077312
441.8000000000 2.6144214331
441.9000000000 2.6125303460
442.0000000000 2.6135018556
442.1000000000 2.6098765932
442.2000000000 2.6121142449
442.3000000000 2.6109066791
442.4000000000 2.6113997800
442.5000000000 2.6103958875
442.6000000000 2.6095471215
442.7000000000 2.6057174504
442.8000000000 2.6031051562
442.9000000000 2.6057923865
443.0000000000 2.6041186727
443.1000000000 2.6055974279
443.2000000000 2.6031429073
443.3000000000 2.6017560796
443.4000000000 2.6021211214
443.5000000000 2.6029276267
443.6000000000 2.6035174339
443.7000000000 2.6061305595
443.8000000000 2.6080197106
443.9000000000 2.6057434533
444.0000000000 2.6081045712
444.1000000000 2.6063103966
444.2000000000 2.6038337673
444.3000000000 2.6039310486
444.4000000000 2.6032373303
444.5000000000 2.6022998208
444.6000000000 2.6028686576
444.7000000000 2.6045628453
444.8000000000 2.6044610167
444.9000000000 2.6037860611
445.0000000000 2.6037474194
445.1000000000 2.6065262205
445.2000000000 2.6028830344
445.3000000000 2.6002891887
445.4000000000 2.6005244580
445.5000000000 2.6008693771
445.6000000000 2.6029885145
445.7000000000 2.6055084232
445.8000000000 2.6038798184
445.9000000000 2.6041027363
446.0000000000 2.6061026738
446.1000000000 2.6047282656
446.2000000000 2.6061431557
446.3000000000 2.6048315457
446.4000000000 2.6069038475
446.5000000000 2.6092073892
446.6000000000 2.6096803290
446.7000000000 2.6099344422
446.8000000000 2.6089914845
446.9000000000 2.6093485984
447.0000000000 2.6057524144
447.1000000000 2.6061963523
447.2000000000 2.6066017844
447.3000000000 2.6041068398
447.4000000000 2.6075745048
447.5000000000 2.6051341400
447.6000000000 2.6046950578
447.7000000000 2.6079304837
447.8000000000 2.6084535712
447.9000000000 2.6084102548
448.0000000000 2.6085218370
448.1000000000 2.6078502863
448.2000000000 2.6084159506
448.3000000000 2.6066693048
448.4000000000 2.6071399437
448.5000000000 2.6072590061
448.6000000000 2.6081799948
448.7000000000 2.6092246352
448.8000000000 2.6082880796
448.9000000000 2.6078026390
449.0000000000 2.6076726141
449.1000000000 2.6085000608
449.2000000000 2.6094729413
449.3000000000 2.6110001382
449.4000000000 2.6099696983
449.5000000000 2.6103794301
449.6000000000 2.6117178234
449.7000000000 2.6137294785
449.8000000000 2.6129963193
449.9000000000 2.6139457618
450.0000000000 2.6144190146
450.1000000000 2.6157878175
450.2000000000 2.6148173514
450.3000000000 2.6094799923
450.4000000000 2.6095269734
450.5000000000 2.6081151032
450.6000000000 2.6095446877
450.7000000000 2.6100608703
450.8000000000 2.6095122428
450.9000000000 2.6107906581
451.0000000000 2.6088949463
451.1000000000 2.6089839151
451.2000000000 2.6078314101
451.3000000000 2.6103764530
451.4000000000 2.6098275372
451.5000000000 2.6116367759
451.6000000000 2.6085899851
451.7000000000 2.6066073262
451.8000000000 2.6075718252
451.9000000000 2.6036656772
452.0000000000 2.6060052714
452.1000000000 2.6071144148
452.2000000000 2.6070487290
452.3000000000 2.6057658650
452.4000000000 2.6043259363
452.5000000000 2.6039797604
452.6000000000 2.5999696319
452.7000000000 2.6041535657
452.8000000000 2.6015961854
452.9000000000 2.6021135521
453.0000000000 2.6010660890
453.1000000000 2.6000291487
453.2000000000 2.5990061167
453.3000000000 2.5993694501
453.4000000000 2.5981716140
453.5000000000 2.5988106915
453.6000000000 2.5975620030
453.7000000000 2.5965849787
453.8000000000 2.5946410093
453.9000000000 2.5959617376
454.0000000000 2.5949273453
454.1000000000 2.5964350314
454.2000000000 2.5969244686
454.3000000000 2.5976246555
454.4000000000 2.5989745500
454.5000000000 2.5993969213
454.6000000000 2.5971105825
454.7000000000 2.5939785380
454.8000000000 2.5960270729
454.9000000000 2.5986825301
455.0000000000 2.5995589954
455.1000000000 2.5981759328
455.2000000000 2.5971521584
455.3000000000 2.5990746450
455.4000000000 2.5959141062
455.5000000000 2.5923067502
455.6000000000 2.5910149880
455.7000000000 2.5930546639
455.8000000000 2.5934468939
455.9000000000 2.5934777940
456.0000000000 2.5915963960
456.1000000000 2.5908676872
456.2000000000 2.5934526242
456.3000000000 2.5921720877
456.4000000000 2.5912627026
456.5000000000 2.5903151992
456.6000000000 2.5890806626
456.7000000000 2.5882199253
456.8000000000 2.5873655691
456.9000000000 2.5896541116
457.0000000000 2.5864706459
457.1000000000 2.5892780160
457.2000000000 2.5873112027
457.3000000000 2.5873435404
457.4000000000 2.5834864118
457.5000000000 2.5858882589
457.6000000000 2.5870385416
457.7000000000 2.5866005534
457.8000000000 2.5861195653
457.9000000000 2.5876937742
458.0000000000 2.5870595047
458.1000000000 2.5860035686
458.2000000000 2.5858767287
458.3000000000 2.5883207750
458.4000000000 2.5874349390
458.5000000000 2.5888625551
458.6000000000 2.5898014667
458.7000000000 2.5905835080
458.8000000000 2.5931303810
458.9000000000 2.5948261172
459.0000000000 2.5948072590
459.1000000000 2.5936484024
459.2000000000 2.5925330722
459.3000000000 2.5935316865
459.4000000000 2.5950924697
459.5000000000 2.5945215950
459.6000000000 2.5914587766
459.7000000000 2.5870314373
459.8000000000 2.5897955913
459.9000000000 2.5881121983
460.0000000000 2.5864610148
460.1000000000 2.5883523899
460.2000000000 2.5894669132
460.3000000000 2.5910154551
460.4000000000 2.5906498404
460.5000000000 2.5910677149
460.6000000000 2.5906215328
460.7000000000 2.5897328746
460.8000000000 2.5921339123
460.9000000000 2.5912719979
461.0000000000 2.5940377913
461.1000000000 2.5945369427
461.2000000000 2.5934056828
461.3000000000 2.5927290192
461.4000000000 2.5934648376
461.5000000000 2.5931783059
461.6000000000 2.5950363744
461.7000000000 2.5952768541
461.8000000000 2.5939770111
461.9000000000 2.5957593599
462.0000000000 2.5952188098
462.1000000000 2.5963793198
462.2000000000 2.5961143025
462.3000000000 2.5963749781
462.4000000000 2.5952097138
462.5000000000 2.5935980147
462.6000000000 2.5907916140
462.7000000000 2.5909174456
462.8000000000 2.5925291761
462.9000000000 2.5920242615
463.0000000000 2.5919349377
463.1000000000 2.5928628402
463.2000000000 2.5897223887
463.3000000000 2.5908682274
463.4000000000 2.5892171558
463.5000000000 2.5893298783
463.6000000000 2.5876124251
463.7000000000 2.5887351135
463.8000000000 2.5893168780
463.9000000000 2.5877973690
464.0000000000 2.5905695321
464.1000000000 2.5900499000
464.2000000000 2.5862078404
464.3000000000 2.5829139737
464.4000000000 2.5836480877
464.5000000000 2.5827437970
464.6000000000 2.5830578576
464.7000000000 2.5840238180
464.8000000000 2.5822691418
464.9000000000 2.5823688437
465.0000000000 2.5848883216
465.1000000000 2.5847515945
465.2000000000 2.5841772219
465.3000000000 2.5827776824
465.4000000000 2.5819131291
465.5000000000 2.5796966836
465.6000000000 2.5786584347
465.7000000000 2.5765503114
465.8000000000 2.5811486290
465.9000000000 2.5794316885
466.0000000000 2.5801189279
466.1000000000 2.5797293643
466.2000000000 2.5807748985
466.3000000000 2.5810414122
466.4000000000 2.5772555755
466.5000000000 2.5777238092
466.6000000000 2.5773378200
466.7000000000 2.5779712403
466.8000000000 2.5794884327
466.9000000000 2.5823030186
467.0000000000 2.5842382256
467.1000000000 2.5842916023
467.2000000000 2.5874122242
467.3000000000 2.5870594028
467.4000000000 2.5865082719
467.5000000000 2.5851763189
467.6000000000 2.5847711173
467.7000000000 2.5864143152
467.8000000000 2.5856745517
467.9000000000 2.5860536101
468.0000000000 2.5851931505
468.1000000000 2.5860003671
468.2000000000 2.5877544908
468.3000000000 2.5873388663
468.4000000000 2.5864359714
468.5000000000 2.5864429195
468.6000000000 2.5885146615
468.7000000000 2.5870289695
468.8000000000 2.5892294418
468.9000000000 2.5883719818
469.0000000000 2.5866515416
469.1000000000 2.5839536892
469.2000000000 2.5807739592
469.3000000000 2.5810614630
469.4000000000 2.5816924502
469.5000000000 2.5829915820
469.6000000000 2.5828274303
469.7000000000 2.5811655925
469.8000000000 2.5807121585
469.9000000000 2.5790210679
470.0000000000 2.5817548057
470.1000000000 2.5789641275
470.2000000000 2.5795558915
470.3000000000 2.5796910609
470.4000000000 2.5801778172
470.5000000000 2.5788236484
470.6000000000 2.5812297087
470.7000000000 2.5795159042
470.8000000000 2.5806545863
470.9000000000 2.5815945147
471.0000000000 2.5823423373
471.1000000000 2.5831949325
471.2000000000 2.5838899853
471.3000000000 2.5827410478
471.4000000000 2.5826599161
471.5000000000 2.5811569393
471.6000000000 2.5816172828
471.7000000000 2.5822298407
471.8000000000 2.5829488592
471.9000000000 2.5801866577
472.0000000000 2.5835462559
472.1000000000 2.5829302991
472.2000000000 2.5856588289
472.3000000000 2.5876438455
472.4000000000 2.5883524902
472.5000000000 2.5870394102
472.6000000000 2.5883633382
472.7000000000 2.5906358248
472.8000000000 2.5914627291
472.9000000000 2.5917184965
473.0000000000 2.5907304301
473.1000000000 2.5909264043
473.2000000000 2.5917030377
473.3000000000 2.5919212500
473.4000000000 2.5907853686
473.5000000000 2.5922027095
473.6000000000 2.5923864163
473.7000000000 2.5925636068
473.8000000000 2.5939371214
473.9000000000 2.5928608943
474.0000000000 2.5924423910
474.1000000000 2.5908765670
474.2000000000 2.5883592469
474.3000000000 2.5876279117
474.4000000000 2.5880338921
474.5000000000 2.5868756889
474.6000000000 2.5867870487
474.7000000000 2.5868978252
474.8000000000 2.5876828020
474.9000000000 2.5878055071
475.0000000000 2.5901489777
475.1000000000 2.5868572572
475.2000000000 2.5840666348
475.3000000000 2.5822243484
475.4000000000 2.5846762311
475.5000000000 2.5833647197
475.6000000000 2.5827120238
475.7000000000 2.5829885220
475.8000000000 2.5861655180
475.9000000000 2.5848847411
476.0000000000 2.5851170939
476.1000000000 2.5861973778
476.2000000000 2.5886301654
476.3000000000 2.5900694418
476.4000000000 2.5908835413
476.5000000000 2.5911791257
476.6000000000 2.5899372503
476.7000000000 2.5884163249
476.8000000000 2.5868344427
476.9000000000 2.5885241235
477.0000000000 2.5906068471
477.1000000000 2.5901374980
477.2000000000 2.5899888405
477.3000000000 2.5909225279
477.4000000000 2.5883142366
477.5000000000 2.5879655264
477.6000000000 2.5894657209
477.7000000000 2.5904148961
477.8000000000 2.5918966562
477.9000000000 2.5907594912
478.0000000000 2.5893613852
478.1000000000 2.5878844760
478.2000000000 2.5889492280
478.3000000000 2.5913849225
478.4000000000 2.5925936280
478.5000000000 2.5933431446
478.6000000000 2.5930458857
478.7000000000 2.5951629943
478.8000000000 2.5957351021
478.9000000000 2.5951130337
479.0000000000 2.5929947393
479.1000000000 2.5910407862
479.2000000000 2.5918281161
479.3000000000 2.5945519699
479.4000000000 2.5938361055
479.5000000000 2.5934826819
479.6000000000 2.5937711930
479.7000000000 2.5940133791
479.8000000000 2.5947445071
479.9000000000 2.5926349150
480.0000000000 2.5911643482
480.1000000000 2.5898296490
480.2000000000 2.5923800624
480.3000000000 2.5929884988
480.4000000000 2.5938929153
480.5000000000 2.5905056378
480.6000000000 2.5908385434
480.7000000000 2.5919358726
480.8000000000 2.5911495587
480.9000000000 2.5912452784
481.0000000000 2.5893952161
481.1000000000 2.5896039640
481.2000000000 2.5910442255
481.3000000000 2.5895633517
481.4000000000 2.5910018243
481.5000000000 2.5904226406
481.6000000000 2.5903925547
481.7000000000 2.5888497076
481.8000000000 2.5853331377
481.9000000000 2.5853777426
482.0000000000 2.5862927800
482.1000000000 2.5871862730
482.2000000000 2.5853866983
482.3000000000 2.5849602052
482.4000000000 2.5813165960
482.5000000000 2.5817122985
482.6000000000 2.5822265688
482.7000000000 2.5812423197
482.8000000000 2.5820144972
482.9000000000 2.5809215118
483.0000000000 2.5817363342
483.1000000000 2.5829363859
483.2000000000 2.5843295167
483.3000000000 2.5844365403
483.4000000000 2.5854013436
483.5000000000 2.5830986138
483.6000000000 2.5820142911
483.7000000000 2.5817424106
483.8000000000 2.5813045523
483.9000000000 2.5811428672
484.0000000000 2.5816604629
484.1000000000 2.5806336619
484.2000000000 2.5831527125
484.3000000000 2.5820727922
484.4000000000 2.5827212899
484.5000000000 2.5817649331
484.6000000000 2.5791219860
484.7000000000 2.5788621885
484.8000000000 2.5765429469
484.9000000000 2.5760695764
485.0000000000 2.5761070176
485.1000000000 2.5766518511
485.2000000000 2.5764230919
485.3000000000 2.5796002395
485.4000000000 2.5756500306
485.5000000000 2.5783864684
485.6000000000 2.5761043438
485.7000000000 2.5772136140
485.8000000000 2.5761350421
485.9000000000 2.5731131004
486.0000000000 2.5750564617
486.1000000000 2.5748420019
486.2000000000 2.5728868235
486.3000000000 2.5750539803
486.4000000000 2.5747657660
486.5000000000 2.5738946331
486.6000000000 2.5714763336
486.7000000000 2.5731614147
486.8000000000 2.5723283860
486.9000000000 2.5722138390
487.0000000000 2.5744196262
487.1000000000 2.5757555109
487.2000000000 2.5801581021
487.3000000000 2.5778254245
487.4000000000 2.5784685744
487.5000000000 2.5770523273
487.6000000000 2.5786181112
487.7000000000 2.5778379543
487.8000000000 2.5794316403
487.9000000000 2.5787322910
488.0000000000 2.5775760920
488.1000000000 2.5750918253
488.2000000000 2.5759649764
488.3000000000 2.5764077486
488.4000000000 2.5774225173
488.5000000000 2.5763852132
488.6000000000 2.5758949850
488.7000000000 2.5763100245
488.8000000000 2.5759923462
488.9000000000 2.5788206846
489.0000000000 2.5799190347
489.1000000000 2.5791579785
489.2000000000 2.5807354181
489.3000000000 2.5811288018
489.4000000000 2.5809339447
489.5000000000 2.5801560288
489.6000000000 2.5834538225
489.7000000000 2.5817388119
489.8000000000 2.5819645479
489.9000000000 2.5806537912
490.0000000000 2.5827496341
490.1000000000 2.5823973720
490.2000000000 2.5843601147
490.3000000000 2.5822534562
490.4000000000 2.5841300693
490.5000000000 2.5858472343
490.6000000000 2.5862496035
490.7000000000 2.5844373755
490.8000000000 2.5855039597
490.9000000000 2.5863940904
491.0000000000 2.5867625994
491.1000000000 2.5884673482
491.2000000000 2.5875541645
491.3000000000 2.5859982809
491.4000000000 2.5862882234
491.5000000000 2.5870778821
491.6000000000 2.5861738647
491.7000000000 2.5862129194
491.8000000000 2.5849353790
491.9000000000 2.5853165746
492.0000000000 2.5850840981
492.1000000000 2.5851058780
492.2000000000 2.5866757201
492.3000000000 2.5873524331
492.4000000000 2.5886136018
492.5000000000 2.5898802543
492.6000000000 2.5874446196
492.7000000000 2.5903960770
492.8000000000 2.5930548774
492.9000000000 2.5924793108
493.0000000000 2.5904665397
493.1000000000 2.5898541678
493.2000000000 2.5923286985
493.3000000000 2.5923432531
493.4000000000 2.5920550685
493.5000000000 2.5924144088
493.6000000000 2.5884577908
493.7000000000 2.5883160036
493.8000000000 2.5887852495
493.9000000000 2.5888229717
494.0000000000 2.5872739275
494.1000000000 2.5880381734
494.2000000000 2.5866684549
494.3000000000 2.5855764005
494.4000000000 2.5843849220
494.5000000000 2.5869566189
494.6000000000 2.5876824857
494.7000000000 2.5884379225
494.8000000000 2.5866528915
494.9000000000 2.5841140081
495.0000000000 2.5831821103
495.1000000000 2.5842024581
495.2000000000 2.5831949917
495.3000000000 2.5831052086
495.4000000000 2.5848578897
495.5000000000 2.5840594208
495.6000000000 2.5820880691
495.7000000000 2.5809311965
495.8000000000 2.5839125628
495.9000000000 2.5825427012
496.0000000000 2.5840372661
496.1000000000 2.5853116072
496.2000000000 2.5863279139
496.3000000000 2.5855555356
496.4000000000 2.5860663353
496.5000000000 2.5878728813
496.6000000000 2.5876213206
496.7000000000 2.5876672474
496.8000000000 2.5866613448
496.9000000000 2.5860793777
497.0000000000 2.5854857223
497.1000000000 2.5856203308
497.2000000000 2.5836856434
497.3000000000 2.5843530186
497.4000000000 2.5851738933
497.5000000000 2.5857645288
497.6000000000 2.5832724068
497.7000000000 2.5843175984
497.8000000000 2.5870016986
497.9000000000 2.5833822864
498.0000000000 2.5808210139
498.1000000000 2.5830348254
498.2000000000 2.5819080251
498.3000000000 2.5812036786
498.4000000000 2.5816695886
498.5000000000 2.5819494187
498.6000000000 2.5811803122
498.7000000000 2.5828035373
498.8000000000 2.5802900680
498.9000000000 2.5753857818
499.0000000000 2.5755095013
499.1000000000 2.5747099058
499.2000000000 2.5760481571
499.3000000000 2.5733742316
499.4000000000 2.5745912492
499.5000000000 2.5757988439
499.6000000000 2.5739946715
499.7000000000 2.5723380440
499.8000000000 2.5734867466
499.9000000000 2.5700931948
500.0000000000 2.5701647181
500.1000000000 2.5706259344
500.2000000000 2.5727180940
500.3000000000 2.5711307788
500.4000000000 2.5733463182
500.5000000000 2.5743259898
500.6000000000 2.5741052712
500.7000000000 2.5758577350
500.8000000000 2.5761479660
500.9000000000 2.5748046439
501.0000000000 2.5743137868
501.1000000000 2.5742239485
501.2000000000 2.5735611264
501.3000000000 2.5741106998
501.4000000000 2.5720923881
501.5000000000 2.5697538073
501.6000000000 2.5712929637
501.7000000000 2.5724976605
501.8000000000 2.5703595547
501.9000000000 2.5715848106
502.0000000000 2.5711089005
502.1000000000 2.5675226026
502.2000000000 2.5698421745
502.3000000000 2.5684980698
502.4000000000 2.5672993962
502.5000000000 2.5678107746
502.6000000000 2.5671158536
502.7000000000 2.5666243501
502.8000000000 2.5668910882
502.9000000000 2.5664326852
503.0000000000 2.5684737062
503.1000000000 2.5681605043
503.2000000000 2.5659651240
503.3000000000 2.5671691902
503.4000000000 2.5642973380
503.5000000000 2.5650336417
503.6000000000 2.5671836403
503.7000000000 2.5696156805
503.8000000000 2.5694691161
503.9000000000 2.5696430863
504.0000000000 2.5673159638
504.1000000000 2.5665826643
504.2000000000 2.5657218190
504.3000000000 2.5646795421
504.4000000000 2.5636245460
504.5000000000 2.5629190079
504.6000000000 2.5626960034
504.7000000000 2.5604402899
504.8000000000 2.5604867503
504.9000000000 2.5606560736
505.0000000000 2.5615351425
505.1000000000 2.5612572583
505.2000000000 2.5606428120
505.3000000000 2.5633399786
505.4000000000 2.5626241525
505.5000000000 2.5651263225
505.6000000000 2.5664110879
505.7000000000 2.5655622519
505.8000000000 2.5674548514
505.9000000000 2.5688380935
506.0000000000 2.5691326355
506.1000000000 2.5679755977
506.2000000000 2.5693700740
506.3000000000 2.5688448196
506.4000000000 2.5673499749
506.5000000000 2.5685552462
506.6000000000 2.5655541820
506.7000000000 2.5664195377
506.8000000000 2.5679427297
506.9000000000 2.5670358436
507.0000000000 2.5683695677
507.1000000000 2.5683424685
507.2000000000 2.5682788428
507.3000000000 2.5652024486
507.4000000000 2.5640440226
507.5000000000 2.5636129687
507.6000000000 2.5630181334
507.7000000000 2.5624300071
507.8000000000 2.5628560984
507.9000000000 2.5624431638
508.0000000000 2.5625542296
508.1000000000 2.5613959229
508.2000000000 2.5624693378
508.3000000000 2.5597191670
508.4000000000 2.5602759073
508.5000000000 2.5572161566
508.6000000000 2.5555190932
508.7000000000 2.5567592559
508.8000000000 2.5562128757
508.9000000000 2.5540296999
509.0000000000 2.5524047096
509.1000000000 2.5543420632
509.2000000000 2.5562003189
509.3000000000 2.5544786799
509.4000000000 2.5563255721
509.5000000000 2.5583707773
509.6000000000 2.5590590342
509.7000000000 2.5587701990
509.8000000000 2.5596040532
509.9000000000 2.5609563044
510.0000000000 2.5612591568
510.1000000000 2.5615394488
510.2000000000 2.5630413889
510.3000000000 2.5627288754
510.4000000000 2.5620512749
510.5000000000 2.5619741404
510.6000000000 2.5606016059
510.7000000000 2.5605253157
510.8000000000 2.5609145913
510.9000000000 2.5597590014
511.0000000000 2.5606345532
511.1000000000 2.5607651349
511.2000000000 2.5604172410
511.3000000000 2.5578711174
511.4000000000 2.5584538294
511.5000000000 2.5600722624
511.6000000000 2.5587080027
511.7000000000 2.5589431927
511.8000000000 2.5598600159
511.9000000000 2.5615640135
512.0000000000 2.5618491841
512.1000000000 2.5614954395
512.2000000000 2.5607958227
512.3000000000 2.5624806864
512.4000000000 2.5632635302
512.5000000000 2.5654662044
512.6000000000 2.5659204280
512.7000000000 2.5649335047
512.8000000000 2.5645723198
512.9000000000 2.5674930696
513.0000000000 2.5673234465
513.1000000000 2.5708778745
513.2000000000 2.5717000083
513.3000000000 2.5695054001
513.4000000000 2.5723043706
513.5000000000 2.5746213435
513.6000000000 2.5731299853
513.7000000000 2.5728075866
513.8000000000 2.5726760686
513.9000000000 2.5738128736
514.0000000000 2.5746092163
514.1000000000 2.5734177892
514.2000000000 2.5711147121
514.3000000000 2.5673789306
514.4000000000 2.5678413808
514.5000000000 2.5685386294
514.6000000000 2.5658566369
514.7000000000 2.5694212075
514.8000000000 2.5700472035
514.9000000000 2.5701540104
515.0000000000 2.5686981563
515.1000000000 2.5664672467
515.2000000000 2.5669250284
515.3000000000 2.5679005402
515.4000000000 2.5663268993
515.5000000000 2.5657459775
515.6000000000 2.5650726883
515.7000000000 2.5641678908
515.8000000000 2.5650294880
515.9000000000 2.5654727981
516.0000000000 2.5660074961
516.1000000000 2.5662444279
516.2000000000 2.5658897850
516.3000000000 2.5664479969
516.4000000000 2.5649240978
516.5000000000 2.5657533678
516.6000000000 2.5692933057
516.7000000000 2.5686371825
516.8000000000 2.5657647973
516.9000000000 2.5671596173
517.0000000000 2.5628204634
517.1000000000 2.5649941096
517.2000000000 2.5663632672
517.3000000000 2.5656467593
517.4000000000 2.5645171872
517.5000000000 2.5655787837
517.6000000000 2.5678352181
517.7000000000 2.5658337080
517.8000000000 2.5673619536
517.9000000000 2.5653322060
518.0000000000 2.5643824510
518.1000000000 2.5636522679
518.2000000000 2.5651522473
518.3000000000 2.5649793481
518.4000000000 2.5659975703
518.5000000000 2.5649943249
518.6000000000 2.5653079779
518.7000000000 2.5639690397
518.8000000000 2.5642574297
518.9000000000 2.5659144640
519.0000000000 2.5661804799
519.1000000000 2.5644686027
519.2000000000 2.5642438987
519.3000000000 2.5644228768
519.4000000000 2.5630330083
519.5000000000 2.5643264687
519.6000000000 2.5661203036
519.7000000000 2.5675902027
519.8000000000 2.5651438284
519.9000000000 2.5647801172
520.0000000000 2.5638595440
520.1000000000 2.5652624152
520.2000000000 2.5663493185
520.3000000000 2.5650474235
520.4000000000 2.5641234109
520.5000000000 2.5651859695
520.6000000000 2.5640001254
520.7000000000 2.5673460027
520.8000000000 2.5673876414
520.9000000000 2.5655896963
521.0000000000 2.5692270943
521.1000000000 2.5685831394
521.2000000000 2.5683208088
521.3000000000 2.5654315522
521.4000000000 2.5670840972
521.5000000000 2.5679942621
521.6000000000 2.5678184772
521.7000000000 2.5673387940
521.8000000000 2.5672096411
521.9000000000 2.5686858005
522.0000000000 2.5678730510
522.1000000000 2.5674981894
522.2000000000 2.5684602234
522.3000000000 2.5678643773
522.4000000000 2.5692528357
522.5000000000 2.5670051067
522.6000000000 2.5704104288
522.7000000000 2.5699690548
522.8000000000 2.5694411356
522.9000000000 2.5686694783
523.0000000000 2.5685210154
523.1000000000 2.5656291688
523.2000000000 2.5657685522
523.3000000000 2.5673206335
523.4000000000 2.5677909046
523.5000000000 2.5683576783
523.6000000000 2.5694864324
523.7000000000 2.5681073905
523.8000000000 2.5666323591
523.9000000000 2.5655865543
524.0000000000 2.5661165173
524.1000000000 2.5670185995
524.2000000000 2.5674860553
524.3000000000 2.5683488413
524.4000000000 2.5690779074
524.5000000000 2.5690875608
524.6000000000 2.5701095619
524.7000000000 2.5701038806
524.8000000000 2.5684794733
524.9000000000 2.5672451453
525.0000000000 2.5669805425
525.1000000000 2.5695551352
525.2000000000 2.5704858433
525.3000000000 2.5711329387
525.4000000000 2.5727385959
525.5000000000 2.5724246310
525.6000000000 2.5710748538
525.7000000000 2.5710426902
525.8000000000 2.5693623814
525.9000000000 2.5709614830
526.0000000000 2.5707608389
526.1000000000 2.5715332107
526.2000000000 2.5694867700
526.3000000000 2.5718676163
526.4000000000 2.5755211896
526.5000000000 2.5730190673
526.6000000000 2.5703940744
526.7000000000 2.5704400275
526.8000000000 2.5700454128
526.9000000000 2.5699924680
527.0000000000 2.5675422382
527.1000000000 2.5660037909
527.2000000000 2.5656409314
527.3000000000 2.5670074002
527.4000000000 2.5681934104
527.5000000000 2.5678751358
527.6000000000 2.5677207100
527.7000000000 2.5694564100
527.8000000000 2.5707872030
527.9000000000 2.5723298227
528.0000000000 2.5695810063
528.1000000000 2.5710655364
528.2000000000 2.5726948592
528.3000000000 2.5707551447
528.4000000000 2.5698242479
528.5000000000 2.5717866730
528.6000000000 2.5722151097
528.7000000000 2.5708209654
528.8000000000 2.5716167071
528.9000000000 2.5704100718
529.0000000000 2.5712748147
529.1000000000 2.5720212729
529.2000000000 2.5722250224
529.3000000000 2.5725723923
529.4000000000 2.5728382623
529.5000000000 2.5728671470
529.6000000000 2.5731894521
529.7000000000 2.5741612909
529.8000000000 2.5747159987
529.9000000000 2.5740081804
530.0000000000 2.5727875403
530.1000000000 2.5718295532
530.2000000000 2.5719936743
530.3000000000 2.5737135568
530.4000000000 2.5772247273
530.5000000000 2.5765682552
530.6000000000 2.5788573221
530.7000000000 2.5775446211
530.8000000000 2.5791651421
530.9000000000 2.5793328313
531.0000000000 2.5784886636
531.1000000000 2.5792522763
531.2000000000 2.5798931608
531.3000000000 2.5802343073
531.4000000000 2.5810034536
531.5000000000 2.5795122657
531.6000000000 2.5802781504
531.7000000000 2.5816936298
531.8000000000 2.5825950154
531.9000000000 2.5806444104
532.0000000000 2.5806242492
532.1000000000 2.5794015802
532.2000000000 2.5799150239
532.3000000000 2.5818749544
532.4000000000 2.5809213140
532.5000000000 2.5825632899
532.6000000000 2.5817053576
532.7000000000 2.5833030889
532.8000000000 2.5841942370
532.9000000000 2.5863943010
533.0000000000 2.5874697677
533.1000000000 2.5864256700
533.2000000000 2.5858465781
533.3000000000 2.5864927610
533.4000000000 2.5863829136
533.5000000000 2.5835371513
533.6000000000 2.5859469947
533.7000000000 2.5845779674
533.8000000000 2.5842972695
533.9000000000 2.5815204433
534.0000000000 2.5837024840
534.1000000000 2.5853418133
534.2000000000 2.5846790180
534.3000000000 2.5833286228
534.4000000000 2.5815997369
534.5000000000 2.5815726535
534.6000000000 2.5804798626
534.7000000000 2.5818816779
534.8000000000 2.5816205978
534.9000000000 2.5801151781
535.0000000000 2.5820579626
535.1000000000 2.5805622623
535.2000000000 2.5795450062
535.3000000000 2.5796870206
535.4000000000 2.5807736174
535.5000000000 2.5803302538
535.6000000000 2.5792661326
535.7000000000 2.5806065197
535.8000000000 2.5815882220
535.9000000000 2.5816644221
536.0000000000 2.5795630944
536.1000000000 2.5775378797
536.2000000000 2.5799256591
536.3000000000 2.5811106675
536.4000000000 2.5808440680
536.5000000000 2.5811374175
536.6000000000 2.5816731583
536.7000000000 2.5820793613
536.8000000000 2.5797161293
536.9000000000 2.5781247796
537.0000000000 2.5777720202
537.1000000000 2.5768691186
537.2000000000 2.5800014736
537.3000000000 2.5795544258
537.4000000000 2.5800650807
537.5000000000 2.5794907734
537.6000000000 2.5777631273
537.7000000000 2.5782622927
537.8000000000 2.5782842729
537.9000000000 2.5794888441
538.0000000000 2.5795627989
538.1000000000 2.5751001289
538.2000000000 2.5749648157
538.3000000000 2.5741579519
538.4000000000 2.5739950989
538.5000000000 2.5765603151
538.6000000000 2.5752058664
538.7000000000 2.5739569048
538.8000000000 2.5762292172
538.9000000000 2.5747223036
539.0000000000 2.5745272426
539.1000000000 2.5726239699
539.2000000000 2.5736984569
539.3000000000 2.5748777646
539.4000000000 2.5745618422
539.5000000000 2.5727514799
539.6000000000 2.5731072564
539.7000000000 2.5713356395
539.8000000000 2.5707268346
539.9000000000 2.5697407689
540.0000000000 2.5718916324
540.1000000000 2.5700117915
540.2000000000 2.5731070223
540.3000000000 2.5702633183
540.4000000000 2.5698960597
540.5000000000 2.5698542313
540.6000000000 2.5713469161
540.7000000000 2.5702513237
540.8000000000 2.5696841442
540.9000000000 2.5704499368
541.0000000000 2.5718851287
541.1000000000 2.5711315600
541.2000000000 2.5752248368
541.3000000000 2.5747520586
541.4000000000 2.5723304062
541.5000000000 2.5723905848
541.6000000000 2.5735862271
541.7000000000 2.5751369838
541.8000000000 2.5728598414
541.9000000000 2.5713277476
542.0000000000 2.5710734076
542.1000000000 2.5691038609
542.2000000000 2.5683400598
542.3000000000 2.5706446512
542.4000000000 2.5699326380
542.5000000000 2.5696769037
542.6000000000 2.5700845493
542.7000000000 2.5685356395
542.8000000000 2.5686618319
542.9000000000 2.5684515938
543.0000000000 2.5705725553
543.1000000000 2.5696983703
543.2000000000 2.5674103780
543.3000000000 2.5679884988
543.4000000000 2.5677654925
543.5000000000 2.5658445442
543.6000000000 2.5638805336
543.7000000000 2.5658984329
543.8000000000 2.5678441145
543.9000000000 2.5688667589
544.0000000000 2.5672202555
544.1000000000 2.5675838444
544.2000000000 2.5687060911
544.3000000000 2.5683663175
544.4000000000 2.5690815278
544.5000000000 2.5696722398
544.6000000000 2.5701703471
544.7000000000 2.5699028825
544.8000000000 2.5689942487
544.9000000000 2.5696217411
545.0000000000 2.5670239435
545.1000000000 2.5654265175
545.2000000000 2.5661939475
545.3000000000 2.5681372638
545.4000000000 2.5674667800
545.5000000000 2.5664839640
545.6000000000 2.5630467161
545.7000000000 2.5602754187
545.8000000000 2.5613239662
545.9000000000 2.5601982898
546.0000000000 2.5580266881
546.1000000000 2.5588116702
546.2000000000 2.5580552171
546.3000000000 2.5580577372
546.4000000000 2.5593452935
546.5000000000 2.5603059217
546.6000000000 2.5617785630
546.7000000000 2.5579077127
546.8000000000 2.5572944196
546.9000000000 2.5580390586
547.0000000000 2.5585157563
547.1000000000 2.5628362416
547.2000000000 2.5609047824
547.3000000000 2.5630321174
547.4000000000 2.5654461732
547.5000000000 2.5657926723
547.6000000000 2.5642331446
547.7000000000 2.5653325814
547.8000000000 2.5654318558
547.9000000000 2.5649953880
548.0000000000 2.5661075037
548.1000000000 2.5630061963
548.2000000000 2.5642159821
548.3000000000 2.5642006181
548.4000000000 2.5649074102
548.5000000000 2.5659274596
548.6000000000 2.5679532605
548.7000000000 2.5662730741
548.8000000000 2.5641809214
548.9000000000 2.5649753878
549.0000000000 2.5657436904
549.1000000000 2.5630868966
549.2000000000 2.5614343934
549.3000000000 2.5641273879
549.4000000000 2.5657897769
549.5000000000 2.5680245348
549.6000000000 2.5686379261
549.7000000000 2.5679934617
549.8000000000 2.5702121846
549.9000000000 2.5707442250
550.0000000000 2.5702312785
550.1000000000 2.5721526512
550.2000000000 2.5720525991
550.3000000000 2.5725107436
550.4000000000 2.5719160977
550.5000000000 2.5739080253
550.6000000000 2.5707731857
550.7000000000 2.5730027560
550.8000000000 2.5708141014
550.9000000000 2.5707058039
551.0000000000 2.5688149767
551.1000000000 2.5689164134
551.2000000000 2.5702760191
551.3000000000 2.5688508899
551.4000000000 2.5685364717
551.5000000000 2.5721196861
551.6000000000 2.5710403902
551.7000000000 2.5692134243
551.8000000000 2.5714357073
551.9000000000 2.5703537050
552.0000000000 2.5701130027
552.1000000000 2.5704744293
552.2000000000 2.5734515921
552.3000000000 2.5722909931
552.4000000000 2.5690061180
552.5000000000 2.5729721778
552.6000000000 2.5708746511
552.7000000000 2.5691479913
552.8000000000 2.5720161811
552.9000000000 2.5726370620
553.0000000000 2.5734155100
553.1000000000 2.5741099500
553.2000000000 2.5758210076
553.3000000000 2.5718215286
553.4000000000 2.5676219240
553.5000000000 2.5697950653
553.6000000000 2.5696213111
553.7000000000 2.5687005167
553.8000000000 2.5710596367
553.9000000000 2.5699452311
554.0000000000 2.5700130628
554.1000000000 2.5684568069
554.2000000000 2.5689950413
554.3000000000 2.5667180875
554.4000000000 2.5661740183
554.5000000000 2.5683407188
554.6000000000 2.5701172267
554.7000000000 2.5681109869
554.8000000000 2.5678082903
554.9000000000 2.5684125811
555.0000000000 2.5681578155
555.1000000000 2.5684514726
555.2000000000 2.5692081573
555.3000000000 2.5705505147
555.4000000000 2.5696832336
555.5000000000 2.5722806126
555.6000000000 2.5698476184
555.7000000000 2.5727226363
555.8000000000 2.5726683733
555.9000000000 2.5742889326
556.0000000000 2.5737657724
556.1000000000 2.5735814630
556.2000000000 2.5730058904
556.3000000000 2.5754899072
556.4000000000 2.5749360716
556.5000000000 2.5737116537
556.6000000000 2.5745465933
556.7000000000 2.5756464026
556.8000000000 2.5771430085
556.9000000000 2.5783334907
557.0000000000 2.5774431541
557.1000000000 2.5769946318
557.2000000000 2.5773858393
557.3000000000 2.5781604952
557.4000000000 2.5793433339
557.5000000000 2.5764017394
557.6000000000 2.5785415838
557.7000000000 2.5797064358
557.8000000000 2.5804570548
557.9000000000 2.5794001264
558.0000000000 2.5775287927
558.1000000000 2.5741501678
558.2000000000 2.5722852121
558.3000000000 2.5703536781
558.4000000000 2.5703568625
558.5000000000 2.5673469084
558.6000000000 2.5685768679
558.7000000000 2.5694255359
558.8000000000 2.5695672162
558.9000000000 2.5665204396
559.0000000000 2.5647934389
559.1000000000 2.5647979115
559.2000000000 2.5651191418
559.3000000000 2.5631055312
559.4000000000 2.5642156625
559.5000000000 2.5643984968
559.6000000000 2.5626189786
559.7000000000 2.5634242036
559.8000000000 2.5641207618
559.9000000000 2.5668265337
560.0000000000 2.5654458194
560.1000000000 2.5646821172
560.2000000000 2.5658864456
560.3000000000 2.5661306537
560.4000000000 2.5672668346
560.5000000000 2.5684193365
560.6000000000 2.5691647524
560.7000000000 2.5670901872
560.8000000000 2.5699842402
560.9000000000 2.5703483001
561.0000000000 2.5649047488
561.1000000000 2.5644585635
561.2000000000 2.5658059718
561.3000000000 2.5659930665
561.4000000000 2.5679873955
561.5000000000 2.5652903060
561.6000000000 2.5660955220
561.7000000000 2.5605345043
561.8000000000 2.5630949040
561.9000000000 2.5648780922
562.0000000000 2.5647452057
562.1000000000 2.5632711019
562.2000000000 2.5636515458
562.3000000000 2.5636046057
562.4000000000 2.5637592642
562.5000000000 2.5598249226
562.6000000000 2.5603355297
562.7000000000 2.5610001244
562.8000000000 2.5607556008
562.9000000000 2.5607809689
563.0000000000 2.5594676942
563.1000000000 2.5634181400
563.2000000000 2.5626083721
563.3000000000 2.5630577096
563.4000000000 2.5616138930
563.5000000000 2.5633125905
563.6000000000 2.5640759369
563.7000000000 2.5637789513
563.8000000000 2.5607110353
563.9000000000 2.5626921954
564.0000000000 2.5628056548
564.1000000000 2.5608699746
564.2000000000 2.5634209162
564.3000000000 2.5627706034
564.4000000000 2.5659219719
564.5000000000 2.5648204638
564.6000000000 2.5671020573
564.7000000000 2.5643383298
564.8000000000 2.5669336168
564.9000000000 2.5669145367
565.0000000000 2.5682535856
565.1000000000 2.5676523768
565.2000000000 2.5688031088
565.3000000000 2.5675541149
565.4000000000 2.5683329565
565.5000000000 2.5652646388
565.6000000000 2.5669134919
565.7000000000 2.5691186724
565.8000000000 2.5688992781
565.9000000000 2.5667645113
566.0000000000 2.5661621786
566.1000000000 2.5645069765
566.2000000000 2.5651785877
566.3000000000 2.5651197129
566.4000000000 2.5630947111
566.5000000000 2.5602298030
566.6000000000 2.5591791797
566.7000000000 2.5602659976
566.8000000000 2.5602716528
566.9000000000 2.5619244610
567.0000000000 2.5644751682
567.1000000000 2.5629842797
567.2000000000 2.5633043830
567.3000000000 2.5622313880
567.4000000000 2.5607907674
567.5000000000 2.5590163863
567.6000000000 2.5587238402
567.7000000000 2.5612195549
567.8000000000 2.5609356149
567.9000000000 2.5613457133
568.0000000000 2.5580931451
568.1000000000 2.5613456491
568.2000000000 2.5595743657
568.3000000000 2.5584317050
568.4000000000 2.5578707328
568.5000000000 2.5561425341
568.6000000000 2.5570306278
568.7000000000 2.5577856479
568.8000000000 2.5571657973
568.9000000000 2.5581150979
569.0000000000 2.5604510154
569.1000000000 2.5607209823
569.2000000000 2.5578106822
569.3000000000 2.5600876197
569.4000000000 2.5568641489
569.5000000000 2.5564394819
569.6000000000 2.5565816723
569.7000000000 2.5535410377
569.8000000000 2.5551081642
569.9000000000 2.5547248145
570.0000000000 2.5532525975
570.1000000000 2.5541914375
570.2000000000 2.5526801581
570.3000000000 2.5519214427
570.4000000000 2.5501015892
570.5000000000 2.5520617490
570.6000000000 2.5491199901
570.7000000000 2.5507584144
570.8000000000 2.5495953261
570.9000000000 2.5492209666
571.0000000000 2.5484793315
571.1000000000 2.5453153219
571.2000000000 2.5440119281
571.3000000000 2.5440516638
571.4000000000 2.5450266933
571.5000000000 2.5452802690
571.6000000000 2.5432707618
571.7000000000 2.5431121525
571.8000000000 2.5454098259
571.9000000000 2.5440799133
572.0000000000 2.5469633441
572.1000000000 2.5483631794
572.2000000000 2.5474730435
572.3000000000 2.5485307523
572.4000000000 2.5470208458
572.5000000000 2.5466078638
572.6000000000 2.5464202224
572.7000000000 2.5451380421
572.8000000000 2.5463433654
572.9000000000 2.5429689477
573.0000000000 2.5424006372
573.1000000000 2.5430368995
573.2000000000 2.5461294592
573.3000000000 2.5420057273
573.4000000000 2.5405340802
573.5000000000 2.5431519595
573.6000000000 2.5431483390
573.7000000000 2.5455580767
573.8000000000 2.5456469073
573.9000000000 2.5487054324
574.0000000000 2.5473584664
574.1000000000 2.5476199701
574.2000000000 2.5469156858
574.3000000000 2.5478390242
574.4000000000 2.5452202155
574.5000000000 2.5422608446
574.6000000000 2.5434974052
574.7000000000 2.5479226102
574.8000000000 2.5469575025
574.9000000000 2.5468567614
575.0000000000 2.5443521299
575.1000000000 2.5415835904
575.2000000000 2.5445733148
575.3000000000 2.5461697645
575.4000000000 2.5432136259
575.5000000000 2.5436057503
575.6000000000 2.5441788221
575.7000000000 2.5462730217
575.8000000000 2.5439185482
575.9000000000 2.5434449618
576.0000000000 2.5431562492
576.1000000000 2.5467052180
576.2000000000 2.5476540545
576.3000000000 2.5498728273
576.4000000000 2.5494162496
576.5000000000 2.5500259418
576.6000000000 2.5486483195
576.7000000000 2.5499146679
576.8000000000 2.5486751591
576.9000000000 2.5490396006
577.0000000000 2.5475413537
577.1000000000 2.5487903209
577.2000000000 2.5488431163
577.3000000000 2.5506312389
577.4000000000 2.5496590792
577.5000000000 2.5502300085
577.6000000000 2.5504231248
577.7000000000 2.5527390833
577.8000000000 2.5500275857
577.9000000000 2.5511073893
578.0000000000 2.5508938105
578.1000000000 2.5517233290
578.2000000000 2.5502245556
578.3000000000 2.5517990938
578.4000000000 2.5506707079
578.5000000000 2.5505880519
578.6000000000 2.5517680133
578.7000000000 2.5534385701
578.8000000000 2.5517389367
578.9000000000 2.5538384337
579.0000000000 2.5562546458
579.1000000000 2.5558547482
579.2000000000 2.5573031016
579.3000000000 2.5560235381
579.4000000000 2.5564142264
579.5000000000 2.5549393233
579.6000000000 2.5567314447
579.7000000000 2.5539467226
579.8000000000 2.5535811241
579.9000000000 2.5525263090
580.0000000000 2.5522532961
580.1000000000 2.5517106891
580.2000000000 2.5541635287
580.3000000000 2.5525108225
580.4000000000 2.5499247687
580.5000000000 2.5520124480
580.6000000000 2.5544217407
580.7000000000 2.5513791423
580.8000000000 2.5556462914
580.9000000000 2.5565869102
581.0000000000 2.5576389059
581.1000000000 2.5602535488
581.2000000000 2.5584077722
581.3000000000 2.5563937041
581.4000000000 2.5582358223
581.5000000000 2.5581721074
581.6000000000 2.5598170890
581.7000000000 2.5609025704
581.8000000000 2.5595156795
581.9000000000 2.5592083856
582.0000000000 2.5582242290
582.1000000000 2.5584765072
582.2000000000 2.5597981265
582.3000000000 2.5574362051
582.4000000000 2.5599318436
582.5000000000 2.5578112415
582.6000000000 2.5574845868
582.7000000000 2.5562089442
582.8000000000 2.5579181966
582.9000000000 2.5585325061
583.0000000000 2.5557566720
583.1000000000 2.5581840663
583.2000000000 2.5593777531
583.3000000000 2.5604157969
583.4000000000 2.5578783666
583.5000000000 2.5594512431
583.6000000000 2.5604785747
583.7000000000 2.5630724357
583.8000000000 2.5637272291
583.9000000000 2.5651900919
584.0000000000 2.5621723977
584.1000000000 2.5621895945
584.2000000000 2.5602347325
584.3000000000 2.5584523890
584.4000000000 2.5600484702
584.5000000000 2.5605186355
584.6000000000 2.5613130568
584.7000000000 2.5591252144
584.8000000000 2.5595780609
584.9000000000 2.5601360609
585.0000000000 2.5574769873
585.1000000000 2.5556835891
585.2000000000 2.5543371492
585.3000000000 2.5563425861
585.4000000000 2.5567358672
585.5000000000 2.5574417375
585.6000000000 2.5565823019
585.7000000000 2.5534408306
585.8000000000 2.5552221460
585.9000000000 2.5537401426
586.0000000000 2.5558300318
586.1000000000 2.5544773188
586.2000000000 2.5537654635
586.3000000000 2.5555108486
586.4000000000 2.5546130698
586.5000000000 2.5561044361
586.6000000000 2.5550719737
586.7000000000 2.5540396912
586.8000000000 2.5540166540
586.9000000000 2.5566492112
587.0000000000 2.5583661712
587.1000000000 2.5548161373
587.2000000000 2.5569250358
587.3000000000 2.5560124134
587.4000000000 2.5571589808
587.5000000000 2.5559527354
587.6000000000 2.5568078375
587.7000000000 2.5591221738
587.8000000000 2.5573431466
587.9000000000 2.5523792494
588.0000000000 2.5512854494
588.1000000000 2.5508432168
588.2000000000 2.5499565943
588.3000000000 2.5514713532
588.4000000000 2.5524972841
588.5000000000 2.5540441102
588.6000000000 2.5514050864
588.7000000000 2.5511155421
588.8000000000 2.5507491738
588.9000000000 2.5512836915
589.0000000000 2.5543838226
589.1000000000 2.5590150522
589.2000000000 2.5582158150
589.3000000000 2.5568881080
589.4000000000 2.5589540792
589.5000000000 2.5571920480
589.6000000000 2.5580358159
589.7000000000 2.5559362588
589.8000000000 2.5536108407
589.9000000000 2.5541851566
590.0000000000 2.5542661559
590.1000000000 2.5543448422
590.2000000000 2.5544790607
590.3000000000 2.5564678222
590.4000000000 2.5569393201
590.5000000000 2.5597450953
590.6000000000 2.5586653679
590.7000000000 2.5600664325
590.8000000000 2.5588632051
590.9000000000 2.5579157403
591.0000000000 2.5552829534
591.1000000000 2.5558489469
591.2000000000 2.5555237054
591.3000000000 2.5548732849
591.4000000000 2.5531325878
591.5000000000 2.5528088019
591.6000000000 2.5558539009
591.7000000000 2.5552810393
591.8000000000 2.5547861201
591.9000000000 2.5557472660
592.0000000000 2.5547568229
592.1000000000 2.5542868733
592.2000000000 2.5523537608
592.3000000000 2.5532861723
592.4000000000 2.5540195608
592.5000000000 2.5529178304
592.6000000000 2.5537084253
592.7000000000 2.5540374379
592.8000000000 2.5542290065
592.9000000000 2.5572560288
593.0000000000 2.5587275098
593.1000000000 2.5566034536
593.2000000000 2.5555468082
593.3000000000 2.5568606963
593.4000000000 2.5570864787
593.5000000000 2.5560896650
593.6000000000 2.5534542502
593.7000000000 2.5551076318
593.8000000000 2.5535797927
593.9000000000 2.5531931168
594.0000000000 2.5528386096
594.1000000000 2.5538000810
594.2000000000 2.5544703955
594.3000000000 2.5540971816
594.4000000000 2.5507258042
594.5000000000 2.5546520193
594.6000000000 2.5553760767
594.7000000000 2.5546397132
594.8000000000 2.5585050762
594.9000000000 2.5574666144
595.0000000000 2.5597961081
595.1000000000 2.5589372247
595.2000000000 2.5588664568
595.3000000000 2.5608254870
595.4000000000 2.5617759429
595.5000000000 2.5621408956
595.6000000000 2.5621747995
595.7000000000 2.5629218961
595.8000000000 2.5626393769
595.9000000000 2.5602243988
596.0000000000 2.5603337194
596.1000000000 2.5606912548
596.2000000000 2.5608877028
596.3000000000 2.5617070575
596.4000000000 2.5607125277
596.5000000000 2.5604356978
596.6000000000 2.5623666268
596.7000000000 2.5622489676
596.8000000000 2.5636595370
596.9000000000 2.5658583526
597.0000000000 2.5675324588
597.1000000000 2.5638011334
597.2000000000 2.5630750605
597.3000000000 2.5639377259
597.4000000000 2.5638539064
597.5000000000 2.5618223661
597.6000000000 2.5635247452
597.7000000000 2.5644158342
597.8000000000 2.5642009079
597.9000000000 2.5632312618
598.0000000000 2.5625423236
598.1000000000 2.5625304468
598.2000000000 2.5662406059
598.3000000000 2.5661811264
598.4000000000 2.5655297363
598.5000000000 2.5640092481
598.6000000000 2.5633202168
598.7000000000 2.5633019343
598.8000000000 2.5634885630
598.9000000000 2.5632970757
599.0000000000 2.5612069122
599.1000000000 2.5646379896
599.2000000000 2.5671702321
599.3000000000 2.5662191729
599.4000000000 2.5642164757
599.5000000000 2.5657782846
599.6000000000 2.5656883480
599.7000000000 2.5664421973
599.8000000000 2.5639744704
599.9000000000 2.5655844506
600.0000000000 2.5659825677
600.1000000000 2.5643564439
600.2000000000 2.5684054925
600.3000000000 2.5685885875
600.4000000000 2.5685860856
600.5000000000 2.5681724601
600.6000000000 2.5667958952
600.7000000000 2.5669487924
600.8000000000 2.5671019906
600.9000000000 2.5700929106
601.0000000000 2.5717225317
601.1000000000 2.5749323660
601.2000000000 2.5754135060
601.3000000000 2.5765443672
601.4000000000 2.5779136613
601.5000000000 2.5806762776
601.6000000000 2.5780038461
601.7000000000 2.5777174633
601.8000000000 2.5777926518
601.9000000000 2.5762770207
602.0000000000 2.5739465632
602.1000000000 2.5746549564
602.2000000000 2.5715746642
602.3000000000 2.5723639327
602.4000000000 2.5749359957
602.5000000000 2.5723833219
602.6000000000 2.5729362935
602.7000000000 2.5725315626
602.8000000000 2.5718107189
602.9000000000 2.5734566186
603.0000000000 2.5734613099
603.1000000000 2.5709467985
603.2000000000 2.5738919115
603.3000000000 2.5711133276
603.4000000000 2.5704211528
603.5000000000 2.5704879098
603.6000000000 2.5690557618
603.7000000000 2.5698091409
603.8000000000 2.5692832732
603.9000000000 2.5696951599
604.0000000000 2.5672573348
604.1000000000 2.5703313552
604.2000000000 2.5718583539
604.3000000000 2.5703530286
604.4000000000 2.5722294916
604.5000000000 2.5735715125
604.6000000000 2.5724647072
604.7000000000 2.5751746417
604.8000000000 2.5739859166
604.9000000000 2.5742765005
605.0000000000 2.5734621447
605.1000000000 2.5708641911
605.2000000000 2.5701802372
605.3000000000 2.5678731522
605.4000000000 2.5685106827
605.5000000000 2.5677951426
605.6000000000 2.5688929342
605.7000000000 2.5690471992
605.8000000000 2.5697446814
605.9000000000 2.5683748549
606.0000000000 2.5658826731
606.1000000000 2.5669442624
606.2000000000 2.5664445971
606.3000000000 2.5661463419
606.4000000000 2.5658211621
606.5000000000 2.5679552266
606.6000000000 2.5683231094
606.7000000000 2.5672542191
606.8000000000 2.5656815031
606.9000000000 2.5668559142
607.0000000000 2.5662562983
607.1000000000 2.5650545530
607.2000000000 2.5660278241
607.3000000000 2.5659314139
607.4000000000 2.5647257465
607.5000000000 2.5629682177
607.6000000000 2.5629635101
607.7000000000 2.5662234798
607.8000000000 2.5644323827
607.9000000000 2.5651857051
608.0000000000 2.5613340047
608.1000000000 2.5622894788
608.2000000000 2.5628434614
608.3000000000 2.5609897840
608.4000000000 2.5626178734
608.5000000000 2.5628106952
608.6000000000 2.5655264788
608.7000000000 2.5655567691
608.8000000000 2.5668877253
608.9000000000 2.5671505231
609.0000000000 2.5656096560
609.1000000000 2.5647664942
609.2000000000 2.5640556932
609.3000000000 2.5629223420
609.4000000000 2.5639423709
609.5000000000 2.5638585735
609.6000000000 2.5660468276
609.7000000000 2.5678336100
609.8000000000 2.5661994292
609.9000000000 2.5655488278
610.0000000000 2.5642523286
610.1000000000 2.5653285548
610.2000000000 2.5661583273
610.3000000000 2.5660800507
610.4000000000 2.5656555800
610.5000000000 2.5644397187
610.6000000000 2.5657507144
610.7000000000 2.5650252484
610.8000000000 2.5656521979
610.9000000000 2.5661825694
611.0000000000 2.5695231028
611.1000000000 2.5688839577
611.2000000000 2.5675062156
611.3000000000 2.5709879160
611.4000000000 2.5709965326
611.5000000000 2.5700551763
611.6000000000 2.5694353220
611.7000000000 2.5688654947
611.8000000000 2.5712450810
611.9000000000 2.5708524205
612.0000000000 2.5701123572
612.1000000000 2.5717967653
612.2000000000 2.5723474337
612.3000000000 2.5726921929
612.4000000000 2.5742633400
612.5000000000 2.5744280296
612.6000000000 2.5732829142
612.7000000000 2.5737703957
612.8000000000 2.5739260945
612.9000000000 2.5708943921
613.0000000000 2.5703924890
613.1000000000 2.5708320701
613.2000000000 2.5711303696
613.3000000000 2.5730479008
613.4000000000 2.5717650773
613.5000000000 2.5714219140
613.6000000000 2.5723790777
613.7000000000 2.5696795537
613.8000000000 2.5695199449
613.9000000000 2.5690294060
614.0000000000 2.5710552916
614.1000000000 2.5713623524
614.2000000000 2.5691673330
614.3000000000 2.5709522486
614.4000000000 2.5705634583
614.5000000000 2.5710276291
614.6000000000 2.5689801401
614.7000000000 2.5724018287
614.8000000000 2.5698147640
614.9000000000 2.5709657665
615.0000000000 2.5723751807
615.1000000000 2.5718047299
615.2000000000 2.5730396070
615.3000000000 2.5733165525
615.4000000000 2.5722157298
615.5000000000 2.5738734509
615.6000000000 2.5726323617
615.7000000000 2.5722856322
615.8000000000 2.5680984646
615.9000000000 2.5650997700
616.0000000000 2.5640479883
616.1000000000 2.5641669015
616.2000000000 2.5637811041
616.3000000000 2.5644920056
616.4000000000 2.5640767218
616.5000000000 2.5625321970
616.6000000000 2.5638679493
616.7000000000 2.5629957024
616.8000000000 2.5649507534
616.9000000000 2.5666314913
617.0000000000 2.5661819899
617.1000000000 2.5661251612
617.2000000000 2.5649604963
617.3000000000 2.5646125043
617.4000000000 2.5652097864
617.5000000000 2.5650299948
617.6000000000 2.5650743225
617.7000000000 2.5658360731
617.8000000000 2.5653565155
617.9000000000 2.5655587531
618.0000000000 2.5648134555
618.1000000000 2.5637309035
618.2000000000 2.5647439197
618.3000000000 2.5631480114
618.4000000000 2.5654613722
618.5000000000 2.5604895981
618.6000000000 2.5629567700
618.7000000000 2.5624490558
618.8000000000 2.5622551223
618.9000000000 2.5633888152
619.0000000000 2.5627432944
619.1000000000 2.5648943181
619.2000000000 2.5615017882
619.3000000000 2.5628012601
619.4000000000 2.5633493362
619.5000000000 2.5645854539
619.6000000000 2.5649126202
619.7000000000 2.5642581183
619.8000000000 2.5665101911
619.9000000000 2.5655871707
620.0000000000 2.5653050516
620.1000000000 2.5619627292
620.2000000000 2.5621425226
620.3000000000 2.5604709237
620.4000000000 2.5602585942
620.5000000000 2.5610724690
620.6000000000 2.5612791426
620.7000000000 2.5622972528
620.8000000000 2.5625984005
620.9000000000 2.5628493091
621.0000000000 2.5584736546
621.1000000000 2.5558322589
621.2000000000 2.5546109236
621.3000000000 2.5566085157
621.4000000000 2.5552981160
621.5000000000 2.5569124297
621.6000000000 2.5538431792
621.7000000000 2.5555239547
621.8000000000 2.5573069004
621.9000000000 2.5569174474
622.0000000000 2.5587522594
622.1000000000 2.5575518976
622.2000000000 2.5571320042
622.3000000000 2.5575286284
622.4000000000 2.5587203460
622.5000000000 2.5575048783
622.6000000000 2.5573928529
622.7000000000 2.5544850766
622.8000000000 2.5573858216
622.9000000000 2.5557493193
623.0000000000 2.5580505530
623.1000000000 2.5568292272
623.2000000000 2.5569187134
623.3000000000 2.5567891517
623.4000000000 2.5547859680
623.5000000000 2.5554739004
623.6000000000 2.5544537270
623.7000000000 2.5538056778
623.8000000000 2.5539196672
623.9000000000 2.5553151315
624.0000000000 2.5536003774
624.1000000000 2.5536544590
624.2000000000 2.5544021847
624.3000000000 2.5549561279
624.4000000000 2.5522034854
624.5000000000 2.5521386011
624.6000000000 2.5540057612
624.7000000000 2.5545116566
624.8000000000 2.5548099228
624.9000000000 2.5569092635
625.0000000000 2.5566382731
625.1000000000 2.5567385358
625.2000000000 2.5559504199
625.3000000000 2.5561967694
625.4000000000 2.5572325838
625.5000000000 2.5539929192
625.6000000000 2.5564598234
625.7000000000 2.5585279488
625.8000000000 2.5570675929
625.9000000000 2.5586607071
626.0000000000 2.5576162505
626.1000000000 2.5573213969
626.2000000000 2.5569560454
626.3000000000 2.5596053577
626.4000000000 2.5607924373
626.5000000000 2.5604778554
626.6000000000 2.5608994509
626.7000000000 2.5608494948
626.8000000000 2.5612228680
626.9000000000 2.5626789000
627.0000000000 2.5605200581
627.1000000000 2.5627212692
627.2000000000 2.5600082818
627.3000000000 2.5598256486
627.4000000000 2.5593147391
627.5000000000 2.5597789994
627.6000000000 2.5607582977
627.7000000000 2.5576068001
627.8000000000 2.5588030892
627.9000000000 2.5603888846
628.0000000000 2.5598181894
628.1000000000 2.5617277716
628.2000000000 2.5620594609
628.3000000000 2.5601025823
628.4000000000 2.5617007479
628.5000000000 2.5634403348
628.6000000000 2.5628171090
628.7000000000 2.5620782606
628.8000000000 2.5616753870
628.9000000000 2.5601355113
629.0000000000 2.5577065203
629.1000000000 2.5569861570
629.2000000000 2.5570307589
629.3000000000 2.5567035577
629.4000000000 2.5556330804
629.5000000000 2.5556117778
629.6000000000 2.5560187447
629.7000000000 2.5539767150
629.8000000000 2.5547410502
629.9000000000 2.5541742770
630.0000000000 2.5541526584
630.1000000000 2.5544476533
630.2000000000 2.5547122767
630.3000000000 2.5548855030
630.4000000000 2.5558360577
630.5000000000 2.5532931965
630.6000000000 2.5521038869
630.7000000000 2.5537355094
630.8000000000 2.5512088491
630.9000000000 2.5533630317
631.0000000000 2.5525392424
631.1000000000 2.5507473189
631.2000000000 2.5529260583
631.3000000000 2.5525183332
631.4000000000 2.5512811056
631.5000000000 2.5514393735
631.6000000000 2.5527510819
631.7000000000 2.5516311961
631.8000000000 2.5503417913
631.9000000000 2.5536684417
632.0000000000 2.5526813476
632.1000000000 2.5562541351
632.2000000000 2.5529990485
632.3000000000 2.5557792328
632.4000000000 2.5568303047
632.5000000000 2.5564940098
632.6000000000 2.5561241833
632.7000000000 2.5567612504
632.8000000000 2.5574507408
632.9000000000 2.5571351184
633.0000000000 2.5572541245
633.1000000000 2.5567501319
633.2000000000 2.5582403290
633.3000000000 2.5584816948
633.4000000000 2.5604119031
633.5000000000 2.5614272754
633.6000000000 2.5617597129
633.7000000000 2.5619279026
633.8000000000 2.5653478633
633.9000000000 2.5660458365
634.0000000000 2.5658462835
634.1000000000 2.5647762677
634.2000000000 2.5635003184
634.3000000000 2.5650338778
634.4000000000 2.5656434088
634.5000000000 2.5653324238
634.6000000000 2.5653772858
634.7000000000 2.5647304290
634.8000000000 2.5659107020
634.9000000000 2.5661755323
635.0000000000 2.5674744177
635.1000000000 2.5697425247
635.2000000000 2.5701184604
635.3000000000 2.5699954580
635.4000000000 2.5713495575
635.5000000000 2.5703258795
635.6000000000 2.5710887915
635.7000000000 2.5697876381
635.8000000000 2.5671781658
635.9000000000 2.5694751602
636.0000000000 2.5680829700
636.1000000000 2.5674261008
636.2000000000 2.5637656614
636.3000000000 2.5645193284
636.4000000000 2.5622100010
636.5000000000 2.5615980092
636.6000000000 2.5634975703
636.7000000000 2.5644856339
636.8000000000 2.5642659553
636.9000000000 2.5630656476
637.0000000000 2.5598412103
637.1000000000 2.5596967910
637.2000000000 2.5581614500
637.3000000000 2.5561726733
637.4000000000 2.5586377855
637.5000000000 2.5590497335
637.6000000000 2.5601286509
637.7000000000 2.5590596397
637.8000000000 2.5610560126
637.9000000000 2.5613277672
638.0000000000 2.5613880992
638.1000000000 2.5632356087
638.2000000000 2.5649961719
638.3000000000 2.5640377097
638.4000000000 2.5612359286
638.5000000000 2.5615715737
638.6000000000 2.5635967557
638.7000000000 2.5611912512
638.8000000000 2.5623125001
638.9000000000 2.5614982672
639.0000000000 2.5606493464
639.1000000000 2.5591461410
639.2000000000 2.5587241406
639.3000000000 2.5610371860
639.4000000000 2.5583495187
639.5000000000 2.5582220476
639.6000000000 2.5582813385
639.7000000000 2.5592000460
639.8000000000 2.5593388594
639.9000000000 2.5586590266
640.0000000000 2.5604539508
640.1000000000 2.5583369338
640.2000000000 2.5587931723
640.3000000000 2.5601749630
640.4000000000 2.5572883086
640.5000000000 2.5570261388
640.6000000000 2.5556791129
640.7000000000 2.5548620597
640.8000000000 2.5523123189
640.9000000000 2.5516738952
641.0000000000 2.5517252162
641.1000000000 2.5529869955
641.2000000000 2.5555281749
641.3000000000 2.5557074256
641.4000000000 2.5552316683
641.5000000000 2.5530444442
641.6000000000 2.5538252679
641.7000000000 2.5542651094
641.8000000000 2.5535640381
641.9000000000 2.5537233101
642.0000000000 2.5524317759
642.1000000000 2.5526751765
642.2000000000 2.5519884319
642.3000000000 2.5536466521
642.4000000000 2.5531283997
642.5000000000 2.5511329700
642.6000000000 2.5538773012
642.7000000000 2.5533010212
642.8000000000 2.5505397743
642.9000000000 2.5519571868
643.0000000000 2.5513382188
643.1000000000 2.5483530638
643.2000000000 2.5499322093
643.3000000000 2.5516364656
643.4000000000 2.5513957774
643.5000000000 2.5526855879
643.6000000000 2.5520416812
643.7000000000 2.5520034467
643.8000000000 2.5494034816
643.9000000000 2.5497900656
644.0000000000 2.5506634119
644.1000000000 2.5508213029
644.2000000000 2.5497166497
644.3000000000 2.5473562668
644.4000000000 2.5492981434
644.5000000000 2.5479664825
644.6000000000 2.5475147071
644.7000000000 2.5455615384
644.8000000000 2.5463711502
644.9000000000 2.5466900355
645.0000000000 2.5469608617
645.1000000000 2.5480707765
645.2000000000 2.5472811072
645.3000000000 2.5466724799
645.4000000000 2.5480965388
645.5000000000 2.5457875615
645.6000000000 2.5477341769
645.7000000000 2.5486146851
645.8000000000 2.5499727738
645.9000000000 2.5485713173
646.0000000000 2.5504804965
646.1000000000 2.5522798447
646.2000000000 2.5493114244
646.3000000000 2.5504563599
646.4000000000 2.5527561330
646.5000000000 2.5507594247
646.6000000000 2.5520016961
646.7000000000 2.5522159624
646.8000000000 2.5527022517
646.9000000000 2.5518594338
647.0000000000 2.5542597083
647.1000000000 2.5510810463
647.2000000000 2.5517267677
647.3000000000 2.5486676731
647.4000000000 2.5512513998
647.5000000000 2.5491982711
647.6000000000 2.5503769096
647.7000000000 2.5527692290
647.8000000000 2.5522772647
647.9000000000 2.5523950819
648.0000000000 2.5534954645
648.1000000000 2.5520918243
648.2000000000 2.5519832158
648.3000000000 2.5535616631
648.4000000000 2.5564152213
648.5000000000 2.5574685680
648.6000000000 2.5597043160
648.7000000000 2.5542241604
648.8000000000 2.5551218181
648.9000000000 2.5573009465
649.0000000000 2.5566090947
649.1000000000 2.5590043776
649.2000000000 2.5578625905
649.3000000000 2.5597467575
649.4000000000 2.5588519588
649.5000000000 2.5605180844
649.6000000000 2.5609529392
649.7000000000 2.5593697689
649.8000000000 2.5580136718
649.9000000000 2.5588395336
650.0000000000 2.5573450389
650.1000000000 2.5596592593
650.2000000000 2.5584788615
650.3000000000 2.5581828629
650.4000000000 2.5600324492
650.5000000000 2.5617127011
650.6000000000 2.5591493613
650.7000000000 2.5577596869
650.8000000000 2.5583750403
650.9000000000 2.5562015960
651.0000000000 2.5587756747
651.1000000000 2.5601648799
651.2000000000 2.5573235330
651.3000000000 2.5562784098
651.4000000000 2.5568322623
651.5000000000 2.5572740419
651.6000000000 2.5589059293
651.7000000000 2.5589827153
651.8000000000 2.5574006097
651.9000000000 2.5580732597
652.0000000000 2.5599185302
652.1000000000 2.5579890629
652.2000000000 2.5579482223
652.3000000000 2.5578432478
652.4000000000 2.5585535329
652.5000000000 2.5599319365
652.6000000000 2.5566872583
652.7000000000 2.5577021213
652.8000000000 2.5553702859
652.9000000000 2.5575692740
653.0000000000 2.5576006337
653.1000000000 2.5575818862
653.2000000000 2.5583819302
653.3000000000 2.5562878554
653.4000000000 2.5536801576
653.5000000000 2.5544457677
653.6000000000 2.5546727376
653.7000000000 2.5534943468
653.8000000000 2.5531766349
653.9000000000 2.5521297884
654.0000000000 2.5524271521
654.1000000000 2.5524524867
654.2000000000 2.5553383129
654.3000000000 2.5552006836
654.4000000000 2.5533483146
654.5000000000 2.5523519817
654.6000000000 2.5497924371
654.7000000000 2.5485817530
654.8000000000 2.5490327898
654.9000000000 2.5499293554
655.0000000000 2.5506228019
655.1000000000 2.5529057997
655.2000000000 2.5499600352
655.3000000000 2.5525724659
655.4000000000 2.5536369750
655.5000000000 2.5524018328
655.6000000000 2.5539595537
655.7000000000 2.5532928988
655.8000000000 2.5545423261
655.9000000000 2.5550254368
656.0000000000 2.5560293342
656.1000000000 2.5557164985
656.2000000000 2.5553509374
656.3000000000 2.5551259368
656.4000000000 2.5516596119
656.5000000000 2.5541962301
656.6000000000 2.5513279399
656.7000000000 2.5509940088
656.8000000000 2.5492081003
656.9000000000 2.5494712416
657.0000000000 2.5494167464
657.1000000000 2.5486040662
657.2000000000 2.5511269832
657.3000000000 2.5521096329
657.4000000000 2.5502082358
657.5000000000 2.5510822892
657.6000000000 2.5526676423
657.7000000000 2.5524974903
657.8000000000 2.5483906278
657.9000000000 2.5493047157
658.0000000000 2.5480321995
658.1000000000 2.5474066257
658.2000000000 2.5463475372
658.3000000000 2.5480158109
658.4000000000 2.5471570980
658.5000000000 2.5473734901
658.6000000000 2.5473882562
658.7000000000 2.5453027518
658.8000000000 2.5419060361
658.9000000000 2.5431715691
659.0000000000 2.5424231056
659.1000000000 2.5418950057
659.2000000000 2.5453587502
659.3000000000 2.5445826276
659.4000000000 2.5437975898
659.5000000000 2.5427004943
659.6000000000 2.5460229650
659.7000000000 2.5439968650
659.8000000000 2.5442895454
659.9000000000 2.5421871098
660.0000000000 2.5427180252
660.1000000000 2.5438174165
660.2000000000 2.5440110736
660.3000000000 2.5410268646
660.4000000000 2.5428700485
660.5000000000 2.5429348179
660.6000000000 2.5433796547
660.7000000000 2.5439480407
660.8000000000 2.5468538791
660.9000000000 2.5485129144
661.0000000000 2.5479377486
661.1000000000 2.5460787408
661.2000000000 2.5469905942
661.3000000000 2.5484707773
661.4000000000 2.5492536924
661.5000000000 2.5484899090
661.6000000000 2.5469662830
661.7000000000 2.5469872068
661.8000000000 2.5475512278
661.9000000000 2.5476068281
662.0000000000 2.5487943736
662.1000000000 2.5493457816
662.2000000000 2.5493838825
662.3000000000 2.5503239954
662.4000000000 2.5514782563
662.5000000000 2.5515281961
662.6000000000 2.5519195005
662.7000000000 2.5515212946
662.8000000000 2.5533409270
662.9000000000 2.5532718369
663.0000000000 2.5534010236
663.1000000000 2.5514641401
663.2000000000 2.5518958100
663.3000000000 2.5531578312
663.4000000000 2.5532152117
663.5000000000 2.5537944348
663.6000000000 2.5529106695
663.7000000000 2.5540912225
663.8000000000 2.5568512303
663.9000000000 2.5551123798
664.0000000000 2.5532247505
664.1000000000 2.5538025235
664.2000000000 2.5531941328
664.3000000000 2.5520749445
664.4000000000 2.5521206126
664.5000000000 2.5528516892
664.6000000000 2.5526813607
664.7000000000 2.5532653059
664.8000000000 2.5545050960
664.9000000000 2.5511770374
665.0000000000 2.5523035565
665.1000000000 2.5536774426
665.2000000000 2.5544580026
665.3000000000 2.5557603338
665.4000000000 2.5556314242
665.5000000000 2.5539841138
665.6000000000 2.5581919231
665.7000000000 2.5578026720
665.8000000000 2.5575278802
665.9000000000 2.5581322174
666.0000000000 2.5597278005
666.1000000000 2.5600652228
666.2000000000 2.5607901672
666.3000000000 2.5602778811
666.4000000000 2.5612069664
666.5000000000 2.5615431122
666.6000000000 2.5612967197
666.7000000000 2.5612147335
666.8000000000 2.5611057456
666.9000000000 2.5609184491
667.0000000000 2.5608002780
667.1000000000 2.5598526976
667.2000000000 2.5614332591
667.3000000000 2.5610724774
667.4000000000 2.5595104071
667.5000000000 2.5558937645
667.6000000000 2.5556195125
667.7000000000 2.5542728119
667.8000000000 2.5510657200
667.9000000000 2.5556205356
668.0000000000 2.5541191905
668.1000000000 2.5545588944
668.2000000000 2.5567408419
668.3000000000 2.5555460016
668.4000000000 2.5545995407
668.5000000000 2.5550319391
668.6000000000 2.5554153630
668.7000000000 2.5561912951
668.8000000000 2.5550675597
668.9000000000 2.5529523562
669.0000000000 2.5521980552
669.1000000000 2.5520009826
669.2000000000 2.5530886088
669.3000000000 2.5550567595
669.4000000000 2.5529543694
669.5000000000 2.5541763682
669.6000000000 2.5537714456
669.7000000000 2.5520796355
669.8000000000 2.5530583435
669.9000000000 2.5501974010
670.0000000000 2.5524358886
670.1000000000 2.5517868319
670.2000000000 2.5505459344
670.3000000000 2.5481387943
670.4000000000 2.5504144630
670.5000000000 2.5503450983
670.6000000000 2.5516237206
670.7000000000 2.5527172321
670.8000000000 2.5561532200
670.9000000000 2.5531326337
671.0000000000 2.5543792615
671.1000000000 2.5552282651
671.2000000000 2.5544098386
671.3000000000 2.5558636516
671.4000000000 2.5527876620
671.5000000000 2.5518322143
671.6000000000 2.5511332768
671.7000000000 2.5503888612
671.8000000000 2.5486691233
671.9000000000 2.5512222199
672.0000000000 2.5528079113
672.1000000000 2.5527781313
672.2000000000 2.5538015825
672.3000000000 2.5505917239
672.4000000000 2.5499083183
672.5000000000 2.5492265029
672.6000000000 2.5503951951
672.7000000000 2.5509858234
672.8000000000 2.5510955396
672.9000000000 2.5512209856
673.0000000000 2.5517569407
673.1000000000 2.5514552251
673.2000000000 2.5503039251
673.3000000000 2.5517660035
673.4000000000 2.5532074129
673.5000000000 2.5507944994
673.6000000000 2.5498010185
673.7000000000 2.5488864836
673.8000000000 2.5492639317
673.9000000000 2.5472908670
674.0000000000 2.5477350062
674.1000000000 2.5509684221
674.2000000000 2.5501158059
674.3000000000 2.5521027510
674.4000000000 2.5530541386
674.5000000000 2.5538804563
674.6000000000 2.5544045904
674.7000000000 2.5555102796
674.8000000000 2.5555172760
674.9000000000 2.5574682112
675.0000000000 2.5570828587
675.1000000000 2.5555626855
675.2000000000 2.5547236551
675.3000000000 2.5565092803
675.4000000000 2.5567725115
675.5000000000 2.5577444940
675.6000000000 2.5566004997
675.7000000000 2.5575816361
675.8000000000 2.5529469260
675.9000000000 2.5547347193
676.0000000000 2.5563080056
676.1000000000 2.5577183652
676.2000000000 2.5568601968
676.3000000000 2.5553357952
676.4000000000 2.5524140927
676.5000000000 2.5522140741
676.6000000000 2.5525299046
676.7000000000 2.5542826203
676.8000000000 2.5549875896
676.9000000000 2.5539677276
677.0000000000 2.5542298404
677.1000000000 2.5532833335
677.2000000000 2.5543124871
677.3000000000 2.5532633783
677.4000000000 2.5522223369
677.5000000000 2.5515351013
677.6000000000 2.5520588485
677.7000000000 2.5517578469
677.8000000000 2.5503673175
677.9000000000 2.5521466834
678.0000000000 2.5512390756
678.1000000000 2.5493977526
678.2000000000 2.5513228415
678.3000000000 2.5491931346
678.4000000000 2.5497663981
678.5000000000 2.5500143406
678.6000000000 2.5489492280
678.7000000000 2.5491917106
678.8000000000 2.5493824560
678.9000000000 2.5467922464
679.0000000000 2.5485671295
679.1000000000 2.5477627176
679.2000000000 2.5499997064
679.3000000000 2.5495837146
679.4000000000 2.5516154783
679.5000000000 2.5504296378
679.6000000000 2.5483034493
679.7000000000 2.5496577482
679.8000000000 2.5490742454
679.9000000000 2.5479298319
680.0000000000 2.5444453359
680.1000000000 2.5436801637
680.2000000000 2.5422817042
680.3000000000 2.5419790943
680.4000000000 2.5427612027
680.5000000000 2.5407799271
680.6000000000 2.5421567863
680.7000000000 2.5425690546
680.8000000000 2.5421944219
680.9000000000 2.5406719249
681.0000000000 2.5404692486
681.1000000000 2.5390629904
681.2000000000 2.5379237710
681.3000000000 2.5346691164
681.4000000000 2.5365461881
681.5000000000 2.5338031596
681.6000000000 2.5363119060
681.7000000000 2.5356900375
681.8000000000 2.5368557042
681.9000000000 2.5388941155
682.0000000000 2.5403897573
682.1000000000 2.5411309433
682.2000000000 2.5421261991
682.3000000000 2.5447332319
682.4000000000 2.5452352563
682.5000000000 2.5471013847
682.6000000000 2.5439225406
682.7000000000 2.5437771543
682.8000000000 2.5446286411
682.9000000000 2.5434997475
683.0000000000 2.5424407329
683.1000000000 2.5399282190
683.2000000000 2.5387590560
683.3000000000 2.5402007100
683.4000000000 2.5388006695
683.5000000000 2.5367971668
683.6000000000 2.5362957444
683.7000000000 2.5341003249
683.8000000000 2.5356937864
683.9000000000 2.5393274156
684.0000000000 2.5379568494
684.1000000000 2.5385638231
684.2000000000 2.5399927674
684.3000000000 2.5400419154
684.4000000000 2.5387810708
684.5000000000 2.5382321661
684.6000000000 2.5399585501
684.7000000000 2.5411384679
684.8000000000 2.5403860182
684.9000000000 2.5417508401
685.0000000000 2.5414568576
685.1000000000 2.5430459783
685.2000000000 2.5422793262
685.3000000000 2.5418336755
685.4000000000 2.5434370214
685.5000000000 2.5433002109
685.6000000000 2.5423268609
685.7000000000 2.5410765179
685.8000000000 2.5420352558
685.9000000000 2.5434375735
686.0000000000 2.5419250419
686.1000000000 2.5427315197
686.2000000000 2.5421890972
686.3000000000 2.5431372140
686.4000000000 2.5435216363
686.5000000000 2.5429649583
686.6000000000 2.5436786182
686.7000000000 2.5439837798
686.8000000000 2.5399932217
686.9000000000 2.5409360799
687.0000000000 2.5444099174
687.1000000000 2.5442540714
687.2000000000 2.5463965484
687.3000000000 2.5447234927
687.4000000000 2.5469583234
687.5000000000 2.5452457472
687.6000000000 2.5476963977
687.7000000000 2.5499327139
687.8000000000 2.5512057748
687.9000000000 2.5520524544
688.0000000000 2.5509543260
688.1000000000 2.5487763720
688.2000000000 2.5510424575
688.3000000000 2.5515271320
688.4000000000 2.5524718545
688.5000000000 2.5559617434
688.6000000000 2.5571535579
688.7000000000 2.5559541822
688.8000000000 2.5572749090
688.9000000000 2.5571393973
689.0000000000 2.5567089490
689.1000000000 2.5569503831
689.2000000000 2.5565410131
689.3000000000 2.5567049116
689.4000000000 2.5554689276
689.5000000000 2.5563556065
689.6000000000 2.5541483393
689.7000000000 2.5545773902
689.8000000000 2.5553977585
689.9000000000 2.5536575272
690.0000000000 2.5555633811
690.1000000000 2.5557862451
690.2000000000 2.5553088336
690.3000000000 2.5533496512
690.4000000000 2.5537571187
690.5000000000 2.5538161628
690.6000000000 2.5529982779
690.7000000000 2.5536442982
690.8000000000 2.5534573211
690.9000000000 2.5576717549
691.0000000000 2.5621589296
691.1000000000 2.5623733895
691.2000000000 2.5624145893
691.3000000000 2.5634371205
691.4000000000 2.5639379320
691.5000000000 2.5643125002
691.6000000000 2.5640944528
691.7000000000 2.5621290531
691.8000000000 2.5608042239
691.9000000000 2.5577824869
692.0000000000 2.5579089940
692.1000000000 2.5580317704
692.2000000000 2.5578476738
692.3000000000 2.5582670979
692.4000000000 2.5564071066
692.5000000000 2.5577867139
692.6000000000 2.5580421965
692.7000000000 2.5562170958
692.8000000000 2.5538136509
692.9000000000 2.5534968864
693.0000000000 2.5519430972
693.1000000000 2.5522552638
693.2000000000 2.5550498116
693.3000000000 2.5568592119
693.4000000000 2.5581480374
693.5000000000 2.5584015949
693.6000000000 2.5569946667
693.7000000000 2.5564341787
693.8000000000 2.5579743079
693.9000000000 2.5609284519
694.0000000000 2.5588888317
694.1000000000 2.5588916715
694.2000000000 2.5574974071
694.3000000000 2.5569289240
694.4000000000 2.5546953664
694.5000000000 2.5544818864
694.6000000000 2.5537484552
694.7000000000 2.5548383566
694.8000000000 2.5549023662
694.9000000000 2.5559968522
695.0000000000 2.5555979994
695.1000000000 2.5582556555
695.2000000000 2.5576783502
695.3000000000 2.5559284753
695.4000000000 2.5546133705
695.5000000000 2.5564738105
695.6000000000 2.5534089618
695.7000000000 2.5509521414
695.8000000000 2.5502446922
695.9000000000 2.5512460433
696.0000000000 2.5522262773
696.1000000000 2.5527402830
696.2000000000 2.5537192835
696.3000000000 2.5545390963
696.4000000000 2.5553709295
696.5000000000 2.5536197493
696.6000000000 2.5562358329
696.7000000000 2.5587429339
696.8000000000 2.5559859818
696.9000000000 2.5565735007
697.0000000000 2.5568356732
697.1000000000 2.5546129769
697.2000000000 2.5561779635
697.3000000000 2.5585626254
697.4000000000 2.5589462863
697.5000000000 2.5543025313
697.6000000000 2.5569614300
697.7000000000 2.5554468397
697.8000000000 2.5557699902
697.9000000000 2.5567389642
698.0000000000 2.5570632274
698.1000000000 2.5572387581
698.2000000000 2.5581529601
698.3000000000 2.5585595740
698.4000000000 2.5577797271
698.5000000000 2.5566898368
698.6000000000 2.5571924101
698.7000000000 2.5581161015
698.8000000000 2.5578661367
698.9000000000 2.5576807724
699.0000000000 2.5570247435
699.1000000000 2.5569775834
699.2000000000 2.5573300568
699.3000000000 2.5554115320
699.4000000000 2.5578954916
699.5000000000 2.5549985512
699.6000000000 2.5565983860
699.7000000000 2.5557728041
699.8000000000 2.5502874002
699.9000000000 2.5521590752
700.0000000000 2.5524122903
700.1000000000 2.5508020388
700.2000000000 2.5525459411
700.3000000000 2.5523107047
700.4000000000 2.5536476839
700.5000000000 2.5552159744
700.6000000000 2.5559234597
700.7000000000 2.5550135318
700.8000000000 2.5561909278
700.9000000000 2.5549551473
701.0000000000 2.5521499752
701.1000000000 2.5526493783
701.2000000000 2.5488937869
701.3000000000 2.5491817200
701.4000000000 2.5477659182
701.5000000000 2.5462013645
701.6000000000 2.5480023646
701.7000000000 2.5497839892
701.8000000000 2.5502242634
701.9000000000 2.5487311779
702.0000000000 2.5473022723
702.1000000000 2.5501857603
702.2000000000 2.5485085124
702.3000000000 2.5498930369
702.4000000000 2.5507723637
702.5000000000 2.5508057844
702.6000000000 2.5519635367
702.7000000000 2.5498577482
702.8000000000 2.5508695172
702.9000000000 2.5514755334
703.0000000000 2.5516509412
703.1000000000 2.5511584083
703.2000000000 2.5509664276
703.3000000000 2.5511630676
703.4000000000 2.5531671486
703.5000000000 2.5527640571
703.6000000000 2.5517034478
703.7000000000 2.5525884967
703.8000000000 2.5515026362
703.9000000000 2.5540086912
704.0000000000 2.5546210272
704.1000000000 2.5564147511
704.2000000000 2.5576096729
704.3000000000 2.5594236100
704.4000000000 2.5568313774
704.5000000000 2.5565571367
704.6000000000 2.5579132816
704.7000000000 2.5577472058
704.8000000000 2.5590487972
704.9000000000 2.5590358876
705.0000000000 2.5596398942
705.1000000000 2.5602137780
705.2000000000 2.5604701830
705.3000000000 2.5597941623
705.4000000000 2.5598818014
705.5000000000 2.5592738283
705.6000000000 2.5589249111
705.7000000000 2.5623615527
705.8000000000 2.5658199766
705.9000000000 2.5664452923
706.0000000000 2.5666010871
706.1000000000 2.5652098465
706.2000000000 2.5667661437
706.3000000000 2.5671686389
706.4000000000 2.5657252171
706.5000000000 2.5641322079
706.6000000000 2.5652139815
706.7000000000 2.5651836488
706.8000000000 2.5655534738
706.9000000000 2.5652539507
707.0000000000 2.5644995459
707.1000000000 2.5624293623
707.2000000000 2.5641115333
707.3000000000 2.5647985916
707.4000000000 2.5631877942
707.5000000000 2.5651202009
707.6000000000 2.5668069554
707.7000000000 2.5633679095
707.8000000000 2.5629063552
707.9000000000 2.5632459689
708.0000000000 2.5637781048
708.1000000000 2.5625429606
708.2000000000 2.5613508394
708.3000000000 2.5593867515
708.4000000000 2.5567431540
708.5000000000 2.5557573448
708.6000000000 2.5552854550
708.7000000000 2.5570176383
708.8000000000 2.5591280486
708.9000000000 2.5569599479
709.0000000000 2.5552250190
709.1000000000 2.5558528322
709.2000000000 2.5569401578
709.3000000000 2.5553259743
709.4000000000 2.5540639431
709.5000000000 2.5535952032
709.6000000000 2.5549266703
709.7000000000 2.5566419349
709.8000000000 2.5579112114
709.9000000000 2.5613977151
710.0000000000 2.5581900345
710.1000000000 2.5584983510
710.2000000000 2.5582215443
710.3000000000 2.5576415228
710.4000000000 2.5580863821
710.5000000000 2.5583688681
710.6000000000 2.5602423874
710.7000000000 2.5621154519
710.8000000000 2.5641959224
710.9000000000 2.5666215553
711.0000000000 2.5648052069
711.1000000000 2.5636348802
711.2000000000 2.5624159071
711.3000000000 2.5624304966
711.4000000000 2.5639238242
711.5000000000 2.5616428850
711.6000000000 2.5607658096
711.7000000000 2.5581264622
711.8000000000 2.5582384611
711.9000000000 2.5596563886
712.0000000000 2.5612442776
712.1000000000 2.5614991892
712.2000000000 2.5635075619
712.3000000000 2.5611632894
712.4000000000 2.5617949456
712.5000000000 2.5623814425
712.6000000000 2.5644722722
712.7000000000 2.5640997984
712.8000000000 2.5610057402
712.9000000000 2.5589510739
713.0000000000 2.5573446991
713.1000000000 2.5573532362
713.2000000000 2.5578921429
713.3000000000 2.5570028924
713.4000000000 2.5559824284
713.5000000000 2.5562236513
713.6000000000 2.5570896986
713.7000000000 2.5567810725
713.8000000000 2.5587420521
713.9000000000 2.5588260698
714.0000000000 2.5603948128
714.1000000000 2.5627188421
714.2000000000 2.5637527992
714.3000000000 2.5633686458
714.4000000000 2.5608277840
714.5000000000 2.5607809821
714.6000000000 2.5626518159
714.7000000000 2.5604872537
714.8000000000 2.5578598430
714.9000000000 2.5583902374
715.0000000000 2.5596402345
715.1000000000 2.5610940280
715.2000000000 2.5633953161
715.3000000000 2.5653313500
715.4000000000 2.5656482486
715.5000000000 2.5630653061
715.6000000000 2.5626571545
715.7000000000 2.5619492882
715.8000000000 2.5632671116
715.9000000000 2.5637649600
716.0000000000 2.5621241610
716.1000000000 2.5615878652
716.2000000000 2.5637354560
716.3000000000 2.5613960703
716.4000000000 2.5646503248
716.5000000000 2.5630040682
716.6000000000 2.5624749729
716.7000000000 2.5637510561
716.8000000000 2.5630119785
716.9000000000 2.5626554431
717.0000000000 2.5636081171
717.1000000000 2.5653988299
717.2000000000 2.5598606333
717.3000000000 2.5624745379
717.4000000000 2.5618440333
717.5000000000 2.5655183140
717.6000000000 2.5644610952
717.7000000000 2.5660774383
717.8000000000 2.5646370902
717.9000000000 2.5623488883
718.0000000000 2.5628097834
718.1000000000 2.5634504766
718.2000000000 2.5654270492
718.3000000000 2.5620547379
718.4000000000 2.5617117516
718.5000000000 2.5625728764
718.6000000000 2.5605207525
718.7000000000 2.5628340814
718.8000000000 2.5653059603
718.9000000000 2.5644695756
719.0000000000 2.5640373311
719.1000000000 2.5656817670
719.2000000000 2.5648623216
719.3000000000 2.5683383246
719.4000000000 2.5670684941
719.5000000000 2.5659080855
719.6000000000 2.5658026786
719.7000000000 2.5638615233
719.8000000000 2.5646464277
719.9000000000 2.5632182747
720.0000000000 2.5648904081
720.1000000000 2.5635208096
720.2000000000 2.5645350462
720.3000000000 2.5646432489
720.4000000000 2.5646509530
720.5000000000 2.5636393602
720.6000000000 2.5619396398
720.7000000000 2.5617866836
720.8000000000 2.5628486484
720.9000000000 2.5640717122
721.0000000000 2.5652143953
721.1000000000 2.5630409081
721.2000000000 2.5672393533
721.3000000000 2.5659285357
721.4000000000 2.5639595094
721.5000000000 2.5621980415
721.6000000000 2.5631636156
721.7000000000 2.5620326325
721.8000000000 2.5637033233
721.9000000000 2.5631924463
722.0000000000 2.5618025090
722.1000000000 2.5610119318
722.2000000000 2.5614756390
722.3000000000 2.5608429960
722.4000000000 2.5625514784
722.5000000000 2.5595664275
722.6000000000 2.5599698870
722.7000000000 2.5596399858
722.8000000000 2.5595989266
722.9000000000 2.5630827707
723.0000000000 2.5600462651
723.1000000000 2.5611597342
723.2000000000 2.5594413769
723.3000000000 2.5576944030
723.4000000000 2.5574384984
723.5000000000 2.5567138718
723.6000000000 2.5565464072
723.7000000000 2.5589830106
723.8000000000 2.5591836560
723.9000000000 2.5582993783
724.0000000000 2.5559632528
724.1000000000 2.5567600573
724.2000000000 2.5557233681
724.3000000000 2.5554800508
724.4000000000 2.5572738071
724.5000000000 2.5570644430
724.6000000000 2.5571326775
724.7000000000 2.5557270080
724.8000000000 2.5534075944
724.9000000000 2.5529396392
725.0000000000 2.5530689099
725.1000000000 2.5533130353
725.2000000000 2.5544241720
725.3000000000 2.5539800833
725.4000000000 2.5488577477
725.5000000000 2.5516116048
725.6000000000 2.5527335141
725.7000000000 2.5520949026
725.8000000000 2.5552338381
725.9000000000 2.5553391753
726.0000000000 2.5568296123
726.1000000000 2.5543730482
726.2000000000 2.5549112759
726.3000000000 2.5542623730
726.4000000000 2.5521153896
726.5000000000 2.5522869601
726.6000000000 2.5531435642
726.7000000000 2.5532848379
726.8000000000 2.5538007519
726.9000000000 2.5535608606
727.0000000000 2.5527049228
727.1000000000 2.5529449549
727.2000000000 2.5524293991
727.3000000000 2.5525553804
727.4000000000 2.5518865187
727.5000000000 2.5535503237
727.6000000000 2.5539606061
727.7000000000 2.5541265279
727.8000000000 2.5565123686
727.9000000000 2.5558516821
728.0000000000 2.5535582244
728.1000000000 2.5531282244
728.2000000000 2.5524984010
728.3000000000 2.5530466379
728.4000000000 2.5551965907
728.5000000000 2.5575465290
728.6000000000 2.5570768063
728.7000000000 2.5568472880
728.8000000000 2.5580343347
728.9000000000 2.5553092001
729.0000000000 2.5552844614
729.1000000000 2.5554682365
729.2000000000 2.5576391903
729.3000000000 2.5593380891
729.4000000000 2.5574418804
729.5000000000 2.5580384162
729.6000000000 2.5561943712
729.7000000000 2.5538255818
729.8000000000 2.5543140916
729.9000000000 2.5549699684
730.0000000000 2.5554534426
730.1000000000 2.5547104069
730.2000000000 2.5581217275
730.3000000000 2.5565511428
730.4000000000 2.5552673312
730.5000000000 2.5564306565
730.6000000000 2.5549818769
730.7000000000 2.5553984659
730.8000000000 2.5542083120
730.9000000000 2.5542426711
731.0000000000 2.5528925025
731.1000000000 2.5529071694
731.2000000000 2.5503783241
731.3000000000 2.5520914971
731.4000000000 2.5524334584
731.5000000000 2.5524505942
731.6000000000 2.5542565776
731.7000000000 2.5555092421
731.8000000000 2.5563589317
731.9000000000 2.5570189966
732.0000000000 2.5570258250
732.1000000000 2.5579954315
732.2000000000 2.5588549122
732.3000000000 2.5602573197
732.4000000000 2.5566730903
732.5000000000 2.5591599293
732.6000000000 2.5584731916
732.7000000000 2.5595762632
732.8000000000 2.5557756153
732.9000000000 2.5564881150
733.0000000000 2.5584410612
733.1000000000 2.5589582860
733.2000000000 2.5580667094
733.3000000000 2.5592718419
733.4000000000 2.5589621237
733.5000000000 2.5606906918
733.6000000000 2.5601514946
733.7000000000 2.5602972916
733.8000000000 2.5580623287
733.9000000000 2.5586512301
734.0000000000 2.5577115504
734.1000000000 2.5588025480
734.2000000000 2.5569584499
734.3000000000 2.5585619743
734.4000000000 2.5573545054
734.5000000000 2.5591657997
734.6000000000 2.5614757395
734.7000000000 2.5591195460
734.8000000000 2.5594734963
734.9000000000 2.5601586808
735.0000000000 2.5589209261
735.1000000000 2.5582149684
735.2000000000 2.5587584590
735.3000000000 2.5599533240
735.4000000000 2.5582135141
735.5000000000 2.5595431270
735.6000000000 2.5584339831
735.7000000000 2.5596710860
735.8000000000 2.5601184468
735.9000000000 2.5612582679
736.0000000000 2.5607596330
736.1000000000 2.5599247285
736.2000000000 2.5607011505
736.3000000000 2.5614918562
736.4000000000 2.5609803023
736.5000000000 2.5589406468
736.6000000000 2.5589428357
736.7000000000 2.5580588109
736.8000000000 2.5597280605
736.9000000000 2.5613988263
737.0000000000 2.5598078557
737.1000000000 2.5624248370
737.2000000000 2.5641720001
737.3000000000 2.5645091337
737.4000000000 2.5625992340
737.5000000000 2.5640571325
737.6000000000 2.5598500630
737.7000000000 2.5632562674
737.8000000000 2.5613496607
737.9000000000 2.5615411213
738.0000000000 2.5593976530
738.1000000000 2.5595079258
738.2000000000 2.5603277918
738.3000000000 2.5613001818
738.4000000000 2.5599613609
738.5000000000 2.5596478850
738.6000000000 2.5604376975
738.7000000000 2.5586398718
738.8000000000 2.5563076651
738.9000000000 2.5535694138
739.0000000000 2.5550264659
739.1000000000 2.5558786164
739.2000000000 2.5549867186
739.3000000000 2.5564012312
739.4000000000 2.5548277385
739.5000000000 2.5548751578
739.6000000000 2.5566333532
739.7000000000 2.5555270305
739.8000000000 2.5577421047
739.9000000000 2.5565818375
740.0000000000 2.5595077424
740.1000000000 2.5590098562
740.2000000000 2.5568621102
740.3000000000 2.5574680217
740.4000000000 2.5565369951
740.5000000000 2.5561788789
740.6000000000 2.5568171934
740.7000000000 2.5563770516
740.8000000000 2.5564104741
740.9000000000 2.5567521465
741.0000000000 2.5565714685
741.1000000000 2.5552365385
741.2000000000 2.5547389413
741.3000000000 2.5530003077
741.4000000000 2.5529464437
741.5000000000 2.5515638355
741.6000000000 2.5514140445
741.7000000000 2.5543924587
741.8000000000 2.5546726176
741.9000000000 2.5535503372
742.0000000000 2.5513872489
742.1000000000 2.5529537585
742.2000000000 2.5538282516
742.3000000000 2.5546497882
742.4000000000 2.5553495343
742.5000000000 2.5544321411
742.6000000000 2.5524491616
742.7000000000 2.5545888269
742.8000000000 2.5542399967
742.9000000000 2.5547581862
743.0000000000 2.5544522817
743.1000000000 2.5522407095
743.2000000000 2.5522422693
743.3000000000 2.5523564698
743.4000000000 2.5519952345
743.5000000000 2.5540587256
743.6000000000 2.5511679497
743.7000000000 2.5510011712
743.8000000000 2.5513827568
743.9000000000 2.5531017108
744.0000000000 2.5525719990
744.1000000000 2.5544619600
744.2000000000 2.5526226532
744.3000000000 2.5531283097
744.4000000000 2.5506934050
744.5000000000 2.5502733520
744.6000000000 2.5488333224
744.7000000000 2.5489788390
744.8000000000 2.5475438197
744.9000000000 2.5490107677
745.0000000000 2.5482786696
745.1000000000 2.5463793786
745.2000000000 2.5494431565
745.3000000000 2.5494032610
745.4000000000 2.5493364980
745.5000000000 2.5484846491
745.6000000000 2.5530455283
745.7000000000 2.5497678138
745.8000000000 2.5524714304
745.9000000000 2.5531393420
746.0000000000 2.5536666765
746.1000000000 2.5551937153
746.2000000000 2.5541288007
746.3000000000 2.5536903920
746.4000000000 2.5547022730
746.5000000000 2.5554917371
746.6000000000 2.5551537987
746.7000000000 2.5556610622
746.8000000000 2.5534204636
746.9000000000 2.5526017655
747.0000000000 2.5497162439
747.1000000000 2.5481121181
747.2000000000 2.5515912998
747.3000000000 2.5505697353
747.4000000000 2.5495493064
747.5000000000 2.5508337921
747.6000000000 2.5528747293
747.7000000000 2.5516614186
747.8000000000 2.5560362837
747.9000000000 2.5556231495
748.0000000000 2.5542392489
748.1000000000 2.5537886726
748.2000000000 2.5542514932
748.3000000000 2.5538745295
748.4000000000 2.5535576389
748.5000000000 2.5550008866
748.6000000000 2.5562097410
748.7000000000 2.5578368048
748.8000000000 2.5595746582
748.9000000000 2.5578153261
749.0000000000 2.5555907532
749.1000000000 2.5533066186
749.2000000000 2.5538443790
749.3000000000 2.5576908948
749.4000000000 2.5558019966
749.5000000000 2.5574430703
749.6000000000 2.5583931550
749.7000000000 2.5555307755
749.8000000000 2.5580934063
749.9000000000 2.5554485096
750.0000000000 2.5544674603
750.1000000000 2.5565490925
750.2000000000 2.5551335752
750.3000000000 2.5560716749
750.4000000000 2.5556123474
750.5000000000 2.5567561253
750.6000000000 2.5540274557
750.7000000000 2.5551376677
750.8000000000 2.5563516541
750.9000000000 2.5563218655
751.0000000000 2.5554667775
751.1000000000 2.5529681096
751.2000000000 2.5501064377
751.3000000000 2.5510183012
751.4000000000 2.5496768674
751.5000000000 2.5504532688
751.6000000000 2.5498866387
751.7000000000 2.5530822381
751.8000000000 2.5518946000
751.9000000000 2.5549039353
752.0000000000 2.5566508471
752.1000000000 2.5562855180
752.2000000000 2.5571742228
752.3000000000 2.5581791368
752.4000000000 2.5578197349
752.5000000000 2.5585699728
752.6000000000 2.5576287075
752.7000000000 2.5572417736
752.8000000000 2.5585629347
752.9000000000 2.5585817158
753.0000000000 2.5563779162
753.1000000000 2.5553723375
753.2000000000 2.5555130754
753.3000000000 2.5552509496
753.4000000000 2.5556012926
753.5000000000 2.5570372916
753.6000000000 2.5536422539
753.7000000000 2.5545744457
753.8000000000 2.5548040135
753.9000000000 2.5561588714
754.0000000000 2.5570545590
754.1000000000 2.5547199906
754.2000000000 2.5538470419
754.3000000000 2.5554721641
754.4000000000 2.5523570856
754.5000000000 2.5483564903
754.6000000000 2.5488573347
754.7000000000 2.5525204521
754.8000000000 2.5512560641
754.9000000000 2.5518878323
755.0000000000 2.5519407774
755.1000000000 2.5522483731
755.2000000000 2.5518718212
755.3000000000 2.5532711300
755.4000000000 2.5517080999
755.5000000000 2.5516717726
755.6000000000 2.5515104093
755.7000000000 2.5498770163
755.8000000000 2.5480420690
755.9000000000 2.5468290491
756.0000000000 2.5498129077
756.1000000000 2.5472594477
756.2000000000 2.5448464787
756.3000000000 2.5426051255
756.4000000000 2.5426998864
756.5000000000 2.5446739962
756.6000000000 2.5462303572
756.7000000000 2.5482897523
756.8000000000 2.5477072730
756.9000000000 2.5472036721
757.0000000000 2.5486623634
757.1000000000 2.5477081564
757.2000000000 2.5495806512
757.3000000000 2.5496528794
757.4000000000 2.5502455283
757.5000000000 2.5468683586
757.6000000000 2.5486550633
757.7000000000 2.5518240797
757.8000000000 2.5534178582
757.9000000000 2.5532873207
758.0000000000 2.5522356803
758.1000000000 2.5532184788
758.2000000000 2.5547472516
758.3000000000 2.5555644528
758.4000000000 2.5535698686
758.5000000000 2.5537338724
758.6000000000 2.5538139379
758.7000000000 2.5550378762
758.8000000000 2.5566463974
758.9000000000 2.5561248498
759.0000000000 2.5573765099
759.1000000000 2.5556984305
759.2000000000 2.5543737936
759.3000000000 2.5554687195
759.4000000000 2.5550369073
759.5000000000 2.5520829400
759.6000000000 2.5533498910
759.7000000000 2.5550786350
759.8000000000 2.5545864527
759.9000000000 2.5559311365
760.0000000000 2.5549660379
760.1000000000 2.5535085290
760.2000000000 2.5550402274
760.3000000000 2.5512777746
760.4000000000 2.5497988402
760.5000000000 2.5510231912
760.6000000000 2.5482226737
760.7000000000 2.5487208518
760.8000000000 2.5501288165
760.9000000000 2.5489430631
761.0000000000 2.5494171004
761.1000000000 2.5484346428
761.2000000000 2.5488386365
761.3000000000 2.5498850468
761.4000000000 2.5507366011
761.5000000000 2.5497604946
761.6000000000 2.5481072367
761.7000000000 2.5484916901
761.8000000000 2.5503142818
761.9000000000 2.5479226150
762.0000000000 2.5473521104
762.1000000000 2.5476593925
762.2000000000 2.5483236073
762.3000000000 2.5486602098
762.4000000000 2.5476827294
762.5000000000 2.5472158164
762.6000000000 2.5478370801
762.7000000000 2.5478901070
762.8000000000 2.5468193025
762.9000000000 2.5473163617
763.0000000000 2.5462826213
763.1000000000 2.5460758542
763.2000000000 2.5473308500
763.3000000000 2.5459184650
763.4000000000 2.5470939265
763.5000000000 2.5492790297
763.6000000000 2.5487756422
763.7000000000 2.5489967813
763.8000000000 2.5509900007
763.9000000000 2.5467349118
764.0000000000 2.5518079155
764.1000000000 2.5497707174
764.2000000000 2.5494199546
764.3000000000 2.5469376831
764.4000000000 2.5480994713
764.5000000000 2.5463729705
764.6000000000 2.5467470645
764.7000000000 2.5458173476
764.8000000000 2.5478658889
764.9000000000 2.5496676539
765.0000000000 2.5508768876
765.1000000000 2.5500089624
765.2000000000 2.5516551048
765.3000000000 2.5490436865
765.4000000000 2.5506534499
765.5000000000 2.5532346077
765.6000000000 2.5559663597
765.7000000000 2.5540057665
765.8000000000 2.5509651405
765.9000000000 2.5503510997
766.0000000000 2.5517229464
766.1000000000 2.5509716019
766.2000000000 2.5507437476
766.3000000000 2.5532622069
766.4000000000 2.5494416476
766.5000000000 2.5507284421
766.6000000000 2.5509799201
766.7000000000 2.5515573978
766.8000000000 2.5529480587
766.9000000000 2.5519399505
767.0000000000 2.5541224082
767.1000000000 2.5525676654
767.2000000000 2.5535919472
767.3000000000 2.5518469844
767.4000000000 2.5533377881
767.5000000000 2.5531047778
767.6000000000 2.5522332562
767.7000000000 2.5501977694
767.8000000000 2.5493238529
767.9000000000 2.5478048060
768.0000000000 2.5495306839
768.1000000000 2.5490382146
768.2000000000 2.5515358454
768.3000000000 2.5508126922
768.4000000000 2.5521286789
768.5000000000 2.5516194979
768.6000000000 2.5506714981
768.7000000000 2.5530135602
768.8000000000 2.5547841114
768.9000000000 2.5528533934
769.0000000000 2.5542516892
769.1000000000 2.5543545312
769.2000000000 2.5549409158
769.3000000000 2.5546690789
769.4000000000 2.5520944153
769.5000000000 2.5544774390
769.6000000000 2.5555116521
769.7000000000 2.5536552001
769.8000000000 2.5534483469
769.9000000000 2.5550961728
770.0000000000 2.5559907219
770.1000000000 2.5578368315
770.2000000000 2.5578330759
770.3000000000 2.5606210224
770.4000000000 2.5596113384
770.5000000000 2.5595103185
770.6000000000 2.5586981739
770.7000000000 2.5590913378
770.8000000000 2.5589553022
770.9000000000 2.5591782943
771.0000000000 2.5602256564
771.1000000000 2.5622194668
771.2000000000 2.5604898558
771.3000000000 2.5601870572
771.4000000000 2.5611169298
771.5000000000 2.5618519914
771.6000000000 2.5617989491
771.7000000000 2.5622000638
771.8000000000 2.5629585613
771.9000000000 2.5594668512
772.0000000000 2.5609567809
772.1000000000 2.5626292131
772.2000000000 2.5649269157
772.3000000000 2.5648587523
772.4000000000 2.5639889614
772.5000000000 2.5634059986
772.6000000000 2.5644418382
772.7000000000 2.5663432495
772.8000000000 2.5643599174
772.9000000000 2.5623782724
773.0000000000 2.5627359276
773.1000000000 2.5628180914
773.2000000000 2.5634270465
773.3000000000 2.5626704670
773.4000000000 2.5645987035
773.5000000000 2.5671897922
773.6000000000 2.5652179329
773.7000000000 2.5647045389
773.8000000000 2.5666438463
773.9000000000 2.5674082196
774.0000000000 2.5679371029
774.1000000000 2.5673452570
774.2000000000 2.5660969248
774.3000000000 2.5680942817
774.4000000000 2.5659568285
774.5000000000 2.5672243995
774.6000000000 2.5670426649
774.7000000000 2.5661425744
774.8000000000 2.5670157536
774.9000000000 2.5672916678
775.0000000000 2.5663948230
775.1000000000 2.5677461114
775.2000000000 2.5690784133
775.3000000000 2.5662471528
775.4000000000 2.5667077379
775.5000000000 2.5696139364
775.6000000000 2.5686768102
775.7000000000 2.5702367006
775.8000000000 2.5675737674
775.9000000000 2.5667533838
776.0000000000 2.5654078933
776.1000000000 2.5652846133
776.2000000000 2.5648707395
776.3000000000 2.5633231162
776.4000000000 2.5664388425
776.5000000000 2.5660414125
776.6000000000 2.5676383725
776.7000000000 2.5681938795
776.8000000000 2.5691202282
776.9000000000 2.5677940553
777.0000000000 2.5692696189
777.1000000000 2.5689205817
777.2000000000 2.5709068119
777.3000000000 2.5707716947
777.4000000000 2.5730597754
777.5000000000 2.5720211234
777.6000000000 2.5741340867
777.7000000000 2.5734785007
777.8000000000 2.5743526049
777.9000000000 2.5755213417
778.0000000000 2.5759109852
778.1000000000 2.5762038683
778.2000000000 2.5744485537
778.3000000000 2.5770699558
778.4000000000 2.5753936318
778.5000000000 2.5745134564
778.6000000000 2.5749942697
778.7000000000 2.5765589556
778.8000000000 2.5715317320
778.9000000000 2.5735898511
779.0000000000 2.5720997157
779.1000000000 2.5725887784
779.2000000000 2.5703600073
779.3000000000 2.5690286835
779.4000000000 2.5704896734
779.5000000000 2.5712495143
779.6000000000 2.5701460948
779.7000000000 2.5708974219
779.8000000000 2.5702810970
779.9000000000 2.5697049129
780.0000000000 2.5711543150
780.1000000000 2.5721819620
780.2000000000 2.5736497250
780.3000000000 2.5741073528
780.4000000000 2.5746040476
780.5000000000 2.5756356581
780.6000000000 2.5744038156
780.7000000000 2.5730287377
780.8000000000 2.5730189143
780.9000000000 2.5731966720
781.0000000000 2.5745846980
781.1000000000 2.5742607854
781.2000000000 2.5730566121
781.3000000000 2.5738710608
781.4000000000 2.5728620596
781.5000000000 2.5710331489
781.6000000000 2.5721457866
781.7000000000 2.5720634242
781.8000000000 2.5723944083
781.9000000000 2.5753174416
782.0000000000 2.5762801171
782.1000000000 2.5780060058
782.2000000000 2.5773885924
782.3000000000 2.5770817822
782.4000000000 2.5751332391
782.5000000000 2.5763166689
782.6000000000 2.5774729486
782.7000000000 2.5790561694
782.8000000000 2.5803566095
782.9000000000 2.5798855565
783.0000000000 2.5783905594
783.1000000000 2.5801081380
783.2000000000 2.5782335553
783.3000000000 2.5787120719
783.4000000000 2.5788321158
783.5000000000 2.5815211763
783.6000000000 2.5799249867
783.7000000000 2.5779290231
783.8000000000 2.5775277554
783.9000000000 2.5794345638
784.0000000000 2.5797225884
784.1000000000 2.5794978037
784.2000000000 2.5812284002
784.3000000000 2.5846343676
784.4000000000 2.5828718295
784.5000000000 2.5862970507
784.6000000000 2.5838625007
784.7000000000 2.5835781027
784.8000000000 2.5860738064
784.9000000000 2.5834243579
785.0000000000 2.5822454729
785.1000000000 2.5848416564
785.2000000000 2.5847203465
785.3000000000 2.5853946012
785.4000000000 2.5851182367
785.5000000000 2.5845945277
785.6000000000 2.5837164500
785.7000000000 2.5829735996
785.8000000000 2.5837393758
785.9000000000 2.5813714657
786.0000000000 2.5820922094
786.1000000000 2.5807505469
786.2000000000 2.5807070330
786.3000000000 2.5804929842
786.4000000000 2.5805412710
786.5000000000 2.5787086912
786.6000000000 2.5774192055
786.7000000000 2.5803656689
786.8000000000 2.5805468510
786.9000000000 2.5811587270
787.0000000000 2.5796870543
787.1000000000 2.5766699265
787.2000000000 2.5781045214
787.3000000000 2.5802595737
787.4000000000 2.5805853056
787.5000000000 2.5810770442
787.6000000000 2.5809686783
787.7000000000 2.5781651374
787.8000000000 2.5776776871
787.9000000000 2.5806581622
788.0000000000 2.5798919834
788.1000000000 2.5768441729
788.2000000000 2.5737394901
788.3000000000 2.5719242274
788.4000000000 2.5712227863
788.5000000000 2.5726473972
788.6000000000 2.5719722009
788.7000000000 2.5720803420
788.8000000000 2.5713240098
788.9000000000 2.5711980030
789.0000000000 2.5685322246
789.1000000000 2.5692930417
789.2000000000 2.5707682318
789.3000000000 2.5710288077
789.4000000000 2.5702367752
789.5000000000 2.5687391345
789.6000000000 2.5695524830
789.7000000000 2.5675946595
789.8000000000 2.5631636045
789.9000000000 2.5641082726
790.0000000000 2.5622150515
790.1000000000 2.5628756460
790.2000000000 2.5639052141
790.3000000000 2.5619299432
790.4000000000 2.5609220211
790.5000000000 2.5616770202
790.6000000000 2.5611338728
790.7000000000 2.5617039228
790.8000000000 2.5634812279
790.9000000000 2.5638790115
791.0000000000 2.5648440032
791.1000000000 2.5639748574
791.2000000000 2.5628537181
791.3000000000 2.5629336453
791.4000000000 2.5614830541
791.5000000000 2.5623166922
791.6000000000 2.5613597481
791.7000000000 2.5603925291
791.8000000000 2.5609346046
791.9000000000 2.5576368953
792.0000000000 2.5590101460
792.1000000000 2.5587657274
792.2000000000 2.5573403725
792.3000000000 2.5569680487
792.4000000000 2.5564395895
792.5000000000 2.5549951196
792.6000000000 2.5553600384
792.7000000000 2.5546485923
792.8000000000 2.5548431368
792.9000000000 2.5536051753
793.0000000000 2.5566749431
793.1000000000 2.5576402192
793.2000000000 2.5567907545
793.3000000000 2.5587380255
793.4000000000 2.5563146591
793.5000000000 2.5579577699
793.6000000000 2.5533464404
793.7000000000 2.5527693863
793.8000000000 2.5531131564
793.9000000000 2.5544707654
794.0000000000 2.5548238274
794.1000000000 2.5512625145
794.2000000000 2.5548688800
794.3000000000 2.5549198049
794.4000000000 2.5534346882
794.5000000000 2.5555319487
794.6000000000 2.5564628926
794.7000000000 2.5564682390
794.8000000000 2.5548212669
794.9000000000 2.5559779893
795.0000000000 2.5536371875
795.1000000000 2.5489150441
795.2000000000 2.5509436353
795.3000000000 2.5506907310
795.4000000000 2.5528129800
795.5000000000 2.5539337808
795.6000000000 2.5548323221
795.7000000000 2.5575213629
795.8000000000 2.5579257172
795.9000000000 2.5592944880
796.0000000000 2.5564962500
796.1000000000 2.5574314438
796.2000000000 2.5571210686
796.3000000000 2.5526314672
796.4000000000 2.5522064672
796.5000000000 2.5499881100
796.6000000000 2.5530224874
796.7000000000 2.5523724844
796.8000000000 2.5532188856
796.9000000000 2.5522260576
797.0000000000 2.5513458077
797.1000000000 2.5529408206
797.2000000000 2.5531921582
797.3000000000 2.5524380298
797.4000000000 2.5497417659
797.5000000000 2.5481765218
797.6000000000 2.5488525254
797.7000000000 2.5473148346
797.8000000000 2.5458178903
797.9000000000 2.5458939974
798.0000000000 2.5468406055
798.1000000000 2.5469660506
798.2000000000 2.5471414647
798.3000000000 2.5464096643
798.4000000000 2.5480853769
798.5000000000 2.5477301159
798.6000000000 2.5457241490
798.7000000000 2.5470198456
798.8000000000 2.5472358739
798.9000000000 2.5472199519
799.0000000000 2.5472462622
799.1000000000 2.5512737841
799.2000000000 2.5522520062
799.3000000000 2.5528353426
799.4000000000 2.5516258339
799.5000000000 2.5547579775
799.6000000000 2.5559037512
799.7000000000 2.5563659737
799.8000000000 2.5540089458
799.9000000000 2.5551691990
800.0000000000 2.5575124670
800.1000000000 2.5567182618
800.2000000000 2.5549288714
800.3000000000 2.5563715932
800.4000000000 2.5549983023
800.5000000000 2.5555725111
800.6000000000 2.5558575470
800.7000000000 2.5542855291
800.8000000000 2.5537082225
800.9000000000 2.5536327459
801.0000000000 2.5567077236
801.1000000000 2.5528311378
801.2000000000 2.5524523043
801.3000000000 2.5540214868
801.4000000000 2.5546818897
801.5000000000 2.5561911380
801.6000000000 2.5569771358
801.7000000000 2.5562818597
801.8000000000 2.5561312952
801.9000000000 2.5597787778
802.0000000000 2.5575986112
802.1000000000 2.5595927810
802.2000000000 2.5593556590
802.3000000000 2.5594098680
802.4000000000 2.5577371171
802.5000000000 2.5585071868
802.6000000000 2.5567754070
802.7000000000 2.5568599487
802.8000000000 2.5589526128
802.9000000000 2.5602349137
803.0000000000 2.5587077671
803.1000000000 2.5611541916
803.2000000000 2.5595221905
803.3000000000 2.5578522218
803.4000000000 2.5582627921
803.5000000000 2.5579798894
803.6000000000 2.5579246075
803.7000000000 2.5574551657
803.8000000000 2.5589879393
803.9000000000 2.5563115741
804.0000000000 2.5543715298
804.1000000000 2.5523991125
804.2000000000 2.5536774151
804.3000000000 2.5544701405
804.4000000000 2.5558870905
804.5000000000 2.5541971351
804.6000000000 2.5546224221
804.7000000000 2.5556469502
804.8000000000 2.5541699028
804.9000000000 2.5560293945
805.0000000000 2.5547648714
805.1000000000 2.5540332467
805.2000000000 2.5508465398
805.3000000000 2.5538308316
805.4000000000 2.5537151942
805.5000000000 2.5526682656
805.6000000000 2.5508441356
805.7000000000 2.5514550923
805.8000000000 2.5494422772
805.9000000000 2.5520372817
806.0000000000 2.5515744143
806.1000000000 2.5540064618
806.2000000000 2.5544103109
806.3000000000 2.5552131583
806.4000000000 2.5549041205
806.5000000000 2.5528181724
806.6000000000 2.5544382593
806.7000000000 2.5537941120
806.8000000000 2.5533950852
806.9000000000 2.5539817394
807.0000000000 2.5533276984
807.1000000000 2.5542847170
807.2000000000 2.5546250134
807.3000000000 2.5519482456
807.4000000000 2.5509720611
807.5000000000 2.5526800585
807.6000000000 2.5533441473
807.7000000000 2.5497341239
807.8000000000 2.5488851442
807.9000000000 2.5491140570
808.0000000000 2.5504513263
808.1000000000 2.5504536696
808.2000000000 2.5503181240
808.3000000000 2.5514432122
808.4000000000 2.5519489811
808.5000000000 2.5541635405
808.6000000000 2.5541731994
808.7000000000 2.5527492065
808.8000000000 2.5498431735
808.9000000000 2.5518322814
809.0000000000 2.5514605770
809.1000000000 2.5489706611
809.2000000000 2.5487374610
809.3000000000 2.5458334199
809.4000000000 2.5468548909
809.5000000000 2.5496853193
809.6000000000 2.5496387410
809.7000000000 2.5530010004
809.8000000000 2.5505989546
809.9000000000 2.5532660959
810.0000000000 2.5531979369
810.1000000000 2.5533580979
810.2000000000 2.5535290947
810.3000000000 2.5540544350
810.4000000000 2.5545861091
810.5000000000 2.5534835308
810.6000000000 2.5506267120
810.7000000000 2.5498114976
810.8000000000 2.5498288035
810.9000000000 2.5515581547
811.0000000000 2.5484539952
811.1000000000 2.5482413374
811.2000000000 2.5504541441
811.3000000000 2.5508469470
811.4000000000 2.5502606466
811.5000000000 2.5509982648
811.6000000000 2.5544126729
811.7000000000 2.5534898732
811.8000000000 2.5521783033
811.9000000000 2.5521801210
812.0000000000 2.5507813786
812.1000000000 2.5528969482
812.2000000000 2.5540640494
812.3000000000 2.5558857367
812.4000000000 2.5556180246
812.5000000000 2.5573167067
812.6000000000 2.5582593821
812.7000000000 2.5559332303
812.8000000000 2.5566610626
812.9000000000 2.5555440236
813.0000000000 2.5580356438
813.1000000000 2.5597105344
813.2000000000 2.5592629797
813.3000000000 2.5554119888
813.4000000000 2.5538250054
813.5000000000 2.5527883938
813.6000000000 2.5504090357
813.7000000000 2.5518814841
813.8000000000 2.5509971534
813.9000000000 2.5513047012
814.0000000000 2.5500328173
814.1000000000 2.5496388149
814.2000000000 2.5491729724
814.3000000000 2.5484945196
814.4000000000 2.5451131293
814.5000000000 2.5459320330
814.6000000000 2.5443153079
814.7000000000 2.5451830133
814.8000000000 2.5442078392
814.9000000000 2.5451793845
815.0000000000 2.5441087938
815.1000000000 2.5477710927
815.2000000000 2.5438057143
815.3000000000 2.5456959283
815.4000000000 2.5434295536
815.5000000000 2.5474804049
815.6000000000 2.5469357227
815.7000000000 2.5434819116
815.8000000000 2.5462540075
815.9000000000 2.5465459398
816.0000000000 2.5490296849
816.1000000000 2.5477325250
816.2000000000 2.5466293467
816.3000000000 2.5463364332
816.4000000000 2.5481850450
816.5000000000 2.5472348676
816.6000000000 2.5482176647
816.7000000000 2.5462950637
816.8000000000 2.5455420891
816.9000000000 2.5465572728
817.0000000000 2.5465141479
817.1000000000 2.5463914225
817.2000000000 2.5478018192
817.3000000000 2.5467233144
817.4000000000 2.5487842404
817.5000000000 2.5494988041
817.6000000000 2.5509170776
817.7000000000 2.5532617609
817.8000000000 2.5499117239
817.9000000000 2.5508956746
818.0000000000 2.5507422743
818.1000000000 2.5521996761
818.2000000000 2.5538616504
818.3000000000 2.5543900832
818.4000000000 2.5552377993
818.5000000000 2.5548076042
818.6000000000 2.5552345101
818.7000000000 2.5559726522
818.8000000000 2.5557364327
818.9000000000 2.5553963407
819.0000000000 2.5548513526
819.1000000000 2.5544450295
819.2000000000 2.5555578180
819.3000000000 2.5582389108
819.4000000000 2.5575967950
819.5000000000 2.5601724197
819.6000000000 2.5607428516
819.7000000000 2.5602695226
819.8000000000 2.5602214637
819.9000000000 2.5599150184
820.0000000000 2.5611614018
820.1000000000 2.5598993809
820.2000000000 2.5610327222
820.3000000000 2.5632991575
820.4000000000 2.5643451670
820.5000000000 2.5631989084
820.6000000000 2.5662150918
820.7000000000 2.5653186236
820.8000000000 2.5675927299
820.9000000000 2.5644918866
821.0000000000 2.5642693322
821.1000000000 2.5616665562
821.2000000000 2.5599106979
821.3000000000 2.5589741972
821.4000000000 2.5609429524
821.5000000000 2.5603797018
821.6000000000 2.5607666511
821.7000000000 2.5606803022
821.8000000000 2.5607636105
821.9000000000 2.5609264909
822.0000000000 2.5594454889
822.1000000000 2.5612049716
822.2000000000 2.5607431529
822.3000000000 2.5590181115
822.4000000000 2.5593583632
822.5000000000 2.5600904628
822.6000000000 2.5587147103
822.7000000000 2.5607052962
822.8000000000 2.5609263994
822.9000000000 2.5602907604
823.0000000000 2.5601482622
823.1000000000 2.5638917434
823.2000000000 2.5633501843
823.3000000000 2.5641656958
823.4000000000 2.5646627577
823.5000000000 2.5644834125
823.6000000000 2.5629411250
823.7000000000 2.5638823019
823.8000000000 2.5640159304
823.9000000000 2.5636727549
824.0000000000 2.5630528925
824.1000000000 2.5636679258
824.2000000000 2.5624748598
824.3000000000 2.5606877616
824.4000000000 2.5628757228
824.5000000000 2.5633388105
824.6000000000 2.5630902464
824.7000000000 2.5650860659
824.8000000000 2.5637638134
824.9000000000 2.5652025033
825.0000000000 2.5660240931
825.1000000000 2.5683112483
825.2000000000 2.5694601025
825.3000000000 2.5686337461
825.4000000000 2.5680455722
825.5000000000 2.5671016109
825.6000000000 2.5684912124
825.7000000000 2.5664618561
825.8000000000 2.5661301868
825.9000000000 2.5634594648
826.0000000000 2.5626832610
826.1000000000 2.5609975531
826.2000000000 2.5633350969
826.3000000000 2.5642316012
826.4000000000 2.5677652307
826.5000000000 2.5683789172
826.6000000000 2.5690391846
826.7000000000 2.5692909760
826.8000000000 2.5685915850
826.9000000000 2.5694312080
827.0000000000 2.5706298269
827.1000000000 2.5688633212
827.2000000000 2.5690147555
827.3000000000 2.5662175171
827.4000000000 2.5671352330
827.5000000000 2.5661463009
827.6000000000 2.5688326377
827.7000000000 2.5700552064
827.8000000000 2.5713083081
827.9000000000 2.5694611698
828.0000000000 2.5711097412
828.1000000000 2.5707250398
828.2000000000 2.5709368491
828.3000000000 2.5711348438
828.4000000000 2.5706279082
828.5000000000 2.5716701521
828.6000000000 2.5718821027
828.7000000000 2.5721289086
828.8000000000 2.5703117926
828.9000000000 2.5724905225
829.0000000000 2.5726338867
829.1000000000 2.5721598608
829.2000000000 2.5705263370
829.3000000000 2.5691785749
829.4000000000 2.5719418763
829.5000000000 2.5691487853
829.6000000000 2.5693321965
829.7000000000 2.5687766417
829.8000000000 2.5719084564
829.9000000000 2.5714867676
830.0000000000 2.5701677463
830.1000000000 2.5670661082
830.2000000000 2.5663694926
830.3000000000 2.5691383417
830.4000000000 2.5677267374
830.5000000000 2.5693420357
830.6000000000 2.5676407190
830.7000000000 2.5699269492
830.8000000000 2.5703880726
830.9000000000 2.5695769873
831.0000000000 2.5708641815
831.1000000000 2.5700728449
831.2000000000 2.5682530335
831.3000000000 2.5700909472
831.4000000000 2.5698999248
831.5000000000 2.5676419332
831.6000000000 2.5675289523
831.7000000000 2.5688756702
831.8000000000 2.5680612266
831.9000000000 2.5670315464
832.0000000000 2.5691691521
832.1000000000 2.5666486712
832.2000000000 2.5675608328
832.3000000000 2.5695312521
832.4000000000 2.5713295384
832.5000000000 2.5720499833
832.6000000000 2.5748949653
832.7000000000 2.5737562743
832.8000000000 2.5753901935
832.9000000000 2.5744263866
833.0000000000 2.5738888440
833.1000000000 2.5720362133
833.2000000000 2.5729077949
833.3000000000 2.5739071802
833.4000000000 2.5750249236
833.5000000000 2.5741489866
833.6000000000 2.5758273830
833.7000000000 2.5748477826
833.8000000000 2.5741914239
833.9000000000 2.5745157056
834.0000000000 2.5752562614
834.1000000000 2.5757152320
834.2000000000 2.5752950014
834.3000000000 2.5761464899
834.4000000000 2.5774134883
834.5000000000 2.5778302695
834.6000000000 2.5763524142
834.7000000000 2.5793104719
834.8000000000 2.5797274691
834.9000000000 2.5793335052
835.0000000000 2.5765735545
835.1000000000 2.5780427284
835.2000000000 2.5767237887
835.3000000000 2.5783751171
835.4000000000 2.5799035916
835.5000000000 2.5807581351
835.6000000000 2.5788945300
835.7000000000 2.5774827374
835.8000000000 2.5752849894
835.9000000000 2.5764568692
836.0000000000 2.5764132626
836.1000000000 2.5742167229
836.2000000000 2.5713585470
836.3000000000 2.5724300937
836.4000000000 2.5720507328
836.5000000000 2.5701609993
836.6000000000 2.5739158409
836.7000000000 2.5738166244
836.8000000000 2.5730931232
836.9000000000 2.5739459289
837.0000000000 2.5723569232
837.1000000000 2.5714814342
837.2000000000 2.5744404578
837.3000000000 2.5701278021
837.4000000000 2.5699557196
837.5000000000 2.5712759567
837.6000000000 2.5702152979
837.7000000000 2.5700956538
837.8000000000 2.5698223094
837.9000000000 2.5729089300
838.0000000000 2.5763658990
838.1000000000 2.5745850458
838.2000000000 2.5761877775
838.3000000000 2.5772713615
838.4000000000 2.5778550426
838.5000000000 2.5734594865
838.6000000000 2.5710318448
838.7000000000 2.5712778804
838.8000000000 2.5711367547
838.9000000000 2.5712700665
839.0000000000 2.5702520773
839.1000000000 2.5721818578
839.2000000000 2.5731519702
839.3000000000 2.5727074167
839.4000000000 2.5708493231
839.5000000000 2.5718558286
839.6000000000 2.5713285316
839.7000000000 2.5710428097
839.8000000000 2.5694774297
839.9000000000 2.5729516331
840.0000000000 2.5720606950
840.1000000000 2.5739931769
840.2000000000 2.5761271213
840.3000000000 2.5769097954
840.4000000000 2.5769710875
840.5000000000 2.5761727451
840.6000000000 2.5732973048
840.7000000000 2.5743521080
840.8000000000 2.5731587288
840.9000000000 2.5724826271
841.0000000000 2.5710486207
841.1000000000 2.5729589695
841.2000000000 2.5708002531
841.3000000000 2.5719845819
841.4000000000 2.5701913061
841.5000000000 2.5721573229
841.6000000000 2.5739418435
841.7000000000 2.5720063423
841.8000000000 2.5741293418
841.9000000000 2.5751380204
842.0000000000 2.5737284230
842.1000000000 2.5728603154
842.2000000000 2.5720166356
842.3000000000 2.5712398917
842.4000000000 2.5730962517
842.5000000000 2.5723455937
842.6000000000 2.5724833533
842.7000000000 2.5702254389
842.8000000000 2.5710221141
842.9000000000 2.5724220744
843.0000000000 2.5721069873
843.1000000000 2.5720326886
843.2000000000 2.5736380724
843.3000000000 2.5725057024
843.4000000000 2.5702965804
843.5000000000 2.5701235992
843.6000000000 2.5722340173
843.7000000000 2.5703160537
843.8000000000 2.5690221804
843.9000000000 2.5683610134
844.0000000000 2.5681326198
844.1000000000 2.5681399862
844.2000000000 2.5692944590
844.3000000000 2.5699940043
844.4000000000 2.5657273382
844.5000000000 2.5682022174
844.6000000000 2.5687738431
844.7000000000 2.5669596062
844.8000000000 2.5682745148
844.9000000000 2.5689992015
845.0000000000 2.5671181142
845.1000000000 2.5681282386
845.2000000000 2.5683491793
845.3000000000 2.5687894808
845.4000000000 2.5693467208
845.5000000000 2.5711073436
845.6000000000 2.5721109209
845.7000000000 2.5707189981
845.8000000000 2.5694743611
845.9000000000 2.5712792288
846.0000000000 2.5724855119
846.1000000000 2.5692255477
846.2000000000 2.5689918808
846.3000000000 2.5680635934
846.4000000000 2.5656657846
846.5000000000 2.5667636236
846.6000000000 2.5678871142
846.7000000000 2.5693853913
846.8000000000 2.5701441476
846.9000000000 2.5706573576
847.0000000000 2.5697261150
847.1000000000 2.5675005417
847.2000000000 2.5684169250
847.3000000000 2.5672302704
847.4000000000 2.5664934038
847.5000000000 2.5635073362
847.6000000000 2.5657489186
847.7000000000 2.5706328301
847.8000000000 2.5684979112
847.9000000000 2.5661558353
848.0000000000 2.5661751759
848.1000000000 2.5685728708
848.2000000000 2.5688850687
848.3000000000 2.5691287717
848.4000000000 2.5690001336
848.5000000000 2.5708356948
848.6000000000 2.5722930780
848.7000000000 2.5728824622
848.8000000000 2.5729565293
848.9000000000 2.5721438840
849.0000000000 2.5711487546
849.1000000000 2.5707271772
849.2000000000 2.5701723874
849.3000000000 2.5722804884
849.4000000000 2.5720699801
849.5000000000 2.5716767980
849.6000000000 2.5699396891
849.7000000000 2.5726465891
849.8000000000 2.5715374511
849.9000000000 2.5715283916
850.0000000000 2.5724942906
850.1000000000 2.5709736571
850.2000000000 2.5712105878
850.3000000000 2.5707369737
850.4000000000 2.5679444832
850.5000000000 2.5690873882
850.6000000000 2.5683057038
850.7000000000 2.5681910741
850.8000000000 2.5682280793
850.9000000000 2.5655458395
851.0000000000 2.5646077867
851.1000000000 2.5619000286
851.2000000000 2.5619951992
851.3000000000 2.5620124566
851.4000000000 2.5612168777
851.5000000000 2.5618185970
851.6000000000 2.5656025635
851.7000000000 2.5653059621
851.8000000000 2.5614474276
851.9000000000 2.5645519560
852.0000000000 2.5620415628
852.1000000000 2.5622080889
852.2000000000 2.5624375195
852.3000000000 2.5634574004
852.4000000000 2.5639046063
852.5000000000 2.5677802504
852.6000000000 2.5698491199
852.7000000000 2.5675470867
852.8000000000 2.5665432018
852.9000000000 2.5674507953
853.0000000000 2.5666558851
853.1000000000 2.5679288411
853.2000000000 2.5651957402
853.3000000000 2.5640566702
853.4000000000 2.5664226400
853.5000000000 2.5681292438
853.6000000000 2.5679562522
853.7000000000 2.5668637653
853.8000000000 2.5686571826
853.9000000000 2.5706767989
854.0000000000 2.5709338349
854.1000000000 2.5707252927
854.2000000000 2.5701214981
854.3000000000 2.5701279058
854.4000000000 2.5701531433
854.5000000000 2.5722166682
854.6000000000 2.5722434932
854.7000000000 2.5708830684
854.8000000000 2.5692086554
854.9000000000 2.5681334867
855.0000000000 2.5683784902
855.1000000000 2.5685237988
855.2000000000 2.5689043714
855.3000000000 2.5675261573
855.4000000000 2.5703052592
855.5000000000 2.5701859205
855.6000000000 2.5711298809
855.7000000000 2.5697489761
855.8000000000 2.5694428550
855.9000000000 2.5685293321
856.0000000000 2.5643132020
856.1000000000 2.5683853223
856.2000000000 2.5668105218
856.3000000000 2.5686501208
856.4000000000 2.5690518535
856.5000000000 2.5692197478
856.6000000000 2.5692419410
856.7000000000 2.5711185110
856.8000000000 2.5694877094
856.9000000000 2.5671842165
857.0000000000 2.5700509849
857.1000000000 2.5692736806
857.2000000000 2.5700541552
857.3000000000 2.5700269769
857.4000000000 2.5676428561
857.5000000000 2.5687792770
857.6000000000 2.5695189986
857.7000000000 2.5690473781
857.8000000000 2.5700093764
857.9000000000 2.5705460583
858.0000000000 2.5704749909
858.1000000000 2.5698491643
858.2000000000 2.5679479626
858.3000000000 2.5682746326
858.4000000000 2.5686229324
858.5000000000 2.5686863211
858.6000000000 2.5648639741
858.7000000000 2.5652302049
858.8000000000 2.5638214668
858.9000000000 2.5640170608
859.0000000000 2.5648916356
859.1000000000 2.5604936214
859.2000000000 2.5600305184
859.3000000000 2.5609150784
859.4000000000 2.5603880660
859.5000000000 2.5609922856
859.6000000000 2.5598333964
859.7000000000 2.5600906224
859.8000000000 2.5600277711
859.9000000000 2.5578038883
860.0000000000 2.5587459142
860.1000000000 2.5569414646
860.2000000000 2.5555662321
860.3000000000 2.5561023966
860.4000000000 2.5567400325
860.5000000000 2.5537474251
860.6000000000 2.5537515703
860.7000000000 2.5546713248
860.8000000000 2.5543644549
860.9000000000 2.5515630214
861.0000000000 2.5557794958
861.1000000000 2.5579957423
861.2000000000 2.5585338442
861.3000000000 2.5571124178
861.4000000000 2.5560083932
861.5000000000 2.5576857887
861.6000000000 2.5558853294
861.7000000000 2.5581461479
861.8000000000 2.5551301408
861.9000000000 2.5571636891
862.0000000000 2.5552948670
862.1000000000 2.5577396429
862.2000000000 2.5606624808
862.3000000000 2.5591914199
862.4000000000 2.5625046277
862.5000000000 2.5617677235
862.6000000000 2.5612314951
862.7000000000 2.5620502549
862.8000000000 2.5639155737
862.9000000000 2.5639255836
863.0000000000 2.5635895568
863.1000000000 2.5618754139
863.2000000000 2.5600496729
863.3000000000 2.5603343309
863.4000000000 2.5620152677
863.5000000000 2.5611723249
863.6000000000 2.5604680064
863.7000000000 2.5606237143
863.8000000000 2.5606413861
863.9000000000 2.5614333445
864.0000000000 2.5623975939
864.1000000000 2.5630675818
864.2000000000 2.5620338541
864.3000000000 2.5622146257
864.4000000000 2.5621475917
864.5000000000 2.5623625602
864.6000000000 2.5635197664
864.7000000000 2.5616329844
864.8000000000 2.5621852186
864.9000000000 2.5605728444
865.0000000000 2.5608692044
865.1000000000 2.5598730568
865.2000000000 2.5611588547
865.3000000000 2.5654313195
865.4000000000 2.5640927368
865.5000000000 2.5656361286
865.6000000000 2.5640798052
865.7000000000 2.5646316264
865.8000000000 2.5654433028
865.9000000000 2.5657645962
866.0000000000 2.5620909125
866.1000000000 2.5627437256
866.2000000000 2.5630492311
866.3000000000 2.5626021001
866.4000000000 2.5605388775
866.5000000000 2.5613573081
866.6000000000 2.5618242437
866.7000000000 2.5613123977
866.8000000000 2.5625701336
866.9000000000 2.5604006805
867.0000000000 2.5618142572
867.1000000000 2.5615137445
867.2000000000 2.5598483796
867.3000000000 2.5585024442
867.4000000000 2.5594391199
867.5000000000 2.5597453076
867.6000000000 2.5560452292
867.7000000000 2.5555038650
867.8000000000 2.5546027959
867.9000000000 2.5542991792
868.0000000000 2.5552288524
868.1000000000 2.5554190447
868.2000000000 2.5588835252
868.3000000000 2.5583782392
868.4000000000 2.5587234417
868.5000000000 2.5588195205
868.6000000000 2.5605658589
868.7000000000 2.5581736778
868.8000000000 2.5578227139
868.9000000000 2.5601279942
869.0000000000 2.5616492188
869.1000000000 2.5602964250
869.2000000000 2.5597423738
869.3000000000 2.5593610284
869.4000000000 2.5592758135
869.5000000000 2.5607825575
869.6000000000 2.5602114644
869.7000000000 2.5588700892
869.8000000000 2.5608408351
869.9000000000 2.5579668251
870.0000000000 2.5570848659
870.1000000000 2.5578319408
870.2000000000 2.5575501393
870.3000000000 2.5587967775
870.4000000000 2.5601043217
870.5000000000 2.5584987425
870.6000000000 2.5604786678
870.7000000000 2.5630920957
870.8000000000 2.5604771073
870.9000000000 2.5592601442
871.0000000000 2.5610704445
871.1000000000 2.5624597284
871.2000000000 2.5639566660
871.3000000000 2.5594478053
871.4000000000 2.5585713142
871.5000000000 2.5590003832
871.6000000000 2.5575485076
871.7000000000 2.5585964332
871.8000000000 2.5581163494
871.9000000000 2.5585680286
872.0000000000 2.5591071035
872.1000000000 2.5601732789
872.2000000000 2.5588417705
872.3000000000 2.5613789708
872.4000000000 2.5596246964
872.5000000000 2.5627146377
872.6000000000 2.5612445123
872.7000000000 2.5611052023
872.8000000000 2.5610150156
872.9000000000 2.5636949177
873.0000000000 2.5620297970
873.1000000000 2.5629770411
873.2000000000 2.5605777026
873.3000000000 2.5598274546
873.4000000000 2.5616471711
873.5000000000 2.5628734392
873.6000000000 2.5630168190
873.7000000000 2.5626777509
873.8000000000 2.5628213463
873.9000000000 2.5629903282
874.0000000000 2.5625899091
874.1000000000 2.5612178430
874.2000000000 2.5599690488
874.3000000000 2.5590893607
874.4000000000 2.5607525580
874.5000000000 2.5605182271
874.6000000000 2.5601959163
874.7000000000 2.5579494235
874.8000000000 2.5577050980
874.9000000000 2.5561035248
875.0000000000 2.5570440467
875.1000000000 2.5587264577
875.2000000000 2.5555268920
875.3000000000 2.5554739331
875.4000000000 2.5554671898
875.5000000000 2.5568595384
875.6000000000 2.5570574814
875.7000000000 2.5570700774
875.8000000000 2.5588907677
875.9000000000 2.5578286677
876.0000000000 2.5578110514
876.1000000000 2.5578659603
876.2000000000 2.5555054281
876.3000000000 2.5571959862
876.4000000000 2.5549325726
876.5000000000 2.5530683512
876.6000000000 2.5518921470
876.7000000000 2.5538014371
876.8000000000 2.5530520123
876.9000000000 2.5540444779
877.0000000000 2.5533975434
877.1000000000 2.5526466041
877.2000000000 2.5531039739
877.3000000000 2.5539043376
877.4000000000 2.5576241452
877.5000000000 2.5581623526
877.6000000000 2.5608257229
877.7000000000 2.5621299507
877.8000000000 2.5590430861
877.9000000000 2.5596990248
878.0000000000 2.5593511485
878.1000000000 2.5570887587
878.2000000000 2.5592463951
878.3000000000 2.5562572122
878.4000000000 2.5561312710
878.5000000000 2.5592106748
878.6000000000 2.5554970272
878.7000000000 2.5575403894
878.8000000000 2.5553292282
878.9000000000 2.5526944482
879.0000000000 2.5497661288
879.1000000000 2.5510031989
879.2000000000 2.5507661432
879.3000000000 2.5474097352
879.4000000000 2.5510644924
879.5000000000 2.5509151381
879.6000000000 2.5486740488
879.7000000000 2.5471302274
879.8000000000 2.5459639476
879.9000000000 2.5477751960
880.0000000000 2.5488188737
880.1000000000 2.5484038056
880.2000000000 2.5471594311
880.3000000000 2.5476938364
880.4000000000 2.5465955100
880.5000000000 2.5452040227
880.6000000000 2.5435858215
880.7000000000 2.5447837010
880.8000000000 2.5417019797
880.9000000000 2.5421505039
881.0000000000 2.5407161777
881.1000000000 2.5427814792
881.2000000000 2.5430365106
881.3000000000 2.5430221208
881.4000000000 2.5422210286
881.5000000000 2.5443533916
881.6000000000 2.5430944206
881.7000000000 2.5438314963
881.8000000000 2.5446402040
881.9000000000 2.5466500679
882.0000000000 2.5458926328
882.1000000000 2.5463083025
882.2000000000 2.5467090838
882.3000000000 2.5459785567
882.4000000000 2.5457506280
882.5000000000 2.5450655929
882.6000000000 2.5436104318
882.7000000000 2.5464967677
882.8000000000 2.5444715029
882.9000000000 2.5448737007
883.0000000000 2.5431405108
883.1000000000 2.5429985623
883.2000000000 2.5411581260
883.3000000000 2.5418890246
883.4000000000 2.5428130609
883.5000000000 2.5414395132
883.6000000000 2.5433575961
883.7000000000 2.5445741630
883.8000000000 2.5448188333
883.9000000000 2.5434500615
884.0000000000 2.5448833042
884.1000000000 2.5459178852
884.2000000000 2.5466616973
884.3000000000 2.5465581272
884.4000000000 2.5467228599
884.5000000000 2.5458168672
884.6000000000 2.5469259095
884.7000000000 2.5472086636
884.8000000000 2.5464425543
884.9000000000 2.5484428495
885.0000000000 2.5488327019
885.1000000000 2.5492243966
885.2000000000 2.5498578587
885.3000000000 2.5503231380
885.4000000000 2.5514549879
885.5000000000 2.5523966150
885.6000000000 2.5513574321
885.7000000000 2.5539705678
885.8000000000 2.5536739739
885.9000000000 2.5501876104
886.0000000000 2.5501372888
886.1000000000 2.5512995692
886.2000000000 2.5467329875
886.3000000000 2.5435136562
886.4000000000 2.5488182816
886.5000000000 2.5480672008
886.6000000000 2.5489777654
886.7000000000 2.5499671462
886.8000000000 2.5502268725
886.9000000000 2.5525767707
887.0000000000 2.5481850305
887.1000000000 2.5484750953
887.2000000000 2.5499559111
887.3000000000 2.5485172066
887.4000000000 2.5486443796
887.5000000000 2.5505487233
887.6000000000 2.5518482076
887.7000000000 2.5513016043
887.8000000000 2.5487690086
887.9000000000 2.5478725328
888.0000000000 2.5495530306
888.1000000000 2.5525055890
888.2000000000 2.5523329677
888.3000000000 2.5530374019
888.4000000000 2.5519909047
888.5000000000 2.5520556374
888.6000000000 2.5515584471
888.7000000000 2.5515792419
888.8000000000 2.5505091521
888.9000000000 2.5497668109
889.0000000000 2.5466203301
889.1000000000 2.5452273372
889.2000000000 2.5476902566
889.3000000000 2.5461299853
889.4000000000 2.5458999785
889.5000000000 2.5461522422
889.6000000000 2.5445975724
889.7000000000 2.5447182160
889.8000000000 2.5455829572
889.9000000000 2.5446908289
890.0000000000 2.5440778478
890.1000000000 2.5447413820
890.2000000000 2.5445157744
890.3000000000 2.5425927695
890.4000000000 2.5422760612
890.5000000000 2.5392234019
890.6000000000 2.5367305401
890.7000000000 2.5376267695
890.8000000000 2.5390506757
890.9000000000 2.5378727625
891.0000000000 2.5401099770
891.1000000000 2.5378260850
891.2000000000 2.5363179026
891.3000000000 2.5356655793
891.4000000000 2.5359461576
891.5000000000 2.5367188174
891.6000000000 2.5383166851
891.7000000000 2.5381803935
891.8000000000 2.5389103929
891.9000000000 2.5414481579
892.0000000000 2.5418240242
892.1000000000 2.5412357852
892.2000000000 2.5384133346
892.3000000000 2.5391174983
892.4000000000 2.5381154653
892.5000000000 2.5399678264
892.6000000000 2.5371952691
892.7000000000 2.5372740692
892.8000000000 2.5403516906
892.9000000000 2.5380546112
893.0000000000 2.5402185223
893.1000000000 2.5418029343
893.2000000000 2.5385915895
893.3000000000 2.5407235807
893.4000000000 2.5398749119
893.5000000000 2.5417412355
893.6000000000 2.5428391042
893.7000000000 2.5438815001
893.8000000000 2.5416226103
893.9000000000 2.5415610839
894.0000000000 2.5416596092
894.1000000000 2.5424339866
894.2000000000 2.5441805780
894.3000000000 2.5454951792
894.4000000000 2.5449330708
894.5000000000 2.5432007028
894.6000000000 2.5448178619
894.7000000000 2.5438940701
894.8000000000 2.5431890640
894.9000000000 2.5431679641
895.0000000000 2.5405514052
895.1000000000 2.5430760215
895.2000000000 2.5420634665
895.3000000000 2.5422155398
895.4000000000 2.5407959573
895.5000000000 2.5406504856
895.6000000000 2.5410994702
895.7000000000 2.5407524265
895.8000000000 2.5407396626
895.9000000000 2.5384508241
896.0000000000 2.5390128530
896.1000000000 2.5385717588
896.2000000000 2.5376720744
896.3000000000 2.5375682714
896.4000000000 2.5368760208
896.5000000000 2.5357913485
896.6000000000 2.5344822798
896.7000000000 2.5344392508
896.8000000000 2.5348027333
896.9000000000 2.5352551009
897.0000000000 2.5358601509
897.1000000000 2.5349410903
897.2000000000 2.5332545565
897.3000000000 2.5356178643
897.4000000000 2.5333858597
897.5000000000 2.5319393706
897.6000000000 2.5307914637
897.7000000000 2.5309524160
897.8000000000 2.5330503948
897.9000000000 2.5320668719
898.0000000000 2.5302245488
898.1000000000 2.5291589760
898.2000000000 2.5297262799
898.3000000000 2.5292811884
898.4000000000 2.5283357834
898.5000000000 2.5269439317
898.6000000000 2.5280923282
898.7000000000 2.5269108816
898.8000000000 2.5273626922
898.9000000000 2.5265779188
899.0000000000 2.5282096372
899.1000000000 2.5282773645
899.2000000000 2.5280633099
899.3000000000 2.5304617490
899.4000000000 2.5280801542
899.5000000000 2.5248983703
899.6000000000 2.5229177694
899.7000000000 2.5241249413
899.8000000000 2.5230769208
899.9000000000 2.5238695459
900.0000000000 2.5235070991
900.1000000000 2.5259345722
900.2000000000 2.5271406161
900.3000000000 2.5259171688
900.4000000000 2.5257857709
900.5000000000 2.5278008034
900.6000000000 2.5281603162
900.7000000000 2.5294163246
900.8000000000 2.5303360469
900.9000000000 2.5289509752
901.0000000000 2.5249549258
901.1000000000 2.5254220523
901.2000000000 2.5266913671
901.3000000000 2.5257545439
901.4000000000 2.5245035519
901.5000000000 2.5220575407
901.6000000000 2.5229776352
901.7000000000 2.5234636879
901.8000000000 2.5226442077
901.9000000000 2.5239590502
902.0000000000 2.5244739699
902.1000000000 2.5233125018
902.2000000000 2.5222010476
902.3000000000 2.5242819956
902.4000000000 2.5233287455
902.5000000000 2.5239917201
902.6000000000 2.5222949555
902.7000000000 2.5230689615
902.8000000000 2.5215135809
902.9000000000 2.5235769234
903.0000000000 2.5239649386
903.1000000000 2.5247419983
903.2000000000 2.5243031856
903.3000000000 2.5255866355
903.4000000000 2.5239318381
903.5000000000 2.5212889954
903.6000000000 2.5231410370
903.7000000000 2.5241946689
903.8000000000 2.5240904431
903.9000000000 2.5242233495
904.0000000000 2.5232542399
904.1000000000 2.5201328357
904.2000000000 2.5202312089
904.3000000000 2.5158774576
904.4000000000 2.5179283037
904.5000000000 2.5200982100
904.6000000000 2.5203397472
904.7000000000 2.5215747468
904.8000000000 2.5227529850
904.9000000000 2.5224638918
905.0000000000 2.5203119938
905.1000000000 2.5222982393
905.2000000000 2.5249452971
905.3000000000 2.5225566704
905.4000000000 2.5226754838
905.5000000000 2.5239328729
905.6000000000 2.5243120135
905.7000000000 2.5226852359
905.8000000000 2.5234512612
905.9000000000 2.5240208523
906.0000000000 2.5208122713
906.1000000000 2.5200335974
906.2000000000 2.5208729155
906.3000000000 2.5206381476
906.4000000000 2.5229779693
906.5000000000 2.5221367271
906.6000000000 2.5232246182
906.7000000000 2.5191267498
906.8000000000 2.5149882913
906.9000000000 2.5166272590
907.0000000000 2.5180351049
907.1000000000 2.5174649271
907.2000000000 2.5197991736
907.3000000000 2.5198495946
907.4000000000 2.5203192980
907.5000000000 2.5216556371
907.6000000000 2.5219644231
907.7000000000 2.5205698463
907.8000000000 2.5173400974
907.9000000000 2.5189567637
908.0000000000 2.5163668298
908.1000000000 2.5175438049
908.2000000000 2.5173939580
908.3000000000 2.5146493011
908.4000000000 2.5164660002
908.5000000000 2.5190706785
908.6000000000 2.5204596325
908.7000000000 2.5167370196
908.8000000000 2.5160908367
908.9000000000 2.5167091064
909.0000000000 2.5139563934
909.1000000000 2.5155565758
909.2000000000 2.5154717978
909.3000000000 2.5173473890
909.4000000000 2.5173833166
909.5000000000 2.5151813586
909.6000000000 2.5148062535
909.7000000000 2.5163776931
909.8000000000 2.5162088427
909.9000000000 2.5192508829
910.0000000000 2.5184309204
910.1000000000 2.5173004114
910.2000000000 2.5168649067
910.3000000000 2.5182509033
910.4000000000 2.5172141393
910.5000000000 2.5175082216
910.6000000000 2.5182829699
910.7000000000 2.5175976504
910.8000000000 2.5182635668
910.9000000000 2.5158677186
911.0000000000 2.5170570350
911.1000000000 2.5196766733
911.2000000000 2.5196938363
911.3000000000 2.5185221082
911.4000000000 2.5184718336
911.5000000000 2.5184006001
911.6000000000 2.5181895545
911.7000000000 2.5156643658
911.8000000000 2.5162069751
911.9000000000 2.5152938470
912.0000000000 2.5165780494
912.1000000000 2.5172441760
912.2000000000 2.5178232419
912.3000000000 2.5195384263
912.4000000000 2.5205912074
912.5000000000 2.5202788419
912.6000000000 2.5220601634
912.7000000000 2.5218351538
912.8000000000 2.5223810430
912.9000000000 2.5203882635
913.0000000000 2.5223483844
913.1000000000 2.5204501416
913.2000000000 2.5221868516
913.3000000000 2.5194162938
913.4000000000 2.5215301296
913.5000000000 2.5207799844
913.6000000000 2.5244745551
913.7000000000 2.5239307154
913.8000000000 2.5223917398
913.9000000000 2.5235467156
914.0000000000 2.5220532898
914.1000000000 2.5238533986
914.2000000000 2.5202449215
914.3000000000 2.5222038629
914.4000000000 2.5217541310
914.5000000000 2.5215084968
914.6000000000 2.5207157731
914.7000000000 2.5217433371
914.8000000000 2.5219514609
914.9000000000 2.5195909935
915.0000000000 2.5183154292
915.1000000000 2.5185496108
915.2000000000 2.5198556887
915.3000000000 2.5228685569
915.4000000000 2.5227358969
915.5000000000 2.5194860142
915.6000000000 2.5203895284
915.7000000000 2.5207481434
915.8000000000 2.5200126930
915.9000000000 2.5215910837
916.0000000000 2.5193511742
916.1000000000 2.5169257760
916.2000000000 2.5160445421
916.3000000000 2.5178938471
916.4000000000 2.5184802474
916.5000000000 2.5172677645
916.6000000000 2.5168156848
916.7000000000 2.5175560700
916.8000000000 2.5194369243
916.9000000000 2.5179787135
917.0000000000 2.5190706483
917.1000000000 2.5176853409
917.2000000000 2.5174403448
917.3000000000 2.5175455529
917.4000000000 2.5158386586
917.5000000000 2.5129582208
917.6000000000 2.5135973805
917.7000000000 2.5120071880
917.8000000000 2.5122523781
917.9000000000 2.5121245534
918.0000000000 2.5141633625
918.1000000000 2.5120169912
918.2000000000 2.5099960240
918.3000000000 2.5100440378
918.4000000000 2.5069927364
918.5000000000 2.5066650685
918.6000000000 2.5079068059
918.7000000000 2.5069207994
918.8000000000 2.5068464359
918.9000000000 2.5047841851
919.0000000000 2.5057407434
919.1000000000 2.5052217565
919.2000000000 2.5045042881
919.3000000000 2.5040591468
919.4000000000 2.5059243874
919.5000000000 2.5064322319
919.6000000000 2.5088699160
919.7000000000 2.5106880751
919.8000000000 2.5111153974
919.9000000000 2.5104058385
920.0000000000 2.5116908782
920.1000000000 2.5125946059
920.2000000000 2.5128834407
920.3000000000 2.5094871063
920.4000000000 2.5092810995
920.5000000000 2.5103120661
920.6000000000 2.5124159124
920.7000000000 2.5099242674
920.8000000000 2.5113920774
920.9000000000 2.5115074398
921.0000000000 2.5097462335
921.1000000000 2.5086866723
921.2000000000 2.5077077332
921.3000000000 2.5077050831
921.4000000000 2.5071865624
921.5000000000 2.5082623873
921.6000000000 2.5102415240
921.7000000000 2.5075817954
921.8000000000 2.5079801588
921.9000000000 2.5100618437
922.0000000000 2.5081170555
922.1000000000 2.5087441337
922.2000000000 2.5106718902
922.3000000000 2.5077271299
922.4000000000 2.5063816901
922.5000000000 2.5093502149
922.6000000000 2.5112329886
922.7000000000 2.5092235323
922.8000000000 2.5083095274
922.9000000000 2.5086104209
923.0000000000 2.5082267137
923.1000000000 2.5095578183
923.2000000000 2.5102507292
923.3000000000 2.5096500519
923.4000000000 2.5100003955
923.5000000000 2.5103753376
923.6000000000 2.5086093301
923.7000000000 2.5070013396
923.8000000000 2.5064832482
923.9000000000 2.5100474994
924.0000000000 2.5083948983
924.1000000000 2.5093620338
924.2000000000 2.5085718803
924.3000000000 2.5088609010
924.4000000000 2.5061253575
924.5000000000 2.5079335828
924.6000000000 2.5045858331
924.7000000000 2.5042956753
924.8000000000 2.5057554850
924.9000000000 2.5045317455
925.0000000000 2.5043512749
925.1000000000 2.5027924957
925.2000000000 2.5051259997
925.3000000000 2.5063548193
925.4000000000 2.5061200097
925.5000000000 2.5029327387
925.6000000000 2.5015008190
925.7000000000 2.5011627860
925.8000000000 2.5019411694
925.9000000000 2.5003205789
926.0000000000 2.5014476156
926.1000000000 2.4995894294
926.2000000000 2.5001000822
926.3000000000 2.5022018383
926.4000000000 2.5013870714
926.5000000000 2.4997949122
926.6000000000 2.4985202605
926.7000000000 2.4987504474
926.8000000000 2.4985777456
926.9000000000 2.4953106394
927.0000000000 2.4976960489
927.1000000000 2.4977263559
927.2000000000 2.4980466098
927.3000000000 2.4969278504
927.4000000000 2.4990563396
927.5000000000 2.5000811466
927.6000000000 2.4985970803
927.7000000000 2.4975261671
927.8000000000 2.4976202922
927.9000000000 2.4930020452
928.0000000000 2.4958580646
928.1000000000 2.4967787993
928.2000000000 2.4978572685
928.3000000000 2.4999657216
928.4000000000 2.5008707747
928.5000000000 2.4993231240
928.6000000000 2.4972774115
928.7000000000 2.4957560396
928.8000000000 2.4944584563
928.9000000000 2.4928121015
929.0000000000 2.4950790569
929.1000000000 2.4950804365
929.2000000000 2.4975974823
929.3000000000 2.4996333850
929.4000000000 2.5009429991
929.5000000000 2.5025690219
929.6000000000 2.5034241402
929.7000000000 2.5051985567
929.8000000000 2.5033970774
929.9000000000 2.5033382540
930.0000000000 2.5005821677
930.1000000000 2.5030092388
930.2000000000 2.5023493789
930.3000000000 2.4989398107
930.4000000000 2.5015512792
930.5000000000 2.4973154403
930.6000000000 2.4963300796
930.7000000000 2.4958678905
930.8000000000 2.4957124302
930.9000000000 2.4941459815
931.0000000000 2.4916292466
931.1000000000 2.4930417534
931.2000000000 2.4926711076
931.3000000000 2.4928729370
931.4000000000 2.4955818444
931.5000000000 2.4935761516
931.6000000000 2.4952956458
931.7000000000 2.4954380253
931.8000000000 2.4949290789
931.9000000000 2.4978146765
932.0000000000 2.4968110443
932.1000000000 2.4955968343
932.2000000000 2.4964274875
932.3000000000 2.4945267519
932.4000000000 2.4975433931
932.5000000000 2.4953601602
932.6000000000 2.4979780382
932.7000000000 2.4970244669
932.8000000000 2.4966478322
932.9000000000 2.4978746854
933.0000000000 2.4965710664
933.1000000000 2.4957408973
933.2000000000 2.4961624304
933.3000000000 2.4964959307
933.4000000000 2.4970717728
933.5000000000 2.4947434318
933.6000000000 2.4945100703
933.7000000000 2.4950990344
933.8000000000 2.4933584352
933.9000000000 2.4924707465
934.0000000000 2.4938474300
934.1000000000 2.4957243396
934.2000000000 2.4948598470
934.3000000000 2.4936491586
934.4000000000 2.4939295228
934.5000000000 2.4936786676
934.6000000000 2.4957050203
934.7000000000 2.4961053176
934.8000000000 2.4928803067
934.9000000000 2.4920068103
935.0000000000 2.4931111800
935.1000000000 2.4971098742
935.2000000000 2.4958536466
935.3000000000 2.4954014539
935.4000000000 2.4970584199
935.5000000000 2.4954367157
935.6000000000 2.4953279559
935.7000000000 2.4962894496
935.8000000000 2.4972688460
935.9000000000 2.4966659230
936.0000000000 2.4957958567
936.1000000000 2.4971068865
936.2000000000 2.4987686897
936.3000000000 2.5001017649
936.4000000000 2.4971559907
936.5000000000 2.4970487181
936.6000000000 2.4981806002
936.7000000000 2.4970311564
936.8000000000 2.4990590493
936.9000000000 2.4993440091
937.0000000000 2.4988465134
937.1000000000 2.4983494920
937.2000000000 2.4985642587
937.3000000000 2.4967065983
937.4000000000 2.4979876594
937.5000000000 2.4972215137
937.6000000000 2.4945870548
937.7000000000 2.4967798134
937.8000000000 2.4963186020
937.9000000000 2.4978627236
938.0000000000 2.4962684040
938.1000000000 2.4948551510
938.2000000000 2.4959536564
938.3000000000 2.4986521434
938.4000000000 2.4968044359
938.5000000000 2.4970865691
938.6000000000 2.4951870100
938.7000000000 2.4983135207
938.8000000000 2.5006744784
938.9000000000 2.4993463482
939.0000000000 2.4997154366
939.1000000000 2.4975429544
939.2000000000 2.4985457889
939.3000000000 2.4996438538
939.4000000000 2.4997057441
939.5000000000 2.5023747375
939.6000000000 2.5006375836
939.7000000000 2.5005922299
939.8000000000 2.4969151152
939.9000000000 2.4966424970
940.0000000000 2.4963528911
940.1000000000 2.4969464260
940.2000000000 2.4949225260
940.3000000000 2.4940078175
940.4000000000 2.4959063518
940.5000000000 2.4949003273
940.6000000000 2.4935376008
940.7000000000 2.4931025855
940.8000000000 2.4927623356
940.9000000000 2.4906923462
941.0000000000 2.4900703493
941.1000000000 2.4907592192
941.2000000000 2.4927973229
941.3000000000 2.4950195020
941.4000000000 2.4975568925
941.5000000000 2.4961255180
941.6000000000 2.4964772310
941.7000000000 2.4949378615
941.8000000000 2.4952688641
941.9000000000 2.4933109159
942.0000000000 2.4925589979
942.1000000000 2.4910260143
942.2000000000 2.4923466904
942.3000000000 2.4910254261
942.4000000000 2.4916500418
942.5000000000 2.4910372921
942.6000000000 2.4895678404
942.7000000000 2.4897299984
942.8000000000 2.4891825050
942.9000000000 2.4866811574
943.0000000000 2.4862255270
943.1000000000 2.4888184454
943.2000000000 2.4910907659
943.3000000000 2.4917623930
943.4000000000 2.4891892398
943.5000000000 2.4905951903
943.6000000000 2.4928353782
943.7000000000 2.4895583098
943.8000000000 2.4889956743
943.9000000000 2.4867655996
944.0000000000 2.4897178509
944.1000000000 2.4858174330
944.2000000000 2.4857001567
944.3000000000 2.4871507255
944.4000000000 2.4880414957
944.5000000000 2.4891757439
944.6000000000 2.4893734840
944.7000000000 2.4879854399
944.8000000000 2.4838261221
944.9000000000 2.4870320719
945.0000000000 2.4854217168
945.1000000000 2.4853712934
945.2000000000 2.4861794905
945.3000000000 2.4849899255
945.4000000000 2.4833372090
945.5000000000 2.4839085537
945.6000000000 2.4834581027
945.7000000000 2.4824172928
945.8000000000 2.4813837104
945.9000000000 2.4802300759
946.0000000000 2.4815215687
946.1000000000 2.4814454383
946.2000000000 2.4822593263
946.3000000000 2.4796192168
946.4000000000 2.4786839741
946.5000000000 2.4805577077
946.6000000000 2.4786046104
946.7000000000 2.4753257750
946.8000000000 2.4767550400
946.9000000000 2.4786330481
947.0000000000 2.4768410800
947.1000000000 2.4769594472
947.2000000000 2.4773767369
947.3000000000 2.4749108953
947.4000000000 2.4760324080
947.5000000000 2.4743508885
947.6000000000 2.4732615128
947.7000000000 2.4735122530
947.8000000000 2.4729276481
947.9000000000 2.4738602082
948.0000000000 2.4735523203
948.1000000000 2.4749250199
948.2000000000 2.4726673222
948.3000000000 2.4675281874
948.4000000000 2.4698591025
948.5000000000 2.4715863620
948.6000000000 2.4677024056
948.7000000000 2.4682960691
948.8000000000 2.4680106657
948.9000000000 2.4675872638
949.0000000000 2.4696687545
949.1000000000 2.4689708292
949.2000000000 2.4658173669
949.3000000000 2.4656505931
949.4000000000 2.4645169050
949.5000000000 2.4657652186
949.6000000000 2.4700038049
949.7000000000 2.4680041914
949.8000000000 2.4688554254
949.9000000000 2.4680951958
950.0000000000 2.4705176296
950.1000000000 2.4675772839
950.2000000000 2.4692634346
950.3000000000 2.4713132393
950.4000000000 2.4713017529
950.5000000000 2.4722636569
950.6000000000 2.4732134742
950.7000000000 2.4748800644
950.8000000000 2.4721678900
950.9000000000 2.4718947112
951.0000000000 2.4687475027
951.1000000000 2.4664588837
951.2000000000 2.4682794127
951.3000000000 2.4675489020
951.4000000000 2.4665536272
951.5000000000 2.4652339244
951.6000000000 2.4670450771
951.7000000000 2.4661475340
951.8000000000 2.4673834700
951.9000000000 2.4672629094
952.0000000000 2.4686650524
952.1000000000 2.4671142812
952.2000000000 2.4691057190
952.3000000000 2.4694554434
952.4000000000 2.4680208396
952.5000000000 2.4690121360
952.6000000000 2.4707716210
952.7000000000 2.4704124563
952.8000000000 2.4686471502
952.9000000000 2.4675069920
953.0000000000 2.4664756523
953.1000000000 2.4631438611
953.2000000000 2.4664867748
953.3000000000 2.4662239864
953.4000000000 2.4692178212
953.5000000000 2.4698212334
953.6000000000 2.4691987201
953.7000000000 2.4675728511
953.8000000000 2.4660654392
953.9000000000 2.4679817131
954.0000000000 2.4645152583
954.1000000000 2.4655325711
954.2000000000 2.4664289855
954.3000000000 2.4657529181
954.4000000000 2.4660068948
954.5000000000 2.4660189301
954.6000000000 2.4662788447
954.7000000000 2.4674723923
954.8000000000 2.4668596698
954.9000000000 2.4695847076
955.0000000000 2.4689850278
955.1000000000 2.4690479082
955.2000000000 2.4680480058
955.3000000000 2.4678957369
955.4000000000 2.4705730121
955.5000000000 2.4711388595
955.6000000000 2.4744632336
955.7000000000 2.4742612091
955.8000000000 2.4728461697
955.9000000000 2.4734512070
956.0000000000 2.4739154369
956.1000000000 2.4715681404
956.2000000000 2.4719045727
956.3000000000 2.4700088714
956.4000000000 2.4692889758
956.5000000000 2.4699745507
956.6000000000 2.4683942310
956.7000000000 2.4688385119
956.8000000000 2.4684755846
956.9000000000 2.4681492071
957.0000000000 2.4683026985
957.1000000000 2.4695089440
957.2000000000 2.4701060548
957.3000000000 2.4709994261
957.4000000000 2.4700771809
957.5000000000 2.4696462245
957.6000000000 2.4686051671
957.7000000000 2.4703650508
957.8000000000 2.4694634686
957.9000000000 2.4697585837
958.0000000000 2.4700710143
958.1000000000 2.4725316810
958.2000000000 2.4731276037
958.3000000000 2.4725462045
958.4000000000 2.4719624703
958.5000000000 2.4725241332
958.6000000000 2.4718575031
958.7000000000 2.4695097435
958.8000000000 2.4723687669
958.9000000000 2.4744881977
959.0000000000 2.4716669255
959.1000000000 2.4700705251
959.2000000000 2.4720100047
959.3000000000 2.4752037986
959.4000000000 2.4750459322
959.5000000000 2.4728740888
959.6000000000 2.4717936372
959.7000000000 2.4726710231
959.8000000000 2.4743784209
959.9000000000 2.4725648572
960.0000000000 2.4708608809
960.1000000000 2.4721274195
960.2000000000 2.4741812713
960.3000000000 2.4713007032
960.4000000000 2.4696264681
960.5000000000 2.4700579877
960.6000000000 2.4702512757
960.7000000000 2.4730416452
960.8000000000 2.4729558488
960.9000000000 2.4734503243
961.0000000000 2.4699255186
961.1000000000 2.4706064080
961.2000000000 2.4702345021
961.3000000000 2.4711352473
961.4000000000 2.4710072784
961.5000000000 2.4695075359
961.6000000000 2.4668771160
961.7000000000 2.4681596245
961.8000000000 2.4677512084
961.9000000000 2.4667968059
962.0000000000 2.4669470683
962.1000000000 2.4674932525
962.2000000000 2.4688602998
962.3000000000 2.4689209075
962.4000000000 2.4721651252
962.5000000000 2.4735977043
962.6000000000 2.4714850761
962.7000000000 2.4718033117
962.8000000000 2.4690342553
962.9000000000 2.4714461640
963.0000000000 2.4692807619
963.1000000000 2.4691089224
963.2000000000 2.4705174787
963.3000000000 2.4706643816
963.4000000000 2.4694569677
963.5000000000 2.4694139987
963.6000000000 2.4676014352
963.7000000000 2.4657115801
963.8000000000 2.4644993533
963.9000000000 2.4680253846
964.0000000000 2.4645753204
964.1000000000 2.4642125753
964.2000000000 2.4628990653
964.3000000000 2.4632173280
964.4000000000 2.4637150526
964.5000000000 2.4655111143
964.6000000000 2.4664766807
964.7000000000 2.4680783634
964.8000000000 2.4704976375
964.9000000000 2.4703043038
965.0000000000 2.4700875857
965.1000000000 2.4715246793
965.2000000000 2.4700495745
965.3000000000 2.4720862866
965.4000000000 2.4716441283
965.5000000000 2.4738183291
965.6000000000 2.4759859682
965.7000000000 2.4752053055
965.8000000000 2.4782728154
965.9000000000 2.4793522776
966.0000000000 2.4783982943
966.1000000000 2.4799485071
966.2000000000 2.4782779841
966.3000000000 2.4802712869
966.4000000000 2.4810196287
966.5000000000 2.4786944537
966.6000000000 2.4737034751
966.7000000000 2.4763933325
966.8000000000 2.4795451498
966.9000000000 2.4806674964
967.0000000000 2.4800390359
967.1000000000 2.4803490941
967.2000000000 2.4798195560
967.3000000000 2.4824552386
967.4000000000 2.4834946695
967.5000000000 2.4817014025
967.6000000000 2.4822779038
967.7000000000 2.4849440767
967.8000000000 2.4808671992
967.9000000000 2.4807154842
968.0000000000 2.4813459067
968.1000000000 2.4829151716
968.2000000000 2.4866074771
968.3000000000 2.4870772609
968.4000000000 2.4870554068
968.5000000000 2.4866331527
968.6000000000 2.4839738198
968.7000000000 2.4825291770
968.8000000000 2.4848253226
968.9000000000 2.4833402302
969.0000000000 2.4831142167
969.1000000000 2.4850545407
969.2000000000 2.4803255684
969.3000000000 2.4814540618
969.4000000000 2.4804462945
969.5000000000 2.4787918070
969.6000000000 2.4772173349
969.7000000000 2.4784099698
969.8000000000 2.4796451777
969.9000000000 2.4779880785
970.0000000000 2.4765334862
970.1000000000 2.4744606923
970.2000000000 2.4730226235
970.3000000000 2.4714117771
970.4000000000 2.4707020731
970.5000000000 2.4696067140
970.6000000000 2.4697028776
970.7000000000 2.4673968687
970.8000000000 2.4681074987
970.9000000000 2.4664899038
971.0000000000 2.4670443796
971.1000000000 2.4665627436
971.2000000000 2.4686752209
971.3000000000 2.4686329949
971.4000000000 2.4665198326
971.5000000000 2.4688307229
971.6000000000 2.4687460518
971.7000000000 2.4679156764
971.8000000000 2.4673660823
971.9000000000 2.4663593376
972.0000000000 2.4673119097
972.1000000000 2.4663617489
972.2000000000 2.4670439467
972.3000000000 2.4690320817
972.4000000000 2.4660325984
972.5000000000 2.4676513689
972.6000000000 2.4662106534
972.7000000000 2.4667628566
972.8000000000 2.4666099108
972.9000000000 2.4652253834
973.0000000000 2.4660996521
973.1000000000 2.4649972709
973.2000000000 2.4668518278
973.3000000000 2.4692957390
973.4000000000 2.4677574617
973.5000000000 2.4700241078
973.6000000000 2.4704491181
973.7000000000 2.4702329075
973.8000000000 2.4721831279
973.9000000000 2.4691214872
974.0000000000 2.4686386091
974.1000000000 2.4675217792
974.2000000000 2.4660309638
974.3000000000 2.4665093583
974.4000000000 2.4662341325
974.5000000000 2.4650837352
974.6000000000 2.4649377331
974.7000000000 2.4658530329
974.8000000000 2.4655315661
974.9000000000 2.4670932986
975.0000000000 2.4671216231
975.1000000000 2.4666914702
975.2000000000 2.4650399818
975.3000000000 2.4637574247
975.4000000000 2.4645698809
975.5000000000 2.4651376272
975.6000000000 2.4645702716
975.7000000000 2.4610827924
975.8000000000 2.4609949604
975.9000000000 2.4629666946
976.0000000000 2.4628638945
976.1000000000 2.4642971309
976.2000000000 2.4665550351
976.3000000000 2.4682780240
976.4000000000 2.4656795844
976.5000000000 2.4651832698
976.6000000000 2.4654035149
976.7000000000 2.4657953730
976.8000000000 2.4672710903
976.9000000000 2.4667139007
977.0000000000 2.4679422732
977.1000000000 2.4670008921
977.2000000000 2.4674210205
977.3000000000 2.4672657794
977.4000000000 2.4685315639
977.5000000000 2.4684073559
977.6000000000 2.4674221392
977.7000000000 2.4672452801
977.8000000000 2.4681882192
977.9000000000 2.4681698037
978.0000000000 2.4670766367
978.1000000000 2.4659689233
978.2000000000 2.4622458170
978.3000000000 2.4614550074
978.4000000000 2.4573127356
978.5000000000 2.4585558008
978.6000000000 2.4560324424
978.7000000000 2.4558951516
978.8000000000 2.4575679862
978.9000000000 2.4574363805
979.0000000000 2.4556638050
979.1000000000 2.4527880367
979.2000000000 2.4558506482
979.3000000000 2.4561122496
979.4000000000 2.4568182276
979.5000000000 2.4578824338
979.6000000000 2.4572100836
979.7000000000 2.4573365272
979.8000000000 2.4577293628
979.9000000000 2.4572248437
980.0000000000 2.4590933315
980.1000000000 2.4567287738
980.2000000000 2.4567781065
980.3000000000 2.4556059770
980.4000000000 2.4550474898
980.5000000000 2.4542403403
980.6000000000 2.4535572896
980.7000000000 2.4527706081
980.8000000000 2.4524425799
980.9000000000 2.4525397019
981.0000000000 2.4525758903
981.1000000000 2.4532012541
981.2000000000 2.4547289875
981.3000000000 2.4543010441
981.4000000000 2.4551901917
981.5000000000 2.4536447163
981.6000000000 2.4561069083
981.7000000000 2.4549100876
981.8000000000 2.4565214634
981.9000000000 2.4564057170
982.0000000000 2.4582937995
982.1000000000 2.4601755898
982.2000000000 2.4600645392
982.3000000000 2.4593187655
982.4000000000 2.4602241661
982.5000000000 2.4598324122
982.6000000000 2.4592981926
982.7000000000 2.4612862138
982.8000000000 2.4606889050
982.9000000000 2.4622239223
983.0000000000 2.4612875354
983.1000000000 2.4614109844
983.2000000000 2.4618389662
983.3000000000 2.4624357079
983.4000000000 2.4619654455
983.5000000000 2.4626291479
983.6000000000 2.4621996438
983.7000000000 2.4607106617
983.8000000000 2.4626659671
983.9000000000 2.4648831364
984.0000000000 2.4629532639
984.1000000000 2.4623301687
984.2000000000 2.4631510137
984.3000000000 2.4664844510
984.4000000000 2.4653207760
984.5000000000 2.4664553571
984.6000000000 2.4660940867
984.7000000000 2.4637964497
984.8000000000 2.4661221573
984.9000000000 2.4649045436
985.0000000000 2.4626285742
985.1000000000 2.4662974735
985.2000000000 2.4639423770
985.3000000000 2.4633545700
985.4000000000 2.4623179634
985.5000000000 2.4634352279
985.6000000000 2.4625565976
985.7000000000 2.4640230724
985.8000000000 2.4624566692
985.9000000000 2.4631820482
986.0000000000 2.4620788726
986.1000000000 2.4624224706
986.2000000000 2.4620282326
986.3000000000 2.4626808995
986.4000000000 2.4642067683
986.5000000000 2.4653603174
986.6000000000 2.4668422051
986.7000000000 2.4645256180
986.8000000000 2.4648941881
986.9000000000 2.4632308250
987.0000000000 2.4620592385
987.1000000000 2.4599412392
987.2000000000 2.4581639812
987.3000000000 2.4586726114
987.4000000000 2.4595486546
987.5000000000 2.4595300940
987.6000000000 2.4623838014
987.7000000000 2.4620877780
987.8000000000 2.4605043263
987.9000000000 2.4590707021
988.0000000000 2.4597554765
988.1000000000 2.4609238650
988.2000000000 2.4618170415
988.3000000000 2.4617718151
988.4000000000 2.4621989838
988.5000000000 2.4600040082
988.6000000000 2.4601371099
988.7000000000 2.4612627734
988.8000000000 2.4619729963
988.9000000000 2.4629367633
989.0000000000 2.4642702648
989.1000000000 2.4645763996
989.2000000000 2.4643609625
989.3000000000 2.4637711912
989.4000000000 2.4637529796
989.5000000000 2.4650185846
989.6000000000 2.4623536897
989.7000000000 2.4616443389
989.8000000000 2.4625140849
989.9000000000 2.4657390315
990.0000000000 2.4656211010
990.1000000000 2.4657797925
990.2000000000 2.4677423889
990.3000000000 2.4690540874
990.4000000000 2.4721259341
990.5000000000 2.4726247922
990.6000000000 2.4706990894
990.7000000000 2.4710194524
990.8000000000 2.4686368415
990.9000000000 2.4669586644
991.0000000000 2.4660668995
991.1000000000 2.4663048084
991.2000000000 2.4676413293
991.3000000000 2.4687567169
991.4000000000 2.4698406063
991.5000000000 2.4697609013
991.6000000000 2.4684074490
991.7000000000 2.4715916037
991.8000000000 2.4705886743
991.9000000000 2.4755976989
992.0000000000 2.4754054395
992.1000000000 2.4740074952
992.2000000000 2.4765142028
992.3000000000 2.4780097067
992.4000000000 2.4787221033
992.5000000000 2.4826753404
992.6000000000 2.4790526864
992.7000000000 2.4787004244
992.8000000000 2.4814609245
992.9000000000 2.4776788610
993.0000000000 2.4801210431
993.1000000000 2.4767391363
993.2000000000 2.4777059830
993.3000000000 2.4772847706
993.4000000000 2.4749483960
993.5000000000 2.4744674452
993.6000000000 2.4745195109
993.7000000000 2.4752003344
993.8000000000 2.4753533358
993.9000000000 2.4747768490
994.0000000000 2.4740407961
994.1000000000 2.4763037131
994.2000000000 2.4750367025
994.3000000000 2.4745918914
994.4000000000 2.4729939094
994.5000000000 2.4747049896
994.6000000000 2.4724027476
994.7000000000 2.4729838584
994.8000000000 2.4737390833
994.9000000000 2.4741653522
995.0000000000 2.4727831937
995.1000000000 2.4720014213
995.2000000000 2.4725431056
995.3000000000 2.4729440127
995.4000000000 2.4720534065
995.5000000000 2.4736984853
995.6000000000 2.4716997578
995.7000000000 2.4722464741
995.8000000000 2.4711861123
995.9000000000 2.4721965066
996.0000000000 2.4721521162
996.1000000000 2.4737672482
996.2000000000 2.4738151776
996.3000000000 2.4746841119
996.4000000000 2.4764235270
996.5000000000 2.4772346502
996.6000000000 2.4765418454
996.7000000000 2.4781058231
996.8000000000 2.4743482940
996.9000000000 2.4753255640
997.0000000000 2.4772210238
997.1000000000 2.4773531686
997.2000000000 2.4789682365
997.3000000000 2.4789645113
997.4000000000 2.4766942510
997.5000000000 2.4795796610
997.6000000000 2.4802991530
997.7000000000 2.4802163298
997.8000000000 2.4772148416
997.9000000000 2.4791877979
998.0000000000 2.4782330058
998.1000000000 2.4769247872
998.2000000000 2.4759237779
998.3000000000 2.4782744618
998.4000000000 2.4773051695
998.5000000000 2.4755660461
998.6000000000 2.4765018050
998.7000000000 2.4766133755
998.8000000000 2.4731249910
998.9000000000 2.4713339143
999.0000000000 2.4730666243
999.1000000000 2.4761083144
999.2000000000 2.4747672580
999.3000000000 2.4743169455
999.4000000000 2.4714219251
999.5000000000 2.4707383203
999.6000000000 2.4717246852
999.7000000000 2.4738999028
999.8000000000 2.4738443681
999.9000000000 2.4760868041
1000.0000000000 2.4771140169
1000.1000000000 2.4776042957
1000.2000000000 2.4772629495
1000.3000000000 2.4783104041
1000.4000000000 2.4771417647
1000.5000000000 2.4751369806
1000.6000000000 2.4763315592
1000.7000000000 2.4763711083
1000.8000000000 2.4739921766
1000.9000000000 2.4749050190
1001.0000000000 2.4740296497
1001.1000000000 2.4750223503
1001.2000000000 2.4770119906
1001.3000000000 2.4771862801
1001.4000000000 2.4773952890
1001.5000000000 2.4773422065
1001.6000000000 2.4791243119
1001.7000000000 2.4777140430
1001.8000000000 2.4772181467
1001.9000000000 2.4784717900
1002.0000000000 2.4795687187
1002.1000000000 2.4780535288
1002.2000000000 2.4770580530
1002.3000000000 2.4778338359
1002.4000000000 2.4756488945
1002.5000000000 2.4757228917
1002.6000000000 2.4794743030
1002.7000000000 2.4801821882
1002.8000000000 2.4815429674
1002.9000000000 2.4812885786
1003.0000000000 2.4823369884
1003.1000000000 2.4843833269
1003.2000000000 2.4858067063
1003.3000000000 2.4861239072
1003.4000000000 2.4852850592
1003.5000000000 2.4849686662
1003.6000000000 2.4849339332
1003.7000000000 2.4804109742
1003.8000000000 2.4810836123
1003.9000000000 2.4816314691
1004.0000000000 2.4814575313
1004.1000000000 2.4817649570
1004.2000000000 2.4792214215
1004.3000000000 2.4813658842
1004.4000000000 2.4830223415
1004.5000000000 2.4847556099
1004.6000000000 2.4845558155
1004.7000000000 2.4835780575
1004.8000000000 2.4833004309
1004.9000000000 2.4835867778
1005.0000000000 2.4832506823
1005.1000000000 2.4848192749
1005.2000000000 2.4858492182
1005.3000000000 2.4830511282
1005.4000000000 2.4823053273
1005.5000000000 2.4825660199
1005.6000000000 2.4818581407
1005.7000000000 2.4836681320
1005.8000000000 2.4845653309
1005.9000000000 2.4855987298
1006.0000000000 2.4855752617
1006.1000000000 2.4858019018
1006.2000000000 2.4850363429
1006.3000000000 2.4871927037
1006.4000000000 2.4879131564
1006.5000000000 2.4866235370
1006.6000000000 2.4886060849
1006.7000000000 2.4873942874
1006.8000000000 2.4882668471
1006.9000000000 2.4898103252
1007.0000000000 2.4898115313
1007.1000000000 2.4900601812
1007.2000000000 2.4896283980
1007.3000000000 2.4885507916
1007.4000000000 2.4889349029
1007.5000000000 2.4885822538
1007.6000000000 2.4894161214
1007.7000000000 2.4907053697
1007.8000000000 2.4907430404
1007.9000000000 2.4892085491
1008.0000000000 2.4893327673
1008.1000000000 2.4910917355
1008.2000000000 2.4902311175
1008.3000000000 2.4914156915
1008.4000000000 2.4879405592
1008.5000000000 2.4902464987
1008.6000000000 2.4882546434
1008.7000000000 2.4889128252
1008.8000000000 2.4886882151
1008.9000000000 2.4882041203
1009.0000000000 2.4883919385
1009.1000000000 2.4905076382
1009.2000000000 2.4890145373
1009.3000000000 2.4892552152
1009.4000000000 2.4867449142
1009.5000000000 2.4858615514
1009.6000000000 2.4851994689
1009.7000000000 2.4868056601
1009.8000000000 2.4894355651
1009.9000000000 2.4900425603
1010.0000000000 2.4896842375
1010.1000000000 2.4886856278
1010.2000000000 2.4902626972
1010.3000000000 2.4897200667
1010.4000000000 2.4886908071
1010.5000000000 2.4889921036
1010.6000000000 2.4880362395
1010.7000000000 2.4858589785
1010.8000000000 2.4865306431
1010.9000000000 2.4852163422
1011.0000000000 2.4884521007
1011.1000000000 2.4870251126
1011.2000000000 2.4839529746
1011.3000000000 2.4837454655
1011.4000000000 2.4870004558
1011.5000000000 2.4867245295
1011.6000000000 2.4880066748
1011.7000000000 2.4861361902
1011.8000000000 2.4830802097
1011.9000000000 2.4844733400
1012.0000000000 2.4835801154
1012.1000000000 2.4851022601
1012.2000000000 2.4820994311
1012.3000000000 2.4807459551
1012.4000000000 2.4828851837
1012.5000000000 2.4818569662
1012.6000000000 2.4854362801
1012.7000000000 2.4852280808
1012.8000000000 2.4830096681
1012.9000000000 2.4816439267
1013.0000000000 2.4811003107
1013.1000000000 2.4809692743
1013.2000000000 2.4799340448
1013.3000000000 2.4776676357
1013.4000000000 2.4788515201
1013.5000000000 2.4769784834
1013.6000000000 2.4765099745
1013.7000000000 2.4790050770
1013.8000000000 2.4799248860
1013.9000000000 2.4780420392
1014.0000000000 2.4761686079
1014.1000000000 2.4760479718
1014.2000000000 2.4746113707
1014.3000000000 2.4739404175
1014.4000000000 2.4746076011
1014.5000000000 2.4760172481
1014.6000000000 2.4781088244
1014.7000000000 2.4789020225
1014.8000000000 2.4812062560
1014.9000000000 2.4816935892
1015.0000000000 2.4793210032
1015.1000000000 2.4799907781
1015.2000000000 2.4812918318
1015.3000000000 2.4782840654
1015.4000000000 2.4793266096
1015.5000000000 2.4795919623
1015.6000000000 2.4804126307
1015.7000000000 2.4818457590
1015.8000000000 2.4829838467
1015.9000000000 2.4843550119
1016.0000000000 2.4823718503
1016.1000000000 2.4833069446
1016.2000000000 2.4821521860
1016.3000000000 2.4826738134
1016.4000000000 2.4848180740
1016.5000000000 2.4820115511
1016.6000000000 2.4853607329
1016.7000000000 2.4846530151
1016.8000000000 2.4877572440
1016.9000000000 2.4866994130
1017.0000000000 2.4857686324
1017.1000000000 2.4886202054
1017.2000000000 2.4879235928
1017.3000000000 2.4878518279
1017.4000000000 2.4878739276
1017.5000000000 2.4877574922
1017.6000000000 2.4910449578
1017.7000000000 2.4912526377
1017.8000000000 2.4910612913
1017.9000000000 2.4915320150
1018.0000000000 2.4931154862
1018.1000000000 2.4911705678
1018.2000000000 2.4893998894
1018.3000000000 2.4890304061
1018.4000000000 2.4895568449
1018.5000000000 2.4914676507
1018.6000000000 2.4940009766
1018.7000000000 2.4938204648
1018.8000000000 2.4938427967
1018.9000000000 2.4948292013
1019.0000000000 2.4947507439
1019.1000000000 2.4963898416
1019.2000000000 2.4999867006
1019.3000000000 2.5022785784
1019.4000000000 2.5034761865
1019.5000000000 2.5027926191
1019.6000000000 2.5002357823
1019.7000000000 2.5027107776
1019.8000000000 2.5024016357
1019.9000000000 2.5007581846
1020.0000000000 2.5003222109
1020.1000000000 2.4979838560
1020.2000000000 2.4989696007
1020.3000000000 2.4955949159
1020.4000000000 2.4961751335
1020.5000000000 2.4939505552
1020.6000000000 2.4929328996
1020.7000000000 2.4958486845
1020.8000000000 2.4948180200
1020.9000000000 2.4941272256
1021.0000000000 2.4947412002
1021.1000000000 2.4968701902
1021.2000000000 2.4968166781
1021.3000000000 2.4949978235
1021.4000000000 2.4930042102
1021.5000000000 2.4936740474
1021.6000000000 2.4934955386
1021.7000000000 2.4934486139
1021.8000000000 2.4923236972
1021.9000000000 2.4942285514
1022.0000000000 2.4945611309
1022.1000000000 2.4949823443
1022.2000000000 2.4953048620
1022.3000000000 2.4971946707
1022.4000000000 2.4946002264
1022.5000000000 2.4965841831
1022.6000000000 2.4945632613
1022.7000000000 2.4955176500
1022.8000000000 2.4943056568
1022.9000000000 2.4923608613
1023.0000000000 2.4918737400
1023.1000000000 2.4886092360
1023.2000000000 2.4904529330
1023.3000000000 2.4890846607
1023.4000000000 2.4919305203
1023.5000000000 2.4939415241
1023.6000000000 2.4937517645
1023.7000000000 2.4940417067
1023.8000000000 2.4932000644
1023.9000000000 2.4942290571
1024.0000000000 2.4942905242
1024.1000000000 2.4913889709
1024.2000000000 2.4926674671
1024.3000000000 2.4938717120
1024.4000000000 2.4926017746
1024.5000000000 2.4941051356
1024.6000000000 2.4934646681
1024.7000000000 2.4909271435
1024.8000000000 2.4900182551
1024.9000000000 2.4904130477
1025.0000000000 2.4913126842
1025.1000000000 2.4906469262
1025.2000000000 2.4894886618
1025.3000000000 2.4895909292
1025.4000000000 2.4942436682
1025.5000000000 2.4932834945
1025.6000000000 2.4922204910
1025.7000000000 2.4931935362
1025.8000000000 2.4910353668
1025.9000000000 2.4918306438
1026.0000000000 2.4916914941
1026.1000000000 2.4931433178
1026.2000000000 2.4952891937
1026.3000000000 2.4944759154
1026.4000000000 2.4960314272
1026.5000000000 2.4944150363
1026.6000000000 2.4940746816
1026.7000000000 2.4947098320
1026.8000000000 2.4941473738
1026.9000000000 2.4932673333
1027.0000000000 2.4927199818
1027.1000000000 2.4944686056
1027.2000000000 2.4947115646
1027.3000000000 2.4946810366
1027.4000000000 2.4947888600
1027.5000000000 2.4957545679
1027.6000000000 2.4963917997
1027.7000000000 2.4973722760
1027.8000000000 2.4999162605
1027.9000000000 2.4996223140
1028.0000000000 2.4980125323
1028.1000000000 2.5000245697
1028.2000000000 2.4985474997
1028.3000000000 2.4988713266
1028.4000000000 2.5022278523
1028.5000000000 2.5023229844
1028.6000000000 2.5010634060
1028.7000000000 2.5021656810
1028.8000000000 2.5011896570
1028.9000000000 2.5025594034
1029.0000000000 2.5026065543
1029.1000000000 2.5043338560
1029.2000000000 2.5024874804
1029.3000000000 2.5039653153
1029.4000000000 2.5031517192
1029.5000000000 2.5011924573
1029.6000000000 2.5025854066
1029.7000000000 2.5038953250
1029.8000000000 2.5015808026
1029.9000000000 2.5005913867
1030.0000000000 2.5012970776
1030.1000000000 2.5022895928
1030.2000000000 2.5009432663
1030.3000000000 2.5005943825
1030.4000000000 2.4991480623
1030.5000000000 2.5005123444
1030.6000000000 2.5011691817
1030.7000000000 2.5022716287
1030.8000000000 2.5017324255
1030.9000000000 2.5014271134
1031.0000000000 2.5017961458
1031.1000000000 2.5020334014
1031.2000000000 2.5011042623
1031.3000000000 2.4995834839
1031.4000000000 2.5020183090
1031.5000000000 2.5008198130
1031.6000000000 2.5003536969
1031.7000000000 2.5027612205
1031.8000000000 2.5040097533
1031.9000000000 2.5058779372
1032.0000000000 2.5062960288
1032.1000000000 2.5070239845
1032.2000000000 2.5059400680
1032.3000000000 2.5088311182
1032.4000000000 2.5065015295
1032.5000000000 2.5076658650
1032.6000000000 2.5057648808
1032.7000000000 2.5042207472
1032.8000000000 2.5042714271
1032.9000000000 2.5042438348
1033.0000000000 2.4986874032
1033.1000000000 2.4991920300
1033.2000000000 2.4991294083
1033.3000000000 2.4996306944
1033.4000000000 2.4994876284
1033.5000000000 2.4989358048
1033.6000000000 2.4991588401
1033.7000000000 2.4985710858
1033.8000000000 2.5000805987
1033.9000000000 2.5028620333
1034.0000000000 2.5006280796
1034.1000000000 2.5002295913
1034.2000000000 2.4998063881
1034.3000000000 2.4998489187
1034.4000000000 2.5024579298
1034.5000000000 2.5051215479
1034.6000000000 2.5061306465
1034.7000000000 2.5046918458
1034.8000000000 2.5055763825
1034.9000000000 2.5056455080
1035.0000000000 2.5019638925
1035.1000000000 2.5026372161
1035.2000000000 2.5003235196
1035.3000000000 2.5007758231
1035.4000000000 2.5001753711
1035.5000000000 2.5001573560
1035.6000000000 2.5016126144
1035.7000000000 2.5027117681
1035.8000000000 2.5013230541
1035.9000000000 2.4990886117
1036.0000000000 2.5016358610
1036.1000000000 2.5015484772
1036.2000000000 2.5010094773
1036.3000000000 2.5000079386
1036.4000000000 2.5003176627
1036.5000000000 2.4998419568
1036.6000000000 2.4998811065
1036.7000000000 2.5019967389
1036.8000000000 2.5015341147
1036.9000000000 2.5005037456
1037.0000000000 2.5009025213
1037.1000000000 2.5012177099
1037.2000000000 2.5020315890
1037.3000000000 2.5017694854
1037.4000000000 2.5033933195
1037.5000000000 2.5051410277
1037.6000000000 2.5052804260
1037.7000000000 2.5063091797
1037.8000000000 2.5037123149
1037.9000000000 2.5025152525
1038.0000000000 2.5034793505
1038.1000000000 2.5005370259
1038.2000000000 2.5004791257
1038.3000000000 2.4999663056
1038.4000000000 2.5009663709
1038.5000000000 2.5026170128
1038.6000000000 2.5019125597
1038.7000000000 2.5033708276
1038.8000000000 2.5048887739
1038.9000000000 2.5060139531
1039.0000000000 2.5058367246
1039.1000000000 2.5054718967
1039.2000000000 2.5064459597
1039.3000000000 2.5041811760
1039.4000000000 2.5048547073
1039.5000000000 2.5047646085
1039.6000000000 2.5067705220
1039.7000000000 2.5080220912
1039.8000000000 2.5102754771
1039.9000000000 2.5117349833
1040.0000000000 2.5152419734
1040.1000000000 2.5158061325
1040.2000000000 2.5175643084
1040.3000000000 2.5180537565
1040.4000000000 2.5146674615
1040.5000000000 2.5110990544
1040.6000000000 2.5133890225
1040.7000000000 2.5133302516
1040.8000000000 2.5158139687
1040.9000000000 2.5165006859
1041.0000000000 2.5144966852
1041.1000000000 2.5133716929
1041.2000000000 2.5098719265
1041.3000000000 2.5114452728
1041.4000000000 2.5108782470
1041.5000000000 2.5107874082
1041.6000000000 2.5082882231
1041.7000000000 2.5090649201
1041.8000000000 2.5085390281
1041.9000000000 2.5087615454
1042.0000000000 2.5072507206
1042.1000000000 2.5099346397
1042.2000000000 2.5127635724
1042.3000000000 2.5120342547
1042.4000000000 2.5123027096
1042.5000000000 2.5140232979
1042.6000000000 2.5144682196
1042.7000000000 2.5141266264
1042.8000000000 2.5154211762
1042.9000000000 2.5157390662
1043.0000000000 2.5149080891
1043.1000000000 2.5142581692
1043.2000000000 2.5130070737
1043.3000000000 2.5170262422
1043.4000000000 2.5190965008
1043.5000000000 2.5179083778
1043.6000000000 2.5188829097
1043.7000000000 2.5183781246
1043.8000000000 2.5176707304
1043.9000000000 2.5178246473
1044.0000000000 2.5202135358
1044.1000000000 2.5215507269
1044.2000000000 2.5211879208
1044.3000000000 2.5212043366
1044.4000000000 2.5188327020
1044.5000000000 2.5194225610
1044.6000000000 2.5218128758
1044.7000000000 2.5202487070
1044.8000000000 2.5196902840
1044.9000000000 2.5163148564
1045.0000000000 2.5148571675
1045.1000000000 2.5131680480
1045.2000000000 2.5117012026
1045.3000000000 2.5113430870
1045.4000000000 2.5122508122
1045.5000000000 2.5140709538
1045.6000000000 2.5130896515
1045.7000000000 2.5137687358
1045.8000000000 2.5096918086
1045.9000000000 2.5101752875
1046.0000000000 2.5117908150
1046.1000000000 2.5082114504
1046.2000000000 2.5115821860
1046.3000000000 2.5123576150
1046.4000000000 2.5135991131
1046.5000000000 2.5145174749
1046.6000000000 2.5134273964
1046.7000000000 2.5145020505
1046.8000000000 2.5163545495
1046.9000000000 2.5174614311
1047.0000000000 2.5178228110
1047.1000000000 2.5156932643
1047.2000000000 2.5153835600
1047.3000000000 2.5199364749
1047.4000000000 2.5194563681
1047.5000000000 2.5214768462
1047.6000000000 2.5210022448
1047.7000000000 2.5211146615
1047.8000000000 2.5232976565
1047.9000000000 2.5230019897
1048.0000000000 2.5245614945
1048.1000000000 2.5189465856
1048.2000000000 2.5227274003
1048.3000000000 2.5222436683
1048.4000000000 2.5201756356
1048.5000000000 2.5178450825
1048.6000000000 2.5204261520
1048.7000000000 2.5204238405
1048.8000000000 2.5205561623
1048.9000000000 2.5194230975
1049.0000000000 2.5179048017
1049.1000000000 2.5170894810
1049.2000000000 2.5193748731
1049.3000000000 2.5183420033
1049.4000000000 2.5180557692
1049.5000000000 2.5194645717
1049.6000000000 2.5184249823
1049.7000000000 2.5176700206
1049.8000000000 2.5163571832
1049.9000000000 2.5165349712
1050.0000000000 2.5152020476
1050.1000000000 2.5156295075
1050.2000000000 2.5167951579
1050.3000000000 2.5145896128
1050.4000000000 2.5170190417
1050.5000000000 2.5141582109
1050.6000000000 2.5147166021
1050.7000000000 2.5143395805
1050.8000000000 2.5145778815
1050.9000000000 2.5155014612
1051.0000000000 2.5159397394
1051.1000000000 2.5172251750
1051.2000000000 2.5154503850
1051.3000000000 2.5150419011
1051.4000000000 2.5149706061
1051.5000000000 2.5106640976
1051.6000000000 2.5111375471
1051.7000000000 2.5141243310
1051.8000000000 2.5165654088
1051.9000000000 2.5142194764
1052.0000000000 2.5158713318
1052.1000000000 2.5164143625
1052.2000000000 2.5188939774
1052.3000000000 2.5154476755
1052.4000000000 2.5170953963
1052.5000000000 2.5175566977
1052.6000000000 2.5166541344
1052.7000000000 2.5204416121
1052.8000000000 2.5202246089
1052.9000000000 2.5200227026
1053.0000000000 2.5212419136
1053.1000000000 2.5203017461
1053.2000000000 2.5212610423
1053.3000000000 2.5211300537
1053.4000000000 2.5217473115
1053.5000000000 2.5231174693
1053.6000000000 2.5245296446
1053.7000000000 2.5241250236
1053.8000000000 2.5239811894
1053.9000000000 2.5229356132
1054.0000000000 2.5254023259
1054.1000000000 2.5241775802
1054.2000000000 2.5247624979
1054.3000000000 2.5224855937
1054.4000000000 2.5243926548
1054.5000000000 2.5274531385
1054.6000000000 2.5258702443
1054.7000000000 2.5273484900
1054.8000000000 2.5288375757
1054.9000000000 2.5252755553
1055.0000000000 2.5250424043
1055.1000000000 2.5241716703
1055.2000000000 2.5251735510
1055.3000000000 2.5269069868
1055.4000000000 2.5274895325
1055.5000000000 2.5266943582
1055.6000000000 2.5271022914
1055.7000000000 2.5264798184
1055.8000000000 2.5224099501
1055.9000000000 2.5246654566
1056.0000000000 2.5241811896
1056.1000000000 2.5249736244
1056.2000000000 2.5239781530
1056.3000000000 2.5269952658
1056.4000000000 2.5288668245
1056.5000000000 2.5245161684
1056.6000000000 2.5270659406
1056.7000000000 2.5269445811
1056.8000000000 2.5241737958
1056.9000000000 2.5255580378
1057.0000000000 2.5250122898
1057.1000000000 2.5268752764
1057.2000000000 2.5282365898
1057.3000000000 2.5278475540
1057.4000000000 2.5263478067
1057.5000000000 2.5290411253
1057.6000000000 2.5284241360
1057.7000000000 2.5280780939
1057.8000000000 2.5275188112
1057.9000000000 2.5271078911
1058.0000000000 2.5269380131
1058.1000000000 2.5265438961
1058.2000000000 2.5274355356
1058.3000000000 2.5296399393
1058.4000000000 2.5303219567
1058.5000000000 2.5311304755
1058.6000000000 2.5300065097
1058.7000000000 2.5271183151
1058.8000000000 2.5292607124
1058.9000000000 2.5273879068
1059.0000000000 2.5281912593
1059.1000000000 2.5287123400
1059.2000000000 2.5277862381
1059.3000000000 2.5270066825
1059.4000000000 2.5221610888
1059.5000000000 2.5228540188
1059.6000000000 2.5229877335
1059.7000000000 2.5231730114
1059.8000000000 2.5236936253
1059.9000000000 2.5212708561
1060.0000000000 2.5197726003
1060.1000000000 2.5205201926
1060.2000000000 2.5227981978
1060.3000000000 2.5229087287
1060.4000000000 2.5243902277
1060.5000000000 2.5234626254
1060.6000000000 2.5234365564
1060.7000000000 2.5223043697
1060.8000000000 2.5222069285
1060.9000000000 2.5238794191
1061.0000000000 2.5252235335
1061.1000000000 2.5266364338
1061.2000000000 2.5265277610
1061.3000000000 2.5252884548
1061.4000000000 2.5255350428
1061.5000000000 2.5236972149
1061.6000000000 2.5251525988
1061.7000000000 2.5262923785
1061.8000000000 2.5253876757
1061.9000000000 2.5222602625
1062.0000000000 2.5242096096
1062.1000000000 2.5256345720
1062.2000000000 2.5253375994
1062.3000000000 2.5252756085
1062.4000000000 2.5233670836
1062.5000000000 2.5237742330
1062.6000000000 2.5217213863
1062.7000000000 2.5233080332
1062.8000000000 2.5237062788
1062.9000000000 2.5244099281
1063.0000000000 2.5269314397
1063.1000000000 2.5284051131
1063.2000000000 2.5288399947
1063.3000000000 2.5281814896
1063.4000000000 2.5267854718
1063.5000000000 2.5291716225
1063.6000000000 2.5282665165
1063.7000000000 2.5274884116
1063.8000000000 2.5296139898
1063.9000000000 2.5275610274
1064.0000000000 2.5287550567
1064.1000000000 2.5298213000
1064.2000000000 2.5312021625
1064.3000000000 2.5306777956
1064.4000000000 2.5317429693
1064.5000000000 2.5295078270
1064.6000000000 2.5289482202
1064.7000000000 2.5295788824
1064.8000000000 2.5295074561
1064.9000000000 2.5280055218
1065.0000000000 2.5273750556
1065.1000000000 2.5276397350
1065.2000000000 2.5265525457
1065.3000000000 2.5273104707
1065.4000000000 2.5282334508
1065.5000000000 2.5288559908
1065.6000000000 2.5290094593
1065.7000000000 2.5288221758
1065.8000000000 2.5291469758
1065.9000000000 2.5280052587
1066.0000000000 2.5267947594
1066.1000000000 2.5254236877
1066.2000000000 2.5255276928
1066.3000000000 2.5256780052
1066.4000000000 2.5238831945
1066.5000000000 2.5230823400
1066.6000000000 2.5253904058
1066.7000000000 2.5233133924
1066.8000000000 2.5263704847
1066.9000000000 2.5248867298
1067.0000000000 2.5231416851
1067.1000000000 2.5198188097
1067.2000000000 2.5226111780
1067.3000000000 2.5215732819
1067.4000000000 2.5211457707
1067.5000000000 2.5212027723
1067.6000000000 2.5205019881
1067.7000000000 2.5204814462
1067.8000000000 2.5230131710
1067.9000000000 2.5234766996
1068.0000000000 2.5248853888
1068.1000000000 2.5231823699
1068.2000000000 2.5227975074
1068.3000000000 2.5212000531
1068.4000000000 2.5228008120
1068.5000000000 2.5247845889
1068.6000000000 2.5213287709
1068.7000000000 2.5190182539
1068.8000000000 2.5187324262
1068.9000000000 2.5166066491
1069.0000000000 2.5174642654
1069.1000000000 2.5198553091
1069.2000000000 2.5208870556
1069.3000000000 2.5185266795
1069.4000000000 2.5190272331
1069.5000000000 2.5199515802
1069.6000000000 2.5188303280
1069.7000000000 2.5210395952
1069.8000000000 2.5206535812
1069.9000000000 2.5186295379
1070.0000000000 2.5173899434
1070.1000000000 2.5181731877
1070.2000000000 2.5199926042
1070.3000000000 2.5195623761
1070.4000000000 2.5189373804
1070.5000000000 2.5188024893
1070.6000000000 2.5202674258
1070.7000000000 2.5210582196
1070.8000000000 2.5180266687
1070.9000000000 2.5171148526
1071.0000000000 2.5160038104
1071.1000000000 2.5199329684
1071.2000000000 2.5200378913
1071.3000000000 2.5210525505
1071.4000000000 2.5230908499
1071.5000000000 2.5238233165
1071.6000000000 2.5267493272
1071.7000000000 2.5256840132
1071.8000000000 2.5247594474
1071.9000000000 2.5263349261
1072.0000000000 2.5271972979
1072.1000000000 2.5277071279
1072.2000000000 2.5264862249
1072.3000000000 2.5263659343
1072.4000000000 2.5281040373
1072.5000000000 2.5280678385
1072.6000000000 2.5271462749
1072.7000000000 2.5273913503
1072.8000000000 2.5303100743
1072.9000000000 2.5316882308
1073.0000000000 2.5328755275
1073.1000000000 2.5334206349
1073.2000000000 2.5321141806
1073.3000000000 2.5337963482
1073.4000000000 2.5363816111
1073.5000000000 2.5361417078
1073.6000000000 2.5346475795
1073.7000000000 2.5354836043
1073.8000000000 2.5365608414
1073.9000000000 2.5380728574
1074.0000000000 2.5389960235
1074.1000000000 2.5368459745
1074.2000000000 2.5368622652
1074.3000000000 2.5362550614
1074.4000000000 2.5373555016
1074.5000000000 2.5392816640
1074.6000000000 2.5408124354
1074.7000000000 2.5436488778
1074.8000000000 2.5413152888
1074.9000000000 2.5395638327
1075.0000000000 2.5409705401
1075.1000000000 2.5397670179
1075.2000000000 2.5399985650
1075.3000000000 2.5436356252
1075.4000000000 2.5451870892
1075.5000000000 2.5450483469
1075.6000000000 2.5450978151
1075.7000000000 2.5473672351
1075.8000000000 2.5467916190
1075.9000000000 2.5462452717
1076.0000000000 2.5429535619
1076.1000000000 2.5445199863
1076.2000000000 2.5459533129
1076.3000000000 2.5482448222
1076.4000000000 2.5432008151
1076.5000000000 2.5420167596
1076.6000000000 2.5366569232
1076.7000000000 2.5381280164
1076.8000000000 2.5386702604
1076.9000000000 2.5401347758
1077.0000000000 2.5403260645
1077.1000000000 2.5407084222
1077.2000000000 2.5405521986
1077.3000000000 2.5392476050
1077.4000000000 2.5419927056
1077.5000000000 2.5400783077
1077.6000000000 2.5422448319
1077.7000000000 2.5417808450
1077.8000000000 2.5417276954
1077.9000000000 2.5434499838
1078.0000000000 2.5433180416
1078.1000000000 2.5400505450
1078.2000000000 2.5404808786
1078.3000000000 2.5402005590
1078.4000000000 2.5424922435
1078.5000000000 2.5411380309
1078.6000000000 2.5420066349
1078.7000000000 2.5400595919
1078.8000000000 2.5411969707
1078.9000000000 2.5420191632
1079.0000000000 2.5458015814
1079.1000000000 2.5427434963
1079.2000000000 2.5447599003
1079.3000000000 2.5447387823
1079.4000000000 2.5438478386
1079.5000000000 2.5436757744
1079.6000000000 2.5459312493
1079.7000000000 2.5459452645
1079.8000000000 2.5495879226
1079.9000000000 2.5492384779
1080.0000000000 2.5470211150
1080.1000000000 2.5471367239
1080.2000000000 2.5465267033
1080.3000000000 2.5468443423
1080.4000000000 2.5475306590
1080.5000000000 2.5462314285
1080.6000000000 2.5457780609
1080.7000000000 2.5463901180
1080.8000000000 2.5475455177
1080.9000000000 2.5471816800
1081.0000000000 2.5462334363
1081.1000000000 2.5484689715
1081.2000000000 2.5471336201
1081.3000000000 2.5476672173
1081.4000000000 2.5449956993
1081.5000000000 2.5444719494
1081.6000000000 2.5439292676
1081.7000000000 2.5421397267
1081.8000000000 2.5437473851
1081.9000000000 2.5439183826
1082.0000000000 2.5437686199
1082.1000000000 2.5458692703
1082.2000000000 2.5430050093
1082.3000000000 2.5413789356
1082.4000000000 2.5412432014
1082.5000000000 2.5393858756
1082.6000000000 2.5423394709
1082.7000000000 2.5441730411
1082.8000000000 2.5401553327
1082.9000000000 2.5396576549
1083.0000000000 2.5396175373
1083.1000000000 2.5383878081
1083.2000000000 2.5361364217
1083.3000000000 2.5371406135
1083.4000000000 2.5373547080
1083.5000000000 2.5381881002
1083.6000000000 2.5372609549
1083.7000000000 2.5377274871
1083.8000000000 2.5349858579
1083.9000000000 2.5352260407
1084.0000000000 2.5338529198
1084.1000000000 2.5319078436
1084.2000000000 2.5352997339
1084.3000000000 2.5347447247
1084.4000000000 2.5335276721
1084.5000000000 2.5358218110
1084.6000000000 2.5344969286
1084.7000000000 2.5379218201
1084.8000000000 2.5359329566
1084.9000000000 2.5334671034
1085.0000000000 2.5363533507
1085.1000000000 2.5368281986
1085.2000000000 2.5367280194
1085.3000000000 2.5372834392
1085.4000000000 2.5370711782
1085.5000000000 2.5373190530
1085.6000000000 2.5349449101
1085.7000000000 2.5342270951
1085.8000000000 2.5343493032
1085.9000000000 2.5349223597
1086.0000000000 2.5357697646
1086.1000000000 2.5347689033
1086.2000000000 2.5335457125
1086.3000000000 2.5323168447
1086.4000000000 2.5344412220
1086.5000000000 2.5356785149
1086.6000000000 2.5347259034
1086.7000000000 2.5337400118
1086.8000000000 2.5335228966
1086.9000000000 2.5336017724
1087.0000000000 2.5348599756
1087.1000000000 2.5366271802
1087.2000000000 2.5351239387
1087.3000000000 2.5329903518
1087.4000000000 2.5351472125
1087.5000000000 2.5364476429
1087.6000000000 2.5360917892
1087.7000000000 2.5372699499
1087.8000000000 2.5369474359
1087.9000000000 2.5368789557
1088.0000000000 2.5365253497
1088.1000000000 2.5355047018
1088.2000000000 2.5370573957
1088.3000000000 2.5383515634
1088.4000000000 2.5356549112
1088.5000000000 2.5360119003
1088.6000000000 2.5375464813
1088.7000000000 2.5384484522
1088.8000000000 2.5378887766
1088.9000000000 2.5384670852
1089.0000000000 2.5388338014
1089.1000000000 2.5372740346
1089.2000000000 2.5389724883
1089.3000000000 2.5398676206
1089.4000000000 2.5391734616
1089.5000000000 2.5367309596
1089.6000000000 2.5400725540
1089.7000000000 2.5408399965
1089.8000000000 2.5414139653
1089.9000000000 2.5385015631
1090.0000000000 2.5373250646
1090.1000000000 2.5386303723
1090.2000000000 2.5345153172
1090.3000000000 2.5339501786
1090.4000000000 2.5334557460
1090.5000000000 2.5356977194
1090.6000000000 2.5363025654
1090.7000000000 2.5359116717
1090.8000000000 2.5342013917
1090.9000000000 2.5374545163
1091.0000000000 2.5366566952
1091.1000000000 2.5393506307
1091.2000000000 2.5398809608
1091.3000000000 2.5395105676
1091.4000000000 2.5416446297
1091.5000000000 2.5390161234
1091.6000000000 2.5394705284
1091.7000000000 2.5391559890
1091.8000000000 2.5358718109
1091.9000000000 2.5379428189
1092.0000000000 2.5376932347
1092.1000000000 2.5354810219
1092.2000000000 2.5376932017
1092.3000000000 2.5374145952
1092.4000000000 2.5386178375
1092.5000000000 2.5360517024
1092.6000000000 2.5348763322
1092.7000000000 2.5340036067
1092.8000000000 2.5353068784
1092.9000000000 2.5371370585
1093.0000000000 2.5378185950
1093.1000000000 2.5380271209
1093.2000000000 2.5382208845
1093.3000000000 2.5339555986
1093.4000000000 2.5368498805
1093.5000000000 2.5363094637
1093.6000000000 2.5340195358
1093.7000000000 2.5352971594
1093.8000000000 2.5386016445
1093.9000000000 2.5364313957
1094.0000000000 2.5374701740
1094.1000000000 2.5370365000
1094.2000000000 2.5404519917
1094.3000000000 2.5393412179
1094.4000000000 2.5402865828
1094.5000000000 2.5413582839
1094.6000000000 2.5374996292
1094.7000000000 2.5391969326
1094.8000000000 2.5393399402
1094.9000000000 2.5385281684
1095.0000000000 2.5364501231
1095.1000000000 2.5381295682
1095.2000000000 2.5376596333
1095.3000000000 2.5382277703
1095.4000000000 2.5373577407
1095.5000000000 2.5370786666
1095.6000000000 2.5370493760
1095.7000000000 2.5362960960
1095.8000000000 2.5393046558
1095.9000000000 2.5364050639
1096.0000000000 2.5387195628
1096.1000000000 2.5392374480
1096.2000000000 2.5392099101
1096.3000000000 2.5386781905
1096.4000000000 2.5386608304
1096.5000000000 2.5384458659
1096.6000000000 2.5379446954
1096.7000000000 2.5390924994
1096.8000000000 2.5395016395
1096.9000000000 2.5397934302
1097.0000000000 2.5385861201
1097.1000000000 2.5398484384
1097.2000000000 2.5384231395
1097.3000000000 2.5373338945
1097.4000000000 2.5377956652
1097.5000000000 2.5386079560
1097.6000000000 2.5391934962
1097.7000000000 2.5396616820
1097.8000000000 2.5388278198
1097.9000000000 2.5372964594
1098.0000000000 2.5359988362
1098.1000000000 2.5387027005
1098.2000000000 2.5421232562
1098.3000000000 2.5431741209
1098.4000000000 2.5459006240
1098.5000000000 2.5441189882
1098.6000000000 2.5446522025
1098.7000000000 2.5467945401
1098.8000000000 2.5479751445
1098.9000000000 2.5458486266
1099.0000000000 2.5432859770
1099.1000000000 2.5442434839
1099.2000000000 2.5443448791
1099.3000000000 2.5436162002
1099.4000000000 2.5405602769
1099.5000000000 2.5399556585
1099.6000000000 2.5379870633
1099.7000000000 2.5388721238
1099.8000000000 2.5388493230
1099.9000000000 2.5418867164
1100.0000000000 2.5409628476
1100.1000000000 2.5403246209
1100.2000000000 2.5446277862
1100.3000000000 2.5445615656
1100.4000000000 2.5434166951
1100.5000000000 2.5453392212
1100.6000000000 2.5455738533
1100.7000000000 2.5428315793
1100.8000000000 2.5402716918
1100.9000000000 2.5413881124
1101.0000000000 2.5423536348
1101.1000000000 2.5413950899
1101.2000000000 2.5414717092
1101.3000000000 2.5400988413
1101.4000000000 2.5364458407
1101.5000000000 2.5385405317
1101.6000000000 2.5394249778
1101.7000000000 2.5415450104
1101.8000000000 2.5421592256
1101.9000000000 2.5435037186
1102.0000000000 2.5444335898
1102.1000000000 2.5424166111
1102.2000000000 2.5429617447
1102.3000000000 2.5445483132
1102.4000000000 2.5441481539
1102.5000000000 2.5451607205
1102.6000000000 2.5450318073
1102.7000000000 2.5432884046
1102.8000000000 2.5416087196
1102.9000000000 2.5420114111
1103.0000000000 2.5418933362
1103.1000000000 2.5413068856
1103.2000000000 2.5435607763
1103.3000000000 2.5428938361
1103.4000000000 2.5452605610
1103.5000000000 2.5449673815
1103.6000000000 2.5441252586
1103.7000000000 2.5437922117
1103.8000000000 2.5409769875
1103.9000000000 2.5404405821
1104.0000000000 2.5407195315
1104.1000000000 2.5427987506
1104.2000000000 2.5444165904
1104.3000000000 2.5429003556
1104.4000000000 2.5429583695
1104.5000000000 2.5432540959
1104.6000000000 2.5411207862
1104.7000000000 2.5422161361
1104.8000000000 2.5427147477
1104.9000000000 2.5429508964
1105.0000000000 2.5434392301
1105.1000000000 2.5439618270
1105.2000000000 2.5429426878
1105.3000000000 2.5434657167
1105.4000000000 2.5462004079
1105.5000000000 2.5461557313
1105.6000000000 2.5463944332
1105.7000000000 2.5474530747
1105.8000000000 2.5487239659
1105.9000000000 2.5457696510
1106.0000000000 2.5458368211
1106.1000000000 2.5488915937
1106.2000000000 2.5501250624
1106.3000000000 2.5505393184
1106.4000000000 2.5457055160
1106.5000000000 2.5456196791
1106.6000000000 2.5453915470
1106.7000000000 2.5480283910
1106.8000000000 2.5464857046
1106.9000000000 2.5499919972
1107.0000000000 2.5499975179
1107.1000000000 2.5497713014
1107.2000000000 2.5506041562
1107.3000000000 2.5512087088
1107.4000000000 2.5519480369
1107.5000000000 2.5541005167
1107.6000000000 2.5549892343
1107.7000000000 2.5542120538
1107.8000000000 2.5574633305
1107.9000000000 2.5553245647
1108.0000000000 2.5538801192
1108.1000000000 2.5517496806
1108.2000000000 2.5521478038
1108.3000000000 2.5548296723
1108.4000000000 2.5507060602
1108.5000000000 2.5533135937
1108.6000000000 2.5521629335
1108.7000000000 2.5543401502
1108.8000000000 2.5565628814
1108.9000000000 2.5584204355
1109.0000000000 2.5576795956
1109.1000000000 2.5559554264
1109.2000000000 2.5547766130
1109.3000000000 2.5555976134
1109.4000000000 2.5546021486
1109.5000000000 2.5556294021
1109.6000000000 2.5530660996
1109.7000000000 2.5536927502
1109.8000000000 2.5541426774
1109.9000000000 2.5535846623
1110.0000000000 2.5539987468
1110.1000000000 2.5539745182
1110.2000000000 2.5543411717
1110.3000000000 2.5574931615
1110.4000000000 2.5549807139
1110.5000000000 2.5567413639
1110.6000000000 2.5571407448
1110.7000000000 2.5561077670
1110.8000000000 2.5582594590
1110.9000000000 2.5575477643
1111.0000000000 2.5582523349
1111.1000000000 2.5584441499
1111.2000000000 2.5586329675
1111.3000000000 2.5572195735
1111.4000000000 2.5591819303
1111.5000000000 2.5597505472
1111.6000000000 2.5597129004
1111.7000000000 2.5616023630
1111.8000000000 2.5607686317
1111.9000000000 2.5583994193
1112.0000000000 2.5577264513
1112.1000000000 2.5602139428
1112.2000000000 2.5605063536
1112.3000000000 2.5616445218
1112.4000000000 2.5615013108
1112.5000000000 2.5648626296
1112.6000000000 2.5620991388
1112.7000000000 2.5639026877
1112.8000000000 2.5599785828
1112.9000000000 2.5619886517
1113.0000000000 2.5630933279
1113.1000000000 2.5619619901
1113.2000000000 2.5640014190
1113.3000000000 2.5655609924
1113.4000000000 2.5681272306
1113.5000000000 2.5662135490
1113.6000000000 2.5650427898
1113.7000000000 2.5658643542
1113.8000000000 2.5643559492
1113.9000000000 2.5648873716
1114.0000000000 2.5636674494
1114.1000000000 2.5635981123
1114.2000000000 2.5628760255
1114.3000000000 2.5610173183
1114.4000000000 2.5603607542
1114.5000000000 2.5602800033
1114.6000000000 2.5590940603
1114.7000000000 2.5607879526
1114.8000000000 2.5595727895
1114.9000000000 2.5586704091
1115.0000000000 2.5600775679
1115.1000000000 2.5598147115
1115.2000000000 2.5610937693
1115.3000000000 2.5606660090
1115.4000000000 2.5594110929
1115.5000000000 2.5611899384
1115.6000000000 2.5632216701
1115.7000000000 2.5635926542
1115.8000000000 2.5588035222
1115.9000000000 2.5601979333
1116.0000000000 2.5591539023
1116.1000000000 2.5606125854
1116.2000000000 2.5619182216
1116.3000000000 2.5628253346
1116.4000000000 2.5635966193
1116.5000000000 2.5630558396
1116.6000000000 2.5645606168
1116.7000000000 2.5639241323
1116.8000000000 2.5645724142
1116.9000000000 2.5664631752
1117.0000000000 2.5647257468
1117.1000000000 2.5639975963
1117.2000000000 2.5643716190
1117.3000000000 2.5629911425
1117.4000000000 2.5623457545
1117.5000000000 2.5627800619
1117.6000000000 2.5605252341
1117.7000000000 2.5625446473
1117.8000000000 2.5638356918
1117.9000000000 2.5632166326
1118.0000000000 2.5630857771
1118.1000000000 2.5643486169
1118.2000000000 2.5653065637
1118.3000000000 2.5623075912
1118.4000000000 2.5620895878
1118.5000000000 2.5603332688
1118.6000000000 2.5575987100
1118.7000000000 2.5600323702
1118.8000000000 2.5586445870
1118.9000000000 2.5582963638
1119.0000000000 2.5588885765
1119.1000000000 2.5608332337
1119.2000000000 2.5596453304
1119.3000000000 2.5609625678
1119.4000000000 2.5610997821
1119.5000000000 2.5617130302
1119.6000000000 2.5588295718
1119.7000000000 2.5621104340
1119.8000000000 2.5604556104
1119.9000000000 2.5623562542
1120.0000000000 2.5634648181
1120.1000000000 2.5638115872
1120.2000000000 2.5648774969
1120.3000000000 2.5640847174
1120.4000000000 2.5647206934
1120.5000000000 2.5658968812
1120.6000000000 2.5645485507
1120.7000000000 2.5661909515
1120.8000000000 2.5639684143
1120.9000000000 2.5644096246
1121.0000000000 2.5636395835
1121.1000000000 2.5644313944
1121.2000000000 2.5643695439
1121.3000000000 2.5649965581
1121.4000000000 2.5654038324
1121.5000000000 2.5648351272
1121.6000000000 2.5680471654
1121.7000000000 2.5690752740
1121.8000000000 2.5698086692
1121.9000000000 2.5695405039
1122.0000000000 2.5697708820
1122.1000000000 2.5691791587
1122.2000000000 2.5691927561
1122.3000000000 2.5702679111
1122.4000000000 2.5718643906
1122.5000000000 2.5717924601
1122.6000000000 2.5715274676
1122.7000000000 2.5733461953
1122.8000000000 2.5715927083
1122.9000000000 2.5702627163
1123.0000000000 2.5695013080
1123.1000000000 2.5723688637
1123.2000000000 2.5697018823
1123.3000000000 2.5710522473
1123.4000000000 2.5707749048
1123.5000000000 2.5693896426
1123.6000000000 2.5691722737
1123.7000000000 2.5684233498
1123.8000000000 2.5679499561
1123.9000000000 2.5691731457
1124.0000000000 2.5738664189
1124.1000000000 2.5723305602
1124.2000000000 2.5730718328
1124.3000000000 2.5714945093
1124.4000000000 2.5701365591
1124.5000000000 2.5715067622
1124.6000000000 2.5719347812
1124.7000000000 2.5729253779
1124.8000000000 2.5722984932
1124.9000000000 2.5732258162
1125.0000000000 2.5714157091
1125.1000000000 2.5697181168
1125.2000000000 2.5687831291
1125.3000000000 2.5696901083
1125.4000000000 2.5694652691
1125.5000000000 2.5705090305
1125.6000000000 2.5706308239
1125.7000000000 2.5720283626
1125.8000000000 2.5709553387
1125.9000000000 2.5719364336
1126.0000000000 2.5731581335
1126.1000000000 2.5727902196
1126.2000000000 2.5729238308
1126.3000000000 2.5711087999
1126.4000000000 2.5730091397
1126.5000000000 2.5730247480
1126.6000000000 2.5729295215
1126.7000000000 2.5718778218
1126.8000000000 2.5722585862
1126.9000000000 2.5720695088
1127.0000000000 2.5734414489
1127.1000000000 2.5722745310
1127.2000000000 2.5748087640
1127.3000000000 2.5733574298
1127.4000000000 2.5737555110
1127.5000000000 2.5760093841
1127.6000000000 2.5749693261
1127.7000000000 2.5741723527
1127.8000000000 2.5740082547
1127.9000000000 2.5733883898
1128.0000000000 2.5730178477
1128.1000000000 2.5718588658
1128.2000000000 2.5733669099
1128.3000000000 2.5736975920
1128.4000000000 2.5752761827
1128.5000000000 2.5738332873
1128.6000000000 2.5723058154
1128.7000000000 2.5729763518
1128.8000000000 2.5735819949
1128.9000000000 2.5744076347
1129.0000000000 2.5744222801
1129.1000000000 2.5730929479
1129.2000000000 2.5740904133
1129.3000000000 2.5716342318
1129.4000000000 2.5724773125
1129.5000000000 2.5732767305
1129.6000000000 2.5742014725
1129.7000000000 2.5729444241
1129.8000000000 2.5724848135
1129.9000000000 2.5724891011
1130.0000000000 2.5729868096
1130.1000000000 2.5743264802
1130.2000000000 2.5718588167
1130.3000000000 2.5721021854
1130.4000000000 2.5706418981
1130.5000000000 2.5687082316
1130.6000000000 2.5680329048
1130.7000000000 2.5670874197
1130.8000000000 2.5691968395
1130.9000000000 2.5678431224
1131.0000000000 2.5685824847
1131.1000000000 2.5711641803
1131.2000000000 2.5712385557
1131.3000000000 2.5729018498
1131.4000000000 2.5730464316
1131.5000000000 2.5699329480
1131.6000000000 2.5675913871
1131.7000000000 2.5663885116
1131.8000000000 2.5683447880
1131.9000000000 2.5695121499
1132.0000000000 2.5680333707
1132.1000000000 2.5668469214
1132.2000000000 2.5674878670
1132.3000000000 2.5667212432
1132.4000000000 2.5676307690
1132.5000000000 2.5701602962
1132.6000000000 2.5691607003
1132.7000000000 2.5669167030
1132.8000000000 2.5682709258
1132.9000000000 2.5685983692
1133.0000000000 2.5706576544
1133.1000000000 2.5681802024
1133.2000000000 2.5706082486
1133.3000000000 2.5697037594
1133.4000000000 2.5718750350
1133.5000000000 2.5720852012
1133.6000000000 2.5694546635
1133.7000000000 2.5703770312
1133.8000000000 2.5703794523
1133.9000000000 2.5728466012
1134.0000000000 2.5718901930
1134.1000000000 2.5716209455
1134.2000000000 2.5719815209
1134.3000000000 2.5731781379
1134.4000000000 2.5733765470
1134.5000000000 2.5735198621
1134.6000000000 2.5729103162
1134.7000000000 2.5731185378
1134.8000000000 2.5710826098
1134.9000000000 2.5755737235
1135.0000000000 2.5745521327
1135.1000000000 2.5733250755
1135.2000000000 2.5744194352
1135.3000000000 2.5708206097
1135.4000000000 2.5682806764
1135.5000000000 2.5692674035
1135.6000000000 2.5679430365
1135.7000000000 2.5694243581
1135.8000000000 2.5661990276
1135.9000000000 2.5627363854
1136.0000000000 2.5646913698
1136.1000000000 2.5642861143
1136.2000000000 2.5648417598
1136.3000000000 2.5653766118
1136.4000000000 2.5677043466
1136.5000000000 2.5655479850
1136.6000000000 2.5629864854
1136.7000000000 2.5625798502
1136.8000000000 2.5621020815
1136.9000000000 2.5632330585
1137.0000000000 2.5640978700
1137.1000000000 2.5643615871
1137.2000000000 2.5649270030
1137.3000000000 2.5645508247
1137.4000000000 2.5642489926
1137.5000000000 2.5638991457
1137.6000000000 2.5634641219
1137.7000000000 2.5619011553
1137.8000000000 2.5610517016
1137.9000000000 2.5624234191
1138.0000000000 2.5641350558
1138.1000000000 2.5642273822
1138.2000000000 2.5649204084
1138.3000000000 2.5658356445
1138.4000000000 2.5645768697
1138.5000000000 2.5646977318
1138.6000000000 2.5653545096
1138.7000000000 2.5633743851
1138.8000000000 2.5656794400
1138.9000000000 2.5661631084
1139.0000000000 2.5669017823
1139.1000000000 2.5708929099
1139.2000000000 2.5705408337
1139.3000000000 2.5703985038
1139.4000000000 2.5714502422
1139.5000000000 2.5716008066
1139.6000000000 2.5703056350
1139.7000000000 2.5700986948
1139.8000000000 2.5716663500
1139.9000000000 2.5710000569
1140.0000000000 2.5674253349
1140.1000000000 2.5685093388
1140.2000000000 2.5687584139
1140.3000000000 2.5670328843
1140.4000000000 2.5679479440
1140.5000000000 2.5655704936
1140.6000000000 2.5666101383
1140.7000000000 2.5686885876
1140.8000000000 2.5694852244
1140.9000000000 2.5675378637
1141.0000000000 2.5658387173
1141.1000000000 2.5647241170
1141.2000000000 2.5660631822
1141.3000000000 2.5655905257
1141.4000000000 2.5645296176
1141.5000000000 2.5646512335
1141.6000000000 2.5673320324
1141.7000000000 2.5672093073
1141.8000000000 2.5678128174
1141.9000000000 2.5692706247
1142.0000000000 2.5705649420
1142.1000000000 2.5714271816
1142.2000000000 2.5665051321
1142.3000000000 2.5668041524
1142.4000000000 2.5665755781
1142.5000000000 2.5655208512
1142.6000000000 2.5659182298
1142.7000000000 2.5668999256
1142.8000000000 2.5672975301
1142.9000000000 2.5667703953
1143.0000000000 2.5664603495
1143.1000000000 2.5660603021
1143.2000000000 2.5675107349
1143.3000000000 2.5676907722
1143.4000000000 2.5679466506
1143.5000000000 2.5659490080
1143.6000000000 2.5614733757
1143.7000000000 2.5604338802
1143.8000000000 2.5624163044
1143.9000000000 2.5623938541
1144.0000000000 2.5611287554
1144.1000000000 2.5616709046
1144.2000000000 2.5629920938
1144.3000000000 2.5638857253
1144.4000000000 2.5644804613
1144.5000000000 2.5640887648
1144.6000000000 2.5646358066
1144.7000000000 2.5647076277
1144.8000000000 2.5665583420
1144.9000000000 2.5679934723
1145.0000000000 2.5671008485
1145.1000000000 2.5666144149
1145.2000000000 2.5663758116
1145.3000000000 2.5681508103
1145.4000000000 2.5690042044
1145.5000000000 2.5669606648
1145.6000000000 2.5674465094
1145.7000000000 2.5658204351
1145.8000000000 2.5665774690
1145.9000000000 2.5638764567
1146.0000000000 2.5638382485
1146.1000000000 2.5610939554
1146.2000000000 2.5601774741
1146.3000000000 2.5614938655
1146.4000000000 2.5634031593
1146.5000000000 2.5626009022
1146.6000000000 2.5657100824
1146.7000000000 2.5646780624
1146.8000000000 2.5647753254
1146.9000000000 2.5657882986
1147.0000000000 2.5655284248
1147.1000000000 2.5687047109
1147.2000000000 2.5677222897
1147.3000000000 2.5651606896
1147.4000000000 2.5644601829
1147.5000000000 2.5636047908
1147.6000000000 2.5631048812
1147.7000000000 2.5627717453
1147.8000000000 2.5624223308
1147.9000000000 2.5622143360
1148.0000000000 2.5620689698
1148.1000000000 2.5634629733
1148.2000000000 2.5661023018
1148.3000000000 2.5629610262
1148.4000000000 2.5615721722
1148.5000000000 2.5623298127
1148.6000000000 2.5625312382
1148.7000000000 2.5629331091
1148.8000000000 2.5636255877
1148.9000000000 2.5630464943
1149.0000000000 2.5602435029
1149.1000000000 2.5604682762
1149.2000000000 2.5608974626
1149.3000000000 2.5600335398
1149.4000000000 2.5575031973
1149.5000000000 2.5571681427
1149.6000000000 2.5575724821
1149.7000000000 2.5563096607
1149.8000000000 2.5571615474
1149.9000000000 2.5588025392
1150.0000000000 2.5590889071
1150.1000000000 2.5585490008
1150.2000000000 2.5572223954
1150.3000000000 2.5565700789
1150.4000000000 2.5586794957
1150.5000000000 2.5580187112
1150.6000000000 2.5569088003
1150.7000000000 2.5585834063
1150.8000000000 2.5594158707
1150.9000000000 2.5549033756
1151.0000000000 2.5563492102
1151.1000000000 2.5590699171
1151.2000000000 2.5583191090
1151.3000000000 2.5563881611
1151.4000000000 2.5570848295
1151.5000000000 2.5585293242
1151.6000000000 2.5572419715
1151.7000000000 2.5552052764
1151.8000000000 2.5523545496
1151.9000000000 2.5532013297
1152.0000000000 2.5535850570
1152.1000000000 2.5533753115
1152.2000000000 2.5526438945
1152.3000000000 2.5507567874
1152.4000000000 2.5507303068
1152.5000000000 2.5525291978
1152.6000000000 2.5543173370
1152.7000000000 2.5560056343
1152.8000000000 2.5528450525
1152.9000000000 2.5538896440
1153.0000000000 2.5542351858
1153.1000000000 2.5554492213
1153.2000000000 2.5564501808
1153.3000000000 2.5583735143
1153.4000000000 2.5590508859
1153.5000000000 2.5602613803
1153.6000000000 2.5606785916
1153.7000000000 2.5614207038
1153.8000000000 2.5605383356
1153.9000000000 2.5614468795
1154.0000000000 2.5627625609
1154.1000000000 2.5659767823
1154.2000000000 2.5629721675
1154.3000000000 2.5638917875
1154.4000000000 2.5649736493
1154.5000000000 2.5651747695
1154.6000000000 2.5629615112
1154.7000000000 2.5607373008
1154.8000000000 2.5590588294
1154.9000000000 2.5599162723
1155.0000000000 2.5585423005
1155.1000000000 2.5582924104
1155.2000000000 2.5603647600
1155.3000000000 2.5587723680
1155.4000000000 2.5589210043
1155.5000000000 2.5590569467
1155.6000000000 2.5585539484
1155.7000000000 2.5609899698
1155.8000000000 2.5601219388
1155.9000000000 2.5610282035
1156.0000000000 2.5622247649
1156.1000000000 2.5595597692
1156.2000000000 2.5609471225
1156.3000000000 2.5609322431
1156.4000000000 2.5590792717
1156.5000000000 2.5615978815
1156.6000000000 2.5589531815
1156.7000000000 2.5597971278
1156.8000000000 2.5573933842
1156.9000000000 2.5580756363
1157.0000000000 2.5565321048
1157.1000000000 2.5575187090
1157.2000000000 2.5583066781
1157.3000000000 2.5577655105
1157.4000000000 2.5568835074
1157.5000000000 2.5575141625
1157.6000000000 2.5573735801
1157.7000000000 2.5576471784
1157.8000000000 2.5575004201
1157.9000000000 2.5570293996
1158.0000000000 2.5551453322
1158.1000000000 2.5535370963
1158.2000000000 2.5573630744
1158.3000000000 2.5554652769
1158.4000000000 2.5581122161
1158.5000000000 2.5593429995
1158.6000000000 2.5635518077
1158.7000000000 2.5645353212
1158.8000000000 2.5641381026
1158.9000000000 2.5643127013
1159.0000000000 2.5637419703
1159.1000000000 2.5629653966
1159.2000000000 2.5638358824
1159.3000000000 2.5642757397
1159.4000000000 2.5643078397
1159.5000000000 2.5656729397
1159.6000000000 2.5633938687
1159.7000000000 2.5656760471
1159.8000000000 2.5657473905
1159.9000000000 2.5682986764
1160.0000000000 2.5681259089
1160.1000000000 2.5708495499
1160.2000000000 2.5694600689
1160.3000000000 2.5701787642
1160.4000000000 2.5703285975
1160.5000000000 2.5723547569
1160.6000000000 2.5729972841
1160.7000000000 2.5722836179
1160.8000000000 2.5741516259
1160.9000000000 2.5723405269
1161.0000000000 2.5720205915
1161.1000000000 2.5741350522
1161.2000000000 2.5726449535
1161.3000000000 2.5729345931
1161.4000000000 2.5733677089
1161.5000000000 2.5750808163
1161.6000000000 2.5726075490
1161.7000000000 2.5746265971
1161.8000000000 2.5729680708
1161.9000000000 2.5735262155
1162.0000000000 2.5743863647
1162.1000000000 2.5727100905
1162.2000000000 2.5746775477
1162.3000000000 2.5762791121
1162.4000000000 2.5760634648
1162.5000000000 2.5761603174
1162.6000000000 2.5747915439
1162.7000000000 2.5734814563
1162.8000000000 2.5721407993
1162.9000000000 2.5733598882
1163.0000000000 2.5731473089
1163.1000000000 2.5728997028
1163.2000000000 2.5725389577
1163.3000000000 2.5738444761
1163.4000000000 2.5725497359
1163.5000000000 2.5693306530
1163.6000000000 2.5679865803
1163.7000000000 2.5681487276
1163.8000000000 2.5673548583
1163.9000000000 2.5689341087
1164.0000000000 2.5661719599
1164.1000000000 2.5635522193
1164.2000000000 2.5652022958
1164.3000000000 2.5665100634
1164.4000000000 2.5662666504
1164.5000000000 2.5662567570
1164.6000000000 2.5673120978
1164.7000000000 2.5660568360
1164.8000000000 2.5675958699
1164.9000000000 2.5655732746
1165.0000000000 2.5666148555
1165.1000000000 2.5684838067
1165.2000000000 2.5683388391
1165.3000000000 2.5694448223
1165.4000000000 2.5673517888
1165.5000000000 2.5662262362
1165.6000000000 2.5668496026
1165.7000000000 2.5692402818
1165.8000000000 2.5693619016
1165.9000000000 2.5682342620
1166.0000000000 2.5670938759
1166.1000000000 2.5671659066
1166.2000000000 2.5677718412
1166.3000000000 2.5677537860
1166.4000000000 2.5705934903
1166.5000000000 2.5684153739
1166.6000000000 2.5671636669
1166.7000000000 2.5681683957
1166.8000000000 2.5673465254
1166.9000000000 2.5698828786
1167.0000000000 2.5703335841
1167.1000000000 2.5715060259
1167.2000000000 2.5719415823
1167.3000000000 2.5707583941
1167.4000000000 2.5699418863
1167.5000000000 2.5707764290
1167.6000000000 2.5709662115
1167.7000000000 2.5677329858
1167.8000000000 2.5680846541
1167.9000000000 2.5660883518
1168.0000000000 2.5647675028
1168.1000000000 2.5643459657
1168.2000000000 2.5655433540
1168.3000000000 2.5667296605
1168.4000000000 2.5662966865
1168.5000000000 2.5664458095
1168.6000000000 2.5683089909
1168.7000000000 2.5697351217
1168.8000000000 2.5682106819
1168.9000000000 2.5680822058
1169.0000000000 2.5674396875
1169.1000000000 2.5632925873
1169.2000000000 2.5654340982
1169.3000000000 2.5658173870
1169.4000000000 2.5660655707
1169.5000000000 2.5673668838
1169.6000000000 2.5685612222
1169.7000000000 2.5684489688
1169.8000000000 2.5651433089
1169.9000000000 2.5664589828
1170.0000000000 2.5659987698
1170.1000000000 2.5667039452
1170.2000000000 2.5655974421
1170.3000000000 2.5674208556
1170.4000000000 2.5679210854
1170.5000000000 2.5643232204
1170.6000000000 2.5672373377
1170.7000000000 2.5674577421
1170.8000000000 2.5685853890
1170.9000000000 2.5686332601
1171.0000000000 2.5685445738
1171.1000000000 2.5700103701
1171.2000000000 2.5686334928
1171.3000000000 2.5703982964
1171.4000000000 2.5690101914
1171.5000000000 2.5696554791
1171.6000000000 2.5711437565
1171.7000000000 2.5709092629
1171.8000000000 2.5694686017
1171.9000000000 2.5697437527
1172.0000000000 2.5703042337
1172.1000000000 2.5697842593
1172.2000000000 2.5692932407
1172.3000000000 2.5672445795
1172.4000000000 2.5683351191
1172.5000000000 2.5670994254
1172.6000000000 2.5661346017
1172.7000000000 2.5644652034
1172.8000000000 2.5648454252
1172.9000000000 2.5641627674
1173.0000000000 2.5659675305
1173.1000000000 2.5660023270
1173.2000000000 2.5665359933
1173.3000000000 2.5677512188
1173.4000000000 2.5649512395
1173.5000000000 2.5661726895
1173.6000000000 2.5663539481
1173.7000000000 2.5666896634
1173.8000000000 2.5639488689
1173.9000000000 2.5631642478
1174.0000000000 2.5638103249
1174.1000000000 2.5646102195
1174.2000000000 2.5659568770
1174.3000000000 2.5640834764
1174.4000000000 2.5622078276
1174.5000000000 2.5622116345
1174.6000000000 2.5638296332
1174.7000000000 2.5624204161
1174.8000000000 2.5635911587
1174.9000000000 2.5621216827
1175.0000000000 2.5626721840
1175.1000000000 2.5603143934
1175.2000000000 2.5629282251
1175.3000000000 2.5646926352
1175.4000000000 2.5642430432
1175.5000000000 2.5658348913
1175.6000000000 2.5670423843
1175.7000000000 2.5658730727
1175.8000000000 2.5664037510
1175.9000000000 2.5675662886
1176.0000000000 2.5680377948
1176.1000000000 2.5664578358
1176.2000000000 2.5677967758
1176.3000000000 2.5667287420
1176.4000000000 2.5645199039
1176.5000000000 2.5639507006
1176.6000000000 2.5622351482
1176.7000000000 2.5638585318
1176.8000000000 2.5648364944
1176.9000000000 2.5641464967
1177.0000000000 2.5628764559
1177.1000000000 2.5652575469
1177.2000000000 2.5638446979
1177.3000000000 2.5657206124
1177.4000000000 2.5683693512
1177.5000000000 2.5677571241
1177.6000000000 2.5687092682
1177.7000000000 2.5679581405
1177.8000000000 2.5646023288
1177.9000000000 2.5631815435
1178.0000000000 2.5639137178
1178.1000000000 2.5637842952
1178.2000000000 2.5648387473
1178.3000000000 2.5660507306
1178.4000000000 2.5662509086
1178.5000000000 2.5661567795
1178.6000000000 2.5663748380
1178.7000000000 2.5651434584
1178.8000000000 2.5655835726
1178.9000000000 2.5674680756
1179.0000000000 2.5667927403
1179.1000000000 2.5667538658
1179.2000000000 2.5686093543
1179.3000000000 2.5688324155
1179.4000000000 2.5704235967
1179.5000000000 2.5696820971
1179.6000000000 2.5694973301
1179.7000000000 2.5718509519
1179.8000000000 2.5673728026
1179.9000000000 2.5686770582
1180.0000000000 2.5673734544
1180.1000000000 2.5669460969
1180.2000000000 2.5673778175
1180.3000000000 2.5679347534
1180.4000000000 2.5678392825
1180.5000000000 2.5684481324
1180.6000000000 2.5693424085
1180.7000000000 2.5665146408
1180.8000000000 2.5664429128
1180.9000000000 2.5671908170
1181.0000000000 2.5678998964
1181.1000000000 2.5640099178
1181.2000000000 2.5632193494
1181.3000000000 2.5641058204
1181.4000000000 2.5630692397
1181.5000000000 2.5601620001
1181.6000000000 2.5606122277
1181.7000000000 2.5596340939
1181.8000000000 2.5572855794
1181.9000000000 2.5611246457
1182.0000000000 2.5634615813
1182.1000000000 2.5642613693
1182.2000000000 2.5639377503
1182.3000000000 2.5628813799
1182.4000000000 2.5653063296
1182.5000000000 2.5649095726
1182.6000000000 2.5644017143
1182.7000000000 2.5636566488
1182.8000000000 2.5620079690
1182.9000000000 2.5605497255
1183.0000000000 2.5627243995
1183.1000000000 2.5609352444
1183.2000000000 2.5618199784
1183.3000000000 2.5629978075
1183.4000000000 2.5656588001
1183.5000000000 2.5652783707
1183.6000000000 2.5681481149
1183.7000000000 2.5677500094
1183.8000000000 2.5678254159
1183.9000000000 2.5693800131
1184.0000000000 2.5730619491
1184.1000000000 2.5727591347
1184.2000000000 2.5733716041
1184.3000000000 2.5716333186
1184.4000000000 2.5700706218
1184.5000000000 2.5686120022
1184.6000000000 2.5668952604
1184.7000000000 2.5652635153
1184.8000000000 2.5665866501
1184.9000000000 2.5625588385
1185.0000000000 2.5643091077
1185.1000000000 2.5649295900
1185.2000000000 2.5657412465
1185.3000000000 2.5666200642
1185.4000000000 2.5659920235
1185.5000000000 2.5674757670
1185.6000000000 2.5673745787
1185.7000000000 2.5661236298
1185.8000000000 2.5669975707
1185.9000000000 2.5662899017
1186.0000000000 2.5664050209
1186.1000000000 2.5632787260
1186.2000000000 2.5609203478
1186.3000000000 2.5627517051
1186.4000000000 2.5615688021
1186.5000000000 2.5589436631
1186.6000000000 2.5582085902
1186.7000000000 2.5594651633
1186.8000000000 2.5582761414
1186.9000000000 2.5592925064
1187.0000000000 2.5603004602
1187.1000000000 2.5633000060
1187.2000000000 2.5644900489
1187.3000000000 2.5661575808
1187.4000000000 2.5656587847
1187.5000000000 2.5652800867
1187.6000000000 2.5650430215
1187.7000000000 2.5664794842
1187.8000000000 2.5647963182
1187.9000000000 2.5637673303
1188.0000000000 2.5627045591
1188.1000000000 2.5639116298
1188.2000000000 2.5666577659
1188.3000000000 2.5630356594
1188.4000000000 2.5639039227
1188.5000000000 2.5650401623
1188.6000000000 2.5632848547
1188.7000000000 2.5658249335
1188.8000000000 2.5691035795
1188.9000000000 2.5685277591
1189.0000000000 2.5672811978
1189.1000000000 2.5686084680
1189.2000000000 2.5668642878
1189.3000000000 2.5677935193
1189.4000000000 2.5680228877
1189.5000000000 2.5680016063
1189.6000000000 2.5686653703
1189.7000000000 2.5664669809
1189.8000000000 2.5701884991
1189.9000000000 2.5709935523
1190.0000000000 2.5713532935
1190.1000000000 2.5721439447
1190.2000000000 2.5723785215
1190.3000000000 2.5740213592
1190.4000000000 2.5746764482
1190.5000000000 2.5713007271
1190.6000000000 2.5720630864
1190.7000000000 2.5691779978
1190.8000000000 2.5702399567
1190.9000000000 2.5694507857
1191.0000000000 2.5691144332
1191.1000000000 2.5684765774
1191.2000000000 2.5702053894
1191.3000000000 2.5714126236
1191.4000000000 2.5726845193
1191.5000000000 2.5693114469
1191.6000000000 2.5715242896
1191.7000000000 2.5743818964
1191.8000000000 2.5735892027
1191.9000000000 2.5732112377
1192.0000000000 2.5710397850
1192.1000000000 2.5714833645
1192.2000000000 2.5727841515
1192.3000000000 2.5722295155
1192.4000000000 2.5724081767
1192.5000000000 2.5722284412
1192.6000000000 2.5727767995
1192.7000000000 2.5722949288
1192.8000000000 2.5720341309
1192.9000000000 2.5731751758
1193.0000000000 2.5740967869
1193.1000000000 2.5730522261
1193.2000000000 2.5751294520
1193.3000000000 2.5774027639
1193.4000000000 2.5773051284
1193.5000000000 2.5757451673
1193.6000000000 2.5731474575
1193.7000000000 2.5742473285
1193.8000000000 2.5742882898
1193.9000000000 2.5710526354
1194.0000000000 2.5729015796
1194.1000000000 2.5714105747
1194.2000000000 2.5706879750
1194.3000000000 2.5717972211
1194.4000000000 2.5714049711
1194.5000000000 2.5713608266
1194.6000000000 2.5721629731
1194.7000000000 2.5712768816
1194.8000000000 2.5708687203
1194.9000000000 2.5712836454
1195.0000000000 2.5707528486
1195.1000000000 2.5731280918
1195.2000000000 2.5727280416
1195.3000000000 2.5708607096
1195.4000000000 2.5721284917
1195.5000000000 2.5717641479
1195.6000000000 2.5714334899
1195.7000000000 2.5725864309
1195.8000000000 2.5688622451
1195.9000000000 2.5699560614
1196.0000000000 2.5704227174
1196.1000000000 2.5699246517
1196.2000000000 2.5691782211
1196.3000000000 2.5701423315
1196.4000000000 2.5695769562
1196.5000000000 2.5699153409
1196.6000000000 2.5712210046
1196.7000000000 2.5689388912
1196.8000000000 2.5681735057
1196.9000000000 2.5693002242
1197.0000000000 2.5682708235
1197.1000000000 2.5671484389
1197.2000000000 2.5632633341
1197.3000000000 2.5666178863
1197.4000000000 2.5676281407
1197.5000000000 2.5676138431
1197.6000000000 2.5680771943
1197.7000000000 2.5676813469
1197.8000000000 2.5694563958
1197.9000000000 2.5721048145
1198.0000000000 2.5712381656
1198.1000000000 2.5731348592
1198.2000000000 2.5727589467
1198.3000000000 2.5727642474
1198.4000000000 2.5717633554
1198.5000000000 2.5704086615
1198.6000000000 2.5705651096
1198.7000000000 2.5695596587
1198.8000000000 2.5699557551
1198.9000000000 2.5707909084
1199.0000000000 2.5721278057
1199.1000000000 2.5734016827
1199.2000000000 2.5740566264
1199.3000000000 2.5740440116
1199.4000000000 2.5727244139
1199.5000000000 2.5729951439
1199.6000000000 2.5730521729
1199.7000000000 2.5695934732
1199.8000000000 2.5716325839
1199.9000000000 2.5716883470
1200.0000000000 2.5723170760
1200.1000000000 2.5764580591
1200.2000000000 2.5772829904
1200.3000000000 2.5732764880
1200.4000000000 2.5739476049
1200.5000000000 2.5752516769
1200.6000000000 2.5733877872
1200.7000000000 2.5746647619
1200.8000000000 2.5750071840
1200.9000000000 2.5780391415
1201.0000000000 2.5760341637
1201.1000000000 2.5778851465
1201.2000000000 2.5782801877
1201.3000000000 2.5767894310
1201.4000000000 2.5773386363
1201.5000000000 2.5768334150
1201.6000000000 2.5762909277
1201.7000000000 2.5781718411
1201.8000000000 2.5760358534
1201.9000000000 2.5752049945
1202.0000000000 2.5773401385
1202.1000000000 2.5737245941
1202.2000000000 2.5736909937
1202.3000000000 2.5730132737
1202.4000000000 2.5724236260
1202.5000000000 2.5733672625
1202.6000000000 2.5757043486
1202.7000000000 2.5757773264
1202.8000000000 2.5761790512
1202.9000000000 2.5743048602
1203.0000000000 2.5717312113
1203.1000000000 2.5713225129
1203.2000000000 2.5691460473
1203.3000000000 2.5673219397
1203.4000000000 2.5669002219
1203.5000000000 2.5671451925
1203.6000000000 2.5683138384
1203.7000000000 2.5684368629
1203.8000000000 2.5712667314
1203.9000000000 2.5722776989
1204.0000000000 2.5735750397
1204.1000000000 2.5722275132
1204.2000000000 2.5710698929
1204.3000000000 2.5702812415
1204.4000000000 2.5687034499
1204.5000000000 2.5674613770
1204.6000000000 2.5710318262
1204.7000000000 2.5715500052
1204.8000000000 2.5707790183
1204.9000000000 2.5729493688
1205.0000000000 2.5737343427
1205.1000000000 2.5743677393
1205.2000000000 2.5738078175
1205.3000000000 2.5740488621
1205.4000000000 2.5764623191
1205.5000000000 2.5738347194
1205.6000000000 2.5755104546
1205.7000000000 2.5760375495
1205.8000000000 2.5767393731
1205.9000000000 2.5759645915
1206.0000000000 2.5745252753
1206.1000000000 2.5740056068
1206.2000000000 2.5736317169
1206.3000000000 2.5739899944
1206.4000000000 2.5745643933
1206.5000000000 2.5754695651
1206.6000000000 2.5750388091
1206.7000000000 2.5763411897
1206.8000000000 2.5782033938
1206.9000000000 2.5786756059
1207.0000000000 2.5748636489
1207.1000000000 2.5772847187
1207.2000000000 2.5784296635
1207.3000000000 2.5767547881
1207.4000000000 2.5744103589
1207.5000000000 2.5722790449
1207.6000000000 2.5739720930
1207.7000000000 2.5728127899
1207.8000000000 2.5735536419
1207.9000000000 2.5727076216
1208.0000000000 2.5709571300
1208.1000000000 2.5707015515
1208.2000000000 2.5701863092
1208.3000000000 2.5684734108
1208.4000000000 2.5685175187
1208.5000000000 2.5692018260
1208.6000000000 2.5716527810
1208.7000000000 2.5719654881
1208.8000000000 2.5719556771
1208.9000000000 2.5699997922
1209.0000000000 2.5690711205
1209.1000000000 2.5696572971
1209.2000000000 2.5702923602
1209.3000000000 2.5705555792
1209.4000000000 2.5700080762
1209.5000000000 2.5705920100
1209.6000000000 2.5713492934
1209.7000000000 2.5711621629
1209.8000000000 2.5723048975
1209.9000000000 2.5715138864
1210.0000000000 2.5719493436
1210.1000000000 2.5716141566
1210.2000000000 2.5719915178
1210.3000000000 2.5737725602
1210.4000000000 2.5723556045
1210.5000000000 2.5731670080
1210.6000000000 2.5745914420
1210.7000000000 2.5720846502
1210.8000000000 2.5741456367
1210.9000000000 2.5728987351
1211.0000000000 2.5737426509
1211.1000000000 2.5751163685
1211.2000000000 2.5760661478
1211.3000000000 2.5769007262
1211.4000000000 2.5772955614
1211.5000000000 2.5779477302
1211.6000000000 2.5810628716
1211.7000000000 2.5797923840
1211.8000000000 2.5811596137
1211.9000000000 2.5841580304
1212.0000000000 2.5834411208
1212.1000000000 2.5840541593
1212.2000000000 2.5836810583
1212.3000000000 2.5828846693
1212.4000000000 2.5854834691
1212.5000000000 2.5839979335
1212.6000000000 2.5832507186
1212.7000000000 2.5846366506
1212.8000000000 2.5854516536
1212.9000000000 2.5848448416
1213.0000000000 2.5838113075
1213.1000000000 2.5837201257
1213.2000000000 2.5847407194
1213.3000000000 2.5846349735
1213.4000000000 2.5870297082
1213.5000000000 2.5882921480
1213.6000000000 2.5883697482
1213.7000000000 2.5866346716
1213.8000000000 2.5870756805
1213.9000000000 2.5870669502
1214.0000000000 2.5867806099
1214.1000000000 2.5860813196
1214.2000000000 2.5857364348
1214.3000000000 2.5837482844
1214.4000000000 2.5844910009
1214.5000000000 2.5830186657
1214.6000000000 2.5870136841
1214.7000000000 2.5867026324
1214.8000000000 2.5867359020
1214.9000000000 2.5866178344
1215.0000000000 2.5845225369
1215.1000000000 2.5851013619
1215.2000000000 2.5868558735
1215.3000000000 2.5874350541
1215.4000000000 2.5872466079
1215.5000000000 2.5868086061
1215.6000000000 2.5868594967
1215.7000000000 2.5860786890
1215.8000000000 2.5870924568
1215.9000000000 2.5886179347
1216.0000000000 2.5896503043
1216.1000000000 2.5903215928
1216.2000000000 2.5938329897
1216.3000000000 2.5940904546
1216.4000000000 2.5918124166
1216.5000000000 2.5897460729
1216.6000000000 2.5903418361
1216.7000000000 2.5902750551
1216.8000000000 2.5885768161
1216.9000000000 2.5893647361
1217.0000000000 2.5891672051
1217.1000000000 2.5895122334
1217.2000000000 2.5909434049
1217.3000000000 2.5899944058
1217.4000000000 2.5897667903
1217.5000000000 2.5872943276
1217.6000000000 2.5907841411
1217.7000000000 2.5903930617
1217.8000000000 2.5882890397
1217.9000000000 2.5892086499
1218.0000000000 2.5904930351
1218.1000000000 2.5891429386
1218.2000000000 2.5924634027
1218.3000000000 2.5917435482
1218.4000000000 2.5891565511
1218.5000000000 2.5874531511
1218.6000000000 2.5875260360
1218.7000000000 2.5854625954
1218.8000000000 2.5817411778
1218.9000000000 2.5847776921
1219.0000000000 2.5835607876
1219.1000000000 2.5846712730
1219.2000000000 2.5842778274
1219.3000000000 2.5842202106
1219.4000000000 2.5831111738
1219.5000000000 2.5840719777
1219.6000000000 2.5838005303
1219.7000000000 2.5817316816
1219.8000000000 2.5816820389
1219.9000000000 2.5812146447
1220.0000000000 2.5785933212
1220.1000000000 2.5799519077
1220.2000000000 2.5778837628
1220.3000000000 2.5790400462
1220.4000000000 2.5777083325
1220.5000000000 2.5812021110
1220.6000000000 2.5804466326
1220.7000000000 2.5796083760
1220.8000000000 2.5786892087
1220.9000000000 2.5766703347
1221.0000000000 2.5769822405
1221.1000000000 2.5766551599
1221.2000000000 2.5774137979
1221.3000000000 2.5794514228
1221.4000000000 2.5760739051
1221.5000000000 2.5758171249
1221.6000000000 2.5781345974
1221.7000000000 2.5754497224
1221.8000000000 2.5744163835
1221.9000000000 2.5765068371
1222.0000000000 2.5768763134
1222.1000000000 2.5794313208
1222.2000000000 2.5785299948
1222.3000000000 2.5777281908
1222.4000000000 2.5785107593
1222.5000000000 2.5778415992
1222.6000000000 2.5751517302
1222.7000000000 2.5748793740
1222.8000000000 2.5726508216
1222.9000000000 2.5757078142
1223.0000000000 2.5766924223
1223.1000000000 2.5756069833
1223.2000000000 2.5764005125
1223.3000000000 2.5744287807
1223.4000000000 2.5751574938
1223.5000000000 2.5752341425
1223.6000000000 2.5756224140
1223.7000000000 2.5749293917
1223.8000000000 2.5760884983
1223.9000000000 2.5759160100
1224.0000000000 2.5770520476
1224.1000000000 2.5765617404
1224.2000000000 2.5786706348
1224.3000000000 2.5788543702
1224.4000000000 2.5804245128
1224.5000000000 2.5814426731
1224.6000000000 2.5810273461
1224.7000000000 2.5834592868
1224.8000000000 2.5838019933
1224.9000000000 2.5812065689
1225.0000000000 2.5788224530
1225.1000000000 2.5804895149
1225.2000000000 2.5804023808
1225.3000000000 2.5824796137
1225.4000000000 2.5828122090
1225.5000000000 2.5825639840
1225.6000000000 2.5814824276
1225.7000000000 2.5801098736
1225.8000000000 2.5801948111
1225.9000000000 2.5808664128
1226.0000000000 2.5789825048
1226.1000000000 2.5798701318
1226.2000000000 2.5794953547
1226.3000000000 2.5783559857
1226.4000000000 2.5778616232
1226.5000000000 2.5764713724
1226.6000000000 2.5753193550
1226.7000000000 2.5778021406
1226.8000000000 2.5788765392
1226.9000000000 2.5760190275
1227.0000000000 2.5789131437
1227.1000000000 2.5779350381
1227.2000000000 2.5777157841
1227.3000000000 2.5792856110
1227.4000000000 2.5794711556
1227.5000000000 2.5784137636
1227.6000000000 2.5783266074
1227.7000000000 2.5765161491
1227.8000000000 2.5749483491
1227.9000000000 2.5762547703
1228.0000000000 2.5772911524
1228.1000000000 2.5780633355
1228.2000000000 2.5773399446
1228.3000000000 2.5772842345
1228.4000000000 2.5809412838
1228.5000000000 2.5803228466
1228.6000000000 2.5784403455
1228.7000000000 2.5783270681
1228.8000000000 2.5797893421
1228.9000000000 2.5788916724
1229.0000000000 2.5808082829
1229.1000000000 2.5807489751
1229.2000000000 2.5792670198
1229.3000000000 2.5805832188
1229.4000000000 2.5798999095
1229.5000000000 2.5810319547
1229.6000000000 2.5811074574
1229.7000000000 2.5809505767
1229.8000000000 2.5777248565
1229.9000000000 2.5784501781
1230.0000000000 2.5770315743
1230.1000000000 2.5758354153
1230.2000000000 2.5754180308
1230.3000000000 2.5751693971
1230.4000000000 2.5747349821
1230.5000000000 2.5722629174
1230.6000000000 2.5729339159
1230.7000000000 2.5730124697
1230.8000000000 2.5719748088
1230.9000000000 2.5747378610
1231.0000000000 2.5727893825
1231.1000000000 2.5730547698
1231.2000000000 2.5749784287
1231.3000000000 2.5731936468
1231.4000000000 2.5760714348
1231.5000000000 2.5713188136
1231.6000000000 2.5703909547
1231.7000000000 2.5671512570
1231.8000000000 2.5715100073
1231.9000000000 2.5691996246
1232.0000000000 2.5697235869
1232.1000000000 2.5712198517
1232.2000000000 2.5684482539
1232.3000000000 2.5681058224
1232.4000000000 2.5659005817
1232.5000000000 2.5665717144
1232.6000000000 2.5661303837
1232.7000000000 2.5671723436
1232.8000000000 2.5690546827
1232.9000000000 2.5671970038
1233.0000000000 2.5674441666
1233.1000000000 2.5671224090
1233.2000000000 2.5645880047
1233.3000000000 2.5648064051
1233.4000000000 2.5636387732
1233.5000000000 2.5646012494
1233.6000000000 2.5653735778
1233.7000000000 2.5662807822
1233.8000000000 2.5677396049
1233.9000000000 2.5690657358
1234.0000000000 2.5697876314
1234.1000000000 2.5689748507
1234.2000000000 2.5671922607
1234.3000000000 2.5699037891
1234.4000000000 2.5709368201
1234.5000000000 2.5695571709
1234.6000000000 2.5706378639
1234.7000000000 2.5686056290
1234.8000000000 2.5700869489
1234.9000000000 2.5715819483
1235.0000000000 2.5678597952
1235.1000000000 2.5664748349
1235.2000000000 2.5684103891
1235.3000000000 2.5708875062
1235.4000000000 2.5709917196
1235.5000000000 2.5713528790
1235.6000000000 2.5708013560
1235.7000000000 2.5709282550
1235.8000000000 2.5716353910
1235.9000000000 2.5701959095
1236.0000000000 2.5687646931
1236.1000000000 2.5693876455
1236.2000000000 2.5668835731
1236.3000000000 2.5665374856
1236.4000000000 2.5663064497
1236.5000000000 2.5650266187
1236.6000000000 2.5672806219
1236.7000000000 2.5682832007
1236.8000000000 2.5679633155
1236.9000000000 2.5664316614
1237.0000000000 2.5695629982
1237.1000000000 2.5688287322
1237.2000000000 2.5689522639
1237.3000000000 2.5708855244
1237.4000000000 2.5705304316
1237.5000000000 2.5722666559
1237.6000000000 2.5717969099
1237.7000000000 2.5717087913
1237.8000000000 2.5708679586
1237.9000000000 2.5721766024
1238.0000000000 2.5703498398
1238.1000000000 2.5679599284
1238.2000000000 2.5691731771
1238.3000000000 2.5690432991
1238.4000000000 2.5723239855
1238.5000000000 2.5723521761
1238.6000000000 2.5713328046
1238.7000000000 2.5734440803
1238.8000000000 2.5741484320
1238.9000000000 2.5743749081
1239.0000000000 2.5739911025
1239.1000000000 2.5745208664
1239.2000000000 2.5757170436
1239.3000000000 2.5766398559
1239.4000000000 2.5770591505
1239.5000000000 2.5775247019
1239.6000000000 2.5751679872
1239.7000000000 2.5756215914
1239.8000000000 2.5745032973
1239.9000000000 2.5748926135
1240.0000000000 2.5727132910
1240.1000000000 2.5726149040
1240.2000000000 2.5733732041
1240.3000000000 2.5712879137
1240.4000000000 2.5733343933
1240.5000000000 2.5701096670
1240.6000000000 2.5704528132
1240.7000000000 2.5716366062
1240.8000000000 2.5748217334
1240.9000000000 2.5714206313
1241.0000000000 2.5704749126
1241.1000000000 2.5718321996
1241.2000000000 2.5689722126
1241.3000000000 2.5702422193
1241.4000000000 2.5707049120
1241.5000000000 2.5691240511
1241.6000000000 2.5699974528
1241.7000000000 2.5712465593
1241.8000000000 2.5741968607
1241.9000000000 2.5748587325
1242.0000000000 2.5741892302
1242.1000000000 2.5741347486
1242.2000000000 2.5732572815
1242.3000000000 2.5761576053
1242.4000000000 2.5726413246
1242.5000000000 2.5750314882
1242.6000000000 2.5754542350
1242.7000000000 2.5751315932
1242.8000000000 2.5754293302
1242.9000000000 2.5763528327
1243.0000000000 2.5762291135
1243.1000000000 2.5761831843
1243.2000000000 2.5751459026
1243.3000000000 2.5763375259
1243.4000000000 2.5773490432
1243.5000000000 2.5780499778
1243.6000000000 2.5797318278
1243.7000000000 2.5815928831
1243.8000000000 2.5814158533
1243.9000000000 2.5795536035
1244.0000000000 2.5814473867
1244.1000000000 2.5809485428
1244.2000000000 2.5817846457
1244.3000000000 2.5826824968
1244.4000000000 2.5827963217
1244.5000000000 2.5813065092
1244.6000000000 2.5825380018
1244.7000000000 2.5831117103
1244.8000000000 2.5837415680
1244.9000000000 2.5826574460
1245.0000000000 2.5829420176
1245.1000000000 2.5839685263
1245.2000000000 2.5832233521
1245.3000000000 2.5846285885
1245.4000000000 2.5828791565
1245.5000000000 2.5841975302
1245.6000000000 2.5827686742
1245.7000000000 2.5817678123
1245.8000000000 2.5817384505
1245.9000000000 2.5822128260
1246.0000000000 2.5822020061
1246.1000000000 2.5826594128
1246.2000000000 2.5825102575
1246.3000000000 2.5811478760
1246.4000000000 2.5789150007
1246.5000000000 2.5755080315
1246.6000000000 2.5767759757
1246.7000000000 2.5778799428
1246.8000000000 2.5763864434
1246.9000000000 2.5733872939
1247.0000000000 2.5696674383
1247.1000000000 2.5686938301
1247.2000000000 2.5708146527
1247.3000000000 2.5719843872
1247.4000000000 2.5708571652
1247.5000000000 2.5744445802
1247.6000000000 2.5734403251
1247.7000000000 2.5724644056
1247.8000000000 2.5715029948
1247.9000000000 2.5715566331
1248.0000000000 2.5742015351
1248.1000000000 2.5747196289
1248.2000000000 2.5722480334
1248.3000000000 2.5712283016
1248.4000000000 2.5709781496
1248.5000000000 2.5691213716
1248.6000000000 2.5692873254
1248.7000000000 2.5691296321
1248.8000000000 2.5680295169
1248.9000000000 2.5672745129
1249.0000000000 2.5676579659
1249.1000000000 2.5661011399
1249.2000000000 2.5684141808
1249.3000000000 2.5685546583
1249.4000000000 2.5687478706
1249.5000000000 2.5685029230
1249.6000000000 2.5679289286
1249.7000000000 2.5675251215
1249.8000000000 2.5650937745
1249.9000000000 2.5662674148
1250.0000000000 2.5676321007
1250.1000000000 2.5686122224
1250.2000000000 2.5705003413
1250.3000000000 2.5691649085
1250.4000000000 2.5695330452
1250.5000000000 2.5667101719
1250.6000000000 2.5653723296
1250.7000000000 2.5653888847
1250.8000000000 2.5630672413
1250.9000000000 2.5636085407
1251.0000000000 2.5603724149
1251.1000000000 2.5619867506
1251.2000000000 2.5619819399
1251.3000000000 2.5621589852
1251.4000000000 2.5632263804
1251.5000000000 2.5616547304
1251.6000000000 2.5645830407
1251.7000000000 2.5624233776
1251.8000000000 2.5634424119
1251.9000000000 2.5643125341
1252.0000000000 2.5648507608
1252.1000000000 2.5641623375
1252.2000000000 2.5645402129
1252.3000000000 2.5619066019
1252.4000000000 2.5625689438
1252.5000000000 2.5621988830
1252.6000000000 2.5626039021
1252.7000000000 2.5643553285
1252.8000000000 2.5643363064
1252.9000000000 2.5647061627
1253.0000000000 2.5628297821
1253.1000000000 2.5611012915
1253.2000000000 2.5651345228
1253.3000000000 2.5644007884
1253.4000000000 2.5645660556
1253.5000000000 2.5650503099
1253.6000000000 2.5627434616
1253.7000000000 2.5610150482
1253.8000000000 2.5629405106
1253.9000000000 2.5614942200
1254.0000000000 2.5610128551
1254.1000000000 2.5617997349
1254.2000000000 2.5646213645
1254.3000000000 2.5648371212
1254.4000000000 2.5642434670
1254.5000000000 2.5651905729
1254.6000000000 2.5618223228
1254.7000000000 2.5590287985
1254.8000000000 2.5592684379
1254.9000000000 2.5597264023
1255.0000000000 2.5600681019
1255.1000000000 2.5599806021
1255.2000000000 2.5596980409
1255.3000000000 2.5587234913
1255.4000000000 2.5619372933
1255.5000000000 2.5610070277
1255.6000000000 2.5601509783
1255.7000000000 2.5605185106
1255.8000000000 2.5595396788
1255.9000000000 2.5578433106
1256.0000000000 2.5598129234
1256.1000000000 2.5599022934
1256.2000000000 2.5591202353
1256.3000000000 2.5577845634
1256.4000000000 2.5557673602
1256.5000000000 2.5547610300
1256.6000000000 2.5552245954
1256.7000000000 2.5555850093
1256.8000000000 2.5579663931
1256.9000000000 2.5562724587
1257.0000000000 2.5558962566
1257.1000000000 2.5522153356
1257.2000000000 2.5558213682
1257.3000000000 2.5523586584
1257.4000000000 2.5529681355
1257.5000000000 2.5560322627
1257.6000000000 2.5548920348
1257.7000000000 2.5565441070
1257.8000000000 2.5577701386
1257.9000000000 2.5579968327
1258.0000000000 2.5569597886
1258.1000000000 2.5569761158
1258.2000000000 2.5567258551
1258.3000000000 2.5590639921
1258.4000000000 2.5600405701
1258.5000000000 2.5591671158
1258.6000000000 2.5584246514
1258.7000000000 2.5575617130
1258.8000000000 2.5576382997
1258.9000000000 2.5572025901
1259.0000000000 2.5550964126
1259.1000000000 2.5551389998
1259.2000000000 2.5552344603
1259.3000000000 2.5553487155
1259.4000000000 2.5525166082
1259.5000000000 2.5505701332
1259.6000000000 2.5529172209
1259.7000000000 2.5506759286
1259.8000000000 2.5495520390
1259.9000000000 2.5490401712
1260.0000000000 2.5517378948
1260.1000000000 2.5518707817
1260.2000000000 2.5536223222
1260.3000000000 2.5544208453
1260.4000000000 2.5553912249
1260.5000000000 2.5579410991
1260.6000000000 2.5595430548
1260.7000000000 2.5600633160
1260.8000000000 2.5577915627
1260.9000000000 2.5602421701
1261.0000000000 2.5611130260
1261.1000000000 2.5614542788
1261.2000000000 2.5589031686
1261.3000000000 2.5592331051
1261.4000000000 2.5557310223
1261.5000000000 2.5540055067
1261.6000000000 2.5554573508
1261.7000000000 2.5594959945
1261.8000000000 2.5600304488
1261.9000000000 2.5601663140
1262.0000000000 2.5592547863
1262.1000000000 2.5616287555
1262.2000000000 2.5597078697
1262.3000000000 2.5573126792
1262.4000000000 2.5568520382
1262.5000000000 2.5573370130
1262.6000000000 2.5570908236
1262.7000000000 2.5598971602
1262.8000000000 2.5601886899
1262.9000000000 2.5618175373
1263.0000000000 2.5620002543
1263.1000000000 2.5634879797
1263.2000000000 2.5613929898
1263.3000000000 2.5614256661
1263.4000000000 2.5629263027
1263.5000000000 2.5632466039
1263.6000000000 2.5624331924
1263.7000000000 2.5629498495
1263.8000000000 2.5639064904
1263.9000000000 2.5636760082
1264.0000000000 2.5637881278
1264.1000000000 2.5624763680
1264.2000000000 2.5633934369
1264.3000000000 2.5603623217
1264.4000000000 2.5623050777
1264.5000000000 2.5633205963
1264.6000000000 2.5650753383
1264.7000000000 2.5673974778
1264.8000000000 2.5650515865
1264.9000000000 2.5643258405
1265.0000000000 2.5645641152
1265.1000000000 2.5669972918
1265.2000000000 2.5691715471
1265.3000000000 2.5703341982
1265.4000000000 2.5686528303
1265.5000000000 2.5712107225
1265.6000000000 2.5692481229
1265.7000000000 2.5710798428
1265.8000000000 2.5709921367
1265.9000000000 2.5690306597
1266.0000000000 2.5685012091
1266.1000000000 2.5680909904
1266.2000000000 2.5677309806
1266.3000000000 2.5682202524
1266.4000000000 2.5678002833
1266.5000000000 2.5675317489
1266.6000000000 2.5674396621
1266.7000000000 2.5697969680
1266.8000000000 2.5704167876
1266.9000000000 2.5708582147
1267.0000000000 2.5693290489
1267.1000000000 2.5674879726
1267.2000000000 2.5693911041
1267.3000000000 2.5693709323
1267.4000000000 2.5722230649
1267.5000000000 2.5691860107
1267.6000000000 2.5704440484
1267.7000000000 2.5710723503
1267.8000000000 2.5736319506
1267.9000000000 2.5736823489
1268.0000000000 2.5757645222
1268.1000000000 2.5761521901
1268.2000000000 2.5740452628
1268.3000000000 2.5729565952
1268.4000000000 2.5748303903
1268.5000000000 2.5704363896
1268.6000000000 2.5706935015
1268.7000000000 2.5723462216
1268.8000000000 2.5716819056
1268.9000000000 2.5729238758
1269.0000000000 2.5723359729
1269.1000000000 2.5693901921
1269.2000000000 2.5671321308
1269.3000000000 2.5674574116
1269.4000000000 2.5655187337
1269.5000000000 2.5651968878
1269.6000000000 2.5658077362
1269.7000000000 2.5659480420
1269.8000000000 2.5649751801
1269.9000000000 2.5655103949
1270.0000000000 2.5675791876
1270.1000000000 2.5671031381
1270.2000000000 2.5654477343
1270.3000000000 2.5653188184
1270.4000000000 2.5654751043
1270.5000000000 2.5653495292
1270.6000000000 2.5641382689
1270.7000000000 2.5663613639
1270.8000000000 2.5644455655
1270.9000000000 2.5637594631
1271.0000000000 2.5638361699
1271.1000000000 2.5632525950
1271.2000000000 2.5635005903
1271.3000000000 2.5654048381
1271.4000000000 2.5621000100
1271.5000000000 2.5629951464
1271.6000000000 2.5627805395
1271.7000000000 2.5658723742
1271.8000000000 2.5625756284
1271.9000000000 2.5619665721
1272.0000000000 2.5623902243
1272.1000000000 2.5620523540
1272.2000000000 2.5614091863
1272.3000000000 2.5613395865
1272.4000000000 2.5613832092
1272.5000000000 2.5614531989
1272.6000000000 2.5625938190
1272.7000000000 2.5620380239
1272.8000000000 2.5637195627
1272.9000000000 2.5637417880
1273.0000000000 2.5628542102
1273.1000000000 2.5619709359
1273.2000000000 2.5591256756
1273.3000000000 2.5579140082
1273.4000000000 2.5599241831
1273.5000000000 2.5615155065
1273.6000000000 2.5614092091
1273.7000000000 2.5603797820
1273.8000000000 2.5609783370
1273.9000000000 2.5618638215
1274.0000000000 2.5615795921
1274.1000000000 2.5627298033
1274.2000000000 2.5638079714
1274.3000000000 2.5645852075
1274.4000000000 2.5675376214
1274.5000000000 2.5660003428
1274.6000000000 2.5660399490
1274.7000000000 2.5669279309
1274.8000000000 2.5675928931
1274.9000000000 2.5655016114
1275.0000000000 2.5668268950
1275.1000000000 2.5655218149
1275.2000000000 2.5661400816
1275.3000000000 2.5682189590
1275.4000000000 2.5656756823
1275.5000000000 2.5639284913
1275.6000000000 2.5651301742
1275.7000000000 2.5657642340
1275.8000000000 2.5634600882
1275.9000000000 2.5619777246
1276.0000000000 2.5615107321
1276.1000000000 2.5629717388
1276.2000000000 2.5656519675
1276.3000000000 2.5655941123
1276.4000000000 2.5668374221
1276.5000000000 2.5658343309
1276.6000000000 2.5648922154
1276.7000000000 2.5643355543
1276.8000000000 2.5651322999
1276.9000000000 2.5630763230
1277.0000000000 2.5607410959
1277.1000000000 2.5625083510
1277.2000000000 2.5618080330
1277.3000000000 2.5603174286
1277.4000000000 2.5614788905
1277.5000000000 2.5634356429
1277.6000000000 2.5622723302
1277.7000000000 2.5642740194
1277.8000000000 2.5638297161
1277.9000000000 2.5602833793
1278.0000000000 2.5605893352
1278.1000000000 2.5585969678
1278.2000000000 2.5606860418
1278.3000000000 2.5610233102
1278.4000000000 2.5601563502
1278.5000000000 2.5564948423
1278.6000000000 2.5558685152
1278.7000000000 2.5564004550
1278.8000000000 2.5555191812
1278.9000000000 2.5564711565
1279.0000000000 2.5551301783
1279.1000000000 2.5530296592
1279.2000000000 2.5542062796
1279.3000000000 2.5544904602
1279.4000000000 2.5546441924
1279.5000000000 2.5552338268
1279.6000000000 2.5525232639
1279.7000000000 2.5537038308
1279.8000000000 2.5552198783
1279.9000000000 2.5555247114
1280.0000000000 2.5584243724
1280.1000000000 2.5589461156
1280.2000000000 2.5600798392
1280.3000000000 2.5618028133
1280.4000000000 2.5593878354
1280.5000000000 2.5603358847
1280.6000000000 2.5608645104
1280.7000000000 2.5603215153
1280.8000000000 2.5591233313
1280.9000000000 2.5583714448
1281.0000000000 2.5603777689
1281.1000000000 2.5580951102
1281.2000000000 2.5584180958
1281.3000000000 2.5558312787
1281.4000000000 2.5573195709
1281.5000000000 2.5568280974
1281.6000000000 2.5584389722
1281.7000000000 2.5599139021
1281.8000000000 2.5599451752
1281.9000000000 2.5601983164
1282.0000000000 2.5589169345
1282.1000000000 2.5607674786
1282.2000000000 2.5606942087
1282.3000000000 2.5626036954
1282.4000000000 2.5608971608
1282.5000000000 2.5617364221
1282.6000000000 2.5631627681
1282.7000000000 2.5645161841
1282.8000000000 2.5635035898
1282.9000000000 2.5633314653
1283.0000000000 2.5631335219
1283.1000000000 2.5600715169
1283.2000000000 2.5597030270
1283.3000000000 2.5612016007
1283.4000000000 2.5598582926
1283.5000000000 2.5573363697
1283.6000000000 2.5578486796
1283.7000000000 2.5591460538
1283.8000000000 2.5601073096
1283.9000000000 2.5588818136
1284.0000000000 2.5584780154
1284.1000000000 2.5594190146
1284.2000000000 2.5600322618
1284.3000000000 2.5620009456
1284.4000000000 2.5620641101
1284.5000000000 2.5647788194
1284.6000000000 2.5667247637
1284.7000000000 2.5656873385
1284.8000000000 2.5663464640
1284.9000000000 2.5646704336
1285.0000000000 2.5670471476
1285.1000000000 2.5659002178
1285.2000000000 2.5664471113
1285.3000000000 2.5651322027
1285.4000000000 2.5635964734
1285.5000000000 2.5631329968
1285.6000000000 2.5641583180
1285.7000000000 2.5651645862
1285.8000000000 2.5646380333
1285.9000000000 2.5642159779
1286.0000000000 2.5626756286
1286.1000000000 2.5616783163
1286.2000000000 2.5615113741
1286.3000000000 2.5599717467
1286.4000000000 2.5591822936
1286.5000000000 2.5569874018
1286.6000000000 2.5556094735
1286.7000000000 2.5550011407
1286.8000000000 2.5557759643
1286.9000000000 2.5566948997
1287.0000000000 2.5559141619
1287.1000000000 2.5554552258
1287.2000000000 2.5570399796
1287.3000000000 2.5589038902
1287.4000000000 2.5586894726
1287.5000000000 2.5582358295
1287.6000000000 2.5590407864
1287.7000000000 2.5608658770
1287.8000000000 2.5596334850
1287.9000000000 2.5596408548
1288.0000000000 2.5582631964
1288.1000000000 2.5572058413
1288.2000000000 2.5583552604
1288.3000000000 2.5572678018
1288.4000000000 2.5559263739
1288.5000000000 2.5565559753
1288.6000000000 2.5553740053
1288.7000000000 2.5557293287
1288.8000000000 2.5555040037
1288.9000000000 2.5556893455
1289.0000000000 2.5576248092
1289.1000000000 2.5553293592
1289.2000000000 2.5535262856
1289.3000000000 2.5556561372
1289.4000000000 2.5549147588
1289.5000000000 2.5487258096
1289.6000000000 2.5511045807
1289.7000000000 2.5493279336
1289.8000000000 2.5506214703
1289.9000000000 2.5532506324
1290.0000000000 2.5506146809
1290.1000000000 2.5513022709
1290.2000000000 2.5534326124
1290.3000000000 2.5530747970
1290.4000000000 2.5508112680
1290.5000000000 2.5461355285
1290.6000000000 2.5443206088
1290.7000000000 2.5479518803
1290.8000000000 2.5463472580
1290.9000000000 2.5464930985
1291.0000000000 2.5475996811
1291.1000000000 2.5475419231
1291.2000000000 2.5479295192
1291.3000000000 2.5485276093
1291.4000000000 2.5499258135
1291.5000000000 2.5501951157
1291.6000000000 2.5511506493
1291.7000000000 2.5515221157
1291.8000000000 2.5530861042
1291.9000000000 2.5509818271
1292.0000000000 2.5530676455
1292.1000000000 2.5524678885
1292.2000000000 2.5510220577
1292.3000000000 2.5515471335
1292.4000000000 2.5513544620
1292.5000000000 2.5533642644
1292.6000000000 2.5501221175
1292.7000000000 2.5498937230
1292.8000000000 2.5513594081
1292.9000000000 2.5533602610
1293.0000000000 2.5529131510
1293.1000000000 2.5544469232
1293.2000000000 2.5548778973
1293.3000000000 2.5535153946
1293.4000000000 2.5546525431
1293.5000000000 2.5555230683
1293.6000000000 2.5523994390
1293.7000000000 2.5544320831
1293.8000000000 2.5554744329
1293.9000000000 2.5549427784
1294.0000000000 2.5559180263
1294.1000000000 2.5535294390
1294.2000000000 2.5558722614
1294.3000000000 2.5564210471
1294.4000000000 2.5567558687
1294.5000000000 2.5570727961
1294.6000000000 2.5614104881
1294.7000000000 2.5613267289
1294.8000000000 2.5591302367
1294.9000000000 2.5581056451
1295.0000000000 2.5580695726
1295.1000000000 2.5575773676
1295.2000000000 2.5576644022
1295.3000000000 2.5571051780
1295.4000000000 2.5582515080
1295.5000000000 2.5608047187
1295.6000000000 2.5593409878
1295.7000000000 2.5608927197
1295.8000000000 2.5624871604
1295.9000000000 2.5619351798
1296.0000000000 2.5631075162
1296.1000000000 2.5619324152
1296.2000000000 2.5630341463
1296.3000000000 2.5639527089
1296.4000000000 2.5651458455
1296.5000000000 2.5664209357
1296.6000000000 2.5672252410
1296.7000000000 2.5664928870
1296.8000000000 2.5692604415
1296.9000000000 2.5667607934
1297.0000000000 2.5693921106
1297.1000000000 2.5702612328
1297.2000000000 2.5684645237
1297.3000000000 2.5680993312
1297.4000000000 2.5691158130
1297.5000000000 2.5683833674
1297.6000000000 2.5680720468
1297.7000000000 2.5682296167
1297.8000000000 2.5683757084
1297.9000000000 2.5695468410
1298.0000000000 2.5679054171
1298.1000000000 2.5655822808
1298.2000000000 2.5667929006
1298.3000000000 2.5674999897
1298.4000000000 2.5664213934
1298.5000000000 2.5706541413
1298.6000000000 2.5699546897
1298.7000000000 2.5711301030
1298.8000000000 2.5715263617
1298.9000000000 2.5693140868
1299.0000000000 2.5685861427
1299.1000000000 2.5713193242
1299.2000000000 2.5700145753
1299.3000000000 2.5729142932
1299.4000000000 2.5741860553
1299.5000000000 2.5748493157
1299.6000000000 2.5724292611
1299.7000000000 2.5731011790
1299.8000000000 2.5737246695
1299.9000000000 2.5742941746
1300.0000000000 2.5772947723
1300.1000000000 2.5775599310
1300.2000000000 2.5773581683
1300.3000000000 2.5785563469
1300.4000000000 2.5799178421
1300.5000000000 2.5799192122
1300.6000000000 2.5788349022
1300.7000000000 2.5781238890
1300.8000000000 2.5795751565
1300.9000000000 2.5793401870
1301.0000000000 2.5772952505
1301.1000000000 2.5771149391
1301.2000000000 2.5752978655
1301.3000000000 2.5743825217
1301.4000000000 2.5754793155
1301.5000000000 2.5749380171
1301.6000000000 2.5755467462
1301.7000000000 2.5754715968
1301.8000000000 2.5781655139
1301.9000000000 2.5772931638
1302.0000000000 2.5798067902
1302.1000000000 2.5805827916
1302.2000000000 2.5815023397
1302.3000000000 2.5817187364
1302.4000000000 2.5825690276
1302.5000000000 2.5797082839
1302.6000000000 2.5811037971
1302.7000000000 2.5844272906
1302.8000000000 2.5834771814
1302.9000000000 2.5816668761
1303.0000000000 2.5819282487
1303.1000000000 2.5826627263
1303.2000000000 2.5828043923
1303.3000000000 2.5827662530
1303.4000000000 2.5844668310
1303.5000000000 2.5833651702
1303.6000000000 2.5856473221
1303.7000000000 2.5867958672
1303.8000000000 2.5833900530
1303.9000000000 2.5815138279
1304.0000000000 2.5782320896
1304.1000000000 2.5756069028
1304.2000000000 2.5735189989
1304.3000000000 2.5715832582
1304.4000000000 2.5725783287
1304.5000000000 2.5729220867
1304.6000000000 2.5728672680
1304.7000000000 2.5715881244
1304.8000000000 2.5719036974
1304.9000000000 2.5734587697
1305.0000000000 2.5741254865
1305.1000000000 2.5766925321
1305.2000000000 2.5762749277
1305.3000000000 2.5760622285
1305.4000000000 2.5777497539
1305.5000000000 2.5799246609
1305.6000000000 2.5795623680
1305.7000000000 2.5782214276
1305.8000000000 2.5776713329
1305.9000000000 2.5767612295
1306.0000000000 2.5780668363
1306.1000000000 2.5756464295
1306.2000000000 2.5748399295
1306.3000000000 2.5738438614
1306.4000000000 2.5762324162
1306.5000000000 2.5777795227
1306.6000000000 2.5765974251
1306.7000000000 2.5774792637
1306.8000000000 2.5804853015
1306.9000000000 2.5799275078
1307.0000000000 2.5792229399
1307.1000000000 2.5788914274
1307.2000000000 2.5779316340
1307.3000000000 2.5757868572
1307.4000000000 2.5748601663
1307.5000000000 2.5764540314
1307.6000000000 2.5777750944
1307.7000000000 2.5798626613
1307.8000000000 2.5770959983
1307.9000000000 2.5772725320
1308.0000000000 2.5770341126
1308.1000000000 2.5750938782
1308.2000000000 2.5770308254
1308.3000000000 2.5779277486
1308.4000000000 2.5766151746
1308.5000000000 2.5770796269
1308.6000000000 2.5779048423
1308.7000000000 2.5789145892
1308.8000000000 2.5755024087
1308.9000000000 2.5757724750
1309.0000000000 2.5739148795
1309.1000000000 2.5725425238
1309.2000000000 2.5731406356
1309.3000000000 2.5745173015
1309.4000000000 2.5731132860
1309.5000000000 2.5725606924
1309.6000000000 2.5734964825
1309.7000000000 2.5734757246
1309.8000000000 2.5725694049
1309.9000000000 2.5722055289
1310.0000000000 2.5711532303
1310.1000000000 2.5712319395
1310.2000000000 2.5737924728
1310.3000000000 2.5734430310
1310.4000000000 2.5731904106
1310.5000000000 2.5739014637
1310.6000000000 2.5744390511
1310.7000000000 2.5713784217
1310.8000000000 2.5744030272
1310.9000000000 2.5754440585
1311.0000000000 2.5751912002
1311.1000000000 2.5768973566
1311.2000000000 2.5781739308
1311.3000000000 2.5757235014
1311.4000000000 2.5730527511
1311.5000000000 2.5728623404
1311.6000000000 2.5729595775
1311.7000000000 2.5719754482
1311.8000000000 2.5684089787
1311.9000000000 2.5690972155
1312.0000000000 2.5703774721
1312.1000000000 2.5712952391
1312.2000000000 2.5686283490
1312.3000000000 2.5690728686
1312.4000000000 2.5691902317
1312.5000000000 2.5709036087
1312.6000000000 2.5701669862
1312.7000000000 2.5708117695
1312.8000000000 2.5702109710
1312.9000000000 2.5695382049
1313.0000000000 2.5700564954
1313.1000000000 2.5712398418
1313.2000000000 2.5718890203
1313.3000000000 2.5718445658
1313.4000000000 2.5716916966
1313.5000000000 2.5711209897
1313.6000000000 2.5737973661
1313.7000000000 2.5707942874
1313.8000000000 2.5725703328
1313.9000000000 2.5711166874
1314.0000000000 2.5707854799
1314.1000000000 2.5722287539
1314.2000000000 2.5714364274
1314.3000000000 2.5718982042
1314.4000000000 2.5725767075
1314.5000000000 2.5736912795
1314.6000000000 2.5759547998
1314.7000000000 2.5754463963
1314.8000000000 2.5767779261
1314.9000000000 2.5783861027
1315.0000000000 2.5775776323
1315.1000000000 2.5803700527
1315.2000000000 2.5799214299
1315.3000000000 2.5791877695
1315.4000000000 2.5783838386
1315.5000000000 2.5789045422
1315.6000000000 2.5795001650
1315.7000000000 2.5785584830
1315.8000000000 2.5744619568
1315.9000000000 2.5724228597
1316.0000000000 2.5702969467
1316.1000000000 2.5695455102
1316.2000000000 2.5694846866
1316.3000000000 2.5684953195
1316.4000000000 2.5698288975
1316.5000000000 2.5710566550
1316.6000000000 2.5701933604
1316.7000000000 2.5734347119
1316.8000000000 2.5723461537
1316.9000000000 2.5724443306
1317.0000000000 2.5718772569
1317.1000000000 2.5721330486
1317.2000000000 2.5737031858
1317.3000000000 2.5744532795
1317.4000000000 2.5764322122
1317.5000000000 2.5773484285
1317.6000000000 2.5752665593
1317.7000000000 2.5750449403
1317.8000000000 2.5770257896
1317.9000000000 2.5744881090
1318.0000000000 2.5763845486
1318.1000000000 2.5727581188
1318.2000000000 2.5734158478
1318.3000000000 2.5768932210
1318.4000000000 2.5768733473
1318.5000000000 2.5764494196
1318.6000000000 2.5749963334
1318.7000000000 2.5749202192
1318.8000000000 2.5760957734
1318.9000000000 2.5776938631
1319.0000000000 2.5761679377
1319.1000000000 2.5769636350
1319.2000000000 2.5758626206
1319.3000000000 2.5783976756
1319.4000000000 2.5787305727
1319.5000000000 2.5766512507
1319.6000000000 2.5776229207
1319.7000000000 2.5797547323
1319.8000000000 2.5786063865
1319.9000000000 2.5761451652
1320.0000000000 2.5778321949
1320.1000000000 2.5786347064
1320.2000000000 2.5800745083
1320.3000000000 2.5812258962
1320.4000000000 2.5800835923
1320.5000000000 2.5817212038
1320.6000000000 2.5808684071
1320.7000000000 2.5785472586
1320.8000000000 2.5784694953
1320.9000000000 2.5770023285
1321.0000000000 2.5769148327
1321.1000000000 2.5783799032
1321.2000000000 2.5773483301
1321.3000000000 2.5803149362
1321.4000000000 2.5802438189
1321.5000000000 2.5777738235
1321.6000000000 2.5786505268
1321.7000000000 2.5766784852
1321.8000000000 2.5754307747
1321.9000000000 2.5780388005
1322.0000000000 2.5765043188
1322.1000000000 2.5743792564
1322.2000000000 2.5734844355
1322.3000000000 2.5729378931
1322.4000000000 2.5756073069
1322.5000000000 2.5767776526
1322.6000000000 2.5765794448
1322.7000000000 2.5780666882
1322.8000000000 2.5780784554
1322.9000000000 2.5779215066
1323.0000000000 2.5800085529
1323.1000000000 2.5794864652
1323.2000000000 2.5788405240
1323.3000000000 2.5783049131
1323.4000000000 2.5780292866
1323.5000000000 2.5807289625
1323.6000000000 2.5799022147
1323.7000000000 2.5815779351
1323.8000000000 2.5775974406
1323.9000000000 2.5794142109
1324.0000000000 2.5770185717
1324.1000000000 2.5779380812
1324.2000000000 2.5780800717
1324.3000000000 2.5758379303
1324.4000000000 2.5740868628
1324.5000000000 2.5747008651
1324.6000000000 2.5746355693
1324.7000000000 2.5756326232
1324.8000000000 2.5733567406
1324.9000000000 2.5752421774
1325.0000000000 2.5729176585
1325.1000000000 2.5744588966
1325.2000000000 2.5736621304
1325.3000000000 2.5729691357
1325.4000000000 2.5723720238
1325.5000000000 2.5730677403
1325.6000000000 2.5761172987
1325.7000000000 2.5752430947
1325.8000000000 2.5744670384
1325.9000000000 2.5754086169
1326.0000000000 2.5764447908
1326.1000000000 2.5742350679
1326.2000000000 2.5787275188
1326.3000000000 2.5755265301
1326.4000000000 2.5784535758
1326.5000000000 2.5800646391
1326.6000000000 2.5788409050
1326.7000000000 2.5801557717
1326.8000000000 2.5787368613
1326.9000000000 2.5759364850
1327.0000000000 2.5741877022
1327.1000000000 2.5735743512
1327.2000000000 2.5738963397
1327.3000000000 2.5738831658
1327.4000000000 2.5743648124
1327.5000000000 2.5757944319
1327.6000000000 2.5735005377
1327.7000000000 2.5748900861
1327.8000000000 2.5742340589
1327.9000000000 2.5772251316
1328.0000000000 2.5736948159
1328.1000000000 2.5728441669
1328.2000000000 2.5688671442
1328.3000000000 2.5673991872
1328.4000000000 2.5678382048
1328.5000000000 2.5688659424
1328.6000000000 2.5691837660
1328.7000000000 2.5730943732
1328.8000000000 2.5732195038
1328.9000000000 2.5752088188
1329.0000000000 2.5747563306
1329.1000000000 2.5762589063
1329.2000000000 2.5754380187
1329.3000000000 2.5746572898
1329.4000000000 2.5750151120
1329.5000000000 2.5771987929
1329.6000000000 2.5785282095
1329.7000000000 2.5782159535
1329.8000000000 2.5788665927
1329.9000000000 2.5784359429
1330.0000000000 2.5787835411
1330.1000000000 2.5797950737
1330.2000000000 2.5799418233
1330.3000000000 2.5795846436
1330.4000000000 2.5796359979
1330.5000000000 2.5820598413
1330.6000000000 2.5808865069
1330.7000000000 2.5832151273
1330.8000000000 2.5811423739
1330.9000000000 2.5809622905
1331.0000000000 2.5798738106
1331.1000000000 2.5806447182
1331.2000000000 2.5814660068
1331.3000000000 2.5814455529
1331.4000000000 2.5812967823
1331.5000000000 2.5809891676
1331.6000000000 2.5806682813
1331.7000000000 2.5807995016
1331.8000000000 2.5814850256
1331.9000000000 2.5790034037
1332.0000000000 2.5800472570
1332.1000000000 2.5803788189
1332.2000000000 2.5800262743
1332.3000000000 2.5830947390
1332.4000000000 2.5844583379
1332.5000000000 2.5827665515
1332.6000000000 2.5800809608
1332.7000000000 2.5794232518
1332.8000000000 2.5802296067
1332.9000000000 2.5791126277
1333.0000000000 2.5788033724
1333.1000000000 2.5796425402
1333.2000000000 2.5793485101
1333.3000000000 2.5793953069
1333.4000000000 2.5772814778
1333.5000000000 2.5759100833
1333.6000000000 2.5739592632
1333.7000000000 2.5734767201
1333.8000000000 2.5741622592
1333.9000000000 2.5723532021
1334.0000000000 2.5716744696
1334.1000000000 2.5731618284
1334.2000000000 2.5754400562
1334.3000000000 2.5766137930
1334.4000000000 2.5756141994
1334.5000000000 2.5757387601
1334.6000000000 2.5744554654
1334.7000000000 2.5712488092
1334.8000000000 2.5731014829
1334.9000000000 2.5702512380
1335.0000000000 2.5724198407
1335.1000000000 2.5754428080
1335.2000000000 2.5735474907
1335.3000000000 2.5748861446
1335.4000000000 2.5761421820
1335.5000000000 2.5767195536
1335.6000000000 2.5752768205
1335.7000000000 2.5742306582
1335.8000000000 2.5757182505
1335.9000000000 2.5759670085
1336.0000000000 2.5777367445
1336.1000000000 2.5745372961
1336.2000000000 2.5753039948
1336.3000000000 2.5741932591
1336.4000000000 2.5742413309
1336.5000000000 2.5732866576
1336.6000000000 2.5715346370
1336.7000000000 2.5719798655
1336.8000000000 2.5714825272
1336.9000000000 2.5709469420
1337.0000000000 2.5715725959
1337.1000000000 2.5718688234
1337.2000000000 2.5707888515
1337.3000000000 2.5690698763
1337.4000000000 2.5678964148
1337.5000000000 2.5705731195
1337.6000000000 2.5708997115
1337.7000000000 2.5709638665
1337.8000000000 2.5710372443
1337.9000000000 2.5714011437
1338.0000000000 2.5720331681
1338.1000000000 2.5709304189
1338.2000000000 2.5728865464
1338.3000000000 2.5714321367
1338.4000000000 2.5715684457
1338.5000000000 2.5727135742
1338.6000000000 2.5748148504
1338.7000000000 2.5740745119
1338.8000000000 2.5746186476
1338.9000000000 2.5750121651
1339.0000000000 2.5732454998
1339.1000000000 2.5759320824
1339.2000000000 2.5732668753
1339.3000000000 2.5774538087
1339.4000000000 2.5771628743
1339.5000000000 2.5777740255
1339.6000000000 2.5778448010
1339.7000000000 2.5757456879
1339.8000000000 2.5737591899
1339.9000000000 2.5759203047
1340.0000000000 2.5769824637
1340.1000000000 2.5791479705
1340.2000000000 2.5780063615
1340.3000000000 2.5769219017
1340.4000000000 2.5757561804
1340.5000000000 2.5794443920
1340.6000000000 2.5798231772
1340.7000000000 2.5803496338
1340.8000000000 2.5805409905
1340.9000000000 2.5777542294
1341.0000000000 2.5798621028
1341.1000000000 2.5816302364
1341.2000000000 2.5799072689
1341.3000000000 2.5811650993
1341.4000000000 2.5832557470
1341.5000000000 2.5815842053
1341.6000000000 2.5839136957
1341.7000000000 2.5867611066
1341.8000000000 2.5867122675
1341.9000000000 2.5898860819
1342.0000000000 2.5901530262
1342.1000000000 2.5887086890
1342.2000000000 2.5865488198
1342.3000000000 2.5869825237
1342.4000000000 2.5885370646
1342.5000000000 2.5848388165
1342.6000000000 2.5832417159
1342.7000000000 2.5847753937
1342.8000000000 2.5823230076
1342.9000000000 2.5830178372
1343.0000000000 2.5845098881
1343.1000000000 2.5830490617
1343.2000000000 2.5864799287
1343.3000000000 2.5847964417
1343.4000000000 2.5836444584
1343.5000000000 2.5838956287
1343.6000000000 2.5836860342
1343.7000000000 2.5834891488
1343.8000000000 2.5833022483
1343.9000000000 2.5835888885
1344.0000000000 2.5839527610
1344.1000000000 2.5836237285
1344.2000000000 2.5822850268
1344.3000000000 2.5826539781
1344.4000000000 2.5828700817
1344.5000000000 2.5816871710
1344.6000000000 2.5811395796
1344.7000000000 2.5839846940
1344.8000000000 2.5800474240
1344.9000000000 2.5816362356
1345.0000000000 2.5823894685
1345.1000000000 2.5813962553
1345.2000000000 2.5791607696
1345.3000000000 2.5779198115
1345.4000000000 2.5787066826
1345.5000000000 2.5764080977
1345.6000000000 2.5771311121
1345.7000000000 2.5782973043
1345.8000000000 2.5740290024
1345.9000000000 2.5737914824
1346.0000000000 2.5749129909
1346.1000000000 2.5745857743
1346.2000000000 2.5717494026
1346.3000000000 2.5706398122
1346.4000000000 2.5712950338
1346.5000000000 2.5724673217
1346.6000000000 2.5757489245
1346.7000000000 2.5773019824
1346.8000000000 2.5773625996
1346.9000000000 2.5772317376
1347.0000000000 2.5770482443
1347.1000000000 2.5757435317
1347.2000000000 2.5782474503
1347.3000000000 2.5774521480
1347.4000000000 2.5779014178
1347.5000000000 2.5810911219
1347.6000000000 2.5817702833
1347.7000000000 2.5814970452
1347.8000000000 2.5810315128
1347.9000000000 2.5816340096
1348.0000000000 2.5811992011
1348.1000000000 2.5806009368
1348.2000000000 2.5782088656
1348.3000000000 2.5771563930
1348.4000000000 2.5766225585
1348.5000000000 2.5759276007
1348.6000000000 2.5778279520
1348.7000000000 2.5771309413
1348.8000000000 2.5775361283
1348.9000000000 2.5774679664
1349.0000000000 2.5781180851
1349.1000000000 2.5779664349
1349.2000000000 2.5794872761
1349.3000000000 2.5785638897
1349.4000000000 2.5772456009
1349.5000000000 2.5755076051
1349.6000000000 2.5763899479
1349.7000000000 2.5765690017
1349.8000000000 2.5769223219
1349.9000000000 2.5765700972
1350.0000000000 2.5745207566
1350.1000000000 2.5785756068
1350.2000000000 2.5741656495
1350.3000000000 2.5772949671
1350.4000000000 2.5782364374
1350.5000000000 2.5792061611
1350.6000000000 2.5786686159
1350.7000000000 2.5784654208
1350.8000000000 2.5769377513
1350.9000000000 2.5795932974
1351.0000000000 2.5809303670
1351.1000000000 2.5784050193
1351.2000000000 2.5776955240
1351.3000000000 2.5775548069
1351.4000000000 2.5779909519
1351.5000000000 2.5766838443
1351.6000000000 2.5764483626
1351.7000000000 2.5765455865
1351.8000000000 2.5778583886
1351.9000000000 2.5777307018
1352.0000000000 2.5788340219
1352.1000000000 2.5781628422
1352.2000000000 2.5771554448
1352.3000000000 2.5773644894
1352.4000000000 2.5800918010
1352.5000000000 2.5767640076
1352.6000000000 2.5749227731
1352.7000000000 2.5727582885
1352.8000000000 2.5735069287
1352.9000000000 2.5736986793
1353.0000000000 2.5755676123
1353.1000000000 2.5750229461
1353.2000000000 2.5744748345
1353.3000000000 2.5746744112
1353.4000000000 2.5773717948
1353.5000000000 2.5784811966
1353.6000000000 2.5784197945
1353.7000000000 2.5771295598
1353.8000000000 2.5782744531
1353.9000000000 2.5767023716
1354.0000000000 2.5772594209
1354.1000000000 2.5769824269
1354.2000000000 2.5757871474
1354.3000000000 2.5753197218
1354.4000000000 2.5774170415
1354.5000000000 2.5801723033
1354.6000000000 2.5785820452
1354.7000000000 2.5809878725
1354.8000000000 2.5804573695
1354.9000000000 2.5829892112
1355.0000000000 2.5828323726
1355.1000000000 2.5841151299
1355.2000000000 2.5825269827
1355.3000000000 2.5799164160
1355.4000000000 2.5832672450
1355.5000000000 2.5826774546
1355.6000000000 2.5819542682
1355.7000000000 2.5815594818
1355.8000000000 2.5845447315
1355.9000000000 2.5862632235
1356.0000000000 2.5881968309
1356.1000000000 2.5873471984
1356.2000000000 2.5870133488
1356.3000000000 2.5871761210
1356.4000000000 2.5922939029
1356.5000000000 2.5922183050
1356.6000000000 2.5907002204
1356.7000000000 2.5889903576
1356.8000000000 2.5895408866
1356.9000000000 2.5882018548
1357.0000000000 2.5887061984
1357.1000000000 2.5911478963
1357.2000000000 2.5909100116
1357.3000000000 2.5897040896
1357.4000000000 2.5935579901
1357.5000000000 2.5925602305
1357.6000000000 2.5944551809
1357.7000000000 2.5946733147
1357.8000000000 2.5934887599
1357.9000000000 2.5960331810
1358.0000000000 2.5962593557
1358.1000000000 2.5951993664
1358.2000000000 2.5951951158
1358.3000000000 2.5958394936
1358.4000000000 2.5970921252
1358.5000000000 2.5979743406
1358.6000000000 2.5988165446
1358.7000000000 2.5994533781
1358.8000000000 2.6004801867
1358.9000000000 2.5999657348
1359.0000000000 2.6007786615
1359.1000000000 2.6009993984
1359.2000000000 2.6024732196
1359.3000000000 2.6027480575
1359.4000000000 2.6025251753
1359.5000000000 2.6020474707
1359.6000000000 2.6010646304
1359.7000000000 2.6028284263
1359.8000000000 2.6044218221
1359.9000000000 2.6012967272
1360.0000000000 2.6038726309
1360.1000000000 2.6038067981
1360.2000000000 2.6053559883
1360.3000000000 2.6037684507
1360.4000000000 2.6043101190
1360.5000000000 2.6032678440
1360.6000000000 2.6071953618
1360.7000000000 2.6077887458
1360.8000000000 2.6082725803
1360.9000000000 2.6092154786
1361.0000000000 2.6116061149
1361.1000000000 2.6126256093
1361.2000000000 2.6134207844
1361.3000000000 2.6117843582
1361.4000000000 2.6099426702
1361.5000000000 2.6093135286
1361.6000000000 2.6092902621
1361.7000000000 2.6092985840
1361.8000000000 2.6093670933
1361.9000000000 2.6124330835
1362.0000000000 2.6111841905
1362.1000000000 2.6104497219
1362.2000000000 2.6113658482
1362.3000000000 2.6124560416
1362.4000000000 2.6097207701
1362.5000000000 2.6112540172
1362.6000000000 2.6099084163
1362.7000000000 2.6102767154
1362.8000000000 2.6107284793
1362.9000000000 2.6115743413
1363.0000000000 2.6131809142
1363.1000000000 2.6119095329
1363.2000000000 2.6114932697
1363.3000000000 2.6080584068
1363.4000000000 2.6060559380
1363.5000000000 2.6049517288
1363.6000000000 2.6034511107
1363.7000000000 2.6044908621
1363.8000000000 2.6037411834
1363.9000000000 2.6047124217
1364.0000000000 2.6054306501
1364.1000000000 2.6066673853
1364.2000000000 2.6050210240
1364.3000000000 2.6050857408
1364.4000000000 2.6049223523
1364.5000000000 2.6040742542
1364.6000000000 2.6028284231
1364.7000000000 2.6059578488
1364.8000000000 2.6059535816
1364.9000000000 2.6073031242
1365.0000000000 2.6062793910
1365.1000000000 2.6043962303
1365.2000000000 2.6013040293
1365.3000000000 2.6024964024
1365.4000000000 2.6036631496
1365.5000000000 2.6041407134
1365.6000000000 2.5987908383
1365.7000000000 2.6002624414
1365.8000000000 2.5980063892
1365.9000000000 2.5990252551
1366.0000000000 2.5990827259
1366.1000000000 2.5972055149
1366.2000000000 2.5967528897
1366.3000000000 2.5955666158
1366.4000000000 2.5952346814
1366.5000000000 2.5951177238
1366.6000000000 2.5965644482
1366.7000000000 2.5959654262
1366.8000000000 2.5935204600
1366.9000000000 2.5906671197
1367.0000000000 2.5916187996
1367.1000000000 2.5890945236
1367.2000000000 2.5899245192
1367.3000000000 2.5896948539
1367.4000000000 2.5911449400
1367.5000000000 2.5916438277
1367.6000000000 2.5915226571
1367.7000000000 2.5914755677
1367.8000000000 2.5929998065
1367.9000000000 2.5914543806
1368.0000000000 2.5931355901
1368.1000000000 2.5930549764
1368.2000000000 2.5945829904
1368.3000000000 2.5935682435
1368.4000000000 2.5933474589
1368.5000000000 2.5943000455
1368.6000000000 2.5948732262
1368.7000000000 2.5959656793
1368.8000000000 2.5924063144
1368.9000000000 2.5934674088
1369.0000000000 2.5965185805
1369.1000000000 2.5972990881
1369.2000000000 2.5972735899
1369.3000000000 2.5998744451
1369.4000000000 2.5997191099
1369.5000000000 2.5989993895
1369.6000000000 2.5993919297
1369.7000000000 2.5972202124
1369.8000000000 2.5979122627
1369.9000000000 2.5980728015
1370.0000000000 2.5992474925
1370.1000000000 2.5973408578
1370.2000000000 2.5978052682
1370.3000000000 2.5992618711
1370.4000000000 2.5988762635
1370.5000000000 2.5978848722
1370.6000000000 2.5995854977
1370.7000000000 2.5983762658
1370.8000000000 2.5986617637
1370.9000000000 2.5960337934
1371.0000000000 2.5932385881
1371.1000000000 2.5943078006
1371.2000000000 2.5943659899
1371.3000000000 2.5918658640
1371.4000000000 2.5874173719
1371.5000000000 2.5906921153
1371.6000000000 2.5897130532
1371.7000000000 2.5913199732
1371.8000000000 2.5886273997
1371.9000000000 2.5895668023
1372.0000000000 2.5871751888
1372.1000000000 2.5887976796
1372.2000000000 2.5890214034
1372.3000000000 2.5855598039
1372.4000000000 2.5868978242
1372.5000000000 2.5883364965
1372.6000000000 2.5857226681
1372.7000000000 2.5886569977
1372.8000000000 2.5891491157
1372.9000000000 2.5877290685
1373.0000000000 2.5866862098
1373.1000000000 2.5886953700
1373.2000000000 2.5866655181
1373.3000000000 2.5865639216
1373.4000000000 2.5831874469
1373.5000000000 2.5822222623
1373.6000000000 2.5810722965
1373.7000000000 2.5791753566
1373.8000000000 2.5772769880
1373.9000000000 2.5799422155
1374.0000000000 2.5767458131
1374.1000000000 2.5774317784
1374.2000000000 2.5771112091
1374.3000000000 2.5778718152
1374.4000000000 2.5793946150
1374.5000000000 2.5779077906
1374.6000000000 2.5767435909
1374.7000000000 2.5760822581
1374.8000000000 2.5749923808
1374.9000000000 2.5736815181
1375.0000000000 2.5699472092
1375.1000000000 2.5699019665
1375.2000000000 2.5684020804
1375.3000000000 2.5681710922
1375.4000000000 2.5674400010
1375.5000000000 2.5704561395
1375.6000000000 2.5699520641
1375.7000000000 2.5694062500
1375.8000000000 2.5713808970
1375.9000000000 2.5724322043
1376.0000000000 2.5721548674
1376.1000000000 2.5734704154
1376.2000000000 2.5738301393
1376.3000000000 2.5774768919
1376.4000000000 2.5738735743
1376.5000000000 2.5736163422
1376.6000000000 2.5753003022
1376.7000000000 2.5754680622
1376.8000000000 2.5754363955
1376.9000000000 2.5741888378
1377.0000000000 2.5765048844
1377.1000000000 2.5752710017
1377.2000000000 2.5738929190
1377.3000000000 2.5744383578
1377.4000000000 2.5709026137
1377.5000000000 2.5710103760
1377.6000000000 2.5713462610
1377.7000000000 2.5712914149
1377.8000000000 2.5730778889
1377.9000000000 2.5719515905
1378.0000000000 2.5730684008
1378.1000000000 2.5725925404
1378.2000000000 2.5713735464
1378.3000000000 2.5726389096
1378.4000000000 2.5720776021
1378.5000000000 2.5698253775
1378.6000000000 2.5684010031
1378.7000000000 2.5681783349
1378.8000000000 2.5711378964
1378.9000000000 2.5710612789
1379.0000000000 2.5722407197
1379.1000000000 2.5714852071
1379.2000000000 2.5688589868
1379.3000000000 2.5699392420
1379.4000000000 2.5689519551
1379.5000000000 2.5720723334
1379.6000000000 2.5726450954
1379.7000000000 2.5732491258
1379.8000000000 2.5726039030
1379.9000000000 2.5747372407
1380.0000000000 2.5732956583
1380.1000000000 2.5745153251
1380.2000000000 2.5756347677
1380.3000000000 2.5749363477
1380.4000000000 2.5757526805
1380.5000000000 2.5774682695
1380.6000000000 2.5779902761
1380.7000000000 2.5787419706
1380.8000000000 2.5793967090
1380.9000000000 2.5796143539
1381.0000000000 2.5800831044
1381.1000000000 2.5778745064
1381.2000000000 2.5775571469
1381.3000000000 2.5781701081
1381.4000000000 2.5793156194
1381.5000000000 2.5792300092
1381.6000000000 2.5779070532
1381.7000000000 2.5753182698
1381.8000000000 2.5771492830
1381.9000000000 2.5768038502
1382.0000000000 2.5772612075
1382.1000000000 2.5808306253
1382.2000000000 2.5787799257
1382.3000000000 2.5784782230
1382.4000000000 2.5767580202
1382.5000000000 2.5754552747
1382.6000000000 2.5746911038
1382.7000000000 2.5730134344
1382.8000000000 2.5739189063
1382.9000000000 2.5730552084
1383.0000000000 2.5749633154
1383.1000000000 2.5762052856
1383.2000000000 2.5766789676
1383.3000000000 2.5764945520
1383.4000000000 2.5767800669
1383.5000000000 2.5758142723
1383.6000000000 2.5781883159
1383.7000000000 2.5743778628
1383.8000000000 2.5722175152
1383.9000000000 2.5729048877
1384.0000000000 2.5728758028
1384.1000000000 2.5719545836
1384.2000000000 2.5738227661
1384.3000000000 2.5724719255
1384.4000000000 2.5706179784
1384.5000000000 2.5719540482
1384.6000000000 2.5718174510
1384.7000000000 2.5732787874
1384.8000000000 2.5726378608
1384.9000000000 2.5719414948
1385.0000000000 2.5711157938
1385.1000000000 2.5708657644
1385.2000000000 2.5689634204
1385.3000000000 2.5699159795
1385.4000000000 2.5689804950
1385.5000000000 2.5695739274
1385.6000000000 2.5655985229
1385.7000000000 2.5677478656
1385.8000000000 2.5672659677
1385.9000000000 2.5679204801
1386.0000000000 2.5700019986
1386.1000000000 2.5682941807
1386.2000000000 2.5646308208
1386.3000000000 2.5645189808
1386.4000000000 2.5638179062
1386.5000000000 2.5637706092
1386.6000000000 2.5644870704
1386.7000000000 2.5633099480
1386.8000000000 2.5652997560
1386.9000000000 2.5658396000
1387.0000000000 2.5643628633
1387.1000000000 2.5649165696
1387.2000000000 2.5626999777
1387.3000000000 2.5635049467
1387.4000000000 2.5614479511
1387.5000000000 2.5634535446
1387.6000000000 2.5629889285
1387.7000000000 2.5592908326
1387.8000000000 2.5617314544
1387.9000000000 2.5625940969
1388.0000000000 2.5621331207
1388.1000000000 2.5602461795
1388.2000000000 2.5600673523
1388.3000000000 2.5588026731
1388.4000000000 2.5569583818
1388.5000000000 2.5607432084
1388.6000000000 2.5600568129
1388.7000000000 2.5601182954
1388.8000000000 2.5622301379
1388.9000000000 2.5572604328
1389.0000000000 2.5586302199
1389.1000000000 2.5571249340
1389.2000000000 2.5607356336
1389.3000000000 2.5608631592
1389.4000000000 2.5594108825
1389.5000000000 2.5589204410
1389.6000000000 2.5598608801
1389.7000000000 2.5595488153
1389.8000000000 2.5609497842
1389.9000000000 2.5604361586
1390.0000000000 2.5601942656
1390.1000000000 2.5601731493
1390.2000000000 2.5606826715
1390.3000000000 2.5613383342
1390.4000000000 2.5615120261
1390.5000000000 2.5611347508
1390.6000000000 2.5615671439
1390.7000000000 2.5602182979
1390.8000000000 2.5601273373
1390.9000000000 2.5599942752
1391.0000000000 2.5600690583
1391.1000000000 2.5620667461
1391.2000000000 2.5619993476
1391.3000000000 2.5630695312
1391.4000000000 2.5651405795
1391.5000000000 2.5659732771
1391.6000000000 2.5680830787
1391.7000000000 2.5690407601
1391.8000000000 2.5692370769
1391.9000000000 2.5650103531
1392.0000000000 2.5669462985
1392.1000000000 2.5697532663
1392.2000000000 2.5674289348
1392.3000000000 2.5691961870
1392.4000000000 2.5701174485
1392.5000000000 2.5679508447
1392.6000000000 2.5690300702
1392.7000000000 2.5670824716
1392.8000000000 2.5685013441
1392.9000000000 2.5669418677
1393.0000000000 2.5681179737
1393.1000000000 2.5694153485
1393.2000000000 2.5709196837
1393.3000000000 2.5702307965
1393.4000000000 2.5698228135
1393.5000000000 2.5680038032
1393.6000000000 2.5664952545
1393.7000000000 2.5654195578
1393.8000000000 2.5690101486
1393.9000000000 2.5685190275
1394.0000000000 2.5690224610
1394.1000000000 2.5667958792
1394.2000000000 2.5678067738
1394.3000000000 2.5664634168
1394.4000000000 2.5662489681
1394.5000000000 2.5676878987
1394.6000000000 2.5657187636
1394.7000000000 2.5663982890
1394.8000000000 2.5663734321
1394.9000000000 2.5651992692
1395.0000000000 2.5642144329
1395.1000000000 2.5657905356
1395.2000000000 2.5667354243
1395.3000000000 2.5682037021
1395.4000000000 2.5665008699
1395.5000000000 2.5672284169
1395.6000000000 2.5682488144
1395.7000000000 2.5657436562
1395.8000000000 2.5664170387
1395.9000000000 2.5673086501
1396.0000000000 2.5664833169
1396.1000000000 2.5659787759
1396.2000000000 2.5666391478
1396.3000000000 2.5687600128
1396.4000000000 2.5669449086
1396.5000000000 2.5687964378
1396.6000000000 2.5676602506
1396.7000000000 2.5646354961
1396.8000000000 2.5630967525
1396.9000000000 2.5604975212
1397.0000000000 2.5621712883
1397.1000000000 2.5632432209
1397.2000000000 2.5637043595
1397.3000000000 2.5650536267
1397.4000000000 2.5648205014
1397.5000000000 2.5630758171
1397.6000000000 2.5645828773
1397.7000000000 2.5644994493
1397.8000000000 2.5654807325
1397.9000000000 2.5641203319
1398.0000000000 2.5653455948
1398.1000000000 2.5674009469
1398.2000000000 2.5682765416
1398.3000000000 2.5659381622
1398.4000000000 2.5644462507
1398.5000000000 2.5650132535
1398.6000000000 2.5652775794
1398.7000000000 2.5662261923
1398.8000000000 2.5692126731
1398.9000000000 2.5704348144
1399.0000000000 2.5725273289
1399.1000000000 2.5738019770
1399.2000000000 2.5723152928
1399.3000000000 2.5728794153
1399.4000000000 2.5713566729
1399.5000000000 2.5729279505
1399.6000000000 2.5765014238
1399.7000000000 2.5750526973
1399.8000000000 2.5766471426
1399.9000000000 2.5739389544
1400.0000000000 2.5736965052
1400.1000000000 2.5723027418
1400.2000000000 2.5724937423
1400.3000000000 2.5706159256
1400.4000000000 2.5673153648
1400.5000000000 2.5707166013
1400.6000000000 2.5725233442
1400.7000000000 2.5721738697
1400.8000000000 2.5731378168
1400.9000000000 2.5770077799
1401.0000000000 2.5757634228
1401.1000000000 2.5775540130
1401.2000000000 2.5766822014
1401.3000000000 2.5790661490
1401.4000000000 2.5795951751
1401.5000000000 2.5801594094
1401.6000000000 2.5783922759
1401.7000000000 2.5785353736
1401.8000000000 2.5791275454
1401.9000000000 2.5799444414
1402.0000000000 2.5797970533
1402.1000000000 2.5811669314
1402.2000000000 2.5795749677
1402.3000000000 2.5802437137
1402.4000000000 2.5794344041
1402.5000000000 2.5774712980
1402.6000000000 2.5788057366
1402.7000000000 2.5780976281
1402.8000000000 2.5791627523
1402.9000000000 2.5757717110
1403.0000000000 2.5783409429
1403.1000000000 2.5726267376
1403.2000000000 2.5739014261
1403.3000000000 2.5749608261
1403.4000000000 2.5733520900
1403.5000000000 2.5753847800
1403.6000000000 2.5758130834
1403.7000000000 2.5748950636
1403.8000000000 2.5751817847
1403.9000000000 2.5750765378
1404.0000000000 2.5767976180
1404.1000000000 2.5767574267
1404.2000000000 2.5755150603
1404.3000000000 2.5769034337
1404.4000000000 2.5763725055
1404.5000000000 2.5790931414
1404.6000000000 2.5799498078
1404.7000000000 2.5797243500
1404.8000000000 2.5799982176
1404.9000000000 2.5769802119
1405.0000000000 2.5781687632
1405.1000000000 2.5775364526
1405.2000000000 2.5760230505
1405.3000000000 2.5739092755
1405.4000000000 2.5748213556
1405.5000000000 2.5749354869
1405.6000000000 2.5752570883
1405.7000000000 2.5745551239
1405.8000000000 2.5753889443
1405.9000000000 2.5762331776
1406.0000000000 2.5755460683
1406.1000000000 2.5739315996
1406.2000000000 2.5740838403
1406.3000000000 2.5756246993
1406.4000000000 2.5770669022
1406.5000000000 2.5769165466
1406.6000000000 2.5778675313
1406.7000000000 2.5795783517
1406.8000000000 2.5800238162
1406.9000000000 2.5788466484
1407.0000000000 2.5774180305
1407.1000000000 2.5785510930
1407.2000000000 2.5787115062
1407.3000000000 2.5792666309
1407.4000000000 2.5797875106
1407.5000000000 2.5797907196
1407.6000000000 2.5779328036
1407.7000000000 2.5764282738
1407.8000000000 2.5784613644
1407.9000000000 2.5774759442
1408.0000000000 2.5813157294
1408.1000000000 2.5827988372
1408.2000000000 2.5789742817
1408.3000000000 2.5806750136
1408.4000000000 2.5819662953
1408.5000000000 2.5797125951
1408.6000000000 2.5797944140
1408.7000000000 2.5802758260
1408.8000000000 2.5803400515
1408.9000000000 2.5793702500
1409.0000000000 2.5794033779
1409.1000000000 2.5809315994
1409.2000000000 2.5839210050
1409.3000000000 2.5848352580
1409.4000000000 2.5839072032
1409.5000000000 2.5793247984
1409.6000000000 2.5794285869
1409.7000000000 2.5807277958
1409.8000000000 2.5752845797
1409.9000000000 2.5760147755
1410.0000000000 2.5759132169
1410.1000000000 2.5760328166
1410.2000000000 2.5733596535
1410.3000000000 2.5763185606
1410.4000000000 2.5748338482
1410.5000000000 2.5753343687
1410.6000000000 2.5785300717
1410.7000000000 2.5805093052
1410.8000000000 2.5836338610
1410.9000000000 2.5851334301
1411.0000000000 2.5847889784
1411.1000000000 2.5855232321
1411.2000000000 2.5863732649
1411.3000000000 2.5863757365
1411.4000000000 2.5845057011
1411.5000000000 2.5840095734
1411.6000000000 2.5868596611
1411.7000000000 2.5848550404
1411.8000000000 2.5858641617
1411.9000000000 2.5841861955
1412.0000000000 2.5825068267
1412.1000000000 2.5822077490
1412.2000000000 2.5830423959
1412.3000000000 2.5832498237
1412.4000000000 2.5830672153
1412.5000000000 2.5838783289
1412.6000000000 2.5813672780
1412.7000000000 2.5827193375
1412.8000000000 2.5828994729
1412.9000000000 2.5837048372
1413.0000000000 2.5873120030
1413.1000000000 2.5859646310
1413.2000000000 2.5853985362
1413.3000000000 2.5866987435
1413.4000000000 2.5894654728
1413.5000000000 2.5901750961
1413.6000000000 2.5892993701
1413.7000000000 2.5918105003
1413.8000000000 2.5918823268
1413.9000000000 2.5924099349
1414.0000000000 2.5916372880
1414.1000000000 2.5937875125
1414.2000000000 2.5948602402
1414.3000000000 2.5957242979
1414.4000000000 2.5923400196
1414.5000000000 2.5916396308
1414.6000000000 2.5885314791
1414.7000000000 2.5901041176
1414.8000000000 2.5889658300
1414.9000000000 2.5903700658
1415.0000000000 2.5897078804
1415.1000000000 2.5922122562
1415.2000000000 2.5919693845
1415.3000000000 2.5906462411
1415.4000000000 2.5912540836
1415.5000000000 2.5902950662
1415.6000000000 2.5904545738
1415.7000000000 2.5903674134
1415.8000000000 2.5912931365
1415.9000000000 2.5886921969
1416.0000000000 2.5898368121
1416.1000000000 2.5866372129
1416.2000000000 2.5875795291
1416.3000000000 2.5896959180
1416.4000000000 2.5901949884
1416.5000000000 2.5894248821
1416.6000000000 2.5902237410
1416.7000000000 2.5919723514
1416.8000000000 2.5929783961
1416.9000000000 2.5925126192
1417.0000000000 2.5920890817
1417.1000000000 2.5911489826
1417.2000000000 2.5936637755
1417.3000000000 2.5926503126
1417.4000000000 2.5919296857
1417.5000000000 2.5927522335
1417.6000000000 2.5909664588
1417.7000000000 2.5915921975
1417.8000000000 2.5930931633
1417.9000000000 2.5921898292
1418.0000000000 2.5925269280
1418.1000000000 2.5888584192
1418.2000000000 2.5884606118
1418.3000000000 2.5883787444
1418.4000000000 2.5901973021
1418.5000000000 2.5895146080
1418.6000000000 2.5918192979
1418.7000000000 2.5904935040
1418.8000000000 2.5910637116
1418.9000000000 2.5894333516
1419.0000000000 2.5888789130
1419.1000000000 2.5877176542
1419.2000000000 2.5892529236
1419.3000000000 2.5895488550
1419.4000000000 2.5898793545
1419.5000000000 2.5911124774
1419.6000000000 2.5916899930
1419.7000000000 2.5915107733
1419.8000000000 2.5900851411
1419.9000000000 2.5904569536
1420.0000000000 2.5906219441
1420.1000000000 2.5922211811
1420.2000000000 2.5917828553
1420.3000000000 2.5912474494
1420.4000000000 2.5891720718
1420.5000000000 2.5899167134
1420.6000000000 2.5888541619
1420.7000000000 2.5891773070
1420.8000000000 2.5892185447
1420.9000000000 2.5895175775
1421.0000000000 2.5905771530
1421.1000000000 2.5911259437
1421.2000000000 2.5907045545
1421.3000000000 2.5878887954
1421.4000000000 2.5870008519
1421.5000000000 2.5858358363
1421.6000000000 2.5852832736
1421.7000000000 2.5852104226
1421.8000000000 2.5866739034
1421.9000000000 2.5876398170
1422.0000000000 2.5870252090
1422.1000000000 2.5877681847
1422.2000000000 2.5906799826
1422.3000000000 2.5912211205
1422.4000000000 2.5912580163
1422.5000000000 2.5903015446
1422.6000000000 2.5908317054
1422.7000000000 2.5901357990
1422.8000000000 2.5895729504
1422.9000000000 2.5895607201
1423.0000000000 2.5923140985
1423.1000000000 2.5943744227
1423.2000000000 2.5948287375
1423.3000000000 2.5967213396
1423.4000000000 2.5952974109
1423.5000000000 2.5959671076
1423.6000000000 2.5973275123
1423.7000000000 2.5997386114
1423.8000000000 2.6002193813
1423.9000000000 2.6013872028
1424.0000000000 2.5996642862
1424.1000000000 2.6010310683
1424.2000000000 2.6026295294
1424.3000000000 2.6037761142
1424.4000000000 2.6026803054
1424.5000000000 2.6004217017
1424.6000000000 2.6002327813
1424.7000000000 2.6000238854
1424.8000000000 2.6004007362
1424.9000000000 2.5995050562
1425.0000000000 2.5988948028
1425.1000000000 2.5988023371
1425.2000000000 2.5990490802
1425.3000000000 2.5983822161
1425.4000000000 2.5966046018
1425.5000000000 2.5969168643
1425.6000000000 2.5992336357
1425.7000000000 2.5973581678
1425.8000000000 2.5961142555
1425.9000000000 2.5960257308
1426.0000000000 2.5976599427
1426.1000000000 2.5978232157
1426.2000000000 2.5972886769
1426.3000000000 2.5978656901
1426.4000000000 2.5967819422
1426.5000000000 2.5964054924
1426.6000000000 2.5982458300
1426.7000000000 2.5966849230
1426.8000000000 2.5941862651
1426.9000000000 2.5949930941
1427.0000000000 2.5952601519
1427.1000000000 2.5981922684
1427.2000000000 2.5974644730
1427.3000000000 2.5953928564
1427.4000000000 2.5984360723
1427.5000000000 2.5986075301
1427.6000000000 2.5968475647
1427.7000000000 2.5977222232
1427.8000000000 2.5987880728
1427.9000000000 2.5993772096
1428.0000000000 2.5997712550
1428.1000000000 2.6007911996
1428.2000000000 2.6001914386
1428.3000000000 2.5991740523
1428.4000000000 2.5984539442
1428.5000000000 2.5980366465
1428.6000000000 2.6006325362
1428.7000000000 2.5984311899
1428.8000000000 2.5991855185
1428.9000000000 2.5989080232
1429.0000000000 2.5970874221
1429.1000000000 2.5963715150
1429.2000000000 2.5973752533
1429.3000000000 2.5959948858
1429.4000000000 2.5935610071
1429.5000000000 2.5940716547
1429.6000000000 2.5926974694
1429.7000000000 2.5952937703
1429.8000000000 2.5923206543
1429.9000000000 2.5930383567
1430.0000000000 2.5924242270
1430.1000000000 2.5952736822
1430.2000000000 2.5949230067
1430.3000000000 2.5945490995
1430.4000000000 2.5951899181
1430.5000000000 2.5933365017
1430.6000000000 2.5930540264
1430.7000000000 2.5905850618
1430.8000000000 2.5919949016
1430.9000000000 2.5933210629
1431.0000000000 2.5943501392
1431.1000000000 2.5944620084
1431.2000000000 2.5931763089
1431.3000000000 2.5905420537
1431.4000000000 2.5907357704
1431.5000000000 2.5890199882
1431.6000000000 2.5915718171
1431.7000000000 2.5892690504
1431.8000000000 2.5880696931
1431.9000000000 2.5891762792
1432.0000000000 2.5864837701
1432.1000000000 2.5872467816
1432.2000000000 2.5867231184
1432.3000000000 2.5862783385
1432.4000000000 2.5884982098
1432.5000000000 2.5877454199
1432.6000000000 2.5865136213
1432.7000000000 2.5888292044
1432.8000000000 2.5874309432
1432.9000000000 2.5881221943
1433.0000000000 2.5869708534
1433.1000000000 2.5852835835
1433.2000000000 2.5844183261
1433.3000000000 2.5870402954
1433.4000000000 2.5863241859
1433.5000000000 2.5823701924
1433.6000000000 2.5817478436
1433.7000000000 2.5820341781
1433.8000000000 2.5811874156
1433.9000000000 2.5814762326
1434.0000000000 2.5808539604
1434.1000000000 2.5822423439
1434.2000000000 2.5833410690
1434.3000000000 2.5839127519
1434.4000000000 2.5841670006
1434.5000000000 2.5819483762
1434.6000000000 2.5811824838
1434.7000000000 2.5825123149
1434.8000000000 2.5864586516
1434.9000000000 2.5869276140
1435.0000000000 2.5853856916
1435.1000000000 2.5838689276
1435.2000000000 2.5842126114
1435.3000000000 2.5833744648
1435.4000000000 2.5860253122
1435.5000000000 2.5831655667
1435.6000000000 2.5810259950
1435.7000000000 2.5821833970
1435.8000000000 2.5799921388
1435.9000000000 2.5813152104
1436.0000000000 2.5811269954
1436.1000000000 2.5811993539
1436.2000000000 2.5807190446
1436.3000000000 2.5792163730
1436.4000000000 2.5814903109
1436.5000000000 2.5806863035
1436.6000000000 2.5778751592
1436.7000000000 2.5769459866
1436.8000000000 2.5789315809
1436.9000000000 2.5792073608
1437.0000000000 2.5749050886
1437.1000000000 2.5763737490
1437.2000000000 2.5758228651
1437.3000000000 2.5743737730
1437.4000000000 2.5768947767
1437.5000000000 2.5784654428
1437.6000000000 2.5783263226
1437.7000000000 2.5775364111
1437.8000000000 2.5766718746
1437.9000000000 2.5773856432
1438.0000000000 2.5756608100
1438.1000000000 2.5763927940
1438.2000000000 2.5771072166
1438.3000000000 2.5746350868
1438.4000000000 2.5758996487
1438.5000000000 2.5757112907
1438.6000000000 2.5792364931
1438.7000000000 2.5790433323
1438.8000000000 2.5787862705
1438.9000000000 2.5802348279
1439.0000000000 2.5792470957
1439.1000000000 2.5781605647
1439.2000000000 2.5788605695
1439.3000000000 2.5813142378
1439.4000000000 2.5800941646
1439.5000000000 2.5799440091
1439.6000000000 2.5820187950
1439.7000000000 2.5814177913
1439.8000000000 2.5799247446
1439.9000000000 2.5780490453
1440.0000000000 2.5802345097
1440.1000000000 2.5807629894
1440.2000000000 2.5827152954
1440.3000000000 2.5814110029
1440.4000000000 2.5837822689
1440.5000000000 2.5841734164
1440.6000000000 2.5814734886
1440.7000000000 2.5839635118
1440.8000000000 2.5846839425
1440.9000000000 2.5828239613
1441.0000000000 2.5837482609
1441.1000000000 2.5846479756
1441.2000000000 2.5814649088
1441.3000000000 2.5826688146
1441.4000000000 2.5828167524
1441.5000000000 2.5834825081
1441.6000000000 2.5815274740
1441.7000000000 2.5796836741
1441.8000000000 2.5829375012
1441.9000000000 2.5814904623
1442.0000000000 2.5823219610
1442.1000000000 2.5811359902
1442.2000000000 2.5824892415
1442.3000000000 2.5812491142
1442.4000000000 2.5805115798
1442.5000000000 2.5806246122
1442.6000000000 2.5767872790
1442.7000000000 2.5756038116
1442.8000000000 2.5774570203
1442.9000000000 2.5801339629
1443.0000000000 2.5795755337
1443.1000000000 2.5806017374
1443.2000000000 2.5818351338
1443.3000000000 2.5806412408
1443.4000000000 2.5830502271
1443.5000000000 2.5813003548
1443.6000000000 2.5793392958
1443.7000000000 2.5799353131
1443.8000000000 2.5791675865
1443.9000000000 2.5791681419
1444.0000000000 2.5798186498
1444.1000000000 2.5788975631
1444.2000000000 2.5814637907
1444.3000000000 2.5829189066
1444.4000000000 2.5811554495
1444.5000000000 2.5816876484
1444.6000000000 2.5814922930
1444.7000000000 2.5821179852
1444.8000000000 2.5831282180
1444.9000000000 2.5796310959
1445.0000000000 2.5792151689
1445.1000000000 2.5796645721
1445.2000000000 2.5803873190
1445.3000000000 2.5822208040
1445.4000000000 2.5788942483
1445.5000000000 2.5802436712
1445.6000000000 2.5799528941
1445.7000000000 2.5776808750
1445.8000000000 2.5798274401
1445.9000000000 2.5821126460
1446.0000000000 2.5819994909
1446.1000000000 2.5794511294
1446.2000000000 2.5813843070
1446.3000000000 2.5796424636
1446.4000000000 2.5792254180
1446.5000000000 2.5780237369
1446.6000000000 2.5793712418
1446.7000000000 2.5795535183
1446.8000000000 2.5797463373
1446.9000000000 2.5790124852
1447.0000000000 2.5783835519
1447.1000000000 2.5766160586
1447.2000000000 2.5776601119
1447.3000000000 2.5765729210
1447.4000000000 2.5756882901
1447.5000000000 2.5782522831
1447.6000000000 2.5788631829
1447.7000000000 2.5815431461
1447.8000000000 2.5802986496
1447.9000000000 2.5802297795
1448.0000000000 2.5808312411
1448.1000000000 2.5803915190
1448.2000000000 2.5803044154
1448.3000000000 2.5806085393
1448.4000000000 2.5833649386
1448.5000000000 2.5853765509
1448.6000000000 2.5836589825
1448.7000000000 2.5819814618
1448.8000000000 2.5845506149
1448.9000000000 2.5832700336
1449.0000000000 2.5835828728
1449.1000000000 2.5853487485
1449.2000000000 2.5843253538
1449.3000000000 2.5858921811
1449.4000000000 2.5847468891
1449.5000000000 2.5856973330
1449.6000000000 2.5837459714
1449.7000000000 2.5826796733
1449.8000000000 2.5799845906
1449.9000000000 2.5823773746
1450.0000000000 2.5811398160
1450.1000000000 2.5822780534
1450.2000000000 2.5824935285
1450.3000000000 2.5815557552
1450.4000000000 2.5836316403
1450.5000000000 2.5831288730
1450.6000000000 2.5855423642
1450.7000000000 2.5823568734
1450.8000000000 2.5845490294
1450.9000000000 2.5850875698
1451.0000000000 2.5838835400
1451.1000000000 2.5841193555
1451.2000000000 2.5835635797
1451.3000000000 2.5815422003
1451.4000000000 2.5787912065
1451.5000000000 2.5802936680
1451.6000000000 2.5795699008
1451.7000000000 2.5807404373
1451.8000000000 2.5808976724
1451.9000000000 2.5812904895
1452.0000000000 2.5787501942
1452.1000000000 2.5814373490
1452.2000000000 2.5804491814
1452.3000000000 2.5815367020
1452.4000000000 2.5835228287
1452.5000000000 2.5829105750
1452.6000000000 2.5838772856
1452.7000000000 2.5822255973
1452.8000000000 2.5837315386
1452.9000000000 2.5843881529
1453.0000000000 2.5855536799
1453.1000000000 2.5806514899
1453.2000000000 2.5797254309
1453.3000000000 2.5808443619
1453.4000000000 2.5807109266
1453.5000000000 2.5819501305
1453.6000000000 2.5798124376
1453.7000000000 2.5813745818
1453.8000000000 2.5819406869
1453.9000000000 2.5827852615
1454.0000000000 2.5823391286
1454.1000000000 2.5833362206
1454.2000000000 2.5852770647
1454.3000000000 2.5886801404
1454.4000000000 2.5875907854
1454.5000000000 2.5856219214
1454.6000000000 2.5862927232
1454.7000000000 2.5844811211
1454.8000000000 2.5858522406
1454.9000000000 2.5867505887
1455.0000000000 2.5898550940
1455.1000000000 2.5892244175
1455.2000000000 2.5869098613
1455.3000000000 2.5879374049
1455.4000000000 2.5845975368
1455.5000000000 2.5848949087
1455.6000000000 2.5834274188
1455.7000000000 2.5850140296
1455.8000000000 2.5874241332
1455.9000000000 2.5869442961
1456.0000000000 2.5857199603
1456.1000000000 2.5836537672
1456.2000000000 2.5852119048
1456.3000000000 2.5835319717
1456.4000000000 2.5805591358
1456.5000000000 2.5779440643
1456.6000000000 2.5806971948
1456.7000000000 2.5791974086
1456.8000000000 2.5804807312
1456.9000000000 2.5800371712
1457.0000000000 2.5814152100
1457.1000000000 2.5796325559
1457.2000000000 2.5793694976
1457.3000000000 2.5814237157
1457.4000000000 2.5815174575
1457.5000000000 2.5804940099
1457.6000000000 2.5789693840
1457.7000000000 2.5787634701
1457.8000000000 2.5798016592
1457.9000000000 2.5746523166
1458.0000000000 2.5747421346
1458.1000000000 2.5747182642
1458.2000000000 2.5733698864
1458.3000000000 2.5720235782
1458.4000000000 2.5712510260
1458.5000000000 2.5715613796
1458.6000000000 2.5734883715
1458.7000000000 2.5730705458
1458.8000000000 2.5764177053
1458.9000000000 2.5769877577
1459.0000000000 2.5753101844
1459.1000000000 2.5756666907
1459.2000000000 2.5762130617
1459.3000000000 2.5758639214
1459.4000000000 2.5756547956
1459.5000000000 2.5753353874
1459.6000000000 2.5766721708
1459.7000000000 2.5763759079
1459.8000000000 2.5753381522
1459.9000000000 2.5755824604
1460.0000000000 2.5758515766
1460.1000000000 2.5744920586
1460.2000000000 2.5772916089
1460.3000000000 2.5760271669
1460.4000000000 2.5771085470
1460.5000000000 2.5747393516
1460.6000000000 2.5766329625
1460.7000000000 2.5778787653
1460.8000000000 2.5796347425
1460.9000000000 2.5778637586
1461.0000000000 2.5770018000
1461.1000000000 2.5766806484
1461.2000000000 2.5779831031
1461.3000000000 2.5770295922
1461.4000000000 2.5783261647
1461.5000000000 2.5777365345
1461.6000000000 2.5761180652
1461.7000000000 2.5778814914
1461.8000000000 2.5776122587
1461.9000000000 2.5776944808
1462.0000000000 2.5752932429
1462.1000000000 2.5724312905
1462.2000000000 2.5740497762
1462.3000000000 2.5751047497
1462.4000000000 2.5779698621
1462.5000000000 2.5783551993
1462.6000000000 2.5799576684
1462.7000000000 2.5785527883
1462.8000000000 2.5792025398
1462.9000000000 2.5804567499
1463.0000000000 2.5802464268
1463.1000000000 2.5793753140
1463.2000000000 2.5800784901
1463.3000000000 2.5783989302
1463.4000000000 2.5756445197
1463.5000000000 2.5745275208
1463.6000000000 2.5733842153
1463.7000000000 2.5742180172
1463.8000000000 2.5715306962
1463.9000000000 2.5724872231
1464.0000000000 2.5714722636
1464.1000000000 2.5713048657
1464.2000000000 2.5664655163
1464.3000000000 2.5687824974
1464.4000000000 2.5688564126
1464.5000000000 2.5716600973
1464.6000000000 2.5717373109
1464.7000000000 2.5729318866
1464.8000000000 2.5714034991
1464.9000000000 2.5721309612
1465.0000000000 2.5705848600
1465.1000000000 2.5686218107
1465.2000000000 2.5701212339
1465.3000000000 2.5732019144
1465.4000000000 2.5729124130
1465.5000000000 2.5715267630
1465.6000000000 2.5707259875
1465.7000000000 2.5716197520
1465.8000000000 2.5729267515
1465.9000000000 2.5765358831
1466.0000000000 2.5755985383
1466.1000000000 2.5766151502
1466.2000000000 2.5787181712
1466.3000000000 2.5774614005
1466.4000000000 2.5793992619
1466.5000000000 2.5783472883
1466.6000000000 2.5770420380
1466.7000000000 2.5785253029
1466.8000000000 2.5776399650
1466.9000000000 2.5784468579
1467.0000000000 2.5785692499
1467.1000000000 2.5808926362
1467.2000000000 2.5802972445
1467.3000000000 2.5813101096
1467.4000000000 2.5798132873
1467.5000000000 2.5804259602
1467.6000000000 2.5808167428
1467.7000000000 2.5801201489
1467.8000000000 2.5831776992
1467.9000000000 2.5829815927
1468.0000000000 2.5835026709
1468.1000000000 2.5843900682
1468.2000000000 2.5841281618
1468.3000000000 2.5837842909
1468.4000000000 2.5843487567
1468.5000000000 2.5875065968
1468.6000000000 2.5854022682
1468.7000000000 2.5836512198
1468.8000000000 2.5811989220
1468.9000000000 2.5823951923
1469.0000000000 2.5860783890
1469.1000000000 2.5838158679
1469.2000000000 2.5833501590
1469.3000000000 2.5844054809
1469.4000000000 2.5869254074
1469.5000000000 2.5836287840
1469.6000000000 2.5836273539
1469.7000000000 2.5801871641
1469.8000000000 2.5791753448
1469.9000000000 2.5787665342
1470.0000000000 2.5775774433
1470.1000000000 2.5796567040
1470.2000000000 2.5767128661
1470.3000000000 2.5782696303
1470.4000000000 2.5782074425
1470.5000000000 2.5752509006
1470.6000000000 2.5772618304
1470.7000000000 2.5782481727
1470.8000000000 2.5777178655
1470.9000000000 2.5767253036
1471.0000000000 2.5787866118
1471.1000000000 2.5752411997
1471.2000000000 2.5782674086
1471.3000000000 2.5778150224
1471.4000000000 2.5769739317
1471.5000000000 2.5756396379
1471.6000000000 2.5758891942
1471.7000000000 2.5770389141
1471.8000000000 2.5791469718
1471.9000000000 2.5771911578
1472.0000000000 2.5780943274
1472.1000000000 2.5787272035
1472.2000000000 2.5759857127
1472.3000000000 2.5768477547
1472.4000000000 2.5787540937
1472.5000000000 2.5771531419
1472.6000000000 2.5796227371
1472.7000000000 2.5809703223
1472.8000000000 2.5820181435
1472.9000000000 2.5793011744
1473.0000000000 2.5801655750
1473.1000000000 2.5815114163
1473.2000000000 2.5817208289
1473.3000000000 2.5828706195
1473.4000000000 2.5811744344
1473.5000000000 2.5802492221
1473.6000000000 2.5793446828
1473.7000000000 2.5795875690
1473.8000000000 2.5797655481
1473.9000000000 2.5821394279
1474.0000000000 2.5803595976
1474.1000000000 2.5808371691
1474.2000000000 2.5798131140
1474.3000000000 2.5787032401
1474.4000000000 2.5829934783
1474.5000000000 2.5819161545
1474.6000000000 2.5839335741
1474.7000000000 2.5828251767
1474.8000000000 2.5845790607
1474.9000000000 2.5846778465
1475.0000000000 2.5855629755
1475.1000000000 2.5870800293
1475.2000000000 2.5890898378
1475.3000000000 2.5887139790
1475.4000000000 2.5867651910
1475.5000000000 2.5876612066
1475.6000000000 2.5857046407
1475.7000000000 2.5888806757
1475.8000000000 2.5869422759
1475.9000000000 2.5875045683
1476.0000000000 2.5891772123
1476.1000000000 2.5898331300
1476.2000000000 2.5893472866
1476.3000000000 2.5913032742
1476.4000000000 2.5932518884
1476.5000000000 2.5954628555
1476.6000000000 2.5966902621
1476.7000000000 2.5983327113
1476.8000000000 2.5999383060
1476.9000000000 2.5986807101
1477.0000000000 2.5996036154
1477.1000000000 2.5978738177
1477.2000000000 2.5984063937
1477.3000000000 2.5994445699
1477.4000000000 2.6022515543
1477.5000000000 2.6018100452
1477.6000000000 2.5985307597
1477.7000000000 2.6005033050
1477.8000000000 2.5964277513
1477.9000000000 2.5951121779
1478.0000000000 2.5956905308
1478.1000000000 2.5970467195
1478.2000000000 2.5974591111
1478.3000000000 2.6005552739
1478.4000000000 2.6009583916
1478.5000000000 2.6009544885
1478.6000000000 2.6012530957
1478.7000000000 2.6002714897
1478.8000000000 2.6016924148
1478.9000000000 2.5995602706
1479.0000000000 2.6020397456
1479.1000000000 2.6003017751
1479.2000000000 2.5989377446
1479.3000000000 2.6009683966
1479.4000000000 2.5988431626
1479.5000000000 2.5987018907
1479.6000000000 2.5987007636
1479.7000000000 2.5998257729
1479.8000000000 2.5954260643
1479.9000000000 2.5968476873
1480.0000000000 2.5975485186
1480.1000000000 2.5955099822
1480.2000000000 2.5943238516
1480.3000000000 2.5939531661
1480.4000000000 2.5937707117
1480.5000000000 2.5950435319
1480.6000000000 2.5962382011
1480.7000000000 2.5968728143
1480.8000000000 2.5935573285
1480.9000000000 2.5929803284
1481.0000000000 2.5955328868
1481.1000000000 2.5933365561
1481.2000000000 2.5918482340
1481.3000000000 2.5940006407
1481.4000000000 2.5965512515
1481.5000000000 2.5969192398
1481.6000000000 2.5970566065
1481.7000000000 2.5970150837
1481.8000000000 2.6004446400
1481.9000000000 2.5985203881
1482.0000000000 2.5995307834
1482.1000000000 2.5989000754
1482.2000000000 2.6002229100
1482.3000000000 2.6015629378
1482.4000000000 2.6029474248
1482.5000000000 2.5992059940
1482.6000000000 2.5990098744
1482.7000000000 2.6027371200
1482.8000000000 2.6036877012
1482.9000000000 2.6039345961
1483.0000000000 2.6040095920
1483.1000000000 2.6040269979
1483.2000000000 2.6045586585
1483.3000000000 2.6028735285
1483.4000000000 2.6047265620
1483.5000000000 2.6030549673
1483.6000000000 2.6060964673
1483.7000000000 2.6050476988
1483.8000000000 2.6048634308
1483.9000000000 2.6057237084
1484.0000000000 2.6029000308
1484.1000000000 2.6033063319
1484.2000000000 2.6024479933
1484.3000000000 2.6015446649
1484.4000000000 2.5974967678
1484.5000000000 2.5974702130
1484.6000000000 2.5968825368
1484.7000000000 2.5985575659
1484.8000000000 2.6006132384
1484.9000000000 2.6002511477
1485.0000000000 2.6004517803
1485.1000000000 2.6000947102
1485.2000000000 2.5976764265
1485.3000000000 2.6013177572
1485.4000000000 2.6012477871
1485.5000000000 2.6021584949
1485.6000000000 2.5996952775
1485.7000000000 2.6019566920
1485.8000000000 2.6018853675
1485.9000000000 2.6018863673
1486.0000000000 2.6013185206
1486.1000000000 2.6007179876
1486.2000000000 2.6030007635
1486.3000000000 2.6031895800
1486.4000000000 2.5997004637
1486.5000000000 2.5970186752
1486.6000000000 2.5971591920
1486.7000000000 2.5974323608
1486.8000000000 2.5965051741
1486.9000000000 2.5961449931
1487.0000000000 2.5975455165
1487.1000000000 2.5968377582
1487.2000000000 2.5952233399
1487.3000000000 2.5947400002
1487.4000000000 2.6006647284
1487.5000000000 2.6014412098
1487.6000000000 2.6018345836
1487.7000000000 2.6032950345
1487.8000000000 2.6022064557
1487.9000000000 2.6032415584
1488.0000000000 2.6023190418
1488.1000000000 2.6002755267
1488.2000000000 2.6017393130
1488.3000000000 2.6030580362
1488.4000000000 2.6017266698
1488.5000000000 2.5999977190
1488.6000000000 2.5979690246
1488.7000000000 2.5963011951
1488.8000000000 2.5987947023
1488.9000000000 2.5972966547
1489.0000000000 2.5987940705
1489.1000000000 2.6013049972
1489.2000000000 2.6014958072
1489.3000000000 2.6044201125
1489.4000000000 2.6062677365
1489.5000000000 2.6047701502
1489.6000000000 2.6051532653
1489.7000000000 2.6046433440
1489.8000000000 2.6034259551
1489.9000000000 2.6027489146
1490.0000000000 2.6011080948
1490.1000000000 2.6017847041
1490.2000000000 2.6034682484
1490.3000000000 2.6024123660
1490.4000000000 2.6048237037
1490.5000000000 2.6069904507
1490.6000000000 2.6071716123
1490.7000000000 2.6105433869
1490.8000000000 2.6073123514
1490.9000000000 2.6069037318
1491.0000000000 2.6052480374
1491.1000000000 2.6048783671
1491.2000000000 2.6052499466
1491.3000000000 2.6034891354
1491.4000000000 2.6032026815
1491.5000000000 2.6026615930
1491.6000000000 2.6003458288
1491.7000000000 2.6023916325
1491.8000000000 2.6004618765
1491.9000000000 2.6026290423
1492.0000000000 2.6014820836
1492.1000000000 2.6006505840
1492.2000000000 2.5997722140
1492.3000000000 2.6013138773
1492.4000000000 2.5998553492
1492.5000000000 2.5969897681
1492.6000000000 2.6005763043
1492.7000000000 2.5984221847
1492.8000000000 2.5962541921
1492.9000000000 2.5949473160
1493.0000000000 2.5950592589
1493.1000000000 2.5948944223
1493.2000000000 2.5954651624
1493.3000000000 2.5911643107
1493.4000000000 2.5916242931
1493.5000000000 2.5924795803
1493.6000000000 2.5932317333
1493.7000000000 2.5940375432
1493.8000000000 2.5933231260
1493.9000000000 2.5944025453
1494.0000000000 2.5950688677
1494.1000000000 2.5951847676
1494.2000000000 2.5935600780
1494.3000000000 2.5916534250
1494.4000000000 2.5932161595
1494.5000000000 2.5934804348
1494.6000000000 2.5934405878
1494.7000000000 2.5935251593
1494.8000000000 2.5955408958
1494.9000000000 2.5942950870
1495.0000000000 2.5945016928
1495.1000000000 2.5941507086
1495.2000000000 2.5949604838
1495.3000000000 2.5938344231
1495.4000000000 2.5922560523
1495.5000000000 2.5915499286
1495.6000000000 2.5907656426
1495.7000000000 2.5902796107
1495.8000000000 2.5895259164
1495.9000000000 2.5889430487
1496.0000000000 2.5907484140
1496.1000000000 2.5908511764
1496.2000000000 2.5935633740
1496.3000000000 2.5932740594
1496.4000000000 2.5922699600
1496.5000000000 2.5926425867
1496.6000000000 2.5927807606
1496.7000000000 2.5956484766
1496.8000000000 2.5940548057
1496.9000000000 2.5937783773
1497.0000000000 2.5949277134
1497.1000000000 2.5948219776
1497.2000000000 2.5940666184
1497.3000000000 2.5946581349
1497.4000000000 2.5955313180
1497.5000000000 2.5958183567
1497.6000000000 2.5947392162
1497.7000000000 2.5948534646
1497.8000000000 2.5938308043
1497.9000000000 2.5910497800
1498.0000000000 2.5921152509
1498.1000000000 2.5941083037
1498.2000000000 2.5959395177
1498.3000000000 2.5953338834
1498.4000000000 2.5923438466
1498.5000000000 2.5934793090
1498.6000000000 2.5931722574
1498.7000000000 2.5941978020
1498.8000000000 2.5935256806
1498.9000000000 2.5944292655
1499.0000000000 2.5945227639
1499.1000000000 2.5964027628
1499.2000000000 2.5975650178
1499.3000000000 2.5982632360
1499.4000000000 2.5971587594
1499.5000000000 2.5965222782
1499.6000000000 2.5972103611
1499.7000000000 2.5961897951
1499.8000000000 2.5970215844
1499.9000000000 2.5944015245
1500.0000000000 2.5921391566
1500.1000000000 2.5913017833
1500.2000000000 2.5907329929
1500.3000000000 2.5901846311
1500.4000000000 2.5904061820
1500.5000000000 2.5895881010
1500.6000000000 2.5883748801
1500.7000000000 2.5896624468
1500.8000000000 2.5871253442
1500.9000000000 2.5846048845
1501.0000000000 2.5837079619
1501.1000000000 2.5834380866
1501.2000000000 2.5855337883
1501.3000000000 2.5869053916
1501.4000000000 2.5860762634
1501.5000000000 2.5846667892
1501.6000000000 2.5860498290
1501.7000000000 2.5868579585
1501.8000000000 2.5841792731
1501.9000000000 2.5847616904
1502.0000000000 2.5862673869
1502.1000000000 2.5859317928
1502.2000000000 2.5848763938
1502.3000000000 2.5833428677
1502.4000000000 2.5838015112
1502.5000000000 2.5843899144
1502.6000000000 2.5835061305
1502.7000000000 2.5820225250
1502.8000000000 2.5825414483
1502.9000000000 2.5847993479
1503.0000000000 2.5829177419
1503.1000000000 2.5817973090
1503.2000000000 2.5817172302
1503.3000000000 2.5818318483
1503.4000000000 2.5820313995
1503.5000000000 2.5833223855
1503.6000000000 2.5781662299
1503.7000000000 2.5798999477
1503.8000000000 2.5782911227
1503.9000000000 2.5783476370
1504.0000000000 2.5786112398
1504.1000000000 2.5788797798
1504.2000000000 2.5802074128
1504.3000000000 2.5826180524
1504.4000000000 2.5797028129
1504.5000000000 2.5822626097
1504.6000000000 2.5812917984
1504.7000000000 2.5762030192
1504.8000000000 2.5775350316
1504.9000000000 2.5778148831
1505.0000000000 2.5779943755
1505.1000000000 2.5788563277
1505.2000000000 2.5769362944
1505.3000000000 2.5764819225
1505.4000000000 2.5771303026
1505.5000000000 2.5785410350
1505.6000000000 2.5755895119
1505.7000000000 2.5740695539
1505.8000000000 2.5727132528
1505.9000000000 2.5741787024
1506.0000000000 2.5744249396
1506.1000000000 2.5762105120
1506.2000000000 2.5723731408
1506.3000000000 2.5739894264
1506.4000000000 2.5729488202
1506.5000000000 2.5747646913
1506.6000000000 2.5734740016
1506.7000000000 2.5731162265
1506.8000000000 2.5733615159
1506.9000000000 2.5741727202
1507.0000000000 2.5771481662
1507.1000000000 2.5777514440
1507.2000000000 2.5767850019
1507.3000000000 2.5759640347
1507.4000000000 2.5753616479
1507.5000000000 2.5713811054
1507.6000000000 2.5728729246
1507.7000000000 2.5727095552
1507.8000000000 2.5727299157
1507.9000000000 2.5733334426
1508.0000000000 2.5746193081
1508.1000000000 2.5738326265
1508.2000000000 2.5716816784
1508.3000000000 2.5688985211
1508.4000000000 2.5727720683
1508.5000000000 2.5722932085
1508.6000000000 2.5705163128
1508.7000000000 2.5705004703
1508.8000000000 2.5655594841
1508.9000000000 2.5644789044
1509.0000000000 2.5652037385
1509.1000000000 2.5639210475
1509.2000000000 2.5655305076
1509.3000000000 2.5656283100
1509.4000000000 2.5652533249
1509.5000000000 2.5652275534
1509.6000000000 2.5639473208
1509.7000000000 2.5633584498
1509.8000000000 2.5635001138
1509.9000000000 2.5627950898
1510.0000000000 2.5586078893
1510.1000000000 2.5606841040
1510.2000000000 2.5610947266
1510.3000000000 2.5633715177
1510.4000000000 2.5639733407
1510.5000000000 2.5659726256
1510.6000000000 2.5663491448
1510.7000000000 2.5671397578
1510.8000000000 2.5675550336
1510.9000000000 2.5685677472
1511.0000000000 2.5696107495
1511.1000000000 2.5692928816
1511.2000000000 2.5694980603
1511.3000000000 2.5701194127
1511.4000000000 2.5691421849
1511.5000000000 2.5712834893
1511.6000000000 2.5694635354
1511.7000000000 2.5675049428
1511.8000000000 2.5676598979
1511.9000000000 2.5703703277
1512.0000000000 2.5690898174
1512.1000000000 2.5694313968
1512.2000000000 2.5698942829
1512.3000000000 2.5703221817
1512.4000000000 2.5709816500
1512.5000000000 2.5697476596
1512.6000000000 2.5702940374
1512.7000000000 2.5720994060
1512.8000000000 2.5703617030
1512.9000000000 2.5708851774
1513.0000000000 2.5732805057
1513.1000000000 2.5736466656
1513.2000000000 2.5751908110
1513.3000000000 2.5731944030
1513.4000000000 2.5719493503
1513.5000000000 2.5715636622
1513.6000000000 2.5678525905
1513.7000000000 2.5698341118
1513.8000000000 2.5686917692
1513.9000000000 2.5713307048
1514.0000000000 2.5705744105
1514.1000000000 2.5716835173
1514.2000000000 2.5714343383
1514.3000000000 2.5713735577
1514.4000000000 2.5690015044
1514.5000000000 2.5681185891
1514.6000000000 2.5687380404
1514.7000000000 2.5680017432
1514.8000000000 2.5676627024
1514.9000000000 2.5705802587
1515.0000000000 2.5723861413
1515.1000000000 2.5716922449
1515.2000000000 2.5711819637
1515.3000000000 2.5744741885
1515.4000000000 2.5722974436
1515.5000000000 2.5684457647
1515.6000000000 2.5700246410
1515.7000000000 2.5713684122
1515.8000000000 2.5720630286
1515.9000000000 2.5746349627
1516.0000000000 2.5770615964
1516.1000000000 2.5774432030
1516.2000000000 2.5746649436
1516.3000000000 2.5737817509
1516.4000000000 2.5728984076
1516.5000000000 2.5723085201
1516.6000000000 2.5728265915
1516.7000000000 2.5730526024
1516.8000000000 2.5727344747
1516.9000000000 2.5731702886
1517.0000000000 2.5716400541
1517.1000000000 2.5727734291
1517.2000000000 2.5715813422
1517.3000000000 2.5718553084
1517.4000000000 2.5722427603
1517.5000000000 2.5740382127
1517.6000000000 2.5739449602
1517.7000000000 2.5733956099
1517.8000000000 2.5739428968
1517.9000000000 2.5698856186
1518.0000000000 2.5694558397
1518.1000000000 2.5689445599
1518.2000000000 2.5691992902
1518.3000000000 2.5661091461
1518.4000000000 2.5673781424
1518.5000000000 2.5667136148
1518.6000000000 2.5633008260
1518.7000000000 2.5686620505
1518.8000000000 2.5665251964
1518.9000000000 2.5643792428
1519.0000000000 2.5646787528
1519.1000000000 2.5654106441
1519.2000000000 2.5652699934
1519.3000000000 2.5663255538
1519.4000000000 2.5664063930
1519.5000000000 2.5671862045
1519.6000000000 2.5658326175
1519.7000000000 2.5646017003
1519.8000000000 2.5655893155
1519.9000000000 2.5663260363
1520.0000000000 2.5673887819
1520.1000000000 2.5698842180
1520.2000000000 2.5673402173
1520.3000000000 2.5711000780
1520.4000000000 2.5706445493
1520.5000000000 2.5686481829
1520.6000000000 2.5674049077
1520.7000000000 2.5687869838
1520.8000000000 2.5659710414
1520.9000000000 2.5645541925
1521.0000000000 2.5666564363
1521.1000000000 2.5676617454
1521.2000000000 2.5693110277
1521.3000000000 2.5712849189
1521.4000000000 2.5708801117
1521.5000000000 2.5698335772
1521.6000000000 2.5730719587
1521.7000000000 2.5706239312
1521.8000000000 2.5721303428
1521.9000000000 2.5735898789
1522.0000000000 2.5731328460
1522.1000000000 2.5722931459
1522.2000000000 2.5721552128
1522.3000000000 2.5692200788
1522.4000000000 2.5706260614
1522.5000000000 2.5688998077
1522.6000000000 2.5681288437
1522.7000000000 2.5675559694
1522.8000000000 2.5692759583
1522.9000000000 2.5669888994
1523.0000000000 2.5690365861
1523.1000000000 2.5661291049
1523.2000000000 2.5661946413
1523.3000000000 2.5645049349
1523.4000000000 2.5644096817
1523.5000000000 2.5632521537
1523.6000000000 2.5615631629
1523.7000000000 2.5611572337
1523.8000000000 2.5606099026
1523.9000000000 2.5608010386
1524.0000000000 2.5624975923
1524.1000000000 2.5613265326
1524.2000000000 2.5609563428
1524.3000000000 2.5591647150
1524.4000000000 2.5614480956
1524.5000000000 2.5642512689
1524.6000000000 2.5633581822
1524.7000000000 2.5655177053
1524.8000000000 2.5642244375
1524.9000000000 2.5663035045
1525.0000000000 2.5668375936
1525.1000000000 2.5672607323
1525.2000000000 2.5652471775
1525.3000000000 2.5665527273
1525.4000000000 2.5656744728
1525.5000000000 2.5673816719
1525.6000000000 2.5689922520
1525.7000000000 2.5711940349
1525.8000000000 2.5700126743
1525.9000000000 2.5693413779
1526.0000000000 2.5702359327
1526.1000000000 2.5702049265
1526.2000000000 2.5698809533
1526.3000000000 2.5706634312
1526.4000000000 2.5730953855
1526.5000000000 2.5722713185
1526.6000000000 2.5724585455
1526.7000000000 2.5731839808
1526.8000000000 2.5735939705
1526.9000000000 2.5742697486
1527.0000000000 2.5752699601
1527.1000000000 2.5759650107
1527.2000000000 2.5762502683
1527.3000000000 2.5740307649
1527.4000000000 2.5704591104
1527.5000000000 2.5693006899
1527.6000000000 2.5684133399
1527.7000000000 2.5705645324
1527.8000000000 2.5695029406
1527.9000000000 2.5705431939
1528.0000000000 2.5700344553
1528.1000000000 2.5702177524
1528.2000000000 2.5718100465
1528.3000000000 2.5706979549
1528.4000000000 2.5692255117
1528.5000000000 2.5683753463
1528.6000000000 2.5686248522
1528.7000000000 2.5682924482
1528.8000000000 2.5696385466
1528.9000000000 2.5656368789
1529.0000000000 2.5662635342
1529.1000000000 2.5671821711
1529.2000000000 2.5689348545
1529.3000000000 2.5697749836
1529.4000000000 2.5680543382
1529.5000000000 2.5707088330
1529.6000000000 2.5709609121
1529.7000000000 2.5693908457
1529.8000000000 2.5669205921
1529.9000000000 2.5688630158
1530.0000000000 2.5700189184
1530.1000000000 2.5676905718
1530.2000000000 2.5673368473
1530.3000000000 2.5666533488
1530.4000000000 2.5673406202
1530.5000000000 2.5715453594
1530.6000000000 2.5742238738
1530.7000000000 2.5714188039
1530.8000000000 2.5718212851
1530.9000000000 2.5722744094
1531.0000000000 2.5715577330
1531.1000000000 2.5717083475
1531.2000000000 2.5696995445
1531.3000000000 2.5706868216
1531.4000000000 2.5730724067
1531.5000000000 2.5736751692
1531.6000000000 2.5736227443
1531.7000000000 2.5748601792
1531.8000000000 2.5717544794
1531.9000000000 2.5727987589
1532.0000000000 2.5745104177
1532.1000000000 2.5748774926
1532.2000000000 2.5755722370
1532.3000000000 2.5756827257
1532.4000000000 2.5770268014
1532.5000000000 2.5773852465
1532.6000000000 2.5773886012
1532.7000000000 2.5773847640
1532.8000000000 2.5763074883
1532.9000000000 2.5770501438
1533.0000000000 2.5768863427
1533.1000000000 2.5755480530
1533.2000000000 2.5755266528
1533.3000000000 2.5752445580
1533.4000000000 2.5776264775
1533.5000000000 2.5784615162
1533.6000000000 2.5778637473
1533.7000000000 2.5780442964
1533.8000000000 2.5784219742
1533.9000000000 2.5773503154
1534.0000000000 2.5756938691
1534.1000000000 2.5749859120
1534.2000000000 2.5736310811
1534.3000000000 2.5761448569
1534.4000000000 2.5749316730
1534.5000000000 2.5753069139
1534.6000000000 2.5744475185
1534.7000000000 2.5733454549
1534.8000000000 2.5727404601
1534.9000000000 2.5735705831
1535.0000000000 2.5765625916
1535.1000000000 2.5754435678
1535.2000000000 2.5739179741
1535.3000000000 2.5748926613
1535.4000000000 2.5745876561
1535.5000000000 2.5748848225
1535.6000000000 2.5731282449
1535.7000000000 2.5768375011
1535.8000000000 2.5755315291
1535.9000000000 2.5755684164
1536.0000000000 2.5769128148
1536.1000000000 2.5760522530
1536.2000000000 2.5740256738
1536.3000000000 2.5723676416
1536.4000000000 2.5735208573
1536.5000000000 2.5748837810
1536.6000000000 2.5757700744
1536.7000000000 2.5749513465
1536.8000000000 2.5728903135
1536.9000000000 2.5736190110
1537.0000000000 2.5751312284
1537.1000000000 2.5739464922
1537.2000000000 2.5708451199
1537.3000000000 2.5719541599
1537.4000000000 2.5728499580
1537.5000000000 2.5723931221
1537.6000000000 2.5705161511
1537.7000000000 2.5722023243
1537.8000000000 2.5712655337
1537.9000000000 2.5724302287
1538.0000000000 2.5697539538
1538.1000000000 2.5717846807
1538.2000000000 2.5731996154
1538.3000000000 2.5730965110
1538.4000000000 2.5720254160
1538.5000000000 2.5707431321
1538.6000000000 2.5730767215
1538.7000000000 2.5690190827
1538.8000000000 2.5670021096
1538.9000000000 2.5682838917
1539.0000000000 2.5678198409
1539.1000000000 2.5674547187
1539.2000000000 2.5683348662
1539.3000000000 2.5662113782
1539.4000000000 2.5677792042
1539.5000000000 2.5677227340
1539.6000000000 2.5677671922
1539.7000000000 2.5679367126
1539.8000000000 2.5661000831
1539.9000000000 2.5686537917
1540.0000000000 2.5682905912
1540.1000000000 2.5702390763
1540.2000000000 2.5710077489
1540.3000000000 2.5736135103
1540.4000000000 2.5733540089
1540.5000000000 2.5737439645
1540.6000000000 2.5701327360
1540.7000000000 2.5691473985
1540.8000000000 2.5706649725
1540.9000000000 2.5695357871
1541.0000000000 2.5679038723
1541.1000000000 2.5680695887
1541.2000000000 2.5694290365
1541.3000000000 2.5687554986
1541.4000000000 2.5686564528
1541.5000000000 2.5691073840
1541.6000000000 2.5692191599
1541.7000000000 2.5696292181
1541.8000000000 2.5691947112
1541.9000000000 2.5707443498
1542.0000000000 2.5726595934
1542.1000000000 2.5726704642
1542.2000000000 2.5739682436
1542.3000000000 2.5752993609
1542.4000000000 2.5761271843
1542.5000000000 2.5749536036
1542.6000000000 2.5742074830
1542.7000000000 2.5690649542
1542.8000000000 2.5673239892
1542.9000000000 2.5693742821
1543.0000000000 2.5692369958
1543.1000000000 2.5698608012
1543.2000000000 2.5704865410
1543.3000000000 2.5731256198
1543.4000000000 2.5727709567
1543.5000000000 2.5714521877
1543.6000000000 2.5682703957
1543.7000000000 2.5717984713
1543.8000000000 2.5714228052
1543.9000000000 2.5723216279
1544.0000000000 2.5703232844
1544.1000000000 2.5689599624
1544.2000000000 2.5686100560
1544.3000000000 2.5695076064
1544.4000000000 2.5700158851
1544.5000000000 2.5688903206
1544.6000000000 2.5692068741
1544.7000000000 2.5684642309
1544.8000000000 2.5688380149
1544.9000000000 2.5679018513
1545.0000000000 2.5684046121
1545.1000000000 2.5703446943
1545.2000000000 2.5705006617
1545.3000000000 2.5686047700
1545.4000000000 2.5697940128
1545.5000000000 2.5713844558
1545.6000000000 2.5691778203
1545.7000000000 2.5666255844
1545.8000000000 2.5678004985
1545.9000000000 2.5683040477
1546.0000000000 2.5680711743
1546.1000000000 2.5669424474
1546.2000000000 2.5682480564
1546.3000000000 2.5678678336
1546.4000000000 2.5671184262
1546.5000000000 2.5663051078
1546.6000000000 2.5678028210
1546.7000000000 2.5652659920
1546.8000000000 2.5681166595
1546.9000000000 2.5633921043
1547.0000000000 2.5626499331
1547.1000000000 2.5617083391
1547.2000000000 2.5659623738
1547.3000000000 2.5682690758
1547.4000000000 2.5679730715
1547.5000000000 2.5687102847
1547.6000000000 2.5693949392
1547.7000000000 2.5686058375
1547.8000000000 2.5722802060
1547.9000000000 2.5743552880
1548.0000000000 2.5756313897
1548.1000000000 2.5776782108
1548.2000000000 2.5768681481
1548.3000000000 2.5754879069
1548.4000000000 2.5765472774
1548.5000000000 2.5754009129
1548.6000000000 2.5784083248
1548.7000000000 2.5785973668
1548.8000000000 2.5796356127
1548.9000000000 2.5785813575
1549.0000000000 2.5794560923
1549.1000000000 2.5801274560
1549.2000000000 2.5807800819
1549.3000000000 2.5810915143
1549.4000000000 2.5810668301
1549.5000000000 2.5811710683
1549.6000000000 2.5824014330
1549.7000000000 2.5804398621
1549.8000000000 2.5802223667
1549.9000000000 2.5815883534
1550.0000000000 2.5776852569
1550.1000000000 2.5768505455
1550.2000000000 2.5759671134
1550.3000000000 2.5736912278
1550.4000000000 2.5759750176
1550.5000000000 2.5714772525
1550.6000000000 2.5716829693
1550.7000000000 2.5727589881
1550.8000000000 2.5706802620
1550.9000000000 2.5697743932
1551.0000000000 2.5730787556
1551.1000000000 2.5740683775
1551.2000000000 2.5764109271
1551.3000000000 2.5757431669
1551.4000000000 2.5770910325
1551.5000000000 2.5770163322
1551.6000000000 2.5787215823
1551.7000000000 2.5802947342
1551.8000000000 2.5780005917
1551.9000000000 2.5787785122
1552.0000000000 2.5780847570
1552.1000000000 2.5809303203
1552.2000000000 2.5818268739
1552.3000000000 2.5829931028
1552.4000000000 2.5812304985
1552.5000000000 2.5822977624
1552.6000000000 2.5826358918
1552.7000000000 2.5794086583
1552.8000000000 2.5772255051
1552.9000000000 2.5778106573
1553.0000000000 2.5798512260
1553.1000000000 2.5797416255
1553.2000000000 2.5793384773
1553.3000000000 2.5777735797
1553.4000000000 2.5777598484
1553.5000000000 2.5811704828
1553.6000000000 2.5810149918
1553.7000000000 2.5788927170
1553.8000000000 2.5812950397
1553.9000000000 2.5822736778
1554.0000000000 2.5826101430
1554.1000000000 2.5799794905
1554.2000000000 2.5806123838
1554.3000000000 2.5811211225
1554.4000000000 2.5814547987
1554.5000000000 2.5826712662
1554.6000000000 2.5832210976
1554.7000000000 2.5840554028
1554.8000000000 2.5839439291
1554.9000000000 2.5811696379
1555.0000000000 2.5798989666
1555.1000000000 2.5812385940
1555.2000000000 2.5823127365
1555.3000000000 2.5801943380
1555.4000000000 2.5808959281
1555.5000000000 2.5803232271
1555.6000000000 2.5803325480
1555.7000000000 2.5813746942
1555.8000000000 2.5809806002
1555.9000000000 2.5820126426
1556.0000000000 2.5839154152
1556.1000000000 2.5832645267
1556.2000000000 2.5821612684
1556.3000000000 2.5806089836
1556.4000000000 2.5793478487
1556.5000000000 2.5779398570
1556.6000000000 2.5760553715
1556.7000000000 2.5779913791
1556.8000000000 2.5797274915
1556.9000000000 2.5817891303
1557.0000000000 2.5785985039
1557.1000000000 2.5767391620
1557.2000000000 2.5768272883
1557.3000000000 2.5769074617
1557.4000000000 2.5775215254
1557.5000000000 2.5786557435
1557.6000000000 2.5779727956
1557.7000000000 2.5754923025
1557.8000000000 2.5783071677
1557.9000000000 2.5753099390
1558.0000000000 2.5758235582
1558.1000000000 2.5747625510
1558.2000000000 2.5763257418
1558.3000000000 2.5747221754
1558.4000000000 2.5763530152
1558.5000000000 2.5754134660
1558.6000000000 2.5750665542
1558.7000000000 2.5747540168
1558.8000000000 2.5745673787
1558.9000000000 2.5707354247
1559.0000000000 2.5714779183
1559.1000000000 2.5708735929
1559.2000000000 2.5720224554
1559.3000000000 2.5713029079
1559.4000000000 2.5710474516
1559.5000000000 2.5723331858
1559.6000000000 2.5716558432
1559.7000000000 2.5707428211
1559.8000000000 2.5710993766
1559.9000000000 2.5663935240
1560.0000000000 2.5698181716
1560.1000000000 2.5680112588
1560.2000000000 2.5692676635
1560.3000000000 2.5662855001
1560.4000000000 2.5661324374
1560.5000000000 2.5648021318
1560.6000000000 2.5645562241
1560.7000000000 2.5645811685
1560.8000000000 2.5627787688
1560.9000000000 2.5651675371
1561.0000000000 2.5646969509
1561.1000000000 2.5637455471
1561.2000000000 2.5624225933
1561.3000000000 2.5633024238
1561.4000000000 2.5617735239
1561.5000000000 2.5621058444
1561.6000000000 2.5619851835
1561.7000000000 2.5621201013
1561.8000000000 2.5624854709
1561.9000000000 2.5609942154
1562.0000000000 2.5601240392
1562.1000000000 2.5610654994
1562.2000000000 2.5615291066
1562.3000000000 2.5617924757
1562.4000000000 2.5637746596
1562.5000000000 2.5634327638
1562.6000000000 2.5632168636
1562.7000000000 2.5615040036
1562.8000000000 2.5598497598
1562.9000000000 2.5641119620
1563.0000000000 2.5649906967
1563.1000000000 2.5642664224
1563.2000000000 2.5667013626
1563.3000000000 2.5699304368
1563.4000000000 2.5692613282
1563.5000000000 2.5705312591
1563.6000000000 2.5666980286
1563.7000000000 2.5686304653
1563.8000000000 2.5688784743
1563.9000000000 2.5709874830
1564.0000000000 2.5721486903
1564.1000000000 2.5693119375
1564.2000000000 2.5709888680
1564.3000000000 2.5716047950
1564.4000000000 2.5709814068
1564.5000000000 2.5684469426
1564.6000000000 2.5715961180
1564.7000000000 2.5679132131
1564.8000000000 2.5670734273
1564.9000000000 2.5679687932
1565.0000000000 2.5668993396
1565.1000000000 2.5678192181
1565.2000000000 2.5673422061
1565.3000000000 2.5669838644
1565.4000000000 2.5673717567
1565.5000000000 2.5677191123
1565.6000000000 2.5678353468
1565.7000000000 2.5683174557
1565.8000000000 2.5653866560
1565.9000000000 2.5654422018
1566.0000000000 2.5658601130
1566.1000000000 2.5666887914
1566.2000000000 2.5658542540
1566.3000000000 2.5662271678
1566.4000000000 2.5661898032
1566.5000000000 2.5690610623
1566.6000000000 2.5692172559
1566.7000000000 2.5689671256
1566.8000000000 2.5693166687
1566.9000000000 2.5705858459
1567.0000000000 2.5691993520
1567.1000000000 2.5672381846
1567.2000000000 2.5700968504
1567.3000000000 2.5683920662
1567.4000000000 2.5704864545
1567.5000000000 2.5717366684
1567.6000000000 2.5714388508
1567.7000000000 2.5705088356
1567.8000000000 2.5721566550
1567.9000000000 2.5729872382
1568.0000000000 2.5709171040
1568.1000000000 2.5717036169
1568.2000000000 2.5718962261
1568.3000000000 2.5717669512
1568.4000000000 2.5719250897
1568.5000000000 2.5741529894
1568.6000000000 2.5758574987
1568.7000000000 2.5765425056
1568.8000000000 2.5738129970
1568.9000000000 2.5732670107
1569.0000000000 2.5741979800
1569.1000000000 2.5746231968
1569.2000000000 2.5770204706
1569.3000000000 2.5785864973
1569.4000000000 2.5782756288
1569.5000000000 2.5779956160
1569.6000000000 2.5778055335
1569.7000000000 2.5783759579
1569.8000000000 2.5802822855
1569.9000000000 2.5786396243
1570.0000000000 2.5793152657
1570.1000000000 2.5799290017
1570.2000000000 2.5816086810
1570.3000000000 2.5832121296
1570.4000000000 2.5811408235
1570.5000000000 2.5803854567
1570.6000000000 2.5829189380
1570.7000000000 2.5853045006
1570.8000000000 2.5839847109
1570.9000000000 2.5861532375
1571.0000000000 2.5868871203
1571.1000000000 2.5864024146
1571.2000000000 2.5854854715
1571.3000000000 2.5852846776
1571.4000000000 2.5863827754
1571.5000000000 2.5860513727
1571.6000000000 2.5850160277
1571.7000000000 2.5850995059
1571.8000000000 2.5861608152
1571.9000000000 2.5859756534
1572.0000000000 2.5845072924
1572.1000000000 2.5831219007
1572.2000000000 2.5836105813
1572.3000000000 2.5847310996
1572.4000000000 2.5845988405
1572.5000000000 2.5861041404
1572.6000000000 2.5876150863
1572.7000000000 2.5865756633
1572.8000000000 2.5865165168
1572.9000000000 2.5830942297
1573.0000000000 2.5813031954
1573.1000000000 2.5826796031
1573.2000000000 2.5839465752
1573.3000000000 2.5858677301
1573.4000000000 2.5847749899
1573.5000000000 2.5868042814
1573.6000000000 2.5876280197
1573.7000000000 2.5879164208
1573.8000000000 2.5855594052
1573.9000000000 2.5859849182
1574.0000000000 2.5857413112
1574.1000000000 2.5831067714
1574.2000000000 2.5805688423
1574.3000000000 2.5815219481
1574.4000000000 2.5851304997
1574.5000000000 2.5833347390
1574.6000000000 2.5844741556
1574.7000000000 2.5813466167
1574.8000000000 2.5823665335
1574.9000000000 2.5841313834
1575.0000000000 2.5846393286
1575.1000000000 2.5874622198
1575.2000000000 2.5870539149
1575.3000000000 2.5875221487
1575.4000000000 2.5843630160
1575.5000000000 2.5851029798
1575.6000000000 2.5840476550
1575.7000000000 2.5855175277
1575.8000000000 2.5890404962
1575.9000000000 2.5860473937
1576.0000000000 2.5856461016
1576.1000000000 2.5840907282
1576.2000000000 2.5851997969
1576.3000000000 2.5858795646
1576.4000000000 2.5849211901
1576.5000000000 2.5854081708
1576.6000000000 2.5860757963
1576.7000000000 2.5878689158
1576.8000000000 2.5887131424
1576.9000000000 2.5869320007
1577.0000000000 2.5865626664
1577.1000000000 2.5849356918
1577.2000000000 2.5834272764
1577.3000000000 2.5835470807
1577.4000000000 2.5839791949
1577.5000000000 2.5848278338
1577.6000000000 2.5865330602
1577.7000000000 2.5880632218
1577.8000000000 2.5876114166
1577.9000000000 2.5878849835
1578.0000000000 2.5880506253
1578.1000000000 2.5869241278
1578.2000000000 2.5846458501
1578.3000000000 2.5852997320
1578.4000000000 2.5848550587
1578.5000000000 2.5861251062
1578.6000000000 2.5865834650
1578.7000000000 2.5850196413
1578.8000000000 2.5857736684
1578.9000000000 2.5823152493
1579.0000000000 2.5820709227
1579.1000000000 2.5818389977
1579.2000000000 2.5819890167
1579.3000000000 2.5836183898
1579.4000000000 2.5822757293
1579.5000000000 2.5806331406
1579.6000000000 2.5837567145
1579.7000000000 2.5835251455
1579.8000000000 2.5843868991
1579.9000000000 2.5845889256
1580.0000000000 2.5841149412
1580.1000000000 2.5847511636
1580.2000000000 2.5846626291
1580.3000000000 2.5864947275
1580.4000000000 2.5853021021
1580.5000000000 2.5872988857
1580.6000000000 2.5850958909
1580.7000000000 2.5843751889
1580.8000000000 2.5850509442
1580.9000000000 2.5842570904
1581.0000000000 2.5860040001
1581.1000000000 2.5858808867
1581.2000000000 2.5889637786
1581.3000000000 2.5876064512
1581.4000000000 2.5874228964
1581.5000000000 2.5893852263
1581.6000000000 2.5875836893
1581.7000000000 2.5887217657
1581.8000000000 2.5898121788
1581.9000000000 2.5889895942
1582.0000000000 2.5889323888
1582.1000000000 2.5891069812
1582.2000000000 2.5886609626
1582.3000000000 2.5898896409
1582.4000000000 2.5879092899
1582.5000000000 2.5868374105
1582.6000000000 2.5845297097
1582.7000000000 2.5829931101
1582.8000000000 2.5844905195
1582.9000000000 2.5846716797
1583.0000000000 2.5847315593
1583.1000000000 2.5867200784
1583.2000000000 2.5842347803
1583.3000000000 2.5875243573
1583.4000000000 2.5861799321
1583.5000000000 2.5865241944
1583.6000000000 2.5845490377
1583.7000000000 2.5833223637
1583.8000000000 2.5833424700
1583.9000000000 2.5837452345
1584.0000000000 2.5824382442
1584.1000000000 2.5847850080
1584.2000000000 2.5851019933
1584.3000000000 2.5836197661
1584.4000000000 2.5841520571
1584.5000000000 2.5827136859
1584.6000000000 2.5856013810
1584.7000000000 2.5884397831
1584.8000000000 2.5885543396
1584.9000000000 2.5871321270
1585.0000000000 2.5892043310
1585.1000000000 2.5868070359
1585.2000000000 2.5878466300
1585.3000000000 2.5882798202
1585.4000000000 2.5872989099
1585.5000000000 2.5881984438
1585.6000000000 2.5857572925
1585.7000000000 2.5854305648
1585.8000000000 2.5859134250
1585.9000000000 2.5859911132
1586.0000000000 2.5856199087
1586.1000000000 2.5838753260
1586.2000000000 2.5855280992
1586.3000000000 2.5832287698
1586.4000000000 2.5825214366
1586.5000000000 2.5834498948
1586.6000000000 2.5826203501
1586.7000000000 2.5808398404
1586.8000000000 2.5833767605
1586.9000000000 2.5809614702
1587.0000000000 2.5819573240
1587.1000000000 2.5830289967
1587.2000000000 2.5843341044
1587.3000000000 2.5824022815
1587.4000000000 2.5838734239
1587.5000000000 2.5857554798
1587.6000000000 2.5843969672
1587.7000000000 2.5838595642
1587.8000000000 2.5837351697
1587.9000000000 2.5830260832
1588.0000000000 2.5827986272
1588.1000000000 2.5857401684
1588.2000000000 2.5856938470
1588.3000000000 2.5855036944
1588.4000000000 2.5866078466
1588.5000000000 2.5881170499
1588.6000000000 2.5865039817
1588.7000000000 2.5865534278
1588.8000000000 2.5865838275
1588.9000000000 2.5882140600
1589.0000000000 2.5883580954
1589.1000000000 2.5900786202
1589.2000000000 2.5906951448
1589.3000000000 2.5896199328
1589.4000000000 2.5877806195
1589.5000000000 2.5889203054
1589.6000000000 2.5861366907
1589.7000000000 2.5852004731
1589.8000000000 2.5825276882
1589.9000000000 2.5807838367
1590.0000000000 2.5819438792
1590.1000000000 2.5835709189
1590.2000000000 2.5819284947
1590.3000000000 2.5813686068
1590.4000000000 2.5840697179
1590.5000000000 2.5819155477
1590.6000000000 2.5820614570
1590.7000000000 2.5823489485
1590.8000000000 2.5793413862
1590.9000000000 2.5786697599
1591.0000000000 2.5799538720
1591.1000000000 2.5770637104
1591.2000000000 2.5780701380
1591.3000000000 2.5808100770
1591.4000000000 2.5789635450
1591.5000000000 2.5796234048
1591.6000000000 2.5823484077
1591.7000000000 2.5811530761
1591.8000000000 2.5801540811
1591.9000000000 2.5807876413
1592.0000000000 2.5777482104
1592.1000000000 2.5792039814
1592.2000000000 2.5808822611
1592.3000000000 2.5768580942
1592.4000000000 2.5751927613
1592.5000000000 2.5799754962
1592.6000000000 2.5792334855
1592.7000000000 2.5787202261
1592.8000000000 2.5795630762
1592.9000000000 2.5829484561
1593.0000000000 2.5836739244
1593.1000000000 2.5811599371
1593.2000000000 2.5829525392
1593.3000000000 2.5823518652
1593.4000000000 2.5803357976
1593.5000000000 2.5810280347
1593.6000000000 2.5817944466
1593.7000000000 2.5788361589
1593.8000000000 2.5772513043
1593.9000000000 2.5779026946
1594.0000000000 2.5799978948
1594.1000000000 2.5795546019
1594.2000000000 2.5803894308
1594.3000000000 2.5809099710
1594.4000000000 2.5801345269
1594.5000000000 2.5803550971
1594.6000000000 2.5834015199
1594.7000000000 2.5799792105
1594.8000000000 2.5798887447
1594.9000000000 2.5799156265
1595.0000000000 2.5812601452
1595.1000000000 2.5805979353
1595.2000000000 2.5790342147
1595.3000000000 2.5785612841
1595.4000000000 2.5794825314
1595.5000000000 2.5787269106
1595.6000000000 2.5806434414
1595.7000000000 2.5783508625
1595.8000000000 2.5812902182
1595.9000000000 2.5817157017
1596.0000000000 2.5803442795
1596.1000000000 2.5802006792
1596.2000000000 2.5792103612
1596.3000000000 2.5815655308
1596.4000000000 2.5809338248
1596.5000000000 2.5824304464
1596.6000000000 2.5835707077
1596.7000000000 2.5837206952
1596.8000000000 2.5842051490
1596.9000000000 2.5834774877
1597.0000000000 2.5842736584
1597.1000000000 2.5845791838
1597.2000000000 2.5842244506
1597.3000000000 2.5833176444
1597.4000000000 2.5828445225
1597.5000000000 2.5827138240
1597.6000000000 2.5834561839
1597.7000000000 2.5825661799
1597.8000000000 2.5795232245
1597.9000000000 2.5788636145
1598.0000000000 2.5807319824
1598.1000000000 2.5795110034
1598.2000000000 2.5783058621
1598.3000000000 2.5785606001
1598.4000000000 2.5783796549
1598.5000000000 2.5784510654
1598.6000000000 2.5805989901
1598.7000000000 2.5801009729
1598.8000000000 2.5820798740
1598.9000000000 2.5826343517
1599.0000000000 2.5852340877
1599.1000000000 2.5854160469
1599.2000000000 2.5835287318
1599.3000000000 2.5848392039
1599.4000000000 2.5837836585
1599.5000000000 2.5867967004
1599.6000000000 2.5864590725
1599.7000000000 2.5859806901
1599.8000000000 2.5854408050
1599.9000000000 2.5852037456
1600.0000000000 2.5879525160
1600.1000000000 2.5881181138
1600.2000000000 2.5868226963
1600.3000000000 2.5854093358
1600.4000000000 2.5845744037
1600.5000000000 2.5829706487
1600.6000000000 2.5814957556
1600.7000000000 2.5808304315
1600.8000000000 2.5817459046
1600.9000000000 2.5789982856
1601.0000000000 2.5778568860
1601.1000000000 2.5774257930
1601.2000000000 2.5758200638
1601.3000000000 2.5747357383
1601.4000000000 2.5746902091
1601.5000000000 2.5774452800
1601.6000000000 2.5755475284
1601.7000000000 2.5743520977
1601.8000000000 2.5753249850
1601.9000000000 2.5768458583
1602.0000000000 2.5771864592
1602.1000000000 2.5761528263
1602.2000000000 2.5759300598
1602.3000000000 2.5775549542
1602.4000000000 2.5781790807
1602.5000000000 2.5797795921
1602.6000000000 2.5763008111
1602.7000000000 2.5746871089
1602.8000000000 2.5758539796
1602.9000000000 2.5750842577
1603.0000000000 2.5757646405
1603.1000000000 2.5791338384
1603.2000000000 2.5777556129
1603.3000000000 2.5768879156
1603.4000000000 2.5758010581
1603.5000000000 2.5757830870
1603.6000000000 2.5751010645
1603.7000000000 2.5770223393
1603.8000000000 2.5777785620
1603.9000000000 2.5760392734
1604.0000000000 2.5772079391
1604.1000000000 2.5778069222
1604.2000000000 2.5763722683
1604.3000000000 2.5800008103
1604.4000000000 2.5808395293
1604.5000000000 2.5804323857
1604.6000000000 2.5819358153
1604.7000000000 2.5799049527
1604.8000000000 2.5794252560
1604.9000000000 2.5777710840
1605.0000000000 2.5781446467
1605.1000000000 2.5773306986
1605.2000000000 2.5758322354
1605.3000000000 2.5782504417
1605.4000000000 2.5799709774
1605.5000000000 2.5776955902
1605.6000000000 2.5790129684
1605.7000000000 2.5798817394
1605.8000000000 2.5814946161
1605.9000000000 2.5784702645
1606.0000000000 2.5799622739
1606.1000000000 2.5806424508
1606.2000000000 2.5803358412
1606.3000000000 2.5789285362
1606.4000000000 2.5809535035
1606.5000000000 2.5817376915
1606.6000000000 2.5796288447
1606.7000000000 2.5781895550
1606.8000000000 2.5809165136
1606.9000000000 2.5823329102
1607.0000000000 2.5816550136
1607.1000000000 2.5804850096
1607.2000000000 2.5794876926
1607.3000000000 2.5791733477
1607.4000000000 2.5816182484
1607.5000000000 2.5798411491
1607.6000000000 2.5792170215
1607.7000000000 2.5789412129
1607.8000000000 2.5808170763
1607.9000000000 2.5798467560
1608.0000000000 2.5791039866
1608.1000000000 2.5792808044
1608.2000000000 2.5817448893
1608.3000000000 2.5791695010
1608.4000000000 2.5807553714
1608.5000000000 2.5803156930
1608.6000000000 2.5816015198
1608.7000000000 2.5804801101
1608.8000000000 2.5807886347
1608.9000000000 2.5815732943
1609.0000000000 2.5844743088
1609.1000000000 2.5853428673
1609.2000000000 2.5826089183
1609.3000000000 2.5858220328
1609.4000000000 2.5841450742
1609.5000000000 2.5828423496
1609.6000000000 2.5832513736
1609.7000000000 2.5849924557
1609.8000000000 2.5850884483
1609.9000000000 2.5851151102
1610.0000000000 2.5846820610
1610.1000000000 2.5856472925
1610.2000000000 2.5822856572
1610.3000000000 2.5830032765
1610.4000000000 2.5826950199
1610.5000000000 2.5831687634
1610.6000000000 2.5803885337
1610.7000000000 2.5817589070
1610.8000000000 2.5810838786
1610.9000000000 2.5823315394
1611.0000000000 2.5813149135
1611.1000000000 2.5827705503
1611.2000000000 2.5828551696
1611.3000000000 2.5828786303
1611.4000000000 2.5810860492
1611.5000000000 2.5848698247
1611.6000000000 2.5837622225
1611.7000000000 2.5880886774
1611.8000000000 2.5863673824
1611.9000000000 2.5869636325
1612.0000000000 2.5864542739
1612.1000000000 2.5844008237
1612.2000000000 2.5840688955
1612.3000000000 2.5819978427
1612.4000000000 2.5844447439
1612.5000000000 2.5841681890
1612.6000000000 2.5838052011
1612.7000000000 2.5843914595
1612.8000000000 2.5847120907
1612.9000000000 2.5848894206
1613.0000000000 2.5848059172
1613.1000000000 2.5861841570
1613.2000000000 2.5856040886
1613.3000000000 2.5838360277
1613.4000000000 2.5834562807
1613.5000000000 2.5845293029
1613.6000000000 2.5839130882
1613.7000000000 2.5829513723
1613.8000000000 2.5844794980
1613.9000000000 2.5844422501
1614.0000000000 2.5822758023
1614.1000000000 2.5777636924
1614.2000000000 2.5799218667
1614.3000000000 2.5830747130
1614.4000000000 2.5840163420
1614.5000000000 2.5836507636
1614.6000000000 2.5851518146
1614.7000000000 2.5862225573
1614.8000000000 2.5892882443
1614.9000000000 2.5886189335
1615.0000000000 2.5888463257
1615.1000000000 2.5864129225
1615.2000000000 2.5836710948
1615.3000000000 2.5814304393
1615.4000000000 2.5793969867
1615.5000000000 2.5792509125
1615.6000000000 2.5792417630
1615.7000000000 2.5813058733
1615.8000000000 2.5812865020
1615.9000000000 2.5776453428
1616.0000000000 2.5810136821
1616.1000000000 2.5796994026
1616.2000000000 2.5813729413
1616.3000000000 2.5805396875
1616.4000000000 2.5825000558
1616.5000000000 2.5837558885
1616.6000000000 2.5853467967
1616.7000000000 2.5840897152
1616.8000000000 2.5858457313
1616.9000000000 2.5878046562
1617.0000000000 2.5869818762
1617.1000000000 2.5858009283
1617.2000000000 2.5874347044
1617.3000000000 2.5883816849
1617.4000000000 2.5899333602
1617.5000000000 2.5908296554
1617.6000000000 2.5875366855
1617.7000000000 2.5890683846
1617.8000000000 2.5896133000
1617.9000000000 2.5855885800
1618.0000000000 2.5883192446
1618.1000000000 2.5897234939
1618.2000000000 2.5891613160
1618.3000000000 2.5901086249
1618.4000000000 2.5891857130
1618.5000000000 2.5872179080
1618.6000000000 2.5864086748
1618.7000000000 2.5856486187
1618.8000000000 2.5838751076
1618.9000000000 2.5844125834
1619.0000000000 2.5870292463
1619.1000000000 2.5849574710
1619.2000000000 2.5837833096
1619.3000000000 2.5838408760
1619.4000000000 2.5803686095
1619.5000000000 2.5805390424
1619.6000000000 2.5821660247
1619.7000000000 2.5794837023
1619.8000000000 2.5800624581
1619.9000000000 2.5816337611
1620.0000000000 2.5810910526
1620.1000000000 2.5789875553
1620.2000000000 2.5796135587
1620.3000000000 2.5771508319
1620.4000000000 2.5764760608
1620.5000000000 2.5777958414
1620.6000000000 2.5755698476
1620.7000000000 2.5756535998
1620.8000000000 2.5747915894
1620.9000000000 2.5733123697
1621.0000000000 2.5725663062
1621.1000000000 2.5734833567
1621.2000000000 2.5736845394
1621.3000000000 2.5746804971
1621.4000000000 2.5745479940
1621.5000000000 2.5755122627
1621.6000000000 2.5764988051
1621.7000000000 2.5757737245
1621.8000000000 2.5764258491
1621.9000000000 2.5775941200
1622.0000000000 2.5765233877
1622.1000000000 2.5769875697
1622.2000000000 2.5736536756
1622.3000000000 2.5757093545
1622.4000000000 2.5785859629
1622.5000000000 2.5789970521
1622.6000000000 2.5799077354
1622.7000000000 2.5792724424
1622.8000000000 2.5794252894
1622.9000000000 2.5812407791
1623.0000000000 2.5814032900
1623.1000000000 2.5794880253
1623.2000000000 2.5793044307
1623.3000000000 2.5786932818
1623.4000000000 2.5829522935
1623.5000000000 2.5818609647
1623.6000000000 2.5817695160
1623.7000000000 2.5791241910
1623.8000000000 2.5806977740
1623.9000000000 2.5770899723
1624.0000000000 2.5780667713
1624.1000000000 2.5772377997
1624.2000000000 2.5771249204
1624.3000000000 2.5806099744
1624.4000000000 2.5758097957
1624.5000000000 2.5763529247
1624.6000000000 2.5774756882
1624.7000000000 2.5806018413
1624.8000000000 2.5801065976
1624.9000000000 2.5782861369
1625.0000000000 2.5797370812
1625.1000000000 2.5793764728
1625.2000000000 2.5802141993
1625.3000000000 2.5824676789
1625.4000000000 2.5776319879
1625.5000000000 2.5782002457
1625.6000000000 2.5772291642
1625.7000000000 2.5760335316
1625.8000000000 2.5755214679
1625.9000000000 2.5771195941
1626.0000000000 2.5811807073
1626.1000000000 2.5775783170
1626.2000000000 2.5765380628
1626.3000000000 2.5768160994
1626.4000000000 2.5792929595
1626.5000000000 2.5782966924
1626.6000000000 2.5797011378
1626.7000000000 2.5783727493
1626.8000000000 2.5774247645
1626.9000000000 2.5749970750
1627.0000000000 2.5775823844
1627.1000000000 2.5750994757
1627.2000000000 2.5765694229
1627.3000000000 2.5755461674
1627.4000000000 2.5781279490
1627.5000000000 2.5799417091
1627.6000000000 2.5799248966
1627.7000000000 2.5808290145
1627.8000000000 2.5807528559
1627.9000000000 2.5821123789
1628.0000000000 2.5815208570
1628.1000000000 2.5816082238
1628.2000000000 2.5830480078
1628.3000000000 2.5820251734
1628.4000000000 2.5825858034
1628.5000000000 2.5859932661
1628.6000000000 2.5839975199
1628.7000000000 2.5871221914
1628.8000000000 2.5867988206
1628.9000000000 2.5884265803
1629.0000000000 2.5871081948
1629.1000000000 2.5885715272
1629.2000000000 2.5895325556
1629.3000000000 2.5909495576
1629.4000000000 2.5883579046
1629.5000000000 2.5890609585
1629.6000000000 2.5887768629
1629.7000000000 2.5870756803
1629.8000000000 2.5876104854
1629.9000000000 2.5889308690
1630.0000000000 2.5877434987
1630.1000000000 2.5901237780
1630.2000000000 2.5910840040
1630.3000000000 2.5907472594
1630.4000000000 2.5912483321
1630.5000000000 2.5926880036
1630.6000000000 2.5922221999
1630.7000000000 2.5917395628
1630.8000000000 2.5919211654
1630.9000000000 2.5895469501
1631.0000000000 2.5869945101
1631.1000000000 2.5856618924
1631.2000000000 2.5866974287
1631.3000000000 2.5865550568
1631.4000000000 2.5867189671
1631.5000000000 2.5882711867
1631.6000000000 2.5897607774
1631.7000000000 2.5908496051
1631.8000000000 2.5910440328
1631.9000000000 2.5928971496
1632.0000000000 2.5920463936
1632.1000000000 2.5934784453
1632.2000000000 2.5895480493
1632.3000000000 2.5926424884
1632.4000000000 2.5942045294
1632.5000000000 2.5943457832
1632.6000000000 2.5923903616
1632.7000000000 2.5955076719
1632.8000000000 2.5900913015
1632.9000000000 2.5888516279
1633.0000000000 2.5895230647
1633.1000000000 2.5894586472
1633.2000000000 2.5884947734
1633.3000000000 2.5887888472
1633.4000000000 2.5899591325
1633.5000000000 2.5915209234
1633.6000000000 2.5931816643
1633.7000000000 2.5918276052
1633.8000000000 2.5928806532
1633.9000000000 2.5925618099
1634.0000000000 2.5943549284
1634.1000000000 2.5922392795
1634.2000000000 2.5926344377
1634.3000000000 2.5941971651
1634.4000000000 2.5959209189
1634.5000000000 2.5948267684
1634.6000000000 2.5938903366
1634.7000000000 2.5961758546
1634.8000000000 2.5946640457
1634.9000000000 2.5960863429
1635.0000000000 2.5953606703
1635.1000000000 2.5983005532
1635.2000000000 2.5965057300
1635.3000000000 2.5963380253
1635.4000000000 2.5973097443
1635.5000000000 2.6000213356
1635.6000000000 2.6000662798
1635.7000000000 2.6000839204
1635.8000000000 2.6038507340
1635.9000000000 2.6012558298
1636.0000000000 2.5981428649
1636.1000000000 2.5982184585
1636.2000000000 2.6023800174
1636.3000000000 2.6048280487
1636.4000000000 2.6043890732
1636.5000000000 2.6043814096
1636.6000000000 2.6068008660
1636.7000000000 2.6075011385
1636.8000000000 2.6068528467
1636.9000000000 2.6056510889
1637.0000000000 2.6074815108
1637.1000000000 2.6059076193
1637.2000000000 2.6048000650
1637.3000000000 2.6070452677
1637.4000000000 2.6082185616
1637.5000000000 2.6089801647
1637.6000000000 2.6098858679
1637.7000000000 2.6112870296
1637.8000000000 2.6092214636
1637.9000000000 2.6066280978
1638.0000000000 2.6082813187
1638.1000000000 2.6079723686
1638.2000000000 2.6096721425
1638.3000000000 2.6112625077
1638.4000000000 2.6093098866
1638.5000000000 2.6081913305
1638.6000000000 2.6057321344
1638.7000000000 2.6057995601
1638.8000000000 2.6068339223
1638.9000000000 2.6075323425
1639.0000000000 2.6090709669
1639.1000000000 2.6069023126
1639.2000000000 2.6061446688
1639.3000000000 2.6068548319
1639.4000000000 2.6053950659
1639.5000000000 2.6042100011
1639.6000000000 2.6036481675
1639.7000000000 2.6039828417
1639.8000000000 2.6048044110
1639.9000000000 2.6059035578
1640.0000000000 2.6074416072
1640.1000000000 2.6094713428
1640.2000000000 2.6113732692
1640.3000000000 2.6121288731
1640.4000000000 2.6100591997
1640.5000000000 2.6101974749
1640.6000000000 2.6105057033
1640.7000000000 2.6114517260
1640.8000000000 2.6099123195
1640.9000000000 2.6101785195
1641.0000000000 2.6120002641
1641.1000000000 2.6108480410
1641.2000000000 2.6113797062
1641.3000000000 2.6128618007
1641.4000000000 2.6116121948
1641.5000000000 2.6119427952
1641.6000000000 2.6093518972
1641.7000000000 2.6104737276
1641.8000000000 2.6104328112
1641.9000000000 2.6079151671
1642.0000000000 2.6058574829
1642.1000000000 2.6032091107
1642.2000000000 2.6011331747
1642.3000000000 2.5990412382
1642.4000000000 2.6004245128
1642.5000000000 2.5990880911
1642.6000000000 2.5977817041
1642.7000000000 2.5977195341
1642.8000000000 2.6007109074
1642.9000000000 2.6027005270
1643.0000000000 2.6041809461
1643.1000000000 2.6051135999
1643.2000000000 2.6043897673
1643.3000000000 2.6063501205
1643.4000000000 2.6051793763
1643.5000000000 2.6097198238
1643.6000000000 2.6051518434
1643.7000000000 2.6093959857
1643.8000000000 2.6091139883
1643.9000000000 2.6090135623
1644.0000000000 2.6109218665
1644.1000000000 2.6124484733
1644.2000000000 2.6107183448
1644.3000000000 2.6099156645
1644.4000000000 2.6079830927
1644.5000000000 2.6086662067
1644.6000000000 2.6079402071
1644.7000000000 2.6034857493
1644.8000000000 2.6061197590
1644.9000000000 2.6046581046
1645.0000000000 2.6056133246
1645.1000000000 2.6069282571
1645.2000000000 2.6083727471
1645.3000000000 2.6057349887
1645.4000000000 2.6082973517
1645.5000000000 2.6076261756
1645.6000000000 2.6088154674
1645.7000000000 2.6108569318
1645.8000000000 2.6114790148
1645.9000000000 2.6097942649
1646.0000000000 2.6065550969
1646.1000000000 2.6049952793
1646.2000000000 2.6049715462
1646.3000000000 2.6040677182
1646.4000000000 2.6044293866
1646.5000000000 2.6048461310
1646.6000000000 2.6021590961
1646.7000000000 2.6031497056
1646.8000000000 2.6042362275
1646.9000000000 2.6064119736
1647.0000000000 2.6043057167
1647.1000000000 2.6029227247
1647.2000000000 2.6021319940
1647.3000000000 2.6026862026
1647.4000000000 2.6017023027
1647.5000000000 2.6008462678
1647.6000000000 2.6011384733
1647.7000000000 2.6010936275
1647.8000000000 2.6005156357
1647.9000000000 2.6001106347
1648.0000000000 2.6010628120
1648.1000000000 2.5983150497
1648.2000000000 2.5964799328
1648.3000000000 2.5991081674
1648.4000000000 2.6006252559
1648.5000000000 2.6009124191
1648.6000000000 2.6017828606
1648.7000000000 2.5996288015
1648.8000000000 2.6010685830
1648.9000000000 2.5998864242
1649.0000000000 2.6011930799
1649.1000000000 2.5996755755
1649.2000000000 2.5982153693
1649.3000000000 2.5972623160
1649.4000000000 2.5970622646
1649.5000000000 2.5961389353
1649.6000000000 2.5981166242
1649.7000000000 2.5971181479
1649.8000000000 2.5965476652
1649.9000000000 2.5954490534
1650.0000000000 2.5952875157
1650.1000000000 2.5964582386
1650.2000000000 2.5974094043
1650.3000000000 2.5937473517
1650.4000000000 2.5958433729
1650.5000000000 2.5927975333
1650.6000000000 2.5941929530
1650.7000000000 2.5920597687
1650.8000000000 2.5942879167
1650.9000000000 2.5918735640
1651.0000000000 2.5926512027
1651.1000000000 2.5942160070
1651.2000000000 2.5924517693
1651.3000000000 2.5940345901
1651.4000000000 2.5912020575
1651.5000000000 2.5907006562
1651.6000000000 2.5916217591
1651.7000000000 2.5935933646
1651.8000000000 2.5943460981
1651.9000000000 2.5948047731
1652.0000000000 2.5931524551
1652.1000000000 2.5950664150
1652.2000000000 2.5944048520
1652.3000000000 2.5966605493
1652.4000000000 2.5959140717
1652.5000000000 2.5956133632
1652.6000000000 2.5928783173
1652.7000000000 2.5907272279
1652.8000000000 2.5929413069
1652.9000000000 2.5921753763
1653.0000000000 2.5903585069
1653.1000000000 2.5944217330
1653.2000000000 2.5943374559
1653.3000000000 2.5891969756
1653.4000000000 2.5894545074
1653.5000000000 2.5914433634
1653.6000000000 2.5870719867
1653.7000000000 2.5884142931
1653.8000000000 2.5886184710
1653.9000000000 2.5884793629
1654.0000000000 2.5865737697
1654.1000000000 2.5882577836
1654.2000000000 2.5862736326
1654.3000000000 2.5866734177
1654.4000000000 2.5881012270
1654.5000000000 2.5871813673
1654.6000000000 2.5878960138
1654.7000000000 2.5870760617
1654.8000000000 2.5866503048
1654.9000000000 2.5875671022
1655.0000000000 2.5895824982
1655.1000000000 2.5922287402
1655.2000000000 2.5880363207
1655.3000000000 2.5867886521
1655.4000000000 2.5873355737
1655.5000000000 2.5890519195
1655.6000000000 2.5862830333
1655.7000000000 2.5879819908
1655.8000000000 2.5860818629
1655.9000000000 2.5889146023
1656.0000000000 2.5858125181
1656.1000000000 2.5838541600
1656.2000000000 2.5820635119
1656.3000000000 2.5825152524
1656.4000000000 2.5854187422
1656.5000000000 2.5812311313
1656.6000000000 2.5803370585
1656.7000000000 2.5840314476
1656.8000000000 2.5840640783
1656.9000000000 2.5846783216
1657.0000000000 2.5853730689
1657.1000000000 2.5845747409
1657.2000000000 2.5856070451
1657.3000000000 2.5864587272
1657.4000000000 2.5875066436
1657.5000000000 2.5897865278
1657.6000000000 2.5873318794
1657.7000000000 2.5821887309
1657.8000000000 2.5803684048
1657.9000000000 2.5802639101
1658.0000000000 2.5792853232
1658.1000000000 2.5793993157
1658.2000000000 2.5811715168
1658.3000000000 2.5813265312
1658.4000000000 2.5815555243
1658.5000000000 2.5830420178
1658.6000000000 2.5824394729
1658.7000000000 2.5848132075
1658.8000000000 2.5842928612
1658.9000000000 2.5824462762
1659.0000000000 2.5839248568
1659.1000000000 2.5841855533
1659.2000000000 2.5836423363
1659.3000000000 2.5853328464
1659.4000000000 2.5883581027
1659.5000000000 2.5873110179
1659.6000000000 2.5885645209
1659.7000000000 2.5885071467
1659.8000000000 2.5885890161
1659.9000000000 2.5879180126
1660.0000000000 2.5885402850
1660.1000000000 2.5898080586
1660.2000000000 2.5895425761
1660.3000000000 2.5886254562
1660.4000000000 2.5892917850
1660.5000000000 2.5901477388
1660.6000000000 2.5872342349
1660.7000000000 2.5905697531
1660.8000000000 2.5859345639
1660.9000000000 2.5846579179
1661.0000000000 2.5843008577
1661.1000000000 2.5847435890
1661.2000000000 2.5848279402
1661.3000000000 2.5857502344
1661.4000000000 2.5859948109
1661.5000000000 2.5859923289
1661.6000000000 2.5843136942
1661.7000000000 2.5839453721
1661.8000000000 2.5833736359
1661.9000000000 2.5838037165
1662.0000000000 2.5841001918
1662.1000000000 2.5854025505
1662.2000000000 2.5872739178
1662.3000000000 2.5863839199
1662.4000000000 2.5875179955
1662.5000000000 2.5869208991
1662.6000000000 2.5879738402
1662.7000000000 2.5867299467
1662.8000000000 2.5871895776
1662.9000000000 2.5870416938
1663.0000000000 2.5891668137
1663.1000000000 2.5871990166
1663.2000000000 2.5868256966
1663.3000000000 2.5878536924
1663.4000000000 2.5892342285
1663.5000000000 2.5902623723
1663.6000000000 2.5929422012
1663.7000000000 2.5926302609
1663.8000000000 2.5934862383
1663.9000000000 2.5944056117
1664.0000000000 2.5957876315
1664.1000000000 2.5953286647
1664.2000000000 2.5961152513
1664.3000000000 2.5954973264
1664.4000000000 2.5942662181
1664.5000000000 2.5950642172
1664.6000000000 2.5939217381
1664.7000000000 2.5952175177
1664.8000000000 2.5908758997
1664.9000000000 2.5945669932
1665.0000000000 2.5925961278
1665.1000000000 2.5935041795
1665.2000000000 2.5911610956
1665.3000000000 2.5906255830
1665.4000000000 2.5905231868
1665.5000000000 2.5908729083
1665.6000000000 2.5903918589
1665.7000000000 2.5883918941
1665.8000000000 2.5885498539
1665.9000000000 2.5875435445
1666.0000000000 2.5885970827
1666.1000000000 2.5884558453
1666.2000000000 2.5862429087
1666.3000000000 2.5876540444
1666.4000000000 2.5885116491
1666.5000000000 2.5873604038
1666.6000000000 2.5880603135
1666.7000000000 2.5902089498
1666.8000000000 2.5875332370
1666.9000000000 2.5888725261
1667.0000000000 2.5883983806
1667.1000000000 2.5896826312
1667.2000000000 2.5913712673
1667.3000000000 2.5924508429
1667.4000000000 2.5940131358
1667.5000000000 2.5884764443
1667.6000000000 2.5883164851
1667.7000000000 2.5897515532
1667.8000000000 2.5884241314
1667.9000000000 2.5916498674
1668.0000000000 2.5920951036
1668.1000000000 2.5909532902
1668.2000000000 2.5871999085
1668.3000000000 2.5876667477
1668.4000000000 2.5902891814
1668.5000000000 2.5920383928
1668.6000000000 2.5917607282
1668.7000000000 2.5878939398
1668.8000000000 2.5870613760
1668.9000000000 2.5881849538
1669.0000000000 2.5860638458
1669.1000000000 2.5881894303
1669.2000000000 2.5881891223
1669.3000000000 2.5876379650
1669.4000000000 2.5883837478
1669.5000000000 2.5892759478
1669.6000000000 2.5877746066
1669.7000000000 2.5849951765
1669.8000000000 2.5800635432
1669.9000000000 2.5811569835
1670.0000000000 2.5810671976
1670.1000000000 2.5801386037
1670.2000000000 2.5774746869
1670.3000000000 2.5807370196
1670.4000000000 2.5813790906
1670.5000000000 2.5795013159
1670.6000000000 2.5782307000
1670.7000000000 2.5779164794
1670.8000000000 2.5788469212
1670.9000000000 2.5778066970
1671.0000000000 2.5799425308
1671.1000000000 2.5795122951
1671.2000000000 2.5779650303
1671.3000000000 2.5813791639
1671.4000000000 2.5829232875
1671.5000000000 2.5840235970
1671.6000000000 2.5857269985
1671.7000000000 2.5851139364
1671.8000000000 2.5848455079
1671.9000000000 2.5833014518
1672.0000000000 2.5829356277
1672.1000000000 2.5817471074
1672.2000000000 2.5794105289
1672.3000000000 2.5768722447
1672.4000000000 2.5787690464
1672.5000000000 2.5805404075
1672.6000000000 2.5776046213
1672.7000000000 2.5779513539
1672.8000000000 2.5786816729
1672.9000000000 2.5766179543
1673.0000000000 2.5765548693
1673.1000000000 2.5753001742
1673.2000000000 2.5774741013
1673.3000000000 2.5771473431
1673.4000000000 2.5799416218
1673.5000000000 2.5816246993
1673.6000000000 2.5820745604
1673.7000000000 2.5825230253
1673.8000000000 2.5826037975
1673.9000000000 2.5861014574
1674.0000000000 2.5861679608
1674.1000000000 2.5867936091
1674.2000000000 2.5864185676
1674.3000000000 2.5873175326
1674.4000000000 2.5883862960
1674.5000000000 2.5876756560
1674.6000000000 2.5864852115
1674.7000000000 2.5848288979
1674.8000000000 2.5841772500
1674.9000000000 2.5843483335
1675.0000000000 2.5852346862
1675.1000000000 2.5833735256
1675.2000000000 2.5810027262
1675.3000000000 2.5821149414
1675.4000000000 2.5822380903
1675.5000000000 2.5837010450
1675.6000000000 2.5851117353
1675.7000000000 2.5830657316
1675.8000000000 2.5841183145
1675.9000000000 2.5816627539
1676.0000000000 2.5841308279
1676.1000000000 2.5799861143
1676.2000000000 2.5801673269
1676.3000000000 2.5816114701
1676.4000000000 2.5802973275
1676.5000000000 2.5827496688
1676.6000000000 2.5848026928
1676.7000000000 2.5850996723
1676.8000000000 2.5864303212
1676.9000000000 2.5860236061
1677.0000000000 2.5831108969
1677.1000000000 2.5838058108
1677.2000000000 2.5849293415
1677.3000000000 2.5860936917
1677.4000000000 2.5851474375
1677.5000000000 2.5856085339
1677.6000000000 2.5835412814
1677.7000000000 2.5847987521
1677.8000000000 2.5877766516
1677.9000000000 2.5887043762
1678.0000000000 2.5904035487
1678.1000000000 2.5896874582
1678.2000000000 2.5893220056
1678.3000000000 2.5924252499
1678.4000000000 2.5946822025
1678.5000000000 2.5956202027
1678.6000000000 2.5925599185
1678.7000000000 2.5950307155
1678.8000000000 2.5957633813
1678.9000000000 2.5954952358
1679.0000000000 2.5964445212
1679.1000000000 2.5937734256
1679.2000000000 2.5943254547
1679.3000000000 2.5933764576
1679.4000000000 2.5937271487
1679.5000000000 2.5916524496
1679.6000000000 2.5916914086
1679.7000000000 2.5911764229
1679.8000000000 2.5915390837
1679.9000000000 2.5915295599
1680.0000000000 2.5919814151
1680.1000000000 2.5919922343
1680.2000000000 2.5923999107
1680.3000000000 2.5940254491
1680.4000000000 2.5937527594
1680.5000000000 2.5941290124
1680.6000000000 2.5931763937
1680.7000000000 2.5954857289
1680.8000000000 2.5949383100
1680.9000000000 2.5963823986
1681.0000000000 2.5942257577
1681.1000000000 2.5968945698
1681.2000000000 2.5951510429
1681.3000000000 2.5971749778
1681.4000000000 2.5959212389
1681.5000000000 2.5967933202
1681.6000000000 2.5970865807
1681.7000000000 2.5965989789
1681.8000000000 2.5967903915
1681.9000000000 2.5963489212
1682.0000000000 2.5944474001
1682.1000000000 2.5956311143
1682.2000000000 2.5937381674
1682.3000000000 2.5919645540
1682.4000000000 2.5942472484
1682.5000000000 2.5948767574
1682.6000000000 2.5918443304
1682.7000000000 2.5938683402
1682.8000000000 2.5940964759
1682.9000000000 2.5946602770
1683.0000000000 2.5954018153
1683.1000000000 2.5923591895
1683.2000000000 2.5887891437
1683.3000000000 2.5928059443
1683.4000000000 2.5920799111
1683.5000000000 2.5925261022
1683.6000000000 2.5908356334
1683.7000000000 2.5927085827
1683.8000000000 2.5930824453
1683.9000000000 2.5918732430
1684.0000000000 2.5917298182
1684.1000000000 2.5959389567
1684.2000000000 2.5958400442
1684.3000000000 2.5943709801
1684.4000000000 2.5925424827
1684.5000000000 2.5900818783
1684.6000000000 2.5903968257
1684.7000000000 2.5935438983
1684.8000000000 2.5980885715
1684.9000000000 2.5978778006
1685.0000000000 2.5968567437
1685.1000000000 2.5957721425
1685.2000000000 2.5946722368
1685.3000000000 2.5924817320
1685.4000000000 2.5930776290
1685.5000000000 2.5912869680
1685.6000000000 2.5911344989
1685.7000000000 2.5896729992
1685.8000000000 2.5912590566
1685.9000000000 2.5914802478
1686.0000000000 2.5916813950
1686.1000000000 2.5911414157
1686.2000000000 2.5916936401
1686.3000000000 2.5933110551
1686.4000000000 2.5945575452
1686.5000000000 2.5927607649
1686.6000000000 2.5921324551
1686.7000000000 2.5936316530
1686.8000000000 2.5947789491
1686.9000000000 2.5944137848
1687.0000000000 2.5948880120
1687.1000000000 2.5937053607
1687.2000000000 2.5944222947
1687.3000000000 2.5961283465
1687.4000000000 2.5966838713
1687.5000000000 2.5961832444
1687.6000000000 2.5947647185
1687.7000000000 2.5943797799
1687.8000000000 2.5942520867
1687.9000000000 2.5947069864
1688.0000000000 2.5987933217
1688.1000000000 2.5974730474
1688.2000000000 2.5972416333
1688.3000000000 2.5973036102
1688.4000000000 2.5970014912
1688.5000000000 2.5979781964
1688.6000000000 2.5956152837
1688.7000000000 2.5971091230
1688.8000000000 2.5974106289
1688.9000000000 2.5963827797
1689.0000000000 2.5981943621
1689.1000000000 2.5965641604
1689.2000000000 2.5969450757
1689.3000000000 2.5977391483
1689.4000000000 2.5955789371
1689.5000000000 2.5976034524
1689.6000000000 2.5974564647
1689.7000000000 2.5988683347
1689.8000000000 2.6005348155
1689.9000000000 2.6009392142
1690.0000000000 2.6009226627
1690.1000000000 2.6000927664
1690.2000000000 2.6000521543
1690.3000000000 2.6026895996
1690.4000000000 2.5998250437
1690.5000000000 2.6034048520
1690.6000000000 2.6044443629
1690.7000000000 2.6014797207
1690.8000000000 2.5997439737
1690.9000000000 2.5994152932
1691.0000000000 2.5998544378
1691.1000000000 2.5972940071
1691.2000000000 2.5977863350
1691.3000000000 2.6014568916
1691.4000000000 2.6012178809
1691.5000000000 2.6013501331
1691.6000000000 2.6031706136
1691.7000000000 2.6036391339
1691.8000000000 2.6057652730
1691.9000000000 2.6043688145
1692.0000000000 2.6052684884
1692.1000000000 2.6055376579
1692.2000000000 2.6070706511
1692.3000000000 2.6063416289
1692.4000000000 2.6058923320
1692.5000000000 2.6083875341
1692.6000000000 2.6101165971
1692.7000000000 2.6078951770
1692.8000000000 2.6030159565
1692.9000000000 2.6045952072
1693.0000000000 2.6054947239
1693.1000000000 2.6040494054
1693.2000000000 2.6058933257
1693.3000000000 2.6053515772
1693.4000000000 2.6038918180
1693.5000000000 2.6045060680
1693.6000000000 2.6060287847
1693.7000000000 2.6062675050
1693.8000000000 2.6057472019
1693.9000000000 2.6042862779
1694.0000000000 2.6039538791
1694.1000000000 2.6059706753
1694.2000000000 2.6075226910
1694.3000000000 2.6081927227
1694.4000000000 2.6097329107
1694.5000000000 2.6094547221
1694.6000000000 2.6101617759
1694.7000000000 2.6087536453
1694.8000000000 2.6081298732
1694.9000000000 2.6079963701
1695.0000000000 2.6073358412
1695.1000000000 2.6078078212
1695.2000000000 2.6073593222
1695.3000000000 2.6084968662
1695.4000000000 2.6058860537
1695.5000000000 2.6036363766
1695.6000000000 2.6032905981
1695.7000000000 2.6020895252
1695.8000000000 2.6002487359
1695.9000000000 2.6001374630
1696.0000000000 2.6014669227
1696.1000000000 2.6043418165
1696.2000000000 2.6031848389
1696.3000000000 2.6032369058
1696.4000000000 2.6049699084
1696.5000000000 2.6028998716
1696.6000000000 2.6041526270
1696.7000000000 2.6048328306
1696.8000000000 2.6071641704
1696.9000000000 2.6043383206
1697.0000000000 2.6039987242
1697.1000000000 2.6044164908
1697.2000000000 2.6063367396
1697.3000000000 2.6074456553
1697.4000000000 2.6068728865
1697.5000000000 2.6071087152
1697.6000000000 2.6091539777
1697.7000000000 2.6063189647
1697.8000000000 2.6074830263
1697.9000000000 2.6071748691
1698.0000000000 2.6057410611
1698.1000000000 2.6081863331
1698.2000000000 2.6087838109
1698.3000000000 2.6078428852
1698.4000000000 2.6066434408
1698.5000000000 2.6035161392
1698.6000000000 2.6049522237
1698.7000000000 2.6041415623
1698.8000000000 2.6033752525
1698.9000000000 2.6039924540
1699.0000000000 2.6041895461
1699.1000000000 2.6059772387
1699.2000000000 2.6053754931
1699.3000000000 2.6036338810
1699.4000000000 2.6050727673
1699.5000000000 2.6052558416
1699.6000000000 2.6042584093
1699.7000000000 2.6037968929
1699.8000000000 2.6030282724
1699.9000000000 2.6057412926
1700.0000000000 2.6043171269
1700.1000000000 2.6055713116
1700.2000000000 2.6044810956
1700.3000000000 2.6057467486
1700.4000000000 2.6065180123
1700.5000000000 2.6075006970
1700.6000000000 2.6075094467
1700.7000000000 2.6087817918
1700.8000000000 2.6089053759
1700.9000000000 2.6084890677
1701.0000000000 2.6084975853
1701.1000000000 2.6097531015
1701.2000000000 2.6066798824
1701.3000000000 2.6068512399
1701.4000000000 2.6051161701
1701.5000000000 2.6025123180
1701.6000000000 2.6032671179
1701.7000000000 2.6057767968
1701.8000000000 2.6078202301
1701.9000000000 2.6075188721
1702.0000000000 2.6094969922
1702.1000000000 2.6100645862
1702.2000000000 2.6083576250
1702.3000000000 2.6088637721
1702.4000000000 2.6065083744
1702.5000000000 2.6071677688
1702.6000000000 2.6088153617
1702.7000000000 2.6102306345
1702.8000000000 2.6097063368
1702.9000000000 2.6090913162
1703.0000000000 2.6090462811
1703.1000000000 2.6066137406
1703.2000000000 2.6086242780
1703.3000000000 2.6105698923
1703.4000000000 2.6108548284
1703.5000000000 2.6092403807
1703.6000000000 2.6114734387
1703.7000000000 2.6103188606
1703.8000000000 2.6108499684
1703.9000000000 2.6098061121
1704.0000000000 2.6092508432
1704.1000000000 2.6098696317
1704.2000000000 2.6105061871
1704.3000000000 2.6104031649
1704.4000000000 2.6099713359
1704.5000000000 2.6093187644
1704.6000000000 2.6110287013
1704.7000000000 2.6090994010
1704.8000000000 2.6120625370
1704.9000000000 2.6091497302
1705.0000000000 2.6090864997
1705.1000000000 2.6090114770
1705.2000000000 2.6116582059
1705.3000000000 2.6113931590
1705.4000000000 2.6112515135
1705.5000000000 2.6125386767
1705.6000000000 2.6139641152
1705.7000000000 2.6161293521
1705.8000000000 2.6161770295
1705.9000000000 2.6159347396
1706.0000000000 2.6163494932
1706.1000000000 2.6166585309
1706.2000000000 2.6165020659
1706.3000000000 2.6191866084
1706.4000000000 2.6167664866
1706.5000000000 2.6170794383
1706.6000000000 2.6162356461
1706.7000000000 2.6143389893
1706.8000000000 2.6128901179
1706.9000000000 2.6147797944
1707.0000000000 2.6140448604
1707.1000000000 2.6130814387
1707.2000000000 2.6158799086
1707.3000000000 2.6162883604
1707.4000000000 2.6134569554
1707.5000000000 2.6146452166
1707.6000000000 2.6141826436
1707.7000000000 2.6150298982
1707.8000000000 2.6125136603
1707.9000000000 2.6117737212
1708.0000000000 2.6099094511
1708.1000000000 2.6109662119
1708.2000000000 2.6137060965
1708.3000000000 2.6129534653
1708.4000000000 2.6107609119
1708.5000000000 2.6103410710
1708.6000000000 2.6062210337
1708.7000000000 2.6103655186
1708.8000000000 2.6103205893
1708.9000000000 2.6077645553
1709.0000000000 2.6070892673
1709.1000000000 2.6040041738
1709.2000000000 2.6075809645
1709.3000000000 2.6050780077
1709.4000000000 2.6071154632
1709.5000000000 2.6093732922
1709.6000000000 2.6116330225
1709.7000000000 2.6106834533
1709.8000000000 2.6096462177
1709.9000000000 2.6090482838
1710.0000000000 2.6085654091
1710.1000000000 2.6102287218
1710.2000000000 2.6114656792
1710.3000000000 2.6108942433
1710.4000000000 2.6088238277
1710.5000000000 2.6094436468
1710.6000000000 2.6066145772
1710.7000000000 2.6042156527
1710.8000000000 2.6053931023
1710.9000000000 2.6029540794
1711.0000000000 2.6056974577
1711.1000000000 2.6058819711
1711.2000000000 2.6049298524
1711.3000000000 2.6010494309
1711.4000000000 2.6008745856
1711.5000000000 2.6021274794
1711.6000000000 2.6011348630
1711.7000000000 2.6025649787
1711.8000000000 2.6007351680
1711.9000000000 2.6038013261
1712.0000000000 2.6056613142
1712.1000000000 2.6049463637
1712.2000000000 2.6041048930
1712.3000000000 2.6050894044
1712.4000000000 2.6041010108
1712.5000000000 2.6058230520
1712.6000000000 2.6066407597
1712.7000000000 2.6042966567
1712.8000000000 2.6051656198
1712.9000000000 2.6038271626
1713.0000000000 2.6032576092
1713.1000000000 2.6010842794
1713.2000000000 2.5992863566
1713.3000000000 2.5986809791
1713.4000000000 2.5997476855
1713.5000000000 2.5970986402
1713.6000000000 2.5985503932
1713.7000000000 2.5994726742
1713.8000000000 2.6014016259
1713.9000000000 2.6027988096
1714.0000000000 2.6033865373
1714.1000000000 2.6033856849
1714.2000000000 2.6031654145
1714.3000000000 2.6035900168
1714.4000000000 2.6046092507
1714.5000000000 2.6056724247
1714.6000000000 2.6053524556
1714.7000000000 2.6070100793
1714.8000000000 2.6067009411
1714.9000000000 2.6067196837
1715.0000000000 2.6052146181
1715.1000000000 2.6070072161
1715.2000000000 2.6081076691
1715.3000000000 2.6096691170
1715.4000000000 2.6094717164
1715.5000000000 2.6100519868
1715.6000000000 2.6101913442
1715.7000000000 2.6081107931
1715.8000000000 2.6092871254
1715.9000000000 2.6082568174
1716.0000000000 2.6095484152
1716.1000000000 2.6101973931
1716.2000000000 2.6100030065
1716.3000000000 2.6125337946
1716.4000000000 2.6125505398
1716.5000000000 2.6118581365
1716.6000000000 2.6115944429
1716.7000000000 2.6122378005
1716.8000000000 2.6095270809
1716.9000000000 2.6112771283
1717.0000000000 2.6100641882
1717.1000000000 2.6086628733
1717.2000000000 2.6089432437
1717.3000000000 2.6088492483
1717.4000000000 2.6090619294
1717.5000000000 2.6068353047
1717.6000000000 2.6068060969
1717.7000000000 2.6070370898
1717.8000000000 2.6070293693
1717.9000000000 2.6088183905
1718.0000000000 2.6085604055
1718.1000000000 2.6086519215
1718.2000000000 2.6081259770
1718.3000000000 2.6101205887
1718.4000000000 2.6115127548
1718.5000000000 2.6133903264
1718.6000000000 2.6109468623
1718.7000000000 2.6094742592
1718.8000000000 2.6102241264
1718.9000000000 2.6091769418
1719.0000000000 2.6101800087
1719.1000000000 2.6101974257
1719.2000000000 2.6104251521
1719.3000000000 2.6082721521
1719.4000000000 2.6074701314
1719.5000000000 2.6075508033
1719.6000000000 2.6086601634
1719.7000000000 2.6076712023
1719.8000000000 2.6061783070
1719.9000000000 2.6090166338
1720.0000000000 2.6093789164
1720.1000000000 2.6079172461
1720.2000000000 2.6062778818
1720.3000000000 2.6072788036
1720.4000000000 2.6078285582
1720.5000000000 2.6054633849
1720.6000000000 2.6051573751
1720.7000000000 2.6082220881
1720.8000000000 2.6113389300
1720.9000000000 2.6094703795
1721.0000000000 2.6091222775
1721.1000000000 2.6091769431
1721.2000000000 2.6087627762
1721.3000000000 2.6077124071
1721.4000000000 2.6061057390
1721.5000000000 2.6057575537
1721.6000000000 2.6064438383
1721.7000000000 2.6056821785
1721.8000000000 2.6061788928
1721.9000000000 2.6050116202
1722.0000000000 2.6053108361
1722.1000000000 2.6074006235
1722.2000000000 2.6055258145
1722.3000000000 2.6072337326
1722.4000000000 2.6085980188
1722.5000000000 2.6090541535
1722.6000000000 2.6061095934
1722.7000000000 2.6074012079
1722.8000000000 2.6079431736
1722.9000000000 2.6097079596
1723.0000000000 2.6064407282
1723.1000000000 2.6062168884
1723.2000000000 2.6064332865
1723.3000000000 2.6062433332
1723.4000000000 2.6070970605
1723.5000000000 2.6085236998
1723.6000000000 2.6098439732
1723.7000000000 2.6083176160
1723.8000000000 2.6085267996
1723.9000000000 2.6057806687
1724.0000000000 2.6064251886
1724.1000000000 2.6036485236
1724.2000000000 2.6049095866
1724.3000000000 2.6049858527
1724.4000000000 2.6056848479
1724.5000000000 2.6070575928
1724.6000000000 2.6069260217
1724.7000000000 2.6089050683
1724.8000000000 2.6059301591
1724.9000000000 2.6046654881
1725.0000000000 2.6067665251
1725.1000000000 2.6079783493
1725.2000000000 2.6046987581
1725.3000000000 2.6061613141
1725.4000000000 2.6067924364
1725.5000000000 2.6076276003
1725.6000000000 2.6062127905
1725.7000000000 2.6073115155
1725.8000000000 2.6036507673
1725.9000000000 2.6045333904
1726.0000000000 2.6046880271
1726.1000000000 2.6052919653
1726.2000000000 2.6020109556
1726.3000000000 2.6007040478
1726.4000000000 2.6020040041
1726.5000000000 2.6025809030
1726.6000000000 2.6028781887
1726.7000000000 2.6052296954
1726.8000000000 2.6055046557
1726.9000000000 2.6047367626
1727.0000000000 2.6046817518
1727.1000000000 2.6033090695
1727.2000000000 2.6057413696
1727.3000000000 2.6043662704
1727.4000000000 2.6039239293
1727.5000000000 2.6026319925
1727.6000000000 2.6022963305
1727.7000000000 2.6036828806
1727.8000000000 2.6034842895
1727.9000000000 2.6015094350
1728.0000000000 2.5991003949
1728.1000000000 2.5976734392
1728.2000000000 2.5973245838
1728.3000000000 2.5969749477
1728.4000000000 2.5961147668
1728.5000000000 2.5967371448
1728.6000000000 2.5950737709
1728.7000000000 2.5965627015
1728.8000000000 2.5925440661
1728.9000000000 2.5911238252
1729.0000000000 2.5912039869
1729.1000000000 2.5893802302
1729.2000000000 2.5926448209
1729.3000000000 2.5893586667
1729.4000000000 2.5907821063
1729.5000000000 2.5908634711
1729.6000000000 2.5903354836
1729.7000000000 2.5906137097
1729.8000000000 2.5906724156
1729.9000000000 2.5913506991
1730.0000000000 2.5866582497
1730.1000000000 2.5857588211
1730.2000000000 2.5827796990
1730.3000000000 2.5869561332
1730.4000000000 2.5877657351
1730.5000000000 2.5902639315
1730.6000000000 2.5886587644
1730.7000000000 2.5898255393
1730.8000000000 2.5897843004
1730.9000000000 2.5897469166
1731.0000000000 2.5892816477
1731.1000000000 2.5914229641
1731.2000000000 2.5926234618
1731.3000000000 2.5942331196
1731.4000000000 2.5932820393
1731.5000000000 2.5916995004
1731.6000000000 2.5918071142
1731.7000000000 2.5942014292
1731.8000000000 2.5953628282
1731.9000000000 2.5953544246
1732.0000000000 2.5971726420
1732.1000000000 2.5958056031
1732.2000000000 2.5960385733
1732.3000000000 2.5969003545
1732.4000000000 2.5977365995
1732.5000000000 2.5973317748
1732.6000000000 2.5951712599
1732.7000000000 2.5940729103
1732.8000000000 2.5954039322
1732.9000000000 2.5975562501
1733.0000000000 2.5983013417
1733.1000000000 2.5957728057
1733.2000000000 2.5979651273
1733.3000000000 2.5969943981
1733.4000000000 2.5975201667
1733.5000000000 2.5976181206
1733.6000000000 2.6000933594
1733.7000000000 2.5967804943
1733.8000000000 2.5977155235
1733.9000000000 2.5981508248
1734.0000000000 2.6002683126
1734.1000000000 2.5972954077
1734.2000000000 2.5956816314
1734.3000000000 2.5970011601
1734.4000000000 2.5948715948
1734.5000000000 2.5946322642
1734.6000000000 2.5943733863
1734.7000000000 2.5950073487
1734.8000000000 2.5933626630
1734.9000000000 2.5905706572
1735.0000000000 2.5935993568
1735.1000000000 2.5941475211
1735.2000000000 2.5933566947
1735.3000000000 2.5931762275
1735.4000000000 2.5925141681
1735.5000000000 2.5939050333
1735.6000000000 2.5924955403
1735.7000000000 2.5937579536
1735.8000000000 2.5955672224
1735.9000000000 2.5960334490
1736.0000000000 2.5961702090
1736.1000000000 2.5974113915
1736.2000000000 2.5966274254
1736.3000000000 2.5951818719
1736.4000000000 2.5930274751
1736.5000000000 2.5918998856
1736.6000000000 2.5906379305
1736.7000000000 2.5921427240
1736.8000000000 2.5882113594
1736.9000000000 2.5892778018
1737.0000000000 2.5903769610
1737.1000000000 2.5901238733
1737.2000000000 2.5906809611
1737.3000000000 2.5912785914
1737.4000000000 2.5920280314
1737.5000000000 2.5903843530
1737.6000000000 2.5883936373
1737.7000000000 2.5877985767
1737.8000000000 2.5871568548
1737.9000000000 2.5876378046
1738.0000000000 2.5854630536
1738.1000000000 2.5874733148
1738.2000000000 2.5866996734
1738.3000000000 2.5856312809
1738.4000000000 2.5837632463
1738.5000000000 2.5824808107
1738.6000000000 2.5811217920
1738.7000000000 2.5812868308
1738.8000000000 2.5828108031
1738.9000000000 2.5824850990
1739.0000000000 2.5829557097
1739.1000000000 2.5839830304
1739.2000000000 2.5836332417
1739.3000000000 2.5850167620
1739.4000000000 2.5863809292
1739.5000000000 2.5841625586
1739.6000000000 2.5855003108
1739.7000000000 2.5835766954
1739.8000000000 2.5860121779
1739.9000000000 2.5851255173
1740.0000000000 2.5846630570
1740.1000000000 2.5854624056
1740.2000000000 2.5835029890
1740.3000000000 2.5847089667
1740.4000000000 2.5851229513
1740.5000000000 2.5841156685
1740.6000000000 2.5846490996
1740.7000000000 2.5860075407
1740.8000000000 2.5841703649
1740.9000000000 2.5856782178
1741.0000000000 2.5884412499
1741.1000000000 2.5868473539
1741.2000000000 2.5884224266
1741.3000000000 2.5858090359
1741.4000000000 2.5868013741
1741.5000000000 2.5836703418
1741.6000000000 2.5821220997
1741.7000000000 2.5810847021
1741.8000000000 2.5795613808
1741.9000000000 2.5783027429
1742.0000000000 2.5788940721
1742.1000000000 2.5786923519
1742.2000000000 2.5797005823
1742.3000000000 2.5777571155
1742.4000000000 2.5778516088
1742.5000000000 2.5795218798
1742.6000000000 2.5820284479
1742.7000000000 2.5818951293
1742.8000000000 2.5812183328
1742.9000000000 2.5822478512
1743.0000000000 2.5816903254
1743.1000000000 2.5797161953
1743.2000000000 2.5789940343
1743.3000000000 2.5803062374
1743.4000000000 2.5798244818
1743.5000000000 2.5804311020
1743.6000000000 2.5791139862
1743.7000000000 2.5778243663
1743.8000000000 2.5754913083
1743.9000000000 2.5761736360
1744.0000000000 2.5732656321
1744.1000000000 2.5727868056
1744.2000000000 2.5737142315
1744.3000000000 2.5722432972
1744.4000000000 2.5733693698
1744.5000000000 2.5761145411
1744.6000000000 2.5747174524
1744.7000000000 2.5751144614
1744.8000000000 2.5744238442
1744.9000000000 2.5740392710
1745.0000000000 2.5740894804
1745.1000000000 2.5759856884
1745.2000000000 2.5747182904
1745.3000000000 2.5726590897
1745.4000000000 2.5731071444
1745.5000000000 2.5728254556
1745.6000000000 2.5751773683
1745.7000000000 2.5734401898
1745.8000000000 2.5733642139
1745.9000000000 2.5751120203
1746.0000000000 2.5740759631
1746.1000000000 2.5736093248
1746.2000000000 2.5711701742
1746.3000000000 2.5721874456
1746.4000000000 2.5706333156
1746.5000000000 2.5713488577
1746.6000000000 2.5724678057
1746.7000000000 2.5714004508
1746.8000000000 2.5729216540
1746.9000000000 2.5740696198
1747.0000000000 2.5745555617
1747.1000000000 2.5736181626
1747.2000000000 2.5746530206
1747.3000000000 2.5769799214
1747.4000000000 2.5752461061
1747.5000000000 2.5779557832
1747.6000000000 2.5742812891
1747.7000000000 2.5741241011
1747.8000000000 2.5729589183
1747.9000000000 2.5694398877
1748.0000000000 2.5714504357
1748.1000000000 2.5702221742
1748.2000000000 2.5708066210
1748.3000000000 2.5700127728
1748.4000000000 2.5712936734
1748.5000000000 2.5725141408
1748.6000000000 2.5728701012
1748.7000000000 2.5747116677
1748.8000000000 2.5735692666
1748.9000000000 2.5725109992
1749.0000000000 2.5714803112
1749.1000000000 2.5718815897
1749.2000000000 2.5744094745
1749.3000000000 2.5757618693
1749.4000000000 2.5748835825
1749.5000000000 2.5715985992
1749.6000000000 2.5717037283
1749.7000000000 2.5720020173
1749.8000000000 2.5701712870
1749.9000000000 2.5722264484
1750.0000000000 2.5726841612
1750.1000000000 2.5727971720
1750.2000000000 2.5739239270
1750.3000000000 2.5681665900
1750.4000000000 2.5670129653
1750.5000000000 2.5668042381
1750.6000000000 2.5684285065
1750.7000000000 2.5699211260
1750.8000000000 2.5705507981
1750.9000000000 2.5714898587
1751.0000000000 2.5738943807
1751.1000000000 2.5732765952
1751.2000000000 2.5736083881
1751.3000000000 2.5703205998
1751.4000000000 2.5717844480
1751.5000000000 2.5717005011
1751.6000000000 2.5736446316
1751.7000000000 2.5760739591
1751.8000000000 2.5726901670
1751.9000000000 2.5738612760
1752.0000000000 2.5733233710
1752.1000000000 2.5745712971
1752.2000000000 2.5712075119
1752.3000000000 2.5743972194
1752.4000000000 2.5759139911
1752.5000000000 2.5727181318
1752.6000000000 2.5698064541
1752.7000000000 2.5708365838
1752.8000000000 2.5732893435
1752.9000000000 2.5755118021
1753.0000000000 2.5751064771
1753.1000000000 2.5751299346
1753.2000000000 2.5738040462
1753.3000000000 2.5734700635
1753.4000000000 2.5749609677
1753.5000000000 2.5755656289
1753.6000000000 2.5757267758
1753.7000000000 2.5773879937
1753.8000000000 2.5773186846
1753.9000000000 2.5771812157
1754.0000000000 2.5763982560
1754.1000000000 2.5753657053
1754.2000000000 2.5758266283
1754.3000000000 2.5725018720
1754.4000000000 2.5714148328
1754.5000000000 2.5694393802
1754.6000000000 2.5705231369
1754.7000000000 2.5701993415
1754.8000000000 2.5708679698
1754.9000000000 2.5704867454
1755.0000000000 2.5701155548
1755.1000000000 2.5725151493
1755.2000000000 2.5729911333
1755.3000000000 2.5736281587
1755.4000000000 2.5732607827
1755.5000000000 2.5753163768
1755.6000000000 2.5760575642
1755.7000000000 2.5772845154
1755.8000000000 2.5748366794
1755.9000000000 2.5754938272
1756.0000000000 2.5784714336
1756.1000000000 2.5771539329
1756.2000000000 2.5781585846
1756.3000000000 2.5795524219
1756.4000000000 2.5805214086
1756.5000000000 2.5825745021
1756.6000000000 2.5836136088
1756.7000000000 2.5819188210
1756.8000000000 2.5831123099
1756.9000000000 2.5805393071
1757.0000000000 2.5786220214
1757.1000000000 2.5793972676
1757.2000000000 2.5774548785
1757.3000000000 2.5757501105
1757.4000000000 2.5784427832
1757.5000000000 2.5776074384
1757.6000000000 2.5766012204
1757.7000000000 2.5764009898
1757.8000000000 2.5741161793
1757.9000000000 2.5755538351
1758.0000000000 2.5764775991
1758.1000000000 2.5786505348
1758.2000000000 2.5777225975
1758.3000000000 2.5787184887
1758.4000000000 2.5762057591
1758.5000000000 2.5762261807
1758.6000000000 2.5750539787
1758.7000000000 2.5763907944
1758.8000000000 2.5760182833
1758.9000000000 2.5733948967
1759.0000000000 2.5728227003
1759.1000000000 2.5730338056
1759.2000000000 2.5720963295
1759.3000000000 2.5726279187
1759.4000000000 2.5727847539
1759.5000000000 2.5729211860
1759.6000000000 2.5739756306
1759.7000000000 2.5715159205
1759.8000000000 2.5708198482
1759.9000000000 2.5717068677
1760.0000000000 2.5726393094
1760.1000000000 2.5711392173
1760.2000000000 2.5734418144
1760.3000000000 2.5726851561
1760.4000000000 2.5739607382
1760.5000000000 2.5761937163
1760.6000000000 2.5717848608
1760.7000000000 2.5739653535
1760.8000000000 2.5704474115
1760.9000000000 2.5695144734
1761.0000000000 2.5678084175
1761.1000000000 2.5681209369
1761.2000000000 2.5703122413
1761.3000000000 2.5696280894
1761.4000000000 2.5697877542
1761.5000000000 2.5697391569
1761.6000000000 2.5716546832
1761.7000000000 2.5719884718
1761.8000000000 2.5709435332
1761.9000000000 2.5716236027
1762.0000000000 2.5722188069
1762.1000000000 2.5716034951
1762.2000000000 2.5700587208
1762.3000000000 2.5702344735
1762.4000000000 2.5681655595
1762.5000000000 2.5692161719
1762.6000000000 2.5669344362
1762.7000000000 2.5693977604
1762.8000000000 2.5691994374
1762.9000000000 2.5689087188
1763.0000000000 2.5675796050
1763.1000000000 2.5655092983
1763.2000000000 2.5652161923
1763.3000000000 2.5650663829
1763.4000000000 2.5651359226
1763.5000000000 2.5672793089
1763.6000000000 2.5651229147
1763.7000000000 2.5671217358
1763.8000000000 2.5663182882
1763.9000000000 2.5656546523
1764.0000000000 2.5679081768
1764.1000000000 2.5662986779
1764.2000000000 2.5668049340
1764.3000000000 2.5675639917
1764.4000000000 2.5672310952
1764.5000000000 2.5685760559
1764.6000000000 2.5691888822
1764.7000000000 2.5666900470
1764.8000000000 2.5683790686
1764.9000000000 2.5678599987
1765.0000000000 2.5658052081
1765.1000000000 2.5617427911
1765.2000000000 2.5629579359
1765.3000000000 2.5631495006
1765.4000000000 2.5632020829
1765.5000000000 2.5639656177
1765.6000000000 2.5641336340
1765.7000000000 2.5609156438
1765.8000000000 2.5616346450
1765.9000000000 2.5617774849
1766.0000000000 2.5651881415
1766.1000000000 2.5664563593
1766.2000000000 2.5619786307
1766.3000000000 2.5632984421
1766.4000000000 2.5641820423
1766.5000000000 2.5642127887
1766.6000000000 2.5646956479
1766.7000000000 2.5645498698
1766.8000000000 2.5644163974
1766.9000000000 2.5650921607
1767.0000000000 2.5638371617
1767.1000000000 2.5636802649
1767.2000000000 2.5620547449
1767.3000000000 2.5601080306
1767.4000000000 2.5593400438
1767.5000000000 2.5561731776
1767.6000000000 2.5584125875
1767.7000000000 2.5563687797
1767.8000000000 2.5554676768
1767.9000000000 2.5553600815
1768.0000000000 2.5530567942
1768.1000000000 2.5534764516
1768.2000000000 2.5479911869
1768.3000000000 2.5512628645
1768.4000000000 2.5528341786
1768.5000000000 2.5525005169
1768.6000000000 2.5507967835
1768.7000000000 2.5516814660
1768.8000000000 2.5533143979
1768.9000000000 2.5522706937
1769.0000000000 2.5542214843
1769.1000000000 2.5543046798
1769.2000000000 2.5547533257
1769.3000000000 2.5529742305
1769.4000000000 2.5542039119
1769.5000000000 2.5548216640
1769.6000000000 2.5544308847
1769.7000000000 2.5529893092
1769.8000000000 2.5561465068
1769.9000000000 2.5583189167
1770.0000000000 2.5581093031
1770.1000000000 2.5607594396
1770.2000000000 2.5573757319
1770.3000000000 2.5599497028
1770.4000000000 2.5598432893
1770.5000000000 2.5608093505
1770.6000000000 2.5638334572
1770.7000000000 2.5657786966
1770.8000000000 2.5639393613
1770.9000000000 2.5650616887
1771.0000000000 2.5652841015
1771.1000000000 2.5688004933
1771.2000000000 2.5673369076
1771.3000000000 2.5641700108
1771.4000000000 2.5687463382
1771.5000000000 2.5672977834
1771.6000000000 2.5672141112
1771.7000000000 2.5647412783
1771.8000000000 2.5652387278
1771.9000000000 2.5657249580
1772.0000000000 2.5663556622
1772.1000000000 2.5659359632
1772.2000000000 2.5662577565
1772.3000000000 2.5630095917
1772.4000000000 2.5663969608
1772.5000000000 2.5635527992
1772.6000000000 2.5623927005
1772.7000000000 2.5639440152
1772.8000000000 2.5606945629
1772.9000000000 2.5602052345
1773.0000000000 2.5595925245
1773.1000000000 2.5576144048
1773.2000000000 2.5584185424
1773.3000000000 2.5578632963
1773.4000000000 2.5587677108
1773.5000000000 2.5561758313
1773.6000000000 2.5522106187
1773.7000000000 2.5547360236
1773.8000000000 2.5551506037
1773.9000000000 2.5575984985
1774.0000000000 2.5579249532
1774.1000000000 2.5566500288
1774.2000000000 2.5567192068
1774.3000000000 2.5566651588
1774.4000000000 2.5558273192
1774.5000000000 2.5571364546
1774.6000000000 2.5553686774
1774.7000000000 2.5558990329
1774.8000000000 2.5548229099
1774.9000000000 2.5539697900
1775.0000000000 2.5532721668
1775.1000000000 2.5565016133
1775.2000000000 2.5539989927
1775.3000000000 2.5560281735
1775.4000000000 2.5545957566
1775.5000000000 2.5552914483
1775.6000000000 2.5585211451
1775.7000000000 2.5544068423
1775.8000000000 2.5576457263
1775.9000000000 2.5559323841
1776.0000000000 2.5574445769
1776.1000000000 2.5590464612
1776.2000000000 2.5576019920
1776.3000000000 2.5575823735
1776.4000000000 2.5570270580
1776.5000000000 2.5580653909
1776.6000000000 2.5560940424
1776.7000000000 2.5573390060
1776.8000000000 2.5588192931
1776.9000000000 2.5589902725
1777.0000000000 2.5554970584
1777.1000000000 2.5577759361
1777.2000000000 2.5580288663
1777.3000000000 2.5581848761
1777.4000000000 2.5613325326
1777.5000000000 2.5630352635
1777.6000000000 2.5653749971
1777.7000000000 2.5658816588
1777.8000000000 2.5648581604
1777.9000000000 2.5640055263
1778.0000000000 2.5638095825
1778.1000000000 2.5646448343
1778.2000000000 2.5627018376
1778.3000000000 2.5648595814
1778.4000000000 2.5632952214
1778.5000000000 2.5621349096
1778.6000000000 2.5619667562
1778.7000000000 2.5587645927
1778.8000000000 2.5589984333
1778.9000000000 2.5575525122
1779.0000000000 2.5590310744
1779.1000000000 2.5592644683
1779.2000000000 2.5571134317
1779.3000000000 2.5558354780
1779.4000000000 2.5599095626
1779.5000000000 2.5608560267
1779.6000000000 2.5598608918
1779.7000000000 2.5595708541
1779.8000000000 2.5572599307
1779.9000000000 2.5552752109
1780.0000000000 2.5540500407
1780.1000000000 2.5548020636
1780.2000000000 2.5545639387
1780.3000000000 2.5524211265
1780.4000000000 2.5496324997
1780.5000000000 2.5530008973
1780.6000000000 2.5525783262
1780.7000000000 2.5544376801
1780.8000000000 2.5534894674
1780.9000000000 2.5543920744
1781.0000000000 2.5539509429
1781.1000000000 2.5536949285
1781.2000000000 2.5545978355
1781.3000000000 2.5549571730
1781.4000000000 2.5550952495
1781.5000000000 2.5562106057
1781.6000000000 2.5561164419
1781.7000000000 2.5542765708
1781.8000000000 2.5549621249
1781.9000000000 2.5547979944
1782.0000000000 2.5576371625
1782.1000000000 2.5538017431
1782.2000000000 2.5530883075
1782.3000000000 2.5524511354
1782.4000000000 2.5542360590
1782.5000000000 2.5557315857
1782.6000000000 2.5580296601
1782.7000000000 2.5575480085
1782.8000000000 2.5559168047
1782.9000000000 2.5542987944
1783.0000000000 2.5534549659
1783.1000000000 2.5555774561
1783.2000000000 2.5542678162
1783.3000000000 2.5552161491
1783.4000000000 2.5554907602
1783.5000000000 2.5577412611
1783.6000000000 2.5581693465
1783.7000000000 2.5573368453
1783.8000000000 2.5609253351
1783.9000000000 2.5614605409
1784.0000000000 2.5613551252
1784.1000000000 2.5616999022
1784.2000000000 2.5584499750
1784.3000000000 2.5600577322
1784.4000000000 2.5591209243
1784.5000000000 2.5593713642
1784.6000000000 2.5580856054
1784.7000000000 2.5552957180
1784.8000000000 2.5563575441
1784.9000000000 2.5575769114
1785.0000000000 2.5577692982
1785.1000000000 2.5581357493
1785.2000000000 2.5571128147
1785.3000000000 2.5583509258
1785.4000000000 2.5578909002
1785.5000000000 2.5593088667
1785.6000000000 2.5589175202
1785.7000000000 2.5581403573
1785.8000000000 2.5637591699
1785.9000000000 2.5619128269
1786.0000000000 2.5614076446
1786.1000000000 2.5629826399
1786.2000000000 2.5634945935
1786.3000000000 2.5629453635
1786.4000000000 2.5619513533
1786.5000000000 2.5622532252
1786.6000000000 2.5616421402
1786.7000000000 2.5619488579
1786.8000000000 2.5649262273
1786.9000000000 2.5645693707
1787.0000000000 2.5629204393
1787.1000000000 2.5633607214
1787.2000000000 2.5644655599
1787.3000000000 2.5653964996
1787.4000000000 2.5666974882
1787.5000000000 2.5677109859
1787.6000000000 2.5637246549
1787.7000000000 2.5661395152
1787.8000000000 2.5674883474
1787.9000000000 2.5666122567
1788.0000000000 2.5693608357
1788.1000000000 2.5712468297
1788.2000000000 2.5685468122
1788.3000000000 2.5710655244
1788.4000000000 2.5707979829
1788.5000000000 2.5744365064
1788.6000000000 2.5726477237
1788.7000000000 2.5719336085
1788.8000000000 2.5707843883
1788.9000000000 2.5712442799
1789.0000000000 2.5717184052
1789.1000000000 2.5728660465
1789.2000000000 2.5740775126
1789.3000000000 2.5738766317
1789.4000000000 2.5736710277
1789.5000000000 2.5742812196
1789.6000000000 2.5722330833
1789.7000000000 2.5731322884
1789.8000000000 2.5716081358
1789.9000000000 2.5733093390
1790.0000000000 2.5694031807
1790.1000000000 2.5695144406
1790.2000000000 2.5672067794
1790.3000000000 2.5668129749
1790.4000000000 2.5676790376
1790.5000000000 2.5642871336
1790.6000000000 2.5627333282
1790.7000000000 2.5624608363
1790.8000000000 2.5641788627
1790.9000000000 2.5634546014
1791.0000000000 2.5653110962
1791.1000000000 2.5646192024
1791.2000000000 2.5647724388
1791.3000000000 2.5638679316
1791.4000000000 2.5625420845
1791.5000000000 2.5626652284
1791.6000000000 2.5607077764
1791.7000000000 2.5621684307
1791.8000000000 2.5614880141
1791.9000000000 2.5600678458
1792.0000000000 2.5617208781
1792.1000000000 2.5625932249
1792.2000000000 2.5612362315
1792.3000000000 2.5604533119
1792.4000000000 2.5579172066
1792.5000000000 2.5569231075
1792.6000000000 2.5565685248
1792.7000000000 2.5570333779
1792.8000000000 2.5609187251
1792.9000000000 2.5617555640
1793.0000000000 2.5616621919
1793.1000000000 2.5615177683
1793.2000000000 2.5622192632
1793.3000000000 2.5641388276
1793.4000000000 2.5636551044
1793.5000000000 2.5652204408
1793.6000000000 2.5673715838
1793.7000000000 2.5686414360
1793.8000000000 2.5697768546
1793.9000000000 2.5695890572
1794.0000000000 2.5691326932
1794.1000000000 2.5703917865
1794.2000000000 2.5697349202
1794.3000000000 2.5671980703
1794.4000000000 2.5678041430
1794.5000000000 2.5672026078
1794.6000000000 2.5646358128
1794.7000000000 2.5652629145
1794.8000000000 2.5648866850
1794.9000000000 2.5659211792
1795.0000000000 2.5629457212
1795.1000000000 2.5622574945
1795.2000000000 2.5637626807
1795.3000000000 2.5639298091
1795.4000000000 2.5625666831
1795.5000000000 2.5634745015
1795.6000000000 2.5665090891
1795.7000000000 2.5659529290
1795.8000000000 2.5674555005
1795.9000000000 2.5660241532
1796.0000000000 2.5644607933
1796.1000000000 2.5660307063
1796.2000000000 2.5655285294
1796.3000000000 2.5650160147
1796.4000000000 2.5669255438
1796.5000000000 2.5664550582
1796.6000000000 2.5636316479
1796.7000000000 2.5643781444
1796.8000000000 2.5632339559
1796.9000000000 2.5617140228
1797.0000000000 2.5610967082
1797.1000000000 2.5614845300
1797.2000000000 2.5613863267
1797.3000000000 2.5613874361
1797.4000000000 2.5618864647
1797.5000000000 2.5624937807
1797.6000000000 2.5638988393
1797.7000000000 2.5664687858
1797.8000000000 2.5633649153
1797.9000000000 2.5629007603
1798.0000000000 2.5647940050
1798.1000000000 2.5634235852
1798.2000000000 2.5654311997
1798.3000000000 2.5655580908
1798.4000000000 2.5634254242
1798.5000000000 2.5621494575
1798.6000000000 2.5616553068
1798.7000000000 2.5619389439
1798.8000000000 2.5622113900
1798.9000000000 2.5636643139
1799.0000000000 2.5633667495
1799.1000000000 2.5634885920
1799.2000000000 2.5638359295
1799.3000000000 2.5622372338
1799.4000000000 2.5635966492
1799.5000000000 2.5640642299
1799.6000000000 2.5660272274
1799.7000000000 2.5628048902
1799.8000000000 2.5606597552
1799.9000000000 2.5615009975
1800.0000000000 2.5612650609
1800.1000000000 2.5619614416
1800.2000000000 2.5603906723
1800.3000000000 2.5611885062
1800.4000000000 2.5612519714
1800.5000000000 2.5594504413
1800.6000000000 2.5603415230
1800.7000000000 2.5584780377
1800.8000000000 2.5602087431
1800.9000000000 2.5589945131
1801.0000000000 2.5593799467
1801.1000000000 2.5617015581
1801.2000000000 2.5643464200
1801.3000000000 2.5625778323
1801.4000000000 2.5625822859
1801.5000000000 2.5637682690
1801.6000000000 2.5645824063
1801.7000000000 2.5630716137
1801.8000000000 2.5618190138
1801.9000000000 2.5645859723
1802.0000000000 2.5648932293
1802.1000000000 2.5653266950
1802.2000000000 2.5646358945
1802.3000000000 2.5639540395
1802.4000000000 2.5655294908
1802.5000000000 2.5679743325
1802.6000000000 2.5673977247
1802.7000000000 2.5687667545
1802.8000000000 2.5689113263
1802.9000000000 2.5702752808
1803.0000000000 2.5690127305
1803.1000000000 2.5705709738
1803.2000000000 2.5718007001
1803.3000000000 2.5709041748
1803.4000000000 2.5689017946
1803.5000000000 2.5689190885
1803.6000000000 2.5688207444
1803.7000000000 2.5706046520
1803.8000000000 2.5714167199
1803.9000000000 2.5686749630
1804.0000000000 2.5723872026
1804.1000000000 2.5729642334
1804.2000000000 2.5749611825
1804.3000000000 2.5731379741
1804.4000000000 2.5735651225
1804.5000000000 2.5726817422
1804.6000000000 2.5729710748
1804.7000000000 2.5746783596
1804.8000000000 2.5739500815
1804.9000000000 2.5757003988
1805.0000000000 2.5771836204
1805.1000000000 2.5751784646
1805.2000000000 2.5743813656
1805.3000000000 2.5746669677
1805.4000000000 2.5749400127
1805.5000000000 2.5753850601
1805.6000000000 2.5772656103
1805.7000000000 2.5762244652
1805.8000000000 2.5731299282
1805.9000000000 2.5736731675
1806.0000000000 2.5734253923
1806.1000000000 2.5740738420
1806.2000000000 2.5741410823
1806.3000000000 2.5766130831
1806.4000000000 2.5780799130
1806.5000000000 2.5769710915
1806.6000000000 2.5765813242
1806.7000000000 2.5753089047
1806.8000000000 2.5744988901
1806.9000000000 2.5734161279
1807.0000000000 2.5735900690
1807.1000000000 2.5725427683
1807.2000000000 2.5728110176
1807.3000000000 2.5730900740
1807.4000000000 2.5763929865
1807.5000000000 2.5772640982
1807.6000000000 2.5790358439
1807.7000000000 2.5795994144
1807.8000000000 2.5817209553
1807.9000000000 2.5789004641
1808.0000000000 2.5776907811
1808.1000000000 2.5753438786
1808.2000000000 2.5754091549
1808.3000000000 2.5753762418
1808.4000000000 2.5765025079
1808.5000000000 2.5783675509
1808.6000000000 2.5782874321
1808.7000000000 2.5784288026
1808.8000000000 2.5765761580
1808.9000000000 2.5728992103
1809.0000000000 2.5733681769
1809.1000000000 2.5731511287
1809.2000000000 2.5717154896
1809.3000000000 2.5715239143
1809.4000000000 2.5726877075
1809.5000000000 2.5730636144
1809.6000000000 2.5723933312
1809.7000000000 2.5710359836
1809.8000000000 2.5697635505
1809.9000000000 2.5711465714
1810.0000000000 2.5710221115
1810.1000000000 2.5720703288
1810.2000000000 2.5726647554
1810.3000000000 2.5722039384
1810.4000000000 2.5719852039
1810.5000000000 2.5714309319
1810.6000000000 2.5675788905
1810.7000000000 2.5677333267
1810.8000000000 2.5668329621
1810.9000000000 2.5659020705
1811.0000000000 2.5666346061
1811.1000000000 2.5661029787
1811.2000000000 2.5641365164
1811.3000000000 2.5659535941
1811.4000000000 2.5629711846
1811.5000000000 2.5627506679
1811.6000000000 2.5612976413
1811.7000000000 2.5601418447
1811.8000000000 2.5591231872
1811.9000000000 2.5598909459
1812.0000000000 2.5591216177
1812.1000000000 2.5583414159
1812.2000000000 2.5573688198
1812.3000000000 2.5580745203
1812.4000000000 2.5598508966
1812.5000000000 2.5616216200
1812.6000000000 2.5611263521
1812.7000000000 2.5609223720
1812.8000000000 2.5591996162
1812.9000000000 2.5591721592
1813.0000000000 2.5564858903
1813.1000000000 2.5529059346
1813.2000000000 2.5512402854
1813.3000000000 2.5519926317
1813.4000000000 2.5524530951
1813.5000000000 2.5540093610
1813.6000000000 2.5520297990
1813.7000000000 2.5534252498
1813.8000000000 2.5521952194
1813.9000000000 2.5531711435
1814.0000000000 2.5555437106
1814.1000000000 2.5552553959
1814.2000000000 2.5553322880
1814.3000000000 2.5574427136
1814.4000000000 2.5582715375
1814.5000000000 2.5570672909
1814.6000000000 2.5591273800
1814.7000000000 2.5581871173
1814.8000000000 2.5596257552
1814.9000000000 2.5598268107
1815.0000000000 2.5603622631
1815.1000000000 2.5604002725
1815.2000000000 2.5599628256
1815.3000000000 2.5594837878
1815.4000000000 2.5574685634
1815.5000000000 2.5582337310
1815.6000000000 2.5580276147
1815.7000000000 2.5568344806
1815.8000000000 2.5551976980
1815.9000000000 2.5554835333
1816.0000000000 2.5564825287
1816.1000000000 2.5589816089
1816.2000000000 2.5550167619
1816.3000000000 2.5577536218
1816.4000000000 2.5599263543
1816.5000000000 2.5612033563
1816.6000000000 2.5607677817
1816.7000000000 2.5598908923
1816.8000000000 2.5599929140
1816.9000000000 2.5581359011
1817.0000000000 2.5574891886
1817.1000000000 2.5569950891
1817.2000000000 2.5558056452
1817.3000000000 2.5561258316
1817.4000000000 2.5568144544
1817.5000000000 2.5577113034
1817.6000000000 2.5591437677
1817.7000000000 2.5560878147
1817.8000000000 2.5550979026
1817.9000000000 2.5544166474
1818.0000000000 2.5566202678
1818.1000000000 2.5572206512
1818.2000000000 2.5572765408
1818.3000000000 2.5608420181
1818.4000000000 2.5588578041
1818.5000000000 2.5616880816
1818.6000000000 2.5580187652
1818.7000000000 2.5553886174
1818.8000000000 2.5551771776
1818.9000000000 2.5550024979
1819.0000000000 2.5527925314
1819.1000000000 2.5530591881
1819.2000000000 2.5550914991
1819.3000000000 2.5569658374
1819.4000000000 2.5566585263
1819.5000000000 2.5559726631
1819.6000000000 2.5563138164
1819.7000000000 2.5572140181
1819.8000000000 2.5565163030
1819.9000000000 2.5549879552
1820.0000000000 2.5542626745
1820.1000000000 2.5532421360
1820.2000000000 2.5530816390
1820.3000000000 2.5549940388
1820.4000000000 2.5539437939
1820.5000000000 2.5547645463
1820.6000000000 2.5555086083
1820.7000000000 2.5545917324
1820.8000000000 2.5551379880
1820.9000000000 2.5558215183
1821.0000000000 2.5546002014
1821.1000000000 2.5555849019
1821.2000000000 2.5527795188
1821.3000000000 2.5507713709
1821.4000000000 2.5520530442
1821.5000000000 2.5518544843
1821.6000000000 2.5537075867
1821.7000000000 2.5531616496
1821.8000000000 2.5528792534
1821.9000000000 2.5533097251
1822.0000000000 2.5534142469
1822.1000000000 2.5538721997
1822.2000000000 2.5528237364
1822.3000000000 2.5534700166
1822.4000000000 2.5546889112
1822.5000000000 2.5544374983
1822.6000000000 2.5532924222
1822.7000000000 2.5520059990
1822.8000000000 2.5513198249
1822.9000000000 2.5537351306
1823.0000000000 2.5526768693
1823.1000000000 2.5546248126
1823.2000000000 2.5561659175
1823.3000000000 2.5561464346
1823.4000000000 2.5551671086
1823.5000000000 2.5530471391
1823.6000000000 2.5509408232
1823.7000000000 2.5529826996
1823.8000000000 2.5519431253
1823.9000000000 2.5507072894
1824.0000000000 2.5495589879
1824.1000000000 2.5496816465
1824.2000000000 2.5509668066
1824.3000000000 2.5515925558
1824.4000000000 2.5525424819
1824.5000000000 2.5574928069
1824.6000000000 2.5564831664
1824.7000000000 2.5555527076
1824.8000000000 2.5563735316
1824.9000000000 2.5566908973
1825.0000000000 2.5568371034
1825.1000000000 2.5572145127
1825.2000000000 2.5564499937
1825.3000000000 2.5558329405
1825.4000000000 2.5540874747
1825.5000000000 2.5542799636
1825.6000000000 2.5554471357
1825.7000000000 2.5578427637
1825.8000000000 2.5574089180
1825.9000000000 2.5577039578
1826.0000000000 2.5555661686
1826.1000000000 2.5572736917
1826.2000000000 2.5596146212
1826.3000000000 2.5579499528
1826.4000000000 2.5592118010
1826.5000000000 2.5577678526
1826.6000000000 2.5557616443
1826.7000000000 2.5570051646
1826.8000000000 2.5600102184
1826.9000000000 2.5588970062
1827.0000000000 2.5578223096
1827.1000000000 2.5546200496
1827.2000000000 2.5546333630
1827.3000000000 2.5558672932
1827.4000000000 2.5575643985
1827.5000000000 2.5579278697
1827.6000000000 2.5570472352
1827.7000000000 2.5591923072
1827.8000000000 2.5582281258
1827.9000000000 2.5547828555
1828.0000000000 2.5566008875
1828.1000000000 2.5557244425
1828.2000000000 2.5555005113
1828.3000000000 2.5519702937
1828.4000000000 2.5542645647
1828.5000000000 2.5544312869
1828.6000000000 2.5523271392
1828.7000000000 2.5532798053
1828.8000000000 2.5566731806
1828.9000000000 2.5546380815
1829.0000000000 2.5549545787
1829.1000000000 2.5555287025
1829.2000000000 2.5561438401
1829.3000000000 2.5574083742
1829.4000000000 2.5560225792
1829.5000000000 2.5561990140
1829.6000000000 2.5582104469
1829.7000000000 2.5568993037
1829.8000000000 2.5588442236
1829.9000000000 2.5564417272
1830.0000000000 2.5560258982
1830.1000000000 2.5576684803
1830.2000000000 2.5589342428
1830.3000000000 2.5585556139
1830.4000000000 2.5583977028
1830.5000000000 2.5570258434
1830.6000000000 2.5583761786
1830.7000000000 2.5604450238
1830.8000000000 2.5573423939
1830.9000000000 2.5565686322
1831.0000000000 2.5570585838
1831.1000000000 2.5556077190
1831.2000000000 2.5565481154
1831.3000000000 2.5549133330
1831.4000000000 2.5535356703
1831.5000000000 2.5542752579
1831.6000000000 2.5515272828
1831.7000000000 2.5537133184
1831.8000000000 2.5540359678
1831.9000000000 2.5492194141
1832.0000000000 2.5521025419
1832.1000000000 2.5548856770
1832.2000000000 2.5548480172
1832.3000000000 2.5547562487
1832.4000000000 2.5546592367
1832.5000000000 2.5566170885
1832.6000000000 2.5567957360
1832.7000000000 2.5599368812
1832.8000000000 2.5568041299
1832.9000000000 2.5581139474
1833.0000000000 2.5590050143
1833.1000000000 2.5565525880
1833.2000000000 2.5537988116
1833.3000000000 2.5532517826
1833.4000000000 2.5552896215
1833.5000000000 2.5544858431
1833.6000000000 2.5554762562
1833.7000000000 2.5557837984
1833.8000000000 2.5595866536
1833.9000000000 2.5582204286
1834.0000000000 2.5565478646
1834.1000000000 2.5561393048
1834.2000000000 2.5568109682
1834.3000000000 2.5581361207
1834.4000000000 2.5558269564
1834.5000000000 2.5567507200
1834.6000000000 2.5572286145
1834.7000000000 2.5570214753
1834.8000000000 2.5542144327
1834.9000000000 2.5530549603
1835.0000000000 2.5539829980
1835.1000000000 2.5548843450
1835.2000000000 2.5567449985
1835.3000000000 2.5549259040
1835.4000000000 2.5508282166
1835.5000000000 2.5525932563
1835.6000000000 2.5520439869
1835.7000000000 2.5531475152
1835.8000000000 2.5530750923
1835.9000000000 2.5534024579
1836.0000000000 2.5539287668
1836.1000000000 2.5539322388
1836.2000000000 2.5558138187
1836.3000000000 2.5533303527
1836.4000000000 2.5545561484
1836.5000000000 2.5544570440
1836.6000000000 2.5551488263
1836.7000000000 2.5600562650
1836.8000000000 2.5587581112
1836.9000000000 2.5566795606
1837.0000000000 2.5592037924
1837.1000000000 2.5581479858
1837.2000000000 2.5581570167
1837.3000000000 2.5595725493
1837.4000000000 2.5612638541
1837.5000000000 2.5603341557
1837.6000000000 2.5598247365
1837.7000000000 2.5610098499
1837.8000000000 2.5609018607
1837.9000000000 2.5608679444
1838.0000000000 2.5611261737
1838.1000000000 2.5600573549
1838.2000000000 2.5587167346
1838.3000000000 2.5583496066
1838.4000000000 2.5581932632
1838.5000000000 2.5590971127
1838.6000000000 2.5584587264
1838.7000000000 2.5603820989
1838.8000000000 2.5608439455
1838.9000000000 2.5576077112
1839.0000000000 2.5587526019
1839.1000000000 2.5586310871
1839.2000000000 2.5607294896
1839.3000000000 2.5632060268
1839.4000000000 2.5634001128
1839.5000000000 2.5621632472
1839.6000000000 2.5588311710
1839.7000000000 2.5593428761
1839.8000000000 2.5608982328
1839.9000000000 2.5632987580
1840.0000000000 2.5632986139
1840.1000000000 2.5654964793
1840.2000000000 2.5649733982
1840.3000000000 2.5647075481
1840.4000000000 2.5631655143
1840.5000000000 2.5614131717
1840.6000000000 2.5611668671
1840.7000000000 2.5629025184
1840.8000000000 2.5634540731
1840.9000000000 2.5616078589
1841.0000000000 2.5602120663
1841.1000000000 2.5595058863
1841.2000000000 2.5575910784
1841.3000000000 2.5574842953
1841.4000000000 2.5560066045
1841.5000000000 2.5569359547
1841.6000000000 2.5591929673
1841.7000000000 2.5573487077
1841.8000000000 2.5588462282
1841.9000000000 2.5608642036
1842.0000000000 2.5586750260
1842.1000000000 2.5568347904
1842.2000000000 2.5574421503
1842.3000000000 2.5565907066
1842.4000000000 2.5588392904
1842.5000000000 2.5586156873
1842.6000000000 2.5589038882
1842.7000000000 2.5586363355
1842.8000000000 2.5578359588
1842.9000000000 2.5568619932
1843.0000000000 2.5563825930
1843.1000000000 2.5547279308
1843.2000000000 2.5504968376
1843.3000000000 2.5502106193
1843.4000000000 2.5504155919
1843.5000000000 2.5502453714
1843.6000000000 2.5507825523
1843.7000000000 2.5500708328
1843.8000000000 2.5485603104
1843.9000000000 2.5465883334
1844.0000000000 2.5478862057
1844.1000000000 2.5497056134
1844.2000000000 2.5503275874
1844.3000000000 2.5493072905
1844.4000000000 2.5493033593
1844.5000000000 2.5516362686
1844.6000000000 2.5518253761
1844.7000000000 2.5506221030
1844.8000000000 2.5509811326
1844.9000000000 2.5535748376
1845.0000000000 2.5512056243
1845.1000000000 2.5537886698
1845.2000000000 2.5519581312
1845.3000000000 2.5553944166
1845.4000000000 2.5536455527
1845.5000000000 2.5567425433
1845.6000000000 2.5552494558
1845.7000000000 2.5569995769
1845.8000000000 2.5565769262
1845.9000000000 2.5573271981
1846.0000000000 2.5588596147
1846.1000000000 2.5602939502
1846.2000000000 2.5597327348
1846.3000000000 2.5594310489
1846.4000000000 2.5593525844
1846.5000000000 2.5574990533
1846.6000000000 2.5568626741
1846.7000000000 2.5551616307
1846.8000000000 2.5562004712
1846.9000000000 2.5572874896
1847.0000000000 2.5578637468
1847.1000000000 2.5557670720
1847.2000000000 2.5557455990
1847.3000000000 2.5549132462
1847.4000000000 2.5560229255
1847.5000000000 2.5573223650
1847.6000000000 2.5547475465
1847.7000000000 2.5531146390
1847.8000000000 2.5528198661
1847.9000000000 2.5569486614
1848.0000000000 2.5535681722
1848.1000000000 2.5552054793
1848.2000000000 2.5553655239
1848.3000000000 2.5543547710
1848.4000000000 2.5527870987
1848.5000000000 2.5547479207
1848.6000000000 2.5567895137
1848.7000000000 2.5585384080
1848.8000000000 2.5594081187
1848.9000000000 2.5586939846
1849.0000000000 2.5613157014
1849.1000000000 2.5617240208
1849.2000000000 2.5617477968
1849.3000000000 2.5600419797
1849.4000000000 2.5607610014
1849.5000000000 2.5642161606
1849.6000000000 2.5623605449
1849.7000000000 2.5639195885
1849.8000000000 2.5620147335
1849.9000000000 2.5638212865
1850.0000000000 2.5647696438
1850.1000000000 2.5659932570
1850.2000000000 2.5659762972
1850.3000000000 2.5632756874
1850.4000000000 2.5632927208
1850.5000000000 2.5641320464
1850.6000000000 2.5609937993
1850.7000000000 2.5629981894
1850.8000000000 2.5636221583
1850.9000000000 2.5649191658
1851.0000000000 2.5665754170
1851.1000000000 2.5697277908
1851.2000000000 2.5697999936
1851.3000000000 2.5707106050
1851.4000000000 2.5713136318
1851.5000000000 2.5757002071
1851.6000000000 2.5719754145
1851.7000000000 2.5687252768
1851.8000000000 2.5689715940
1851.9000000000 2.5702552944
1852.0000000000 2.5690877716
1852.1000000000 2.5670144694
1852.2000000000 2.5679131697
1852.3000000000 2.5665656004
1852.4000000000 2.5666120327
1852.5000000000 2.5694922494
1852.6000000000 2.5708345267
1852.7000000000 2.5703356927
1852.8000000000 2.5702720776
1852.9000000000 2.5698098666
1853.0000000000 2.5701413947
1853.1000000000 2.5690844150
1853.2000000000 2.5681637644
1853.3000000000 2.5695562591
1853.4000000000 2.5697740060
1853.5000000000 2.5702396789
1853.6000000000 2.5700007399
1853.7000000000 2.5709619027
1853.8000000000 2.5721872680
1853.9000000000 2.5732993887
1854.0000000000 2.5712430889
1854.1000000000 2.5731624921
1854.2000000000 2.5740310190
1854.3000000000 2.5749661445
1854.4000000000 2.5755440095
1854.5000000000 2.5742554605
1854.6000000000 2.5733657182
1854.7000000000 2.5736931409
1854.8000000000 2.5749265457
1854.9000000000 2.5734480178
1855.0000000000 2.5749535575
1855.1000000000 2.5754519375
1855.2000000000 2.5731431197
1855.3000000000 2.5726148635
1855.4000000000 2.5751281913
1855.5000000000 2.5744931812
1855.6000000000 2.5742755594
1855.7000000000 2.5750356133
1855.8000000000 2.5732619425
1855.9000000000 2.5744559665
1856.0000000000 2.5750076223
1856.1000000000 2.5757205552
1856.2000000000 2.5754999073
1856.3000000000 2.5756647565
1856.4000000000 2.5745154867
1856.5000000000 2.5753185096
1856.6000000000 2.5748593159
1856.7000000000 2.5767370030
1856.8000000000 2.5760747404
1856.9000000000 2.5789487041
1857.0000000000 2.5773776457
1857.1000000000 2.5780666370
1857.2000000000 2.5783208058
1857.3000000000 2.5764035605
1857.4000000000 2.5763723132
1857.5000000000 2.5743250301
1857.6000000000 2.5742017499
1857.7000000000 2.5747023563
1857.8000000000 2.5740014789
1857.9000000000 2.5745844427
1858.0000000000 2.5728394821
1858.1000000000 2.5729978251
1858.2000000000 2.5708075492
1858.3000000000 2.5700645556
1858.4000000000 2.5710196656
1858.5000000000 2.5709037260
1858.6000000000 2.5691953645
1858.7000000000 2.5707000408
1858.8000000000 2.5658801168
1858.9000000000 2.5676037106
1859.0000000000 2.5678214991
1859.1000000000 2.5680636277
1859.2000000000 2.5702670654
1859.3000000000 2.5681111675
1859.4000000000 2.5704347368
1859.5000000000 2.5698481929
1859.6000000000 2.5710476054
1859.7000000000 2.5707360518
1859.8000000000 2.5692792025
1859.9000000000 2.5694637355
1860.0000000000 2.5709569361
1860.1000000000 2.5698439351
1860.2000000000 2.5720205360
1860.3000000000 2.5703219392
1860.4000000000 2.5687002268
1860.5000000000 2.5727970723
1860.6000000000 2.5724121292
1860.7000000000 2.5716738109
1860.8000000000 2.5723963500
1860.9000000000 2.5723176541
1861.0000000000 2.5715112687
1861.1000000000 2.5734732840
1861.2000000000 2.5710284939
1861.3000000000 2.5698823890
1861.4000000000 2.5713626978
1861.5000000000 2.5740025827
1861.6000000000 2.5756281875
1861.7000000000 2.5760935890
1861.8000000000 2.5791170374
1861.9000000000 2.5764957450
1862.0000000000 2.5778041850
1862.1000000000 2.5729920160
1862.2000000000 2.5716938292
1862.3000000000 2.5682554571
1862.4000000000 2.5705775090
1862.5000000000 2.5705761394
1862.6000000000 2.5684324113
1862.7000000000 2.5705428326
1862.8000000000 2.5691019084
1862.9000000000 2.5678077872
1863.0000000000 2.5637275489
1863.1000000000 2.5653423608
1863.2000000000 2.5654802221
1863.3000000000 2.5671230455
1863.4000000000 2.5680743575
1863.5000000000 2.5714680053
1863.6000000000 2.5705536226
1863.7000000000 2.5695039169
1863.8000000000 2.5679955568
1863.9000000000 2.5690413787
1864.0000000000 2.5682769179
1864.1000000000 2.5681720308
1864.2000000000 2.5713156957
1864.3000000000 2.5696518984
1864.4000000000 2.5689117372
1864.5000000000 2.5694754796
1864.6000000000 2.5699939619
1864.7000000000 2.5699084488
1864.8000000000 2.5684743385
1864.9000000000 2.5660157419
1865.0000000000 2.5642128014
1865.1000000000 2.5627135544
1865.2000000000 2.5624086927
1865.3000000000 2.5606040798
1865.4000000000 2.5622980642
1865.5000000000 2.5637214524
1865.6000000000 2.5644534120
1865.7000000000 2.5631079749
1865.8000000000 2.5628367231
1865.9000000000 2.5629717844
1866.0000000000 2.5626443416
1866.1000000000 2.5651089211
1866.2000000000 2.5638921444
1866.3000000000 2.5667948847
1866.4000000000 2.5681409844
1866.5000000000 2.5688310199
1866.6000000000 2.5689296548
1866.7000000000 2.5690628132
1866.8000000000 2.5715927684
1866.9000000000 2.5707469877
1867.0000000000 2.5678571776
1867.1000000000 2.5614828118
1867.2000000000 2.5632771313
1867.3000000000 2.5619326288
1867.4000000000 2.5596458152
1867.5000000000 2.5605978545
1867.6000000000 2.5624263030
1867.7000000000 2.5578072189
1867.8000000000 2.5594432894
1867.9000000000 2.5588640216
1868.0000000000 2.5570777134
1868.1000000000 2.5576406719
1868.2000000000 2.5570877359
1868.3000000000 2.5566072070
1868.4000000000 2.5582384985
1868.5000000000 2.5549109427
1868.6000000000 2.5581706174
1868.7000000000 2.5585501017
1868.8000000000 2.5596366962
1868.9000000000 2.5578630168
1869.0000000000 2.5562209995
1869.1000000000 2.5569854790
1869.2000000000 2.5576398935
1869.3000000000 2.5585373940
1869.4000000000 2.5581310717
1869.5000000000 2.5576678015
1869.6000000000 2.5586798816
1869.7000000000 2.5604939735
1869.8000000000 2.5600969933
1869.9000000000 2.5586831302
1870.0000000000 2.5590139052
1870.1000000000 2.5609507687
1870.2000000000 2.5612918444
1870.3000000000 2.5585791470
1870.4000000000 2.5586637481
1870.5000000000 2.5571421670
1870.6000000000 2.5549068877
1870.7000000000 2.5552543515
1870.8000000000 2.5555377670
1870.9000000000 2.5576870412
1871.0000000000 2.5571367790
1871.1000000000 2.5611557914
1871.2000000000 2.5601450771
1871.3000000000 2.5608466927
1871.4000000000 2.5630638120
1871.5000000000 2.5596147468
1871.6000000000 2.5557733999
1871.7000000000 2.5560263890
1871.8000000000 2.5577354894
1871.9000000000 2.5547547544
1872.0000000000 2.5550454905
1872.1000000000 2.5544198599
1872.2000000000 2.5543255755
1872.3000000000 2.5555442040
1872.4000000000 2.5569048689
1872.5000000000 2.5536057257
1872.6000000000 2.5535558815
1872.7000000000 2.5530315337
1872.8000000000 2.5529940021
1872.9000000000 2.5534279322
1873.0000000000 2.5534281195
1873.1000000000 2.5523895668
1873.2000000000 2.5534767478
1873.3000000000 2.5523209692
1873.4000000000 2.5508218784
1873.5000000000 2.5498162479
1873.6000000000 2.5491459435
1873.7000000000 2.5479939125
1873.8000000000 2.5487230977
1873.9000000000 2.5450616720
1874.0000000000 2.5449930694
1874.1000000000 2.5454666294
1874.2000000000 2.5467402872
1874.3000000000 2.5455826896
1874.4000000000 2.5471619480
1874.5000000000 2.5451301687
1874.6000000000 2.5416407767
1874.7000000000 2.5412834196
1874.8000000000 2.5400317699
1874.9000000000 2.5405008365
1875.0000000000 2.5385726774
1875.1000000000 2.5403483234
1875.2000000000 2.5416452659
1875.3000000000 2.5389092877
1875.4000000000 2.5356970448
1875.5000000000 2.5337931707
1875.6000000000 2.5334658323
1875.7000000000 2.5349568118
1875.8000000000 2.5321740307
1875.9000000000 2.5351881673
1876.0000000000 2.5333646773
1876.1000000000 2.5345690583
1876.2000000000 2.5353987457
1876.3000000000 2.5303697545
1876.4000000000 2.5304558384
1876.5000000000 2.5306217498
1876.6000000000 2.5290990358
1876.7000000000 2.5278295947
1876.8000000000 2.5289257697
1876.9000000000 2.5283384128
1877.0000000000 2.5295487231
1877.1000000000 2.5288978098
1877.2000000000 2.5291118027
1877.3000000000 2.5311698157
1877.4000000000 2.5312284714
1877.5000000000 2.5307493576
1877.6000000000 2.5295721493
1877.7000000000 2.5289687669
1877.8000000000 2.5295821818
1877.9000000000 2.5281193131
1878.0000000000 2.5270922338
1878.1000000000 2.5273206568
1878.2000000000 2.5254245185
1878.3000000000 2.5274201214
1878.4000000000 2.5290869975
1878.5000000000 2.5292647061
1878.6000000000 2.5283791701
1878.7000000000 2.5297323927
1878.8000000000 2.5297226727
1878.9000000000 2.5279116608
1879.0000000000 2.5296794437
1879.1000000000 2.5290834022
1879.2000000000 2.5277691693
1879.3000000000 2.5282706536
1879.4000000000 2.5293198558
1879.5000000000 2.5302217594
1879.6000000000 2.5308005492
1879.7000000000 2.5293570285
1879.8000000000 2.5308798784
1879.9000000000 2.5312196683
1880.0000000000 2.5326997587
1880.1000000000 2.5325268054
1880.2000000000 2.5349417932
1880.3000000000 2.5348582228
1880.4000000000 2.5360348849
1880.5000000000 2.5346772835
1880.6000000000 2.5337188206
1880.7000000000 2.5351934690
1880.8000000000 2.5329104589
1880.9000000000 2.5334928195
1881.0000000000 2.5295538251
1881.1000000000 2.5328081528
1881.2000000000 2.5296880144
1881.3000000000 2.5303822691
1881.4000000000 2.5302946386
1881.5000000000 2.5330143076
1881.6000000000 2.5316743129
1881.7000000000 2.5327701108
1881.8000000000 2.5330403584
1881.9000000000 2.5325313462
1882.0000000000 2.5325431931
1882.1000000000 2.5350683882
1882.2000000000 2.5382141961
1882.3000000000 2.5347816293
1882.4000000000 2.5361327748
1882.5000000000 2.5337198694
1882.6000000000 2.5339637671
1882.7000000000 2.5326289890
1882.8000000000 2.5319799210
1882.9000000000 2.5331814874
1883.0000000000 2.5332763046
1883.1000000000 2.5333143060
1883.2000000000 2.5295881269
1883.3000000000 2.5276519443
1883.4000000000 2.5265032908
1883.5000000000 2.5263083924
1883.6000000000 2.5256236980
1883.7000000000 2.5257458828
1883.8000000000 2.5250805988
1883.9000000000 2.5265692640
1884.0000000000 2.5244086816
1884.1000000000 2.5250027570
1884.2000000000 2.5257567946
1884.3000000000 2.5250407558
1884.4000000000 2.5252662914
1884.5000000000 2.5242916251
1884.6000000000 2.5239130895
1884.7000000000 2.5231101051
1884.8000000000 2.5261921680
1884.9000000000 2.5270921608
1885.0000000000 2.5238928675
1885.1000000000 2.5254374832
1885.2000000000 2.5277891643
1885.3000000000 2.5276508514
1885.4000000000 2.5270833929
1885.5000000000 2.5273290688
1885.6000000000 2.5267641647
1885.7000000000 2.5273107479
1885.8000000000 2.5289323666
1885.9000000000 2.5289807916
1886.0000000000 2.5297941117
1886.1000000000 2.5310908921
1886.2000000000 2.5320940128
1886.3000000000 2.5317804282
1886.4000000000 2.5304916008
1886.5000000000 2.5300339481
1886.6000000000 2.5303855368
1886.7000000000 2.5313262360
1886.8000000000 2.5277634498
1886.9000000000 2.5285552928
1887.0000000000 2.5290995117
1887.1000000000 2.5308681026
1887.2000000000 2.5302945655
1887.3000000000 2.5295910460
1887.4000000000 2.5306536348
1887.5000000000 2.5306264641
1887.6000000000 2.5300731963
1887.7000000000 2.5319486264
1887.8000000000 2.5347338085
1887.9000000000 2.5305344216
1888.0000000000 2.5302564858
1888.1000000000 2.5314980564
1888.2000000000 2.5329834140
1888.3000000000 2.5317984188
1888.4000000000 2.5323695756
1888.5000000000 2.5294736043
1888.6000000000 2.5326465530
1888.7000000000 2.5298190253
1888.8000000000 2.5303311139
1888.9000000000 2.5291976054
1889.0000000000 2.5305703227
1889.1000000000 2.5294708124
1889.2000000000 2.5276140026
1889.3000000000 2.5268598410
1889.4000000000 2.5254386238
1889.5000000000 2.5238582765
1889.6000000000 2.5226524677
1889.7000000000 2.5228719035
1889.8000000000 2.5233442872
1889.9000000000 2.5240562425
1890.0000000000 2.5257418132
1890.1000000000 2.5274338640
1890.2000000000 2.5272024226
1890.3000000000 2.5286940933
1890.4000000000 2.5278031958
1890.5000000000 2.5271589296
1890.6000000000 2.5274452248
1890.7000000000 2.5287605474
1890.8000000000 2.5283316901
1890.9000000000 2.5301148413
1891.0000000000 2.5301035834
1891.1000000000 2.5281998410
1891.2000000000 2.5279619713
1891.3000000000 2.5295160909
1891.4000000000 2.5273010396
1891.5000000000 2.5240418309
1891.6000000000 2.5245500287
1891.7000000000 2.5255381342
1891.8000000000 2.5271225982
1891.9000000000 2.5267013822
1892.0000000000 2.5261119374
1892.1000000000 2.5236179125
1892.2000000000 2.5238759330
1892.3000000000 2.5244044558
1892.4000000000 2.5258708226
1892.5000000000 2.5253033963
1892.6000000000 2.5260675906
1892.7000000000 2.5263003364
1892.8000000000 2.5243708264
1892.9000000000 2.5270548864
1893.0000000000 2.5266556159
1893.1000000000 2.5258139080
1893.2000000000 2.5267407610
1893.3000000000 2.5272350595
1893.4000000000 2.5282924123
1893.5000000000 2.5309783664
1893.6000000000 2.5305791239
1893.7000000000 2.5262513116
1893.8000000000 2.5263064621
1893.9000000000 2.5268691828
1894.0000000000 2.5264668268
1894.1000000000 2.5293181318
1894.2000000000 2.5279982083
1894.3000000000 2.5301570583
1894.4000000000 2.5317258641
1894.5000000000 2.5292489916
1894.6000000000 2.5297809598
1894.7000000000 2.5293025177
1894.8000000000 2.5289142448
1894.9000000000 2.5294662311
1895.0000000000 2.5295048952
1895.1000000000 2.5281924731
1895.2000000000 2.5271149166
1895.3000000000 2.5292337878
1895.4000000000 2.5321237883
1895.5000000000 2.5339521956
1895.6000000000 2.5339558697
1895.7000000000 2.5328743183
1895.8000000000 2.5340418441
1895.9000000000 2.5307465077
1896.0000000000 2.5354758928
1896.1000000000 2.5343367771
1896.2000000000 2.5340266300
1896.3000000000 2.5330895100
1896.4000000000 2.5334749957
1896.5000000000 2.5349309559
1896.6000000000 2.5374597470
1896.7000000000 2.5368449266
1896.8000000000 2.5379386328
1896.9000000000 2.5382071913
1897.0000000000 2.5404257097
1897.1000000000 2.5407011620
1897.2000000000 2.5400569834
1897.3000000000 2.5409608999
1897.4000000000 2.5398901964
1897.5000000000 2.5401701936
1897.6000000000 2.5385102409
1897.7000000000 2.5393818693
1897.8000000000 2.5406741943
1897.9000000000 2.5400941009
1898.0000000000 2.5377611377
1898.1000000000 2.5377281836
1898.2000000000 2.5359396191
1898.3000000000 2.5367235272
1898.4000000000 2.5398390446
1898.5000000000 2.5403662123
1898.6000000000 2.5417832795
1898.7000000000 2.5401167025
1898.8000000000 2.5397357644
1898.9000000000 2.5425690955
1899.0000000000 2.5407931375
1899.1000000000 2.5410162523
1899.2000000000 2.5444706842
1899.3000000000 2.5424544121
1899.4000000000 2.5373926865
1899.5000000000 2.5382538461
1899.6000000000 2.5381926718
1899.7000000000 2.5404776802
1899.8000000000 2.5409957377
1899.9000000000 2.5415647014
1900.0000000000 2.5399742431
1900.1000000000 2.5415741241
1900.2000000000 2.5400706644
1900.3000000000 2.5422044457
1900.4000000000 2.5403601648
1900.5000000000 2.5414100108
1900.6000000000 2.5425003170
1900.7000000000 2.5421522094
1900.8000000000 2.5405442140
1900.9000000000 2.5423097035
1901.0000000000 2.5412337596
1901.1000000000 2.5409552995
1901.2000000000 2.5386739019
1901.3000000000 2.5370545875
1901.4000000000 2.5349287839
1901.5000000000 2.5328539788
1901.6000000000 2.5324329560
1901.7000000000 2.5323160736
1901.8000000000 2.5322369618
1901.9000000000 2.5321115949
1902.0000000000 2.5318388227
1902.1000000000 2.5301260438
1902.2000000000 2.5329926233
1902.3000000000 2.5351457521
1902.4000000000 2.5326889240
1902.5000000000 2.5342504346
1902.6000000000 2.5335997086
1902.7000000000 2.5337743245
1902.8000000000 2.5347023169
1902.9000000000 2.5345256270
1903.0000000000 2.5341631927
1903.1000000000 2.5352089441
1903.2000000000 2.5346485099
1903.3000000000 2.5335553551
1903.4000000000 2.5311935639
1903.5000000000 2.5308680996
1903.6000000000 2.5321159983
1903.7000000000 2.5322873083
1903.8000000000 2.5307410404
1903.9000000000 2.5295069889
1904.0000000000 2.5307133142
1904.1000000000 2.5294098773
1904.2000000000 2.5262789692
1904.3000000000 2.5263205201
1904.4000000000 2.5263009801
1904.5000000000 2.5265827214
1904.6000000000 2.5263044243
1904.7000000000 2.5244375535
1904.8000000000 2.5255707481
1904.9000000000 2.5260541693
1905.0000000000 2.5250246886
1905.1000000000 2.5264094363
1905.2000000000 2.5266594215
1905.3000000000 2.5247173952
1905.4000000000 2.5261476658
1905.5000000000 2.5237947626
1905.6000000000 2.5269771840
1905.7000000000 2.5266573621
1905.8000000000 2.5262560303
1905.9000000000 2.5273750019
1906.0000000000 2.5267104867
1906.1000000000 2.5243541948
1906.2000000000 2.5250062823
1906.3000000000 2.5251460607
1906.4000000000 2.5245404778
1906.5000000000 2.5263848795
1906.6000000000 2.5252961151
1906.7000000000 2.5277809337
1906.8000000000 2.5243308506
1906.9000000000 2.5261808187
1907.0000000000 2.5248692193
1907.1000000000 2.5251993114
1907.2000000000 2.5244593491
1907.3000000000 2.5255419785
1907.4000000000 2.5226947040
1907.5000000000 2.5242328605
1907.6000000000 2.5240599443
1907.7000000000 2.5250128096
1907.8000000000 2.5226861058
1907.9000000000 2.5250339395
1908.0000000000 2.5277340839
1908.1000000000 2.5273105225
1908.2000000000 2.5263914731
1908.3000000000 2.5272683352
1908.4000000000 2.5274499517
1908.5000000000 2.5278171886
1908.6000000000 2.5266772057
1908.7000000000 2.5265157581
1908.8000000000 2.5255589347
1908.9000000000 2.5255972221
1909.0000000000 2.5269610653
1909.1000000000 2.5262071300
1909.2000000000 2.5257505526
1909.3000000000 2.5265814971
1909.4000000000 2.5285790622
1909.5000000000 2.5275161654
1909.6000000000 2.5287174446
1909.7000000000 2.5283253414
1909.8000000000 2.5266098967
1909.9000000000 2.5275173693
1910.0000000000 2.5314285741
1910.1000000000 2.5326492383
1910.2000000000 2.5302900311
1910.3000000000 2.5324020913
1910.4000000000 2.5332204686
1910.5000000000 2.5334020820
1910.6000000000 2.5324608427
1910.7000000000 2.5304048105
1910.8000000000 2.5320056854
1910.9000000000 2.5317693135
1911.0000000000 2.5330471997
1911.1000000000 2.5340860957
1911.2000000000 2.5374287029
1911.3000000000 2.5367203308
1911.4000000000 2.5363067302
1911.5000000000 2.5380256538
1911.6000000000 2.5389364284
1911.7000000000 2.5380150077
1911.8000000000 2.5357769747
1911.9000000000 2.5347730156
1912.0000000000 2.5353614205
1912.1000000000 2.5364367867
1912.2000000000 2.5392110710
1912.3000000000 2.5373207002
1912.4000000000 2.5389841473
1912.5000000000 2.5402714622
1912.6000000000 2.5409884358
1912.7000000000 2.5421673322
1912.8000000000 2.5439223161
1912.9000000000 2.5423880679
1913.0000000000 2.5442534843
1913.1000000000 2.5448913398
1913.2000000000 2.5458832100
1913.3000000000 2.5460331213
1913.4000000000 2.5444189123
1913.5000000000 2.5471034878
1913.6000000000 2.5481225282
1913.7000000000 2.5466525786
1913.8000000000 2.5478669734
1913.9000000000 2.5478681730
1914.0000000000 2.5494826142
1914.1000000000 2.5504843101
1914.2000000000 2.5514782963
1914.3000000000 2.5524343691
1914.4000000000 2.5526261896
1914.5000000000 2.5548039118
1914.6000000000 2.5537245980
1914.7000000000 2.5549919947
1914.8000000000 2.5560043771
1914.9000000000 2.5559440762
1915.0000000000 2.5558616800
1915.1000000000 2.5564941270
1915.2000000000 2.5558309580
1915.3000000000 2.5555196866
1915.4000000000 2.5546258309
1915.5000000000 2.5551435719
1915.6000000000 2.5528215986
1915.7000000000 2.5550019566
1915.8000000000 2.5514148512
1915.9000000000 2.5528324612
1916.0000000000 2.5531191772
1916.1000000000 2.5506149056
1916.2000000000 2.5506768457
1916.3000000000 2.5503322759
1916.4000000000 2.5504894667
1916.5000000000 2.5512375275
1916.6000000000 2.5536524285
1916.7000000000 2.5560564080
1916.8000000000 2.5547574382
1916.9000000000 2.5554952774
1917.0000000000 2.5553427781
1917.1000000000 2.5536552736
1917.2000000000 2.5572462804
1917.3000000000 2.5570202763
1917.4000000000 2.5572634418
1917.5000000000 2.5557747471
1917.6000000000 2.5548624556
1917.7000000000 2.5563078680
1917.8000000000 2.5561928103
1917.9000000000 2.5568755268
1918.0000000000 2.5556128943
1918.1000000000 2.5551837106
1918.2000000000 2.5560448471
1918.3000000000 2.5556478997
1918.4000000000 2.5579720160
1918.5000000000 2.5560190567
1918.6000000000 2.5589191509
1918.7000000000 2.5599098288
1918.8000000000 2.5592100697
1918.9000000000 2.5588349274
1919.0000000000 2.5580749912
1919.1000000000 2.5539594338
1919.2000000000 2.5576239358
1919.3000000000 2.5599683514
1919.4000000000 2.5603209865
1919.5000000000 2.5596223091
1919.6000000000 2.5606254999
1919.7000000000 2.5588918746
1919.8000000000 2.5579604949
1919.9000000000 2.5594164101
1920.0000000000 2.5563203468
1920.1000000000 2.5582136784
1920.2000000000 2.5612559243
1920.3000000000 2.5597626463
1920.4000000000 2.5602853068
1920.5000000000 2.5605801817
1920.6000000000 2.5605146336
1920.7000000000 2.5612308425
1920.8000000000 2.5629868388
1920.9000000000 2.5635114266
1921.0000000000 2.5638439368
1921.1000000000 2.5632024902
1921.2000000000 2.5632328944
1921.3000000000 2.5649684096
1921.4000000000 2.5648082186
1921.5000000000 2.5642668525
1921.6000000000 2.5659330434
1921.7000000000 2.5675224685
1921.8000000000 2.5651701143
1921.9000000000 2.5613792638
1922.0000000000 2.5628028449
1922.1000000000 2.5624047559
1922.2000000000 2.5623032798
1922.3000000000 2.5638394660
1922.4000000000 2.5632138963
1922.5000000000 2.5645809488
1922.6000000000 2.5634984077
1922.7000000000 2.5650642487
1922.8000000000 2.5629519841
1922.9000000000 2.5648507212
1923.0000000000 2.5639423891
1923.1000000000 2.5660800016
1923.2000000000 2.5615455222
1923.3000000000 2.5609744531
1923.4000000000 2.5603793191
1923.5000000000 2.5628679771
1923.6000000000 2.5626134490
1923.7000000000 2.5621767201
1923.8000000000 2.5647399572
1923.9000000000 2.5652900078
1924.0000000000 2.5631022879
1924.1000000000 2.5607740257
1924.2000000000 2.5594919576
1924.3000000000 2.5569337471
1924.4000000000 2.5550932420
1924.5000000000 2.5592436421
1924.6000000000 2.5594402622
1924.7000000000 2.5595892718
1924.8000000000 2.5585427254
1924.9000000000 2.5576881737
1925.0000000000 2.5582689803
1925.1000000000 2.5582702587
1925.2000000000 2.5595389666
1925.3000000000 2.5592606346
1925.4000000000 2.5600995536
1925.5000000000 2.5577433741
1925.6000000000 2.5585461958
1925.7000000000 2.5578177917
1925.8000000000 2.5555636688
1925.9000000000 2.5573261173
1926.0000000000 2.5555552899
1926.1000000000 2.5571539935
1926.2000000000 2.5585980192
1926.3000000000 2.5571233025
1926.4000000000 2.5562514013
1926.5000000000 2.5547402650
1926.6000000000 2.5546361397
1926.7000000000 2.5556106894
1926.8000000000 2.5572709090
1926.9000000000 2.5534670409
1927.0000000000 2.5549255142
1927.1000000000 2.5546313338
1927.2000000000 2.5552972884
1927.3000000000 2.5560201854
1927.4000000000 2.5548473410
1927.5000000000 2.5568451182
1927.6000000000 2.5573303266
1927.7000000000 2.5573911755
1927.8000000000 2.5569219462
1927.9000000000 2.5589978440
1928.0000000000 2.5588397792
1928.1000000000 2.5589024980
1928.2000000000 2.5591462319
1928.3000000000 2.5600606633
1928.4000000000 2.5600210072
1928.5000000000 2.5607342198
1928.6000000000 2.5605974396
1928.7000000000 2.5619671523
1928.8000000000 2.5600569497
1928.9000000000 2.5620216420
1929.0000000000 2.5592651703
1929.1000000000 2.5590855244
1929.2000000000 2.5579226967
1929.3000000000 2.5567759421
1929.4000000000 2.5602355052
1929.5000000000 2.5617011418
1929.6000000000 2.5607897535
1929.7000000000 2.5576190329
1929.8000000000 2.5560196057
1929.9000000000 2.5555976523
1930.0000000000 2.5561877808
1930.1000000000 2.5604508107
1930.2000000000 2.5579837611
1930.3000000000 2.5574784310
1930.4000000000 2.5579274869
1930.5000000000 2.5560384425
1930.6000000000 2.5570653500
1930.7000000000 2.5587187543
1930.8000000000 2.5571930831
1930.9000000000 2.5550493814
1931.0000000000 2.5556537151
1931.1000000000 2.5559330921
1931.2000000000 2.5586269257
1931.3000000000 2.5578824456
1931.4000000000 2.5580032437
1931.5000000000 2.5569883860
1931.6000000000 2.5557295825
1931.7000000000 2.5581463715
1931.8000000000 2.5582201801
1931.9000000000 2.5579589966
1932.0000000000 2.5609208860
1932.1000000000 2.5630575962
1932.2000000000 2.5617690244
1932.3000000000 2.5600599735
1932.4000000000 2.5607298603
1932.5000000000 2.5630343167
1932.6000000000 2.5608767828
1932.7000000000 2.5610362211
1932.8000000000 2.5620971095
1932.9000000000 2.5624184833
1933.0000000000 2.5644414696
1933.1000000000 2.5618677470
1933.2000000000 2.5628050051
1933.3000000000 2.5611099842
1933.4000000000 2.5625729687
1933.5000000000 2.5626435893
1933.6000000000 2.5628010557
1933.7000000000 2.5644294306
1933.8000000000 2.5651306974
1933.9000000000 2.5623907100
1934.0000000000 2.5604887848
1934.1000000000 2.5592945471
1934.2000000000 2.5585924321
1934.3000000000 2.5589235044
1934.4000000000 2.5607231243
1934.5000000000 2.5631994196
1934.6000000000 2.5654300188
1934.7000000000 2.5635015784
1934.8000000000 2.5615301161
1934.9000000000 2.5630944926
1935.0000000000 2.5597223244
1935.1000000000 2.5582431138
1935.2000000000 2.5588072581
1935.3000000000 2.5569094627
1935.4000000000 2.5570577683
1935.5000000000 2.5569823473
1935.6000000000 2.5557914982
1935.7000000000 2.5575428521
1935.8000000000 2.5579144746
1935.9000000000 2.5582272381
1936.0000000000 2.5562937521
1936.1000000000 2.5559910891
1936.2000000000 2.5555981289
1936.3000000000 2.5577010300
1936.4000000000 2.5580611225
1936.5000000000 2.5574528979
1936.6000000000 2.5571902020
1936.7000000000 2.5590143562
1936.8000000000 2.5572267023
1936.9000000000 2.5571949294
1937.0000000000 2.5556476401
1937.1000000000 2.5566586994
1937.2000000000 2.5596190344
1937.3000000000 2.5592413324
1937.4000000000 2.5600862992
1937.5000000000 2.5601130143
1937.6000000000 2.5605690186
1937.7000000000 2.5629613748
1937.8000000000 2.5643179742
1937.9000000000 2.5668659738
1938.0000000000 2.5659235457
1938.1000000000 2.5637914800
1938.2000000000 2.5618354910
1938.3000000000 2.5632574937
1938.4000000000 2.5629881513
1938.5000000000 2.5642785910
1938.6000000000 2.5657503078
1938.7000000000 2.5600919577
1938.8000000000 2.5607363129
1938.9000000000 2.5606892835
1939.0000000000 2.5599116950
1939.1000000000 2.5586052147
1939.2000000000 2.5603109569
1939.3000000000 2.5588361095
1939.4000000000 2.5592556431
1939.5000000000 2.5590042786
1939.6000000000 2.5584013766
1939.7000000000 2.5570164314
1939.8000000000 2.5557631234
1939.9000000000 2.5552726268
1940.0000000000 2.5555254700
1940.1000000000 2.5588499987
1940.2000000000 2.5574302781
1940.3000000000 2.5603688924
1940.4000000000 2.5613564013
1940.5000000000 2.5616964192
1940.6000000000 2.5605815726
1940.7000000000 2.5586443148
1940.8000000000 2.5527304777
1940.9000000000 2.5545323989
1941.0000000000 2.5540327639
1941.1000000000 2.5532844256
1941.2000000000 2.5534893401
1941.3000000000 2.5520090407
1941.4000000000 2.5526505108
1941.5000000000 2.5541117162
1941.6000000000 2.5541565290
1941.7000000000 2.5551027396
1941.8000000000 2.5550199220
1941.9000000000 2.5536388207
1942.0000000000 2.5551032886
1942.1000000000 2.5545528656
1942.2000000000 2.5556982494
1942.3000000000 2.5558651210
1942.4000000000 2.5553831250
1942.5000000000 2.5573614780
1942.6000000000 2.5576693134
1942.7000000000 2.5577316616
1942.8000000000 2.5579985197
1942.9000000000 2.5595701822
1943.0000000000 2.5594045954
1943.1000000000 2.5608761632
1943.2000000000 2.5589703756
1943.3000000000 2.5587917474
1943.4000000000 2.5587813630
1943.5000000000 2.5584525447
1943.6000000000 2.5590040307
1943.7000000000 2.5576358035
1943.8000000000 2.5572697776
1943.9000000000 2.5567579701
1944.0000000000 2.5529322533
1944.1000000000 2.5526850204
1944.2000000000 2.5517053235
1944.3000000000 2.5506864940
1944.4000000000 2.5520402564
1944.5000000000 2.5534300835
1944.6000000000 2.5541392541
1944.7000000000 2.5557609685
1944.8000000000 2.5540085696
1944.9000000000 2.5545359119
1945.0000000000 2.5573644576
1945.1000000000 2.5566127746
1945.2000000000 2.5549490847
1945.3000000000 2.5542791869
1945.4000000000 2.5560894982
1945.5000000000 2.5568180651
1945.6000000000 2.5574642615
1945.7000000000 2.5573919887
1945.8000000000 2.5572520276
1945.9000000000 2.5571458246
1946.0000000000 2.5595793741
1946.1000000000 2.5567592635
1946.2000000000 2.5579751051
1946.3000000000 2.5545925094
1946.4000000000 2.5540363809
1946.5000000000 2.5542458658
1946.6000000000 2.5532017135
1946.7000000000 2.5529660392
1946.8000000000 2.5546555498
1946.9000000000 2.5521345450
1947.0000000000 2.5518606996
1947.1000000000 2.5521590575
1947.2000000000 2.5518795797
1947.3000000000 2.5507481920
1947.4000000000 2.5498870219
1947.5000000000 2.5512267425
1947.6000000000 2.5511361710
1947.7000000000 2.5495712772
1947.8000000000 2.5484033711
1947.9000000000 2.5507458959
1948.0000000000 2.5507964951
1948.1000000000 2.5518702606
1948.2000000000 2.5518190020
1948.3000000000 2.5519744994
1948.4000000000 2.5539198494
1948.5000000000 2.5535842689
1948.6000000000 2.5538736413
1948.7000000000 2.5541342134
1948.8000000000 2.5537212003
1948.9000000000 2.5536527351
1949.0000000000 2.5530824225
1949.1000000000 2.5505655406
1949.2000000000 2.5515106839
1949.3000000000 2.5515016884
1949.4000000000 2.5508857117
1949.5000000000 2.5495497886
1949.6000000000 2.5511769191
1949.7000000000 2.5522598859
1949.8000000000 2.5564976504
1949.9000000000 2.5571133583
1950.0000000000 2.5560477246
1950.1000000000 2.5528337190
1950.2000000000 2.5532743043
1950.3000000000 2.5534184438
1950.4000000000 2.5525943426
1950.5000000000 2.5553051869
1950.6000000000 2.5526695351
1950.7000000000 2.5533009848
1950.8000000000 2.5555953150
1950.9000000000 2.5578208261
1951.0000000000 2.5546445165
1951.1000000000 2.5517013337
1951.2000000000 2.5505182692
1951.3000000000 2.5502012077
1951.4000000000 2.5495833373
1951.5000000000 2.5478788062
1951.6000000000 2.5492328301
1951.7000000000 2.5484988745
1951.8000000000 2.5478556684
1951.9000000000 2.5499657153
1952.0000000000 2.5472572640
1952.1000000000 2.5489264989
1952.2000000000 2.5499778107
1952.3000000000 2.5515578174
1952.4000000000 2.5510160607
1952.5000000000 2.5506211359
1952.6000000000 2.5496138861
1952.7000000000 2.5520809195
1952.8000000000 2.5527120714
1952.9000000000 2.5535619383
1953.0000000000 2.5550733884
1953.1000000000 2.5550698254
1953.2000000000 2.5597634224
1953.3000000000 2.5606452828
1953.4000000000 2.5637128403
1953.5000000000 2.5660571042
1953.6000000000 2.5653501310
1953.7000000000 2.5644892273
1953.8000000000 2.5635119754
1953.9000000000 2.5652840902
1954.0000000000 2.5655797170
1954.1000000000 2.5666183629
1954.2000000000 2.5665776260
1954.3000000000 2.5683738633
1954.4000000000 2.5721914224
1954.5000000000 2.5696808220
1954.6000000000 2.5690388851
1954.7000000000 2.5691493859
1954.8000000000 2.5682297994
1954.9000000000 2.5713570328
1955.0000000000 2.5706129202
1955.1000000000 2.5711738145
1955.2000000000 2.5713078828
1955.3000000000 2.5702585730
1955.4000000000 2.5715154092
1955.5000000000 2.5705296734
1955.6000000000 2.5707424575
1955.7000000000 2.5703426463
1955.8000000000 2.5692391279
1955.9000000000 2.5660187625
1956.0000000000 2.5661535206
1956.1000000000 2.5686829401
1956.2000000000 2.5671702210
1956.3000000000 2.5698898290
1956.4000000000 2.5646094393
1956.5000000000 2.5665728406
1956.6000000000 2.5652449657
1956.7000000000 2.5647028524
1956.8000000000 2.5613364789
1956.9000000000 2.5601924383
1957.0000000000 2.5623124726
1957.1000000000 2.5610544940
1957.2000000000 2.5620584280
1957.3000000000 2.5598989618
1957.4000000000 2.5605911960
1957.5000000000 2.5601222127
1957.6000000000 2.5582018665
1957.7000000000 2.5589624507
1957.8000000000 2.5581525070
1957.9000000000 2.5601111889
1958.0000000000 2.5620447678
1958.1000000000 2.5629965978
1958.2000000000 2.5632468620
1958.3000000000 2.5625396454
1958.4000000000 2.5647583545
1958.5000000000 2.5637949015
1958.6000000000 2.5598099304
1958.7000000000 2.5570645319
1958.8000000000 2.5587025250
1958.9000000000 2.5590942665
1959.0000000000 2.5610048854
1959.1000000000 2.5598558687
1959.2000000000 2.5583310788
1959.3000000000 2.5602768434
1959.4000000000 2.5599384383
1959.5000000000 2.5585774423
1959.6000000000 2.5593492773
1959.7000000000 2.5602861975
1959.8000000000 2.5602102770
1959.9000000000 2.5596806312
1960.0000000000 2.5619306760
1960.1000000000 2.5606365341
1960.2000000000 2.5599282119
1960.3000000000 2.5600876427
1960.4000000000 2.5597743056
1960.5000000000 2.5579714281
1960.6000000000 2.5559637059
1960.7000000000 2.5540656038
1960.8000000000 2.5551267364
1960.9000000000 2.5555129589
1961.0000000000 2.5534108588
1961.1000000000 2.5518350785
1961.2000000000 2.5537869628
1961.3000000000 2.5522891197
1961.4000000000 2.5535581860
1961.5000000000 2.5541140897
1961.6000000000 2.5547994299
1961.7000000000 2.5556902262
1961.8000000000 2.5531842853
1961.9000000000 2.5547413268
1962.0000000000 2.5550987860
1962.1000000000 2.5548565739
1962.2000000000 2.5521326685
1962.3000000000 2.5536249413
1962.4000000000 2.5536227863
1962.5000000000 2.5528483390
1962.6000000000 2.5544215596
1962.7000000000 2.5535380167
1962.8000000000 2.5542487850
1962.9000000000 2.5525993539
1963.0000000000 2.5522979271
1963.1000000000 2.5522792084
1963.2000000000 2.5509912895
1963.3000000000 2.5513384768
1963.4000000000 2.5520460326
1963.5000000000 2.5472811232
1963.6000000000 2.5466067226
1963.7000000000 2.5458367499
1963.8000000000 2.5464424035
1963.9000000000 2.5489361543
1964.0000000000 2.5471802231
1964.1000000000 2.5470683407
1964.2000000000 2.5465013737
1964.3000000000 2.5465804837
1964.4000000000 2.5483878187
1964.5000000000 2.5468257544
1964.6000000000 2.5464977895
1964.7000000000 2.5442229732
1964.8000000000 2.5436179116
1964.9000000000 2.5435276307
1965.0000000000 2.5445369173
1965.1000000000 2.5450176608
1965.2000000000 2.5428822235
1965.3000000000 2.5445013232
1965.4000000000 2.5456071431
1965.5000000000 2.5437504924
1965.6000000000 2.5431315547
1965.7000000000 2.5445365208
1965.8000000000 2.5432923622
1965.9000000000 2.5419529185
1966.0000000000 2.5425589922
1966.1000000000 2.5411211128
1966.2000000000 2.5410197945
1966.3000000000 2.5360638252
1966.4000000000 2.5357415330
1966.5000000000 2.5348414961
1966.6000000000 2.5333410372
1966.7000000000 2.5333717685
1966.8000000000 2.5321408877
1966.9000000000 2.5334155632
1967.0000000000 2.5338944960
1967.1000000000 2.5333331679
1967.2000000000 2.5305466623
1967.3000000000 2.5321976519
1967.4000000000 2.5347994910
1967.5000000000 2.5348041740
1967.6000000000 2.5341344603
1967.7000000000 2.5335374727
1967.8000000000 2.5348028852
1967.9000000000 2.5355642764
1968.0000000000 2.5366991213
1968.1000000000 2.5353357839
1968.2000000000 2.5352203289
1968.3000000000 2.5348681805
1968.4000000000 2.5345786710
1968.5000000000 2.5376080289
1968.6000000000 2.5380626430
1968.7000000000 2.5360730071
1968.8000000000 2.5340275279
1968.9000000000 2.5368986199
1969.0000000000 2.5399993664
1969.1000000000 2.5389591155
1969.2000000000 2.5385871084
1969.3000000000 2.5387979797
1969.4000000000 2.5379374395
1969.5000000000 2.5381682485
1969.6000000000 2.5395841050
1969.7000000000 2.5394732230
1969.8000000000 2.5396144188
1969.9000000000 2.5384628958
1970.0000000000 2.5424937860
1970.1000000000 2.5398935712
1970.2000000000 2.5399881329
1970.3000000000 2.5409437765
1970.4000000000 2.5437311794
1970.5000000000 2.5462948553
1970.6000000000 2.5461525538
1970.7000000000 2.5454946073
1970.8000000000 2.5449470472
1970.9000000000 2.5438652123
1971.0000000000 2.5431506556
1971.1000000000 2.5417913099
1971.2000000000 2.5411245713
1971.3000000000 2.5395775749
1971.4000000000 2.5399655001
1971.5000000000 2.5395955380
1971.6000000000 2.5393831238
1971.7000000000 2.5401644040
1971.8000000000 2.5384027747
1971.9000000000 2.5360190584
1972.0000000000 2.5364714321
1972.1000000000 2.5359719144
1972.2000000000 2.5374783564
1972.3000000000 2.5416990766
1972.4000000000 2.5395408640
1972.5000000000 2.5378963963
1972.6000000000 2.5369744326
1972.7000000000 2.5371170043
1972.8000000000 2.5391251963
1972.9000000000 2.5378976181
1973.0000000000 2.5394675648
1973.1000000000 2.5393938216
1973.2000000000 2.5406891095
1973.3000000000 2.5411702897
1973.4000000000 2.5410550652
1973.5000000000 2.5395986906
1973.6000000000 2.5402621001
1973.7000000000 2.5398780865
1973.8000000000 2.5386615322
1973.9000000000 2.5414496784
1974.0000000000 2.5398687015
1974.1000000000 2.5400392817
1974.2000000000 2.5349567051
1974.3000000000 2.5357322684
1974.4000000000 2.5347305311
1974.5000000000 2.5338531222
1974.6000000000 2.5365103741
1974.7000000000 2.5384978366
1974.8000000000 2.5402538119
1974.9000000000 2.5392947439
1975.0000000000 2.5409407880
1975.1000000000 2.5402134884
1975.2000000000 2.5396967398
1975.3000000000 2.5432118642
1975.4000000000 2.5421398026
1975.5000000000 2.5405166643
1975.6000000000 2.5418686110
1975.7000000000 2.5410819844
1975.8000000000 2.5393203858
1975.9000000000 2.5397660696
1976.0000000000 2.5406123794
1976.1000000000 2.5408066258
1976.2000000000 2.5406951535
1976.3000000000 2.5419828282
1976.4000000000 2.5408956353
1976.5000000000 2.5402383720
1976.6000000000 2.5415680980
1976.7000000000 2.5437086808
1976.8000000000 2.5448600074
1976.9000000000 2.5432027670
1977.0000000000 2.5430805618
1977.1000000000 2.5434837928
1977.2000000000 2.5428069621
1977.3000000000 2.5428285955
1977.4000000000 2.5428374692
1977.5000000000 2.5435328563
1977.6000000000 2.5434015545
1977.7000000000 2.5413477686
1977.8000000000 2.5403068324
1977.9000000000 2.5411751687
1978.0000000000 2.5428401863
1978.1000000000 2.5414886220
1978.2000000000 2.5402755481
1978.3000000000 2.5420618232
1978.4000000000 2.5413090480
1978.5000000000 2.5425962261
1978.6000000000 2.5437394059
1978.7000000000 2.5460492348
1978.8000000000 2.5473640826
1978.9000000000 2.5466855093
1979.0000000000 2.5471000018
1979.1000000000 2.5493913638
1979.2000000000 2.5487643600
1979.3000000000 2.5478470137
1979.4000000000 2.5476722616
1979.5000000000 2.5479583851
1979.6000000000 2.5489205928
1979.7000000000 2.5473550347
1979.8000000000 2.5477635317
1979.9000000000 2.5463582719
1980.0000000000 2.5451807717
1980.1000000000 2.5475846227
1980.2000000000 2.5492337960
1980.3000000000 2.5468961458
1980.4000000000 2.5468144419
1980.5000000000 2.5453046394
1980.6000000000 2.5472708244
1980.7000000000 2.5461366608
1980.8000000000 2.5442513370
1980.9000000000 2.5448254724
1981.0000000000 2.5446113081
1981.1000000000 2.5442145349
1981.2000000000 2.5454960179
1981.3000000000 2.5459967457
1981.4000000000 2.5479247471
1981.5000000000 2.5470153305
1981.6000000000 2.5468647558
1981.7000000000 2.5473833785
1981.8000000000 2.5457146340
1981.9000000000 2.5479979345
1982.0000000000 2.5509110665
1982.1000000000 2.5511766261
1982.2000000000 2.5510812373
1982.3000000000 2.5474306215
1982.4000000000 2.5484356134
1982.5000000000 2.5474113456
1982.6000000000 2.5492228901
1982.7000000000 2.5489950767
1982.8000000000 2.5493796250
1982.9000000000 2.5489205757
1983.0000000000 2.5490257843
1983.1000000000 2.5458045925
1983.2000000000 2.5477535097
1983.3000000000 2.5489434480
1983.4000000000 2.5487911355
1983.5000000000 2.5492980848
1983.6000000000 2.5494715034
1983.7000000000 2.5483564838
1983.8000000000 2.5504718951
1983.9000000000 2.5481127467
1984.0000000000 2.5463935093
1984.1000000000 2.5469867324
1984.2000000000 2.5463709841
1984.3000000000 2.5490903408
1984.4000000000 2.5490668030
1984.5000000000 2.5529716865
1984.6000000000 2.5470361640
1984.7000000000 2.5500001332
1984.8000000000 2.5501371999
1984.9000000000 2.5498971986
1985.0000000000 2.5482998179
1985.1000000000 2.5467457326
1985.2000000000 2.5459651606
1985.3000000000 2.5412149800
1985.4000000000 2.5393679712
1985.5000000000 2.5387237715
1985.6000000000 2.5367293042
1985.7000000000 2.5343645662
1985.8000000000 2.5356590381
1985.9000000000 2.5355906231
1986.0000000000 2.5327898777
1986.1000000000 2.5360158045
1986.2000000000 2.5376704449
1986.3000000000 2.5384222500
1986.4000000000 2.5375558360
1986.5000000000 2.5383539321
1986.6000000000 2.5369819679
1986.7000000000 2.5354811558
1986.8000000000 2.5352068910
1986.9000000000 2.5357297907
1987.0000000000 2.5357686353
1987.1000000000 2.5361636722
1987.2000000000 2.5372076539
1987.3000000000 2.5379106942
1987.4000000000 2.5352290494
1987.5000000000 2.5358050024
1987.6000000000 2.5364224189
1987.7000000000 2.5372446679
1987.8000000000 2.5371708454
1987.9000000000 2.5358328575
1988.0000000000 2.5393822689
1988.1000000000 2.5391938634
1988.2000000000 2.5379378700
1988.3000000000 2.5368961614
1988.4000000000 2.5363376377
1988.5000000000 2.5351581462
1988.6000000000 2.5370029102
1988.7000000000 2.5361314916
1988.8000000000 2.5372476615
1988.9000000000 2.5394260370
1989.0000000000 2.5399401122
1989.1000000000 2.5394670153
1989.2000000000 2.5393106703
1989.3000000000 2.5394839607
1989.4000000000 2.5403243123
1989.5000000000 2.5403276851
1989.6000000000 2.5392197249
1989.7000000000 2.5404544032
1989.8000000000 2.5414979760
1989.9000000000 2.5385448460
1990.0000000000 2.5393498200
1990.1000000000 2.5393951755
1990.2000000000 2.5384658691
1990.3000000000 2.5354465878
1990.4000000000 2.5361899820
1990.5000000000 2.5394198421
1990.6000000000 2.5388432497
1990.7000000000 2.5392480341
1990.8000000000 2.5377019813
1990.9000000000 2.5414328843
1991.0000000000 2.5414241866
1991.1000000000 2.5392169017
1991.2000000000 2.5399785055
1991.3000000000 2.5392754509
1991.4000000000 2.5395343753
1991.5000000000 2.5392096085
1991.6000000000 2.5382225340
1991.7000000000 2.5363841519
1991.8000000000 2.5348762261
1991.9000000000 2.5343705078
1992.0000000000 2.5354438231
1992.1000000000 2.5331417563
1992.2000000000 2.5366381683
1992.3000000000 2.5356404536
1992.4000000000 2.5356676158
1992.5000000000 2.5347266564
1992.6000000000 2.5360415983
1992.7000000000 2.5345600701
1992.8000000000 2.5356414132
1992.9000000000 2.5347899958
1993.0000000000 2.5332807082
1993.1000000000 2.5327561192
1993.2000000000 2.5325821570
1993.3000000000 2.5340113955
1993.4000000000 2.5366047300
1993.5000000000 2.5380780746
1993.6000000000 2.5392015710
1993.7000000000 2.5369667641
1993.8000000000 2.5388346607
1993.9000000000 2.5370962997
1994.0000000000 2.5334826554
1994.1000000000 2.5361297246
1994.2000000000 2.5371823470
1994.3000000000 2.5390366660
1994.4000000000 2.5359562281
1994.5000000000 2.5365697364
1994.6000000000 2.5373401975
1994.7000000000 2.5380634681
1994.8000000000 2.5381761220
1994.9000000000 2.5376777305
1995.0000000000 2.5373799885
1995.1000000000 2.5414295121
1995.2000000000 2.5411210414
1995.3000000000 2.5439225598
1995.4000000000 2.5452799523
1995.5000000000 2.5454911156
1995.6000000000 2.5445174298
1995.7000000000 2.5436993682
1995.8000000000 2.5411196842
1995.9000000000 2.5397228516
1996.0000000000 2.5421380216
1996.1000000000 2.5420276624
1996.2000000000 2.5433614655
1996.3000000000 2.5452610594
1996.4000000000 2.5456187855
1996.5000000000 2.5450801436
1996.6000000000 2.5413904703
1996.7000000000 2.5412584337
1996.8000000000 2.5425697881
1996.9000000000 2.5407636793
1997.0000000000 2.5410431405
1997.1000000000 2.5404390480
1997.2000000000 2.5386525639
1997.3000000000 2.5409634145
1997.4000000000 2.5402500159
1997.5000000000 2.5400162366
1997.6000000000 2.5406895572
1997.7000000000 2.5387789185
1997.8000000000 2.5401389612
1997.9000000000 2.5413076617
1998.0000000000 2.5427358381
1998.1000000000 2.5436376007
1998.2000000000 2.5428819517
1998.3000000000 2.5417953420
1998.4000000000 2.5395569370
1998.5000000000 2.5422826650
1998.6000000000 2.5425792244
1998.7000000000 2.5422120963
1998.8000000000 2.5431424531
1998.9000000000 2.5413951773
1999.0000000000 2.5399231027
1999.1000000000 2.5411779389
1999.2000000000 2.5402374184
1999.3000000000 2.5388678098
1999.4000000000 2.5397827014
1999.5000000000 2.5382916506
1999.6000000000 2.5390979442
1999.7000000000 2.5365090312
1999.8000000000 2.5357793184
1999.9000000000 2.5340784600
2000.0000000000 2.5341861373
