# alpha 1.5
# Lmin  0.01
# Lmax  1000
# c     1
# tau   1
# V1    0.1
# V2    1
# N     1000
# T_BURN    10000
# T_BEFORE  500
# OUTPUT_DT 0.1
# t F
-500.0000000000 3.5814354272
-499.9000000000 3.5822880107
-499.8000000000 3.5820788114
-499.7000000000 3.5791947230
-499.6000000000 3.5798913379
-499.5000000000 3.5798214527
-499.4000000000 3.5770963667
-499.3000000000 3.5669120721
-499.2000000000 3.5691222490
-499.1000000000 3.5712147995
-499.0000000000 3.5720846846
-498.9000000000 3.5742441177
-498.8000000000 3.5753734550
-498.7000000000 3.5787466666
-498.6000000000 3.5801079895
-498.5000000000 3.5836794217
-498.4000000000 3.5849359388
-498.3000000000 3.5860941163
-498.2000000000 3.5886393247
-498.1000000000 3.5858949925
-498.0000000000 3.5863648858
-497.9000000000 3.5876519982
-497.8000000000 3.5877520272
-497.7000000000 3.5921315966
-497.6000000000 3.5925329116
-497.5000000000 3.5892871604
-497.4000000000 3.5938228438
-497.3000000000 3.5904197468
-497.2000000000 3.5939620681
-497.1000000000 3.5945910680
-497.0000000000 3.5928637242
-496.9000000000 3.5908112997
-496.8000000000 3.5917614606
-496.7000000000 3.5870483866
-496.6000000000 3.5824670669
-496.5000000000 3.5846939532
-496.4000000000 3.5878156809
-496.3000000000 3.5776522519
-496.2000000000 3.5758404196
-496.1000000000 3.5787654921
-496.0000000000 3.5771334783
-495.9000000000 3.5768338249
-495.8000000000 3.5797832981
-495.7000000000 3.5785755773
-495.6000000000 3.5798213889
-495.5000000000 3.5779831647
-495.4000000000 3.5808714634
-495.3000000000 3.5776660853
-495.2000000000 3.5712319672
-495.1000000000 3.5724590856
-495.0000000000 3.5718027273
-494.9000000000 3.5682482532
-494.8000000000 3.5680308903
-494.7000000000 3.5697662353
-494.6000000000 3.5710610786
-494.5000000000 3.5658800247
-494.4000000000 3.5675601472
-494.3000000000 3.5705385055
-494.2000000000 3.5704968606
-494.1000000000 3.5737929914
-494.0000000000 3.5774151592
-493.9000000000 3.5776928292
-493.8000000000 3.5801602265
-493.7000000000 3.5813928401
-493.6000000000 3.5837879275
-493.5000000000 3.5873780180
-493.4000000000 3.5861042845
-493.3000000000 3.5829917392
-493.2000000000 3.5786615170
-493.1000000000 3.5786839131
-493.0000000000 3.5821559795
-492.9000000000 3.5771013860
-492.8000000000 3.5766688030
-492.7000000000 3.5769732566
-492.6000000000 3.5744947375
-492.5000000000 3.5724278594
-492.4000000000 3.5779359302
-492.3000000000 3.5782684732
-492.2000000000 3.5794163686
-492.1000000000 3.5761232126
-492.0000000000 3.5781741104
-491.9000000000 3.5685972449
-491.8000000000 3.5713146663
-491.7000000000 3.5670753379
-491.6000000000 3.5673481819
-491.5000000000 3.5720503988
-491.4000000000 3.5680183708
-491.3000000000 3.5665592273
-491.2000000000 3.5658030554
-491.1000000000 3.5661528257
-491.0000000000 3.5683150762
-490.9000000000 3.5647146377
-490.8000000000 3.5630506200
-490.7000000000 3.5699327707
-490.6000000000 3.5725677024
-490.5000000000 3.5629635207
-490.4000000000 3.5622019266
-490.3000000000 3.5654128171
-490.2000000000 3.5660328771
-490.1000000000 3.5674788296
-490.0000000000 3.5652026108
-489.9000000000 3.5645213187
-489.8000000000 3.5666673881
-489.7000000000 3.5656316164
-489.6000000000 3.5647678314
-489.5000000000 3.5648268359
-489.4000000000 3.5649494264
-489.3000000000 3.5639849191
-489.2000000000 3.5651034010
-489.1000000000 3.5630138466
-489.0000000000 3.5662015271
-488.9000000000 3.5652958920
-488.8000000000 3.5654949419
-488.7000000000 3.5639718434
-488.6000000000 3.5649446376
-488.5000000000 3.5663158831
-488.4000000000 3.5661514358
-488.3000000000 3.5682610611
-488.2000000000 3.5664758715
-488.1000000000 3.5719375678
-488.0000000000 3.5756327665
-487.9000000000 3.5708593216
-487.8000000000 3.5659205462
-487.7000000000 3.5668631118
-487.6000000000 3.5682376017
-487.5000000000 3.5690651980
-487.4000000000 3.5673617592
-487.3000000000 3.5706344925
-487.2000000000 3.5712390073
-487.1000000000 3.5683873721
-487.0000000000 3.5704466612
-486.9000000000 3.5652080596
-486.8000000000 3.5663876018
-486.7000000000 3.5647679188
-486.6000000000 3.5652015031
-486.5000000000 3.5671257904
-486.4000000000 3.5676269884
-486.3000000000 3.5697580479
-486.2000000000 3.5708897252
-486.1000000000 3.5730909068
-486.0000000000 3.5753303020
-485.9000000000 3.5753970254
-485.8000000000 3.5775716983
-485.7000000000 3.5797689893
-485.6000000000 3.5830400898
-485.5000000000 3.5853561829
-485.4000000000 3.5835771769
-485.3000000000 3.5824891675
-485.2000000000 3.5878187618
-485.1000000000 3.5903631016
-485.0000000000 3.5874091998
-484.9000000000 3.5898178471
-484.8000000000 3.5901536075
-484.7000000000 3.5936630370
-484.6000000000 3.5885532473
-484.5000000000 3.5898040077
-484.4000000000 3.5919736243
-484.3000000000 3.5933825396
-484.2000000000 3.5945704602
-484.1000000000 3.5942155628
-484.0000000000 3.5954442798
-483.9000000000 3.5977144857
-483.8000000000 3.5976409674
-483.7000000000 3.5985214239
-483.6000000000 3.6007286183
-483.5000000000 3.6019003198
-483.4000000000 3.6030355669
-483.3000000000 3.6052301838
-483.2000000000 3.6049821614
-483.1000000000 3.5932491593
-483.0000000000 3.5938425088
-482.9000000000 3.5927046169
-482.8000000000 3.5927180366
-482.7000000000 3.5901787406
-482.6000000000 3.5934960291
-482.5000000000 3.5934500569
-482.4000000000 3.5979104739
-482.3000000000 3.6002954484
-482.2000000000 3.6049977087
-482.1000000000 3.6068879866
-482.0000000000 3.6033231855
-481.9000000000 3.6045382175
-481.8000000000 3.6076883431
-481.7000000000 3.6041970765
-481.6000000000 3.6060196056
-481.5000000000 3.6085017055
-481.4000000000 3.6070567629
-481.3000000000 3.6073979048
-481.2000000000 3.6116799612
-481.1000000000 3.6053081409
-481.0000000000 3.6086810638
-480.9000000000 3.6090572979
-480.8000000000 3.6122162444
-480.7000000000 3.6171382083
-480.6000000000 3.6115360922
-480.5000000000 3.6109268039
-480.4000000000 3.6019293527
-480.3000000000 3.5942295095
-480.2000000000 3.6013337369
-480.1000000000 3.5992114784
-480.0000000000 3.5976898574
-479.9000000000 3.5930002754
-479.8000000000 3.5892617580
-479.7000000000 3.5887565643
-479.6000000000 3.5904255424
-479.5000000000 3.5883518897
-479.4000000000 3.5866565510
-479.3000000000 3.5902490553
-479.2000000000 3.5884354725
-479.1000000000 3.5883820540
-479.0000000000 3.5929158316
-478.9000000000 3.5920458265
-478.8000000000 3.5883864984
-478.7000000000 3.5894812384
-478.6000000000 3.5948037936
-478.5000000000 3.5948497256
-478.4000000000 3.5973017912
-478.3000000000 3.5997818027
-478.2000000000 3.5946003793
-478.1000000000 3.5941029786
-478.0000000000 3.5957379111
-477.9000000000 3.5873934625
-477.8000000000 3.5884958561
-477.7000000000 3.5875111531
-477.6000000000 3.5885630529
-477.5000000000 3.5897073688
-477.4000000000 3.5875647488
-477.3000000000 3.5880148773
-477.2000000000 3.5900531079
-477.1000000000 3.5898701352
-477.0000000000 3.5905201024
-476.9000000000 3.5862463999
-476.8000000000 3.5894986882
-476.7000000000 3.5906224644
-476.6000000000 3.5865901092
-476.5000000000 3.5886779154
-476.4000000000 3.5917533650
-476.3000000000 3.5947576200
-476.2000000000 3.5918118125
-476.1000000000 3.5918018418
-476.0000000000 3.5853425578
-475.9000000000 3.5791542424
-475.8000000000 3.5793510690
-475.7000000000 3.5820504003
-475.6000000000 3.5865612408
-475.5000000000 3.5875943759
-475.4000000000 3.5870890927
-475.3000000000 3.5753730025
-475.2000000000 3.5784094340
-475.1000000000 3.5807210465
-475.0000000000 3.5806190068
-474.9000000000 3.5803146696
-474.8000000000 3.5803318241
-474.7000000000 3.5821650301
-474.6000000000 3.5841106422
-474.5000000000 3.5867706519
-474.4000000000 3.5868513778
-474.3000000000 3.5903807959
-474.2000000000 3.5899647114
-474.1000000000 3.5829160850
-474.0000000000 3.5818759195
-473.9000000000 3.5815011970
-473.8000000000 3.5815186913
-473.7000000000 3.5848830403
-473.6000000000 3.5849347893
-473.5000000000 3.5852696983
-473.4000000000 3.5837927638
-473.3000000000 3.5882665936
-473.2000000000 3.5890431791
-473.1000000000 3.5868333794
-473.0000000000 3.5903153943
-472.9000000000 3.5913246078
-472.8000000000 3.5886886250
-472.7000000000 3.5885635591
-472.6000000000 3.5906092828
-472.5000000000 3.5951428276
-472.4000000000 3.5942111778
-472.3000000000 3.5941050316
-472.2000000000 3.5927024694
-472.1000000000 3.5925815402
-472.0000000000 3.5873396868
-471.9000000000 3.5906037617
-471.8000000000 3.5918353768
-471.7000000000 3.5920398156
-471.6000000000 3.5928699258
-471.5000000000 3.5958642749
-471.4000000000 3.5973598464
-471.3000000000 3.5954588036
-471.2000000000 3.5942002608
-471.1000000000 3.5913475020
-471.0000000000 3.5883118131
-470.9000000000 3.5825989697
-470.8000000000 3.5855729096
-470.7000000000 3.5877627328
-470.6000000000 3.5845214980
-470.5000000000 3.5854529625
-470.4000000000 3.5807907391
-470.3000000000 3.5829573877
-470.2000000000 3.5830780585
-470.1000000000 3.5829609797
-470.0000000000 3.5871367737
-469.9000000000 3.5868904657
-469.8000000000 3.5831440003
-469.7000000000 3.5851893129
-469.6000000000 3.5884441701
-469.5000000000 3.5843301804
-469.4000000000 3.5874248688
-469.3000000000 3.5843447344
-469.2000000000 3.5809477137
-469.1000000000 3.5840795747
-469.0000000000 3.5861656953
-468.9000000000 3.5883974305
-468.8000000000 3.5873302337
-468.7000000000 3.5869718690
-468.6000000000 3.5830451680
-468.5000000000 3.5798168988
-468.4000000000 3.5831030621
-468.3000000000 3.5843545374
-468.2000000000 3.5868582837
-468.1000000000 3.5825158493
-468.0000000000 3.5805802180
-467.9000000000 3.5814571405
-467.8000000000 3.5860209035
-467.7000000000 3.5850085318
-467.6000000000 3.5812215556
-467.5000000000 3.5808652444
-467.4000000000 3.5830402650
-467.3000000000 3.5817352804
-467.2000000000 3.5751960783
-467.1000000000 3.5700121008
-467.0000000000 3.5713129099
-466.9000000000 3.5638914775
-466.8000000000 3.5661694827
-466.7000000000 3.5682318100
-466.6000000000 3.5685360472
-466.5000000000 3.5718541222
-466.4000000000 3.5756810472
-466.3000000000 3.5742053914
-466.2000000000 3.5756770193
-466.1000000000 3.5827009462
-466.0000000000 3.5760214685
-465.9000000000 3.5762794126
-465.8000000000 3.5821325894
-465.7000000000 3.5836712968
-465.6000000000 3.5754896320
-465.5000000000 3.5737887826
-465.4000000000 3.5771355420
-465.3000000000 3.5726440211
-465.2000000000 3.5724548243
-465.1000000000 3.5725856193
-465.0000000000 3.5746607026
-464.9000000000 3.5728405468
-464.8000000000 3.5713069607
-464.7000000000 3.5753084776
-464.6000000000 3.5718506599
-464.5000000000 3.5665849408
-464.4000000000 3.5700176293
-464.3000000000 3.5696049736
-464.2000000000 3.5662893115
-464.1000000000 3.5650416331
-464.0000000000 3.5685402681
-463.9000000000 3.5729759745
-463.8000000000 3.5725485175
-463.7000000000 3.5741223509
-463.6000000000 3.5655098634
-463.5000000000 3.5633631992
-463.4000000000 3.5696157049
-463.3000000000 3.5705507299
-463.2000000000 3.5735698902
-463.1000000000 3.5726372325
-463.0000000000 3.5727018370
-462.9000000000 3.5716045604
-462.8000000000 3.5706029010
-462.7000000000 3.5711644281
-462.6000000000 3.5641793178
-462.5000000000 3.5621269860
-462.4000000000 3.5621746055
-462.3000000000 3.5668878315
-462.2000000000 3.5617038622
-462.1000000000 3.5640781049
-462.0000000000 3.5609711356
-461.9000000000 3.5594297607
-461.8000000000 3.5579552730
-461.7000000000 3.5613665526
-461.6000000000 3.5637845462
-461.5000000000 3.5647807318
-461.4000000000 3.5696894005
-461.3000000000 3.5682991429
-461.2000000000 3.5625863756
-461.1000000000 3.5671030599
-461.0000000000 3.5662954175
-460.9000000000 3.5629206526
-460.8000000000 3.5613362941
-460.7000000000 3.5660552822
-460.6000000000 3.5617758947
-460.5000000000 3.5641635036
-460.4000000000 3.5608720171
-460.3000000000 3.5602497377
-460.2000000000 3.5612212391
-460.1000000000 3.5600274651
-460.0000000000 3.5624537478
-459.9000000000 3.5610973561
-459.8000000000 3.5668457965
-459.7000000000 3.5666651888
-459.6000000000 3.5615401282
-459.5000000000 3.5624839751
-459.4000000000 3.5639222649
-459.3000000000 3.5634613440
-459.2000000000 3.5597096208
-459.1000000000 3.5580423195
-459.0000000000 3.5610638255
-458.9000000000 3.5597771364
-458.8000000000 3.5597903805
-458.7000000000 3.5626812579
-458.6000000000 3.5654136053
-458.5000000000 3.5636521169
-458.4000000000 3.5606876981
-458.3000000000 3.5639693297
-458.2000000000 3.5663610452
-458.1000000000 3.5678264143
-458.0000000000 3.5687705853
-457.9000000000 3.5726738626
-457.8000000000 3.5686438216
-457.7000000000 3.5702643659
-457.6000000000 3.5736212807
-457.5000000000 3.5721124452
-457.4000000000 3.5720855362
-457.3000000000 3.5757432126
-457.2000000000 3.5724712455
-457.1000000000 3.5745160472
-457.0000000000 3.5750378019
-456.9000000000 3.5729558360
-456.8000000000 3.5681309160
-456.7000000000 3.5692226782
-456.6000000000 3.5712748804
-456.5000000000 3.5732623367
-456.4000000000 3.5715988911
-456.3000000000 3.5742741236
-456.2000000000 3.5719153504
-456.1000000000 3.5787104190
-456.0000000000 3.5808041003
-455.9000000000 3.5815365406
-455.8000000000 3.5749047222
-455.7000000000 3.5763353859
-455.6000000000 3.5750065321
-455.5000000000 3.5765927989
-455.4000000000 3.5779095972
-455.3000000000 3.5797156375
-455.2000000000 3.5778455947
-455.1000000000 3.5794144979
-455.0000000000 3.5829787166
-454.9000000000 3.5834051865
-454.8000000000 3.5801857052
-454.7000000000 3.5810050318
-454.6000000000 3.5811749867
-454.5000000000 3.5817666448
-454.4000000000 3.5792882442
-454.3000000000 3.5744210152
-454.2000000000 3.5776562969
-454.1000000000 3.5778417069
-454.0000000000 3.5780440774
-453.9000000000 3.5800870801
-453.8000000000 3.5772960429
-453.7000000000 3.5758901870
-453.6000000000 3.5683828459
-453.5000000000 3.5670885647
-453.4000000000 3.5688903776
-453.3000000000 3.5605085181
-453.2000000000 3.5607197817
-453.1000000000 3.5627249707
-453.0000000000 3.5654226777
-452.9000000000 3.5680514684
-452.8000000000 3.5695202938
-452.7000000000 3.5677806611
-452.6000000000 3.5724369241
-452.5000000000 3.5687840689
-452.4000000000 3.5732408713
-452.3000000000 3.5744984595
-452.2000000000 3.5769373794
-452.1000000000 3.5728063797
-452.0000000000 3.5748778496
-451.9000000000 3.5733463107
-451.8000000000 3.5770383677
-451.7000000000 3.5774921071
-451.6000000000 3.5638921469
-451.5000000000 3.5669025343
-451.4000000000 3.5715629674
-451.3000000000 3.5721480358
-451.2000000000 3.5742764619
-451.1000000000 3.5758308432
-451.0000000000 3.5762020338
-450.9000000000 3.5787672477
-450.8000000000 3.5813923965
-450.7000000000 3.5789707045
-450.6000000000 3.5659486672
-450.5000000000 3.5664622669
-450.4000000000 3.5722502214
-450.3000000000 3.5725960699
-450.2000000000 3.5720299723
-450.1000000000 3.5777884690
-450.0000000000 3.5818289962
-449.9000000000 3.5797365392
-449.8000000000 3.5826891149
-449.7000000000 3.5809010028
-449.6000000000 3.5827809146
-449.5000000000 3.5856582442
-449.4000000000 3.5856829303
-449.3000000000 3.5851347487
-449.2000000000 3.5855156468
-449.1000000000 3.5780460527
-449.0000000000 3.5733736770
-448.9000000000 3.5734546529
-448.8000000000 3.5733403564
-448.7000000000 3.5748226753
-448.6000000000 3.5755432948
-448.5000000000 3.5750604314
-448.4000000000 3.5743526327
-448.3000000000 3.5741247565
-448.2000000000 3.5763138785
-448.1000000000 3.5747708427
-448.0000000000 3.5758351277
-447.9000000000 3.5773011093
-447.8000000000 3.5774941359
-447.7000000000 3.5764611776
-447.6000000000 3.5810108742
-447.5000000000 3.5810850761
-447.4000000000 3.5785190351
-447.3000000000 3.5832724001
-447.2000000000 3.5881746872
-447.1000000000 3.5872983068
-447.0000000000 3.5798867415
-446.9000000000 3.5773444101
-446.8000000000 3.5788343110
-446.7000000000 3.5774799056
-446.6000000000 3.5776801505
-446.5000000000 3.5787470085
-446.4000000000 3.5777486914
-446.3000000000 3.5799466235
-446.2000000000 3.5752959505
-446.1000000000 3.5788166678
-446.0000000000 3.5751335228
-445.9000000000 3.5764654024
-445.8000000000 3.5740209817
-445.7000000000 3.5774172384
-445.6000000000 3.5729134944
-445.5000000000 3.5741451159
-445.4000000000 3.5776356425
-445.3000000000 3.5750371370
-445.2000000000 3.5766436150
-445.1000000000 3.5809133236
-445.0000000000 3.5798647747
-444.9000000000 3.5853749798
-444.8000000000 3.5815764440
-444.7000000000 3.5820874223
-444.6000000000 3.5842378634
-444.5000000000 3.5825280381
-444.4000000000 3.5829089332
-444.3000000000 3.5739520970
-444.2000000000 3.5740267778
-444.1000000000 3.5727287935
-444.0000000000 3.5705259913
-443.9000000000 3.5689104871
-443.8000000000 3.5723623005
-443.7000000000 3.5736165194
-443.6000000000 3.5679670916
-443.5000000000 3.5690215145
-443.4000000000 3.5745904043
-443.3000000000 3.5716722035
-443.2000000000 3.5618728782
-443.1000000000 3.5579525390
-443.0000000000 3.5646188194
-442.9000000000 3.5684708904
-442.8000000000 3.5637672556
-442.7000000000 3.5635940662
-442.6000000000 3.5557241172
-442.5000000000 3.5568473986
-442.4000000000 3.5564004824
-442.3000000000 3.5552061366
-442.2000000000 3.5527166777
-442.1000000000 3.5476198433
-442.0000000000 3.5532839091
-441.9000000000 3.5563293650
-441.8000000000 3.5486811587
-441.7000000000 3.5498625595
-441.6000000000 3.5533362973
-441.5000000000 3.5550360271
-441.4000000000 3.5549918187
-441.3000000000 3.5555341298
-441.2000000000 3.5567273571
-441.1000000000 3.5560849606
-441.0000000000 3.5534649024
-440.9000000000 3.5549150427
-440.8000000000 3.5550321723
-440.7000000000 3.5522175359
-440.6000000000 3.5533700322
-440.5000000000 3.5567077125
-440.4000000000 3.5603211377
-440.3000000000 3.5530097891
-440.2000000000 3.5555078021
-440.1000000000 3.5567471379
-440.0000000000 3.5592337193
-439.9000000000 3.5533885082
-439.8000000000 3.5539477439
-439.7000000000 3.5515265220
-439.6000000000 3.5476451646
-439.5000000000 3.5474996953
-439.4000000000 3.5481077073
-439.3000000000 3.5495722342
-439.2000000000 3.5531318348
-439.1000000000 3.5567951577
-439.0000000000 3.5557033722
-438.9000000000 3.5565514117
-438.8000000000 3.5590841794
-438.7000000000 3.5605947854
-438.6000000000 3.5564596014
-438.5000000000 3.5557090915
-438.4000000000 3.5566386609
-438.3000000000 3.5613807073
-438.2000000000 3.5595215303
-438.1000000000 3.5590567462
-438.0000000000 3.5578930872
-437.9000000000 3.5582614798
-437.8000000000 3.5593128136
-437.7000000000 3.5617076077
-437.6000000000 3.5665430716
-437.5000000000 3.5678781263
-437.4000000000 3.5693766320
-437.3000000000 3.5708501483
-437.2000000000 3.5733477845
-437.1000000000 3.5724994568
-437.0000000000 3.5759235885
-436.9000000000 3.5768911740
-436.8000000000 3.5795644502
-436.7000000000 3.5809921303
-436.6000000000 3.5745117544
-436.5000000000 3.5778403677
-436.4000000000 3.5736158025
-436.3000000000 3.5755563991
-436.2000000000 3.5758756423
-436.1000000000 3.5672001578
-436.0000000000 3.5684215218
-435.9000000000 3.5643979302
-435.8000000000 3.5655360886
-435.7000000000 3.5681880137
-435.6000000000 3.5641690729
-435.5000000000 3.5660993510
-435.4000000000 3.5645186690
-435.3000000000 3.5627299667
-435.2000000000 3.5635445479
-435.1000000000 3.5603757882
-435.0000000000 3.5620754101
-434.9000000000 3.5594570479
-434.8000000000 3.5611968155
-434.7000000000 3.5660035197
-434.6000000000 3.5686778947
-434.5000000000 3.5677907128
-434.4000000000 3.5602250195
-434.3000000000 3.5621638892
-434.2000000000 3.5614714751
-434.1000000000 3.5650398676
-434.0000000000 3.5687636645
-433.9000000000 3.5644384608
-433.8000000000 3.5666681751
-433.7000000000 3.5668855428
-433.6000000000 3.5696748113
-433.5000000000 3.5671598092
-433.4000000000 3.5628722814
-433.3000000000 3.5651846593
-433.2000000000 3.5623991920
-433.1000000000 3.5639997767
-433.0000000000 3.5653025534
-432.9000000000 3.5687612162
-432.8000000000 3.5694253106
-432.7000000000 3.5706585867
-432.6000000000 3.5720869453
-432.5000000000 3.5702342888
-432.4000000000 3.5672084982
-432.3000000000 3.5692912731
-432.2000000000 3.5690582312
-432.1000000000 3.5641212654
-432.0000000000 3.5666656994
-431.9000000000 3.5623920114
-431.8000000000 3.5646753596
-431.7000000000 3.5652734392
-431.6000000000 3.5687443513
-431.5000000000 3.5722649145
-431.4000000000 3.5746195097
-431.3000000000 3.5729923732
-431.2000000000 3.5745174032
-431.1000000000 3.5728313138
-431.0000000000 3.5728256874
-430.9000000000 3.5749270725
-430.8000000000 3.5686262352
-430.7000000000 3.5699796821
-430.6000000000 3.5703101647
-430.5000000000 3.5713680672
-430.4000000000 3.5689158621
-430.3000000000 3.5679405639
-430.2000000000 3.5689159323
-430.1000000000 3.5688026116
-430.0000000000 3.5708337284
-429.9000000000 3.5677885933
-429.8000000000 3.5658488958
-429.7000000000 3.5654340137
-429.6000000000 3.5642451079
-429.5000000000 3.5615958928
-429.4000000000 3.5635519597
-429.3000000000 3.5646436801
-429.2000000000 3.5699943233
-429.1000000000 3.5643288165
-429.0000000000 3.5655406889
-428.9000000000 3.5639646040
-428.8000000000 3.5671516011
-428.7000000000 3.5670332641
-428.6000000000 3.5640500468
-428.5000000000 3.5625460610
-428.4000000000 3.5667595677
-428.3000000000 3.5690239647
-428.2000000000 3.5700561024
-428.1000000000 3.5725057273
-428.0000000000 3.5702075763
-427.9000000000 3.5707543067
-427.8000000000 3.5672217701
-427.7000000000 3.5706801259
-427.6000000000 3.5700533558
-427.5000000000 3.5725879648
-427.4000000000 3.5697698888
-427.3000000000 3.5628035884
-427.2000000000 3.5618602300
-427.1000000000 3.5585649452
-427.0000000000 3.5638566442
-426.9000000000 3.5661683774
-426.8000000000 3.5696380862
-426.7000000000 3.5709296234
-426.6000000000 3.5685527052
-426.5000000000 3.5688859285
-426.4000000000 3.5711500649
-426.3000000000 3.5696519993
-426.2000000000 3.5691059307
-426.1000000000 3.5692253101
-426.0000000000 3.5723470532
-425.9000000000 3.5745689865
-425.8000000000 3.5758318121
-425.7000000000 3.5723417044
-425.6000000000 3.5752344944
-425.5000000000 3.5763982361
-425.4000000000 3.5768925754
-425.3000000000 3.5792090985
-425.2000000000 3.5765967048
-425.1000000000 3.5765222386
-425.0000000000 3.5787739550
-424.9000000000 3.5800230903
-424.8000000000 3.5766555968
-424.7000000000 3.5744248390
-424.6000000000 3.5717096889
-424.5000000000 3.5703167656
-424.4000000000 3.5709332570
-424.3000000000 3.5729863543
-424.2000000000 3.5729546331
-424.1000000000 3.5716820275
-424.0000000000 3.5759196910
-423.9000000000 3.5635618422
-423.8000000000 3.5657808953
-423.7000000000 3.5663047540
-423.6000000000 3.5574245126
-423.5000000000 3.5541159479
-423.4000000000 3.5546177138
-423.3000000000 3.5565187964
-423.2000000000 3.5561537931
-423.1000000000 3.5569219235
-423.0000000000 3.5581813628
-422.9000000000 3.5540695014
-422.8000000000 3.5557695465
-422.7000000000 3.5553272321
-422.6000000000 3.5560534559
-422.5000000000 3.5515756500
-422.4000000000 3.5555284079
-422.3000000000 3.5540824768
-422.2000000000 3.5542709620
-422.1000000000 3.5577162590
-422.0000000000 3.5558639888
-421.9000000000 3.5547724282
-421.8000000000 3.5466657515
-421.7000000000 3.5404405179
-421.6000000000 3.5448845954
-421.5000000000 3.5458810596
-421.4000000000 3.5469180510
-421.3000000000 3.5446470505
-421.2000000000 3.5430953411
-421.1000000000 3.5446466175
-421.0000000000 3.5512349442
-420.9000000000 3.5506212054
-420.8000000000 3.5516694388
-420.7000000000 3.5486652031
-420.6000000000 3.5415515758
-420.5000000000 3.5412431566
-420.4000000000 3.5465081945
-420.3000000000 3.5467199551
-420.2000000000 3.5458918106
-420.1000000000 3.5479055433
-420.0000000000 3.5425479901
-419.9000000000 3.5434272793
-419.8000000000 3.5473679716
-419.7000000000 3.5405591965
-419.6000000000 3.5447818768
-419.5000000000 3.5394787327
-419.4000000000 3.5402320970
-419.3000000000 3.5382134284
-419.2000000000 3.5395078623
-419.1000000000 3.5428765820
-419.0000000000 3.5448825479
-418.9000000000 3.5449199863
-418.8000000000 3.5492249289
-418.7000000000 3.5467077385
-418.6000000000 3.5478236092
-418.5000000000 3.5500265233
-418.4000000000 3.5471435008
-418.3000000000 3.5444829447
-418.2000000000 3.5454430972
-418.1000000000 3.5421243442
-418.0000000000 3.5465877946
-417.9000000000 3.5456431495
-417.8000000000 3.5439186960
-417.7000000000 3.5465665066
-417.6000000000 3.5503638659
-417.5000000000 3.5457048385
-417.4000000000 3.5468125560
-417.3000000000 3.5495498137
-417.2000000000 3.5510637846
-417.1000000000 3.5535327705
-417.0000000000 3.5470203104
-416.9000000000 3.5504179714
-416.8000000000 3.5551091224
-416.7000000000 3.5568406613
-416.6000000000 3.5595213714
-416.5000000000 3.5611981429
-416.4000000000 3.5593921242
-416.3000000000 3.5586160225
-416.2000000000 3.5532396355
-416.1000000000 3.5540869468
-416.0000000000 3.5522666054
-415.9000000000 3.5557902773
-415.8000000000 3.5420018114
-415.7000000000 3.5418635364
-415.6000000000 3.5453286116
-415.5000000000 3.5509403131
-415.4000000000 3.5524092577
-415.3000000000 3.5505980602
-415.2000000000 3.5527590334
-415.1000000000 3.5553850518
-415.0000000000 3.5556072409
-414.9000000000 3.5564798084
-414.8000000000 3.5497040729
-414.7000000000 3.5510649344
-414.6000000000 3.5534553999
-414.5000000000 3.5381883526
-414.4000000000 3.5387849957
-414.3000000000 3.5394689986
-414.2000000000 3.5366596245
-414.1000000000 3.5376650901
-414.0000000000 3.5408746078
-413.9000000000 3.5418975133
-413.8000000000 3.5460246780
-413.7000000000 3.5485103648
-413.6000000000 3.5496745570
-413.5000000000 3.5486728205
-413.4000000000 3.5510352931
-413.3000000000 3.5492135519
-413.2000000000 3.5455393093
-413.1000000000 3.5453617930
-413.0000000000 3.5432973519
-412.9000000000 3.5382337967
-412.8000000000 3.5410772935
-412.7000000000 3.5445265934
-412.6000000000 3.5435127038
-412.5000000000 3.5483605903
-412.4000000000 3.5455661487
-412.3000000000 3.5476849594
-412.2000000000 3.5502852336
-412.1000000000 3.5455967857
-412.0000000000 3.5452532313
-411.9000000000 3.5478785489
-411.8000000000 3.5456508193
-411.7000000000 3.5467862323
-411.6000000000 3.5440402954
-411.5000000000 3.5415845743
-411.4000000000 3.5460745320
-411.3000000000 3.5465345826
-411.2000000000 3.5438324676
-411.1000000000 3.5429905662
-411.0000000000 3.5463418364
-410.9000000000 3.5439025224
-410.8000000000 3.5486092254
-410.7000000000 3.5534017281
-410.6000000000 3.5498706590
-410.5000000000 3.5545599029
-410.4000000000 3.5504416133
-410.3000000000 3.5461373632
-410.2000000000 3.5466222340
-410.1000000000 3.5481117564
-410.0000000000 3.5502377224
-409.9000000000 3.5525246396
-409.8000000000 3.5524039970
-409.7000000000 3.5536463035
-409.6000000000 3.5543315104
-409.5000000000 3.5534242757
-409.4000000000 3.5524377295
-409.3000000000 3.5509356671
-409.2000000000 3.5527590298
-409.1000000000 3.5572102943
-409.0000000000 3.5504839852
-408.9000000000 3.5468970477
-408.8000000000 3.5478553725
-408.7000000000 3.5490835477
-408.6000000000 3.5428243163
-408.5000000000 3.5352089054
-408.4000000000 3.5349752146
-408.3000000000 3.5379519057
-408.2000000000 3.5400195324
-408.1000000000 3.5404316699
-408.0000000000 3.5389883589
-407.9000000000 3.5330936516
-407.8000000000 3.5328952351
-407.7000000000 3.5335926054
-407.6000000000 3.5333114649
-407.5000000000 3.5293443293
-407.4000000000 3.5322298207
-407.3000000000 3.5342566522
-407.2000000000 3.5363557823
-407.1000000000 3.5374369886
-407.0000000000 3.5426445747
-406.9000000000 3.5438616483
-406.8000000000 3.5423702535
-406.7000000000 3.5368748915
-406.6000000000 3.5409884209
-406.5000000000 3.5432405170
-406.4000000000 3.5453351954
-406.3000000000 3.5448683088
-406.2000000000 3.5492464424
-406.1000000000 3.5503368503
-406.0000000000 3.5518115609
-405.9000000000 3.5539328116
-405.8000000000 3.5571596972
-405.7000000000 3.5598368756
-405.6000000000 3.5557582875
-405.5000000000 3.5566586794
-405.4000000000 3.5532502027
-405.3000000000 3.5558590095
-405.2000000000 3.5532530245
-405.1000000000 3.5587142654
-405.0000000000 3.5587460329
-404.9000000000 3.5540942267
-404.8000000000 3.5497170098
-404.7000000000 3.5515586786
-404.6000000000 3.5540322202
-404.5000000000 3.5518310615
-404.4000000000 3.5526130457
-404.3000000000 3.5535902117
-404.2000000000 3.5553223441
-404.1000000000 3.5553812310
-404.0000000000 3.5556038090
-403.9000000000 3.5577113846
-403.8000000000 3.5548026644
-403.7000000000 3.5600490426
-403.6000000000 3.5595324549
-403.5000000000 3.5561842772
-403.4000000000 3.5583531706
-403.3000000000 3.5552265156
-403.2000000000 3.5605904490
-403.1000000000 3.5556641188
-403.0000000000 3.5611443638
-402.9000000000 3.5541101164
-402.8000000000 3.5539073216
-402.7000000000 3.5571249963
-402.6000000000 3.5607406268
-402.5000000000 3.5606619246
-402.4000000000 3.5582811809
-402.3000000000 3.5584912630
-402.2000000000 3.5618142278
-402.1000000000 3.5624677051
-402.0000000000 3.5638323153
-401.9000000000 3.5672073410
-401.8000000000 3.5709769806
-401.7000000000 3.5726320007
-401.6000000000 3.5751538694
-401.5000000000 3.5743236908
-401.4000000000 3.5782190549
-401.3000000000 3.5793969623
-401.2000000000 3.5748697496
-401.1000000000 3.5717493475
-401.0000000000 3.5738052919
-400.9000000000 3.5727817505
-400.8000000000 3.5764106064
-400.7000000000 3.5718870050
-400.6000000000 3.5730566558
-400.5000000000 3.5718993700
-400.4000000000 3.5729040592
-400.3000000000 3.5776003182
-400.2000000000 3.5678563745
-400.1000000000 3.5736459910
-400.0000000000 3.5737429699
-399.9000000000 3.5710766236
-399.8000000000 3.5719518915
-399.7000000000 3.5765099009
-399.6000000000 3.5762674230
-399.5000000000 3.5761866593
-399.4000000000 3.5781841288
-399.3000000000 3.5729531299
-399.2000000000 3.5713443005
-399.1000000000 3.5732753823
-399.0000000000 3.5725309385
-398.9000000000 3.5716303308
-398.8000000000 3.5709155030
-398.7000000000 3.5654812118
-398.6000000000 3.5685470072
-398.5000000000 3.5675610161
-398.4000000000 3.5695256518
-398.3000000000 3.5717138964
-398.2000000000 3.5761456355
-398.1000000000 3.5784839882
-398.0000000000 3.5750317335
-397.9000000000 3.5772796410
-397.8000000000 3.5803796244
-397.7000000000 3.5794767771
-397.6000000000 3.5806659320
-397.5000000000 3.5828844815
-397.4000000000 3.5727053000
-397.3000000000 3.5746057187
-397.2000000000 3.5744690913
-397.1000000000 3.5592227502
-397.0000000000 3.5655871530
-396.9000000000 3.5691762142
-396.8000000000 3.5605888780
-396.7000000000 3.5605591723
-396.6000000000 3.5639266715
-396.5000000000 3.5673810966
-396.4000000000 3.5648953731
-396.3000000000 3.5661684098
-396.2000000000 3.5654620001
-396.1000000000 3.5595275273
-396.0000000000 3.5597824127
-395.9000000000 3.5552975152
-395.8000000000 3.5557024164
-395.7000000000 3.5591065821
-395.6000000000 3.5626621422
-395.5000000000 3.5611853577
-395.4000000000 3.5632245996
-395.3000000000 3.5657992900
-395.2000000000 3.5671187911
-395.1000000000 3.5680090901
-395.0000000000 3.5682768642
-394.9000000000 3.5632912885
-394.8000000000 3.5634377246
-394.7000000000 3.5668131601
-394.6000000000 3.5683358341
-394.5000000000 3.5645319737
-394.4000000000 3.5672715754
-394.3000000000 3.5675800465
-394.2000000000 3.5650422965
-394.1000000000 3.5649010087
-394.0000000000 3.5552112406
-393.9000000000 3.5523266340
-393.8000000000 3.5505256332
-393.7000000000 3.5468224324
-393.6000000000 3.5467573521
-393.5000000000 3.5511235290
-393.4000000000 3.5522626794
-393.3000000000 3.5543106993
-393.2000000000 3.5507387756
-393.1000000000 3.5506917113
-393.0000000000 3.5432368589
-392.9000000000 3.5449066630
-392.8000000000 3.5483298850
-392.7000000000 3.5458770031
-392.6000000000 3.5449529832
-392.5000000000 3.5493221294
-392.4000000000 3.5506430679
-392.3000000000 3.5465878009
-392.2000000000 3.5443315096
-392.1000000000 3.5487857839
-392.0000000000 3.5491185704
-391.9000000000 3.5559242071
-391.8000000000 3.5542406114
-391.7000000000 3.5519216370
-391.6000000000 3.5531621001
-391.5000000000 3.5534841984
-391.4000000000 3.5567608935
-391.3000000000 3.5581104993
-391.2000000000 3.5582198446
-391.1000000000 3.5579119115
-391.0000000000 3.5598257805
-390.9000000000 3.5589488918
-390.8000000000 3.5611706272
-390.7000000000 3.5603860817
-390.6000000000 3.5603904196
-390.5000000000 3.5528512158
-390.4000000000 3.5439416805
-390.3000000000 3.5453472398
-390.2000000000 3.5510476018
-390.1000000000 3.5502992575
-390.0000000000 3.5490145838
-389.9000000000 3.5488755236
-389.8000000000 3.5499338986
-389.7000000000 3.5510605557
-389.6000000000 3.5552966692
-389.5000000000 3.5479033776
-389.4000000000 3.5510538775
-389.3000000000 3.5514166767
-389.2000000000 3.5533399514
-389.1000000000 3.5523682271
-389.0000000000 3.5473386869
-388.9000000000 3.5461058481
-388.8000000000 3.5489409941
-388.7000000000 3.5510397600
-388.6000000000 3.5519184098
-388.5000000000 3.5510107826
-388.4000000000 3.5492199396
-388.3000000000 3.5535881147
-388.2000000000 3.5536751452
-388.1000000000 3.5548125832
-388.0000000000 3.5509348065
-387.9000000000 3.5520312166
-387.8000000000 3.5481681257
-387.7000000000 3.5504199794
-387.6000000000 3.5512424803
-387.5000000000 3.5522438236
-387.4000000000 3.5542279884
-387.3000000000 3.5564969916
-387.2000000000 3.5405004186
-387.1000000000 3.5416340641
-387.0000000000 3.5448410780
-386.9000000000 3.5431344032
-386.8000000000 3.5409316189
-386.7000000000 3.5399577117
-386.6000000000 3.5403305338
-386.5000000000 3.5406872809
-386.4000000000 3.5410994218
-386.3000000000 3.5366001306
-386.2000000000 3.5386203139
-386.1000000000 3.5408316009
-386.0000000000 3.5389283390
-385.9000000000 3.5392050067
-385.8000000000 3.5413148109
-385.7000000000 3.5418079933
-385.6000000000 3.5438598000
-385.5000000000 3.5444666090
-385.4000000000 3.5434008173
-385.3000000000 3.5432015273
-385.2000000000 3.5434808081
-385.1000000000 3.5466462422
-385.0000000000 3.5406089866
-384.9000000000 3.5421518316
-384.8000000000 3.5417190425
-384.7000000000 3.5423172913
-384.6000000000 3.5438190898
-384.5000000000 3.5449290889
-384.4000000000 3.5458612299
-384.3000000000 3.5452846284
-384.2000000000 3.5505365150
-384.1000000000 3.5461318944
-384.0000000000 3.5445683751
-383.9000000000 3.5490342669
-383.8000000000 3.5487204535
-383.7000000000 3.5479416834
-383.6000000000 3.5448761174
-383.5000000000 3.5482733806
-383.4000000000 3.5491020920
-383.3000000000 3.5514080349
-383.2000000000 3.5493789301
-383.1000000000 3.5496825052
-383.0000000000 3.5472800312
-382.9000000000 3.5471549554
-382.8000000000 3.5524773805
-382.7000000000 3.5526815175
-382.6000000000 3.5550352926
-382.5000000000 3.5525854240
-382.4000000000 3.5502379279
-382.3000000000 3.5489327352
-382.2000000000 3.5406830720
-382.1000000000 3.5438433363
-382.0000000000 3.5492908657
-381.9000000000 3.5484363369
-381.8000000000 3.5504950105
-381.7000000000 3.5520415886
-381.6000000000 3.5520628512
-381.5000000000 3.5545867512
-381.4000000000 3.5532705745
-381.3000000000 3.5544108809
-381.2000000000 3.5588197146
-381.1000000000 3.5567365643
-381.0000000000 3.5590868695
-380.9000000000 3.5562643524
-380.8000000000 3.5592377723
-380.7000000000 3.5565890607
-380.6000000000 3.5586897556
-380.5000000000 3.5622382654
-380.4000000000 3.5581725342
-380.3000000000 3.5591492528
-380.2000000000 3.5591641426
-380.1000000000 3.5582730928
-380.0000000000 3.5623493271
-379.9000000000 3.5659904393
-379.8000000000 3.5685308541
-379.7000000000 3.5686713538
-379.6000000000 3.5709062217
-379.5000000000 3.5700628451
-379.4000000000 3.5661811219
-379.3000000000 3.5681794923
-379.2000000000 3.5706803295
-379.1000000000 3.5732218902
-379.0000000000 3.5735533615
-378.9000000000 3.5735630799
-378.8000000000 3.5724459347
-378.7000000000 3.5728307275
-378.6000000000 3.5738655757
-378.5000000000 3.5761709118
-378.4000000000 3.5742831708
-378.3000000000 3.5735937560
-378.2000000000 3.5749549674
-378.1000000000 3.5784508294
-378.0000000000 3.5784762153
-377.9000000000 3.5758710775
-377.8000000000 3.5754739357
-377.7000000000 3.5778221847
-377.6000000000 3.5766147475
-377.5000000000 3.5757035685
-377.4000000000 3.5767653739
-377.3000000000 3.5729179264
-377.2000000000 3.5710369362
-377.1000000000 3.5723027976
-377.0000000000 3.5707704044
-376.9000000000 3.5679128209
-376.8000000000 3.5687630480
-376.7000000000 3.5668636925
-376.6000000000 3.5660721871
-376.5000000000 3.5660533884
-376.4000000000 3.5657386932
-376.3000000000 3.5658163340
-376.2000000000 3.5690519263
-376.1000000000 3.5683213713
-376.0000000000 3.5714632214
-375.9000000000 3.5712967307
-375.8000000000 3.5769200632
-375.7000000000 3.5764089262
-375.6000000000 3.5774338204
-375.5000000000 3.5732405295
-375.4000000000 3.5757091586
-375.3000000000 3.5735222985
-375.2000000000 3.5774275009
-375.1000000000 3.5801154438
-375.0000000000 3.5764517010
-374.9000000000 3.5785625910
-374.8000000000 3.5775104454
-374.7000000000 3.5774661135
-374.6000000000 3.5752629518
-374.5000000000 3.5755019549
-374.4000000000 3.5773029663
-374.3000000000 3.5783929396
-374.2000000000 3.5829536325
-374.1000000000 3.5788856064
-374.0000000000 3.5767235932
-373.9000000000 3.5775571329
-373.8000000000 3.5769862523
-373.7000000000 3.5780579780
-373.6000000000 3.5756734196
-373.5000000000 3.5766393525
-373.4000000000 3.5755210036
-373.3000000000 3.5725663554
-373.2000000000 3.5728242463
-373.1000000000 3.5746410836
-373.0000000000 3.5738222939
-372.9000000000 3.5745949788
-372.8000000000 3.5717385290
-372.7000000000 3.5730381291
-372.6000000000 3.5689581184
-372.5000000000 3.5723776052
-372.4000000000 3.5692784069
-372.3000000000 3.5683009982
-372.2000000000 3.5683839667
-372.1000000000 3.5722024103
-372.0000000000 3.5749636609
-371.9000000000 3.5668987487
-371.8000000000 3.5642394977
-371.7000000000 3.5653938839
-371.6000000000 3.5636107872
-371.5000000000 3.5660217864
-371.4000000000 3.5652531730
-371.3000000000 3.5686003552
-371.2000000000 3.5710191130
-371.1000000000 3.5724515067
-371.0000000000 3.5718313807
-370.9000000000 3.5721708298
-370.8000000000 3.5722165116
-370.7000000000 3.5754630594
-370.6000000000 3.5749867415
-370.5000000000 3.5688432146
-370.4000000000 3.5721862115
-370.3000000000 3.5732177823
-370.2000000000 3.5709065834
-370.1000000000 3.5712177819
-370.0000000000 3.5736044500
-369.9000000000 3.5759943851
-369.8000000000 3.5722769040
-369.7000000000 3.5717835249
-369.6000000000 3.5741942638
-369.5000000000 3.5760966208
-369.4000000000 3.5775575408
-369.3000000000 3.5800386271
-369.2000000000 3.5811814154
-369.1000000000 3.5711636580
-369.0000000000 3.5709161567
-368.9000000000 3.5667885515
-368.8000000000 3.5676358866
-368.7000000000 3.5659332490
-368.6000000000 3.5657922209
-368.5000000000 3.5622541042
-368.4000000000 3.5590175082
-368.3000000000 3.5624676543
-368.2000000000 3.5658129410
-368.1000000000 3.5613909750
-368.0000000000 3.5563006739
-367.9000000000 3.5583114981
-367.8000000000 3.5566355590
-367.7000000000 3.5559043837
-367.6000000000 3.5604868936
-367.5000000000 3.5642403954
-367.4000000000 3.5618012609
-367.3000000000 3.5621370768
-367.2000000000 3.5634878153
-367.1000000000 3.5645665136
-367.0000000000 3.5628008523
-366.9000000000 3.5642625674
-366.8000000000 3.5636507455
-366.7000000000 3.5661941709
-366.6000000000 3.5673553751
-366.5000000000 3.5695959631
-366.4000000000 3.5684218834
-366.3000000000 3.5660112987
-366.2000000000 3.5672862017
-366.1000000000 3.5708112570
-366.0000000000 3.5732231623
-365.9000000000 3.5728371850
-365.8000000000 3.5731205241
-365.7000000000 3.5748116584
-365.6000000000 3.5698425771
-365.5000000000 3.5744218514
-365.4000000000 3.5743799315
-365.3000000000 3.5768980254
-365.2000000000 3.5667405223
-365.1000000000 3.5739404025
-365.0000000000 3.5744087258
-364.9000000000 3.5723425469
-364.8000000000 3.5706311067
-364.7000000000 3.5730602247
-364.6000000000 3.5732387180
-364.5000000000 3.5746249110
-364.4000000000 3.5761403972
-364.3000000000 3.5786156007
-364.2000000000 3.5795137165
-364.1000000000 3.5796403286
-364.0000000000 3.5815784122
-363.9000000000 3.5795483842
-363.8000000000 3.5722487350
-363.7000000000 3.5756372430
-363.6000000000 3.5749292648
-363.5000000000 3.5719795693
-363.4000000000 3.5730957575
-363.3000000000 3.5742865507
-363.2000000000 3.5754672643
-363.1000000000 3.5723662013
-363.0000000000 3.5733371901
-362.9000000000 3.5749874092
-362.8000000000 3.5739838393
-362.7000000000 3.5763546168
-362.6000000000 3.5761633006
-362.5000000000 3.5762670594
-362.4000000000 3.5771619203
-362.3000000000 3.5757199738
-362.2000000000 3.5796886972
-362.1000000000 3.5794710153
-362.0000000000 3.5777863297
-361.9000000000 3.5758192736
-361.8000000000 3.5743219657
-361.7000000000 3.5735905771
-361.6000000000 3.5708763345
-361.5000000000 3.5758425704
-361.4000000000 3.5786972816
-361.3000000000 3.5771261185
-361.2000000000 3.5737039205
-361.1000000000 3.5762147579
-361.0000000000 3.5743401093
-360.9000000000 3.5733908407
-360.8000000000 3.5773727147
-360.7000000000 3.5787361776
-360.6000000000 3.5725891594
-360.5000000000 3.5762007763
-360.4000000000 3.5778944124
-360.3000000000 3.5812696078
-360.2000000000 3.5763187678
-360.1000000000 3.5766105654
-360.0000000000 3.5712940169
-359.9000000000 3.5739713454
-359.8000000000 3.5771454040
-359.7000000000 3.5726610786
-359.6000000000 3.5698964045
-359.5000000000 3.5695828076
-359.4000000000 3.5732217551
-359.3000000000 3.5706423442
-359.2000000000 3.5704059561
-359.1000000000 3.5738171633
-359.0000000000 3.5738159833
-358.9000000000 3.5697887741
-358.8000000000 3.5722733657
-358.7000000000 3.5734510627
-358.6000000000 3.5692080968
-358.5000000000 3.5716196671
-358.4000000000 3.5731194179
-358.3000000000 3.5710525804
-358.2000000000 3.5706457447
-358.1000000000 3.5749004197
-358.0000000000 3.5750927408
-357.9000000000 3.5752976265
-357.8000000000 3.5755885160
-357.7000000000 3.5748313526
-357.6000000000 3.5758172141
-357.5000000000 3.5710797042
-357.4000000000 3.5740818083
-357.3000000000 3.5692595006
-357.2000000000 3.5726966263
-357.1000000000 3.5728740981
-357.0000000000 3.5690310198
-356.9000000000 3.5707001432
-356.8000000000 3.5711150279
-356.7000000000 3.5743809638
-356.6000000000 3.5729518327
-356.5000000000 3.5743058724
-356.4000000000 3.5808256922
-356.3000000000 3.5747036030
-356.2000000000 3.5692995792
-356.1000000000 3.5726532792
-356.0000000000 3.5716474203
-355.9000000000 3.5729114556
-355.8000000000 3.5747902741
-355.7000000000 3.5710439077
-355.6000000000 3.5662982150
-355.5000000000 3.5683936459
-355.4000000000 3.5656075232
-355.3000000000 3.5630023633
-355.2000000000 3.5651712496
-355.1000000000 3.5672676920
-355.0000000000 3.5673287057
-354.9000000000 3.5646447818
-354.8000000000 3.5610032457
-354.7000000000 3.5616355199
-354.6000000000 3.5631619400
-354.5000000000 3.5625754555
-354.4000000000 3.5614818113
-354.3000000000 3.5645987036
-354.2000000000 3.5643602013
-354.1000000000 3.5639833291
-354.0000000000 3.5641827485
-353.9000000000 3.5696278531
-353.8000000000 3.5673794751
-353.7000000000 3.5668883706
-353.6000000000 3.5662746342
-353.5000000000 3.5680890554
-353.4000000000 3.5673110352
-353.3000000000 3.5573586984
-353.2000000000 3.5580121404
-353.1000000000 3.5513767366
-353.0000000000 3.5548827401
-352.9000000000 3.5513251339
-352.8000000000 3.5564025463
-352.7000000000 3.5578889147
-352.6000000000 3.5525025870
-352.5000000000 3.5435641175
-352.4000000000 3.5455980339
-352.3000000000 3.5445578375
-352.2000000000 3.5445444072
-352.1000000000 3.5486385958
-352.0000000000 3.5510203229
-351.9000000000 3.5533497939
-351.8000000000 3.5517979206
-351.7000000000 3.5570955516
-351.6000000000 3.5569982580
-351.5000000000 3.5572552077
-351.4000000000 3.5582451241
-351.3000000000 3.5580879287
-351.2000000000 3.5593863760
-351.1000000000 3.5571057588
-351.0000000000 3.5562829713
-350.9000000000 3.5594870357
-350.8000000000 3.5598566890
-350.7000000000 3.5567056857
-350.6000000000 3.5573162114
-350.5000000000 3.5594515526
-350.4000000000 3.5618593019
-350.3000000000 3.5550972481
-350.2000000000 3.5497996806
-350.1000000000 3.5543856343
-350.0000000000 3.5491482627
-349.9000000000 3.5503000175
-349.8000000000 3.5503447933
-349.7000000000 3.5536671871
-349.6000000000 3.5553676863
-349.5000000000 3.5531606452
-349.4000000000 3.5534408954
-349.3000000000 3.5554562014
-349.2000000000 3.5540357858
-349.1000000000 3.5544800932
-349.0000000000 3.5580083394
-348.9000000000 3.5569314902
-348.8000000000 3.5603517719
-348.7000000000 3.5612536144
-348.6000000000 3.5603687980
-348.5000000000 3.5601193232
-348.4000000000 3.5538502394
-348.3000000000 3.5535437882
-348.2000000000 3.5578364126
-348.1000000000 3.5592811647
-348.0000000000 3.5603952666
-347.9000000000 3.5540808713
-347.8000000000 3.5453159916
-347.7000000000 3.5498526466
-347.6000000000 3.5510567862
-347.5000000000 3.5497737596
-347.4000000000 3.5499696607
-347.3000000000 3.5396281552
-347.2000000000 3.5406455042
-347.1000000000 3.5426501569
-347.0000000000 3.5505183976
-346.9000000000 3.5443476733
-346.8000000000 3.5438183718
-346.7000000000 3.5452526246
-346.6000000000 3.5487115024
-346.5000000000 3.5486899941
-346.4000000000 3.5418043146
-346.3000000000 3.5380281866
-346.2000000000 3.5318816503
-346.1000000000 3.5324734653
-346.0000000000 3.5393253604
-345.9000000000 3.5434374016
-345.8000000000 3.5424136424
-345.7000000000 3.5420978752
-345.6000000000 3.5462777465
-345.5000000000 3.5460293930
-345.4000000000 3.5455764716
-345.3000000000 3.5407472099
-345.2000000000 3.5463781410
-345.1000000000 3.5492299646
-345.0000000000 3.5349426554
-344.9000000000 3.5361972283
-344.8000000000 3.5378985012
-344.7000000000 3.5406761271
-344.6000000000 3.5430693086
-344.5000000000 3.5456416428
-344.4000000000 3.5483950121
-344.3000000000 3.5473129881
-344.2000000000 3.5446762913
-344.1000000000 3.5368439324
-344.0000000000 3.5424127439
-343.9000000000 3.5426288574
-343.8000000000 3.5393378148
-343.7000000000 3.5426870366
-343.6000000000 3.5418663395
-343.5000000000 3.5403279451
-343.4000000000 3.5380577023
-343.3000000000 3.5446166436
-343.2000000000 3.5516733466
-343.1000000000 3.5497815349
-343.0000000000 3.5487451015
-342.9000000000 3.5516048407
-342.8000000000 3.5542265816
-342.7000000000 3.5517582827
-342.6000000000 3.5481208938
-342.5000000000 3.5513070168
-342.4000000000 3.5503751381
-342.3000000000 3.5505192130
-342.2000000000 3.5483036133
-342.1000000000 3.5492875529
-342.0000000000 3.5517305993
-341.9000000000 3.5493874144
-341.8000000000 3.5515114212
-341.7000000000 3.5535973162
-341.6000000000 3.5570304160
-341.5000000000 3.5511043177
-341.4000000000 3.5512793320
-341.3000000000 3.5486307131
-341.2000000000 3.5509162499
-341.1000000000 3.5554901157
-341.0000000000 3.5580252210
-340.9000000000 3.5562806220
-340.8000000000 3.5564841851
-340.7000000000 3.5532062566
-340.6000000000 3.5531919578
-340.5000000000 3.5552431102
-340.4000000000 3.5572040688
-340.3000000000 3.5578854587
-340.2000000000 3.5509504730
-340.1000000000 3.5542077677
-340.0000000000 3.5546232354
-339.9000000000 3.5521982950
-339.8000000000 3.5524154662
-339.7000000000 3.5547303013
-339.6000000000 3.5434476611
-339.5000000000 3.5465288928
-339.4000000000 3.5492161614
-339.3000000000 3.5524850410
-339.2000000000 3.5527272318
-339.1000000000 3.5507767967
-339.0000000000 3.5506296560
-338.9000000000 3.5523476935
-338.8000000000 3.5577438871
-338.7000000000 3.5544553403
-338.6000000000 3.5567126979
-338.5000000000 3.5548016008
-338.4000000000 3.5511156301
-338.3000000000 3.5495242476
-338.2000000000 3.5471670059
-338.1000000000 3.5503881188
-338.0000000000 3.5538186066
-337.9000000000 3.5536615607
-337.8000000000 3.5557901552
-337.7000000000 3.5582093733
-337.6000000000 3.5467746735
-337.5000000000 3.5458586057
-337.4000000000 3.5504877562
-337.3000000000 3.5501977181
-337.2000000000 3.5537459515
-337.1000000000 3.5562688652
-337.0000000000 3.5542262735
-336.9000000000 3.5575021417
-336.8000000000 3.5581944181
-336.7000000000 3.5497377843
-336.6000000000 3.5539246469
-336.5000000000 3.5572860501
-336.4000000000 3.5564765060
-336.3000000000 3.5554645514
-336.2000000000 3.5575002562
-336.1000000000 3.5573713615
-336.0000000000 3.5549131928
-335.9000000000 3.5482686282
-335.8000000000 3.5513917976
-335.7000000000 3.5481372935
-335.6000000000 3.5515245689
-335.5000000000 3.5519852903
-335.4000000000 3.5486462954
-335.3000000000 3.5481182302
-335.2000000000 3.5510362252
-335.1000000000 3.5503679722
-335.0000000000 3.5536222592
-334.9000000000 3.5482170487
-334.8000000000 3.5506711523
-334.7000000000 3.5467203636
-334.6000000000 3.5486709381
-334.5000000000 3.5494676515
-334.4000000000 3.5517959078
-334.3000000000 3.5476029270
-334.2000000000 3.5425797396
-334.1000000000 3.5473940177
-334.0000000000 3.5476801011
-333.9000000000 3.5486355397
-333.8000000000 3.5436624506
-333.7000000000 3.5469413731
-333.6000000000 3.5471279149
-333.5000000000 3.5492013863
-333.4000000000 3.5486926839
-333.3000000000 3.5519710029
-333.2000000000 3.5531727683
-333.1000000000 3.5531754290
-333.0000000000 3.5550351399
-332.9000000000 3.5510727796
-332.8000000000 3.5550916599
-332.7000000000 3.5576596324
-332.6000000000 3.5547977452
-332.5000000000 3.5546202212
-332.4000000000 3.5519350709
-332.3000000000 3.5551859980
-332.2000000000 3.5562220114
-332.1000000000 3.5556946653
-332.0000000000 3.5599910357
-331.9000000000 3.5622436593
-331.8000000000 3.5628333251
-331.7000000000 3.5568508432
-331.6000000000 3.5575236642
-331.5000000000 3.5586949460
-331.4000000000 3.5598207110
-331.3000000000 3.5609062067
-331.2000000000 3.5601112233
-331.1000000000 3.5605498026
-331.0000000000 3.5616431735
-330.9000000000 3.5639255149
-330.8000000000 3.5635431924
-330.7000000000 3.5640967575
-330.6000000000 3.5662913820
-330.5000000000 3.5642088487
-330.4000000000 3.5621321647
-330.3000000000 3.5560413054
-330.2000000000 3.5576589281
-330.1000000000 3.5570378545
-330.0000000000 3.5571858369
-329.9000000000 3.5582614364
-329.8000000000 3.5646991887
-329.7000000000 3.5646334992
-329.6000000000 3.5681262982
-329.5000000000 3.5582684204
-329.4000000000 3.5578942798
-329.3000000000 3.5610728879
-329.2000000000 3.5635455451
-329.1000000000 3.5627732761
-329.0000000000 3.5662687604
-328.9000000000 3.5666032234
-328.8000000000 3.5690229800
-328.7000000000 3.5687605870
-328.6000000000 3.5684596298
-328.5000000000 3.5655295454
-328.4000000000 3.5656596776
-328.3000000000 3.5648312106
-328.2000000000 3.5628610631
-328.1000000000 3.5659628321
-328.0000000000 3.5583418070
-327.9000000000 3.5592784162
-327.8000000000 3.5570361921
-327.7000000000 3.5483943875
-327.6000000000 3.5484742669
-327.5000000000 3.5481221446
-327.4000000000 3.5438865860
-327.3000000000 3.5453643647
-327.2000000000 3.5474976549
-327.1000000000 3.5496542156
-327.0000000000 3.5508497935
-326.9000000000 3.5496036580
-326.8000000000 3.5498774549
-326.7000000000 3.5521632897
-326.6000000000 3.5544839645
-326.5000000000 3.5495969300
-326.4000000000 3.5425389746
-326.3000000000 3.5457835248
-326.2000000000 3.5471456599
-326.1000000000 3.5449162484
-326.0000000000 3.5451448514
-325.9000000000 3.5446922423
-325.8000000000 3.5412352293
-325.7000000000 3.5400843543
-325.6000000000 3.5420303890
-325.5000000000 3.5442045984
-325.4000000000 3.5461968939
-325.3000000000 3.5461468711
-325.2000000000 3.5445459373
-325.1000000000 3.5452240488
-325.0000000000 3.5474804110
-324.9000000000 3.5486154345
-324.8000000000 3.5474101317
-324.7000000000 3.5467933884
-324.6000000000 3.5457881527
-324.5000000000 3.5474276467
-324.4000000000 3.5505842710
-324.3000000000 3.5508968206
-324.2000000000 3.5491978417
-324.1000000000 3.5479171592
-324.0000000000 3.5491769222
-323.9000000000 3.5517217051
-323.8000000000 3.5547196946
-323.7000000000 3.5560585526
-323.6000000000 3.5557945261
-323.5000000000 3.5567439070
-323.4000000000 3.5566844183
-323.3000000000 3.5598945799
-323.2000000000 3.5583616304
-323.1000000000 3.5537274961
-323.0000000000 3.5523954798
-322.9000000000 3.5577230808
-322.8000000000 3.5562667170
-322.7000000000 3.5594211482
-322.6000000000 3.5551125257
-322.5000000000 3.5495177355
-322.4000000000 3.5502511646
-322.3000000000 3.5535011123
-322.2000000000 3.5516610956
-322.1000000000 3.5547992158
-322.0000000000 3.5560511980
-321.9000000000 3.5582983526
-321.8000000000 3.5604336680
-321.7000000000 3.5638854745
-321.6000000000 3.5591436425
-321.5000000000 3.5588278919
-321.4000000000 3.5574550058
-321.3000000000 3.5596975382
-321.2000000000 3.5592258013
-321.1000000000 3.5528833464
-321.0000000000 3.5527831933
-320.9000000000 3.5548367478
-320.8000000000 3.5557531564
-320.7000000000 3.5569703804
-320.6000000000 3.5546341021
-320.5000000000 3.5553117388
-320.4000000000 3.5584141516
-320.3000000000 3.5568041677
-320.2000000000 3.5588932430
-320.1000000000 3.5604517337
-320.0000000000 3.5616708019
-319.9000000000 3.5598966192
-319.8000000000 3.5641046492
-319.7000000000 3.5629898684
-319.6000000000 3.5626854366
-319.5000000000 3.5658507225
-319.4000000000 3.5645357182
-319.3000000000 3.5666132622
-319.2000000000 3.5687000299
-319.1000000000 3.5708428405
-319.0000000000 3.5742127297
-318.9000000000 3.5689453011
-318.8000000000 3.5730592447
-318.7000000000 3.5741020173
-318.6000000000 3.5745457621
-318.5000000000 3.5750881064
-318.4000000000 3.5566725063
-318.3000000000 3.5583972983
-318.2000000000 3.5596796648
-318.1000000000 3.5599252919
-318.0000000000 3.5643195341
-317.9000000000 3.5617150420
-317.8000000000 3.5550371500
-317.7000000000 3.5583937521
-317.6000000000 3.5605993953
-317.5000000000 3.5634465489
-317.4000000000 3.5551354359
-317.3000000000 3.5544925072
-317.2000000000 3.5533386932
-317.1000000000 3.5586608391
-317.0000000000 3.5589468706
-316.9000000000 3.5612465854
-316.8000000000 3.5642592109
-316.7000000000 3.5655887822
-316.6000000000 3.5661235716
-316.5000000000 3.5686114732
-316.4000000000 3.5708295838
-316.3000000000 3.5731435646
-316.2000000000 3.5747001570
-316.1000000000 3.5736266944
-316.0000000000 3.5802413997
-315.9000000000 3.5828508948
-315.8000000000 3.5821947278
-315.7000000000 3.5838293483
-315.6000000000 3.5833674222
-315.5000000000 3.5879294513
-315.4000000000 3.5902927813
-315.3000000000 3.5875939844
-315.2000000000 3.5890044189
-315.1000000000 3.5870640260
-315.0000000000 3.5859600821
-314.9000000000 3.5880238149
-314.8000000000 3.5881229417
-314.7000000000 3.5876366325
-314.6000000000 3.5870684331
-314.5000000000 3.5883289735
-314.4000000000 3.5916127989
-314.3000000000 3.5940552503
-314.2000000000 3.5942701429
-314.1000000000 3.5955465462
-314.0000000000 3.5902160697
-313.9000000000 3.5915113545
-313.8000000000 3.5932068025
-313.7000000000 3.5943684646
-313.6000000000 3.5942794359
-313.5000000000 3.5930893051
-313.4000000000 3.5898870585
-313.3000000000 3.5884434342
-313.2000000000 3.5892516809
-313.1000000000 3.5902158302
-313.0000000000 3.5850499084
-312.9000000000 3.5829204002
-312.8000000000 3.5848972723
-312.7000000000 3.5841932095
-312.6000000000 3.5862709113
-312.5000000000 3.5781970804
-312.4000000000 3.5823127731
-312.3000000000 3.5817475036
-312.2000000000 3.5826877776
-312.1000000000 3.5843457920
-312.0000000000 3.5853098256
-311.9000000000 3.5864445762
-311.8000000000 3.5880899442
-311.7000000000 3.5903261481
-311.6000000000 3.5891025249
-311.5000000000 3.5922791460
-311.4000000000 3.5933161991
-311.3000000000 3.5941161825
-311.2000000000 3.5939393520
-311.1000000000 3.5959938220
-311.0000000000 3.5970761404
-310.9000000000 3.5973597405
-310.8000000000 3.5964682769
-310.7000000000 3.5973472625
-310.6000000000 3.5983208902
-310.5000000000 3.5952328420
-310.4000000000 3.5924224551
-310.3000000000 3.5903182309
-310.2000000000 3.5923885429
-310.1000000000 3.5901912595
-310.0000000000 3.5921657565
-309.9000000000 3.5838860875
-309.8000000000 3.5869969568
-309.7000000000 3.5869120645
-309.6000000000 3.5879430010
-309.5000000000 3.5899812445
-309.4000000000 3.5906388717
-309.3000000000 3.5904793464
-309.2000000000 3.5924702399
-309.1000000000 3.5919829292
-309.0000000000 3.5941877081
-308.9000000000 3.5951698587
-308.8000000000 3.5938688210
-308.7000000000 3.5958750201
-308.6000000000 3.5954437818
-308.5000000000 3.5920295289
-308.4000000000 3.5928847666
-308.3000000000 3.5937207362
-308.2000000000 3.5915039531
-308.1000000000 3.5922926781
-308.0000000000 3.5941569529
-307.9000000000 3.5907157154
-307.8000000000 3.5914637916
-307.7000000000 3.5852014197
-307.6000000000 3.5870810203
-307.5000000000 3.5900867194
-307.4000000000 3.5836514753
-307.3000000000 3.5865725069
-307.2000000000 3.5836180588
-307.1000000000 3.5832955183
-307.0000000000 3.5851549904
-306.9000000000 3.5872719069
-306.8000000000 3.5825701006
-306.7000000000 3.5823180535
-306.6000000000 3.5852011206
-306.5000000000 3.5872328840
-306.4000000000 3.5893513153
-306.3000000000 3.5904632721
-306.2000000000 3.5805870144
-306.1000000000 3.5746098679
-306.0000000000 3.5796150268
-305.9000000000 3.5829039819
-305.8000000000 3.5767115065
-305.7000000000 3.5789231887
-305.6000000000 3.5785493842
-305.5000000000 3.5781762753
-305.4000000000 3.5747303635
-305.3000000000 3.5749165227
-305.2000000000 3.5712979995
-305.1000000000 3.5709382325
-305.0000000000 3.5741313262
-304.9000000000 3.5736596204
-304.8000000000 3.5747848610
-304.7000000000 3.5763015309
-304.6000000000 3.5784421554
-304.5000000000 3.5711340394
-304.4000000000 3.5741507650
-304.3000000000 3.5762599535
-304.2000000000 3.5772761369
-304.1000000000 3.5760548974
-304.0000000000 3.5744207828
-303.9000000000 3.5740747347
-303.8000000000 3.5749645238
-303.7000000000 3.5769603142
-303.6000000000 3.5768270161
-303.5000000000 3.5739396631
-303.4000000000 3.5769771880
-303.3000000000 3.5746972599
-303.2000000000 3.5733424351
-303.1000000000 3.5678532354
-303.0000000000 3.5722189498
-302.9000000000 3.5736482086
-302.8000000000 3.5735529407
-302.7000000000 3.5700004292
-302.6000000000 3.5711624086
-302.5000000000 3.5728117694
-302.4000000000 3.5735468227
-302.3000000000 3.5780336622
-302.2000000000 3.5784724143
-302.1000000000 3.5757596838
-302.0000000000 3.5780052396
-301.9000000000 3.5812434633
-301.8000000000 3.5802723899
-301.7000000000 3.5741965503
-301.6000000000 3.5736028917
-301.5000000000 3.5779154676
-301.4000000000 3.5735013434
-301.3000000000 3.5739007140
-301.2000000000 3.5761500792
-301.1000000000 3.5773079850
-301.0000000000 3.5742204232
-300.9000000000 3.5773219098
-300.8000000000 3.5796992105
-300.7000000000 3.5797235712
-300.6000000000 3.5743854143
-300.5000000000 3.5767256683
-300.4000000000 3.5751618447
-300.3000000000 3.5748315741
-300.2000000000 3.5768161497
-300.1000000000 3.5778549328
-300.0000000000 3.5736613486
-299.9000000000 3.5721797825
-299.8000000000 3.5688813213
-299.7000000000 3.5706596285
-299.6000000000 3.5716575997
-299.5000000000 3.5686310628
-299.4000000000 3.5704405486
-299.3000000000 3.5656362480
-299.2000000000 3.5676030908
-299.1000000000 3.5712875819
-299.0000000000 3.5712241091
-298.9000000000 3.5734461894
-298.8000000000 3.5732393120
-298.7000000000 3.5750141079
-298.6000000000 3.5737472636
-298.5000000000 3.5769344558
-298.4000000000 3.5802528131
-298.3000000000 3.5781240621
-298.2000000000 3.5710512915
-298.1000000000 3.5742460047
-298.0000000000 3.5633796243
-297.9000000000 3.5617392679
-297.8000000000 3.5629062718
-297.7000000000 3.5623549748
-297.6000000000 3.5632624014
-297.5000000000 3.5614240860
-297.4000000000 3.5595153756
-297.3000000000 3.5585498167
-297.2000000000 3.5584774800
-297.1000000000 3.5601949399
-297.0000000000 3.5587717080
-296.9000000000 3.5570180626
-296.8000000000 3.5563799171
-296.7000000000 3.5531472813
-296.6000000000 3.5560375128
-296.5000000000 3.5557590317
-296.4000000000 3.5506107637
-296.3000000000 3.5523487597
-296.2000000000 3.5533587506
-296.1000000000 3.5531635748
-296.0000000000 3.5500852127
-295.9000000000 3.5493758009
-295.8000000000 3.5481987280
-295.7000000000 3.5490914629
-295.6000000000 3.5515946781
-295.5000000000 3.5531829685
-295.4000000000 3.5477622049
-295.3000000000 3.5495263664
-295.2000000000 3.5528109871
-295.1000000000 3.5506916747
-295.0000000000 3.5505463461
-294.9000000000 3.5492775009
-294.8000000000 3.5493379724
-294.7000000000 3.5477047180
-294.6000000000 3.5496070728
-294.5000000000 3.5515825471
-294.4000000000 3.5536567730
-294.3000000000 3.5547312261
-294.2000000000 3.5554719475
-294.1000000000 3.5550729124
-294.0000000000 3.5581138761
-293.9000000000 3.5574505410
-293.8000000000 3.5562982768
-293.7000000000 3.5592893790
-293.6000000000 3.5571918847
-293.5000000000 3.5599048243
-293.4000000000 3.5572609091
-293.3000000000 3.5573181432
-293.2000000000 3.5593823499
-293.1000000000 3.5599113997
-293.0000000000 3.5570495352
-292.9000000000 3.5578057133
-292.8000000000 3.5606327462
-292.7000000000 3.5615281657
-292.6000000000 3.5634679532
-292.5000000000 3.5578292784
-292.4000000000 3.5570010727
-292.3000000000 3.5598374723
-292.2000000000 3.5581904266
-292.1000000000 3.5578527693
-292.0000000000 3.5605824688
-291.9000000000 3.5530823317
-291.8000000000 3.5537523176
-291.7000000000 3.5566981635
-291.6000000000 3.5576789026
-291.5000000000 3.5566590166
-291.4000000000 3.5585716299
-291.3000000000 3.5605456406
-291.2000000000 3.5600763678
-291.1000000000 3.5627349459
-291.0000000000 3.5626074255
-290.9000000000 3.5555636318
-290.8000000000 3.5584823919
-290.7000000000 3.5559559063
-290.6000000000 3.5589586591
-290.5000000000 3.5572437851
-290.4000000000 3.5552828154
-290.3000000000 3.5522654698
-290.2000000000 3.5537627805
-290.1000000000 3.5579100662
-290.0000000000 3.5562513576
-289.9000000000 3.5527050430
-289.8000000000 3.5567639364
-289.7000000000 3.5561487489
-289.6000000000 3.5459595385
-289.5000000000 3.5459966294
-289.4000000000 3.5491305904
-289.3000000000 3.5504736638
-289.2000000000 3.5529263765
-289.1000000000 3.5531318935
-289.0000000000 3.5540632036
-288.9000000000 3.5584540391
-288.8000000000 3.5472684210
-288.7000000000 3.5391051767
-288.6000000000 3.5370220674
-288.5000000000 3.5398097137
-288.4000000000 3.5399791112
-288.3000000000 3.5399845304
-288.2000000000 3.5381739350
-288.1000000000 3.5393782072
-288.0000000000 3.5384011727
-287.9000000000 3.5435037785
-287.8000000000 3.5386938571
-287.7000000000 3.5343448074
-287.6000000000 3.5353394695
-287.5000000000 3.5386769824
-287.4000000000 3.5362125875
-287.3000000000 3.5351892078
-287.2000000000 3.5384436865
-287.1000000000 3.5384260385
-287.0000000000 3.5395451632
-286.9000000000 3.5401202572
-286.8000000000 3.5439812482
-286.7000000000 3.5453115552
-286.6000000000 3.5472929737
-286.5000000000 3.5473173361
-286.4000000000 3.5470609642
-286.3000000000 3.5493467520
-286.2000000000 3.5503997422
-286.1000000000 3.5489772256
-286.0000000000 3.5475663090
-285.9000000000 3.5523920553
-285.8000000000 3.5500050607
-285.7000000000 3.5499574314
-285.6000000000 3.5517917493
-285.5000000000 3.5551986763
-285.4000000000 3.5496650724
-285.3000000000 3.5519414824
-285.2000000000 3.5483004460
-285.1000000000 3.5496937877
-285.0000000000 3.5517642293
-284.9000000000 3.5558458644
-284.8000000000 3.5482486704
-284.7000000000 3.5490815080
-284.6000000000 3.5485154362
-284.5000000000 3.5516693508
-284.4000000000 3.5468961205
-284.3000000000 3.5481084221
-284.2000000000 3.5493707645
-284.1000000000 3.5537898000
-284.0000000000 3.5572846483
-283.9000000000 3.5598175694
-283.8000000000 3.5575867499
-283.7000000000 3.5572529121
-283.6000000000 3.5578321349
-283.5000000000 3.5603155415
-283.4000000000 3.5628061475
-283.3000000000 3.5635793644
-283.2000000000 3.5635556934
-283.1000000000 3.5670571834
-283.0000000000 3.5643227738
-282.9000000000 3.5656110020
-282.8000000000 3.5630197089
-282.7000000000 3.5615305358
-282.6000000000 3.5608120916
-282.5000000000 3.5534292044
-282.4000000000 3.5535225727
-282.3000000000 3.5585144105
-282.2000000000 3.5599782634
-282.1000000000 3.5614449941
-282.0000000000 3.5604779579
-281.9000000000 3.5622263814
-281.8000000000 3.5568356543
-281.7000000000 3.5611811922
-281.6000000000 3.5566946490
-281.5000000000 3.5576633839
-281.4000000000 3.5602715342
-281.3000000000 3.5635987266
-281.2000000000 3.5626301579
-281.1000000000 3.5585541305
-281.0000000000 3.5618957218
-280.9000000000 3.5619440262
-280.8000000000 3.5563181324
-280.7000000000 3.5592137628
-280.6000000000 3.5590480153
-280.5000000000 3.5568831704
-280.4000000000 3.5601615144
-280.3000000000 3.5625226849
-280.2000000000 3.5607139437
-280.1000000000 3.5616605455
-280.0000000000 3.5609405535
-279.9000000000 3.5608778085
-279.8000000000 3.5619986211
-279.7000000000 3.5653050899
-279.6000000000 3.5685050229
-279.5000000000 3.5611404333
-279.4000000000 3.5639454640
-279.3000000000 3.5614613274
-279.2000000000 3.5680280281
-279.1000000000 3.5660924606
-279.0000000000 3.5666889319
-278.9000000000 3.5670307266
-278.8000000000 3.5659365900
-278.7000000000 3.5702375743
-278.6000000000 3.5713795987
-278.5000000000 3.5709372097
-278.4000000000 3.5703310696
-278.3000000000 3.5699953028
-278.2000000000 3.5677760041
-278.1000000000 3.5669725010
-278.0000000000 3.5668292268
-277.9000000000 3.5651850389
-277.8000000000 3.5638229638
-277.7000000000 3.5679027916
-277.6000000000 3.5691032804
-277.5000000000 3.5731342164
-277.4000000000 3.5734379407
-277.3000000000 3.5648744023
-277.2000000000 3.5668343259
-277.1000000000 3.5697920166
-277.0000000000 3.5684304062
-276.9000000000 3.5695457698
-276.8000000000 3.5712649603
-276.7000000000 3.5720702587
-276.6000000000 3.5711074173
-276.5000000000 3.5720509563
-276.4000000000 3.5732637999
-276.3000000000 3.5742526596
-276.2000000000 3.5760413712
-276.1000000000 3.5773823730
-276.0000000000 3.5798089104
-275.9000000000 3.5813888056
-275.8000000000 3.5799952637
-275.7000000000 3.5821009600
-275.6000000000 3.5791198532
-275.5000000000 3.5790444895
-275.4000000000 3.5808706744
-275.3000000000 3.5843143088
-275.2000000000 3.5846181353
-275.1000000000 3.5891943990
-275.0000000000 3.5895138966
-274.9000000000 3.5895630167
-274.8000000000 3.5855219459
-274.7000000000 3.5854418441
-274.6000000000 3.5793129258
-274.5000000000 3.5834040351
-274.4000000000 3.5768665296
-274.3000000000 3.5762812450
-274.2000000000 3.5711725681
-274.1000000000 3.5710754526
-274.0000000000 3.5705629284
-273.9000000000 3.5663251824
-273.8000000000 3.5695436511
-273.7000000000 3.5719744161
-273.6000000000 3.5732847463
-273.5000000000 3.5729715325
-273.4000000000 3.5765010244
-273.3000000000 3.5734075930
-273.2000000000 3.5766482081
-273.1000000000 3.5758922916
-273.0000000000 3.5753780527
-272.9000000000 3.5754431742
-272.8000000000 3.5787422257
-272.7000000000 3.5782211642
-272.6000000000 3.5816941367
-272.5000000000 3.5749902870
-272.4000000000 3.5772990813
-272.3000000000 3.5787351758
-272.2000000000 3.5833972764
-272.1000000000 3.5850888885
-272.0000000000 3.5861021558
-271.9000000000 3.5815667299
-271.8000000000 3.5806314979
-271.7000000000 3.5805624388
-271.6000000000 3.5822116252
-271.5000000000 3.5831387238
-271.4000000000 3.5841599442
-271.3000000000 3.5856108885
-271.2000000000 3.5856604892
-271.1000000000 3.5852211002
-271.0000000000 3.5824139615
-270.9000000000 3.5872931527
-270.8000000000 3.5847269785
-270.7000000000 3.5815664615
-270.6000000000 3.5838635322
-270.5000000000 3.5865257182
-270.4000000000 3.5770748608
-270.3000000000 3.5774813254
-270.2000000000 3.5790168835
-270.1000000000 3.5818033464
-270.0000000000 3.5737338184
-269.9000000000 3.5744180709
-269.8000000000 3.5763726603
-269.7000000000 3.5773932239
-269.6000000000 3.5762740129
-269.5000000000 3.5797202987
-269.4000000000 3.5793762930
-269.3000000000 3.5802414785
-269.2000000000 3.5735614991
-269.1000000000 3.5751538861
-269.0000000000 3.5762386330
-268.9000000000 3.5779893048
-268.8000000000 3.5783775230
-268.7000000000 3.5771745063
-268.6000000000 3.5806179861
-268.5000000000 3.5789220248
-268.4000000000 3.5817564368
-268.3000000000 3.5821359827
-268.2000000000 3.5783009605
-268.1000000000 3.5818474435
-268.0000000000 3.5789398657
-267.9000000000 3.5781159794
-267.8000000000 3.5721587092
-267.7000000000 3.5777156102
-267.6000000000 3.5729058068
-267.5000000000 3.5775601973
-267.4000000000 3.5667490954
-267.3000000000 3.5703069426
-267.2000000000 3.5724908620
-267.1000000000 3.5768655565
-267.0000000000 3.5744426920
-266.9000000000 3.5780853749
-266.8000000000 3.5817456871
-266.7000000000 3.5809133403
-266.6000000000 3.5795502580
-266.5000000000 3.5809872750
-266.4000000000 3.5835024336
-266.3000000000 3.5841466303
-266.2000000000 3.5798072765
-266.1000000000 3.5762010582
-266.0000000000 3.5748515050
-265.9000000000 3.5760162134
-265.8000000000 3.5715334867
-265.7000000000 3.5748696796
-265.6000000000 3.5760232637
-265.5000000000 3.5784541345
-265.4000000000 3.5787544920
-265.3000000000 3.5780814956
-265.2000000000 3.5779531094
-265.1000000000 3.5775017410
-265.0000000000 3.5787743842
-264.9000000000 3.5793969452
-264.8000000000 3.5732259127
-264.7000000000 3.5737336844
-264.6000000000 3.5732057231
-264.5000000000 3.5739104004
-264.4000000000 3.5771630892
-264.3000000000 3.5798618082
-264.2000000000 3.5784737112
-264.1000000000 3.5799536276
-264.0000000000 3.5770832177
-263.9000000000 3.5769951399
-263.8000000000 3.5788996820
-263.7000000000 3.5740234215
-263.6000000000 3.5736212856
-263.5000000000 3.5718412298
-263.4000000000 3.5732290285
-263.3000000000 3.5734356964
-263.2000000000 3.5724062820
-263.1000000000 3.5734536760
-263.0000000000 3.5711398823
-262.9000000000 3.5744923027
-262.8000000000 3.5747424240
-262.7000000000 3.5736127145
-262.6000000000 3.5760317001
-262.5000000000 3.5785361391
-262.4000000000 3.5730249626
-262.3000000000 3.5719663781
-262.2000000000 3.5688557363
-262.1000000000 3.5710743458
-262.0000000000 3.5636894600
-261.9000000000 3.5611228566
-261.8000000000 3.5595489068
-261.7000000000 3.5659351333
-261.6000000000 3.5668806973
-261.5000000000 3.5646129046
-261.4000000000 3.5667728126
-261.3000000000 3.5712475144
-261.2000000000 3.5732594479
-261.1000000000 3.5779891420
-261.0000000000 3.5792297259
-260.9000000000 3.5795133227
-260.8000000000 3.5784170254
-260.7000000000 3.5778751530
-260.6000000000 3.5777168787
-260.5000000000 3.5800072812
-260.4000000000 3.5796288057
-260.3000000000 3.5787711574
-260.2000000000 3.5823559049
-260.1000000000 3.5863021781
-260.0000000000 3.5853712826
-259.9000000000 3.5824992575
-259.8000000000 3.5788047139
-259.7000000000 3.5800565822
-259.6000000000 3.5823172018
-259.5000000000 3.5841982306
-259.4000000000 3.5844068050
-259.3000000000 3.5861669354
-259.2000000000 3.5874498367
-259.1000000000 3.5847950850
-259.0000000000 3.5856850878
-258.9000000000 3.5875789388
-258.8000000000 3.5878828374
-258.7000000000 3.5911586864
-258.6000000000 3.5937857956
-258.5000000000 3.5940290080
-258.4000000000 3.5935655380
-258.3000000000 3.5870087774
-258.2000000000 3.5866478596
-258.1000000000 3.5911555551
-258.0000000000 3.5891343879
-257.9000000000 3.5840448105
-257.8000000000 3.5892713373
-257.7000000000 3.5928255275
-257.6000000000 3.5923547209
-257.5000000000 3.5889691015
-257.4000000000 3.5910097595
-257.3000000000 3.5943612469
-257.2000000000 3.5954810824
-257.1000000000 3.6002879142
-257.0000000000 3.6009238661
-256.9000000000 3.6046629927
-256.8000000000 3.5968140102
-256.7000000000 3.5983969308
-256.6000000000 3.5934990114
-256.5000000000 3.5964168478
-256.4000000000 3.5970879441
-256.3000000000 3.5972745574
-256.2000000000 3.5939730636
-256.1000000000 3.5966062502
-256.0000000000 3.5993556691
-255.9000000000 3.5995892360
-255.8000000000 3.5926840649
-255.7000000000 3.5933581982
-255.6000000000 3.5916576696
-255.5000000000 3.5928625884
-255.4000000000 3.5903393962
-255.3000000000 3.5884019139
-255.2000000000 3.5907033556
-255.1000000000 3.5856879296
-255.0000000000 3.5890947772
-254.9000000000 3.5905696001
-254.8000000000 3.5919898036
-254.7000000000 3.5876102011
-254.6000000000 3.5900017785
-254.5000000000 3.5902963291
-254.4000000000 3.5914295131
-254.3000000000 3.5938370079
-254.2000000000 3.5930717659
-254.1000000000 3.5933640925
-254.0000000000 3.5942467254
-253.9000000000 3.5952537393
-253.8000000000 3.6008158044
-253.7000000000 3.5934715809
-253.6000000000 3.5854397995
-253.5000000000 3.5775987787
-253.4000000000 3.5753494966
-253.3000000000 3.5777563747
-253.2000000000 3.5766962907
-253.1000000000 3.5813056152
-253.0000000000 3.5840034656
-252.9000000000 3.5866142066
-252.8000000000 3.5867509257
-252.7000000000 3.5827205460
-252.6000000000 3.5810791002
-252.5000000000 3.5836407962
-252.4000000000 3.5862953430
-252.3000000000 3.5841167129
-252.2000000000 3.5798868521
-252.1000000000 3.5773106700
-252.0000000000 3.5784783258
-251.9000000000 3.5797865892
-251.8000000000 3.5802387299
-251.7000000000 3.5824926516
-251.6000000000 3.5858733329
-251.5000000000 3.5849279633
-251.4000000000 3.5841008146
-251.3000000000 3.5853227287
-251.2000000000 3.5898394984
-251.1000000000 3.5871078426
-251.0000000000 3.5885613618
-250.9000000000 3.5860197986
-250.8000000000 3.5853545113
-250.7000000000 3.5815516051
-250.6000000000 3.5813616026
-250.5000000000 3.5798409910
-250.4000000000 3.5728910505
-250.3000000000 3.5783502094
-250.2000000000 3.5795985574
-250.1000000000 3.5821341206
-250.0000000000 3.5831717913
-249.9000000000 3.5754069254
-249.8000000000 3.5701092590
-249.7000000000 3.5676543979
-249.6000000000 3.5695214883
-249.5000000000 3.5739949333
-249.4000000000 3.5761376028
-249.3000000000 3.5732149504
-249.2000000000 3.5712892074
-249.1000000000 3.5739199207
-249.0000000000 3.5767056552
-248.9000000000 3.5737280428
-248.8000000000 3.5740392585
-248.7000000000 3.5773075060
-248.6000000000 3.5773289211
-248.5000000000 3.5764297443
-248.4000000000 3.5752861406
-248.3000000000 3.5778901009
-248.2000000000 3.5774506990
-248.1000000000 3.5778476954
-248.0000000000 3.5778353109
-247.9000000000 3.5776816931
-247.8000000000 3.5768147332
-247.7000000000 3.5802234600
-247.6000000000 3.5785339583
-247.5000000000 3.5760178810
-247.4000000000 3.5773241908
-247.3000000000 3.5797475439
-247.2000000000 3.5841371936
-247.1000000000 3.5805970306
-247.0000000000 3.5799140928
-246.9000000000 3.5844983731
-246.8000000000 3.5839099681
-246.7000000000 3.5834095457
-246.6000000000 3.5887104092
-246.5000000000 3.5875534011
-246.4000000000 3.5862274225
-246.3000000000 3.5918950901
-246.2000000000 3.5935398786
-246.1000000000 3.5873475410
-246.0000000000 3.5903004043
-245.9000000000 3.5835783703
-245.8000000000 3.5793723356
-245.7000000000 3.5821899984
-245.6000000000 3.5801865418
-245.5000000000 3.5783412733
-245.4000000000 3.5747814263
-245.3000000000 3.5748418835
-245.2000000000 3.5758779604
-245.1000000000 3.5785973762
-245.0000000000 3.5875222516
-244.9000000000 3.5900841099
-244.8000000000 3.5869154786
-244.7000000000 3.5887663128
-244.6000000000 3.5922675159
-244.5000000000 3.5933575414
-244.4000000000 3.5938121083
-244.3000000000 3.5926455679
-244.2000000000 3.5906199354
-244.1000000000 3.5957321509
-244.0000000000 3.5985591638
-243.9000000000 3.5957109176
-243.8000000000 3.5954296098
-243.7000000000 3.5979530154
-243.6000000000 3.6019161852
-243.5000000000 3.5928456378
-243.4000000000 3.5909640676
-243.3000000000 3.5889177918
-243.2000000000 3.5876417521
-243.1000000000 3.5887450600
-243.0000000000 3.5882091508
-242.9000000000 3.5926178389
-242.8000000000 3.5905938030
-242.7000000000 3.5935379001
-242.6000000000 3.5932991435
-242.5000000000 3.5959168501
-242.4000000000 3.5940165278
-242.3000000000 3.5915331170
-242.2000000000 3.5937485952
-242.1000000000 3.5969499354
-242.0000000000 3.5945362508
-241.9000000000 3.5923892934
-241.8000000000 3.5929761665
-241.7000000000 3.5950601666
-241.6000000000 3.5965516676
-241.5000000000 3.5976991040
-241.4000000000 3.5992477096
-241.3000000000 3.5928065234
-241.2000000000 3.5924390037
-241.1000000000 3.5968536243
-241.0000000000 3.5994566539
-240.9000000000 3.6020508390
-240.8000000000 3.5994333740
-240.7000000000 3.6022686111
-240.6000000000 3.6036297256
-240.5000000000 3.6025135120
-240.4000000000 3.6022007843
-240.3000000000 3.6040722184
-240.2000000000 3.5978547094
-240.1000000000 3.5985878109
-240.0000000000 3.6001334337
-239.9000000000 3.5990345603
-239.8000000000 3.5936825176
-239.7000000000 3.5979709408
-239.6000000000 3.6005557083
-239.5000000000 3.5998335820
-239.4000000000 3.6013926583
-239.3000000000 3.6049019318
-239.2000000000 3.6050758797
-239.1000000000 3.6021110805
-239.0000000000 3.6050500666
-238.9000000000 3.6097582834
-238.8000000000 3.6112290974
-238.7000000000 3.6105901674
-238.6000000000 3.6116300506
-238.5000000000 3.6068416429
-238.4000000000 3.6048459777
-238.3000000000 3.6073491223
-238.2000000000 3.6118686261
-238.1000000000 3.6071106123
-238.0000000000 3.6066998850
-237.9000000000 3.6048447644
-237.8000000000 3.5993139399
-237.7000000000 3.6009302438
-237.6000000000 3.6044197510
-237.5000000000 3.6056569852
-237.4000000000 3.6000732327
-237.3000000000 3.5993252689
-237.2000000000 3.5953599975
-237.1000000000 3.6002402154
-237.0000000000 3.6014391090
-236.9000000000 3.6028967001
-236.8000000000 3.6033876151
-236.7000000000 3.6051552329
-236.6000000000 3.6025861400
-236.5000000000 3.6042364138
-236.4000000000 3.6049331991
-236.3000000000 3.6037074102
-236.2000000000 3.5990236295
-236.1000000000 3.5971701192
-236.0000000000 3.5993006563
-235.9000000000 3.5959247038
-235.8000000000 3.5848910668
-235.7000000000 3.5891663682
-235.6000000000 3.5869526610
-235.5000000000 3.5863238957
-235.4000000000 3.5897420479
-235.3000000000 3.5890052143
-235.2000000000 3.5862584747
-235.1000000000 3.5909675925
-235.0000000000 3.5926510958
-234.9000000000 3.5907836802
-234.8000000000 3.5905417644
-234.7000000000 3.5883521351
-234.6000000000 3.5918420464
-234.5000000000 3.5867985862
-234.4000000000 3.5851951153
-234.3000000000 3.5848503216
-234.2000000000 3.5776053982
-234.1000000000 3.5802201756
-234.0000000000 3.5794625213
-233.9000000000 3.5773497938
-233.8000000000 3.5733472994
-233.7000000000 3.5749040884
-233.6000000000 3.5764709374
-233.5000000000 3.5748267306
-233.4000000000 3.5747772560
-233.3000000000 3.5725854488
-233.2000000000 3.5758117641
-233.1000000000 3.5769110887
-233.0000000000 3.5803522941
-232.9000000000 3.5829227752
-232.8000000000 3.5721232431
-232.7000000000 3.5757139204
-232.6000000000 3.5776546090
-232.5000000000 3.5804276504
-232.4000000000 3.5690735863
-232.3000000000 3.5643971045
-232.2000000000 3.5616154984
-232.1000000000 3.5629794958
-232.0000000000 3.5644370582
-231.9000000000 3.5683000928
-231.8000000000 3.5664107001
-231.7000000000 3.5676106576
-231.6000000000 3.5708703113
-231.5000000000 3.5685857173
-231.4000000000 3.5681279581
-231.3000000000 3.5719208858
-231.2000000000 3.5570548381
-231.1000000000 3.5573225258
-231.0000000000 3.5590407226
-230.9000000000 3.5634232567
-230.8000000000 3.5649527444
-230.7000000000 3.5663334165
-230.6000000000 3.5678161385
-230.5000000000 3.5705620440
-230.4000000000 3.5693577122
-230.3000000000 3.5771461589
-230.2000000000 3.5764174026
-230.1000000000 3.5769676284
-230.0000000000 3.5729600694
-229.9000000000 3.5713925335
-229.8000000000 3.5748870313
-229.7000000000 3.5712839736
-229.6000000000 3.5739313470
-229.5000000000 3.5808766514
-229.4000000000 3.5773706117
-229.3000000000 3.5781657168
-229.2000000000 3.5804411881
-229.1000000000 3.5775033092
-229.0000000000 3.5822228846
-228.9000000000 3.5849998716
-228.8000000000 3.5872388950
-228.7000000000 3.5908649486
-228.6000000000 3.5888774980
-228.5000000000 3.5920422386
-228.4000000000 3.5881620081
-228.3000000000 3.5878889441
-228.2000000000 3.5859460499
-228.1000000000 3.5852912397
-228.0000000000 3.5842952568
-227.9000000000 3.5901748998
-227.8000000000 3.5876750054
-227.7000000000 3.5877442953
-227.6000000000 3.5829156283
-227.5000000000 3.5792854125
-227.4000000000 3.5851427651
-227.3000000000 3.5902180479
-227.2000000000 3.5813222383
-227.1000000000 3.5839254819
-227.0000000000 3.5866527490
-226.9000000000 3.5790832418
-226.8000000000 3.5777021030
-226.7000000000 3.5774010224
-226.6000000000 3.5786261262
-226.5000000000 3.5806509744
-226.4000000000 3.5825224683
-226.3000000000 3.5834587723
-226.2000000000 3.5790623268
-226.1000000000 3.5774363316
-226.0000000000 3.5809494249
-225.9000000000 3.5848405376
-225.8000000000 3.5850882805
-225.7000000000 3.5854772219
-225.6000000000 3.5833564055
-225.5000000000 3.5849908832
-225.4000000000 3.5842569952
-225.3000000000 3.5848765662
-225.2000000000 3.5874395621
-225.1000000000 3.5859377686
-225.0000000000 3.5793648477
-224.9000000000 3.5802613503
-224.8000000000 3.5816118858
-224.7000000000 3.5837441296
-224.6000000000 3.5854536983
-224.5000000000 3.5868033432
-224.4000000000 3.5871602931
-224.3000000000 3.5857937405
-224.2000000000 3.5876651577
-224.1000000000 3.5906521652
-224.0000000000 3.5917514355
-223.9000000000 3.5922192801
-223.8000000000 3.5943932458
-223.7000000000 3.5936078334
-223.6000000000 3.5923959072
-223.5000000000 3.5958350777
-223.4000000000 3.5983101354
-223.3000000000 3.5926132602
-223.2000000000 3.5820857521
-223.1000000000 3.5874373001
-223.0000000000 3.5862624994
-222.9000000000 3.5907870395
-222.8000000000 3.5911514056
-222.7000000000 3.5929093726
-222.6000000000 3.5922326870
-222.5000000000 3.5873108915
-222.4000000000 3.5789023983
-222.3000000000 3.5802829059
-222.2000000000 3.5836522417
-222.1000000000 3.5815696221
-222.0000000000 3.5854996214
-221.9000000000 3.5880604512
-221.8000000000 3.5857167330
-221.7000000000 3.5851448547
-221.6000000000 3.5840710009
-221.5000000000 3.5851712591
-221.4000000000 3.5779409352
-221.3000000000 3.5768562369
-221.2000000000 3.5780322074
-221.1000000000 3.5758758697
-221.0000000000 3.5773650397
-220.9000000000 3.5754571616
-220.8000000000 3.5786559741
-220.7000000000 3.5795257001
-220.6000000000 3.5815539027
-220.5000000000 3.5839925290
-220.4000000000 3.5882740232
-220.3000000000 3.5883886104
-220.2000000000 3.5887833829
-220.1000000000 3.5862239191
-220.0000000000 3.5891506406
-219.9000000000 3.5904952510
-219.8000000000 3.5946568726
-219.7000000000 3.5860041934
-219.6000000000 3.5896705382
-219.5000000000 3.5917059929
-219.4000000000 3.5910293998
-219.3000000000 3.5934196314
-219.2000000000 3.5959315160
-219.1000000000 3.5942395786
-219.0000000000 3.5915373316
-218.9000000000 3.5970159285
-218.8000000000 3.5887334479
-218.7000000000 3.5872380931
-218.6000000000 3.5928045275
-218.5000000000 3.5880298732
-218.4000000000 3.5906084695
-218.3000000000 3.5923222630
-218.2000000000 3.5912383016
-218.1000000000 3.5912474600
-218.0000000000 3.5923113035
-217.9000000000 3.5924645201
-217.8000000000 3.5950071555
-217.7000000000 3.5905758415
-217.6000000000 3.5928845953
-217.5000000000 3.5952048297
-217.4000000000 3.5973927981
-217.3000000000 3.5947899310
-217.2000000000 3.5953282867
-217.1000000000 3.5973963621
-217.0000000000 3.6007833260
-216.9000000000 3.6029790663
-216.8000000000 3.6052663844
-216.7000000000 3.6041928001
-216.6000000000 3.6041671315
-216.5000000000 3.6042495105
-216.4000000000 3.5980726725
-216.3000000000 3.5966923510
-216.2000000000 3.5953829884
-216.1000000000 3.5964163671
-216.0000000000 3.6017064555
-215.9000000000 3.5954263736
-215.8000000000 3.5931669316
-215.7000000000 3.5964690856
-215.6000000000 3.5948041814
-215.5000000000 3.5943107186
-215.4000000000 3.5957890703
-215.3000000000 3.5982576287
-215.2000000000 3.6007501034
-215.1000000000 3.6005364042
-215.0000000000 3.6017442467
-214.9000000000 3.6018528924
-214.8000000000 3.6030721676
-214.7000000000 3.6034273715
-214.6000000000 3.6016761851
-214.5000000000 3.5966853495
-214.4000000000 3.5973065172
-214.3000000000 3.5995489868
-214.2000000000 3.6018033835
-214.1000000000 3.6050725848
-214.0000000000 3.6022301173
-213.9000000000 3.6034567304
-213.8000000000 3.6019889001
-213.7000000000 3.6042759480
-213.6000000000 3.6063758467
-213.5000000000 3.6107152742
-213.4000000000 3.6090073136
-213.3000000000 3.6134549734
-213.2000000000 3.6078562869
-213.1000000000 3.6092016561
-213.0000000000 3.6079358055
-212.9000000000 3.6100358995
-212.8000000000 3.6119764683
-212.7000000000 3.6124397517
-212.6000000000 3.6104832796
-212.5000000000 3.6093889061
-212.4000000000 3.5996063418
-212.3000000000 3.6006047794
-212.2000000000 3.5949791130
-212.1000000000 3.5962445508
-212.0000000000 3.5983532678
-211.9000000000 3.5991144035
-211.8000000000 3.5971121027
-211.7000000000 3.5978130792
-211.6000000000 3.5986950521
-211.5000000000 3.5983883850
-211.4000000000 3.5954329725
-211.3000000000 3.5993346843
-211.2000000000 3.6014740646
-211.1000000000 3.6058312145
-211.0000000000 3.6072338207
-210.9000000000 3.6070778046
-210.8000000000 3.6093621193
-210.7000000000 3.6091044352
-210.6000000000 3.6100481769
-210.5000000000 3.6142170746
-210.4000000000 3.6166019444
-210.3000000000 3.6168236023
-210.2000000000 3.6180867207
-210.1000000000 3.6177283379
-210.0000000000 3.6198949294
-209.9000000000 3.6158116711
-209.8000000000 3.6163565479
-209.7000000000 3.6162202689
-209.6000000000 3.6172023008
-209.5000000000 3.6181814190
-209.4000000000 3.6194879312
-209.3000000000 3.6218919466
-209.2000000000 3.6130784186
-209.1000000000 3.5989826871
-209.0000000000 3.6041570275
-208.9000000000 3.5998569178
-208.8000000000 3.5995605165
-208.7000000000 3.5859305769
-208.6000000000 3.5903017723
-208.5000000000 3.5914690555
-208.4000000000 3.5939086412
-208.3000000000 3.5961096779
-208.2000000000 3.5981850516
-208.1000000000 3.5943322443
-208.0000000000 3.5907549608
-207.9000000000 3.5910703980
-207.8000000000 3.5919350945
-207.7000000000 3.5941931547
-207.6000000000 3.5986359255
-207.5000000000 3.6007483348
-207.4000000000 3.5948552207
-207.3000000000 3.5958674141
-207.2000000000 3.5988417958
-207.1000000000 3.5982306911
-207.0000000000 3.5999429630
-206.9000000000 3.6034830659
-206.8000000000 3.6035699185
-206.7000000000 3.6039553352
-206.6000000000 3.6012137637
-206.5000000000 3.6015752847
-206.4000000000 3.6018425989
-206.3000000000 3.6030203827
-206.2000000000 3.5988646060
-206.1000000000 3.6001893597
-206.0000000000 3.5990061432
-205.9000000000 3.6002402535
-205.8000000000 3.6007134188
-205.7000000000 3.5956824749
-205.6000000000 3.5963801346
-205.5000000000 3.5926349109
-205.4000000000 3.5873981435
-205.3000000000 3.5905852196
-205.2000000000 3.5884442289
-205.1000000000 3.5906425967
-205.0000000000 3.5918292603
-204.9000000000 3.5901285149
-204.8000000000 3.5930954979
-204.7000000000 3.5917656769
-204.6000000000 3.5862318753
-204.5000000000 3.5868745678
-204.4000000000 3.5890973836
-204.3000000000 3.5893871647
-204.2000000000 3.5876724146
-204.1000000000 3.5893163093
-204.0000000000 3.5910731073
-203.9000000000 3.5921509754
-203.8000000000 3.5886595622
-203.7000000000 3.5912079403
-203.6000000000 3.5808824045
-203.5000000000 3.5768859813
-203.4000000000 3.5748376907
-203.3000000000 3.5736609109
-203.2000000000 3.5759162177
-203.1000000000 3.5732130559
-203.0000000000 3.5718290581
-202.9000000000 3.5740793068
-202.8000000000 3.5765473308
-202.7000000000 3.5699198450
-202.6000000000 3.5723538463
-202.5000000000 3.5758591832
-202.4000000000 3.5747228236
-202.3000000000 3.5771100542
-202.2000000000 3.5803797021
-202.1000000000 3.5818485813
-202.0000000000 3.5813405598
-201.9000000000 3.5776394773
-201.8000000000 3.5796535143
-201.7000000000 3.5792305863
-201.6000000000 3.5784750253
-201.5000000000 3.5786949186
-201.4000000000 3.5809944971
-201.3000000000 3.5853776201
-201.2000000000 3.5737635546
-201.1000000000 3.5735091543
-201.0000000000 3.5747624118
-200.9000000000 3.5718787000
-200.8000000000 3.5717260362
-200.7000000000 3.5647675224
-200.6000000000 3.5700699403
-200.5000000000 3.5679294597
-200.4000000000 3.5690318194
-200.3000000000 3.5721717324
-200.2000000000 3.5723770138
-200.1000000000 3.5724284398
-200.0000000000 3.5759825514
-199.9000000000 3.5783288087
-199.8000000000 3.5676110209
-199.7000000000 3.5649077525
-199.6000000000 3.5678842876
-199.5000000000 3.5654766430
-199.4000000000 3.5666716607
-199.3000000000 3.5686624312
-199.2000000000 3.5673589469
-199.1000000000 3.5690905043
-199.0000000000 3.5723928357
-198.9000000000 3.5732651725
-198.8000000000 3.5695378260
-198.7000000000 3.5627600471
-198.6000000000 3.5645601318
-198.5000000000 3.5624792349
-198.4000000000 3.5622150251
-198.3000000000 3.5675955916
-198.2000000000 3.5647784862
-198.1000000000 3.5648216312
-198.0000000000 3.5659683788
-197.9000000000 3.5672420107
-197.8000000000 3.5672603638
-197.7000000000 3.5684370278
-197.6000000000 3.5664126060
-197.5000000000 3.5696008883
-197.4000000000 3.5706938963
-197.3000000000 3.5659425660
-197.2000000000 3.5680563183
-197.1000000000 3.5684158480
-197.0000000000 3.5692678158
-196.9000000000 3.5667356709
-196.8000000000 3.5717540661
-196.7000000000 3.5740452888
-196.6000000000 3.5638554446
-196.5000000000 3.5559420971
-196.4000000000 3.5545651718
-196.3000000000 3.5567334216
-196.2000000000 3.5547867392
-196.1000000000 3.5577935825
-196.0000000000 3.5402821389
-195.9000000000 3.5443922804
-195.8000000000 3.5487270880
-195.7000000000 3.5475775621
-195.6000000000 3.5494989094
-195.5000000000 3.5507476641
-195.4000000000 3.5527864733
-195.3000000000 3.5548215147
-195.2000000000 3.5588773542
-195.1000000000 3.5563748751
-195.0000000000 3.5563413014
-194.9000000000 3.5574990755
-194.8000000000 3.5547823725
-194.7000000000 3.5519586666
-194.6000000000 3.5534277734
-194.5000000000 3.5547673069
-194.4000000000 3.5593184355
-194.3000000000 3.5609655298
-194.2000000000 3.5520070812
-194.1000000000 3.5449674838
-194.0000000000 3.5458119783
-193.9000000000 3.5489405198
-193.8000000000 3.5438284755
-193.7000000000 3.5417060749
-193.6000000000 3.5430228177
-193.5000000000 3.5441833764
-193.4000000000 3.5442292574
-193.3000000000 3.5485842503
-193.2000000000 3.5483757474
-193.1000000000 3.5435754995
-193.0000000000 3.5427587117
-192.9000000000 3.5439195077
-192.8000000000 3.5472979956
-192.7000000000 3.5512752272
-192.6000000000 3.5468753668
-192.5000000000 3.5524590096
-192.4000000000 3.5517344212
-192.3000000000 3.5525927559
-192.2000000000 3.5537879079
-192.1000000000 3.5504459335
-192.0000000000 3.5502688642
-191.9000000000 3.5514572794
-191.8000000000 3.5547251995
-191.7000000000 3.5540497555
-191.6000000000 3.5543109284
-191.5000000000 3.5568740611
-191.4000000000 3.5623052086
-191.3000000000 3.5589839768
-191.2000000000 3.5599459449
-191.1000000000 3.5560157734
-191.0000000000 3.5498144462
-190.9000000000 3.5465131754
-190.8000000000 3.5491602328
-190.7000000000 3.5549854852
-190.6000000000 3.5498822002
-190.5000000000 3.5502283736
-190.4000000000 3.5497900783
-190.3000000000 3.5494400540
-190.2000000000 3.5519090134
-190.1000000000 3.5509840547
-190.0000000000 3.5502130591
-189.9000000000 3.5502868225
-189.8000000000 3.5496239466
-189.7000000000 3.5481684917
-189.6000000000 3.5492012235
-189.5000000000 3.5469930411
-189.4000000000 3.5471039656
-189.3000000000 3.5481639474
-189.2000000000 3.5452155539
-189.1000000000 3.5479215608
-189.0000000000 3.5481170578
-188.9000000000 3.5513413087
-188.8000000000 3.5525267224
-188.7000000000 3.5509750073
-188.6000000000 3.5506318232
-188.5000000000 3.5502122403
-188.4000000000 3.5526169520
-188.3000000000 3.5471006458
-188.2000000000 3.5506464277
-188.1000000000 3.5519406742
-188.0000000000 3.5527944716
-187.9000000000 3.5563506371
-187.8000000000 3.5526759299
-187.7000000000 3.5552379848
-187.6000000000 3.5578398848
-187.5000000000 3.5593000945
-187.4000000000 3.5594973190
-187.3000000000 3.5612309353
-187.2000000000 3.5618162394
-187.1000000000 3.5603839098
-187.0000000000 3.5597883081
-186.9000000000 3.5652925667
-186.8000000000 3.5671085845
-186.7000000000 3.5676188497
-186.6000000000 3.5632784905
-186.5000000000 3.5617090263
-186.4000000000 3.5604680719
-186.3000000000 3.5626022478
-186.2000000000 3.5594970973
-186.1000000000 3.5573412730
-186.0000000000 3.5578262382
-185.9000000000 3.5522785773
-185.8000000000 3.5492801165
-185.7000000000 3.5420732051
-185.6000000000 3.5435876906
-185.5000000000 3.5459883930
-185.4000000000 3.5359617549
-185.3000000000 3.5403864637
-185.2000000000 3.5400445721
-185.1000000000 3.5376334050
-185.0000000000 3.5402126752
-184.9000000000 3.5411856192
-184.8000000000 3.5448875561
-184.7000000000 3.5429451285
-184.6000000000 3.5464618444
-184.5000000000 3.5499202675
-184.4000000000 3.5504417052
-184.3000000000 3.5530007673
-184.2000000000 3.5483365807
-184.1000000000 3.5436731260
-184.0000000000 3.5433691658
-183.9000000000 3.5467775946
-183.8000000000 3.5493473195
-183.7000000000 3.5519346184
-183.6000000000 3.5521656631
-183.5000000000 3.5491120257
-183.4000000000 3.5516902103
-183.3000000000 3.5480246102
-183.2000000000 3.5444067657
-183.1000000000 3.5446224345
-183.0000000000 3.5458557209
-182.9000000000 3.5470427850
-182.8000000000 3.5458955461
-182.7000000000 3.5493424546
-182.6000000000 3.5503145673
-182.5000000000 3.5516356566
-182.4000000000 3.5539913499
-182.3000000000 3.5554005808
-182.2000000000 3.5567581809
-182.1000000000 3.5591612290
-182.0000000000 3.5555713702
-181.9000000000 3.5588908194
-181.8000000000 3.5601533149
-181.7000000000 3.5581062652
-181.6000000000 3.5557140071
-181.5000000000 3.5592328314
-181.4000000000 3.5551683095
-181.3000000000 3.5541301180
-181.2000000000 3.5549730046
-181.1000000000 3.5543493591
-181.0000000000 3.5579099578
-180.9000000000 3.5592363379
-180.8000000000 3.5574592458
-180.7000000000 3.5587839585
-180.6000000000 3.5632519659
-180.5000000000 3.5658179245
-180.4000000000 3.5671426123
-180.3000000000 3.5673093002
-180.2000000000 3.5707703893
-180.1000000000 3.5692713826
-180.0000000000 3.5686810621
-179.9000000000 3.5715918955
-179.8000000000 3.5685762943
-179.7000000000 3.5685553698
-179.6000000000 3.5705449555
-179.5000000000 3.5701889018
-179.4000000000 3.5702497652
-179.3000000000 3.5701286568
-179.2000000000 3.5747261305
-179.1000000000 3.5761908086
-179.0000000000 3.5551250140
-178.9000000000 3.5554123730
-178.8000000000 3.5572130848
-178.7000000000 3.5605922181
-178.6000000000 3.5620438261
-178.5000000000 3.5574498903
-178.4000000000 3.5629879938
-178.3000000000 3.5643460881
-178.2000000000 3.5644572767
-178.1000000000 3.5642372231
-178.0000000000 3.5574199533
-177.9000000000 3.5620191305
-177.8000000000 3.5589701427
-177.7000000000 3.5605790213
-177.6000000000 3.5602033114
-177.5000000000 3.5589258714
-177.4000000000 3.5607342857
-177.3000000000 3.5583835785
-177.2000000000 3.5627654164
-177.1000000000 3.5578482918
-177.0000000000 3.5587344820
-176.9000000000 3.5596902441
-176.8000000000 3.5642270712
-176.7000000000 3.5636109732
-176.6000000000 3.5660509457
-176.5000000000 3.5669455573
-176.4000000000 3.5598716830
-176.3000000000 3.5548976634
-176.2000000000 3.5585676495
-176.1000000000 3.5545400300
-176.0000000000 3.5488318076
-175.9000000000 3.5452663160
-175.8000000000 3.5433086937
-175.7000000000 3.5444376074
-175.6000000000 3.5421058149
-175.5000000000 3.5443000978
-175.4000000000 3.5485303926
-175.3000000000 3.5487861954
-175.2000000000 3.5476510365
-175.1000000000 3.5512987414
-175.0000000000 3.5424909322
-174.9000000000 3.5469436491
-174.8000000000 3.5459660374
-174.7000000000 3.5442495037
-174.6000000000 3.5472006900
-174.5000000000 3.5491384318
-174.4000000000 3.5501495098
-174.3000000000 3.5513260802
-174.2000000000 3.5484227023
-174.1000000000 3.5495500172
-174.0000000000 3.5528194241
-173.9000000000 3.5541307563
-173.8000000000 3.5543325329
-173.7000000000 3.5544637717
-173.6000000000 3.5477103660
-173.5000000000 3.5485391116
-173.4000000000 3.5543555326
-173.3000000000 3.5523962721
-173.2000000000 3.5510673780
-173.1000000000 3.5546588986
-173.0000000000 3.5561534949
-172.9000000000 3.5576913928
-172.8000000000 3.5527941320
-172.7000000000 3.5527724958
-172.6000000000 3.5474663586
-172.5000000000 3.5478065157
-172.4000000000 3.5512731643
-172.3000000000 3.5545878441
-172.2000000000 3.5571153681
-172.1000000000 3.5582678060
-172.0000000000 3.5610645927
-171.9000000000 3.5626535522
-171.8000000000 3.5610573973
-171.7000000000 3.5586426575
-171.6000000000 3.5632742922
-171.5000000000 3.5621353742
-171.4000000000 3.5547926059
-171.3000000000 3.5547060685
-171.2000000000 3.5582048387
-171.1000000000 3.5604852706
-171.0000000000 3.5566306236
-170.9000000000 3.5580435798
-170.8000000000 3.5613992964
-170.7000000000 3.5598736705
-170.6000000000 3.5632708472
-170.5000000000 3.5662666597
-170.4000000000 3.5655195064
-170.3000000000 3.5706012256
-170.2000000000 3.5744449986
-170.1000000000 3.5747540795
-170.0000000000 3.5732207831
-169.9000000000 3.5746280530
-169.8000000000 3.5758834916
-169.7000000000 3.5789683990
-169.6000000000 3.5783131153
-169.5000000000 3.5829845558
-169.4000000000 3.5844130418
-169.3000000000 3.5816537505
-169.2000000000 3.5843106300
-169.1000000000 3.5822596279
-169.0000000000 3.5787942680
-168.9000000000 3.5789268867
-168.8000000000 3.5815411333
-168.7000000000 3.5739701732
-168.6000000000 3.5709062893
-168.5000000000 3.5722595249
-168.4000000000 3.5696906217
-168.3000000000 3.5743459756
-168.2000000000 3.5745679027
-168.1000000000 3.5761032780
-168.0000000000 3.5689869095
-167.9000000000 3.5696759850
-167.8000000000 3.5689828182
-167.7000000000 3.5687373745
-167.6000000000 3.5730062104
-167.5000000000 3.5764059099
-167.4000000000 3.5802898085
-167.3000000000 3.5798254474
-167.2000000000 3.5802939768
-167.1000000000 3.5790987139
-167.0000000000 3.5722473643
-166.9000000000 3.5730955121
-166.8000000000 3.5755496117
-166.7000000000 3.5758740509
-166.6000000000 3.5771923854
-166.5000000000 3.5759635567
-166.4000000000 3.5772839315
-166.3000000000 3.5784056006
-166.2000000000 3.5820798146
-166.1000000000 3.5835796040
-166.0000000000 3.5834330950
-165.9000000000 3.5868807141
-165.8000000000 3.5861651286
-165.7000000000 3.5842487259
-165.6000000000 3.5846309875
-165.5000000000 3.5848047910
-165.4000000000 3.5862096780
-165.3000000000 3.5886157009
-165.2000000000 3.5902681122
-165.1000000000 3.5898026289
-165.0000000000 3.5889360353
-164.9000000000 3.5837892655
-164.8000000000 3.5832517421
-164.7000000000 3.5879236767
-164.6000000000 3.5858232847
-164.5000000000 3.5890634230
-164.4000000000 3.5850013128
-164.3000000000 3.5831007580
-164.2000000000 3.5758331266
-164.1000000000 3.5731763902
-164.0000000000 3.5777334753
-163.9000000000 3.5799600564
-163.8000000000 3.5787328734
-163.7000000000 3.5792797445
-163.6000000000 3.5724224703
-163.5000000000 3.5747491135
-163.4000000000 3.5745589145
-163.3000000000 3.5754533824
-163.2000000000 3.5776083541
-163.1000000000 3.5788700805
-163.0000000000 3.5764040933
-162.9000000000 3.5751708512
-162.8000000000 3.5749521619
-162.7000000000 3.5745585375
-162.6000000000 3.5776635406
-162.5000000000 3.5736777017
-162.4000000000 3.5770291527
-162.3000000000 3.5781554676
-162.2000000000 3.5800668248
-162.1000000000 3.5756084676
-162.0000000000 3.5767548653
-161.9000000000 3.5737951894
-161.8000000000 3.5725088490
-161.7000000000 3.5718641799
-161.6000000000 3.5735519754
-161.5000000000 3.5769798196
-161.4000000000 3.5773306693
-161.3000000000 3.5808496529
-161.2000000000 3.5844318906
-161.1000000000 3.5836496671
-161.0000000000 3.5835989502
-160.9000000000 3.5859727547
-160.8000000000 3.5815623706
-160.7000000000 3.5860534240
-160.6000000000 3.5875499878
-160.5000000000 3.5829886400
-160.4000000000 3.5820952828
-160.3000000000 3.5844093618
-160.2000000000 3.5846432300
-160.1000000000 3.5809528424
-160.0000000000 3.5782853420
-159.9000000000 3.5804917154
-159.8000000000 3.5829234494
-159.7000000000 3.5809812417
-159.6000000000 3.5758543273
-159.5000000000 3.5791013605
-159.4000000000 3.5771804464
-159.3000000000 3.5726410730
-159.2000000000 3.5748257716
-159.1000000000 3.5747893124
-159.0000000000 3.5769027150
-158.9000000000 3.5770178626
-158.8000000000 3.5765277223
-158.7000000000 3.5764497842
-158.6000000000 3.5795297269
-158.5000000000 3.5736837627
-158.4000000000 3.5777848955
-158.3000000000 3.5811330933
-158.2000000000 3.5832733441
-158.1000000000 3.5867772232
-158.0000000000 3.5798083111
-157.9000000000 3.5819164941
-157.8000000000 3.5840703218
-157.7000000000 3.5853766941
-157.6000000000 3.5866290803
-157.5000000000 3.5888670688
-157.4000000000 3.5872884642
-157.3000000000 3.5893711819
-157.2000000000 3.5868741078
-157.1000000000 3.5879723139
-157.0000000000 3.5853429936
-156.9000000000 3.5796394762
-156.8000000000 3.5804736295
-156.7000000000 3.5762227568
-156.6000000000 3.5767066766
-156.5000000000 3.5767688211
-156.4000000000 3.5800202373
-156.3000000000 3.5833524828
-156.2000000000 3.5833614119
-156.1000000000 3.5809553343
-156.0000000000 3.5789280263
-155.9000000000 3.5692641612
-155.8000000000 3.5724264471
-155.7000000000 3.5739653468
-155.6000000000 3.5687129902
-155.5000000000 3.5687214046
-155.4000000000 3.5717410476
-155.3000000000 3.5652109545
-155.2000000000 3.5682334377
-155.1000000000 3.5714895493
-155.0000000000 3.5717097179
-154.9000000000 3.5647232573
-154.8000000000 3.5698632012
-154.7000000000 3.5725252059
-154.6000000000 3.5717000414
-154.5000000000 3.5727133712
-154.4000000000 3.5740605869
-154.3000000000 3.5712170213
-154.2000000000 3.5694851770
-154.1000000000 3.5673565896
-154.0000000000 3.5706100297
-153.9000000000 3.5685600274
-153.8000000000 3.5708153056
-153.7000000000 3.5709452327
-153.6000000000 3.5756635718
-153.5000000000 3.5785286143
-153.4000000000 3.5792091892
-153.3000000000 3.5816333736
-153.2000000000 3.5818015111
-153.1000000000 3.5844556681
-153.0000000000 3.5856631917
-152.9000000000 3.5822924892
-152.8000000000 3.5813566639
-152.7000000000 3.5829919695
-152.6000000000 3.5760910034
-152.5000000000 3.5796218363
-152.4000000000 3.5811488221
-152.3000000000 3.5758991248
-152.2000000000 3.5755301868
-152.1000000000 3.5771118714
-152.0000000000 3.5788366466
-151.9000000000 3.5807646959
-151.8000000000 3.5835940769
-151.7000000000 3.5791300163
-151.6000000000 3.5826829574
-151.5000000000 3.5853398451
-151.4000000000 3.5871491575
-151.3000000000 3.5854068355
-151.2000000000 3.5879021100
-151.1000000000 3.5833136890
-151.0000000000 3.5837084925
-150.9000000000 3.5861582846
-150.8000000000 3.5740907595
-150.7000000000 3.5811456745
-150.6000000000 3.5812471322
-150.5000000000 3.5843082913
-150.4000000000 3.5821943368
-150.3000000000 3.5824570686
-150.2000000000 3.5788257624
-150.1000000000 3.5800223220
-150.0000000000 3.5782911575
-149.9000000000 3.5808567151
-149.8000000000 3.5815253650
-149.7000000000 3.5812389325
-149.6000000000 3.5848078318
-149.5000000000 3.5810975084
-149.4000000000 3.5836747606
-149.3000000000 3.5852116483
-149.2000000000 3.5863222322
-149.1000000000 3.5878288881
-149.0000000000 3.5837841582
-148.9000000000 3.5806732608
-148.8000000000 3.5816864076
-148.7000000000 3.5795414874
-148.6000000000 3.5775727900
-148.5000000000 3.5794451693
-148.4000000000 3.5829235739
-148.3000000000 3.5854593355
-148.2000000000 3.5867849130
-148.1000000000 3.5879176334
-148.0000000000 3.5889860164
-147.9000000000 3.5879100554
-147.8000000000 3.5882678686
-147.7000000000 3.5876328703
-147.6000000000 3.5909279743
-147.5000000000 3.5890345485
-147.4000000000 3.5893065227
-147.3000000000 3.5879109575
-147.2000000000 3.5882556129
-147.1000000000 3.5757684704
-147.0000000000 3.5758488440
-146.9000000000 3.5722693441
-146.8000000000 3.5717837087
-146.7000000000 3.5708912505
-146.6000000000 3.5709563340
-146.5000000000 3.5662138532
-146.4000000000 3.5673011213
-146.3000000000 3.5738594164
-146.2000000000 3.5731932672
-146.1000000000 3.5747046276
-146.0000000000 3.5772424997
-145.9000000000 3.5757273369
-145.8000000000 3.5802700398
-145.7000000000 3.5786531034
-145.6000000000 3.5805808493
-145.5000000000 3.5813410686
-145.4000000000 3.5756845205
-145.3000000000 3.5743117791
-145.2000000000 3.5680238693
-145.1000000000 3.5677075419
-145.0000000000 3.5684692357
-144.9000000000 3.5655917428
-144.8000000000 3.5645527799
-144.7000000000 3.5597585773
-144.6000000000 3.5580237066
-144.5000000000 3.5560555233
-144.4000000000 3.5547209396
-144.3000000000 3.5572658294
-144.2000000000 3.5548445038
-144.1000000000 3.5531496418
-144.0000000000 3.5506801096
-143.9000000000 3.5497499019
-143.8000000000 3.5529539807
-143.7000000000 3.5587394178
-143.6000000000 3.5589988694
-143.5000000000 3.5552305875
-143.4000000000 3.5522966353
-143.3000000000 3.5526516250
-143.2000000000 3.5552068115
-143.1000000000 3.5552434388
-143.0000000000 3.5599842769
-142.9000000000 3.5582997493
-142.8000000000 3.5570226012
-142.7000000000 3.5584949386
-142.6000000000 3.5503798048
-142.5000000000 3.5506910817
-142.4000000000 3.5524410476
-142.3000000000 3.5528712725
-142.2000000000 3.5527172278
-142.1000000000 3.5511741549
-142.0000000000 3.5504539690
-141.9000000000 3.5521940904
-141.8000000000 3.5501112617
-141.7000000000 3.5536124963
-141.6000000000 3.5529132578
-141.5000000000 3.5574056333
-141.4000000000 3.5596454086
-141.3000000000 3.5590146818
-141.2000000000 3.5598826495
-141.1000000000 3.5561766269
-141.0000000000 3.5581062865
-140.9000000000 3.5565621726
-140.8000000000 3.5551958472
-140.7000000000 3.5563703148
-140.6000000000 3.5552106836
-140.5000000000 3.5573388877
-140.4000000000 3.5598001143
-140.3000000000 3.5583013747
-140.2000000000 3.5587440838
-140.1000000000 3.5586134464
-140.0000000000 3.5557975001
-139.9000000000 3.5592397937
-139.8000000000 3.5615056532
-139.7000000000 3.5618969887
-139.6000000000 3.5643731838
-139.5000000000 3.5696964089
-139.4000000000 3.5707786420
-139.3000000000 3.5626780393
-139.2000000000 3.5665208939
-139.1000000000 3.5704306823
-139.0000000000 3.5731389147
-138.9000000000 3.5715845020
-138.8000000000 3.5684165807
-138.7000000000 3.5679987728
-138.6000000000 3.5714237677
-138.5000000000 3.5686525347
-138.4000000000 3.5743398262
-138.3000000000 3.5707825936
-138.2000000000 3.5686939083
-138.1000000000 3.5655676872
-138.0000000000 3.5681736694
-137.9000000000 3.5731616420
-137.8000000000 3.5687730906
-137.7000000000 3.5708103595
-137.6000000000 3.5695137070
-137.5000000000 3.5708076143
-137.4000000000 3.5699724080
-137.3000000000 3.5701389880
-137.2000000000 3.5708699240
-137.1000000000 3.5713785360
-137.0000000000 3.5647112174
-136.9000000000 3.5683142160
-136.8000000000 3.5674078380
-136.7000000000 3.5707554166
-136.6000000000 3.5679397958
-136.5000000000 3.5670273538
-136.4000000000 3.5693605185
-136.3000000000 3.5717342261
-136.2000000000 3.5752446724
-136.1000000000 3.5799464941
-136.0000000000 3.5809079485
-135.9000000000 3.5857448060
-135.8000000000 3.5853101894
-135.7000000000 3.5858024033
-135.6000000000 3.5833297683
-135.5000000000 3.5848678240
-135.4000000000 3.5828445594
-135.3000000000 3.5813800701
-135.2000000000 3.5813892581
-135.1000000000 3.5785757355
-135.0000000000 3.5808315768
-134.9000000000 3.5807117127
-134.8000000000 3.5733876681
-134.7000000000 3.5767784651
-134.6000000000 3.5759079081
-134.5000000000 3.5702842063
-134.4000000000 3.5719230494
-134.3000000000 3.5732366272
-134.2000000000 3.5763151028
-134.1000000000 3.5789819411
-134.0000000000 3.5757452113
-133.9000000000 3.5755387423
-133.8000000000 3.5688537700
-133.7000000000 3.5617478602
-133.6000000000 3.5595912173
-133.5000000000 3.5628473181
-133.4000000000 3.5646829020
-133.3000000000 3.5669821503
-133.2000000000 3.5693060463
-133.1000000000 3.5646253328
-133.0000000000 3.5648712654
-132.9000000000 3.5590997108
-132.8000000000 3.5637579720
-132.7000000000 3.5611031983
-132.6000000000 3.5613778871
-132.5000000000 3.5639255290
-132.4000000000 3.5649057171
-132.3000000000 3.5569006803
-132.2000000000 3.5585368166
-132.1000000000 3.5621784883
-132.0000000000 3.5645654179
-131.9000000000 3.5611399982
-131.8000000000 3.5658605541
-131.7000000000 3.5698513312
-131.6000000000 3.5692974976
-131.5000000000 3.5706929799
-131.4000000000 3.5704038417
-131.3000000000 3.5693883418
-131.2000000000 3.5709934340
-131.1000000000 3.5718081290
-131.0000000000 3.5734488437
-130.9000000000 3.5713443758
-130.8000000000 3.5724844102
-130.7000000000 3.5711410155
-130.6000000000 3.5735231635
-130.5000000000 3.5791943052
-130.4000000000 3.5789728061
-130.3000000000 3.5802911900
-130.2000000000 3.5816940737
-130.1000000000 3.5862947540
-130.0000000000 3.5853754861
-129.9000000000 3.5878948802
-129.8000000000 3.5873472851
-129.7000000000 3.5892106834
-129.6000000000 3.5883654533
-129.5000000000 3.5856554940
-129.4000000000 3.5854870868
-129.3000000000 3.5853628926
-129.2000000000 3.5774948232
-129.1000000000 3.5782484115
-129.0000000000 3.5796571630
-128.9000000000 3.5842587984
-128.8000000000 3.5858326097
-128.7000000000 3.5871506976
-128.6000000000 3.5825280210
-128.5000000000 3.5826744872
-128.4000000000 3.5851478701
-128.3000000000 3.5878720087
-128.2000000000 3.5850096173
-128.1000000000 3.5864120402
-128.0000000000 3.5898305073
-127.9000000000 3.5846199273
-127.8000000000 3.5856532141
-127.7000000000 3.5832925585
-127.6000000000 3.5776587292
-127.5000000000 3.5788232266
-127.4000000000 3.5801385961
-127.3000000000 3.5791625390
-127.2000000000 3.5797648748
-127.1000000000 3.5832361006
-127.0000000000 3.5835606007
-126.9000000000 3.5806318028
-126.8000000000 3.5770209710
-126.7000000000 3.5746253976
-126.6000000000 3.5704158817
-126.5000000000 3.5689387378
-126.4000000000 3.5719672659
-126.3000000000 3.5762303140
-126.2000000000 3.5755968004
-126.1000000000 3.5734864917
-126.0000000000 3.5755238694
-125.9000000000 3.5769328346
-125.8000000000 3.5765265358
-125.7000000000 3.5756193400
-125.6000000000 3.5832517644
-125.5000000000 3.5813881757
-125.4000000000 3.5829039283
-125.3000000000 3.5736127020
-125.2000000000 3.5734832140
-125.1000000000 3.5748937416
-125.0000000000 3.5746254953
-124.9000000000 3.5769653731
-124.8000000000 3.5824112942
-124.7000000000 3.5829650807
-124.6000000000 3.5734234878
-124.5000000000 3.5787837678
-124.4000000000 3.5859201437
-124.3000000000 3.5835623485
-124.2000000000 3.5840230028
-124.1000000000 3.5778695404
-124.0000000000 3.5812771767
-123.9000000000 3.5744507159
-123.8000000000 3.5769884953
-123.7000000000 3.5773251603
-123.6000000000 3.5778289534
-123.5000000000 3.5753188875
-123.4000000000 3.5730160080
-123.3000000000 3.5797252875
-123.2000000000 3.5798034599
-123.1000000000 3.5768309167
-123.0000000000 3.5763871342
-122.9000000000 3.5712559985
-122.8000000000 3.5664021848
-122.7000000000 3.5687140810
-122.6000000000 3.5720148039
-122.5000000000 3.5750576524
-122.4000000000 3.5672475557
-122.3000000000 3.5709347388
-122.2000000000 3.5645397017
-122.1000000000 3.5611820007
-122.0000000000 3.5658050313
-121.9000000000 3.5676342008
-121.8000000000 3.5669815088
-121.7000000000 3.5691439485
-121.6000000000 3.5662187607
-121.5000000000 3.5643034853
-121.4000000000 3.5675735656
-121.3000000000 3.5721358070
-121.2000000000 3.5699024994
-121.1000000000 3.5651053222
-121.0000000000 3.5696347012
-120.9000000000 3.5682335455
-120.8000000000 3.5681346619
-120.7000000000 3.5659261007
-120.6000000000 3.5618453981
-120.5000000000 3.5638518265
-120.4000000000 3.5595535372
-120.3000000000 3.5631386152
-120.2000000000 3.5668680649
-120.1000000000 3.5706811257
-120.0000000000 3.5673469580
-119.9000000000 3.5670236522
-119.8000000000 3.5677345502
-119.7000000000 3.5683593113
-119.6000000000 3.5652304660
-119.5000000000 3.5709080822
-119.4000000000 3.5715784870
-119.3000000000 3.5729422061
-119.2000000000 3.5757756980
-119.1000000000 3.5772405524
-119.0000000000 3.5761825781
-118.9000000000 3.5742647156
-118.8000000000 3.5730453843
-118.7000000000 3.5709162565
-118.6000000000 3.5692980075
-118.5000000000 3.5644878581
-118.4000000000 3.5643725365
-118.3000000000 3.5672470210
-118.2000000000 3.5637395468
-118.1000000000 3.5599183205
-118.0000000000 3.5591905476
-117.9000000000 3.5607323807
-117.8000000000 3.5609777567
-117.7000000000 3.5630998951
-117.6000000000 3.5593202895
-117.5000000000 3.5582778764
-117.4000000000 3.5627317530
-117.3000000000 3.5661830733
-117.2000000000 3.5579738353
-117.1000000000 3.5582373852
-117.0000000000 3.5557359354
-116.9000000000 3.5502325331
-116.8000000000 3.5514544540
-116.7000000000 3.5527854291
-116.6000000000 3.5525893541
-116.5000000000 3.5525463413
-116.4000000000 3.5443086965
-116.3000000000 3.5476053804
-116.2000000000 3.5499205298
-116.1000000000 3.5500585820
-116.0000000000 3.5480013314
-115.9000000000 3.5545343469
-115.8000000000 3.5498285131
-115.7000000000 3.5508351463
-115.6000000000 3.5522871347
-115.5000000000 3.5526526025
-115.4000000000 3.5531736240
-115.3000000000 3.5568213698
-115.2000000000 3.5541468715
-115.1000000000 3.5542527085
-115.0000000000 3.5538408960
-114.9000000000 3.5549535367
-114.8000000000 3.5531947603
-114.7000000000 3.5545090434
-114.6000000000 3.5557768072
-114.5000000000 3.5580509797
-114.4000000000 3.5541454019
-114.3000000000 3.5573562643
-114.2000000000 3.5561625621
-114.1000000000 3.5573081579
-114.0000000000 3.5596313248
-113.9000000000 3.5639944284
-113.8000000000 3.5649904479
-113.7000000000 3.5662170638
-113.6000000000 3.5634987698
-113.5000000000 3.5681291744
-113.4000000000 3.5714879169
-113.3000000000 3.5613592029
-113.2000000000 3.5602571766
-113.1000000000 3.5635816544
-113.0000000000 3.5587336325
-112.9000000000 3.5598720231
-112.8000000000 3.5585910903
-112.7000000000 3.5588626566
-112.6000000000 3.5597493499
-112.5000000000 3.5562416615
-112.4000000000 3.5530606942
-112.3000000000 3.5554856953
-112.2000000000 3.5545144127
-112.1000000000 3.5579320618
-112.0000000000 3.5568581055
-111.9000000000 3.5566636917
-111.8000000000 3.5586927865
-111.7000000000 3.5580629668
-111.6000000000 3.5597588059
-111.5000000000 3.5608072664
-111.4000000000 3.5646795895
-111.3000000000 3.5648252850
-111.2000000000 3.5650464906
-111.1000000000 3.5577263941
-111.0000000000 3.5602172369
-110.9000000000 3.5611408405
-110.8000000000 3.5646538734
-110.7000000000 3.5621248893
-110.6000000000 3.5656739846
-110.5000000000 3.5703310424
-110.4000000000 3.5699297333
-110.3000000000 3.5702775521
-110.2000000000 3.5731210708
-110.1000000000 3.5734786572
-110.0000000000 3.5738583899
-109.9000000000 3.5724309748
-109.8000000000 3.5601293607
-109.7000000000 3.5573543246
-109.6000000000 3.5577060716
-109.5000000000 3.5603183128
-109.4000000000 3.5629410740
-109.3000000000 3.5608164585
-109.2000000000 3.5633653704
-109.1000000000 3.5627112375
-109.0000000000 3.5556545258
-108.9000000000 3.5490549007
-108.8000000000 3.5547866048
-108.7000000000 3.5536287377
-108.6000000000 3.5518610274
-108.5000000000 3.5548470258
-108.4000000000 3.5522739184
-108.3000000000 3.5538826028
-108.2000000000 3.5504948223
-108.1000000000 3.5520960809
-108.0000000000 3.5480629020
-107.9000000000 3.5463333934
-107.8000000000 3.5455994507
-107.7000000000 3.5452678124
-107.6000000000 3.5473219761
-107.5000000000 3.5449492248
-107.4000000000 3.5498185873
-107.3000000000 3.5511558363
-107.2000000000 3.5525989409
-107.1000000000 3.5550135058
-107.0000000000 3.5574247238
-106.9000000000 3.5599052515
-106.8000000000 3.5645516786
-106.7000000000 3.5657160191
-106.6000000000 3.5623646048
-106.5000000000 3.5642602423
-106.4000000000 3.5450938901
-106.3000000000 3.5424521594
-106.2000000000 3.5492165704
-106.1000000000 3.5476786976
-106.0000000000 3.5512126944
-105.9000000000 3.5496753350
-105.8000000000 3.5513322197
-105.7000000000 3.5449006224
-105.6000000000 3.5413449970
-105.5000000000 3.5424249242
-105.4000000000 3.5472371867
-105.3000000000 3.5420048625
-105.2000000000 3.5412801662
-105.1000000000 3.5415647552
-105.0000000000 3.5426051886
-104.9000000000 3.5434301603
-104.8000000000 3.5431985546
-104.7000000000 3.5457797793
-104.6000000000 3.5470756140
-104.5000000000 3.5496762083
-104.4000000000 3.5480673720
-104.3000000000 3.5456183405
-104.2000000000 3.5419680471
-104.1000000000 3.5450318335
-104.0000000000 3.5475958817
-103.9000000000 3.5486071190
-103.8000000000 3.5476399702
-103.7000000000 3.5512739527
-103.6000000000 3.5528666464
-103.5000000000 3.5467477185
-103.4000000000 3.5476734724
-103.3000000000 3.5462369219
-103.2000000000 3.5473169341
-103.1000000000 3.5415639672
-103.0000000000 3.5450974450
-102.9000000000 3.5443715765
-102.8000000000 3.5466791361
-102.7000000000 3.5488786513
-102.6000000000 3.5468445545
-102.5000000000 3.5454350490
-102.4000000000 3.5433938270
-102.3000000000 3.5370646644
-102.2000000000 3.5333391666
-102.1000000000 3.5344294620
-102.0000000000 3.5388592937
-101.9000000000 3.5434835647
-101.8000000000 3.5397214188
-101.7000000000 3.5367904463
-101.6000000000 3.5459290771
-101.5000000000 3.5375138375
-101.4000000000 3.5375144207
-101.3000000000 3.5375657441
-101.2000000000 3.5398045521
-101.1000000000 3.5353362887
-101.0000000000 3.5304119071
-100.9000000000 3.5370645501
-100.8000000000 3.5290328839
-100.7000000000 3.5303900427
-100.6000000000 3.5333593925
-100.5000000000 3.5379814006
-100.4000000000 3.5375701130
-100.3000000000 3.5404732670
-100.2000000000 3.5399631740
-100.1000000000 3.5384409373
-100.0000000000 3.5353719857
-99.9000000000 3.5370039747
-99.8000000000 3.5410313244
-99.7000000000 3.5435442767
-99.6000000000 3.5401124117
-99.5000000000 3.5450537593
-99.4000000000 3.5446889081
-99.3000000000 3.5418851146
-99.2000000000 3.5405642933
-99.1000000000 3.5439105090
-99.0000000000 3.5404157965
-98.9000000000 3.5432356418
-98.8000000000 3.5437388936
-98.7000000000 3.5450358727
-98.6000000000 3.5447115087
-98.5000000000 3.5463499955
-98.4000000000 3.5435390201
-98.3000000000 3.5419558265
-98.2000000000 3.5444604668
-98.1000000000 3.5457010922
-98.0000000000 3.5407659995
-97.9000000000 3.5430474246
-97.8000000000 3.5436635188
-97.7000000000 3.5428972185
-97.6000000000 3.5431084523
-97.5000000000 3.5445208555
-97.4000000000 3.5463755738
-97.3000000000 3.5464307422
-97.2000000000 3.5486975845
-97.1000000000 3.5407205216
-97.0000000000 3.5290433235
-96.9000000000 3.5325024088
-96.8000000000 3.5279693206
-96.7000000000 3.5190544243
-96.6000000000 3.5236330999
-96.5000000000 3.5252953345
-96.4000000000 3.5264681458
-96.3000000000 3.5244722850
-96.2000000000 3.5232110620
-96.1000000000 3.5224076099
-96.0000000000 3.5243107012
-95.9000000000 3.5279372525
-95.8000000000 3.5305509013
-95.7000000000 3.5292750621
-95.6000000000 3.5281311925
-95.5000000000 3.5326952899
-95.4000000000 3.5304572315
-95.3000000000 3.5361956158
-95.2000000000 3.5377693272
-95.1000000000 3.5377442448
-95.0000000000 3.5404941051
-94.9000000000 3.5280736024
-94.8000000000 3.5306566682
-94.7000000000 3.5334117304
-94.6000000000 3.5288908978
-94.5000000000 3.5291839787
-94.4000000000 3.5295676721
-94.3000000000 3.5341319944
-94.2000000000 3.5332638059
-94.1000000000 3.5349300565
-94.0000000000 3.5313204541
-93.9000000000 3.5335213714
-93.8000000000 3.5311671874
-93.7000000000 3.5336278670
-93.6000000000 3.5266402224
-93.5000000000 3.5299726748
-93.4000000000 3.5369342874
-93.3000000000 3.5373241958
-93.2000000000 3.5385930537
-93.1000000000 3.5387426326
-93.0000000000 3.5424601157
-92.9000000000 3.5398901414
-92.8000000000 3.5429956033
-92.7000000000 3.5420331737
-92.6000000000 3.5391645012
-92.5000000000 3.5426478530
-92.4000000000 3.5475274151
-92.3000000000 3.5411716325
-92.2000000000 3.5422104540
-92.1000000000 3.5474114740
-92.0000000000 3.5504373748
-91.9000000000 3.5428594475
-91.8000000000 3.5384848578
-91.7000000000 3.5390139121
-91.6000000000 3.5421865284
-91.5000000000 3.5423637973
-91.4000000000 3.5463727228
-91.3000000000 3.5443872385
-91.2000000000 3.5442653756
-91.1000000000 3.5513504928
-91.0000000000 3.5527682437
-90.9000000000 3.5558341819
-90.8000000000 3.5486180735
-90.7000000000 3.5483771933
-90.6000000000 3.5450169359
-90.5000000000 3.5410215802
-90.4000000000 3.5420523965
-90.3000000000 3.5455740564
-90.2000000000 3.5368140820
-90.1000000000 3.5386327579
-90.0000000000 3.5366917143
-89.9000000000 3.5392403568
-89.8000000000 3.5410955372
-89.7000000000 3.5395237720
-89.6000000000 3.5409548918
-89.5000000000 3.5453580007
-89.4000000000 3.5421101513
-89.3000000000 3.5435426891
-89.2000000000 3.5417873278
-89.1000000000 3.5464617509
-89.0000000000 3.5535346549
-88.9000000000 3.5465456703
-88.8000000000 3.5504592272
-88.7000000000 3.5510959494
-88.6000000000 3.5542422407
-88.5000000000 3.5452050211
-88.4000000000 3.5442323391
-88.3000000000 3.5444035491
-88.2000000000 3.5414961199
-88.1000000000 3.5453303187
-88.0000000000 3.5440232184
-87.9000000000 3.5449274988
-87.8000000000 3.5444790203
-87.7000000000 3.5426746732
-87.6000000000 3.5400704693
-87.5000000000 3.5393317100
-87.4000000000 3.5428947849
-87.3000000000 3.5421729132
-87.2000000000 3.5490726784
-87.1000000000 3.5486616833
-87.0000000000 3.5519327414
-86.9000000000 3.5457504979
-86.8000000000 3.5406248214
-86.7000000000 3.5397950553
-86.6000000000 3.5456336373
-86.5000000000 3.5471200206
-86.4000000000 3.5396116513
-86.3000000000 3.5402237958
-86.2000000000 3.5383584853
-86.1000000000 3.5407581652
-86.0000000000 3.5379765942
-85.9000000000 3.5375887859
-85.8000000000 3.5398530282
-85.7000000000 3.5421151036
-85.6000000000 3.5422219905
-85.5000000000 3.5454052436
-85.4000000000 3.5423807755
-85.3000000000 3.5410669823
-85.2000000000 3.5431209395
-85.1000000000 3.5434460818
-85.0000000000 3.5431027054
-84.9000000000 3.5419890975
-84.8000000000 3.5459392024
-84.7000000000 3.5460451185
-84.6000000000 3.5479366111
-84.5000000000 3.5516342275
-84.4000000000 3.5492791899
-84.3000000000 3.5508694105
-84.2000000000 3.5500885527
-84.1000000000 3.5524124000
-84.0000000000 3.5463365407
-83.9000000000 3.5486484711
-83.8000000000 3.5515629887
-83.7000000000 3.5512608439
-83.6000000000 3.5497754647
-83.5000000000 3.5468516026
-83.4000000000 3.5480258134
-83.3000000000 3.5549057275
-83.2000000000 3.5554958144
-83.1000000000 3.5536080178
-83.0000000000 3.5526112129
-82.9000000000 3.5509779554
-82.8000000000 3.5521517536
-82.7000000000 3.5566402416
-82.6000000000 3.5517607199
-82.5000000000 3.5581642713
-82.4000000000 3.5580565370
-82.3000000000 3.5650521202
-82.2000000000 3.5619513336
-82.1000000000 3.5577133265
-82.0000000000 3.5594894902
-81.9000000000 3.5622277186
-81.8000000000 3.5631128660
-81.7000000000 3.5576805578
-81.6000000000 3.5579128445
-81.5000000000 3.5558196183
-81.4000000000 3.5578186513
-81.3000000000 3.5548129776
-81.2000000000 3.5567649782
-81.1000000000 3.5547527022
-81.0000000000 3.5580655947
-80.9000000000 3.5614234910
-80.8000000000 3.5653114250
-80.7000000000 3.5611032512
-80.6000000000 3.5589974075
-80.5000000000 3.5578057896
-80.4000000000 3.5534580382
-80.3000000000 3.5581095586
-80.2000000000 3.5629483483
-80.1000000000 3.5647433242
-80.0000000000 3.5558108196
-79.9000000000 3.5575983454
-79.8000000000 3.5580365244
-79.7000000000 3.5580274062
-79.6000000000 3.5561246618
-79.5000000000 3.5577265834
-79.4000000000 3.5523237251
-79.3000000000 3.5504151959
-79.2000000000 3.5517574209
-79.1000000000 3.5553625916
-79.0000000000 3.5556440143
-78.9000000000 3.5565676102
-78.8000000000 3.5563607340
-78.7000000000 3.5526658309
-78.6000000000 3.5545530268
-78.5000000000 3.5557793620
-78.4000000000 3.5555412551
-78.3000000000 3.5560932952
-78.2000000000 3.5586764653
-78.1000000000 3.5568538922
-78.0000000000 3.5599573841
-77.9000000000 3.5595391792
-77.8000000000 3.5602308007
-77.7000000000 3.5538012489
-77.6000000000 3.5538451302
-77.5000000000 3.5541831883
-77.4000000000 3.5519803510
-77.3000000000 3.5556831924
-77.2000000000 3.5495582928
-77.1000000000 3.5534852997
-77.0000000000 3.5561534827
-76.9000000000 3.5521892012
-76.8000000000 3.5472206267
-76.7000000000 3.5488052538
-76.6000000000 3.5448560442
-76.5000000000 3.5496298815
-76.4000000000 3.5513381236
-76.3000000000 3.5550596878
-76.2000000000 3.5544594774
-76.1000000000 3.5530247937
-76.0000000000 3.5484165400
-75.9000000000 3.5509461318
-75.8000000000 3.5530946467
-75.7000000000 3.5532051950
-75.6000000000 3.5529710030
-75.5000000000 3.5500372165
-75.4000000000 3.5492154364
-75.3000000000 3.5515624647
-75.2000000000 3.5530356863
-75.1000000000 3.5579229999
-75.0000000000 3.5580261386
-74.9000000000 3.5611630159
-74.8000000000 3.5599350150
-74.7000000000 3.5603468678
-74.6000000000 3.5581342204
-74.5000000000 3.5618456871
-74.4000000000 3.5543124616
-74.3000000000 3.5537471667
-74.2000000000 3.5529365263
-74.1000000000 3.5486208879
-74.0000000000 3.5458864581
-73.9000000000 3.5491219094
-73.8000000000 3.5511983932
-73.7000000000 3.5528458544
-73.6000000000 3.5452429386
-73.5000000000 3.5453599371
-73.4000000000 3.5464028162
-73.3000000000 3.5466461598
-73.2000000000 3.5446137688
-73.1000000000 3.5447015679
-73.0000000000 3.5471877200
-72.9000000000 3.5487995064
-72.8000000000 3.5490112620
-72.7000000000 3.5493866955
-72.6000000000 3.5434306317
-72.5000000000 3.5444623178
-72.4000000000 3.5470870083
-72.3000000000 3.5497070911
-72.2000000000 3.5526722984
-72.1000000000 3.5534921145
-72.0000000000 3.5552844680
-71.9000000000 3.5556122506
-71.8000000000 3.5532645663
-71.7000000000 3.5531820438
-71.6000000000 3.5546468408
-71.5000000000 3.5560814724
-71.4000000000 3.5556382220
-71.3000000000 3.5568827977
-71.2000000000 3.5598570678
-71.1000000000 3.5589174700
-71.0000000000 3.5555869187
-70.9000000000 3.5577392063
-70.8000000000 3.5581133382
-70.7000000000 3.5574424380
-70.6000000000 3.5576849463
-70.5000000000 3.5612762563
-70.4000000000 3.5615829425
-70.3000000000 3.5630456420
-70.2000000000 3.5607412860
-70.1000000000 3.5596762928
-70.0000000000 3.5604548261
-69.9000000000 3.5638526649
-69.8000000000 3.5590733743
-69.7000000000 3.5623447810
-69.6000000000 3.5637779094
-69.5000000000 3.5641883697
-69.4000000000 3.5631021021
-69.3000000000 3.5605603777
-69.2000000000 3.5597930402
-69.1000000000 3.5546681703
-69.0000000000 3.5572107990
-68.9000000000 3.5559628744
-68.8000000000 3.5571335414
-68.7000000000 3.5596049815
-68.6000000000 3.5609017504
-68.5000000000 3.5597482237
-68.4000000000 3.5632904365
-68.3000000000 3.5633072044
-68.2000000000 3.5579114883
-68.1000000000 3.5597966730
-68.0000000000 3.5610272142
-67.9000000000 3.5620097613
-67.8000000000 3.5585381935
-67.7000000000 3.5619923415
-67.6000000000 3.5640147389
-67.5000000000 3.5587356489
-67.4000000000 3.5597125211
-67.3000000000 3.5643106521
-67.2000000000 3.5634683022
-67.1000000000 3.5655790157
-67.0000000000 3.5658458860
-66.9000000000 3.5681495829
-66.8000000000 3.5714057072
-66.7000000000 3.5735124863
-66.6000000000 3.5747872653
-66.5000000000 3.5712569430
-66.4000000000 3.5733089246
-66.3000000000 3.5723181641
-66.2000000000 3.5749076770
-66.1000000000 3.5761410625
-66.0000000000 3.5774037208
-65.9000000000 3.5808829165
-65.8000000000 3.5832453350
-65.7000000000 3.5833548675
-65.6000000000 3.5804964793
-65.5000000000 3.5816385568
-65.4000000000 3.5789830746
-65.3000000000 3.5742246190
-65.2000000000 3.5745279620
-65.1000000000 3.5768607229
-65.0000000000 3.5773874947
-64.9000000000 3.5793814362
-64.8000000000 3.5765361846
-64.7000000000 3.5811362699
-64.6000000000 3.5844588673
-64.5000000000 3.5848804067
-64.4000000000 3.5874718835
-64.3000000000 3.5868308454
-64.2000000000 3.5886106275
-64.1000000000 3.5921814067
-64.0000000000 3.5849778304
-63.9000000000 3.5868981479
-63.8000000000 3.5915355794
-63.7000000000 3.5943294357
-63.6000000000 3.5935498160
-63.5000000000 3.5890496520
-63.4000000000 3.5817199821
-63.3000000000 3.5753785927
-63.2000000000 3.5806262228
-63.1000000000 3.5809181765
-63.0000000000 3.5868794745
-62.9000000000 3.5897605774
-62.8000000000 3.5890156076
-62.7000000000 3.5908318393
-62.6000000000 3.5790442910
-62.5000000000 3.5824790069
-62.4000000000 3.5853033252
-62.3000000000 3.5849791424
-62.2000000000 3.5830792384
-62.1000000000 3.5856537398
-62.0000000000 3.5856856693
-61.9000000000 3.5864204679
-61.8000000000 3.5790903217
-61.7000000000 3.5793323755
-61.6000000000 3.5835207465
-61.5000000000 3.5905665551
-61.4000000000 3.5915512712
-61.3000000000 3.5885387111
-61.2000000000 3.5922984621
-61.1000000000 3.5926582127
-61.0000000000 3.5909898114
-60.9000000000 3.5928074050
-60.8000000000 3.5920886005
-60.7000000000 3.5871983029
-60.6000000000 3.5850523400
-60.5000000000 3.5808540433
-60.4000000000 3.5762012716
-60.3000000000 3.5741819877
-60.2000000000 3.5744264773
-60.1000000000 3.5686259107
-60.0000000000 3.5693965713
-59.9000000000 3.5704767476
-59.8000000000 3.5715790432
-59.7000000000 3.5754541523
-59.6000000000 3.5770735254
-59.5000000000 3.5775318601
-59.4000000000 3.5802374342
-59.3000000000 3.5701796024
-59.2000000000 3.5717548974
-59.1000000000 3.5709350292
-59.0000000000 3.5729102782
-58.9000000000 3.5698633950
-58.8000000000 3.5671230522
-58.7000000000 3.5677054655
-58.6000000000 3.5598207584
-58.5000000000 3.5595190274
-58.4000000000 3.5641453121
-58.3000000000 3.5649706148
-58.2000000000 3.5635835953
-58.1000000000 3.5642477336
-58.0000000000 3.5651489352
-57.9000000000 3.5653321450
-57.8000000000 3.5653717188
-57.7000000000 3.5690168245
-57.6000000000 3.5705510307
-57.5000000000 3.5739290595
-57.4000000000 3.5714916061
-57.3000000000 3.5679687156
-57.2000000000 3.5701870509
-57.1000000000 3.5713049624
-57.0000000000 3.5709229915
-56.9000000000 3.5733882232
-56.8000000000 3.5735650562
-56.7000000000 3.5711218164
-56.6000000000 3.5660244228
-56.5000000000 3.5704917339
-56.4000000000 3.5729797171
-56.3000000000 3.5777402034
-56.2000000000 3.5731879842
-56.1000000000 3.5768980294
-56.0000000000 3.5804467127
-55.9000000000 3.5721182997
-55.8000000000 3.5699978539
-55.7000000000 3.5614690283
-55.6000000000 3.5642637033
-55.5000000000 3.5654916914
-55.4000000000 3.5630364106
-55.3000000000 3.5607132055
-55.2000000000 3.5613426155
-55.1000000000 3.5641691364
-55.0000000000 3.5653652570
-54.9000000000 3.5585533002
-54.8000000000 3.5580635845
-54.7000000000 3.5569229584
-54.6000000000 3.5637594447
-54.5000000000 3.5667861198
-54.4000000000 3.5673941122
-54.3000000000 3.5620673780
-54.2000000000 3.5638823582
-54.1000000000 3.5592230250
-54.0000000000 3.5590357543
-53.9000000000 3.5572169400
-53.8000000000 3.5600568116
-53.7000000000 3.5565285837
-53.6000000000 3.5599575754
-53.5000000000 3.5634633497
-53.4000000000 3.5687210616
-53.3000000000 3.5696074936
-53.2000000000 3.5676189365
-53.1000000000 3.5680718325
-53.0000000000 3.5645276803
-52.9000000000 3.5693601058
-52.8000000000 3.5723005477
-52.7000000000 3.5715434310
-52.6000000000 3.5721038773
-52.5000000000 3.5706734891
-52.4000000000 3.5727971239
-52.3000000000 3.5732093828
-52.2000000000 3.5749805095
-52.1000000000 3.5763900026
-52.0000000000 3.5683429419
-51.9000000000 3.5701122105
-51.8000000000 3.5630983528
-51.7000000000 3.5647098425
-51.6000000000 3.5691790464
-51.5000000000 3.5677339486
-51.4000000000 3.5704163467
-51.3000000000 3.5679932773
-51.2000000000 3.5696978351
-51.1000000000 3.5711065969
-51.0000000000 3.5607808677
-50.9000000000 3.5592791745
-50.8000000000 3.5606311687
-50.7000000000 3.5636719508
-50.6000000000 3.5663094390
-50.5000000000 3.5637167652
-50.4000000000 3.5659666443
-50.3000000000 3.5657528792
-50.2000000000 3.5692986137
-50.1000000000 3.5711626715
-50.0000000000 3.5731542879
-49.9000000000 3.5698903165
-49.8000000000 3.5689585671
-49.7000000000 3.5696384331
-49.6000000000 3.5711508919
-49.5000000000 3.5731632716
-49.4000000000 3.5686282408
-49.3000000000 3.5653713699
-49.2000000000 3.5668403678
-49.1000000000 3.5658319716
-49.0000000000 3.5667360564
-48.9000000000 3.5673627347
-48.8000000000 3.5652158458
-48.7000000000 3.5654756261
-48.6000000000 3.5720303671
-48.5000000000 3.5715073669
-48.4000000000 3.5744700836
-48.3000000000 3.5727303005
-48.2000000000 3.5714150326
-48.1000000000 3.5715949445
-48.0000000000 3.5758560653
-47.9000000000 3.5750213582
-47.8000000000 3.5749532648
-47.7000000000 3.5663552042
-47.6000000000 3.5676826687
-47.5000000000 3.5685102939
-47.4000000000 3.5731378368
-47.3000000000 3.5741267753
-47.2000000000 3.5765877104
-47.1000000000 3.5790221501
-47.0000000000 3.5744396583
-46.9000000000 3.5789945203
-46.8000000000 3.5797861927
-46.7000000000 3.5794645031
-46.6000000000 3.5762612388
-46.5000000000 3.5789050461
-46.4000000000 3.5791285844
-46.3000000000 3.5808182236
-46.2000000000 3.5853956529
-46.1000000000 3.5865418317
-46.0000000000 3.5810975779
-45.9000000000 3.5821453836
-45.8000000000 3.5812398947
-45.7000000000 3.5847687905
-45.6000000000 3.5887033898
-45.5000000000 3.5906209214
-45.4000000000 3.5908144248
-45.3000000000 3.5843284406
-45.2000000000 3.5785128551
-45.1000000000 3.5799838176
-45.0000000000 3.5786003333
-44.9000000000 3.5765971024
-44.8000000000 3.5767591153
-44.7000000000 3.5713866134
-44.6000000000 3.5703323151
-44.5000000000 3.5744178838
-44.4000000000 3.5703784400
-44.3000000000 3.5736308421
-44.2000000000 3.5750804707
-44.1000000000 3.5803698216
-44.0000000000 3.5794832084
-43.9000000000 3.5797039417
-43.8000000000 3.5833912568
-43.7000000000 3.5793967417
-43.6000000000 3.5818356831
-43.5000000000 3.5843465591
-43.4000000000 3.5890018837
-43.3000000000 3.5877066640
-43.2000000000 3.5873401499
-43.1000000000 3.5858220783
-43.0000000000 3.5891789363
-42.9000000000 3.5906207046
-42.8000000000 3.5927647511
-42.7000000000 3.5901847431
-42.6000000000 3.5889784055
-42.5000000000 3.5943497015
-42.4000000000 3.5946900082
-42.3000000000 3.5967401833
-42.2000000000 3.5957288646
-42.1000000000 3.5934692339
-42.0000000000 3.5925753995
-41.9000000000 3.5981794211
-41.8000000000 3.5998097876
-41.7000000000 3.5989478331
-41.6000000000 3.6012224462
-41.5000000000 3.6037534224
-41.4000000000 3.6048839550
-41.3000000000 3.6059254048
-41.2000000000 3.6073411308
-41.1000000000 3.6098330166
-41.0000000000 3.6083829858
-40.9000000000 3.6110539011
-40.8000000000 3.6100551115
-40.7000000000 3.6101538537
-40.6000000000 3.6116856705
-40.5000000000 3.6039356415
-40.4000000000 3.6063050231
-40.3000000000 3.5933617114
-40.2000000000 3.5897196779
-40.1000000000 3.5894065523
-40.0000000000 3.5922727267
-39.9000000000 3.5937013629
-39.8000000000 3.5960758632
-39.7000000000 3.5922767233
-39.6000000000 3.5887566902
-39.5000000000 3.5903916113
-39.4000000000 3.5938451996
-39.3000000000 3.5903752254
-39.2000000000 3.5916186503
-39.1000000000 3.5936805775
-39.0000000000 3.5902791714
-38.9000000000 3.5939064699
-38.8000000000 3.5964009770
-38.7000000000 3.5996253876
-38.6000000000 3.6012380897
-38.5000000000 3.6027746489
-38.4000000000 3.6039798400
-38.3000000000 3.5976579359
-38.2000000000 3.5963002634
-38.1000000000 3.5977965641
-38.0000000000 3.5974024709
-37.9000000000 3.5998032308
-37.8000000000 3.5999974477
-37.7000000000 3.6024527948
-37.6000000000 3.6038196263
-37.5000000000 3.6052069384
-37.4000000000 3.5987980337
-37.3000000000 3.6010816826
-37.2000000000 3.5984047989
-37.1000000000 3.5996120411
-37.0000000000 3.5967831184
-36.9000000000 3.5999445452
-36.8000000000 3.6010282793
-36.7000000000 3.6011007492
-36.6000000000 3.6019054484
-36.5000000000 3.6017393413
-36.4000000000 3.5987826775
-36.3000000000 3.5979759567
-36.2000000000 3.5897798320
-36.1000000000 3.5917182030
-36.0000000000 3.5899523264
-35.9000000000 3.5899053864
-35.8000000000 3.5909207161
-35.7000000000 3.5908781056
-35.6000000000 3.5913011971
-35.5000000000 3.5889747715
-35.4000000000 3.5893989490
-35.3000000000 3.5912043615
-35.2000000000 3.5922441850
-35.1000000000 3.5917027965
-35.0000000000 3.5899731943
-34.9000000000 3.5917571796
-34.8000000000 3.5930159890
-34.7000000000 3.5843219289
-34.6000000000 3.5776790934
-34.5000000000 3.5776620525
-34.4000000000 3.5805108037
-34.3000000000 3.5792778532
-34.2000000000 3.5765455573
-34.1000000000 3.5757099272
-34.0000000000 3.5760158812
-33.9000000000 3.5786252539
-33.8000000000 3.5825425593
-33.7000000000 3.5798426276
-33.6000000000 3.5788107230
-33.5000000000 3.5803176207
-33.4000000000 3.5827917938
-33.3000000000 3.5800529774
-33.2000000000 3.5837702471
-33.1000000000 3.5809637052
-33.0000000000 3.5819878827
-32.9000000000 3.5856182645
-32.8000000000 3.5796566611
-32.7000000000 3.5841723629
-32.6000000000 3.5880207378
-32.5000000000 3.5911342658
-32.4000000000 3.5916332596
-32.3000000000 3.5893213819
-32.2000000000 3.5882809172
-32.1000000000 3.5892938162
-32.0000000000 3.5928681945
-31.9000000000 3.5945851014
-31.8000000000 3.5952731701
-31.7000000000 3.5881503735
-31.6000000000 3.5884329299
-31.5000000000 3.5825011378
-31.4000000000 3.5796126237
-31.3000000000 3.5825153412
-31.2000000000 3.5783510538
-31.1000000000 3.5787507879
-31.0000000000 3.5827305762
-30.9000000000 3.5845923310
-30.8000000000 3.5833510964
-30.7000000000 3.5792601808
-30.6000000000 3.5828505677
-30.5000000000 3.5815071156
-30.4000000000 3.5829740501
-30.3000000000 3.5856569154
-30.2000000000 3.5871377938
-30.1000000000 3.5892871063
-30.0000000000 3.5921310054
-29.9000000000 3.5971421480
-29.8000000000 3.5898980747
-29.7000000000 3.5857510808
-29.6000000000 3.5887826988
-29.5000000000 3.5935928351
-29.4000000000 3.5884878755
-29.3000000000 3.5848296759
-29.2000000000 3.5840172603
-29.1000000000 3.5846120508
-29.0000000000 3.5854438683
-28.9000000000 3.5839830077
-28.8000000000 3.5812211687
-28.7000000000 3.5834199363
-28.6000000000 3.5838191089
-28.5000000000 3.5817888150
-28.4000000000 3.5777345507
-28.3000000000 3.5762520841
-28.2000000000 3.5771857320
-28.1000000000 3.5783705980
-28.0000000000 3.5745002438
-27.9000000000 3.5756754866
-27.8000000000 3.5761184413
-27.7000000000 3.5791994404
-27.6000000000 3.5771800483
-27.5000000000 3.5790930231
-27.4000000000 3.5815066356
-27.3000000000 3.5804428966
-27.2000000000 3.5799713277
-27.1000000000 3.5795233362
-27.0000000000 3.5789799408
-26.9000000000 3.5812838857
-26.8000000000 3.5807775321
-26.7000000000 3.5832119389
-26.6000000000 3.5815146703
-26.5000000000 3.5826697497
-26.4000000000 3.5844839732
-26.3000000000 3.5869500156
-26.2000000000 3.5894011821
-26.1000000000 3.5939653273
-26.0000000000 3.5941478669
-25.9000000000 3.5954785228
-25.8000000000 3.5969416656
-25.7000000000 3.5942079304
-25.6000000000 3.5952528134
-25.5000000000 3.5965319830
-25.4000000000 3.6008181436
-25.3000000000 3.6043646003
-25.2000000000 3.6056293714
-25.1000000000 3.6058473794
-25.0000000000 3.6037268067
-24.9000000000 3.6050546005
-24.8000000000 3.6061705218
-24.7000000000 3.6048680053
-24.6000000000 3.6003101479
-24.5000000000 3.6002947047
-24.4000000000 3.5981608828
-24.3000000000 3.6024201183
-24.2000000000 3.5997446755
-24.1000000000 3.5994361007
-24.0000000000 3.5991293837
-23.9000000000 3.6010303000
-23.8000000000 3.6010865389
-23.7000000000 3.5981355204
-23.6000000000 3.6000254287
-23.5000000000 3.5997428413
-23.4000000000 3.5976838889
-23.3000000000 3.5900337962
-23.2000000000 3.5901450803
-23.1000000000 3.5902620337
-23.0000000000 3.5897968316
-22.9000000000 3.5919386811
-22.8000000000 3.5919670471
-22.7000000000 3.5983886719
-22.6000000000 3.6020197480
-22.5000000000 3.6060148033
-22.4000000000 3.5993557893
-22.3000000000 3.6030094616
-22.2000000000 3.6057590381
-22.1000000000 3.6066147713
-22.0000000000 3.6018130469
-21.9000000000 3.6045983248
-21.8000000000 3.6022750470
-21.7000000000 3.5983046482
-21.6000000000 3.5960864417
-21.5000000000 3.5983336453
-21.4000000000 3.6007364817
-21.3000000000 3.5961171730
-21.2000000000 3.5928466498
-21.1000000000 3.5921788785
-21.0000000000 3.5954963585
-20.9000000000 3.5801501619
-20.8000000000 3.5825310363
-20.7000000000 3.5839001872
-20.6000000000 3.5894755363
-20.5000000000 3.5899109524
-20.4000000000 3.5805984650
-20.3000000000 3.5825917974
-20.2000000000 3.5848721684
-20.1000000000 3.5866649909
-20.0000000000 3.5794075154
-19.9000000000 3.5750177227
-19.8000000000 3.5748758978
-19.7000000000 3.5772394771
-19.6000000000 3.5760028635
-19.5000000000 3.5802496797
-19.4000000000 3.5790572144
-19.3000000000 3.5835294027
-19.2000000000 3.5800978561
-19.1000000000 3.5799722703
-19.0000000000 3.5759887318
-18.9000000000 3.5713059383
-18.8000000000 3.5680208285
-18.7000000000 3.5743894481
-18.6000000000 3.5686487917
-18.5000000000 3.5696911701
-18.4000000000 3.5769711914
-18.3000000000 3.5784287081
-18.2000000000 3.5806343281
-18.1000000000 3.5803159190
-18.0000000000 3.5787657012
-17.9000000000 3.5749754250
-17.8000000000 3.5745445916
-17.7000000000 3.5698057357
-17.6000000000 3.5711718325
-17.5000000000 3.5711955177
-17.4000000000 3.5684053754
-17.3000000000 3.5656099508
-17.2000000000 3.5653830135
-17.1000000000 3.5682826810
-17.0000000000 3.5695393282
-16.9000000000 3.5718125746
-16.8000000000 3.5760038869
-16.7000000000 3.5744260618
-16.6000000000 3.5763724725
-16.5000000000 3.5762843818
-16.4000000000 3.5793227666
-16.3000000000 3.5827946589
-16.2000000000 3.5781148065
-16.1000000000 3.5806384075
-16.0000000000 3.5788188232
-15.9000000000 3.5821816029
-15.8000000000 3.5857038041
-15.7000000000 3.5828855016
-15.6000000000 3.5821674578
-15.5000000000 3.5832433639
-15.4000000000 3.5841893677
-15.3000000000 3.5828056524
-15.2000000000 3.5821604637
-15.1000000000 3.5844087751
-15.0000000000 3.5850792757
-14.9000000000 3.5861775644
-14.8000000000 3.5856839405
-14.7000000000 3.5866616675
-14.6000000000 3.5878621587
-14.5000000000 3.5901219004
-14.4000000000 3.5905500371
-14.3000000000 3.5906580639
-14.2000000000 3.5833132036
-14.1000000000 3.5854980218
-14.0000000000 3.5863226847
-13.9000000000 3.5874737418
-13.8000000000 3.5846569600
-13.7000000000 3.5796691282
-13.6000000000 3.5828131911
-13.5000000000 3.5815758972
-13.4000000000 3.5849052306
-13.3000000000 3.5761712592
-13.2000000000 3.5746097221
-13.1000000000 3.5767989102
-13.0000000000 3.5765762366
-12.9000000000 3.5723595007
-12.8000000000 3.5694905798
-12.7000000000 3.5665261525
-12.6000000000 3.5676271000
-12.5000000000 3.5704864115
-12.4000000000 3.5727687534
-12.3000000000 3.5718814498
-12.2000000000 3.5730588733
-12.1000000000 3.5743735995
-12.0000000000 3.5739333026
-11.9000000000 3.5769368140
-11.8000000000 3.5757241833
-11.7000000000 3.5742523053
-11.6000000000 3.5764954818
-11.5000000000 3.5807213616
-11.4000000000 3.5791981727
-11.3000000000 3.5775993731
-11.2000000000 3.5828700353
-11.1000000000 3.5801118025
-11.0000000000 3.5803430877
-10.9000000000 3.5806413121
-10.8000000000 3.5836824665
-10.7000000000 3.5828531523
-10.6000000000 3.5873159749
-10.5000000000 3.5800046636
-10.4000000000 3.5788398258
-10.3000000000 3.5820915789
-10.2000000000 3.5823490019
-10.1000000000 3.5837744090
-10.0000000000 3.5817038178
-9.9000000000 3.5778181493
-9.8000000000 3.5812433661
-9.7000000000 3.5818209765
-9.6000000000 3.5815711157
-9.5000000000 3.5769842186
-9.4000000000 3.5752972101
-9.3000000000 3.5703597624
-9.2000000000 3.5689804074
-9.1000000000 3.5722950769
-9.0000000000 3.5729013968
-8.9000000000 3.5695728320
-8.8000000000 3.5691243855
-8.7000000000 3.5658295566
-8.6000000000 3.5671087313
-8.5000000000 3.5703717767
-8.4000000000 3.5707319130
-8.3000000000 3.5671801491
-8.2000000000 3.5674935905
-8.1000000000 3.5717251033
-8.0000000000 3.5714835168
-7.9000000000 3.5711802335
-7.8000000000 3.5734971619
-7.7000000000 3.5745073498
-7.6000000000 3.5733914350
-7.5000000000 3.5768439829
-7.4000000000 3.5770681966
-7.3000000000 3.5731866199
-7.2000000000 3.5786778945
-7.1000000000 3.5756863816
-7.0000000000 3.5757052439
-6.9000000000 3.5747230213
-6.8000000000 3.5729982151
-6.7000000000 3.5726119402
-6.6000000000 3.5710792929
-6.5000000000 3.5694363173
-6.4000000000 3.5706667749
-6.3000000000 3.5644554029
-6.2000000000 3.5654937458
-6.1000000000 3.5614836334
-6.0000000000 3.5625478724
-5.9000000000 3.5641210132
-5.8000000000 3.5632808872
-5.7000000000 3.5624126278
-5.6000000000 3.5608467627
-5.5000000000 3.5604235965
-5.4000000000 3.5615252679
-5.3000000000 3.5633368895
-5.2000000000 3.5641353348
-5.1000000000 3.5630806188
-5.0000000000 3.5685829332
-4.9000000000 3.5696874306
-4.8000000000 3.5709419187
-4.7000000000 3.5709464092
-4.6000000000 3.5747698294
-4.5000000000 3.5762941085
-4.4000000000 3.5768720802
-4.3000000000 3.5803399278
-4.2000000000 3.5824912091
-4.1000000000 3.5868000721
-4.0000000000 3.5845267155
-3.9000000000 3.5842665209
-3.8000000000 3.5858754180
-3.7000000000 3.5888487554
-3.6000000000 3.5841944743
-3.5000000000 3.5878477603
-3.4000000000 3.5904385929
-3.3000000000 3.5912171406
-3.2000000000 3.5941960103
-3.1000000000 3.5968669569
-3.0000000000 3.5919099150
-2.9000000000 3.5919388890
-2.8000000000 3.5966777068
-2.7000000000 3.5964593877
-2.6000000000 3.5992281734
-2.5000000000 3.6007679465
-2.4000000000 3.6046534202
-2.3000000000 3.6040400507
-2.2000000000 3.5995406211
-2.1000000000 3.6056575001
-2.0000000000 3.6024103461
-1.9000000000 3.6030453034
-1.8000000000 3.6036256937
-1.7000000000 3.6037792654
-1.6000000000 3.6072683130
-1.5000000000 3.6083528019
-1.4000000000 3.6101263691
-1.3000000000 3.6095804887
-1.2000000000 3.6143584237
-1.1000000000 3.6114955899
-1.0000000000 3.6140208399
-0.9000000000 3.6151640000
-0.8000000000 3.6119279432
-0.7000000000 3.6122736247
-0.6000000000 3.6112089773
-0.5000000000 3.6113992231
-0.4000000000 3.6147516868
-0.3000000000 3.6164312842
-0.2000000000 3.6167139510
-0.1000000000 3.6191528603
0.0000000000 3.6088611478
0.1000000000 3.6088596001
0.2000000000 3.6075431056
0.3000000000 3.6023725728
0.4000000000 3.5913123430
0.5000000000 3.5710539136
0.6000000000 3.5633996888
0.7000000000 3.5611336156
0.8000000000 3.5570623983
0.9000000000 3.5437213037
1.0000000000 3.5388095444
1.1000000000 3.5339379202
1.2000000000 3.5428536029
1.3000000000 3.5383627029
1.4000000000 3.5334030772
1.5000000000 3.5303168517
1.6000000000 3.5333092179
1.7000000000 3.5373073217
1.8000000000 3.5266009916
1.9000000000 3.5264552333
2.0000000000 3.5275993179
2.1000000000 3.5197705728
2.2000000000 3.5040441147
2.3000000000 3.4930212844
2.4000000000 3.4858583069
2.5000000000 3.4766873980
2.6000000000 3.4779459933
2.7000000000 3.4852276617
2.8000000000 3.4854984376
2.9000000000 3.4768090619
3.0000000000 3.4804280592
3.1000000000 3.4630976137
3.2000000000 3.4644614557
3.3000000000 3.4643577426
3.4000000000 3.4626311701
3.5000000000 3.4644682052
3.6000000000 3.4625241548
3.7000000000 3.4573063198
3.8000000000 3.4562561681
3.9000000000 3.4454449552
4.0000000000 3.4541577027
4.1000000000 3.4433068481
4.2000000000 3.4479754757
4.3000000000 3.4347986412
4.4000000000 3.4369222767
4.5000000000 3.4384886744
4.6000000000 3.4310144935
4.7000000000 3.4276068961
4.8000000000 3.4229609403
4.9000000000 3.4206033295
5.0000000000 3.4222108429
5.1000000000 3.4085767676
5.2000000000 3.4092927826
5.3000000000 3.4119381856
5.4000000000 3.4065255467
5.5000000000 3.4049235004
5.6000000000 3.4130866950
5.7000000000 3.3926236201
5.8000000000 3.3976349471
5.9000000000 3.3932351256
6.0000000000 3.3860724600
6.1000000000 3.3701596949
6.2000000000 3.3750333605
6.3000000000 3.3762404562
6.4000000000 3.3617835433
6.5000000000 3.3630577926
6.6000000000 3.3544070729
6.7000000000 3.3568550567
6.8000000000 3.3683380048
6.9000000000 3.3545104328
7.0000000000 3.3535157640
7.1000000000 3.3500349358
7.2000000000 3.3456585510
7.3000000000 3.3372225265
7.4000000000 3.3294168139
7.5000000000 3.3319106858
7.6000000000 3.3248494362
7.7000000000 3.3274651640
7.8000000000 3.3216189689
7.9000000000 3.3162905678
8.0000000000 3.3213056037
8.1000000000 3.3209843898
8.2000000000 3.3180341982
8.3000000000 3.3208791880
8.4000000000 3.3283365925
8.5000000000 3.3308530435
8.6000000000 3.3291466999
8.7000000000 3.3240077478
8.8000000000 3.3309627569
8.9000000000 3.3271608602
9.0000000000 3.3276951337
9.1000000000 3.3348549935
9.2000000000 3.3338455779
9.3000000000 3.3427215932
9.4000000000 3.3338423135
9.5000000000 3.3284850888
9.6000000000 3.3256209065
9.7000000000 3.3262625455
9.8000000000 3.3295537913
9.9000000000 3.3323207143
10.0000000000 3.3285134964
10.1000000000 3.3183294614
10.2000000000 3.3195705635
10.3000000000 3.3152842647
10.4000000000 3.3174268788
10.5000000000 3.3111350435
10.6000000000 3.3154783284
10.7000000000 3.3213131942
10.8000000000 3.2921691635
10.9000000000 3.2889202626
11.0000000000 3.2771163249
11.1000000000 3.2855581196
11.2000000000 3.2854605950
11.3000000000 3.2710974496
11.4000000000 3.2786668540
11.5000000000 3.2755182925
11.6000000000 3.2841555729
11.7000000000 3.2769210492
11.8000000000 3.2746465518
11.9000000000 3.2741022635
12.0000000000 3.2787748539
12.1000000000 3.2749106017
12.2000000000 3.2811306941
12.3000000000 3.2823987149
12.4000000000 3.2895367925
12.5000000000 3.2889446683
12.6000000000 3.2829532438
12.7000000000 3.2876891989
12.8000000000 3.2907413847
12.9000000000 3.2875832947
13.0000000000 3.2902759267
13.1000000000 3.2894823408
13.2000000000 3.2882883267
13.3000000000 3.2857343854
13.4000000000 3.2899430817
13.5000000000 3.2921690185
13.6000000000 3.2847624077
13.7000000000 3.2788119672
13.8000000000 3.2762297931
13.9000000000 3.2726433690
14.0000000000 3.2737877254
14.1000000000 3.2826600277
14.2000000000 3.2771240816
14.3000000000 3.2835375831
14.4000000000 3.2927465840
14.5000000000 3.2950504278
14.6000000000 3.2918736151
14.7000000000 3.2860961689
14.8000000000 3.2799273227
14.9000000000 3.2736871270
15.0000000000 3.2820624636
15.1000000000 3.2772712712
15.2000000000 3.2645505028
15.3000000000 3.2751657358
15.4000000000 3.2785991973
15.5000000000 3.2790694300
15.6000000000 3.2704149827
15.7000000000 3.2734947520
15.8000000000 3.2773926864
15.9000000000 3.2774476183
16.0000000000 3.2578372054
16.1000000000 3.2450851276
16.2000000000 3.2459362324
16.3000000000 3.2554141446
16.4000000000 3.2459783160
16.5000000000 3.2416552949
16.6000000000 3.2332803623
16.7000000000 3.2338185402
16.8000000000 3.2362221603
16.9000000000 3.2429600206
17.0000000000 3.2187513204
17.1000000000 3.2246575912
17.2000000000 3.2263642198
17.3000000000 3.2258095982
17.4000000000 3.2256783424
17.5000000000 3.2237756715
17.6000000000 3.2281718249
17.7000000000 3.2101338687
17.8000000000 3.2142341673
17.9000000000 3.1996385497
18.0000000000 3.2052426140
18.1000000000 3.1985896691
18.2000000000 3.1991470190
18.3000000000 3.1989600008
18.4000000000 3.1967656077
18.5000000000 3.1987841376
18.6000000000 3.2019308490
18.7000000000 3.2009892659
18.8000000000 3.2016140069
18.9000000000 3.2085545070
19.0000000000 3.2065573599
19.1000000000 3.1995070178
19.2000000000 3.2006670398
19.3000000000 3.2010466151
19.4000000000 3.1981507263
19.5000000000 3.1984646860
19.6000000000 3.1949868999
19.7000000000 3.1895654953
19.8000000000 3.1916623432
19.9000000000 3.1916333765
20.0000000000 3.1942945723
20.1000000000 3.1939794189
20.2000000000 3.1972206655
20.3000000000 3.1980155342
20.4000000000 3.1815188421
20.5000000000 3.1879699628
20.6000000000 3.1880686758
20.7000000000 3.1799759313
20.8000000000 3.1790368161
20.9000000000 3.1776094581
21.0000000000 3.1695837671
21.1000000000 3.1586999495
21.2000000000 3.1577720194
21.3000000000 3.1603449175
21.4000000000 3.1540934750
21.5000000000 3.1537883447
21.6000000000 3.1565489664
21.7000000000 3.1531630098
21.8000000000 3.1501408599
21.9000000000 3.1503995086
22.0000000000 3.1482765630
22.1000000000 3.1457526258
22.2000000000 3.1374864102
22.3000000000 3.1412044037
22.4000000000 3.1357182677
22.5000000000 3.1397143049
22.6000000000 3.1414115905
22.7000000000 3.1460414055
22.8000000000 3.1518587199
22.9000000000 3.1507278587
23.0000000000 3.1526053305
23.1000000000 3.1622181977
23.2000000000 3.1649194851
23.3000000000 3.1690278294
23.4000000000 3.1678581662
23.5000000000 3.1644028544
23.6000000000 3.1617227254
23.7000000000 3.1611409713
23.8000000000 3.1560812520
23.9000000000 3.1639308873
24.0000000000 3.1553209912
24.1000000000 3.1576754325
24.2000000000 3.1601717747
24.3000000000 3.1620533890
24.4000000000 3.1538097336
24.5000000000 3.1509025939
24.6000000000 3.1457818823
24.7000000000 3.1411319231
24.8000000000 3.1394482348
24.9000000000 3.1409914265
25.0000000000 3.1467667104
25.1000000000 3.1469692932
25.2000000000 3.1423529040
25.3000000000 3.1448743020
25.4000000000 3.1396978461
25.5000000000 3.1440623765
25.6000000000 3.1475983245
25.7000000000 3.1483523860
25.8000000000 3.1473933162
25.9000000000 3.1488197332
26.0000000000 3.1438018357
26.1000000000 3.1392560170
26.2000000000 3.1359764307
26.3000000000 3.1415584929
26.4000000000 3.1380596382
26.5000000000 3.1435144711
26.6000000000 3.1579076341
26.7000000000 3.1560682212
26.8000000000 3.1662024036
26.9000000000 3.1528976973
27.0000000000 3.1418038524
27.1000000000 3.1441666955
27.2000000000 3.1371971595
27.3000000000 3.1382958077
27.4000000000 3.1290159729
27.5000000000 3.1248770004
27.6000000000 3.1277960740
27.7000000000 3.1247424621
27.8000000000 3.1219397429
27.9000000000 3.1185680702
28.0000000000 3.1126884910
28.1000000000 3.1087740281
28.2000000000 3.1057358733
28.3000000000 3.0936215899
28.4000000000 3.0930272148
28.5000000000 3.1047743842
28.6000000000 3.1088352752
28.7000000000 3.1088247695
28.8000000000 3.1080698376
28.9000000000 3.0999083163
29.0000000000 3.1009960628
29.1000000000 3.1050330832
29.2000000000 3.1132941294
29.3000000000 3.1126946381
29.4000000000 3.1091462302
29.5000000000 3.1159062202
29.6000000000 3.1214620075
29.7000000000 3.1161197477
29.8000000000 3.1142076732
29.9000000000 3.1171078910
30.0000000000 3.1183805294
30.1000000000 3.1155118477
30.2000000000 3.1102125512
30.3000000000 3.1043394181
30.4000000000 3.1060598847
30.5000000000 3.1011429301
30.6000000000 3.0864637324
30.7000000000 3.0858392297
30.8000000000 3.0900494925
30.9000000000 3.0971985208
31.0000000000 3.0881707079
31.1000000000 3.0855232702
31.2000000000 3.0885708991
31.3000000000 3.0879866915
31.4000000000 3.0954265239
31.5000000000 3.1022460363
31.6000000000 3.1105983803
31.7000000000 3.1019845992
31.8000000000 3.1052116474
31.9000000000 3.1019142693
32.0000000000 3.1022390663
32.1000000000 3.1010025676
32.2000000000 3.1033548563
32.3000000000 3.1047501493
32.4000000000 3.1075144503
32.5000000000 3.1036766095
32.6000000000 3.1045077215
32.7000000000 3.1036918522
32.8000000000 3.1090168115
32.9000000000 3.1097086871
33.0000000000 3.1036738103
33.1000000000 3.0872942157
33.2000000000 3.0917617516
33.3000000000 3.0890991313
33.4000000000 3.0912633557
33.5000000000 3.0890319435
33.6000000000 3.0955608005
33.7000000000 3.1000936619
33.8000000000 3.1004035888
33.9000000000 3.0937724189
34.0000000000 3.0931311075
34.1000000000 3.0900083874
34.2000000000 3.0946117555
34.3000000000 3.0887541919
34.4000000000 3.0878192845
34.5000000000 3.0788475538
34.6000000000 3.0873393186
34.7000000000 3.0866766987
34.8000000000 3.0858709840
34.9000000000 3.0864299910
35.0000000000 3.0775222607
35.1000000000 3.0824255551
35.2000000000 3.0869112743
35.3000000000 3.0859587355
35.4000000000 3.0797046538
35.5000000000 3.0775399836
35.6000000000 3.0802466228
35.7000000000 3.0751503081
35.8000000000 3.0783246033
35.9000000000 3.0826650213
36.0000000000 3.0890841059
36.1000000000 3.0917897111
36.2000000000 3.0906542581
36.3000000000 3.0900583314
36.4000000000 3.0818074173
36.5000000000 3.0704387152
36.6000000000 3.0680619662
36.7000000000 3.0717285888
36.8000000000 3.0766680885
36.9000000000 3.0770985271
37.0000000000 3.0697922000
37.1000000000 3.0720829519
37.2000000000 3.0661796418
37.3000000000 3.0728011473
37.4000000000 3.0657476059
37.5000000000 3.0705199904
37.6000000000 3.0700371008
37.7000000000 3.0687207653
37.8000000000 3.0749422112
37.9000000000 3.0703981097
38.0000000000 3.0644176314
38.1000000000 3.0684412737
38.2000000000 3.0681771539
38.3000000000 3.0645003008
38.4000000000 3.0697557297
38.5000000000 3.0712842012
38.6000000000 3.0674077773
38.7000000000 3.0617324885
38.8000000000 3.0662108011
38.9000000000 3.0657492953
39.0000000000 3.0660671818
39.1000000000 3.0694704048
39.2000000000 3.0771003758
39.3000000000 3.0607537229
39.4000000000 3.0595739532
39.5000000000 3.0622063232
39.6000000000 3.0643479886
39.7000000000 3.0660848565
39.8000000000 3.0749151848
39.9000000000 3.0661743404
40.0000000000 3.0654542537
40.1000000000 3.0707147649
40.2000000000 3.0671904035
40.3000000000 3.0694354406
40.4000000000 3.0681997613
40.5000000000 3.0706564356
40.6000000000 3.0678761726
40.7000000000 3.0641378085
40.8000000000 3.0579669941
40.9000000000 3.0690449228
41.0000000000 3.0700250904
41.1000000000 3.0693677153
41.2000000000 3.0758452292
41.3000000000 3.0720518370
41.4000000000 3.0658166759
41.5000000000 3.0694668531
41.6000000000 3.0671204252
41.7000000000 3.0606935504
41.8000000000 3.0614158575
41.9000000000 3.0581498839
42.0000000000 3.0679607432
42.1000000000 3.0702647975
42.2000000000 3.0636649582
42.3000000000 3.0654818844
42.4000000000 3.0601528340
42.5000000000 3.0459153983
42.6000000000 3.0489430987
42.7000000000 3.0499342897
42.8000000000 3.0377168046
42.9000000000 3.0331648149
43.0000000000 3.0276225601
43.1000000000 3.0306846804
43.2000000000 3.0303344193
43.3000000000 3.0291934218
43.4000000000 3.0312385390
43.5000000000 3.0383339365
43.6000000000 3.0351877462
43.7000000000 3.0394275764
43.8000000000 3.0401360200
43.9000000000 3.0343499945
44.0000000000 3.0290824764
44.1000000000 3.0235789411
44.2000000000 3.0207898330
44.3000000000 3.0230125896
44.4000000000 3.0039921343
44.5000000000 3.0069124599
44.6000000000 3.0100287962
44.7000000000 3.0102306944
44.8000000000 3.0002495150
44.9000000000 3.0047272937
45.0000000000 3.0094293465
45.1000000000 3.0097058691
45.2000000000 3.0084418188
45.3000000000 3.0121822691
45.4000000000 3.0079685524
45.5000000000 3.0024588460
45.6000000000 3.0012365019
45.7000000000 3.0000207893
45.8000000000 2.9928966132
45.9000000000 2.9975387924
46.0000000000 2.9841177049
46.1000000000 2.9899943122
46.2000000000 2.9993104784
46.3000000000 2.9933025470
46.4000000000 2.9881940890
46.5000000000 2.9941280123
46.6000000000 2.9948843361
46.7000000000 2.9836383608
46.8000000000 2.9841857499
46.9000000000 2.9853759056
47.0000000000 2.9900398812
47.1000000000 2.9902642724
47.2000000000 2.9963208500
47.3000000000 2.9951357856
47.4000000000 2.9936444965
47.5000000000 3.0022183355
47.6000000000 2.9967747984
47.7000000000 2.9972705816
47.8000000000 3.0039169620
47.9000000000 2.9938003066
48.0000000000 2.9927721775
48.1000000000 2.9986586784
48.2000000000 2.9968860109
48.3000000000 2.9816324230
48.4000000000 2.9827601909
48.5000000000 2.9725184377
48.6000000000 2.9738538632
48.7000000000 2.9744941509
48.8000000000 2.9724794520
48.9000000000 2.9656905747
49.0000000000 2.9650361401
49.1000000000 2.9710876144
49.2000000000 2.9693323267
49.3000000000 2.9690483365
49.4000000000 2.9731853733
49.5000000000 2.9711479214
49.6000000000 2.9752153817
49.7000000000 2.9734244269
49.8000000000 2.9776672789
49.9000000000 2.9717358594
50.0000000000 2.9737023795
50.1000000000 2.9667553022
50.2000000000 2.9642194882
50.3000000000 2.9655133720
50.4000000000 2.9506432954
50.5000000000 2.9550908998
50.6000000000 2.9596637514
50.7000000000 2.9572817306
50.8000000000 2.9616454854
50.9000000000 2.9621380558
51.0000000000 2.9616227887
51.1000000000 2.9653991567
51.2000000000 2.9603877310
51.3000000000 2.9598358326
51.4000000000 2.9618442450
51.5000000000 2.9603274966
51.6000000000 2.9654327262
51.7000000000 2.9600946143
51.8000000000 2.9625919197
51.9000000000 2.9693755074
52.0000000000 2.9644733724
52.1000000000 2.9533173714
52.2000000000 2.9517326835
52.3000000000 2.9587159418
52.4000000000 2.9566642582
52.5000000000 2.9582587088
52.6000000000 2.9611708330
52.7000000000 2.9608250557
52.8000000000 2.9555048563
52.9000000000 2.9567989997
53.0000000000 2.9573185164
53.1000000000 2.9466796247
53.2000000000 2.9459726090
53.3000000000 2.9512393635
53.4000000000 2.9494106327
53.5000000000 2.9504676513
53.6000000000 2.9468153904
53.7000000000 2.9407283749
53.8000000000 2.9345912860
53.9000000000 2.9368399154
54.0000000000 2.9377799761
54.1000000000 2.9369503401
54.2000000000 2.9391436637
54.3000000000 2.9417218899
54.4000000000 2.9456071354
54.5000000000 2.9422032099
54.6000000000 2.9487945180
54.7000000000 2.9430809879
54.8000000000 2.9408855798
54.9000000000 2.9479975103
55.0000000000 2.9501171966
55.1000000000 2.9487503165
55.2000000000 2.9433067761
55.3000000000 2.9465258739
55.4000000000 2.9382251140
55.5000000000 2.9498121254
55.6000000000 2.9506282319
55.7000000000 2.9501559546
55.8000000000 2.9539819113
55.9000000000 2.9474318987
56.0000000000 2.9517775496
56.1000000000 2.9505621714
56.2000000000 2.9541573845
56.3000000000 2.9574899067
56.4000000000 2.9604672819
56.5000000000 2.9559677655
56.6000000000 2.9615720731
56.7000000000 2.9640290808
56.8000000000 2.9661498007
56.9000000000 2.9739834605
57.0000000000 2.9774147931
57.1000000000 2.9776206407
57.2000000000 2.9720508236
57.3000000000 2.9786959339
57.4000000000 2.9783581037
57.5000000000 2.9793100766
57.6000000000 2.9858128667
57.7000000000 2.9833729462
57.8000000000 2.9787836322
57.9000000000 2.9805057183
58.0000000000 2.9837992027
58.1000000000 2.9803658627
58.2000000000 2.9896449125
58.3000000000 2.9855521964
58.4000000000 2.9826017667
58.5000000000 2.9829239355
58.6000000000 2.9848967685
58.7000000000 2.9744488187
58.8000000000 2.9796466727
58.9000000000 2.9800326988
59.0000000000 2.9784523214
59.1000000000 2.9827000024
59.2000000000 2.9876635668
59.3000000000 2.9827673150
59.4000000000 2.9855399660
59.5000000000 2.9693166918
59.6000000000 2.9803961042
59.7000000000 2.9824407081
59.8000000000 2.9829573401
59.9000000000 2.9783886668
60.0000000000 2.9805017884
60.1000000000 2.9689636750
60.2000000000 2.9621256926
60.3000000000 2.9666382112
60.4000000000 2.9684984093
60.5000000000 2.9625832292
60.6000000000 2.9659114919
60.7000000000 2.9707108403
60.8000000000 2.9663730545
60.9000000000 2.9573761163
61.0000000000 2.9621933619
61.1000000000 2.9617163039
61.2000000000 2.9596480538
61.3000000000 2.9584562655
61.4000000000 2.9585617291
61.5000000000 2.9561770263
61.6000000000 2.9548207933
61.7000000000 2.9455245628
61.8000000000 2.9425602017
61.9000000000 2.9551104181
62.0000000000 2.9525969179
62.1000000000 2.9499740708
62.2000000000 2.9435224991
62.3000000000 2.9461909668
62.4000000000 2.9436374533
62.5000000000 2.9417491577
62.6000000000 2.9501385403
62.7000000000 2.9373587059
62.8000000000 2.9329097377
62.9000000000 2.9313246669
63.0000000000 2.9345528814
63.1000000000 2.9343563143
63.2000000000 2.9354666135
63.3000000000 2.9288341468
63.4000000000 2.9335313885
63.5000000000 2.9379538452
63.6000000000 2.9421416104
63.7000000000 2.9357550657
63.8000000000 2.9349035811
63.9000000000 2.9329867652
64.0000000000 2.9400382403
64.1000000000 2.9408666239
64.2000000000 2.9369938768
64.3000000000 2.9324374599
64.4000000000 2.9393065264
64.5000000000 2.9319682009
64.6000000000 2.9313594490
64.7000000000 2.9295361451
64.8000000000 2.9338488909
64.9000000000 2.9403967013
65.0000000000 2.9356248844
65.1000000000 2.9397771806
65.2000000000 2.9301644250
65.3000000000 2.9266530287
65.4000000000 2.9254817231
65.5000000000 2.9300767517
65.6000000000 2.9265124781
65.7000000000 2.9337009131
65.8000000000 2.9313755881
65.9000000000 2.9261158968
66.0000000000 2.9256883833
66.1000000000 2.9327491378
66.2000000000 2.9250492438
66.3000000000 2.9285235053
66.4000000000 2.9223761348
66.5000000000 2.9317512776
66.6000000000 2.9288423495
66.7000000000 2.9392781077
66.8000000000 2.9446149363
66.9000000000 2.9479098077
67.0000000000 2.9468434959
67.1000000000 2.9427494518
67.2000000000 2.9396878687
67.3000000000 2.9431580493
67.4000000000 2.9474860016
67.5000000000 2.9428158781
67.6000000000 2.9477593293
67.7000000000 2.9408772452
67.8000000000 2.9448931046
67.9000000000 2.9517841871
68.0000000000 2.9497368900
68.1000000000 2.9546769024
68.2000000000 2.9588793339
68.3000000000 2.9573256969
68.4000000000 2.9599765623
68.5000000000 2.9600043621
68.6000000000 2.9601330130
68.7000000000 2.9551821853
68.8000000000 2.9537355774
68.9000000000 2.9549067626
69.0000000000 2.9479606084
69.1000000000 2.9428695173
69.2000000000 2.9472494730
69.3000000000 2.9597944093
69.4000000000 2.9380433317
69.5000000000 2.9439540332
69.6000000000 2.9432567890
69.7000000000 2.9361049384
69.8000000000 2.9161150896
69.9000000000 2.9146409839
70.0000000000 2.9169339433
70.1000000000 2.9198244139
70.2000000000 2.9201367349
70.3000000000 2.9166315448
70.4000000000 2.9222623587
70.5000000000 2.9236609034
70.6000000000 2.9237806120
70.7000000000 2.9317605991
70.8000000000 2.9223572592
70.9000000000 2.9242675717
71.0000000000 2.9281222264
71.1000000000 2.9285093579
71.2000000000 2.9271348568
71.3000000000 2.9306098251
71.4000000000 2.9294048794
71.5000000000 2.9325799753
71.6000000000 2.9313369150
71.7000000000 2.9298723213
71.8000000000 2.9323595162
71.9000000000 2.9376854689
72.0000000000 2.9402106889
72.1000000000 2.9368923839
72.2000000000 2.9335308086
72.3000000000 2.9405793880
72.4000000000 2.9433332362
72.5000000000 2.9338621653
72.6000000000 2.9368669288
72.7000000000 2.9398076411
72.8000000000 2.9435552758
72.9000000000 2.9418130463
73.0000000000 2.9471665060
73.1000000000 2.9507991322
73.2000000000 2.9488263568
73.3000000000 2.9474595119
73.4000000000 2.9425298115
73.5000000000 2.9491290998
73.6000000000 2.9449778744
73.7000000000 2.9486634287
73.8000000000 2.9565608351
73.9000000000 2.9609544043
74.0000000000 2.9614541599
74.1000000000 2.9654234943
74.2000000000 2.9632226003
74.3000000000 2.9547012222
74.4000000000 2.9552843751
74.5000000000 2.9591226216
74.6000000000 2.9680785596
74.7000000000 2.9659172913
74.8000000000 2.9606468112
74.9000000000 2.9689445343
75.0000000000 2.9768208383
75.1000000000 2.9712467600
75.2000000000 2.9659947412
75.3000000000 2.9696915022
75.4000000000 2.9748040605
75.5000000000 2.9703060684
75.6000000000 2.9651079586
75.7000000000 2.9528142740
75.8000000000 2.9525465788
75.9000000000 2.9568741428
76.0000000000 2.9546878516
76.1000000000 2.9587422837
76.2000000000 2.9657594340
76.3000000000 2.9752081317
76.4000000000 2.9733107383
76.5000000000 2.9592360937
76.6000000000 2.9660929278
76.7000000000 2.9614786310
76.8000000000 2.9624956289
76.9000000000 2.9710551412
77.0000000000 2.9654026715
77.1000000000 2.9736372108
77.2000000000 2.9750570373
77.3000000000 2.9737426739
77.4000000000 2.9746954211
77.5000000000 2.9721529262
77.6000000000 2.9781394664
77.7000000000 2.9742948041
77.8000000000 2.9750350496
77.9000000000 2.9761255820
78.0000000000 2.9777158515
78.1000000000 2.9832196087
78.2000000000 2.9841400275
78.3000000000 2.9870284739
78.4000000000 2.9812958183
78.5000000000 2.9814989475
78.6000000000 2.9851869831
78.7000000000 2.9735505222
78.8000000000 2.9772708046
78.9000000000 2.9670956810
79.0000000000 2.9723384517
79.1000000000 2.9693276427
79.2000000000 2.9651284440
79.3000000000 2.9622061335
79.4000000000 2.9546729317
79.5000000000 2.9600665138
79.6000000000 2.9628109266
79.7000000000 2.9719566589
79.8000000000 2.9705296654
79.9000000000 2.9651070532
80.0000000000 2.9699943933
80.1000000000 2.9721600718
80.2000000000 2.9747029292
80.3000000000 2.9740474856
80.4000000000 2.9721378451
80.5000000000 2.9652264372
80.6000000000 2.9636624617
80.7000000000 2.9675432660
80.8000000000 2.9621649013
80.9000000000 2.9629768813
81.0000000000 2.9611358348
81.1000000000 2.9673225227
81.2000000000 2.9664148032
81.3000000000 2.9603362771
81.4000000000 2.9636124171
81.5000000000 2.9527348757
81.6000000000 2.9548831121
81.7000000000 2.9619785892
81.8000000000 2.9683831078
81.9000000000 2.9665559565
82.0000000000 2.9707472571
82.1000000000 2.9693844416
82.2000000000 2.9680326526
82.3000000000 2.9635735177
82.4000000000 2.9639311520
82.5000000000 2.9646726860
82.6000000000 2.9618308109
82.7000000000 2.9605510363
82.8000000000 2.9621861893
82.9000000000 2.9557574509
83.0000000000 2.9620983474
83.1000000000 2.9595871050
83.2000000000 2.9465900275
83.3000000000 2.9505918843
83.4000000000 2.9548493746
83.5000000000 2.9527386308
83.6000000000 2.9483741118
83.7000000000 2.9451013101
83.8000000000 2.9461027797
83.9000000000 2.9471409751
84.0000000000 2.9445148255
84.1000000000 2.9466128808
84.2000000000 2.9437766929
84.3000000000 2.9391280329
84.4000000000 2.9369628283
84.5000000000 2.9416449507
84.6000000000 2.9406978404
84.7000000000 2.9319855761
84.8000000000 2.9362984421
84.9000000000 2.9360679203
85.0000000000 2.9371963529
85.1000000000 2.9268599359
85.2000000000 2.9207500065
85.3000000000 2.9187162284
85.4000000000 2.9167944104
85.5000000000 2.9219697870
85.6000000000 2.9248674447
85.7000000000 2.9264582193
85.8000000000 2.9251001638
85.9000000000 2.9322565780
86.0000000000 2.9280927842
86.1000000000 2.9264127988
86.2000000000 2.9305369938
86.3000000000 2.9293472566
86.4000000000 2.9349878344
86.5000000000 2.9356628467
86.6000000000 2.9386144360
86.7000000000 2.9411655534
86.8000000000 2.9342617846
86.9000000000 2.9362383324
87.0000000000 2.9332751188
87.1000000000 2.9336261118
87.2000000000 2.9299581982
87.3000000000 2.9363333735
87.4000000000 2.9351605309
87.5000000000 2.9322205617
87.6000000000 2.9365121183
87.7000000000 2.9383629379
87.8000000000 2.9414470563
87.9000000000 2.9438771498
88.0000000000 2.9448221892
88.1000000000 2.9390751285
88.2000000000 2.9427896595
88.3000000000 2.9402975646
88.4000000000 2.9462344369
88.5000000000 2.9420727557
88.6000000000 2.9476371871
88.7000000000 2.9521244618
88.8000000000 2.9567431268
88.9000000000 2.9610691583
89.0000000000 2.9462686226
89.1000000000 2.9525347248
89.2000000000 2.9473735510
89.3000000000 2.9456440194
89.4000000000 2.9402136990
89.5000000000 2.9362981679
89.6000000000 2.9410626458
89.7000000000 2.9451613027
89.8000000000 2.9423795412
89.9000000000 2.9438775778
90.0000000000 2.9416953466
90.1000000000 2.9452557079
90.2000000000 2.9441369208
90.3000000000 2.9404400004
90.4000000000 2.9333508495
90.5000000000 2.9338283547
90.6000000000 2.9263406985
90.7000000000 2.9263389864
90.8000000000 2.9299718518
90.9000000000 2.9236782734
91.0000000000 2.9217201778
91.1000000000 2.9216053085
91.2000000000 2.9192981876
91.3000000000 2.9176560534
91.4000000000 2.9183430898
91.5000000000 2.9191022198
91.6000000000 2.9240330787
91.7000000000 2.9169731179
91.8000000000 2.9194242273
91.9000000000 2.9137900732
92.0000000000 2.9112404811
92.1000000000 2.9207340309
92.2000000000 2.9204041831
92.3000000000 2.9133774083
92.4000000000 2.9217269354
92.5000000000 2.9187964832
92.6000000000 2.9256882439
92.7000000000 2.9313951224
92.8000000000 2.9321490331
92.9000000000 2.9204180339
93.0000000000 2.9195038084
93.1000000000 2.9136707851
93.2000000000 2.9007820768
93.3000000000 2.9056497283
93.4000000000 2.9100934579
93.5000000000 2.9047441749
93.6000000000 2.9100524879
93.7000000000 2.9039806372
93.8000000000 2.9005958683
93.9000000000 2.8948812658
94.0000000000 2.9002408851
94.1000000000 2.8999210624
94.2000000000 2.9028918014
94.3000000000 2.9012180460
94.4000000000 2.8907916361
94.5000000000 2.8938089796
94.6000000000 2.8977513057
94.7000000000 2.9021941431
94.8000000000 2.9047166200
94.9000000000 2.8946144655
95.0000000000 2.8997180258
95.1000000000 2.9006070285
95.2000000000 2.9060870337
95.3000000000 2.9072138385
95.4000000000 2.9156115633
95.5000000000 2.9131523885
95.6000000000 2.9104160307
95.7000000000 2.9133691521
95.8000000000 2.9137914290
95.9000000000 2.9109879543
96.0000000000 2.9167567826
96.1000000000 2.9097206003
96.2000000000 2.9040241912
96.3000000000 2.9018037572
96.4000000000 2.9026155592
96.5000000000 2.9014438279
96.6000000000 2.8987993880
96.7000000000 2.9057619374
96.8000000000 2.9031672457
96.9000000000 2.8960354319
97.0000000000 2.8987615550
97.1000000000 2.9022213932
97.2000000000 2.9093534306
97.3000000000 2.9073161703
97.4000000000 2.9016599046
97.5000000000 2.8976517248
97.6000000000 2.9014346010
97.7000000000 2.8921394158
97.8000000000 2.8911398157
97.9000000000 2.8837668699
98.0000000000 2.8813082678
98.1000000000 2.8904368017
98.2000000000 2.8958784547
98.3000000000 2.9040975879
98.4000000000 2.8963720830
98.5000000000 2.8969385290
98.6000000000 2.9005927038
98.7000000000 2.9044406309
98.8000000000 2.8958184688
98.9000000000 2.8961989162
99.0000000000 2.9003156367
99.1000000000 2.8886716803
99.2000000000 2.8883188789
99.3000000000 2.8970023552
99.4000000000 2.8869471215
99.5000000000 2.8934786997
99.6000000000 2.8910708301
99.7000000000 2.8888220881
99.8000000000 2.8810912579
99.9000000000 2.8767464385
100.0000000000 2.8826763422
100.1000000000 2.8770815096
100.2000000000 2.8777671048
100.3000000000 2.8831509981
100.4000000000 2.8861097421
100.5000000000 2.8768007605
100.6000000000 2.8779498457
100.7000000000 2.8743650084
100.8000000000 2.8815149618
100.9000000000 2.8766263982
101.0000000000 2.8799678828
101.1000000000 2.8819484846
101.2000000000 2.8891034183
101.3000000000 2.8876793507
101.4000000000 2.8865495357
101.5000000000 2.8844704666
101.6000000000 2.8897319249
101.7000000000 2.8863823531
101.8000000000 2.8872158323
101.9000000000 2.8867068129
102.0000000000 2.8853351513
102.1000000000 2.8933737831
102.2000000000 2.8939077380
102.3000000000 2.8899809518
102.4000000000 2.8872434572
102.5000000000 2.8892931012
102.6000000000 2.8923351618
102.7000000000 2.8890609422
102.8000000000 2.8940374039
102.9000000000 2.8910018767
103.0000000000 2.8824997842
103.1000000000 2.8851784142
103.2000000000 2.8868791244
103.3000000000 2.8908402493
103.4000000000 2.8955286565
103.5000000000 2.8890705487
103.6000000000 2.8724005061
103.7000000000 2.8811673625
103.8000000000 2.8873069684
103.9000000000 2.8898817859
104.0000000000 2.8949334764
104.1000000000 2.8976964620
104.2000000000 2.8917252038
104.3000000000 2.8975185921
104.4000000000 2.8989037377
104.5000000000 2.9064873461
104.6000000000 2.9111862480
104.7000000000 2.9111851545
104.8000000000 2.9020714454
104.9000000000 2.8936532277
105.0000000000 2.8960481284
105.1000000000 2.8946078250
105.2000000000 2.8943147649
105.3000000000 2.8919805148
105.4000000000 2.8994651647
105.5000000000 2.9054977739
105.6000000000 2.9090609732
105.7000000000 2.9105470060
105.8000000000 2.9075826893
105.9000000000 2.9108017373
106.0000000000 2.9061916814
106.1000000000 2.9083190988
106.2000000000 2.9138009250
106.3000000000 2.9126765745
106.4000000000 2.9151266809
106.5000000000 2.9162846301
106.6000000000 2.9195982570
106.7000000000 2.9229428231
106.8000000000 2.9042070634
106.9000000000 2.9050790675
107.0000000000 2.9078234594
107.1000000000 2.9066504979
107.2000000000 2.9137828036
107.3000000000 2.9125606702
107.4000000000 2.9142457011
107.5000000000 2.9144315382
107.6000000000 2.9113963889
107.7000000000 2.9004701095
107.8000000000 2.8897565037
107.9000000000 2.8943004778
108.0000000000 2.8909955835
108.1000000000 2.8855058317
108.2000000000 2.8853607126
108.3000000000 2.8878232765
108.4000000000 2.8901872703
108.5000000000 2.8938653766
108.6000000000 2.8878278798
108.7000000000 2.8874303320
108.8000000000 2.8938386963
108.9000000000 2.8975737660
109.0000000000 2.8867986839
109.1000000000 2.8926775816
109.2000000000 2.8932448010
109.3000000000 2.8885993032
109.4000000000 2.8934590691
109.5000000000 2.8860886947
109.6000000000 2.8924918726
109.7000000000 2.8918679422
109.8000000000 2.8997595823
109.9000000000 2.8903338818
110.0000000000 2.8883571035
110.1000000000 2.8905898723
110.2000000000 2.8969586556
110.3000000000 2.8966178711
110.4000000000 2.8926016130
110.5000000000 2.8982732736
110.6000000000 2.8992264497
110.7000000000 2.9016885773
110.8000000000 2.9041198768
110.9000000000 2.9042617121
111.0000000000 2.9080848504
111.1000000000 2.9062660009
111.2000000000 2.9040177097
111.3000000000 2.9022755641
111.4000000000 2.9056210160
111.5000000000 2.9022146165
111.6000000000 2.9080666547
111.7000000000 2.9121397130
111.8000000000 2.9165136999
111.9000000000 2.9183505726
112.0000000000 2.9145956389
112.1000000000 2.9135687815
112.2000000000 2.9114512983
112.3000000000 2.9029574732
112.4000000000 2.9163357518
112.5000000000 2.9188202152
112.6000000000 2.9224969231
112.7000000000 2.9185523672
112.8000000000 2.9176643635
112.9000000000 2.9154326986
113.0000000000 2.9161034369
113.1000000000 2.9110728054
113.2000000000 2.9193701342
113.3000000000 2.9167630550
113.4000000000 2.9191832736
113.5000000000 2.9290454546
113.6000000000 2.9279564980
113.7000000000 2.9281051179
113.8000000000 2.9285811989
113.9000000000 2.9210467640
114.0000000000 2.9083539037
114.1000000000 2.9046728673
114.2000000000 2.9091093540
114.3000000000 2.9045559344
114.4000000000 2.9064913353
114.5000000000 2.9085386708
114.6000000000 2.9085494315
114.7000000000 2.8992398005
114.8000000000 2.9035071558
114.9000000000 2.9072227385
115.0000000000 2.9014231903
115.1000000000 2.8989773527
115.2000000000 2.9035547056
115.3000000000 2.9051348572
115.4000000000 2.8961463354
115.5000000000 2.8938131321
115.6000000000 2.8857485666
115.7000000000 2.8845100967
115.8000000000 2.8906850150
115.9000000000 2.8986881890
116.0000000000 2.9014970810
116.1000000000 2.8991636076
116.2000000000 2.8872699519
116.3000000000 2.8839705553
116.4000000000 2.8809266250
116.5000000000 2.8825281100
116.6000000000 2.8790857394
116.7000000000 2.8844381274
116.8000000000 2.8871419546
116.9000000000 2.8919303123
117.0000000000 2.8939322550
117.1000000000 2.8891329566
117.2000000000 2.8916772056
117.3000000000 2.8759526508
117.4000000000 2.8806897706
117.5000000000 2.8797324081
117.6000000000 2.8722405888
117.7000000000 2.8821928997
117.8000000000 2.8853160507
117.9000000000 2.8773585829
118.0000000000 2.8817952489
118.1000000000 2.8873458527
118.2000000000 2.8784082403
118.3000000000 2.8814619954
118.4000000000 2.8777925136
118.5000000000 2.8837295606
118.6000000000 2.8838851351
118.7000000000 2.8853915576
118.8000000000 2.8805339033
118.9000000000 2.8792776517
119.0000000000 2.8819536562
119.1000000000 2.8755424945
119.2000000000 2.8792687840
119.3000000000 2.8814683984
119.4000000000 2.8859697819
119.5000000000 2.8866454313
119.6000000000 2.8878892714
119.7000000000 2.8964747276
119.8000000000 2.9008865754
119.9000000000 2.9013834443
120.0000000000 2.8975367352
120.1000000000 2.8962974021
120.2000000000 2.8864489315
120.3000000000 2.8887784163
120.4000000000 2.8855711105
120.5000000000 2.8808535453
120.6000000000 2.8761758179
120.7000000000 2.8838026884
120.8000000000 2.8858262850
120.9000000000 2.8732077531
121.0000000000 2.8788068321
121.1000000000 2.8807720998
121.2000000000 2.8757968051
121.3000000000 2.8693230607
121.4000000000 2.8706178494
121.5000000000 2.8725214083
121.6000000000 2.8727875798
121.7000000000 2.8577090973
121.8000000000 2.8536873462
121.9000000000 2.8426550483
122.0000000000 2.8432044828
122.1000000000 2.8438122477
122.2000000000 2.8401407540
122.3000000000 2.8376988197
122.4000000000 2.8442392457
122.5000000000 2.8458792808
122.6000000000 2.8472040952
122.7000000000 2.8433057058
122.8000000000 2.8423424267
122.9000000000 2.8479579610
123.0000000000 2.8449637814
123.1000000000 2.8460685063
123.2000000000 2.8463897399
123.3000000000 2.8420166844
123.4000000000 2.8434079164
123.5000000000 2.8466811704
123.6000000000 2.8468696910
123.7000000000 2.8501720874
123.8000000000 2.8521453033
123.9000000000 2.8574213477
124.0000000000 2.8560323809
124.1000000000 2.8606860257
124.2000000000 2.8514411034
124.3000000000 2.8557110725
124.4000000000 2.8531413980
124.5000000000 2.8527634350
124.6000000000 2.8529533118
124.7000000000 2.8520469659
124.8000000000 2.8504660386
124.9000000000 2.8473461749
125.0000000000 2.8557760265
125.1000000000 2.8514961910
125.2000000000 2.8570880050
125.3000000000 2.8584612454
125.4000000000 2.8620276262
125.5000000000 2.8681739644
125.6000000000 2.8724518503
125.7000000000 2.8633116044
125.8000000000 2.8482539799
125.9000000000 2.8391261503
126.0000000000 2.8433958255
126.1000000000 2.8408208301
126.2000000000 2.8325214929
126.3000000000 2.8324961361
126.4000000000 2.8238121300
126.5000000000 2.8221908461
126.6000000000 2.8237678428
126.7000000000 2.8245024192
126.8000000000 2.8337479648
126.9000000000 2.8286421284
127.0000000000 2.8214102452
127.1000000000 2.8277109899
127.2000000000 2.8212338462
127.3000000000 2.8275105474
127.4000000000 2.8350181073
127.5000000000 2.8270925978
127.6000000000 2.8283570292
127.7000000000 2.8048746879
127.8000000000 2.8082874053
127.9000000000 2.8073178163
128.0000000000 2.8085850149
128.1000000000 2.8081249973
128.2000000000 2.8029614649
128.3000000000 2.8017110515
128.4000000000 2.7985978752
128.5000000000 2.7870185584
128.6000000000 2.7904121364
128.7000000000 2.7873833377
128.8000000000 2.7967648399
128.9000000000 2.7920835504
129.0000000000 2.7815744597
129.1000000000 2.7875945693
129.2000000000 2.7828012522
129.3000000000 2.7734574359
129.4000000000 2.7719032821
129.5000000000 2.7770933164
129.6000000000 2.7801347261
129.7000000000 2.7761669410
129.8000000000 2.7837039779
129.9000000000 2.7868122089
130.0000000000 2.7931583321
130.1000000000 2.7884842376
130.2000000000 2.7773565957
130.3000000000 2.7798673408
130.4000000000 2.7763923700
130.5000000000 2.7761764277
130.6000000000 2.7663061297
130.7000000000 2.7615995399
130.8000000000 2.7618335566
130.9000000000 2.7584196468
131.0000000000 2.7615033021
131.1000000000 2.7550546473
131.2000000000 2.7514976968
131.3000000000 2.7458681140
131.4000000000 2.7376630806
131.5000000000 2.7371667501
131.6000000000 2.7389356042
131.7000000000 2.7310540869
131.8000000000 2.7359471145
131.9000000000 2.7270460097
132.0000000000 2.7291724260
132.1000000000 2.7275271532
132.2000000000 2.7309570520
132.3000000000 2.7255911490
132.4000000000 2.7245426424
132.5000000000 2.7235396233
132.6000000000 2.7284828638
132.7000000000 2.7300456995
132.8000000000 2.7237072949
132.9000000000 2.7237307557
133.0000000000 2.7224047044
133.1000000000 2.7245219367
133.2000000000 2.7257386026
133.3000000000 2.7216093678
133.4000000000 2.7204417742
133.5000000000 2.7179939031
133.6000000000 2.7088498319
133.7000000000 2.7147843292
133.8000000000 2.7213397911
133.9000000000 2.7153130548
134.0000000000 2.7101492331
134.1000000000 2.7022427055
134.2000000000 2.7101672531
134.3000000000 2.7078776861
134.4000000000 2.7115139835
134.5000000000 2.7066653066
134.6000000000 2.7136496272
134.7000000000 2.7047590072
134.8000000000 2.7119554285
134.9000000000 2.7151508528
135.0000000000 2.7062771232
135.1000000000 2.7094206341
135.2000000000 2.7093323202
135.3000000000 2.7143102947
135.4000000000 2.7160153150
135.5000000000 2.7137912082
135.6000000000 2.7150506946
135.7000000000 2.7173034097
135.8000000000 2.7139361216
135.9000000000 2.7108333746
136.0000000000 2.7165601542
136.1000000000 2.7140010029
136.2000000000 2.7181573129
136.3000000000 2.7194048091
136.4000000000 2.7223020726
136.5000000000 2.7270136407
136.6000000000 2.7282711371
136.7000000000 2.7262942485
136.8000000000 2.7235168911
136.9000000000 2.7231923975
137.0000000000 2.7236560674
137.1000000000 2.7233726331
137.2000000000 2.7253560340
137.3000000000 2.7223784357
137.4000000000 2.7303344728
137.5000000000 2.7298610650
137.6000000000 2.7324837363
137.7000000000 2.7357080666
137.8000000000 2.7339994683
137.9000000000 2.7412814936
138.0000000000 2.7456247953
138.1000000000 2.7450055593
138.2000000000 2.7500050543
138.3000000000 2.7426431819
138.4000000000 2.7457701446
138.5000000000 2.7404176694
138.6000000000 2.7434181939
138.7000000000 2.7446255756
138.8000000000 2.7503385751
138.9000000000 2.7535644660
139.0000000000 2.7520174026
139.1000000000 2.7529067499
139.2000000000 2.7510842684
139.3000000000 2.7430123764
139.4000000000 2.7551424390
139.5000000000 2.7636918252
139.6000000000 2.7612040984
139.7000000000 2.7623018883
139.8000000000 2.7569034316
139.9000000000 2.7616189040
140.0000000000 2.7468409528
140.1000000000 2.7515900312
140.2000000000 2.7397260535
140.3000000000 2.7405482539
140.4000000000 2.7464499637
140.5000000000 2.7459804012
140.6000000000 2.7512915982
140.7000000000 2.7393332465
140.8000000000 2.7470342945
140.9000000000 2.7403614040
141.0000000000 2.7364098788
141.1000000000 2.7383479689
141.2000000000 2.7333248739
141.3000000000 2.7360088465
141.4000000000 2.7367242255
141.5000000000 2.7334810580
141.6000000000 2.7328238108
141.7000000000 2.7279935805
141.8000000000 2.7282134728
141.9000000000 2.7293221788
142.0000000000 2.7326014672
142.1000000000 2.7415724144
142.2000000000 2.7377484047
142.3000000000 2.7448292473
142.4000000000 2.7393711833
142.5000000000 2.7383420813
142.6000000000 2.7362137456
142.7000000000 2.7335317725
142.8000000000 2.7333750669
142.9000000000 2.7457534975
143.0000000000 2.7506212273
143.1000000000 2.7441830224
143.2000000000 2.7386636283
143.3000000000 2.7427174943
143.4000000000 2.7432409341
143.5000000000 2.7459327513
143.6000000000 2.7463630548
143.7000000000 2.7399988388
143.8000000000 2.7401455707
143.9000000000 2.7425947444
144.0000000000 2.7422965725
144.1000000000 2.7458414049
144.2000000000 2.7380703474
144.3000000000 2.7435205747
144.4000000000 2.7433016813
144.5000000000 2.7478458630
144.6000000000 2.7452378712
144.7000000000 2.7514272802
144.8000000000 2.7428097374
144.9000000000 2.7447445867
145.0000000000 2.7400718568
145.1000000000 2.7433325813
145.2000000000 2.7357504725
145.3000000000 2.7366036297
145.4000000000 2.7356508763
145.5000000000 2.7406385975
145.6000000000 2.7453102474
145.7000000000 2.7391885776
145.8000000000 2.7355035537
145.9000000000 2.7385955618
146.0000000000 2.7335148386
146.1000000000 2.7368127177
146.2000000000 2.7399755936
146.3000000000 2.7432866370
146.4000000000 2.7436302327
146.5000000000 2.7418881649
146.6000000000 2.7432254916
146.7000000000 2.7421953823
146.8000000000 2.7432489639
146.9000000000 2.7414904644
147.0000000000 2.7459789003
147.1000000000 2.7569973227
147.2000000000 2.7519561679
147.3000000000 2.7534882089
147.4000000000 2.7550614086
147.5000000000 2.7538294686
147.6000000000 2.7610207460
147.7000000000 2.7575194969
147.8000000000 2.7622154639
147.9000000000 2.7642781332
148.0000000000 2.7703315934
148.1000000000 2.7729090404
148.2000000000 2.7672666365
148.3000000000 2.7646204936
148.4000000000 2.7564296154
148.5000000000 2.7507796418
148.6000000000 2.7575812442
148.7000000000 2.7621854690
148.8000000000 2.7636050866
148.9000000000 2.7656468262
149.0000000000 2.7663478246
149.1000000000 2.7751201236
149.2000000000 2.7772859655
149.3000000000 2.7739092555
149.4000000000 2.7736279272
149.5000000000 2.7734868228
149.6000000000 2.7767022549
149.7000000000 2.7805519731
149.8000000000 2.7794133641
149.9000000000 2.7708884328
150.0000000000 2.7690341636
150.1000000000 2.7694777211
150.2000000000 2.7721671122
150.3000000000 2.7674472127
150.4000000000 2.7600708878
150.5000000000 2.7632271617
150.6000000000 2.7638414936
150.7000000000 2.7698959154
150.8000000000 2.7702498263
150.9000000000 2.7734063999
151.0000000000 2.7782428778
151.1000000000 2.7714299895
151.2000000000 2.7724565875
151.3000000000 2.7688592048
151.4000000000 2.7732991509
151.5000000000 2.7669758270
151.6000000000 2.7657071914
151.7000000000 2.7663820630
151.8000000000 2.7664716517
151.9000000000 2.7694206886
152.0000000000 2.7802616527
152.1000000000 2.7796013037
152.2000000000 2.7683555102
152.3000000000 2.7687011321
152.4000000000 2.7711351605
152.5000000000 2.7727423161
152.6000000000 2.7756659789
152.7000000000 2.7787923472
152.8000000000 2.7781922548
152.9000000000 2.7781258237
153.0000000000 2.7748114875
153.1000000000 2.7703857739
153.2000000000 2.7656547245
153.3000000000 2.7667655689
153.4000000000 2.7731459847
153.5000000000 2.7752642882
153.6000000000 2.7747635337
153.7000000000 2.7747482601
153.8000000000 2.7734271319
153.9000000000 2.7751103783
154.0000000000 2.7790425530
154.1000000000 2.7726418254
154.2000000000 2.7757337519
154.3000000000 2.7695637543
154.4000000000 2.7776868544
154.5000000000 2.7729484597
154.6000000000 2.7829102055
154.7000000000 2.7825296307
154.8000000000 2.7843219593
154.9000000000 2.7855514164
155.0000000000 2.7841793152
155.1000000000 2.7842634153
155.2000000000 2.7740304798
155.3000000000 2.7825800051
155.4000000000 2.7830238945
155.5000000000 2.7828005844
155.6000000000 2.7834586790
155.7000000000 2.7918276659
155.8000000000 2.7906431501
155.9000000000 2.7927575014
156.0000000000 2.8008589671
156.1000000000 2.7935614638
156.2000000000 2.7939783797
156.3000000000 2.7881862331
156.4000000000 2.7906929190
156.5000000000 2.7850748885
156.6000000000 2.7836980391
156.7000000000 2.7856320931
156.8000000000 2.7904176545
156.9000000000 2.7826323427
157.0000000000 2.7790998767
157.1000000000 2.7817218888
157.2000000000 2.7693533343
157.3000000000 2.7736269602
157.4000000000 2.7753918586
157.5000000000 2.7751221810
157.6000000000 2.7695870050
157.7000000000 2.7685323185
157.8000000000 2.7650341932
157.9000000000 2.7679851261
158.0000000000 2.7719335841
158.1000000000 2.7742558917
158.2000000000 2.7768985709
158.3000000000 2.7704297456
158.4000000000 2.7722982848
158.5000000000 2.7713876806
158.6000000000 2.7703076783
158.7000000000 2.7773835850
158.8000000000 2.7748607969
158.9000000000 2.7797057600
159.0000000000 2.7709736695
159.1000000000 2.7666972838
159.2000000000 2.7684067681
159.3000000000 2.7697553343
159.4000000000 2.7666699182
159.5000000000 2.7639274794
159.6000000000 2.7571207611
159.7000000000 2.7574438568
159.8000000000 2.7558182534
159.9000000000 2.7538074848
160.0000000000 2.7446756789
160.1000000000 2.7449783945
160.2000000000 2.7425845512
160.3000000000 2.7430731086
160.4000000000 2.7447577153
160.5000000000 2.7459703705
160.6000000000 2.7501474351
160.7000000000 2.7441809265
160.8000000000 2.7417840760
160.9000000000 2.7446819376
161.0000000000 2.7437125002
161.1000000000 2.7376887751
161.2000000000 2.7350262212
161.3000000000 2.7411042133
161.4000000000 2.7377480898
161.5000000000 2.7294366413
161.6000000000 2.7274041861
161.7000000000 2.7227896555
161.8000000000 2.7215867353
161.9000000000 2.7234316167
162.0000000000 2.7257586816
162.1000000000 2.7230386873
162.2000000000 2.7212466343
162.3000000000 2.7214994041
162.4000000000 2.7263907483
162.5000000000 2.7283591383
162.6000000000 2.7291098711
162.7000000000 2.7255118280
162.8000000000 2.7198632444
162.9000000000 2.7170171159
163.0000000000 2.7224675573
163.1000000000 2.7124315386
163.2000000000 2.7102383195
163.3000000000 2.7078571080
163.4000000000 2.7006763945
163.5000000000 2.7010322951
163.6000000000 2.7055736194
163.7000000000 2.7123827474
163.8000000000 2.7071976869
163.9000000000 2.7052040451
164.0000000000 2.7089241747
164.1000000000 2.7134865670
164.2000000000 2.7154103740
164.3000000000 2.7188751440
164.4000000000 2.7235887853
164.5000000000 2.7270201113
164.6000000000 2.7287286985
164.7000000000 2.7346200497
164.8000000000 2.7389539046
164.9000000000 2.7409201795
165.0000000000 2.7337232137
165.1000000000 2.7342249969
165.2000000000 2.7314835209
165.3000000000 2.7350400020
165.4000000000 2.7404186555
165.5000000000 2.7239881069
165.6000000000 2.7371009406
165.7000000000 2.7326918965
165.8000000000 2.7356476764
165.9000000000 2.7348877481
166.0000000000 2.7360373835
166.1000000000 2.7411696942
166.2000000000 2.7429740502
166.3000000000 2.7389273473
166.4000000000 2.7435227485
166.5000000000 2.7336108762
166.6000000000 2.7364445218
166.7000000000 2.7456965442
166.8000000000 2.7385113831
166.9000000000 2.7421215161
167.0000000000 2.7424300635
167.1000000000 2.7469734412
167.2000000000 2.7447530202
167.3000000000 2.7439078495
167.4000000000 2.7504483962
167.5000000000 2.7462651512
167.6000000000 2.7397912466
167.7000000000 2.7369120526
167.8000000000 2.7337634317
167.9000000000 2.7369458728
168.0000000000 2.7355295350
168.1000000000 2.7314925603
168.2000000000 2.7277491670
168.3000000000 2.7250483451
168.4000000000 2.7165523072
168.5000000000 2.7139039298
168.6000000000 2.7117255738
168.7000000000 2.7172414598
168.8000000000 2.7168629778
168.9000000000 2.7217961592
169.0000000000 2.7274636937
169.1000000000 2.7272654265
169.2000000000 2.7281965087
169.3000000000 2.7294070394
169.4000000000 2.7225634278
169.5000000000 2.7316167406
169.6000000000 2.7272647193
169.7000000000 2.7281165875
169.8000000000 2.7250615484
169.9000000000 2.7146585148
170.0000000000 2.7099458995
170.1000000000 2.7091325066
170.2000000000 2.7094448642
170.3000000000 2.7161130043
170.4000000000 2.7194617813
170.5000000000 2.7188728389
170.6000000000 2.7207469851
170.7000000000 2.7209723022
170.8000000000 2.7187660601
170.9000000000 2.7159329182
171.0000000000 2.7103532574
171.1000000000 2.7097689678
171.2000000000 2.7136275533
171.3000000000 2.7160857673
171.4000000000 2.7195891293
171.5000000000 2.7229562747
171.6000000000 2.7215934775
171.7000000000 2.7214751243
171.8000000000 2.7202647414
171.9000000000 2.7264606927
172.0000000000 2.7282790628
172.1000000000 2.7336753728
172.2000000000 2.7318466757
172.3000000000 2.7343586862
172.4000000000 2.7337006878
172.5000000000 2.7345170228
172.6000000000 2.7384217878
172.7000000000 2.7350489067
172.8000000000 2.7347908951
172.9000000000 2.7244217275
173.0000000000 2.7292585523
173.1000000000 2.7253733558
173.2000000000 2.7241750497
173.3000000000 2.7199785495
173.4000000000 2.7124915076
173.5000000000 2.7154393999
173.6000000000 2.7117149356
173.7000000000 2.7150827639
173.8000000000 2.7173170164
173.9000000000 2.7202976884
174.0000000000 2.7154136539
174.1000000000 2.7162256471
174.2000000000 2.6994107457
174.3000000000 2.7056648808
174.4000000000 2.7107360917
174.5000000000 2.7091598524
174.6000000000 2.7101605412
174.7000000000 2.7132881745
174.8000000000 2.7120197469
174.9000000000 2.7083050255
175.0000000000 2.7107286707
175.1000000000 2.7113149122
175.2000000000 2.7132777830
175.3000000000 2.7122298599
175.4000000000 2.7017067349
175.5000000000 2.6915752798
175.6000000000 2.6907147738
175.7000000000 2.6952154502
175.8000000000 2.6900917983
175.9000000000 2.6911289393
176.0000000000 2.6837151907
176.1000000000 2.6851296280
176.2000000000 2.6859274519
176.3000000000 2.6787792279
176.4000000000 2.6824561885
176.5000000000 2.6927914764
176.6000000000 2.6919088043
176.7000000000 2.6937100542
176.8000000000 2.6979283624
176.9000000000 2.6878261846
177.0000000000 2.6878592941
177.1000000000 2.6883876680
177.2000000000 2.6881417812
177.3000000000 2.6836115254
177.4000000000 2.6901876985
177.5000000000 2.6912344897
177.6000000000 2.6845346324
177.7000000000 2.6882947558
177.8000000000 2.6922253845
177.9000000000 2.6935020490
178.0000000000 2.6910512730
178.1000000000 2.6985100235
178.2000000000 2.7024967045
178.3000000000 2.7054775745
178.4000000000 2.6939601577
178.5000000000 2.6932812371
178.6000000000 2.6899092192
178.7000000000 2.7003993719
178.8000000000 2.7027729919
178.9000000000 2.6983584435
179.0000000000 2.6979899482
179.1000000000 2.7028615924
179.2000000000 2.7012899233
179.3000000000 2.6910539167
179.4000000000 2.6900179909
179.5000000000 2.6922877033
179.6000000000 2.6930064100
179.7000000000 2.6944233186
179.8000000000 2.6893586705
179.9000000000 2.6918221674
180.0000000000 2.6921098881
180.1000000000 2.6875623599
180.2000000000 2.6869512599
180.3000000000 2.6746868406
180.4000000000 2.6727503917
180.5000000000 2.6721059415
180.6000000000 2.6684126092
180.7000000000 2.6763509345
180.8000000000 2.6771625124
180.9000000000 2.6739488206
181.0000000000 2.6797548964
181.1000000000 2.6750070519
181.2000000000 2.6748806089
181.3000000000 2.6809174213
181.4000000000 2.6859070083
181.5000000000 2.6892873071
181.6000000000 2.6842890095
181.7000000000 2.6861047253
181.8000000000 2.6864994360
181.9000000000 2.6859386470
182.0000000000 2.6828558859
182.1000000000 2.6803065731
182.2000000000 2.6801074565
182.3000000000 2.6737910428
182.4000000000 2.6720647035
182.5000000000 2.6728865142
182.6000000000 2.6707597192
182.7000000000 2.6725875266
182.8000000000 2.6727790301
182.9000000000 2.6705425901
183.0000000000 2.6724756568
183.1000000000 2.6730825413
183.2000000000 2.6734374814
183.3000000000 2.6707966654
183.4000000000 2.6796092532
183.5000000000 2.6779911926
183.6000000000 2.6812448578
183.7000000000 2.6874209661
183.8000000000 2.6884033252
183.9000000000 2.6880509138
184.0000000000 2.6848306019
184.1000000000 2.6808229405
184.2000000000 2.6825445954
184.3000000000 2.6883540230
184.4000000000 2.6849592440
184.5000000000 2.6906436719
184.6000000000 2.6794454027
184.7000000000 2.6830631544
184.8000000000 2.6800407704
184.9000000000 2.6803852530
185.0000000000 2.6767700821
185.1000000000 2.6834151205
185.2000000000 2.6744041290
185.3000000000 2.6735942468
185.4000000000 2.6804964000
185.5000000000 2.6785258178
185.6000000000 2.6773434329
185.7000000000 2.6772272693
185.8000000000 2.6594949092
185.9000000000 2.6612548564
186.0000000000 2.6631645085
186.1000000000 2.6577088296
186.2000000000 2.6597648607
186.3000000000 2.6643959774
186.4000000000 2.6633682286
186.5000000000 2.6636277044
186.6000000000 2.6604525124
186.7000000000 2.6662106044
186.8000000000 2.6659187315
186.9000000000 2.6585433116
187.0000000000 2.6628199183
187.1000000000 2.6675190802
187.2000000000 2.6671907589
187.3000000000 2.6686839172
187.4000000000 2.6625498013
187.5000000000 2.6666501812
187.6000000000 2.6668163270
187.7000000000 2.6672388565
187.8000000000 2.6695058308
187.9000000000 2.6508412773
188.0000000000 2.6525476571
188.1000000000 2.6477359076
188.2000000000 2.6475764241
188.3000000000 2.6512407911
188.4000000000 2.6595059282
188.5000000000 2.6627518395
188.6000000000 2.6623212501
188.7000000000 2.6705187178
188.8000000000 2.6741906967
188.9000000000 2.6748078917
189.0000000000 2.6701188715
189.1000000000 2.6789875614
189.2000000000 2.6752291477
189.3000000000 2.6806442661
189.4000000000 2.6778413907
189.5000000000 2.6843540814
189.6000000000 2.6824797475
189.7000000000 2.6836084621
189.8000000000 2.6854933277
189.9000000000 2.6881226987
190.0000000000 2.6953965178
190.1000000000 2.6913379424
190.2000000000 2.7041010850
190.3000000000 2.7057642536
190.4000000000 2.7100694657
190.5000000000 2.7139159290
190.6000000000 2.7106797525
190.7000000000 2.7169715547
190.8000000000 2.7151295544
190.9000000000 2.7223638409
191.0000000000 2.7194068701
191.1000000000 2.7247404627
191.2000000000 2.7239071682
191.3000000000 2.7272159287
191.4000000000 2.7233670041
191.5000000000 2.7291207066
191.6000000000 2.7305348531
191.7000000000 2.7282195587
191.8000000000 2.7360057862
191.9000000000 2.7307563530
192.0000000000 2.7269369418
192.1000000000 2.7319786389
192.2000000000 2.7227214626
192.3000000000 2.7220978093
192.4000000000 2.7247898276
192.5000000000 2.7215389193
192.6000000000 2.7163927264
192.7000000000 2.7265288621
192.8000000000 2.7277524222
192.9000000000 2.7311112754
193.0000000000 2.7278733212
193.1000000000 2.7289663729
193.2000000000 2.7353196444
193.3000000000 2.7276298097
193.4000000000 2.7175483125
193.5000000000 2.7236438918
193.6000000000 2.7196390575
193.7000000000 2.7283367053
193.8000000000 2.7307948125
193.9000000000 2.7210010726
194.0000000000 2.7269757187
194.1000000000 2.7348336308
194.2000000000 2.7295902059
194.3000000000 2.7246097956
194.4000000000 2.7304810293
194.5000000000 2.7312836240
194.6000000000 2.7318677307
194.7000000000 2.7347119072
194.8000000000 2.7380630663
194.9000000000 2.7226419495
195.0000000000 2.7230221148
195.1000000000 2.7294902773
195.2000000000 2.7161915761
195.3000000000 2.7135384566
195.4000000000 2.7074720293
195.5000000000 2.7068607104
195.6000000000 2.6997405912
195.7000000000 2.7016085603
195.8000000000 2.7028521998
195.9000000000 2.7017452700
196.0000000000 2.7026443185
196.1000000000 2.7012694288
196.2000000000 2.6993907633
196.3000000000 2.7042521718
196.4000000000 2.7112792507
196.5000000000 2.7103001084
196.6000000000 2.7094787150
196.7000000000 2.7088349968
196.8000000000 2.7165163489
196.9000000000 2.7259592623
197.0000000000 2.7215229361
197.1000000000 2.7202041582
197.2000000000 2.7109689076
197.3000000000 2.7211033345
197.4000000000 2.7186806146
197.5000000000 2.7226789301
197.6000000000 2.7118282268
197.7000000000 2.7126049966
197.8000000000 2.7081877807
197.9000000000 2.7056706151
198.0000000000 2.7094588781
198.1000000000 2.7088178902
198.2000000000 2.7036125144
198.3000000000 2.7047139667
198.4000000000 2.7014391149
198.5000000000 2.7043890791
198.6000000000 2.7022566432
198.7000000000 2.6904874007
198.8000000000 2.6905106507
198.9000000000 2.6900139836
199.0000000000 2.6907317189
199.1000000000 2.6971050184
199.2000000000 2.6924532427
199.3000000000 2.6862264361
199.4000000000 2.6831057136
199.5000000000 2.6869310715
199.6000000000 2.6848464765
199.7000000000 2.6880346695
199.8000000000 2.6959137710
199.9000000000 2.6978716028
200.0000000000 2.6946973795
200.1000000000 2.7039768563
200.2000000000 2.7009855538
200.3000000000 2.6969149248
200.4000000000 2.6958639284
200.5000000000 2.6946773220
200.6000000000 2.6907342704
200.7000000000 2.6895754537
200.8000000000 2.6948674850
200.9000000000 2.7002365113
201.0000000000 2.7061050111
201.1000000000 2.7001143515
201.2000000000 2.6920622390
201.3000000000 2.6899767157
201.4000000000 2.6902754453
201.5000000000 2.7039779950
201.6000000000 2.7009939743
201.7000000000 2.7072227024
201.8000000000 2.6949597030
201.9000000000 2.6945520595
202.0000000000 2.6839542576
202.1000000000 2.6846665600
202.2000000000 2.6919834889
202.3000000000 2.6972006679
202.4000000000 2.6969917522
202.5000000000 2.6892048871
202.6000000000 2.6855486436
202.7000000000 2.6853105441
202.8000000000 2.6913615470
202.9000000000 2.6867973151
203.0000000000 2.6898661255
203.1000000000 2.6833216723
203.2000000000 2.6871102554
203.3000000000 2.6907078007
203.4000000000 2.6902824315
203.5000000000 2.6906211867
203.6000000000 2.6865782903
203.7000000000 2.6848550374
203.8000000000 2.6865435018
203.9000000000 2.6857421018
204.0000000000 2.6849229903
204.1000000000 2.6934565665
204.2000000000 2.6999820871
204.3000000000 2.6972309166
204.4000000000 2.7019647663
204.5000000000 2.7009359975
204.6000000000 2.7030394754
204.7000000000 2.7081638973
204.8000000000 2.7040913586
204.9000000000 2.6996277252
205.0000000000 2.7086742596
205.1000000000 2.6978458938
205.2000000000 2.6932640830
205.3000000000 2.6918017131
205.4000000000 2.6900408259
205.5000000000 2.6910686583
205.6000000000 2.6930932835
205.7000000000 2.6890322701
205.8000000000 2.6940434194
205.9000000000 2.6957173222
206.0000000000 2.6813109059
206.1000000000 2.6929709743
206.2000000000 2.6874227057
206.3000000000 2.6878116998
206.4000000000 2.6910810522
206.5000000000 2.6959832821
206.6000000000 2.6918989200
206.7000000000 2.6924695563
206.8000000000 2.6921177615
206.9000000000 2.6879145341
207.0000000000 2.6914901396
207.1000000000 2.6852448067
207.2000000000 2.6892008902
207.3000000000 2.6823700649
207.4000000000 2.6812073187
207.5000000000 2.6759635954
207.6000000000 2.6734118612
207.7000000000 2.6746638196
207.8000000000 2.6815716635
207.9000000000 2.6818328577
208.0000000000 2.6909007403
208.1000000000 2.6863284032
208.2000000000 2.6920835102
208.3000000000 2.6958087193
208.4000000000 2.7010871008
208.5000000000 2.6927781396
208.6000000000 2.7033735597
208.7000000000 2.7008037756
208.8000000000 2.7017171782
208.9000000000 2.6980664507
209.0000000000 2.6929058826
209.1000000000 2.6925742294
209.2000000000 2.6846647178
209.3000000000 2.6854292553
209.4000000000 2.6848611316
209.5000000000 2.6891929138
209.6000000000 2.6857006303
209.7000000000 2.6747430593
209.8000000000 2.6770260488
209.9000000000 2.6846998466
210.0000000000 2.6916203423
210.1000000000 2.6902232413
210.2000000000 2.6876557856
210.3000000000 2.6839280145
210.4000000000 2.6839225551
210.5000000000 2.6847601572
210.6000000000 2.6805724236
210.7000000000 2.6815317311
210.8000000000 2.6935533562
210.9000000000 2.6896046313
211.0000000000 2.6868090294
211.1000000000 2.6930344243
211.2000000000 2.6951897633
211.3000000000 2.6990105175
211.4000000000 2.7060461368
211.5000000000 2.7018221435
211.6000000000 2.7029646652
211.7000000000 2.7002831346
211.8000000000 2.7015728892
211.9000000000 2.7058437873
212.0000000000 2.7100416413
212.1000000000 2.7122009652
212.2000000000 2.7096130764
212.3000000000 2.7051741925
212.4000000000 2.7064079193
212.5000000000 2.7082065342
212.6000000000 2.7018245803
212.7000000000 2.7034107506
212.8000000000 2.7020653782
212.9000000000 2.6993082771
213.0000000000 2.7018622486
213.1000000000 2.7065190024
213.2000000000 2.7104703850
213.3000000000 2.7101179337
213.4000000000 2.7090553325
213.5000000000 2.7155604035
213.6000000000 2.7136027748
213.7000000000 2.7039872460
213.8000000000 2.7067491895
213.9000000000 2.7067434274
214.0000000000 2.7078088398
214.1000000000 2.7093702780
214.2000000000 2.7112826168
214.3000000000 2.7116423736
214.4000000000 2.7183741297
214.5000000000 2.7132870366
214.6000000000 2.7159373964
214.7000000000 2.7197459666
214.8000000000 2.7177256264
214.9000000000 2.7026897650
215.0000000000 2.7079784651
215.1000000000 2.7017995566
215.2000000000 2.7093068317
215.3000000000 2.7049018089
215.4000000000 2.7093059428
215.5000000000 2.7119510133
215.6000000000 2.7168382144
215.7000000000 2.7212350590
215.8000000000 2.7192015457
215.9000000000 2.7208203801
216.0000000000 2.7233490671
216.1000000000 2.7259930698
216.2000000000 2.7292221417
216.3000000000 2.7295902227
216.4000000000 2.7268969851
216.5000000000 2.7349515106
216.6000000000 2.7421403861
216.7000000000 2.7307595058
216.8000000000 2.7288607314
216.9000000000 2.7327765386
217.0000000000 2.7322505393
217.1000000000 2.7236290606
217.2000000000 2.7189853117
217.3000000000 2.7180971392
217.4000000000 2.7067364144
217.5000000000 2.7078447465
217.6000000000 2.7020733379
217.7000000000 2.7053320715
217.8000000000 2.6927556189
217.9000000000 2.6956899205
218.0000000000 2.6968674210
218.1000000000 2.6963349068
218.2000000000 2.6952725224
218.3000000000 2.6838730506
218.4000000000 2.6914509102
218.5000000000 2.6930151927
218.6000000000 2.6893908447
218.7000000000 2.6926800420
218.8000000000 2.6922820627
218.9000000000 2.6967745924
219.0000000000 2.7017859230
219.1000000000 2.7011131294
219.2000000000 2.7040098069
219.3000000000 2.7048186000
219.4000000000 2.6993606729
219.5000000000 2.6970590014
219.6000000000 2.6989815689
219.7000000000 2.6959959506
219.8000000000 2.6981492191
219.9000000000 2.6983445754
220.0000000000 2.7026724069
220.1000000000 2.7055851434
220.2000000000 2.7040588375
220.3000000000 2.7050739454
220.4000000000 2.7026335342
220.5000000000 2.7000681406
220.6000000000 2.6934894780
220.7000000000 2.6938385461
220.8000000000 2.6983353468
220.9000000000 2.7004111591
221.0000000000 2.7021141311
221.1000000000 2.7042156273
221.2000000000 2.7060365342
221.3000000000 2.7043507458
221.4000000000 2.7112327382
221.5000000000 2.7136826287
221.6000000000 2.7040418173
221.7000000000 2.6941985379
221.8000000000 2.6975871865
221.9000000000 2.6924411173
222.0000000000 2.6890164447
222.1000000000 2.6901619013
222.2000000000 2.6852542176
222.3000000000 2.6884772081
222.4000000000 2.6936836611
222.5000000000 2.6895706789
222.6000000000 2.6847768972
222.7000000000 2.6840105922
222.8000000000 2.6819411020
222.9000000000 2.6838143054
223.0000000000 2.6943703071
223.1000000000 2.6889887374
223.2000000000 2.6945238854
223.3000000000 2.6959631643
223.4000000000 2.6932361465
223.5000000000 2.6905431166
223.6000000000 2.6973264988
223.7000000000 2.6970710580
223.8000000000 2.6945293115
223.9000000000 2.6937464863
224.0000000000 2.6967171543
224.1000000000 2.6938192727
224.2000000000 2.6884964157
224.3000000000 2.6859183501
224.4000000000 2.6874272581
224.5000000000 2.6879130174
224.6000000000 2.6877485918
224.7000000000 2.6911479114
224.8000000000 2.6926373539
224.9000000000 2.6870978341
225.0000000000 2.6762613662
225.1000000000 2.6765025446
225.2000000000 2.6790828819
225.3000000000 2.6786110914
225.4000000000 2.6755798189
225.5000000000 2.6750642756
225.6000000000 2.6802803374
225.7000000000 2.6761992584
225.8000000000 2.6842251552
225.9000000000 2.6845832973
226.0000000000 2.6878957314
226.1000000000 2.6889711240
226.2000000000 2.6879280401
226.3000000000 2.6857835398
226.4000000000 2.6903387634
226.5000000000 2.6891242188
226.6000000000 2.6868577648
226.7000000000 2.6852244888
226.8000000000 2.6902829573
226.9000000000 2.6904894220
227.0000000000 2.6926494097
227.1000000000 2.6942155049
227.2000000000 2.6956384221
227.3000000000 2.6882812035
227.4000000000 2.6918370639
227.5000000000 2.6930968285
227.6000000000 2.6857026034
227.7000000000 2.6815630936
227.8000000000 2.6722008229
227.9000000000 2.6780324004
228.0000000000 2.6677267135
228.1000000000 2.6776435086
228.2000000000 2.6829316969
228.3000000000 2.6801631048
228.4000000000 2.6824311747
228.5000000000 2.6866339782
228.6000000000 2.6856548572
228.7000000000 2.6907950100
228.8000000000 2.6887444596
228.9000000000 2.6827523444
229.0000000000 2.6844191381
229.1000000000 2.6853040495
229.2000000000 2.6885460615
229.3000000000 2.6876428024
229.4000000000 2.6860472819
229.5000000000 2.6903794644
229.6000000000 2.6935096165
229.7000000000 2.6859262364
229.8000000000 2.6846371672
229.9000000000 2.6836810824
230.0000000000 2.6846411644
230.1000000000 2.6834423673
230.2000000000 2.6795379274
230.3000000000 2.6768830963
230.4000000000 2.6771848116
230.5000000000 2.6739587550
230.6000000000 2.6775356985
230.7000000000 2.6806623264
230.8000000000 2.6713809718
230.9000000000 2.6811339747
231.0000000000 2.6728382967
231.1000000000 2.6782386146
231.2000000000 2.6727810583
231.3000000000 2.6763932011
231.4000000000 2.6782713141
231.5000000000 2.6844513405
231.6000000000 2.6726649852
231.7000000000 2.6616784185
231.8000000000 2.6614162116
231.9000000000 2.6642725732
232.0000000000 2.6654326609
232.1000000000 2.6659265780
232.2000000000 2.6661949862
232.3000000000 2.6644388400
232.4000000000 2.6686915479
232.5000000000 2.6629144642
232.6000000000 2.6607484438
232.7000000000 2.6648164175
232.8000000000 2.6667835689
232.9000000000 2.6642072632
233.0000000000 2.6681919365
233.1000000000 2.6649802598
233.2000000000 2.6661844475
233.3000000000 2.6571088170
233.4000000000 2.6603517111
233.5000000000 2.6590993371
233.6000000000 2.6489621996
233.7000000000 2.6532454442
233.8000000000 2.6479772776
233.9000000000 2.6402843279
234.0000000000 2.6485765709
234.1000000000 2.6412035349
234.2000000000 2.6471730262
234.3000000000 2.6337787132
234.4000000000 2.6413974769
234.5000000000 2.6357913030
234.6000000000 2.6390546399
234.7000000000 2.6400973819
234.8000000000 2.6462791092
234.9000000000 2.6424753159
235.0000000000 2.6312701665
235.1000000000 2.6414638295
235.2000000000 2.6496844041
235.3000000000 2.6448341420
235.4000000000 2.6393363066
235.5000000000 2.6480632383
235.6000000000 2.6464117289
235.7000000000 2.6480644697
235.8000000000 2.6525608550
235.9000000000 2.6398757719
236.0000000000 2.6509803866
236.1000000000 2.6515655390
236.2000000000 2.6438671567
236.3000000000 2.6381170358
236.4000000000 2.6359975107
236.5000000000 2.6364374163
236.6000000000 2.6378207005
236.7000000000 2.6412117255
236.8000000000 2.6434149773
236.9000000000 2.6499700521
237.0000000000 2.6512670017
237.1000000000 2.6553970448
237.2000000000 2.6537728035
237.3000000000 2.6556366614
237.4000000000 2.6541786324
237.5000000000 2.6562747637
237.6000000000 2.6529396359
237.7000000000 2.6513569896
237.8000000000 2.6586843689
237.9000000000 2.6608142368
238.0000000000 2.6678448107
238.1000000000 2.6650441865
238.2000000000 2.6625332119
238.3000000000 2.6569275721
238.4000000000 2.6635362629
238.5000000000 2.6676572208
238.6000000000 2.6729650062
238.7000000000 2.6641760785
238.8000000000 2.6607978915
238.9000000000 2.6611119275
239.0000000000 2.6710836775
239.1000000000 2.6678393737
239.2000000000 2.6550325804
239.3000000000 2.6610078014
239.4000000000 2.6524672335
239.5000000000 2.6500076790
239.6000000000 2.6460198322
239.7000000000 2.6513093191
239.8000000000 2.6466432851
239.9000000000 2.6413802055
240.0000000000 2.6462153985
240.1000000000 2.6473556761
240.2000000000 2.6469548491
240.3000000000 2.6522033578
240.4000000000 2.6475010615
240.5000000000 2.6570261547
240.6000000000 2.6579345373
240.7000000000 2.6593959326
240.8000000000 2.6602163130
240.9000000000 2.6525852201
241.0000000000 2.6476895358
241.1000000000 2.6503466455
241.2000000000 2.6485833088
241.3000000000 2.6484386632
241.4000000000 2.6533771156
241.5000000000 2.6546328929
241.6000000000 2.6480493421
241.7000000000 2.6386965813
241.8000000000 2.6420673025
241.9000000000 2.6380387239
242.0000000000 2.6377029855
242.1000000000 2.6402534225
242.2000000000 2.6411976778
242.3000000000 2.6448520740
242.4000000000 2.6454438218
242.5000000000 2.6473280158
242.6000000000 2.6381822837
242.7000000000 2.6428376612
242.8000000000 2.6400607834
242.9000000000 2.6425996933
243.0000000000 2.6418508617
243.1000000000 2.6461830768
243.2000000000 2.6482327062
243.3000000000 2.6496351029
243.4000000000 2.6457536430
243.5000000000 2.6480332210
243.6000000000 2.6523555305
243.7000000000 2.6508922081
243.8000000000 2.6361372990
243.9000000000 2.6361991992
244.0000000000 2.6413628606
244.1000000000 2.6464923669
244.2000000000 2.6455287344
244.3000000000 2.6493520309
244.4000000000 2.6482854863
244.5000000000 2.6386479136
244.6000000000 2.6217436866
244.7000000000 2.6237696293
244.8000000000 2.6267380296
244.9000000000 2.6261802422
245.0000000000 2.6313099255
245.1000000000 2.6270696059
245.2000000000 2.6239761086
245.3000000000 2.6237340562
245.4000000000 2.6221801173
245.5000000000 2.6285337856
245.6000000000 2.6162567588
245.7000000000 2.6244146561
245.8000000000 2.6222304173
245.9000000000 2.6178742169
246.0000000000 2.6259278859
246.1000000000 2.6299262989
246.2000000000 2.6311306704
246.3000000000 2.6375724056
246.4000000000 2.6276016399
246.5000000000 2.6280728554
246.6000000000 2.6235663589
246.7000000000 2.6271361088
246.8000000000 2.6265966247
246.9000000000 2.6308698552
247.0000000000 2.6356129389
247.1000000000 2.6300222691
247.2000000000 2.6347347440
247.3000000000 2.6380326268
247.4000000000 2.6371343874
247.5000000000 2.6379412739
247.6000000000 2.6373428037
247.7000000000 2.6384778882
247.8000000000 2.6359130429
247.9000000000 2.6377162142
248.0000000000 2.6358436412
248.1000000000 2.6394222736
248.2000000000 2.6408655343
248.3000000000 2.6399682243
248.4000000000 2.6368034143
248.5000000000 2.6416658608
248.6000000000 2.6413806752
248.7000000000 2.6404675940
248.8000000000 2.6340680812
248.9000000000 2.6270967072
249.0000000000 2.6348425429
249.1000000000 2.6357548480
249.2000000000 2.6412286628
249.3000000000 2.6440625247
249.4000000000 2.6497364023
249.5000000000 2.6404041671
249.6000000000 2.6454796598
249.7000000000 2.6505448977
249.8000000000 2.6490939987
249.9000000000 2.6453828020
250.0000000000 2.6509976438
250.1000000000 2.6524772705
250.2000000000 2.6594220869
250.3000000000 2.6607120764
250.4000000000 2.6563901247
250.5000000000 2.6619241422
250.6000000000 2.6460117555
250.7000000000 2.6463775013
250.8000000000 2.6538872753
250.9000000000 2.6535413108
251.0000000000 2.6602037701
251.1000000000 2.6564604407
251.2000000000 2.6574601250
251.3000000000 2.6538169039
251.4000000000 2.6476151852
251.5000000000 2.6453220909
251.6000000000 2.6480029220
251.7000000000 2.6485360195
251.8000000000 2.6515898264
251.9000000000 2.6531488923
252.0000000000 2.6549207058
252.1000000000 2.6512817663
252.2000000000 2.6561060836
252.3000000000 2.6589771671
252.4000000000 2.6566214017
252.5000000000 2.6610855778
252.6000000000 2.6579900621
252.7000000000 2.6524723104
252.8000000000 2.6496926806
252.9000000000 2.6554690078
253.0000000000 2.6571070460
253.1000000000 2.6590101980
253.2000000000 2.6597999667
253.3000000000 2.6606882289
253.4000000000 2.6684338564
253.5000000000 2.6649487301
253.6000000000 2.6449306913
253.7000000000 2.6518030788
253.8000000000 2.6556749298
253.9000000000 2.6505804204
254.0000000000 2.6489597673
254.1000000000 2.6390430510
254.2000000000 2.6325332605
254.3000000000 2.6381836075
254.4000000000 2.6369400902
254.5000000000 2.6333300095
254.6000000000 2.6305670318
254.7000000000 2.6233113297
254.8000000000 2.6318891995
254.9000000000 2.6282892612
255.0000000000 2.6324643012
255.1000000000 2.6222525039
255.2000000000 2.6285284416
255.3000000000 2.6358504125
255.4000000000 2.6286265578
255.5000000000 2.6341538384
255.6000000000 2.6237939974
255.7000000000 2.6297581228
255.8000000000 2.6328895904
255.9000000000 2.6347590740
256.0000000000 2.6283480972
256.1000000000 2.6281557989
256.2000000000 2.6301462122
256.3000000000 2.6351898897
256.4000000000 2.6265988613
256.5000000000 2.6317257282
256.6000000000 2.6285544876
256.7000000000 2.6292687990
256.8000000000 2.6296004456
256.9000000000 2.6233851273
257.0000000000 2.6180193839
257.1000000000 2.6182452197
257.2000000000 2.6092368953
257.3000000000 2.6143539023
257.4000000000 2.6284414991
257.5000000000 2.6260518274
257.6000000000 2.6206626688
257.7000000000 2.6240903238
257.8000000000 2.6195951911
257.9000000000 2.6160485566
258.0000000000 2.6178603940
258.1000000000 2.6147421659
258.2000000000 2.6126501855
258.3000000000 2.6079678315
258.4000000000 2.6116326235
258.5000000000 2.6159637120
258.6000000000 2.6147684599
258.7000000000 2.6187107979
258.8000000000 2.6175276017
258.9000000000 2.6198610774
259.0000000000 2.6280178840
259.1000000000 2.6207510045
259.2000000000 2.6214271188
259.3000000000 2.6180298711
259.4000000000 2.6137166051
259.5000000000 2.6136244918
259.6000000000 2.6181393418
259.7000000000 2.6188723895
259.8000000000 2.6189542838
259.9000000000 2.6236582979
260.0000000000 2.6144022445
260.1000000000 2.6051845287
260.2000000000 2.6116926048
260.3000000000 2.6140049303
260.4000000000 2.6150413130
260.5000000000 2.6220094855
260.6000000000 2.6151022229
260.7000000000 2.6062003800
260.8000000000 2.6079275728
260.9000000000 2.6025677428
261.0000000000 2.6048819491
261.1000000000 2.6048804305
261.2000000000 2.5937569914
261.3000000000 2.5907200637
261.4000000000 2.5980512511
261.5000000000 2.5989615887
261.6000000000 2.6058238547
261.7000000000 2.6111385949
261.8000000000 2.6165210276
261.9000000000 2.6147799850
262.0000000000 2.6188452284
262.1000000000 2.6153821134
262.2000000000 2.6180700880
262.3000000000 2.6185239656
262.4000000000 2.6210557743
262.5000000000 2.6169118539
262.6000000000 2.6257138502
262.7000000000 2.6301644240
262.8000000000 2.6265130765
262.9000000000 2.6293583973
263.0000000000 2.6220873408
263.1000000000 2.6130388490
263.2000000000 2.6046870123
263.3000000000 2.6060256719
263.4000000000 2.6047046506
263.5000000000 2.6054176196
263.6000000000 2.6017999567
263.7000000000 2.5971440426
263.8000000000 2.5912710533
263.9000000000 2.5975076000
264.0000000000 2.5938363871
264.1000000000 2.5866606437
264.2000000000 2.5857045920
264.3000000000 2.5888080538
264.4000000000 2.5975464079
264.5000000000 2.5941732798
264.6000000000 2.5953511461
264.7000000000 2.5973773680
264.8000000000 2.5938079787
264.9000000000 2.5908461304
265.0000000000 2.5870192509
265.1000000000 2.5882648603
265.2000000000 2.5867829647
265.3000000000 2.5971012847
265.4000000000 2.5963224069
265.5000000000 2.5983478017
265.6000000000 2.5973530420
265.7000000000 2.6024778019
265.8000000000 2.5987574533
265.9000000000 2.6027503736
266.0000000000 2.6040145566
266.1000000000 2.6007226613
266.2000000000 2.6065648940
266.3000000000 2.6052509980
266.4000000000 2.6070447459
266.5000000000 2.6082495418
266.6000000000 2.5988822430
266.7000000000 2.5773575008
266.8000000000 2.5826105151
266.9000000000 2.5794741909
267.0000000000 2.5818778632
267.1000000000 2.5887310280
267.2000000000 2.5890109155
267.3000000000 2.5939161427
267.4000000000 2.6000787579
267.5000000000 2.6031957194
267.6000000000 2.6052624322
267.7000000000 2.6101321126
267.8000000000 2.6045795447
267.9000000000 2.6020906036
268.0000000000 2.6044309616
268.1000000000 2.6034735801
268.2000000000 2.6063656138
268.3000000000 2.6079362977
268.4000000000 2.6114242732
268.5000000000 2.5986257875
268.6000000000 2.6008952142
268.7000000000 2.5955148253
268.8000000000 2.6026500344
268.9000000000 2.6011622004
269.0000000000 2.6017842311
269.1000000000 2.6060495583
269.2000000000 2.6053977733
269.3000000000 2.6077018518
269.4000000000 2.6047828236
269.5000000000 2.6124238741
269.6000000000 2.6122661482
269.7000000000 2.6187870303
269.8000000000 2.6169348993
269.9000000000 2.6173173561
270.0000000000 2.6117309327
270.1000000000 2.6106327897
270.2000000000 2.6086107172
270.3000000000 2.6126604529
270.4000000000 2.6063959992
270.5000000000 2.6052351532
270.6000000000 2.6085567716
270.7000000000 2.6132153512
270.8000000000 2.6051878838
270.9000000000 2.5984921606
271.0000000000 2.6037420870
271.1000000000 2.6094486599
271.2000000000 2.6057748219
271.3000000000 2.6113884541
271.4000000000 2.6132142956
271.5000000000 2.6023450346
271.6000000000 2.6045716085
271.7000000000 2.6025686885
271.8000000000 2.6062321408
271.9000000000 2.6065911498
272.0000000000 2.6086467826
272.1000000000 2.6096933801
272.2000000000 2.6118835785
272.3000000000 2.6076172270
272.4000000000 2.6133339888
272.5000000000 2.6160239783
272.6000000000 2.6092756171
272.7000000000 2.6115583646
272.8000000000 2.6086784926
272.9000000000 2.6077208625
273.0000000000 2.6002606364
273.1000000000 2.5937543256
273.2000000000 2.5968180648
273.3000000000 2.6009526385
273.4000000000 2.6030381590
273.5000000000 2.6044336721
273.6000000000 2.6052176031
273.7000000000 2.5968411196
273.8000000000 2.5948593008
273.9000000000 2.6041292009
274.0000000000 2.6077843811
274.1000000000 2.6156380432
274.2000000000 2.6171861187
274.3000000000 2.6183998640
274.4000000000 2.6204443408
274.5000000000 2.6218136467
274.6000000000 2.6214381415
274.7000000000 2.6197865755
274.8000000000 2.6239991485
274.9000000000 2.6274555701
275.0000000000 2.6250536585
275.1000000000 2.6232333946
275.2000000000 2.6178690541
275.3000000000 2.6251337902
275.4000000000 2.6265388093
275.5000000000 2.6314927989
275.6000000000 2.6320361795
275.7000000000 2.6275284615
275.8000000000 2.6283015214
275.9000000000 2.6328232606
276.0000000000 2.6334171432
276.1000000000 2.6342535546
276.2000000000 2.6288231275
276.3000000000 2.6252153025
276.4000000000 2.6247153507
276.5000000000 2.6225798192
276.6000000000 2.6225304895
276.7000000000 2.6238650789
276.8000000000 2.6270111399
276.9000000000 2.6326851683
277.0000000000 2.6325743587
277.1000000000 2.6370639179
277.2000000000 2.6369583619
277.3000000000 2.6393325473
277.4000000000 2.6425380696
277.5000000000 2.6425800492
277.6000000000 2.6389321203
277.7000000000 2.6329136091
277.8000000000 2.6307841443
277.9000000000 2.6240169686
278.0000000000 2.6264474823
278.1000000000 2.6288644265
278.2000000000 2.6272354721
278.3000000000 2.6275293462
278.4000000000 2.6365614538
278.5000000000 2.6378508513
278.6000000000 2.6262365610
278.7000000000 2.6312862496
278.8000000000 2.6291730716
278.9000000000 2.6321902659
279.0000000000 2.6306410847
279.1000000000 2.6130835634
279.2000000000 2.6215318270
279.3000000000 2.6242519455
279.4000000000 2.6200362590
279.5000000000 2.6100330729
279.6000000000 2.6124121170
279.7000000000 2.6187025147
279.8000000000 2.6173980416
279.9000000000 2.6123357693
280.0000000000 2.6134408456
280.1000000000 2.6194359482
280.2000000000 2.6266142291
280.3000000000 2.6214361230
280.4000000000 2.6194474942
280.5000000000 2.6230368153
280.6000000000 2.6305220238
280.7000000000 2.6308066504
280.8000000000 2.6289870341
280.9000000000 2.6254888268
281.0000000000 2.6259837615
281.1000000000 2.6340959611
281.2000000000 2.6273285834
281.3000000000 2.6353346247
281.4000000000 2.6354030836
281.5000000000 2.6208805139
281.6000000000 2.6195370586
281.7000000000 2.6188224291
281.8000000000 2.6267915359
281.9000000000 2.6223497370
282.0000000000 2.6237069514
282.1000000000 2.6272612063
282.2000000000 2.6225116922
282.3000000000 2.6260645269
282.4000000000 2.6197275416
282.5000000000 2.6185812508
282.6000000000 2.6206479845
282.7000000000 2.6209499105
282.8000000000 2.6266552864
282.9000000000 2.6136013193
283.0000000000 2.6191138608
283.1000000000 2.6217306572
283.2000000000 2.6127942655
283.3000000000 2.6151277172
283.4000000000 2.6068077629
283.5000000000 2.6023954925
283.6000000000 2.5987420685
283.7000000000 2.6061534503
283.8000000000 2.6131734913
283.9000000000 2.6134724188
284.0000000000 2.6175399283
284.1000000000 2.6190609490
284.2000000000 2.6161997201
284.3000000000 2.6047892233
284.4000000000 2.6045302464
284.5000000000 2.6099306685
284.6000000000 2.6054341309
284.7000000000 2.6088487555
284.8000000000 2.6148411651
284.9000000000 2.6131295394
285.0000000000 2.6129555023
285.1000000000 2.6066245898
285.2000000000 2.6138993723
285.3000000000 2.6041764618
285.4000000000 2.6090015966
285.5000000000 2.5983668503
285.6000000000 2.6025262319
285.7000000000 2.6030025541
285.8000000000 2.6065489992
285.9000000000 2.6053978011
286.0000000000 2.6103274948
286.1000000000 2.6107154666
286.2000000000 2.6070661665
286.3000000000 2.6034415527
286.4000000000 2.6064903671
286.5000000000 2.6076515647
286.6000000000 2.6098576701
286.7000000000 2.6123145508
286.8000000000 2.6150162097
286.9000000000 2.6196313479
287.0000000000 2.6238857017
287.1000000000 2.6265954974
287.2000000000 2.6219938685
287.3000000000 2.6223799030
287.4000000000 2.6122911101
287.5000000000 2.6117307222
287.6000000000 2.6109579137
287.7000000000 2.6028379095
287.8000000000 2.6043968063
287.9000000000 2.6085247478
288.0000000000 2.6108011917
288.1000000000 2.6119520591
288.2000000000 2.6194598654
288.3000000000 2.6160168680
288.4000000000 2.6194129183
288.5000000000 2.6166426441
288.6000000000 2.6272221420
288.7000000000 2.6268235539
288.8000000000 2.6291286809
288.9000000000 2.6290964034
289.0000000000 2.6274839102
289.1000000000 2.6310182642
289.2000000000 2.6355185904
289.3000000000 2.6373354246
289.4000000000 2.6313035678
289.5000000000 2.6320278656
289.6000000000 2.6338551457
289.7000000000 2.6332622864
289.8000000000 2.6302781362
289.9000000000 2.6368262617
290.0000000000 2.6327457868
290.1000000000 2.6404898465
290.2000000000 2.6333252408
290.3000000000 2.6364163349
290.4000000000 2.6379773417
290.5000000000 2.6353596340
290.6000000000 2.6351943466
290.7000000000 2.6359568939
290.8000000000 2.6365944481
290.9000000000 2.6385148250
291.0000000000 2.6405809198
291.1000000000 2.6301764591
291.2000000000 2.6314748873
291.3000000000 2.6363977227
291.4000000000 2.6321902437
291.5000000000 2.6333387297
291.6000000000 2.6357112197
291.7000000000 2.6354098275
291.8000000000 2.6388131667
291.9000000000 2.6428944916
292.0000000000 2.6432496350
292.1000000000 2.6491280643
292.2000000000 2.6493523066
292.3000000000 2.6504006483
292.4000000000 2.6349809350
292.5000000000 2.6399855047
292.6000000000 2.6353860442
292.7000000000 2.6272072068
292.8000000000 2.6334873229
292.9000000000 2.6344248769
293.0000000000 2.6354356742
293.1000000000 2.6425802080
293.2000000000 2.6336894578
293.3000000000 2.6317676629
293.4000000000 2.6335498566
293.5000000000 2.6368216440
293.6000000000 2.6382591265
293.7000000000 2.6326926893
293.8000000000 2.6173400914
293.9000000000 2.6111576795
294.0000000000 2.6159048335
294.1000000000 2.6184259331
294.2000000000 2.6201726601
294.3000000000 2.6228994338
294.4000000000 2.6266031512
294.5000000000 2.6310443491
294.6000000000 2.6236635450
294.7000000000 2.6279114960
294.8000000000 2.6331328444
294.9000000000 2.6359718702
295.0000000000 2.6346862720
295.1000000000 2.6405061254
295.2000000000 2.6365504280
295.3000000000 2.6271871745
295.4000000000 2.6208384266
295.5000000000 2.6238667367
295.6000000000 2.6251383462
295.7000000000 2.6228643695
295.8000000000 2.6181537895
295.9000000000 2.6159164472
296.0000000000 2.6214639311
296.1000000000 2.6177129985
296.2000000000 2.6118488726
296.3000000000 2.6084343056
296.4000000000 2.6127663457
296.5000000000 2.6115801401
296.6000000000 2.6118601167
296.7000000000 2.6070734089
296.8000000000 2.6144186941
296.9000000000 2.6120106281
297.0000000000 2.6071290555
297.1000000000 2.6103254509
297.2000000000 2.6142554174
297.3000000000 2.6210273421
297.4000000000 2.6221341649
297.5000000000 2.6193260871
297.6000000000 2.6149613825
297.7000000000 2.6138706626
297.8000000000 2.6104723733
297.9000000000 2.6104664987
298.0000000000 2.6086608752
298.1000000000 2.6062255168
298.2000000000 2.5972605681
298.3000000000 2.5940626235
298.4000000000 2.5997297970
298.5000000000 2.6016116738
298.6000000000 2.6028643561
298.7000000000 2.5948148976
298.8000000000 2.5936005635
298.9000000000 2.5973145658
299.0000000000 2.5892010737
299.1000000000 2.5901200229
299.2000000000 2.5856318426
299.3000000000 2.5868575871
299.4000000000 2.5911948570
299.5000000000 2.5892646218
299.6000000000 2.5885942958
299.7000000000 2.5883885720
299.8000000000 2.5807830470
299.9000000000 2.5846935973
300.0000000000 2.5881168308
300.1000000000 2.5870781792
300.2000000000 2.5866870179
300.3000000000 2.5798317214
300.4000000000 2.5710834892
300.5000000000 2.5822902152
300.6000000000 2.5881569943
300.7000000000 2.5855876917
300.8000000000 2.5890930527
300.9000000000 2.5946473582
301.0000000000 2.6015246172
301.1000000000 2.5972590359
301.2000000000 2.6017244637
301.3000000000 2.5968227185
301.4000000000 2.5953101039
301.5000000000 2.6082154847
301.6000000000 2.5991971420
301.7000000000 2.6026392930
301.8000000000 2.5997439526
301.9000000000 2.5998224874
302.0000000000 2.6072547994
302.1000000000 2.6079546765
302.2000000000 2.6105603882
302.3000000000 2.6114012674
302.4000000000 2.6113571719
302.5000000000 2.6188495895
302.6000000000 2.6214737103
302.7000000000 2.6191630101
302.8000000000 2.6132955585
302.9000000000 2.6171045709
303.0000000000 2.6160697509
303.1000000000 2.6211809923
303.2000000000 2.6219760674
303.3000000000 2.6268021565
303.4000000000 2.6261951848
303.5000000000 2.6289635110
303.6000000000 2.6264267421
303.7000000000 2.6286397741
303.8000000000 2.6347896905
303.9000000000 2.6399862709
304.0000000000 2.6326821299
304.1000000000 2.6339452218
304.2000000000 2.6326778789
304.3000000000 2.6290953622
304.4000000000 2.6176990929
304.5000000000 2.6201377249
304.6000000000 2.6216218608
304.7000000000 2.6099509423
304.8000000000 2.6152876327
304.9000000000 2.6199722092
305.0000000000 2.6195300188
305.1000000000 2.6231157048
305.2000000000 2.6206399538
305.3000000000 2.6219914428
305.4000000000 2.6216904011
305.5000000000 2.6238563889
305.6000000000 2.6175225760
305.7000000000 2.6199788305
305.8000000000 2.6251914884
305.9000000000 2.6213949273
306.0000000000 2.6219040904
306.1000000000 2.6168501338
306.2000000000 2.6201094818
306.3000000000 2.6238663667
306.4000000000 2.6175456844
306.5000000000 2.6232163371
306.6000000000 2.6229578216
306.7000000000 2.6193923802
306.8000000000 2.6220582858
306.9000000000 2.6267773978
307.0000000000 2.6244358246
307.1000000000 2.6253432221
307.2000000000 2.6123866901
307.3000000000 2.6178414770
307.4000000000 2.6112523733
307.5000000000 2.6017374848
307.6000000000 2.5984237348
307.7000000000 2.6072159087
307.8000000000 2.6018810874
307.9000000000 2.5988407420
308.0000000000 2.5944950925
308.1000000000 2.5867403269
308.2000000000 2.5771738053
308.3000000000 2.5793175526
308.4000000000 2.5800910842
308.5000000000 2.5797373341
308.6000000000 2.5710162642
308.7000000000 2.5677231632
308.8000000000 2.5616255846
308.9000000000 2.5741242909
309.0000000000 2.5677932964
309.1000000000 2.5658745134
309.2000000000 2.5552648936
309.3000000000 2.5423643268
309.4000000000 2.5508318575
309.5000000000 2.5474525181
309.6000000000 2.5536618511
309.7000000000 2.5434272322
309.8000000000 2.5482737649
309.9000000000 2.5486744853
310.0000000000 2.5544073809
310.1000000000 2.5590421019
310.2000000000 2.5635355190
310.3000000000 2.5622714752
310.4000000000 2.5630935357
310.5000000000 2.5689358077
310.6000000000 2.5722357897
310.7000000000 2.5710944693
310.8000000000 2.5728863667
310.9000000000 2.5676074121
311.0000000000 2.5710230704
311.1000000000 2.5628295111
311.2000000000 2.5594536167
311.3000000000 2.5634062567
311.4000000000 2.5708444650
311.5000000000 2.5717275883
311.6000000000 2.5830709663
311.7000000000 2.5848699966
311.8000000000 2.5831023230
311.9000000000 2.5864232538
312.0000000000 2.5852773702
312.1000000000 2.5825765358
312.2000000000 2.5758793815
312.3000000000 2.5829053676
312.4000000000 2.5815830535
312.5000000000 2.5808185753
312.6000000000 2.5871132061
312.7000000000 2.5918176396
312.8000000000 2.5844209976
312.9000000000 2.5891159943
313.0000000000 2.5899190019
313.1000000000 2.5934004279
313.2000000000 2.5905288347
313.3000000000 2.5922376670
313.4000000000 2.5883856530
313.5000000000 2.5869101350
313.6000000000 2.5862288116
313.7000000000 2.5854815898
313.8000000000 2.5830030798
313.9000000000 2.5858344719
314.0000000000 2.5756556550
314.1000000000 2.5806281148
314.2000000000 2.5846959001
314.3000000000 2.5807067017
314.4000000000 2.5828228898
314.5000000000 2.5780236916
314.6000000000 2.5695519401
314.7000000000 2.5593901173
314.8000000000 2.5611286808
314.9000000000 2.5606569594
315.0000000000 2.5410892162
315.1000000000 2.5344444067
315.2000000000 2.5389370233
315.3000000000 2.5356265279
315.4000000000 2.5420826953
315.5000000000 2.5432776187
315.6000000000 2.5430542887
315.7000000000 2.5536866555
315.8000000000 2.5560013713
315.9000000000 2.5643011062
316.0000000000 2.5649245977
316.1000000000 2.5595737329
316.2000000000 2.5588896086
316.3000000000 2.5559798506
316.4000000000 2.5643273480
316.5000000000 2.5627078777
316.6000000000 2.5676832421
316.7000000000 2.5730673814
316.8000000000 2.5708523688
316.9000000000 2.5682782221
317.0000000000 2.5728009121
317.1000000000 2.5743892821
317.2000000000 2.5761069610
317.3000000000 2.5778763539
317.4000000000 2.5642574671
317.5000000000 2.5682264489
317.6000000000 2.5652963314
317.7000000000 2.5648498882
317.8000000000 2.5660376968
317.9000000000 2.5620479760
318.0000000000 2.5549411499
318.1000000000 2.5522319100
318.2000000000 2.5509506188
318.3000000000 2.5464741188
318.4000000000 2.5477468568
318.5000000000 2.5448654155
318.6000000000 2.5462685611
318.7000000000 2.5469949273
318.8000000000 2.5447024976
318.9000000000 2.5427370620
319.0000000000 2.5491804864
319.1000000000 2.5450142739
319.2000000000 2.5484282166
319.3000000000 2.5430575639
319.4000000000 2.5420736012
319.5000000000 2.5435775186
319.6000000000 2.5509097596
319.7000000000 2.5550392446
319.8000000000 2.5408698324
319.9000000000 2.5426466340
320.0000000000 2.5451832618
320.1000000000 2.5469016584
320.2000000000 2.5378451709
320.3000000000 2.5295812996
320.4000000000 2.5369121208
320.5000000000 2.5319953244
320.6000000000 2.5394190243
320.7000000000 2.5405031100
320.8000000000 2.5430587773
320.9000000000 2.5414892292
321.0000000000 2.5374146866
321.1000000000 2.5427662637
321.2000000000 2.5454179136
321.3000000000 2.5430941665
321.4000000000 2.5515450482
321.5000000000 2.5520462797
321.6000000000 2.5514847991
321.7000000000 2.5586103293
321.8000000000 2.5577070650
321.9000000000 2.5576301491
322.0000000000 2.5565973433
322.1000000000 2.5597744624
322.2000000000 2.5594767159
322.3000000000 2.5656686082
322.4000000000 2.5645814755
322.5000000000 2.5714676922
322.6000000000 2.5706525584
322.7000000000 2.5769293143
322.8000000000 2.5771658009
322.9000000000 2.5797116168
323.0000000000 2.5806276736
323.1000000000 2.5811410340
323.2000000000 2.5819614058
323.3000000000 2.5844146962
323.4000000000 2.5851743546
323.5000000000 2.5819150310
323.6000000000 2.5829436024
323.7000000000 2.5718262042
323.8000000000 2.5765177922
323.9000000000 2.5716757765
324.0000000000 2.5750005578
324.1000000000 2.5814638166
324.2000000000 2.5789923238
324.3000000000 2.5907259364
324.4000000000 2.5913975097
324.5000000000 2.5949068486
324.6000000000 2.5976220423
324.7000000000 2.5948061976
324.8000000000 2.6008564519
324.9000000000 2.5880359812
325.0000000000 2.5945138763
325.1000000000 2.5970939179
325.2000000000 2.5970183512
325.3000000000 2.6002087897
325.4000000000 2.6000716901
325.5000000000 2.5863808035
325.6000000000 2.5861401399
325.7000000000 2.5919108991
325.8000000000 2.5931302546
325.9000000000 2.5962483598
326.0000000000 2.5942099267
326.1000000000 2.5996900542
326.2000000000 2.5990118973
326.3000000000 2.5898389296
326.4000000000 2.5836185012
326.5000000000 2.5866354757
326.6000000000 2.5892136176
326.7000000000 2.5913828442
326.8000000000 2.5963894785
326.9000000000 2.6001331858
327.0000000000 2.5945791079
327.1000000000 2.5958260190
327.2000000000 2.5993084020
327.3000000000 2.5929938343
327.4000000000 2.5994909025
327.5000000000 2.5937774767
327.6000000000 2.5906312966
327.7000000000 2.5791088720
327.8000000000 2.5847199412
327.9000000000 2.5829843434
328.0000000000 2.5891789698
328.1000000000 2.5921417306
328.2000000000 2.5934502358
328.3000000000 2.5971321301
328.4000000000 2.5874111249
328.5000000000 2.5955412466
328.6000000000 2.5992946510
328.7000000000 2.6000007250
328.8000000000 2.5962592996
328.9000000000 2.6035867661
329.0000000000 2.6057403376
329.1000000000 2.5971093420
329.2000000000 2.5975390412
329.3000000000 2.6030393530
329.4000000000 2.6035647211
329.5000000000 2.6073172615
329.6000000000 2.6012230503
329.7000000000 2.6053666325
329.8000000000 2.6025705888
329.9000000000 2.6042547243
330.0000000000 2.6143311876
330.1000000000 2.6127019056
330.2000000000 2.6110352260
330.3000000000 2.6140396603
330.4000000000 2.6214107235
330.5000000000 2.6198779904
330.6000000000 2.6090422071
330.7000000000 2.6125818033
330.8000000000 2.6081451236
330.9000000000 2.6131275581
331.0000000000 2.6144165935
331.1000000000 2.6082157221
331.2000000000 2.6003080727
331.3000000000 2.6001631871
331.4000000000 2.6014880966
331.5000000000 2.6034645238
331.6000000000 2.5957013477
331.7000000000 2.5972717233
331.8000000000 2.6018454629
331.9000000000 2.6026431010
332.0000000000 2.6046569685
332.1000000000 2.6037549787
332.2000000000 2.6101612582
332.3000000000 2.5985560053
332.4000000000 2.5981241985
332.5000000000 2.6031576499
332.6000000000 2.6047157423
332.7000000000 2.6023697165
332.8000000000 2.5938780685
332.9000000000 2.6002726505
333.0000000000 2.6048446379
333.1000000000 2.5982326810
333.2000000000 2.5947750589
333.3000000000 2.6001887216
333.4000000000 2.6079561054
333.5000000000 2.6032640406
333.6000000000 2.6042721899
333.7000000000 2.6163758643
333.8000000000 2.6138707019
333.9000000000 2.6142018732
334.0000000000 2.6160211685
334.1000000000 2.6214989099
334.2000000000 2.6188684918
334.3000000000 2.6155749667
334.4000000000 2.6107326599
334.5000000000 2.6118374987
334.6000000000 2.6112265105
334.7000000000 2.6006474554
334.8000000000 2.6095341427
334.9000000000 2.6123278705
335.0000000000 2.6142701637
335.1000000000 2.6149296231
335.2000000000 2.6072437998
335.3000000000 2.6061855876
335.4000000000 2.6014618802
335.5000000000 2.6050100818
335.6000000000 2.5972028098
335.7000000000 2.5916183443
335.8000000000 2.5986817825
335.9000000000 2.6052952590
336.0000000000 2.6008023259
336.1000000000 2.5900708034
336.2000000000 2.6007231636
336.3000000000 2.5963981863
336.4000000000 2.5974053592
336.5000000000 2.6009645415
336.6000000000 2.6029060089
336.7000000000 2.5845154464
336.8000000000 2.5786158035
336.9000000000 2.5864000355
337.0000000000 2.5794149035
337.1000000000 2.5816656606
337.2000000000 2.5791121701
337.3000000000 2.5804754498
337.4000000000 2.5835571664
337.5000000000 2.5886808268
337.6000000000 2.5927645378
337.7000000000 2.5963915753
337.8000000000 2.5916833628
337.9000000000 2.5962643734
338.0000000000 2.5963014348
338.1000000000 2.5961700870
338.2000000000 2.5992032880
338.3000000000 2.5961365156
338.4000000000 2.5999686719
338.5000000000 2.5918473464
338.6000000000 2.5850241395
338.7000000000 2.5867878936
338.8000000000 2.5926924154
338.9000000000 2.5905329730
339.0000000000 2.5976556458
339.1000000000 2.6036620210
339.2000000000 2.6046885771
339.3000000000 2.6001864435
339.4000000000 2.6094886680
339.5000000000 2.6117049635
339.6000000000 2.6116455025
339.7000000000 2.6200057532
339.8000000000 2.6220561896
339.9000000000 2.6172839454
340.0000000000 2.6219887820
340.1000000000 2.6282430827
340.2000000000 2.6234837978
340.3000000000 2.6272594988
340.4000000000 2.6235432692
340.5000000000 2.6224329404
340.6000000000 2.6307070982
340.7000000000 2.6294790689
340.8000000000 2.6232059620
340.9000000000 2.6280753462
341.0000000000 2.6301122839
341.1000000000 2.6310978205
341.2000000000 2.6264507732
341.3000000000 2.6317371015
341.4000000000 2.6196215235
341.5000000000 2.6294053507
341.6000000000 2.6308531530
341.7000000000 2.6271490910
341.8000000000 2.6304655786
341.9000000000 2.6350084370
342.0000000000 2.6369213658
342.1000000000 2.6323348850
342.2000000000 2.6355247438
342.3000000000 2.6252054793
342.4000000000 2.6169781908
342.5000000000 2.6274185664
342.6000000000 2.6372616798
342.7000000000 2.6321184541
342.8000000000 2.6303864897
342.9000000000 2.6350223042
343.0000000000 2.6358886355
343.1000000000 2.6360523655
343.2000000000 2.6279450363
343.3000000000 2.6344327087
343.4000000000 2.6323469380
343.5000000000 2.6347299517
343.6000000000 2.6369338289
343.7000000000 2.6414524206
343.8000000000 2.6357895395
343.9000000000 2.6322339360
344.0000000000 2.6404662001
344.1000000000 2.6402253107
344.2000000000 2.6392085405
344.3000000000 2.6421523162
344.4000000000 2.6406752495
344.5000000000 2.6372670270
344.6000000000 2.6403691783
344.7000000000 2.6410677963
344.8000000000 2.6446659099
344.9000000000 2.6480285471
345.0000000000 2.6512763926
345.1000000000 2.6489356724
345.2000000000 2.6526406732
345.3000000000 2.6587587930
345.4000000000 2.6594566207
345.5000000000 2.6592706277
345.6000000000 2.6544720022
345.7000000000 2.6541803497
345.8000000000 2.6532885655
345.9000000000 2.6528532056
346.0000000000 2.6518877071
346.1000000000 2.6468906948
346.2000000000 2.6427381356
346.3000000000 2.6451983131
346.4000000000 2.6399792542
346.5000000000 2.6370745601
346.6000000000 2.6373489812
346.7000000000 2.6350914907
346.8000000000 2.6354160604
346.9000000000 2.6340522536
347.0000000000 2.6304548181
347.1000000000 2.6392670517
347.2000000000 2.6409390370
347.3000000000 2.6405987215
347.4000000000 2.6441883703
347.5000000000 2.6452982879
347.6000000000 2.6431342488
347.7000000000 2.6418726246
347.8000000000 2.6349492180
347.9000000000 2.6210894658
348.0000000000 2.6225727859
348.1000000000 2.6151529689
348.2000000000 2.6215098343
348.3000000000 2.6217374608
348.4000000000 2.6079008836
348.5000000000 2.6118568699
348.6000000000 2.6198653024
348.7000000000 2.6248412890
348.8000000000 2.6287404899
348.9000000000 2.6340395908
349.0000000000 2.6387696346
349.1000000000 2.6387890580
349.2000000000 2.6302522061
349.3000000000 2.6249326782
349.4000000000 2.6217417984
349.5000000000 2.6169793426
349.6000000000 2.6218866135
349.7000000000 2.6209687048
349.8000000000 2.6091300567
349.9000000000 2.5987356263
350.0000000000 2.5921861421
350.1000000000 2.5944604721
350.2000000000 2.5959219141
350.3000000000 2.5935000390
350.4000000000 2.5909205871
350.5000000000 2.5900825924
350.6000000000 2.5936720355
350.7000000000 2.5870477964
350.8000000000 2.5905335452
350.9000000000 2.5960897461
351.0000000000 2.5942108042
351.1000000000 2.5868135386
351.2000000000 2.5892973748
351.3000000000 2.5971704836
351.4000000000 2.5960216341
351.5000000000 2.5895895653
351.6000000000 2.5901307332
351.7000000000 2.5939046424
351.8000000000 2.5951137137
351.9000000000 2.5978328511
352.0000000000 2.5893249405
352.1000000000 2.5789959719
352.2000000000 2.5803148033
352.3000000000 2.5753741785
352.4000000000 2.5693923972
352.5000000000 2.5722085683
352.6000000000 2.5755127147
352.7000000000 2.5766649041
352.8000000000 2.5695398360
352.9000000000 2.5746812204
353.0000000000 2.5659620504
353.1000000000 2.5704920297
353.2000000000 2.5721167322
353.3000000000 2.5683969288
353.4000000000 2.5675675096
353.5000000000 2.5737353470
353.6000000000 2.5714252778
353.7000000000 2.5739248134
353.8000000000 2.5824398790
353.9000000000 2.5766376471
354.0000000000 2.5813343111
354.1000000000 2.5695546142
354.2000000000 2.5779194556
354.3000000000 2.5772070756
354.4000000000 2.5801290332
354.5000000000 2.5757667926
354.6000000000 2.5806159374
354.7000000000 2.5787577149
354.8000000000 2.5797227561
354.9000000000 2.5831278463
355.0000000000 2.5732658944
355.1000000000 2.5673604037
355.2000000000 2.5648734123
355.3000000000 2.5593585928
355.4000000000 2.5603761300
355.5000000000 2.5659583469
355.6000000000 2.5582333353
355.7000000000 2.5621592319
355.8000000000 2.5578093339
355.9000000000 2.5597129698
356.0000000000 2.5613767051
356.1000000000 2.5552234527
356.2000000000 2.5477395089
356.3000000000 2.5428758492
356.4000000000 2.5431970308
356.5000000000 2.5499726105
356.6000000000 2.5461949369
356.7000000000 2.5440227859
356.8000000000 2.5465101745
356.9000000000 2.5518519510
357.0000000000 2.5555367837
357.1000000000 2.5521150982
357.2000000000 2.5622766431
357.3000000000 2.5555614073
357.4000000000 2.5626441208
357.5000000000 2.5592754844
357.6000000000 2.5649834943
357.7000000000 2.5714380623
357.8000000000 2.5717320470
357.9000000000 2.5727158132
358.0000000000 2.5797849986
358.1000000000 2.5832133084
358.2000000000 2.5728498118
358.3000000000 2.5636028340
358.4000000000 2.5638901271
358.5000000000 2.5671996182
358.6000000000 2.5636884511
358.7000000000 2.5665405365
358.8000000000 2.5640131738
358.9000000000 2.5675431319
359.0000000000 2.5656638256
359.1000000000 2.5641732373
359.2000000000 2.5581716046
359.3000000000 2.5535722206
359.4000000000 2.5574859794
359.5000000000 2.5625014924
359.6000000000 2.5574420787
359.7000000000 2.5543684955
359.8000000000 2.5591654273
359.9000000000 2.5536227431
360.0000000000 2.5614674760
360.1000000000 2.5658932622
360.2000000000 2.5714839927
360.3000000000 2.5754732389
360.4000000000 2.5769122500
360.5000000000 2.5718368943
360.6000000000 2.5768332882
360.7000000000 2.5807141370
360.8000000000 2.5691272973
360.9000000000 2.5756392482
361.0000000000 2.5798590112
361.1000000000 2.5812514833
361.2000000000 2.5779312063
361.3000000000 2.5725269804
361.4000000000 2.5814364851
361.5000000000 2.5841106512
361.6000000000 2.5933050936
361.7000000000 2.5940499747
361.8000000000 2.5836807376
361.9000000000 2.5765587342
362.0000000000 2.5716264396
362.1000000000 2.5660416704
362.2000000000 2.5685372150
362.3000000000 2.5684379671
362.4000000000 2.5743184623
362.5000000000 2.5822025835
362.6000000000 2.5785653140
362.7000000000 2.5789395195
362.8000000000 2.5789033390
362.9000000000 2.5808607753
363.0000000000 2.5837593426
363.1000000000 2.5859363645
363.2000000000 2.5780089423
363.3000000000 2.5813694778
363.4000000000 2.5805358300
363.5000000000 2.5867440238
363.6000000000 2.5890094382
363.7000000000 2.5917571376
363.8000000000 2.6010752029
363.9000000000 2.5947533137
364.0000000000 2.5967458064
364.1000000000 2.5873492876
364.2000000000 2.5862609408
364.3000000000 2.5817085652
364.4000000000 2.5839245732
364.5000000000 2.5863463356
364.6000000000 2.5891798111
364.7000000000 2.5947893487
364.8000000000 2.5967283685
364.9000000000 2.5966586625
365.0000000000 2.5978511484
365.1000000000 2.5911851851
365.2000000000 2.5974170738
365.3000000000 2.5958249505
365.4000000000 2.5972724571
365.5000000000 2.5946169989
365.6000000000 2.5834268223
365.7000000000 2.5843614957
365.8000000000 2.5821673110
365.9000000000 2.5820562605
366.0000000000 2.5770096518
366.1000000000 2.5845041097
366.2000000000 2.5828840354
366.3000000000 2.5740664900
366.4000000000 2.5731093160
366.5000000000 2.5747768017
366.6000000000 2.5771623995
366.7000000000 2.5869101602
366.8000000000 2.5865679420
366.9000000000 2.5771003756
367.0000000000 2.5848119495
367.1000000000 2.5805761645
367.2000000000 2.5844777855
367.3000000000 2.5828244242
367.4000000000 2.5820746728
367.5000000000 2.5834309813
367.6000000000 2.5873687949
367.7000000000 2.5845765101
367.8000000000 2.5909624114
367.9000000000 2.5997954527
368.0000000000 2.5956736801
368.1000000000 2.5934151688
368.2000000000 2.6016874773
368.3000000000 2.6016026334
368.4000000000 2.6011236959
368.5000000000 2.6030841556
368.6000000000 2.6045961059
368.7000000000 2.6021180387
368.8000000000 2.6013722599
368.9000000000 2.6087022575
369.0000000000 2.6076550177
369.1000000000 2.6021673522
369.2000000000 2.6038204397
369.3000000000 2.6077884134
369.4000000000 2.6077720804
369.5000000000 2.6102241899
369.6000000000 2.6075879790
369.7000000000 2.6137446964
369.8000000000 2.6130992595
369.9000000000 2.6149599828
370.0000000000 2.6061775908
370.1000000000 2.6011225921
370.2000000000 2.6108561203
370.3000000000 2.6051694871
370.4000000000 2.6033315211
370.5000000000 2.6060173288
370.6000000000 2.6026184818
370.7000000000 2.6040282013
370.8000000000 2.6107461508
370.9000000000 2.6058256476
371.0000000000 2.6118428262
371.1000000000 2.6106469875
371.2000000000 2.6108665202
371.3000000000 2.6105214064
371.4000000000 2.6009257224
371.5000000000 2.6040268853
371.6000000000 2.6064294230
371.7000000000 2.6055022736
371.8000000000 2.6050675762
371.9000000000 2.6023339024
372.0000000000 2.6078655864
372.1000000000 2.6103420807
372.2000000000 2.6096731498
372.3000000000 2.6044336598
372.4000000000 2.6085316081
372.5000000000 2.6084531374
372.6000000000 2.6002279733
372.7000000000 2.5979938477
372.8000000000 2.6003412452
372.9000000000 2.6044175723
373.0000000000 2.5997914265
373.1000000000 2.6029566462
373.2000000000 2.6039399489
373.3000000000 2.6030197175
373.4000000000 2.6047685791
373.5000000000 2.5969652245
373.6000000000 2.5964187543
373.7000000000 2.5970098284
373.8000000000 2.5969526773
373.9000000000 2.5871657099
374.0000000000 2.5835125000
374.1000000000 2.5818873964
374.2000000000 2.5857119414
374.3000000000 2.5863101082
374.4000000000 2.5823315480
374.5000000000 2.5722303389
374.6000000000 2.5685834382
374.7000000000 2.5684682516
374.8000000000 2.5676750534
374.9000000000 2.5612034334
375.0000000000 2.5612621354
375.1000000000 2.5523781453
375.2000000000 2.5531116150
375.3000000000 2.5558667701
375.4000000000 2.5597654212
375.5000000000 2.5590029901
375.6000000000 2.5614711590
375.7000000000 2.5558721845
375.8000000000 2.5645986904
375.9000000000 2.5631873313
376.0000000000 2.5687728894
376.1000000000 2.5633509677
376.2000000000 2.5600552655
376.3000000000 2.5582309425
376.4000000000 2.5579908498
376.5000000000 2.5571429712
376.6000000000 2.5600076511
376.7000000000 2.5652155659
376.8000000000 2.5633456797
376.9000000000 2.5662663726
377.0000000000 2.5646205972
377.1000000000 2.5615236955
377.2000000000 2.5609490269
377.3000000000 2.5613727749
377.4000000000 2.5616248972
377.5000000000 2.5586523674
377.6000000000 2.5566935728
377.7000000000 2.5659442278
377.8000000000 2.5666481615
377.9000000000 2.5695041466
378.0000000000 2.5526814789
378.1000000000 2.5588045667
378.2000000000 2.5536559896
378.3000000000 2.5592519629
378.4000000000 2.5613764001
378.5000000000 2.5548929509
378.6000000000 2.5629725182
378.7000000000 2.5545135227
378.8000000000 2.5556124289
378.9000000000 2.5598478926
379.0000000000 2.5534917146
379.1000000000 2.5594955630
379.2000000000 2.5641513001
379.3000000000 2.5680767711
379.4000000000 2.5658768546
379.5000000000 2.5735228455
379.6000000000 2.5779503218
379.7000000000 2.5808748534
379.8000000000 2.5739392240
379.9000000000 2.5801289331
380.0000000000 2.5800053996
380.1000000000 2.5761540004
380.2000000000 2.5799363093
380.3000000000 2.5859547488
380.4000000000 2.5760629922
380.5000000000 2.5773641400
380.6000000000 2.5760559287
380.7000000000 2.5807405934
380.8000000000 2.5817852206
380.9000000000 2.5917605013
381.0000000000 2.5958572464
381.1000000000 2.5982479086
381.2000000000 2.5950540678
381.3000000000 2.5868819630
381.4000000000 2.5897457509
381.5000000000 2.5850199189
381.6000000000 2.5815570632
381.7000000000 2.5884507253
381.8000000000 2.5893837075
381.9000000000 2.5857642768
382.0000000000 2.5746521119
382.1000000000 2.5699427122
382.2000000000 2.5626740894
382.3000000000 2.5709787207
382.4000000000 2.5700590423
382.5000000000 2.5618647729
382.6000000000 2.5694906624
382.7000000000 2.5610300823
382.8000000000 2.5588796499
382.9000000000 2.5611538955
383.0000000000 2.5627431816
383.1000000000 2.5719392136
383.2000000000 2.5743175462
383.3000000000 2.5831860998
383.4000000000 2.5737732464
383.5000000000 2.5774050239
383.6000000000 2.5819835816
383.7000000000 2.5820979133
383.8000000000 2.5818766217
383.9000000000 2.5864401977
384.0000000000 2.5851726830
384.1000000000 2.5816213213
384.2000000000 2.5818632632
384.3000000000 2.5835579600
384.4000000000 2.5848177642
384.5000000000 2.5822046537
384.6000000000 2.5886766557
384.7000000000 2.5850081999
384.8000000000 2.5933018718
384.9000000000 2.5904058838
385.0000000000 2.5992114763
385.1000000000 2.5944883552
385.2000000000 2.5754888567
385.3000000000 2.5814406269
385.4000000000 2.5894416607
385.5000000000 2.5896880481
385.6000000000 2.5806290424
385.7000000000 2.5755189246
385.8000000000 2.5724884069
385.9000000000 2.5777208429
386.0000000000 2.5855586294
386.1000000000 2.5874789760
386.2000000000 2.5924044341
386.3000000000 2.5914455992
386.4000000000 2.5927557271
386.5000000000 2.5957134373
386.6000000000 2.5957658916
386.7000000000 2.5928149792
386.8000000000 2.5775250235
386.9000000000 2.5833925941
387.0000000000 2.5774454579
387.1000000000 2.5812350385
387.2000000000 2.5808219590
387.3000000000 2.5846103062
387.4000000000 2.5875340511
387.5000000000 2.5881163493
387.6000000000 2.5937876577
387.7000000000 2.5984762275
387.8000000000 2.5939272597
387.9000000000 2.6002919876
388.0000000000 2.5983288976
388.1000000000 2.5989643039
388.2000000000 2.6002092294
388.3000000000 2.5969911039
388.4000000000 2.5948715192
388.5000000000 2.6023536599
388.6000000000 2.6018024514
388.7000000000 2.6012180922
388.8000000000 2.6067507975
388.9000000000 2.6078042068
389.0000000000 2.6009481506
389.1000000000 2.6010137465
389.2000000000 2.6042132962
389.3000000000 2.5941177601
389.4000000000 2.5981564847
389.5000000000 2.5988068133
389.6000000000 2.5989817416
389.7000000000 2.6011234675
389.8000000000 2.5983899504
389.9000000000 2.6048234904
390.0000000000 2.6019138023
390.1000000000 2.6069925058
390.2000000000 2.6135385112
390.3000000000 2.6093362106
390.4000000000 2.6137186675
390.5000000000 2.6096028309
390.6000000000 2.6090964376
390.7000000000 2.6102897103
390.8000000000 2.6150896570
390.9000000000 2.6150360735
391.0000000000 2.6187463583
391.1000000000 2.6074519153
391.2000000000 2.6159624533
391.3000000000 2.6140356918
391.4000000000 2.6108997272
391.5000000000 2.6156560433
391.6000000000 2.6129222309
391.7000000000 2.6152529091
391.8000000000 2.6117194259
391.9000000000 2.6099013903
392.0000000000 2.6125065776
392.1000000000 2.6064822701
392.2000000000 2.6089185924
392.3000000000 2.6080508094
392.4000000000 2.6100607394
392.5000000000 2.6097170351
392.6000000000 2.6128446707
392.7000000000 2.6160363200
392.8000000000 2.6188927022
392.9000000000 2.6194199181
393.0000000000 2.6162437597
393.1000000000 2.6163659368
393.2000000000 2.6159423448
393.3000000000 2.6187467843
393.4000000000 2.6207078129
393.5000000000 2.6198170939
393.6000000000 2.6271390221
393.7000000000 2.6246321302
393.8000000000 2.6275021710
393.9000000000 2.6264857858
394.0000000000 2.6308379541
394.1000000000 2.6307244479
394.2000000000 2.6265598035
394.3000000000 2.6209782965
394.4000000000 2.6182750026
394.5000000000 2.6202214641
394.6000000000 2.6152224142
394.7000000000 2.6235044238
394.8000000000 2.6221374954
394.9000000000 2.6187232870
395.0000000000 2.6178287776
395.1000000000 2.6183459403
395.2000000000 2.6218443201
395.3000000000 2.6191450733
395.4000000000 2.6210394894
395.5000000000 2.6164395292
395.6000000000 2.6149431827
395.7000000000 2.6110444997
395.8000000000 2.6205071024
395.9000000000 2.6227804614
396.0000000000 2.6235264479
396.1000000000 2.6182924766
396.2000000000 2.6219815945
396.3000000000 2.6203973143
396.4000000000 2.6189047214
396.5000000000 2.6218439860
396.6000000000 2.6228587778
396.7000000000 2.6326335236
396.8000000000 2.6275113647
396.9000000000 2.6250578156
397.0000000000 2.6216158241
397.1000000000 2.6147739085
397.2000000000 2.6104487922
397.3000000000 2.6158331257
397.4000000000 2.6214287714
397.5000000000 2.6230615734
397.6000000000 2.6246475124
397.7000000000 2.6285396391
397.8000000000 2.6300694709
397.9000000000 2.6219104415
398.0000000000 2.6293083160
398.1000000000 2.6250653989
398.2000000000 2.6278514959
398.3000000000 2.6336087541
398.4000000000 2.6332769305
398.5000000000 2.6350631459
398.6000000000 2.6402181671
398.7000000000 2.6296013285
398.8000000000 2.6330106035
398.9000000000 2.6314651891
399.0000000000 2.6318044031
399.1000000000 2.6320228262
399.2000000000 2.6319602776
399.3000000000 2.6277464301
399.4000000000 2.6232638804
399.5000000000 2.6266817220
399.6000000000 2.6294107916
399.7000000000 2.6327928722
399.8000000000 2.6265925670
399.9000000000 2.6288039350
400.0000000000 2.6284807871
400.1000000000 2.6326874345
400.2000000000 2.6317349007
400.3000000000 2.6301060087
400.4000000000 2.6340670890
400.5000000000 2.6388264050
400.6000000000 2.6390071823
400.7000000000 2.6398559987
400.8000000000 2.6464569063
400.9000000000 2.6478652183
401.0000000000 2.6390758387
401.1000000000 2.6346610809
401.2000000000 2.6484897948
401.3000000000 2.6474623510
401.4000000000 2.6467601745
401.5000000000 2.6469950557
401.6000000000 2.6344412769
401.7000000000 2.6398818105
401.8000000000 2.6439070905
401.9000000000 2.6411714934
402.0000000000 2.6435929333
402.1000000000 2.6430833033
402.2000000000 2.6373700693
402.3000000000 2.6415875889
402.4000000000 2.6461754278
402.5000000000 2.6468166515
402.6000000000 2.6507958958
402.7000000000 2.6533069082
402.8000000000 2.6545638521
402.9000000000 2.6520731075
403.0000000000 2.6490933905
403.1000000000 2.6421623055
403.2000000000 2.6397278611
403.3000000000 2.6311983417
403.4000000000 2.6325260168
403.5000000000 2.6308100787
403.6000000000 2.6334475349
403.7000000000 2.6366924637
403.8000000000 2.6416212117
403.9000000000 2.6357915821
404.0000000000 2.6388657004
404.1000000000 2.6359230874
404.2000000000 2.6415254322
404.3000000000 2.6475129735
404.4000000000 2.6450321561
404.5000000000 2.6454218924
404.6000000000 2.6534866123
404.7000000000 2.6500521255
404.8000000000 2.6530665445
404.9000000000 2.6495307707
405.0000000000 2.6473777800
405.1000000000 2.6457466926
405.2000000000 2.6415085523
405.3000000000 2.6426185816
405.4000000000 2.6493833815
405.5000000000 2.6541105489
405.6000000000 2.6551767860
405.7000000000 2.6578580182
405.8000000000 2.6576703186
405.9000000000 2.6544433410
406.0000000000 2.6541729745
406.1000000000 2.6456682530
406.2000000000 2.6450068981
406.3000000000 2.6447352852
406.4000000000 2.6463278712
406.5000000000 2.6415286000
406.6000000000 2.6450847001
406.7000000000 2.6436264887
406.8000000000 2.6448722789
406.9000000000 2.6544749172
407.0000000000 2.6546493206
407.1000000000 2.6590018349
407.2000000000 2.6561038318
407.3000000000 2.6588203665
407.4000000000 2.6659630736
407.5000000000 2.6626989244
407.6000000000 2.6653396737
407.7000000000 2.6659910877
407.8000000000 2.6713673506
407.9000000000 2.6668220413
408.0000000000 2.6669632903
408.1000000000 2.6672021109
408.2000000000 2.6703204974
408.3000000000 2.6734855748
408.4000000000 2.6652206254
408.5000000000 2.6677046302
408.6000000000 2.6721959104
408.7000000000 2.6701200337
408.8000000000 2.6743234121
408.9000000000 2.6760336575
409.0000000000 2.6783977649
409.1000000000 2.6830535092
409.2000000000 2.6853629533
409.3000000000 2.6911644279
409.4000000000 2.6863455624
409.5000000000 2.6939679309
409.6000000000 2.6922172521
409.7000000000 2.6997579860
409.8000000000 2.6910609883
409.9000000000 2.6956615540
410.0000000000 2.6989573546
410.1000000000 2.7018833902
410.2000000000 2.7044524669
410.3000000000 2.6994134757
410.4000000000 2.6988690630
410.5000000000 2.6989303382
410.6000000000 2.7017796222
410.7000000000 2.7080512267
410.8000000000 2.7051648578
410.9000000000 2.7031501153
411.0000000000 2.7104279314
411.1000000000 2.7107830878
411.2000000000 2.7009532335
411.3000000000 2.6990736990
411.4000000000 2.6931467763
411.5000000000 2.6896013850
411.6000000000 2.6858968701
411.7000000000 2.6874064470
411.8000000000 2.6894060577
411.9000000000 2.6897752837
412.0000000000 2.6963912571
412.1000000000 2.6923249025
412.2000000000 2.6848766742
412.3000000000 2.6848612095
412.4000000000 2.6903686279
412.5000000000 2.6827182497
412.6000000000 2.6855791837
412.7000000000 2.6833670770
412.8000000000 2.6826238482
412.9000000000 2.6886551479
413.0000000000 2.6901928778
413.1000000000 2.6938872913
413.2000000000 2.6955598662
413.3000000000 2.6840791882
413.4000000000 2.6802607137
413.5000000000 2.6797039251
413.6000000000 2.6759010679
413.7000000000 2.6739968275
413.8000000000 2.6796942201
413.9000000000 2.6818899110
414.0000000000 2.6728889901
414.1000000000 2.6786368789
414.2000000000 2.6759927270
414.3000000000 2.6785554180
414.4000000000 2.6808249109
414.5000000000 2.6782607869
414.6000000000 2.6768300607
414.7000000000 2.6856153895
414.8000000000 2.6806152589
414.9000000000 2.6814703257
415.0000000000 2.6872583485
415.1000000000 2.6818335496
415.2000000000 2.6778394604
415.3000000000 2.6864191521
415.4000000000 2.6905195328
415.5000000000 2.6931448551
415.6000000000 2.6883716178
415.7000000000 2.6830991471
415.8000000000 2.6871081138
415.9000000000 2.6870150482
416.0000000000 2.6880747807
416.1000000000 2.6843395094
416.2000000000 2.6841496721
416.3000000000 2.6824633255
416.4000000000 2.6855239223
416.5000000000 2.6800947375
416.6000000000 2.6871564365
416.7000000000 2.6835227368
416.8000000000 2.6909839740
416.9000000000 2.6850506555
417.0000000000 2.6902635608
417.1000000000 2.6892433457
417.2000000000 2.6952425227
417.3000000000 2.6978625288
417.4000000000 2.7012940110
417.5000000000 2.6931800962
417.6000000000 2.6831247316
417.7000000000 2.6907934658
417.8000000000 2.6773798888
417.9000000000 2.6787801584
418.0000000000 2.6802182946
418.1000000000 2.6818671376
418.2000000000 2.6775453284
418.3000000000 2.6779449824
418.4000000000 2.6849987826
418.5000000000 2.6830070012
418.6000000000 2.6838014736
418.7000000000 2.6852881612
418.8000000000 2.6932903104
418.9000000000 2.6837448012
419.0000000000 2.6695883123
419.1000000000 2.6675740741
419.2000000000 2.6641714388
419.3000000000 2.6677659764
419.4000000000 2.6595015831
419.5000000000 2.6578149436
419.6000000000 2.6585771407
419.7000000000 2.6633413043
419.8000000000 2.6688941514
419.9000000000 2.6690717797
420.0000000000 2.6691385178
420.1000000000 2.6670884275
420.2000000000 2.6653900131
420.3000000000 2.6717519904
420.4000000000 2.6681979345
420.5000000000 2.6736302578
420.6000000000 2.6725731955
420.7000000000 2.6768285823
420.8000000000 2.6709459141
420.9000000000 2.6674575571
421.0000000000 2.6682666044
421.1000000000 2.6658400088
421.2000000000 2.6639155569
421.3000000000 2.6593881437
421.4000000000 2.6544198422
421.5000000000 2.6513594468
421.6000000000 2.6549681457
421.7000000000 2.6442148862
421.8000000000 2.6491029470
421.9000000000 2.6492842459
422.0000000000 2.6406756174
422.1000000000 2.6331445362
422.2000000000 2.6345345640
422.3000000000 2.6443409774
422.4000000000 2.6380107456
422.5000000000 2.6407910317
422.6000000000 2.6365313667
422.7000000000 2.6371073359
422.8000000000 2.6320655049
422.9000000000 2.6365125680
423.0000000000 2.6440736738
423.1000000000 2.6395307710
423.2000000000 2.6431946209
423.3000000000 2.6476608424
423.4000000000 2.6497718791
423.5000000000 2.6505911156
423.6000000000 2.6396815143
423.7000000000 2.6409651182
423.8000000000 2.6453657538
423.9000000000 2.6481370367
424.0000000000 2.6563307532
424.1000000000 2.6528143694
424.2000000000 2.6489418353
424.3000000000 2.6529997878
424.4000000000 2.6438012343
424.5000000000 2.6416824571
424.6000000000 2.6438623864
424.7000000000 2.6484138037
424.8000000000 2.6515202945
424.9000000000 2.6454061747
425.0000000000 2.6461684741
425.1000000000 2.6453510836
425.2000000000 2.6517682261
425.3000000000 2.6488341754
425.4000000000 2.6490494653
425.5000000000 2.6401475358
425.6000000000 2.6487569743
425.7000000000 2.6515971961
425.8000000000 2.6535847005
425.9000000000 2.6443511152
426.0000000000 2.6479526552
426.1000000000 2.6522239842
426.2000000000 2.6477287674
426.3000000000 2.6491359113
426.4000000000 2.6473729751
426.5000000000 2.6451814787
426.6000000000 2.6521230587
426.7000000000 2.6474179260
426.8000000000 2.6433715390
426.9000000000 2.6418219715
427.0000000000 2.6449416253
427.1000000000 2.6510632484
427.2000000000 2.6467127848
427.3000000000 2.6532776324
427.4000000000 2.6534332344
427.5000000000 2.6568355213
427.6000000000 2.6589929657
427.7000000000 2.6645247988
427.8000000000 2.6681519016
427.9000000000 2.6705607328
428.0000000000 2.6682105145
428.1000000000 2.6673841205
428.2000000000 2.6654537799
428.3000000000 2.6576443038
428.4000000000 2.6700836413
428.5000000000 2.6692644619
428.6000000000 2.6707191647
428.7000000000 2.6726062920
428.8000000000 2.6692267955
428.9000000000 2.6710725014
429.0000000000 2.6775440925
429.1000000000 2.6705057373
429.2000000000 2.6731921602
429.3000000000 2.6760502107
429.4000000000 2.6813396267
429.5000000000 2.6723901199
429.6000000000 2.6735039606
429.7000000000 2.6772572688
429.8000000000 2.6757324576
429.9000000000 2.6820709173
430.0000000000 2.6743750281
430.1000000000 2.6800436133
430.2000000000 2.6854577311
430.3000000000 2.6816065586
430.4000000000 2.6868745049
430.5000000000 2.6797075799
430.6000000000 2.6797300854
430.7000000000 2.6772977477
430.8000000000 2.6695818625
430.9000000000 2.6774825279
431.0000000000 2.6825474911
431.1000000000 2.6772702276
431.2000000000 2.6832239659
431.3000000000 2.6841916696
431.4000000000 2.6818858912
431.5000000000 2.6804094361
431.6000000000 2.6732021269
431.7000000000 2.6706691281
431.8000000000 2.6815320867
431.9000000000 2.6836146003
432.0000000000 2.6869154547
432.1000000000 2.6863046010
432.2000000000 2.6851889703
432.3000000000 2.6894138644
432.4000000000 2.6894544726
432.5000000000 2.6916677756
432.6000000000 2.6905946960
432.7000000000 2.6901564046
432.8000000000 2.6855802482
432.9000000000 2.6864413940
433.0000000000 2.6776236246
433.1000000000 2.6860104494
433.2000000000 2.6745773659
433.3000000000 2.6798470328
433.4000000000 2.6772529511
433.5000000000 2.6770020754
433.6000000000 2.6787923314
433.7000000000 2.6818822000
433.8000000000 2.6820740992
433.9000000000 2.6850862804
434.0000000000 2.6852993978
434.1000000000 2.6907821673
434.2000000000 2.6878483580
434.3000000000 2.6856875903
434.4000000000 2.6843972348
434.5000000000 2.6901766078
434.6000000000 2.6850624530
434.7000000000 2.6849728403
434.8000000000 2.6783247056
434.9000000000 2.6794214570
435.0000000000 2.6731741983
435.1000000000 2.6701826946
435.2000000000 2.6794113795
435.3000000000 2.6745849301
435.4000000000 2.6595982528
435.5000000000 2.6615188591
435.6000000000 2.6479934876
435.7000000000 2.6527116473
435.8000000000 2.6568156687
435.9000000000 2.6566779733
436.0000000000 2.6590675342
436.1000000000 2.6582131802
436.2000000000 2.6499840772
436.3000000000 2.6528413238
436.4000000000 2.6593581579
436.5000000000 2.6561542817
436.6000000000 2.6589682809
436.7000000000 2.6460592380
436.8000000000 2.6511028580
436.9000000000 2.6483138929
437.0000000000 2.6499358427
437.1000000000 2.6514699361
437.2000000000 2.6550228823
437.3000000000 2.6471306394
437.4000000000 2.6476371723
437.5000000000 2.6477067157
437.6000000000 2.6471986670
437.7000000000 2.6477618729
437.8000000000 2.6483065356
437.9000000000 2.6428332986
438.0000000000 2.6398244952
438.1000000000 2.6287616096
438.2000000000 2.6365721983
438.3000000000 2.6420810649
438.4000000000 2.6428946995
438.5000000000 2.6500317608
438.6000000000 2.6473027672
438.7000000000 2.6507488441
438.8000000000 2.6451118943
438.9000000000 2.6525974559
439.0000000000 2.6542588961
439.1000000000 2.6597122716
439.2000000000 2.6537472092
439.3000000000 2.6537074168
439.4000000000 2.6489622120
439.5000000000 2.6555276155
439.6000000000 2.6636451272
439.7000000000 2.6650187566
439.8000000000 2.6663394178
439.9000000000 2.6669138066
440.0000000000 2.6687487892
440.1000000000 2.6625837077
440.2000000000 2.6664015800
440.3000000000 2.6509811190
440.4000000000 2.6562214276
440.5000000000 2.6585814545
440.6000000000 2.6606908420
440.7000000000 2.6583051267
440.8000000000 2.6571374187
440.9000000000 2.6682530629
441.0000000000 2.6609202554
441.1000000000 2.6595801562
441.2000000000 2.6614032984
441.3000000000 2.6636776886
441.4000000000 2.6699332747
441.5000000000 2.6641808989
441.6000000000 2.6740673591
441.7000000000 2.6775232261
441.8000000000 2.6761093151
441.9000000000 2.6740363273
442.0000000000 2.6683621215
442.1000000000 2.6720728971
442.2000000000 2.6645966741
442.3000000000 2.6649479153
442.4000000000 2.6670014586
442.5000000000 2.6673138129
442.6000000000 2.6638536685
442.7000000000 2.6582436991
442.8000000000 2.6521669140
442.9000000000 2.6543969955
443.0000000000 2.6461976328
443.1000000000 2.6514587310
443.2000000000 2.6442060186
443.3000000000 2.6439794965
443.4000000000 2.6407439839
443.5000000000 2.6358062644
443.6000000000 2.6372123388
443.7000000000 2.6461890068
443.8000000000 2.6487664873
443.9000000000 2.6384100966
444.0000000000 2.6423917721
444.1000000000 2.6424931390
444.2000000000 2.6407968274
444.3000000000 2.6393515533
444.4000000000 2.6442502406
444.5000000000 2.6393263626
444.6000000000 2.6401047628
444.7000000000 2.6334359173
444.8000000000 2.6375507054
444.9000000000 2.6371644623
445.0000000000 2.6296610236
445.1000000000 2.6282033018
445.2000000000 2.6175180763
445.3000000000 2.6198193675
445.4000000000 2.6186936994
445.5000000000 2.6209152715
445.6000000000 2.6230902424
445.7000000000 2.6194836490
445.8000000000 2.6209176349
445.9000000000 2.6150667467
446.0000000000 2.6165249569
446.1000000000 2.6136038482
446.2000000000 2.6144618406
446.3000000000 2.6168160902
446.4000000000 2.6189421999
446.5000000000 2.6320314373
446.6000000000 2.6263683062
446.7000000000 2.6329129283
446.8000000000 2.6318628365
446.9000000000 2.6258289695
447.0000000000 2.6129383626
447.1000000000 2.6149634562
447.2000000000 2.6131760542
447.3000000000 2.6050676092
447.4000000000 2.6015836284
447.5000000000 2.6072075500
447.6000000000 2.6048086138
447.7000000000 2.6035797899
447.8000000000 2.6046460926
447.9000000000 2.6096819031
448.0000000000 2.6102140158
448.1000000000 2.6057192782
448.2000000000 2.5926240511
448.3000000000 2.5913096041
448.4000000000 2.5983650398
448.5000000000 2.5933782171
448.6000000000 2.5962072900
448.7000000000 2.6006613519
448.8000000000 2.5934495868
448.9000000000 2.5892919749
449.0000000000 2.5917102368
449.1000000000 2.5872992384
449.2000000000 2.5909009404
449.3000000000 2.6016267189
449.4000000000 2.6006756053
449.5000000000 2.5984309253
449.6000000000 2.6014798911
449.7000000000 2.6003554418
449.8000000000 2.5998201770
449.9000000000 2.5989298525
450.0000000000 2.5968024047
450.1000000000 2.5972381041
450.2000000000 2.5954149312
450.3000000000 2.5921320962
450.4000000000 2.5935717759
450.5000000000 2.5972514245
450.6000000000 2.5999261092
450.7000000000 2.6026030860
450.8000000000 2.5993787338
450.9000000000 2.5961818749
451.0000000000 2.5972446701
451.1000000000 2.6015501472
451.2000000000 2.5990001178
451.3000000000 2.6055894218
451.4000000000 2.6087757341
451.5000000000 2.6092868453
451.6000000000 2.6134763801
451.7000000000 2.6051227140
451.8000000000 2.5982103471
451.9000000000 2.5924647209
452.0000000000 2.5913640734
452.1000000000 2.5920783445
452.2000000000 2.5965811975
452.3000000000 2.5940940316
452.4000000000 2.5972866955
452.5000000000 2.5939746752
452.6000000000 2.5911640744
452.7000000000 2.5930746547
452.8000000000 2.5958311873
452.9000000000 2.5966960263
453.0000000000 2.6011846784
453.1000000000 2.6046866903
453.2000000000 2.6128477453
453.3000000000 2.6124921445
453.4000000000 2.6159072014
453.5000000000 2.6178778250
453.6000000000 2.6148499012
453.7000000000 2.6194592912
453.8000000000 2.6147875395
453.9000000000 2.6178907029
454.0000000000 2.6201260656
454.1000000000 2.6217281545
454.2000000000 2.6264908044
454.3000000000 2.6246095315
454.4000000000 2.6256859153
454.5000000000 2.6141831207
454.6000000000 2.6097855731
454.7000000000 2.5963526139
454.8000000000 2.6001977986
454.9000000000 2.6034885051
455.0000000000 2.6091140686
455.1000000000 2.5970863374
455.2000000000 2.6053936421
455.3000000000 2.6045270663
455.4000000000 2.6117434386
455.5000000000 2.6075725474
455.6000000000 2.6007651218
455.7000000000 2.5988140932
455.8000000000 2.5904294732
455.9000000000 2.5936119905
456.0000000000 2.6011009553
456.1000000000 2.6025278703
456.2000000000 2.6069601240
456.3000000000 2.6126832767
456.4000000000 2.6040128809
456.5000000000 2.5960102797
456.6000000000 2.5995383814
456.7000000000 2.5990947630
456.8000000000 2.6068182933
456.9000000000 2.6010484007
457.0000000000 2.5803865023
457.1000000000 2.5790581702
457.2000000000 2.5782787697
457.3000000000 2.5762304204
457.4000000000 2.5636906079
457.5000000000 2.5692023121
457.6000000000 2.5643493831
457.7000000000 2.5639285826
457.8000000000 2.5606962193
457.9000000000 2.5573117045
458.0000000000 2.5595318182
458.1000000000 2.5633459792
458.2000000000 2.5634009319
458.3000000000 2.5605033869
458.4000000000 2.5535938115
458.5000000000 2.5523426179
458.6000000000 2.5545879427
458.7000000000 2.5521718995
458.8000000000 2.5525338586
458.9000000000 2.5534622136
459.0000000000 2.5561883707
459.1000000000 2.5613155757
459.2000000000 2.5595520904
459.3000000000 2.5682835625
459.4000000000 2.5642878661
459.5000000000 2.5627221165
459.6000000000 2.5533708542
459.7000000000 2.5548376193
459.8000000000 2.5575868368
459.9000000000 2.5530358051
460.0000000000 2.5577920658
460.1000000000 2.5557819286
460.2000000000 2.5531172120
460.3000000000 2.5471997487
460.4000000000 2.5493158962
460.5000000000 2.5500658865
460.6000000000 2.5481068944
460.7000000000 2.5403976828
460.8000000000 2.5465264931
460.9000000000 2.5424368344
461.0000000000 2.5429482912
461.1000000000 2.5462476473
461.2000000000 2.5388258599
461.3000000000 2.5354912414
461.4000000000 2.5394056337
461.5000000000 2.5438728722
461.6000000000 2.5471445320
461.7000000000 2.5533824942
461.8000000000 2.5487659634
461.9000000000 2.5486632219
462.0000000000 2.5596775440
462.1000000000 2.5554644274
462.2000000000 2.5539348208
462.3000000000 2.5576368428
462.4000000000 2.5592830487
462.5000000000 2.5521363035
462.6000000000 2.5443225437
462.7000000000 2.5382267918
462.8000000000 2.5361493277
462.9000000000 2.5413677547
463.0000000000 2.5349112298
463.1000000000 2.5390233239
463.2000000000 2.5377039069
463.3000000000 2.5467248086
463.4000000000 2.5484802150
463.5000000000 2.5444563139
463.6000000000 2.5424084109
463.7000000000 2.5442624694
463.8000000000 2.5366191725
463.9000000000 2.5384838231
464.0000000000 2.5424184725
464.1000000000 2.5479263091
464.2000000000 2.5410611428
464.3000000000 2.5339692585
464.4000000000 2.5293785679
464.5000000000 2.5257502595
464.6000000000 2.5357241223
464.7000000000 2.5342169309
464.8000000000 2.5334083025
464.9000000000 2.5394082566
465.0000000000 2.5367847730
465.1000000000 2.5453790509
465.2000000000 2.5379810062
465.3000000000 2.5327166277
465.4000000000 2.5381545218
465.5000000000 2.5378018420
465.6000000000 2.5471908077
465.7000000000 2.5485229221
465.8000000000 2.5549918442
465.9000000000 2.5521906867
466.0000000000 2.5407403604
466.1000000000 2.5429187827
466.2000000000 2.5398429889
466.3000000000 2.5420713717
466.4000000000 2.5483807932
466.5000000000 2.5479789894
466.6000000000 2.5515933455
466.7000000000 2.5589999036
466.8000000000 2.5589886509
466.9000000000 2.5610044258
467.0000000000 2.5636520081
467.1000000000 2.5681027955
467.2000000000 2.5684787307
467.3000000000 2.5696882789
467.4000000000 2.5726690832
467.5000000000 2.5728095558
467.6000000000 2.5772798533
467.7000000000 2.5755800673
467.8000000000 2.5739520084
467.9000000000 2.5721098394
468.0000000000 2.5738062797
468.1000000000 2.5752220804
468.2000000000 2.5813882662
468.3000000000 2.5829551578
468.4000000000 2.5837696428
468.5000000000 2.5844405125
468.6000000000 2.5892213191
468.7000000000 2.5897140039
468.8000000000 2.5944431985
468.9000000000 2.5898467173
469.0000000000 2.5936752762
469.1000000000 2.5916120396
469.2000000000 2.5868955714
469.3000000000 2.5885774205
469.4000000000 2.5924472297
469.5000000000 2.5923874505
469.6000000000 2.5998465512
469.7000000000 2.5975275553
469.8000000000 2.6024200642
469.9000000000 2.5975775900
470.0000000000 2.5992664580
470.1000000000 2.6001192895
470.2000000000 2.6007190395
470.3000000000 2.6032800729
470.4000000000 2.6035563794
470.5000000000 2.6033411749
470.6000000000 2.6044940647
470.7000000000 2.6048524629
470.8000000000 2.6020289047
470.9000000000 2.6030884662
471.0000000000 2.6071979315
471.1000000000 2.6066295603
471.2000000000 2.6157034644
471.3000000000 2.6195301845
471.4000000000 2.6201615989
471.5000000000 2.6089987241
471.6000000000 2.6081823085
471.7000000000 2.6140127718
471.8000000000 2.6179455387
471.9000000000 2.6206182714
472.0000000000 2.6211670000
472.1000000000 2.6157177626
472.2000000000 2.6066490021
472.3000000000 2.6073379089
472.4000000000 2.6070857297
472.5000000000 2.6060481584
472.6000000000 2.5998845470
472.7000000000 2.5991996097
472.8000000000 2.5992020969
472.9000000000 2.5912578931
473.0000000000 2.5899373871
473.1000000000 2.5900776640
473.2000000000 2.5879270018
473.3000000000 2.5896412312
473.4000000000 2.5906772604
473.5000000000 2.5920761414
473.6000000000 2.5908539228
473.7000000000 2.5889331220
473.8000000000 2.5858088758
473.9000000000 2.5825985550
474.0000000000 2.5814934590
474.1000000000 2.5788089100
474.2000000000 2.5819187912
474.3000000000 2.5826835640
474.4000000000 2.5793775103
474.5000000000 2.5760554057
474.6000000000 2.5772560055
474.7000000000 2.5786348358
474.8000000000 2.5799868762
474.9000000000 2.5863395819
475.0000000000 2.5896842547
475.1000000000 2.5846715977
475.2000000000 2.5881936258
475.3000000000 2.5871631177
475.4000000000 2.5839311427
475.5000000000 2.5872481018
475.6000000000 2.5786477001
475.7000000000 2.5795116102
475.8000000000 2.5818557067
475.9000000000 2.5827439278
476.0000000000 2.5811308042
476.1000000000 2.5833123068
476.2000000000 2.5853333538
476.3000000000 2.5808142303
476.4000000000 2.5897591537
476.5000000000 2.5848804444
476.6000000000 2.5800406619
476.7000000000 2.5768214439
476.8000000000 2.5781933172
476.9000000000 2.5854593622
477.0000000000 2.5849081065
477.1000000000 2.5791154096
477.2000000000 2.5829191841
477.3000000000 2.5905957347
477.4000000000 2.5764079221
477.5000000000 2.5749680007
477.6000000000 2.5765434279
477.7000000000 2.5645179809
477.8000000000 2.5525622229
477.9000000000 2.5594536167
478.0000000000 2.5533928578
478.1000000000 2.5524002891
478.2000000000 2.5531903105
478.3000000000 2.5519749463
478.4000000000 2.5589970567
478.5000000000 2.5523647658
478.6000000000 2.5465256270
478.7000000000 2.5386811647
478.8000000000 2.5489904826
478.9000000000 2.5463971511
479.0000000000 2.5337529892
479.1000000000 2.5423983420
479.2000000000 2.5359932866
479.3000000000 2.5427208660
479.4000000000 2.5402801078
479.5000000000 2.5404584447
479.6000000000 2.5391788549
479.7000000000 2.5344464663
479.8000000000 2.5365377679
479.9000000000 2.5357675974
480.0000000000 2.5361126442
480.1000000000 2.5391801437
480.2000000000 2.5424478094
480.3000000000 2.5446034951
480.4000000000 2.5395567841
480.5000000000 2.5235054338
480.6000000000 2.5235988223
480.7000000000 2.5271208136
480.8000000000 2.5338677862
480.9000000000 2.5329171128
481.0000000000 2.5368680345
481.1000000000 2.5431627993
481.2000000000 2.5499794486
481.3000000000 2.5493704838
481.4000000000 2.5523976926
481.5000000000 2.5533173600
481.6000000000 2.5461222616
481.7000000000 2.5489995568
481.8000000000 2.5418578574
481.9000000000 2.5437074530
482.0000000000 2.5432360601
482.1000000000 2.5413524374
482.2000000000 2.5387510182
482.3000000000 2.5467079310
482.4000000000 2.5410022645
482.5000000000 2.5398621541
482.6000000000 2.5313632978
482.7000000000 2.5235978461
482.8000000000 2.5330777512
482.9000000000 2.5367685711
483.0000000000 2.5335420716
483.1000000000 2.5442420706
483.2000000000 2.5423215820
483.3000000000 2.5387514411
483.4000000000 2.5418229010
483.5000000000 2.5389884532
483.6000000000 2.5410960388
483.7000000000 2.5394700424
483.8000000000 2.5400025550
483.9000000000 2.5363481965
484.0000000000 2.5405434777
484.1000000000 2.5478854917
484.2000000000 2.5408513975
484.3000000000 2.5393103315
484.4000000000 2.5426598572
484.5000000000 2.5433284591
484.6000000000 2.5443484364
484.7000000000 2.5418392076
484.8000000000 2.5402609160
484.9000000000 2.5374275964
485.0000000000 2.5399755840
485.1000000000 2.5422227050
485.2000000000 2.5474332117
485.3000000000 2.5474466727
485.4000000000 2.5446104994
485.5000000000 2.5474759475
485.6000000000 2.5460155210
485.7000000000 2.5479104722
485.8000000000 2.5486570281
485.9000000000 2.5522835603
486.0000000000 2.5492453490
486.1000000000 2.5497199337
486.2000000000 2.5506016575
486.3000000000 2.5533348746
486.4000000000 2.5554121404
486.5000000000 2.5494378047
486.6000000000 2.5414262476
486.7000000000 2.5343112278
486.8000000000 2.5338807125
486.9000000000 2.5331835500
487.0000000000 2.5392313339
487.1000000000 2.5483349676
487.2000000000 2.5522382106
487.3000000000 2.5409421236
487.4000000000 2.5477363199
487.5000000000 2.5466797508
487.6000000000 2.5449442582
487.7000000000 2.5428508120
487.8000000000 2.5386073150
487.9000000000 2.5457210617
488.0000000000 2.5417404340
488.1000000000 2.5407615162
488.2000000000 2.5418652770
488.3000000000 2.5406104209
488.4000000000 2.5475438747
488.5000000000 2.5362084093
488.6000000000 2.5392044716
488.7000000000 2.5391229334
488.8000000000 2.5461548803
488.9000000000 2.5524094911
489.0000000000 2.5530321423
489.1000000000 2.5595908549
489.2000000000 2.5563494770
489.3000000000 2.5617723852
489.4000000000 2.5601489729
489.5000000000 2.5628545163
489.6000000000 2.5610775117
489.7000000000 2.5622924006
489.8000000000 2.5572639986
489.9000000000 2.5547027548
490.0000000000 2.5620904030
490.1000000000 2.5645352211
490.2000000000 2.5667769197
490.3000000000 2.5581187567
490.4000000000 2.5635729516
490.5000000000 2.5725856255
490.6000000000 2.5729279317
490.7000000000 2.5713085329
490.8000000000 2.5782426622
490.9000000000 2.5736926791
491.0000000000 2.5753489858
491.1000000000 2.5733022916
491.2000000000 2.5634301462
491.3000000000 2.5599439293
491.4000000000 2.5656924146
491.5000000000 2.5623208928
491.6000000000 2.5686130971
491.7000000000 2.5706827788
491.8000000000 2.5758227468
491.9000000000 2.5755262946
492.0000000000 2.5764459659
492.1000000000 2.5808283411
492.2000000000 2.5880287775
492.3000000000 2.5836130606
492.4000000000 2.5831742027
492.5000000000 2.5822315515
492.6000000000 2.5783400572
492.7000000000 2.5839210984
492.8000000000 2.5854393584
492.9000000000 2.5784990068
493.0000000000 2.5834046879
493.1000000000 2.5842179817
493.2000000000 2.5932780825
493.3000000000 2.5895122945
493.4000000000 2.5915357864
493.5000000000 2.5960040536
493.6000000000 2.5952068618
493.7000000000 2.5902968780
493.8000000000 2.5900681314
493.9000000000 2.5848956256
494.0000000000 2.5826236492
494.1000000000 2.5846732618
494.2000000000 2.5818408882
494.3000000000 2.5815689236
494.4000000000 2.5872470115
494.5000000000 2.5910339170
494.6000000000 2.5969929043
494.7000000000 2.5977232408
494.8000000000 2.6019182699
494.9000000000 2.5933183037
495.0000000000 2.5898606877
495.1000000000 2.5943255132
495.2000000000 2.5928481982
495.3000000000 2.5909803790
495.4000000000 2.5840976438
495.5000000000 2.5843950369
495.6000000000 2.5890518427
495.7000000000 2.5881224239
495.8000000000 2.5935727129
495.9000000000 2.5996126273
496.0000000000 2.6046051452
496.1000000000 2.5998215269
496.2000000000 2.6021729140
496.3000000000 2.6050074058
496.4000000000 2.6086703485
496.5000000000 2.6054926693
496.6000000000 2.6098964769
496.7000000000 2.6106537847
496.8000000000 2.6039462932
496.9000000000 2.6143972247
497.0000000000 2.6096248136
497.1000000000 2.6132548237
497.2000000000 2.6104054168
497.3000000000 2.6117150772
497.4000000000 2.6128856280
497.5000000000 2.6147255279
497.6000000000 2.6136147875
497.7000000000 2.6092878590
497.8000000000 2.6097532544
497.9000000000 2.6026069089
498.0000000000 2.5996404419
498.1000000000 2.6037095598
498.2000000000 2.6031328721
498.3000000000 2.6045724672
498.4000000000 2.6028062972
498.5000000000 2.6083921110
498.6000000000 2.6103385060
498.7000000000 2.6070714149
498.8000000000 2.5981909060
498.9000000000 2.5836944602
499.0000000000 2.5889711214
499.1000000000 2.5908377184
499.2000000000 2.5895676565
499.3000000000 2.5812551684
499.4000000000 2.5805921515
499.5000000000 2.5830379154
499.6000000000 2.5806835280
499.7000000000 2.5834269971
499.8000000000 2.5843515682
499.9000000000 2.5746049532
500.0000000000 2.5825096644
500.1000000000 2.5883659193
500.2000000000 2.5964356067
500.3000000000 2.5944955847
500.4000000000 2.5942517943
500.5000000000 2.5989407544
500.6000000000 2.5968759908
500.7000000000 2.5980829627
500.8000000000 2.5970448185
500.9000000000 2.5984465003
501.0000000000 2.5911515533
501.1000000000 2.5914748403
501.2000000000 2.5784641766
501.3000000000 2.5817468189
501.4000000000 2.5840292475
501.5000000000 2.5772016386
501.6000000000 2.5722427408
501.7000000000 2.5750885141
501.8000000000 2.5705051476
501.9000000000 2.5807507550
502.0000000000 2.5857498913
502.1000000000 2.5827880169
502.2000000000 2.5813001920
502.3000000000 2.5722926735
502.4000000000 2.5750107190
502.5000000000 2.5731853573
502.6000000000 2.5751893029
502.7000000000 2.5658775872
502.8000000000 2.5725453206
502.9000000000 2.5752647851
503.0000000000 2.5764714414
503.1000000000 2.5734718229
503.2000000000 2.5712464691
503.3000000000 2.5782976071
503.4000000000 2.5689237345
503.5000000000 2.5702098846
503.6000000000 2.5785597737
503.7000000000 2.5820352383
503.8000000000 2.5821218057
503.9000000000 2.5803799214
504.0000000000 2.5666819648
504.1000000000 2.5667752850
504.2000000000 2.5671748761
504.3000000000 2.5686846304
504.4000000000 2.5632987446
504.5000000000 2.5630499216
504.6000000000 2.5694503308
504.7000000000 2.5707688642
504.8000000000 2.5816771331
504.9000000000 2.5813703196
505.0000000000 2.5923852979
505.1000000000 2.5948525686
505.2000000000 2.5969097350
505.3000000000 2.5926702032
505.4000000000 2.5778069165
505.5000000000 2.5807700034
505.6000000000 2.5820181769
505.7000000000 2.5828758148
505.8000000000 2.5867448869
505.9000000000 2.5841479500
506.0000000000 2.5899326962
506.1000000000 2.5916657180
506.2000000000 2.5847431934
506.3000000000 2.5843840998
506.4000000000 2.5776439622
506.5000000000 2.5760228787
506.6000000000 2.5633331520
506.7000000000 2.5618925521
506.8000000000 2.5701105920
506.9000000000 2.5675348884
507.0000000000 2.5661536996
507.1000000000 2.5648901708
507.2000000000 2.5658947160
507.3000000000 2.5653181944
507.4000000000 2.5644435673
507.5000000000 2.5719089656
507.6000000000 2.5710248580
507.7000000000 2.5735777961
507.8000000000 2.5779600628
507.9000000000 2.5732632952
508.0000000000 2.5729830083
508.1000000000 2.5668119623
508.2000000000 2.5675941852
508.3000000000 2.5642436135
508.4000000000 2.5657430512
508.5000000000 2.5592937280
508.6000000000 2.5481693388
508.7000000000 2.5549668415
508.8000000000 2.5464270233
508.9000000000 2.5476851562
509.0000000000 2.5483866713
509.1000000000 2.5491231361
509.2000000000 2.5529676079
509.3000000000 2.5552783310
509.4000000000 2.5613538741
509.5000000000 2.5608848368
509.6000000000 2.5638149427
509.7000000000 2.5692170991
509.8000000000 2.5669832763
509.9000000000 2.5668251524
510.0000000000 2.5662116005
510.1000000000 2.5702856261
510.2000000000 2.5796264381
510.3000000000 2.5812312164
510.4000000000 2.5802966458
510.5000000000 2.5663620489
510.6000000000 2.5657644514
510.7000000000 2.5688197757
510.8000000000 2.5685620517
510.9000000000 2.5698050559
511.0000000000 2.5715922601
511.1000000000 2.5773434545
511.2000000000 2.5692005759
511.3000000000 2.5698693061
511.4000000000 2.5698652415
511.5000000000 2.5773441137
511.6000000000 2.5804417344
511.7000000000 2.5823521475
511.8000000000 2.5750584239
511.9000000000 2.5771213075
512.0000000000 2.5725978817
512.1000000000 2.5729318766
512.2000000000 2.5698139303
512.3000000000 2.5617302399
512.4000000000 2.5614651374
512.5000000000 2.5670623709
512.6000000000 2.5680751991
512.7000000000 2.5661681982
512.8000000000 2.5555568074
512.9000000000 2.5613642014
513.0000000000 2.5594876804
513.1000000000 2.5610980144
513.2000000000 2.5641503934
513.3000000000 2.5627707100
513.4000000000 2.5688143504
513.5000000000 2.5675162493
513.6000000000 2.5615940649
513.7000000000 2.5600121278
513.8000000000 2.5591527837
513.9000000000 2.5608167368
514.0000000000 2.5640707907
514.1000000000 2.5626059483
514.2000000000 2.5585161105
514.3000000000 2.5480522983
514.4000000000 2.5495455013
514.5000000000 2.5530199283
514.6000000000 2.5530880433
514.7000000000 2.5580238660
514.8000000000 2.5592583758
514.9000000000 2.5660359252
515.0000000000 2.5614294141
515.1000000000 2.5423402779
515.2000000000 2.5458179821
515.3000000000 2.5533488174
515.4000000000 2.5580573945
515.5000000000 2.5504544321
515.6000000000 2.5503874633
515.7000000000 2.5498572497
515.8000000000 2.5525787881
515.9000000000 2.5337448650
516.0000000000 2.5273901653
516.1000000000 2.5269413248
516.2000000000 2.5266438782
516.3000000000 2.5293365722
516.4000000000 2.5295343703
516.5000000000 2.5307218257
516.6000000000 2.5359607180
516.7000000000 2.5254581408
516.8000000000 2.5286924671
516.9000000000 2.5339047533
517.0000000000 2.5297154526
517.1000000000 2.5301715305
517.2000000000 2.5324011839
517.3000000000 2.5378253343
517.4000000000 2.5343382168
517.5000000000 2.5324408609
517.6000000000 2.5366539700
517.7000000000 2.5355628573
517.8000000000 2.5442698646
517.9000000000 2.5525528690
518.0000000000 2.5525169016
518.1000000000 2.5438117907
518.2000000000 2.5553673993
518.3000000000 2.5548741664
518.4000000000 2.5608446172
518.5000000000 2.5646883965
518.6000000000 2.5579718814
518.7000000000 2.5520820274
518.8000000000 2.5525738380
518.9000000000 2.5604574661
519.0000000000 2.5676250831
519.1000000000 2.5642070873
519.2000000000 2.5659467370
519.3000000000 2.5714938722
519.4000000000 2.5688238483
519.5000000000 2.5696144750
519.6000000000 2.5637860653
519.7000000000 2.5661582878
519.8000000000 2.5661936848
519.9000000000 2.5648675114
520.0000000000 2.5665475076
520.1000000000 2.5754507330
520.2000000000 2.5725516809
520.3000000000 2.5672037492
520.4000000000 2.5659229221
520.5000000000 2.5701941411
520.6000000000 2.5635489721
520.7000000000 2.5698691112
520.8000000000 2.5663488004
520.9000000000 2.5695068618
521.0000000000 2.5758302304
521.1000000000 2.5759664825
521.2000000000 2.5805479206
521.3000000000 2.5755204332
521.4000000000 2.5818688526
521.5000000000 2.5774319197
521.6000000000 2.5770247068
521.7000000000 2.5852849378
521.8000000000 2.5846298370
521.9000000000 2.5892314911
522.0000000000 2.5855418965
522.1000000000 2.5921062712
522.2000000000 2.5996731186
522.3000000000 2.5914613127
522.4000000000 2.5901880368
522.5000000000 2.5904422785
522.6000000000 2.5925706393
522.7000000000 2.5964962638
522.8000000000 2.5977050387
522.9000000000 2.5952280719
523.0000000000 2.5971005865
523.1000000000 2.6007375357
523.2000000000 2.6052277738
523.3000000000 2.6117397386
523.4000000000 2.6101651898
523.5000000000 2.6086112750
523.6000000000 2.5978346426
523.7000000000 2.5968488969
523.8000000000 2.6048540292
523.9000000000 2.5949690985
524.0000000000 2.5882370169
524.1000000000 2.5871537105
524.2000000000 2.5856026096
524.3000000000 2.5784020838
524.4000000000 2.5806829836
524.5000000000 2.5861685354
524.6000000000 2.5918895477
524.7000000000 2.5912387830
524.8000000000 2.5950275522
524.9000000000 2.5939773144
525.0000000000 2.5925117643
525.1000000000 2.5947713047
525.2000000000 2.5915496295
525.3000000000 2.5921727162
525.4000000000 2.5937517557
525.5000000000 2.5893030724
525.6000000000 2.5929209178
525.7000000000 2.5863464202
525.8000000000 2.5794272975
525.9000000000 2.5888936833
526.0000000000 2.5846601464
526.1000000000 2.5871694984
526.2000000000 2.5813400563
526.3000000000 2.5862145484
526.4000000000 2.5880450615
526.5000000000 2.5893176613
526.6000000000 2.5770186828
526.7000000000 2.5809250844
526.8000000000 2.5824813683
526.9000000000 2.5862769749
527.0000000000 2.5845629127
527.1000000000 2.5846754797
527.2000000000 2.5882077892
527.3000000000 2.5921024823
527.4000000000 2.5885284325
527.5000000000 2.5933830595
527.6000000000 2.5855954239
527.7000000000 2.5916569752
527.8000000000 2.5924578872
527.9000000000 2.5936722108
528.0000000000 2.5867661462
528.1000000000 2.5929371678
528.2000000000 2.5847699687
528.3000000000 2.5855790532
528.4000000000 2.5868834246
528.5000000000 2.5920685108
528.6000000000 2.5827840879
528.7000000000 2.5761951912
528.8000000000 2.5779115535
528.9000000000 2.5749795209
529.0000000000 2.5772522377
529.1000000000 2.5791255396
529.2000000000 2.5822343858
529.3000000000 2.5780774736
529.4000000000 2.5802764980
529.5000000000 2.5788332502
529.6000000000 2.5783524511
529.7000000000 2.5757303740
529.8000000000 2.5791494581
529.9000000000 2.5657664573
530.0000000000 2.5686196329
530.1000000000 2.5756066029
530.2000000000 2.5804287824
530.3000000000 2.5782435941
530.4000000000 2.5857242194
530.5000000000 2.5920880413
530.6000000000 2.5945377923
530.7000000000 2.5982469121
530.8000000000 2.6001500555
530.9000000000 2.5986067077
531.0000000000 2.5970984816
531.1000000000 2.5940097227
531.2000000000 2.6036068008
531.3000000000 2.6059572225
531.4000000000 2.6072394719
531.5000000000 2.6080102168
531.6000000000 2.6045323121
531.7000000000 2.6061136701
531.8000000000 2.6074363119
531.9000000000 2.6012308153
532.0000000000 2.6063485646
532.1000000000 2.6017144225
532.2000000000 2.6040134543
532.3000000000 2.6105749333
532.4000000000 2.6039295845
532.5000000000 2.6038482871
532.6000000000 2.6016272040
532.7000000000 2.6084757548
532.8000000000 2.5965281649
532.9000000000 2.5891822565
533.0000000000 2.5929993550
533.1000000000 2.5904729081
533.2000000000 2.5915520979
533.3000000000 2.5884708618
533.4000000000 2.5933198579
533.5000000000 2.6007017357
533.6000000000 2.5987770358
533.7000000000 2.5973932945
533.8000000000 2.5995563596
533.9000000000 2.5998654734
534.0000000000 2.6013446898
534.1000000000 2.6022045999
534.2000000000 2.6043738183
534.3000000000 2.6056301229
534.4000000000 2.6075330063
534.5000000000 2.6085476310
534.6000000000 2.6175687783
534.7000000000 2.6223378982
534.8000000000 2.6210465729
534.9000000000 2.6192368499
535.0000000000 2.6197550793
535.1000000000 2.6233336499
535.2000000000 2.6183747184
535.3000000000 2.6103772031
535.4000000000 2.6086795530
535.5000000000 2.6034420776
535.6000000000 2.6054843650
535.7000000000 2.6087397081
535.8000000000 2.6062719144
535.9000000000 2.6085728330
536.0000000000 2.6087439992
536.1000000000 2.6131261930
536.2000000000 2.6183335729
536.3000000000 2.6223596969
536.4000000000 2.6159251934
536.5000000000 2.6160689648
536.6000000000 2.6190172415
536.7000000000 2.6170067031
536.8000000000 2.6204620205
536.9000000000 2.6175978535
537.0000000000 2.6132438638
537.1000000000 2.6158283318
537.2000000000 2.6141078921
537.3000000000 2.6087678471
537.4000000000 2.6065352720
537.5000000000 2.6026902309
537.6000000000 2.6113266590
537.7000000000 2.6029573033
537.8000000000 2.5952365778
537.9000000000 2.5987405273
538.0000000000 2.5971065315
538.1000000000 2.5892110895
538.2000000000 2.5904073206
538.3000000000 2.5882693990
538.4000000000 2.5913638993
538.5000000000 2.5839067035
538.6000000000 2.5861423283
538.7000000000 2.5859677154
538.8000000000 2.5900601492
538.9000000000 2.5855180209
539.0000000000 2.5906418817
539.1000000000 2.5892528328
539.2000000000 2.5902449683
539.3000000000 2.6014706147
539.4000000000 2.5990856802
539.5000000000 2.5994648630
539.6000000000 2.5973180588
539.7000000000 2.6018499151
539.8000000000 2.5997951258
539.9000000000 2.5984358628
540.0000000000 2.6040306534
540.1000000000 2.5980096900
540.2000000000 2.6029147355
540.3000000000 2.5946011710
540.4000000000 2.5837266473
540.5000000000 2.5831805267
540.6000000000 2.5824785933
540.7000000000 2.5718394117
540.8000000000 2.5715231748
540.9000000000 2.5740981910
541.0000000000 2.5740135074
541.1000000000 2.5757065955
541.2000000000 2.5770556615
541.3000000000 2.5701078719
541.4000000000 2.5768960049
541.5000000000 2.5774898208
541.6000000000 2.5750696699
541.7000000000 2.5663390704
541.8000000000 2.5738025552
541.9000000000 2.5727590207
542.0000000000 2.5779980027
542.1000000000 2.5788924567
542.2000000000 2.5843560535
542.3000000000 2.5814716369
542.4000000000 2.5759913373
542.5000000000 2.5797219681
542.6000000000 2.5663618109
542.7000000000 2.5696938516
542.8000000000 2.5776684033
542.9000000000 2.5747755891
543.0000000000 2.5777899212
543.1000000000 2.5712972203
543.2000000000 2.5761183028
543.3000000000 2.5720378099
543.4000000000 2.5740436603
543.5000000000 2.5753777211
543.6000000000 2.5711716810
543.7000000000 2.5722174130
543.8000000000 2.5763232219
543.9000000000 2.5763423676
544.0000000000 2.5790281202
544.1000000000 2.5744988965
544.2000000000 2.5774815852
544.3000000000 2.5754573183
544.4000000000 2.5747195574
544.5000000000 2.5821337104
544.6000000000 2.5815487612
544.7000000000 2.5887275193
544.8000000000 2.5820024675
544.9000000000 2.5881368799
545.0000000000 2.5793621910
545.1000000000 2.5732601158
545.2000000000 2.5803299619
545.3000000000 2.5790525545
545.4000000000 2.5763673827
545.5000000000 2.5822353810
545.6000000000 2.5640529313
545.7000000000 2.5586002568
545.8000000000 2.5681740181
545.9000000000 2.5679504859
546.0000000000 2.5602167527
546.1000000000 2.5625010853
546.2000000000 2.5599652312
546.3000000000 2.5572855196
546.4000000000 2.5545955631
546.5000000000 2.5505496556
546.6000000000 2.5487948162
546.7000000000 2.5485171280
546.8000000000 2.5597347637
546.9000000000 2.5589629532
547.0000000000 2.5596719289
547.1000000000 2.5589857498
547.2000000000 2.5592420158
547.3000000000 2.5604251839
547.4000000000 2.5652115737
547.5000000000 2.5644651373
547.6000000000 2.5581752968
547.7000000000 2.5610511450
547.8000000000 2.5618522447
547.9000000000 2.5646795720
548.0000000000 2.5650568359
548.1000000000 2.5528837605
548.2000000000 2.5527090741
548.3000000000 2.5509981963
548.4000000000 2.5475978144
548.5000000000 2.5503772176
548.6000000000 2.5554255293
548.7000000000 2.5508885847
548.8000000000 2.5510952526
548.9000000000 2.5484132999
549.0000000000 2.5446303322
549.1000000000 2.5500786189
549.2000000000 2.5456807547
549.3000000000 2.5500611672
549.4000000000 2.5489316690
549.5000000000 2.5544822423
549.6000000000 2.5566173689
549.7000000000 2.5622512608
549.8000000000 2.5639678584
549.9000000000 2.5616138694
550.0000000000 2.5599094242
550.1000000000 2.5650352456
550.2000000000 2.5691509977
550.3000000000 2.5718528469
550.4000000000 2.5708804044
550.5000000000 2.5735675842
550.6000000000 2.5670031666
550.7000000000 2.5727780243
550.8000000000 2.5751901238
550.9000000000 2.5813751293
551.0000000000 2.5760620845
551.1000000000 2.5818141614
551.2000000000 2.5812304872
551.3000000000 2.5772999415
551.4000000000 2.5712520388
551.5000000000 2.5757400223
551.6000000000 2.5780042427
551.7000000000 2.5757595080
551.8000000000 2.5832679344
551.9000000000 2.5826341911
552.0000000000 2.5817309960
552.1000000000 2.5883190834
552.2000000000 2.5908362501
552.3000000000 2.5956563394
552.4000000000 2.5875863080
552.5000000000 2.5858997745
552.6000000000 2.5919180119
552.7000000000 2.5839566077
552.8000000000 2.5853921464
552.9000000000 2.5812096839
553.0000000000 2.5849200308
553.1000000000 2.5945613618
553.2000000000 2.5889189098
553.3000000000 2.5911892889
553.4000000000 2.5850393933
553.5000000000 2.5944393976
553.6000000000 2.5893033434
553.7000000000 2.5898583516
553.8000000000 2.5937355008
553.9000000000 2.6000382307
554.0000000000 2.5974009663
554.1000000000 2.5827098909
554.2000000000 2.5875881908
554.3000000000 2.5892550894
554.4000000000 2.5791590086
554.5000000000 2.5825453808
554.6000000000 2.5875930021
554.7000000000 2.5918697838
554.8000000000 2.5910064450
554.9000000000 2.5949239366
555.0000000000 2.5992003516
555.1000000000 2.5971017019
555.2000000000 2.6013663417
555.3000000000 2.6090876054
555.4000000000 2.6078331510
555.5000000000 2.6041683773
555.6000000000 2.5971476074
555.7000000000 2.6008103179
555.8000000000 2.6068880027
555.9000000000 2.6008471984
556.0000000000 2.6039157228
556.1000000000 2.6081415718
556.2000000000 2.5973105556
556.3000000000 2.6032394891
556.4000000000 2.6030476282
556.5000000000 2.5978381693
556.6000000000 2.6014343763
556.7000000000 2.5936719018
556.8000000000 2.5983448111
556.9000000000 2.5984715963
557.0000000000 2.6029072583
557.1000000000 2.6047451421
557.2000000000 2.6030123897
557.3000000000 2.5986941877
557.4000000000 2.6052538750
557.5000000000 2.6058916921
557.6000000000 2.6082680641
557.7000000000 2.6102663232
557.8000000000 2.6155654243
557.9000000000 2.6079968022
558.0000000000 2.6118050696
558.1000000000 2.6171712812
558.2000000000 2.6096842669
558.3000000000 2.6045344382
558.4000000000 2.6069000762
558.5000000000 2.6004610193
558.6000000000 2.5957590502
558.7000000000 2.5966467170
558.8000000000 2.5982858576
558.9000000000 2.5978174157
559.0000000000 2.5985345078
559.1000000000 2.5960580984
559.2000000000 2.5936890835
559.3000000000 2.5865894843
559.4000000000 2.5892023762
559.5000000000 2.5897269953
559.6000000000 2.5827372377
559.7000000000 2.5803586811
559.8000000000 2.5820675118
559.9000000000 2.5775179743
560.0000000000 2.5751265070
560.1000000000 2.5655663206
560.2000000000 2.5639192407
560.3000000000 2.5577494312
560.4000000000 2.5602762998
560.5000000000 2.5628062536
560.6000000000 2.5591172584
560.7000000000 2.5640627431
560.8000000000 2.5669399236
560.9000000000 2.5685445650
561.0000000000 2.5573355038
561.1000000000 2.5607819228
561.2000000000 2.5596889028
561.3000000000 2.5508764517
561.4000000000 2.5454184011
561.5000000000 2.5394435756
561.6000000000 2.5440024665
561.7000000000 2.5456264114
561.8000000000 2.5489221448
561.9000000000 2.5447180788
562.0000000000 2.5440783180
562.1000000000 2.5418157596
562.2000000000 2.5484438624
562.3000000000 2.5419448001
562.4000000000 2.5537418149
562.5000000000 2.5536261999
562.6000000000 2.5587400403
562.7000000000 2.5542033070
562.8000000000 2.5631896484
562.9000000000 2.5662134442
563.0000000000 2.5656134722
563.1000000000 2.5667741919
563.2000000000 2.5656536835
563.3000000000 2.5657854943
563.4000000000 2.5639399931
563.5000000000 2.5619811718
563.6000000000 2.5665442676
563.7000000000 2.5735990852
563.8000000000 2.5670959943
563.9000000000 2.5727950418
564.0000000000 2.5700482763
564.1000000000 2.5688972406
564.2000000000 2.5754860237
564.3000000000 2.5775386856
564.4000000000 2.5798893394
564.5000000000 2.5837980099
564.6000000000 2.5879685734
564.7000000000 2.5823159634
564.8000000000 2.5875878725
564.9000000000 2.5867826793
565.0000000000 2.5891963839
565.1000000000 2.5856417149
565.2000000000 2.5877998858
565.3000000000 2.5857360128
565.4000000000 2.5865147063
565.5000000000 2.5778002377
565.6000000000 2.5912168344
565.7000000000 2.5923297897
565.8000000000 2.5904438306
565.9000000000 2.5859741650
566.0000000000 2.5833493273
566.1000000000 2.5843163331
566.2000000000 2.5806019836
566.3000000000 2.5811540794
566.4000000000 2.5746559396
566.5000000000 2.5786013251
566.6000000000 2.5745667024
566.7000000000 2.5828759127
566.8000000000 2.5866194284
566.9000000000 2.5894549708
567.0000000000 2.5928197319
567.1000000000 2.5922447121
567.2000000000 2.5885455714
567.3000000000 2.5910937079
567.4000000000 2.5868523190
567.5000000000 2.5846773578
567.6000000000 2.5872230603
567.7000000000 2.5911113115
567.8000000000 2.5933922611
567.9000000000 2.6013175585
568.0000000000 2.5898983429
568.1000000000 2.6028398255
568.2000000000 2.5885166901
568.3000000000 2.5925732046
568.4000000000 2.5924396624
568.5000000000 2.5865532089
568.6000000000 2.5903719004
568.7000000000 2.5975962279
568.8000000000 2.5960938809
568.9000000000 2.5951859515
569.0000000000 2.6023426930
569.1000000000 2.6012607601
569.2000000000 2.5933852114
569.3000000000 2.5951857737
569.4000000000 2.5972972126
569.5000000000 2.5940422137
569.6000000000 2.6032437896
569.7000000000 2.5994542333
569.8000000000 2.5979486424
569.9000000000 2.6058501837
570.0000000000 2.6040748222
570.1000000000 2.6116091829
570.2000000000 2.6009468161
570.3000000000 2.6008478899
570.4000000000 2.6049952981
570.5000000000 2.6117483614
570.6000000000 2.6089184567
570.7000000000 2.6188169566
570.8000000000 2.6145617905
570.9000000000 2.6087200882
571.0000000000 2.6074671014
571.1000000000 2.6038944478
571.2000000000 2.6088614772
571.3000000000 2.6068937577
571.4000000000 2.6071031443
571.5000000000 2.6122539227
571.6000000000 2.6083403880
571.7000000000 2.6074568255
571.8000000000 2.6173023214
571.9000000000 2.5988673837
572.0000000000 2.5956452432
572.1000000000 2.5952326980
572.2000000000 2.5941420632
572.3000000000 2.6022455516
572.4000000000 2.6063737825
572.5000000000 2.6034005386
572.6000000000 2.5995703024
572.7000000000 2.6067945891
572.8000000000 2.6104739166
572.9000000000 2.5997589582
573.0000000000 2.5976819175
573.1000000000 2.6021459748
573.2000000000 2.5991740506
573.3000000000 2.6042704201
573.4000000000 2.5966118302
573.5000000000 2.6050493165
573.6000000000 2.6089530284
573.7000000000 2.6088793088
573.8000000000 2.6067188365
573.9000000000 2.6079380170
574.0000000000 2.5967537959
574.1000000000 2.5828407540
574.2000000000 2.5866318805
574.3000000000 2.5929096883
574.4000000000 2.5960905725
574.5000000000 2.6008566369
574.6000000000 2.6036001740
574.7000000000 2.6091768655
574.8000000000 2.6023564955
574.9000000000 2.5989430777
575.0000000000 2.6066098441
575.1000000000 2.5989084026
575.2000000000 2.6092955749
575.3000000000 2.6098491657
575.4000000000 2.5944074982
575.5000000000 2.5965481616
575.6000000000 2.5935166655
575.7000000000 2.6025104392
575.8000000000 2.6037189114
575.9000000000 2.6066852114
576.0000000000 2.5996545878
576.1000000000 2.6053153577
576.2000000000 2.6071122099
576.3000000000 2.6022081275
576.4000000000 2.5900598944
576.5000000000 2.5882422042
576.6000000000 2.5909727415
576.7000000000 2.5936497001
576.8000000000 2.5877913087
576.9000000000 2.5919687212
577.0000000000 2.5944839855
577.1000000000 2.5958162730
577.2000000000 2.6049506434
577.3000000000 2.6085967821
577.4000000000 2.6046406121
577.5000000000 2.6059462646
577.6000000000 2.5973446857
577.7000000000 2.5995624101
577.8000000000 2.5927179872
577.9000000000 2.5928966652
578.0000000000 2.5899032592
578.1000000000 2.5875396366
578.2000000000 2.5886419478
578.3000000000 2.5935775622
578.4000000000 2.5869550388
578.5000000000 2.5917427149
578.6000000000 2.5974774212
578.7000000000 2.6016915871
578.8000000000 2.5990969636
578.9000000000 2.6036648953
579.0000000000 2.6079324865
579.1000000000 2.5991057779
579.2000000000 2.6037840814
579.3000000000 2.6014255435
579.4000000000 2.6040431907
579.5000000000 2.5993656316
579.6000000000 2.5984690792
579.7000000000 2.5963967014
579.8000000000 2.5954155790
579.9000000000 2.5906034054
580.0000000000 2.5920695842
580.1000000000 2.5909605169
580.2000000000 2.5952716153
580.3000000000 2.5920109100
580.4000000000 2.5789590975
580.5000000000 2.5767654925
580.6000000000 2.5800422066
580.7000000000 2.5766109097
580.8000000000 2.5821289162
580.9000000000 2.5827803486
581.0000000000 2.5784088842
581.1000000000 2.5792242532
581.2000000000 2.5758315193
581.3000000000 2.5785174566
581.4000000000 2.5810397871
581.5000000000 2.5812688249
581.6000000000 2.5898363519
581.7000000000 2.5798381901
581.8000000000 2.5799514792
581.9000000000 2.5852457898
582.0000000000 2.5850862280
582.1000000000 2.5720551249
582.2000000000 2.5731875475
582.3000000000 2.5746859512
582.4000000000 2.5769855983
582.5000000000 2.5759974853
582.6000000000 2.5709641379
582.7000000000 2.5692211889
582.8000000000 2.5596871021
582.9000000000 2.5635039862
583.0000000000 2.5604707235
583.1000000000 2.5621360432
583.2000000000 2.5657791608
583.3000000000 2.5663842402
583.4000000000 2.5682893706
583.5000000000 2.5693554585
583.6000000000 2.5712597238
583.7000000000 2.5804606665
583.8000000000 2.5702166780
583.9000000000 2.5743287338
584.0000000000 2.5747616234
584.1000000000 2.5803931088
584.2000000000 2.5680435784
584.3000000000 2.5637821122
584.4000000000 2.5651355798
584.5000000000 2.5761909432
584.6000000000 2.5773490221
584.7000000000 2.5809898716
584.8000000000 2.5840131565
584.9000000000 2.5721533938
585.0000000000 2.5727684806
585.1000000000 2.5776981489
585.2000000000 2.5748970531
585.3000000000 2.5758598813
585.4000000000 2.5751818938
585.5000000000 2.5710039005
585.6000000000 2.5744202820
585.7000000000 2.5777087377
585.8000000000 2.5836121639
585.9000000000 2.5854421009
586.0000000000 2.5840480908
586.1000000000 2.5805703484
586.2000000000 2.5809394952
586.3000000000 2.5847666501
586.4000000000 2.5812440414
586.5000000000 2.5872859051
586.6000000000 2.5727965618
586.7000000000 2.5748168333
586.8000000000 2.5718279810
586.9000000000 2.5649155827
587.0000000000 2.5667625650
587.1000000000 2.5603754023
587.2000000000 2.5629795148
587.3000000000 2.5628356668
587.4000000000 2.5660239705
587.5000000000 2.5760658730
587.6000000000 2.5774168674
587.7000000000 2.5783753511
587.8000000000 2.5768264175
587.9000000000 2.5672163330
588.0000000000 2.5635383471
588.1000000000 2.5651440199
588.2000000000 2.5624157008
588.3000000000 2.5630411796
588.4000000000 2.5676578662
588.5000000000 2.5667066054
588.6000000000 2.5721504512
588.7000000000 2.5723121577
588.8000000000 2.5661145855
588.9000000000 2.5683292105
589.0000000000 2.5789419404
589.1000000000 2.5841038344
589.2000000000 2.5788896487
589.3000000000 2.5778434243
589.4000000000 2.5760444659
589.5000000000 2.5717131911
589.6000000000 2.5603226913
589.7000000000 2.5582214007
589.8000000000 2.5562484727
589.9000000000 2.5539937648
590.0000000000 2.5606173301
590.1000000000 2.5518162327
590.2000000000 2.5484017774
590.3000000000 2.5465298718
590.4000000000 2.5498451689
590.5000000000 2.5510251456
590.6000000000 2.5558354783
590.7000000000 2.5540915727
590.8000000000 2.5481479957
590.9000000000 2.5474965171
591.0000000000 2.5396358077
591.1000000000 2.5386243208
591.2000000000 2.5424985218
591.3000000000 2.5453573692
591.4000000000 2.5468225434
591.5000000000 2.5411725125
591.6000000000 2.5413576489
591.7000000000 2.5435422352
591.8000000000 2.5487185343
591.9000000000 2.5508668850
592.0000000000 2.5489804845
592.1000000000 2.5421715043
592.2000000000 2.5472120505
592.3000000000 2.5464713554
592.4000000000 2.5552262284
592.5000000000 2.5587717078
592.6000000000 2.5530625475
592.7000000000 2.5595187506
592.8000000000 2.5630149423
592.9000000000 2.5656279448
593.0000000000 2.5669469907
593.1000000000 2.5626086510
593.2000000000 2.5631641736
593.3000000000 2.5628857633
593.4000000000 2.5679180250
593.5000000000 2.5709051699
593.6000000000 2.5688036536
593.7000000000 2.5634160101
593.8000000000 2.5691650187
593.9000000000 2.5724526696
594.0000000000 2.5736709725
594.1000000000 2.5741358916
594.2000000000 2.5792229135
594.3000000000 2.5869679127
594.4000000000 2.5786245619
594.5000000000 2.5757136368
594.6000000000 2.5814942121
594.7000000000 2.5813006973
594.8000000000 2.5888133502
594.9000000000 2.5904060993
595.0000000000 2.5884470369
595.1000000000 2.5877289411
595.2000000000 2.5929948002
595.3000000000 2.5933986411
595.4000000000 2.5934825862
595.5000000000 2.5946150448
595.6000000000 2.5877642595
595.7000000000 2.5882276697
595.8000000000 2.5860170679
595.9000000000 2.5845128118
596.0000000000 2.5783573979
596.1000000000 2.5807905445
596.2000000000 2.5739258599
596.3000000000 2.5776909958
596.4000000000 2.5744971343
596.5000000000 2.5717787054
596.6000000000 2.5660012611
596.7000000000 2.5647918643
596.8000000000 2.5694288622
596.9000000000 2.5672517825
597.0000000000 2.5646239615
597.1000000000 2.5653628854
597.2000000000 2.5607923594
597.3000000000 2.5670248450
597.4000000000 2.5674286825
597.5000000000 2.5676894349
597.6000000000 2.5698241649
597.7000000000 2.5745648962
597.8000000000 2.5702636181
597.9000000000 2.5770301041
598.0000000000 2.5735711954
598.1000000000 2.5748656641
598.2000000000 2.5706388882
598.3000000000 2.5753457030
598.4000000000 2.5775314344
598.5000000000 2.5751177201
598.6000000000 2.5775551766
598.7000000000 2.5764499461
598.8000000000 2.5811400139
598.9000000000 2.5740925939
599.0000000000 2.5680844358
599.1000000000 2.5759631958
599.2000000000 2.5766824945
599.3000000000 2.5808887924
599.4000000000 2.5894791109
599.5000000000 2.5955707577
599.6000000000 2.5949879455
599.7000000000 2.5870113238
599.8000000000 2.5840266474
599.9000000000 2.5899572883
600.0000000000 2.5890413635
600.1000000000 2.5909790768
600.2000000000 2.5957595871
600.3000000000 2.5951508278
600.4000000000 2.5995204316
600.5000000000 2.5992526718
600.6000000000 2.5934483690
600.7000000000 2.5928220396
600.8000000000 2.5950550046
600.9000000000 2.5956888938
601.0000000000 2.5986019961
601.1000000000 2.6030079016
601.2000000000 2.6099487043
601.3000000000 2.6061757975
601.4000000000 2.6045558136
601.5000000000 2.6069881428
601.6000000000 2.6047238682
601.7000000000 2.6142215245
601.8000000000 2.6121423987
601.9000000000 2.6055462322
602.0000000000 2.6037494459
602.1000000000 2.6073279240
602.2000000000 2.6067737130
602.3000000000 2.6045949599
602.4000000000 2.6062853488
602.5000000000 2.6039927230
602.6000000000 2.6083513458
602.7000000000 2.6050070462
602.8000000000 2.5950904760
602.9000000000 2.5988812290
603.0000000000 2.6022425764
603.1000000000 2.5972574125
603.2000000000 2.6002984628
603.3000000000 2.5946223119
603.4000000000 2.6016619855
603.5000000000 2.6085986499
603.6000000000 2.6008979797
603.7000000000 2.6065200146
603.8000000000 2.6019444494
603.9000000000 2.6065256420
604.0000000000 2.5975131592
604.1000000000 2.5967595453
604.2000000000 2.6014357573
604.3000000000 2.5894622688
604.4000000000 2.5895024548
604.5000000000 2.5880144016
604.6000000000 2.5860623572
604.7000000000 2.5938528648
604.8000000000 2.5860098557
604.9000000000 2.5873334377
605.0000000000 2.5826808445
605.1000000000 2.5849282053
605.2000000000 2.5798425095
605.3000000000 2.5816530475
605.4000000000 2.5824001812
605.5000000000 2.5878433500
605.6000000000 2.5902900501
605.7000000000 2.5988907867
605.8000000000 2.5920910294
605.9000000000 2.5966777834
606.0000000000 2.5893001878
606.1000000000 2.5867890578
606.2000000000 2.5814472723
606.3000000000 2.5886185938
606.4000000000 2.5840324841
606.5000000000 2.5935167337
606.6000000000 2.5935577533
606.7000000000 2.5940914727
606.8000000000 2.5922067466
606.9000000000 2.5963794543
607.0000000000 2.5858574526
607.1000000000 2.5836282024
607.2000000000 2.5829289230
607.3000000000 2.5783359298
607.4000000000 2.5803243877
607.5000000000 2.5800755074
607.6000000000 2.5804281304
607.7000000000 2.5708492802
607.8000000000 2.5660616506
607.9000000000 2.5717365343
608.0000000000 2.5738144524
608.1000000000 2.5724401917
608.2000000000 2.5664859446
608.3000000000 2.5699009963
608.4000000000 2.5719289269
608.5000000000 2.5671109787
608.6000000000 2.5717715668
608.7000000000 2.5757451292
608.8000000000 2.5798224195
608.9000000000 2.5780081616
609.0000000000 2.5722204491
609.1000000000 2.5694799093
609.2000000000 2.5610644695
609.3000000000 2.5626524663
609.4000000000 2.5490851660
609.5000000000 2.5595302479
609.6000000000 2.5627794865
609.7000000000 2.5616872339
609.8000000000 2.5651949572
609.9000000000 2.5662404721
610.0000000000 2.5687121135
610.1000000000 2.5685575606
610.2000000000 2.5718895621
610.3000000000 2.5714741443
610.4000000000 2.5773460114
610.5000000000 2.5750578304
610.6000000000 2.5703995213
610.7000000000 2.5719237153
610.8000000000 2.5739899132
610.9000000000 2.5597080781
611.0000000000 2.5686702069
611.1000000000 2.5717327917
611.2000000000 2.5759314115
611.3000000000 2.5784056505
611.4000000000 2.5802097042
611.5000000000 2.5802476403
611.6000000000 2.5828228732
611.7000000000 2.5814753528
611.8000000000 2.5844396173
611.9000000000 2.5866599049
612.0000000000 2.5903450536
612.1000000000 2.5840936330
612.2000000000 2.5871961360
612.3000000000 2.5898244603
612.4000000000 2.5920111889
612.5000000000 2.5818390284
612.6000000000 2.5629484951
612.7000000000 2.5603949001
612.8000000000 2.5649695832
612.9000000000 2.5681134240
613.0000000000 2.5694137175
613.1000000000 2.5708000806
613.2000000000 2.5792565244
613.3000000000 2.5842044540
613.4000000000 2.5816270359
613.5000000000 2.5906995617
613.6000000000 2.5912050896
613.7000000000 2.5913962774
613.8000000000 2.5880340534
613.9000000000 2.5884048821
614.0000000000 2.5915470900
614.1000000000 2.5798253785
614.2000000000 2.5828909673
614.3000000000 2.5841887720
614.4000000000 2.5877797744
614.5000000000 2.5829040416
614.6000000000 2.5890411020
614.7000000000 2.5991226192
614.8000000000 2.5946318924
614.9000000000 2.5860254457
615.0000000000 2.5911998881
615.1000000000 2.5974923712
615.2000000000 2.6007549278
615.3000000000 2.5943644310
615.4000000000 2.5976699375
615.5000000000 2.5965281865
615.6000000000 2.5893134571
615.7000000000 2.5909197577
615.8000000000 2.5801967824
615.9000000000 2.5739399538
616.0000000000 2.5658241369
616.1000000000 2.5649116220
616.2000000000 2.5631191945
616.3000000000 2.5688865727
616.4000000000 2.5687259806
616.5000000000 2.5618474732
616.6000000000 2.5739445233
616.7000000000 2.5653071207
616.8000000000 2.5707127125
616.9000000000 2.5718367331
617.0000000000 2.5650385764
617.1000000000 2.5655401830
617.2000000000 2.5692757561
617.3000000000 2.5646121043
617.4000000000 2.5644109002
617.5000000000 2.5680470015
617.6000000000 2.5661899744
617.7000000000 2.5618095286
617.8000000000 2.5565702308
617.9000000000 2.5614821371
618.0000000000 2.5671840241
618.1000000000 2.5639569716
618.2000000000 2.5665066232
618.3000000000 2.5627736716
618.4000000000 2.5661481467
618.5000000000 2.5591360094
618.6000000000 2.5689498046
618.7000000000 2.5621363712
618.8000000000 2.5648911854
618.9000000000 2.5650616534
619.0000000000 2.5703980331
619.1000000000 2.5711818542
619.2000000000 2.5730565200
619.3000000000 2.5771210608
619.4000000000 2.5781567081
619.5000000000 2.5764700733
619.6000000000 2.5780504390
619.7000000000 2.5736742402
619.8000000000 2.5821916927
619.9000000000 2.5805519398
620.0000000000 2.5749743179
620.1000000000 2.5735553802
620.2000000000 2.5583929318
620.3000000000 2.5679363526
620.4000000000 2.5650291731
620.5000000000 2.5664877049
620.6000000000 2.5708553698
620.7000000000 2.5774534258
620.8000000000 2.5849993272
620.9000000000 2.5860851199
621.0000000000 2.5848750304
621.1000000000 2.5807354748
621.2000000000 2.5769563028
621.3000000000 2.5792611752
621.4000000000 2.5839266122
621.5000000000 2.5798602344
621.6000000000 2.5701196093
621.7000000000 2.5624812773
621.8000000000 2.5602035379
621.9000000000 2.5611341825
622.0000000000 2.5587332150
622.1000000000 2.5610916807
622.2000000000 2.5654206572
622.3000000000 2.5688910665
622.4000000000 2.5751134746
622.5000000000 2.5750409740
622.6000000000 2.5663202063
622.7000000000 2.5664461536
622.8000000000 2.5690332120
622.9000000000 2.5709435477
623.0000000000 2.5740123326
623.1000000000 2.5672573458
623.2000000000 2.5761125498
623.3000000000 2.5742902227
623.4000000000 2.5792644315
623.5000000000 2.5762889135
623.6000000000 2.5752086844
623.7000000000 2.5702720258
623.8000000000 2.5785898989
623.9000000000 2.5833775748
624.0000000000 2.5833098701
624.1000000000 2.5834916390
624.2000000000 2.5904035962
624.3000000000 2.5771152468
624.4000000000 2.5728972443
624.5000000000 2.5725721183
624.6000000000 2.5772053239
624.7000000000 2.5667926678
624.8000000000 2.5710332680
624.9000000000 2.5763782054
625.0000000000 2.5776827573
625.1000000000 2.5742682027
625.2000000000 2.5704820208
625.3000000000 2.5737252061
625.4000000000 2.5768599965
625.5000000000 2.5762998104
625.6000000000 2.5766188421
625.7000000000 2.5867816234
625.8000000000 2.5709023771
625.9000000000 2.5672214219
626.0000000000 2.5673077093
626.1000000000 2.5666598955
626.2000000000 2.5588121916
626.3000000000 2.5600948069
626.4000000000 2.5641578194
626.5000000000 2.5640249799
626.6000000000 2.5686030557
626.7000000000 2.5688694730
626.8000000000 2.5733441609
626.9000000000 2.5688245792
627.0000000000 2.5708840060
627.1000000000 2.5741566931
627.2000000000 2.5780413588
627.3000000000 2.5843509328
627.4000000000 2.5920261159
627.5000000000 2.5994026808
627.6000000000 2.6013760661
627.7000000000 2.6000490656
627.8000000000 2.6063124188
627.9000000000 2.6030861943
628.0000000000 2.6077420171
628.1000000000 2.6064974561
628.2000000000 2.6094550256
628.3000000000 2.6137425015
628.4000000000 2.6168490874
628.5000000000 2.6138349140
628.6000000000 2.6157156765
628.7000000000 2.6090860840
628.8000000000 2.6055535580
628.9000000000 2.5968828935
629.0000000000 2.5990992081
629.1000000000 2.5975650842
629.2000000000 2.5953282756
629.3000000000 2.6001431223
629.4000000000 2.6059071840
629.5000000000 2.6033512296
629.6000000000 2.6024053522
629.7000000000 2.5954099976
629.8000000000 2.5949602041
629.9000000000 2.5959777623
630.0000000000 2.5901117208
630.1000000000 2.5897118248
630.2000000000 2.5860354532
630.3000000000 2.5938640093
630.4000000000 2.5873505426
630.5000000000 2.5863835437
630.6000000000 2.5838724666
630.7000000000 2.5811690397
630.8000000000 2.5767603666
630.9000000000 2.5815690712
631.0000000000 2.5814877984
631.1000000000 2.5800017746
631.2000000000 2.5792782189
631.3000000000 2.5760474816
631.4000000000 2.5743815946
631.5000000000 2.5786298544
631.6000000000 2.5826642301
631.7000000000 2.5870771853
631.8000000000 2.5885836009
631.9000000000 2.5847892113
632.0000000000 2.5916598649
632.1000000000 2.5902962902
632.2000000000 2.5882057163
632.3000000000 2.5897315139
632.4000000000 2.5958725779
632.5000000000 2.5985453686
632.6000000000 2.5985179299
632.7000000000 2.5967197418
632.8000000000 2.6036100735
632.9000000000 2.6109129263
633.0000000000 2.6134214176
633.1000000000 2.6039822829
633.2000000000 2.6082057631
633.3000000000 2.6126469981
633.4000000000 2.6170358597
633.5000000000 2.6215605643
633.6000000000 2.6173458032
633.7000000000 2.6235002458
633.8000000000 2.6219537226
633.9000000000 2.6243833352
634.0000000000 2.6166195301
634.1000000000 2.6175583228
634.2000000000 2.6159295412
634.3000000000 2.6171357456
634.4000000000 2.6284480221
634.5000000000 2.6138404877
634.6000000000 2.6192538721
634.7000000000 2.6175097985
634.8000000000 2.6193346767
634.9000000000 2.6199281745
635.0000000000 2.6229623993
635.1000000000 2.6284530407
635.2000000000 2.6279154383
635.3000000000 2.6270416766
635.4000000000 2.6319845225
635.5000000000 2.6269378572
635.6000000000 2.6332833378
635.7000000000 2.6285829938
635.8000000000 2.6088989606
635.9000000000 2.6111606540
636.0000000000 2.6095947738
636.1000000000 2.6206773307
636.2000000000 2.6136506052
636.3000000000 2.6193945764
636.4000000000 2.6209429832
636.5000000000 2.6196345588
636.6000000000 2.6213337011
636.7000000000 2.6197003698
636.8000000000 2.6166823656
636.9000000000 2.6175244079
637.0000000000 2.6155649939
637.1000000000 2.6191016131
637.2000000000 2.6205466215
637.3000000000 2.6213211732
637.4000000000 2.6239143086
637.5000000000 2.6252705939
637.6000000000 2.6306133362
637.7000000000 2.6198251630
637.8000000000 2.6229179174
637.9000000000 2.6116853362
638.0000000000 2.6240855834
638.1000000000 2.6202098734
638.2000000000 2.6247091869
638.3000000000 2.6254422302
638.4000000000 2.6187705299
638.5000000000 2.6167219239
638.6000000000 2.6223498363
638.7000000000 2.6109912864
638.8000000000 2.6156833677
638.9000000000 2.6107056840
639.0000000000 2.6176013308
639.1000000000 2.6185218139
639.2000000000 2.6175668235
639.3000000000 2.6132869405
639.4000000000 2.6132935029
639.5000000000 2.6130043164
639.6000000000 2.6053523289
639.7000000000 2.6056476208
639.8000000000 2.6089041831
639.9000000000 2.6042112658
640.0000000000 2.6073403463
640.1000000000 2.6098006924
640.2000000000 2.6043877320
640.3000000000 2.6060886802
640.4000000000 2.6079065933
640.5000000000 2.5989597544
640.6000000000 2.6048110119
640.7000000000 2.5967606592
640.8000000000 2.5981882007
640.9000000000 2.5951395605
641.0000000000 2.5973918549
641.1000000000 2.5856680528
641.2000000000 2.5861137189
641.3000000000 2.5891091314
641.4000000000 2.5907826186
641.5000000000 2.5882669612
641.6000000000 2.5911403292
641.7000000000 2.5956447453
641.8000000000 2.5828360985
641.9000000000 2.5845013586
642.0000000000 2.5800671946
642.1000000000 2.5817010209
642.2000000000 2.5829866086
642.3000000000 2.5830180159
642.4000000000 2.5846395431
642.5000000000 2.5860294323
642.6000000000 2.5862195395
642.7000000000 2.5927404701
642.8000000000 2.5937875943
642.9000000000 2.5910101039
643.0000000000 2.5948809221
643.1000000000 2.6004059782
643.2000000000 2.6058501909
643.3000000000 2.6042391480
643.4000000000 2.6086571792
643.5000000000 2.6063494177
643.6000000000 2.5999229735
643.7000000000 2.6036615773
643.8000000000 2.6046835727
643.9000000000 2.6081300866
644.0000000000 2.6071761840
644.1000000000 2.6049489936
644.2000000000 2.6043305288
644.3000000000 2.6099058952
644.4000000000 2.6042345128
644.5000000000 2.6057436458
644.6000000000 2.6030556595
644.7000000000 2.5952731253
644.8000000000 2.5977956448
644.9000000000 2.6008802090
645.0000000000 2.6038801710
645.1000000000 2.6101909405
645.2000000000 2.6033535965
645.3000000000 2.5964376543
645.4000000000 2.5921913855
645.5000000000 2.5963574739
645.6000000000 2.5950816868
645.7000000000 2.5907572518
645.8000000000 2.5930292761
645.9000000000 2.5868628773
646.0000000000 2.5839923655
646.1000000000 2.5713519096
646.2000000000 2.5678078974
646.3000000000 2.5683747618
646.4000000000 2.5725181768
646.5000000000 2.5574941766
646.6000000000 2.5624928542
646.7000000000 2.5657796692
646.8000000000 2.5671510716
646.9000000000 2.5622123309
647.0000000000 2.5624595974
647.1000000000 2.5650457586
647.2000000000 2.5665262669
647.3000000000 2.5621527599
647.4000000000 2.5638888576
647.5000000000 2.5655861197
647.6000000000 2.5708434238
647.7000000000 2.5734585698
647.8000000000 2.5705976850
647.9000000000 2.5720308968
648.0000000000 2.5744894703
648.1000000000 2.5748872818
648.2000000000 2.5590896018
648.3000000000 2.5548435117
648.4000000000 2.5601215743
648.5000000000 2.5649767880
648.6000000000 2.5622730759
648.7000000000 2.5572366365
648.8000000000 2.5571085836
648.9000000000 2.5580674532
649.0000000000 2.5605538798
649.1000000000 2.5595674670
649.2000000000 2.5615933534
649.3000000000 2.5565676639
649.4000000000 2.5684437330
649.5000000000 2.5658920246
649.6000000000 2.5721597777
649.7000000000 2.5576876727
649.8000000000 2.5591818038
649.9000000000 2.5608251678
650.0000000000 2.5633896166
650.1000000000 2.5646352854
650.2000000000 2.5701256298
650.3000000000 2.5738495548
650.4000000000 2.5817331880
650.5000000000 2.5872492651
650.6000000000 2.5855692347
650.7000000000 2.5854275738
650.8000000000 2.5873450896
650.9000000000 2.5757857573
651.0000000000 2.5787016949
651.1000000000 2.5890141160
651.2000000000 2.5677757128
651.3000000000 2.5629989103
651.4000000000 2.5649470104
651.5000000000 2.5626903489
651.6000000000 2.5642683892
651.7000000000 2.5710636181
651.8000000000 2.5642181748
651.9000000000 2.5671923496
652.0000000000 2.5781533003
652.1000000000 2.5674056000
652.2000000000 2.5589574789
652.3000000000 2.5561108560
652.4000000000 2.5567129055
652.5000000000 2.5542406111
652.6000000000 2.5536618986
652.7000000000 2.5593091212
652.8000000000 2.5471411295
652.9000000000 2.5476644248
653.0000000000 2.5409442093
653.1000000000 2.5481117750
653.2000000000 2.5509990048
653.3000000000 2.5536060737
653.4000000000 2.5580876386
653.5000000000 2.5633401684
653.6000000000 2.5620987587
653.7000000000 2.5647749300
653.8000000000 2.5571828418
653.9000000000 2.5576372113
654.0000000000 2.5510856762
654.1000000000 2.5478940361
654.2000000000 2.5493174275
654.3000000000 2.5544872114
654.4000000000 2.5574392507
654.5000000000 2.5580088573
654.6000000000 2.5627495023
654.7000000000 2.5602122541
654.8000000000 2.5624873643
654.9000000000 2.5635857750
655.0000000000 2.5636181177
655.1000000000 2.5619635311
655.2000000000 2.5606769445
655.3000000000 2.5640224312
655.4000000000 2.5599367573
655.5000000000 2.5608680402
655.6000000000 2.5666047784
655.7000000000 2.5676983316
655.8000000000 2.5690882918
655.9000000000 2.5705489960
656.0000000000 2.5704463988
656.1000000000 2.5755409181
656.2000000000 2.5757439221
656.3000000000 2.5732358826
656.4000000000 2.5681936451
656.5000000000 2.5726014252
656.6000000000 2.5706025977
656.7000000000 2.5668599911
656.8000000000 2.5677855148
656.9000000000 2.5700264835
657.0000000000 2.5669533600
657.1000000000 2.5685866103
657.2000000000 2.5745346640
657.3000000000 2.5741502329
657.4000000000 2.5752919990
657.5000000000 2.5738763826
657.6000000000 2.5862356076
657.7000000000 2.5760448874
657.8000000000 2.5775952531
657.9000000000 2.5722437850
658.0000000000 2.5718775592
658.1000000000 2.5697447441
658.2000000000 2.5686930773
658.3000000000 2.5624735189
658.4000000000 2.5600410308
658.5000000000 2.5557430375
658.6000000000 2.5498215031
658.7000000000 2.5388188503
658.8000000000 2.5422245251
658.9000000000 2.5353197080
659.0000000000 2.5294997538
659.1000000000 2.5355490972
659.2000000000 2.5400127335
659.3000000000 2.5271571909
659.4000000000 2.5275428024
659.5000000000 2.5276496370
659.6000000000 2.5311581316
659.7000000000 2.5243198345
659.8000000000 2.5221931617
659.9000000000 2.5183918198
660.0000000000 2.5193876246
660.1000000000 2.5177619354
660.2000000000 2.5146486554
660.3000000000 2.5249952601
660.4000000000 2.5168824043
660.5000000000 2.5120977452
660.6000000000 2.5187511886
660.7000000000 2.5270842680
660.8000000000 2.5285729306
660.9000000000 2.5257438148
661.0000000000 2.5308201682
661.1000000000 2.5347662220
661.2000000000 2.5310494371
661.3000000000 2.5362719332
661.4000000000 2.5382745655
661.5000000000 2.5323549158
661.6000000000 2.5403889131
661.7000000000 2.5296312744
661.8000000000 2.5378490434
661.9000000000 2.5431357194
662.0000000000 2.5425592860
662.1000000000 2.5418651514
662.2000000000 2.5471034588
662.3000000000 2.5514916280
662.4000000000 2.5536335730
662.5000000000 2.5531479600
662.6000000000 2.5548077971
662.7000000000 2.5469821463
662.8000000000 2.5429686858
662.9000000000 2.5477189423
663.0000000000 2.5460494245
663.1000000000 2.5381321759
663.2000000000 2.5415144109
663.3000000000 2.5335760530
663.4000000000 2.5291889682
663.5000000000 2.5373613630
663.6000000000 2.5380226789
663.7000000000 2.5353382020
663.8000000000 2.5346226459
663.9000000000 2.5248755843
664.0000000000 2.5288943165
664.1000000000 2.5330511081
664.2000000000 2.5259741794
664.3000000000 2.5292641135
664.4000000000 2.5297825143
664.5000000000 2.5318900268
664.6000000000 2.5358937718
664.7000000000 2.5368495897
664.8000000000 2.5367723654
664.9000000000 2.5382399865
665.0000000000 2.5367552727
665.1000000000 2.5383534980
665.2000000000 2.5335030007
665.3000000000 2.5393895270
665.4000000000 2.5369345625
665.5000000000 2.5354378292
665.6000000000 2.5370330821
665.7000000000 2.5419853919
665.8000000000 2.5356409401
665.9000000000 2.5363256129
666.0000000000 2.5418174211
666.1000000000 2.5378447687
666.2000000000 2.5465757587
666.3000000000 2.5410353912
666.4000000000 2.5493134637
666.5000000000 2.5495193788
666.6000000000 2.5380109262
666.7000000000 2.5454557012
666.8000000000 2.5447162865
666.9000000000 2.5430793899
667.0000000000 2.5496493749
667.1000000000 2.5369402880
667.2000000000 2.5415818527
667.3000000000 2.5485410731
667.4000000000 2.5442311934
667.5000000000 2.5465399815
667.6000000000 2.5354649767
667.7000000000 2.5376610223
667.8000000000 2.5340366726
667.9000000000 2.5433280349
668.0000000000 2.5438721393
668.1000000000 2.5324551065
668.2000000000 2.5289460864
668.3000000000 2.5206540031
668.4000000000 2.5226775337
668.5000000000 2.5229071480
668.6000000000 2.5337633809
668.7000000000 2.5310776290
668.8000000000 2.5315015689
668.9000000000 2.5326671238
669.0000000000 2.5358374735
669.1000000000 2.5377260201
669.2000000000 2.5369835707
669.3000000000 2.5306713760
669.4000000000 2.5291554988
669.5000000000 2.5264426215
669.6000000000 2.5302117332
669.7000000000 2.5281335981
669.8000000000 2.5338641384
669.9000000000 2.5111684264
670.0000000000 2.5139686810
670.1000000000 2.5072878590
670.2000000000 2.5110983782
670.3000000000 2.5077285932
670.4000000000 2.5096125319
670.5000000000 2.5041586401
670.6000000000 2.5115800833
670.7000000000 2.5065290976
670.8000000000 2.5070222139
670.9000000000 2.5030881166
671.0000000000 2.5032051591
671.1000000000 2.5077855478
671.2000000000 2.5097501241
671.3000000000 2.5115469626
671.4000000000 2.5125835383
671.5000000000 2.5094024930
671.6000000000 2.5072998961
671.7000000000 2.5033846664
671.8000000000 2.5031875897
671.9000000000 2.5069536019
672.0000000000 2.5155593957
672.1000000000 2.5173005639
672.2000000000 2.5205876512
672.3000000000 2.5175029030
672.4000000000 2.5121537267
672.5000000000 2.5127340243
672.6000000000 2.5173904634
672.7000000000 2.5160014745
672.8000000000 2.5091120385
672.9000000000 2.5097630990
673.0000000000 2.4991411450
673.1000000000 2.4997546309
673.2000000000 2.5055830499
673.3000000000 2.5004713530
673.4000000000 2.5016923567
673.5000000000 2.5031260088
673.6000000000 2.5056514972
673.7000000000 2.4939829783
673.8000000000 2.4998764349
673.9000000000 2.4959657612
674.0000000000 2.5028574412
674.1000000000 2.5035953621
674.2000000000 2.5028346694
674.3000000000 2.5060746147
674.4000000000 2.5031109561
674.5000000000 2.5006320115
674.6000000000 2.5011076362
674.7000000000 2.5091736338
674.8000000000 2.4947119655
674.9000000000 2.5031281423
675.0000000000 2.5002153091
675.1000000000 2.5004041843
675.2000000000 2.5026481052
675.3000000000 2.5039587098
675.4000000000 2.5071673074
675.5000000000 2.5098239692
675.6000000000 2.5075139361
675.7000000000 2.5077653745
675.8000000000 2.5014812024
675.9000000000 2.5022821177
676.0000000000 2.5054748604
676.1000000000 2.5059148471
676.2000000000 2.5090618745
676.3000000000 2.4991684161
676.4000000000 2.4965099816
676.5000000000 2.5055497996
676.6000000000 2.5014343956
676.7000000000 2.4968495518
676.8000000000 2.5011031439
676.9000000000 2.4991689680
677.0000000000 2.4982898568
677.1000000000 2.5003177715
677.2000000000 2.5029733087
677.3000000000 2.4999182363
677.4000000000 2.4946170536
677.5000000000 2.4851015490
677.6000000000 2.4910326326
677.7000000000 2.4936762128
677.8000000000 2.4741989270
677.9000000000 2.4700187203
678.0000000000 2.4792977136
678.1000000000 2.4723809069
678.2000000000 2.4714293422
678.3000000000 2.4784963261
678.4000000000 2.4796075793
678.5000000000 2.4756083222
678.6000000000 2.4773095709
678.7000000000 2.4743019209
678.8000000000 2.4782798783
678.9000000000 2.4741956245
679.0000000000 2.4698464862
679.1000000000 2.4781217202
679.2000000000 2.4778181028
679.3000000000 2.4829436753
679.4000000000 2.4878417666
679.5000000000 2.4739281031
679.6000000000 2.4689581332
679.7000000000 2.4667169596
679.8000000000 2.4603221734
679.9000000000 2.4616375959
680.0000000000 2.4701783198
680.1000000000 2.4734790137
680.2000000000 2.4678063102
680.3000000000 2.4586827276
680.4000000000 2.4626308586
680.5000000000 2.4601907231
680.6000000000 2.4647072290
680.7000000000 2.4620901836
680.8000000000 2.4606327811
680.9000000000 2.4509629025
681.0000000000 2.4522935910
681.1000000000 2.4596207356
681.2000000000 2.4556509726
681.3000000000 2.4539524537
681.4000000000 2.4600277660
681.5000000000 2.4538069478
681.6000000000 2.4581954626
681.7000000000 2.4608149276
681.8000000000 2.4643505065
681.9000000000 2.4619507740
682.0000000000 2.4673292129
682.1000000000 2.4654699372
682.2000000000 2.4723200016
682.3000000000 2.4706632401
682.4000000000 2.4766287021
682.5000000000 2.4775749666
682.6000000000 2.4759871428
682.7000000000 2.4836509073
682.8000000000 2.4879000722
682.9000000000 2.4828713624
683.0000000000 2.4815020246
683.1000000000 2.4773229012
683.2000000000 2.4756103968
683.3000000000 2.4776925509
683.4000000000 2.4762887503
683.5000000000 2.4761221511
683.6000000000 2.4827789051
683.7000000000 2.4793004637
683.8000000000 2.4771132041
683.9000000000 2.4794046339
684.0000000000 2.4737681223
684.1000000000 2.4818341639
684.2000000000 2.4801941388
684.3000000000 2.4810251193
684.4000000000 2.4785969137
684.5000000000 2.4767050575
684.6000000000 2.4794368224
684.7000000000 2.4888327070
684.8000000000 2.4935303708
684.9000000000 2.4960575547
685.0000000000 2.4964018504
685.1000000000 2.4906400448
685.2000000000 2.4911733691
685.3000000000 2.4886402841
685.4000000000 2.4939124696
685.5000000000 2.4924204624
685.6000000000 2.4835481800
685.7000000000 2.4760531053
685.8000000000 2.4829951848
685.9000000000 2.4866800397
686.0000000000 2.4804651556
686.1000000000 2.4834720373
686.2000000000 2.4799680647
686.3000000000 2.4744394678
686.4000000000 2.4719573434
686.5000000000 2.4670222505
686.6000000000 2.4668661993
686.7000000000 2.4702231039
686.8000000000 2.4525069223
686.9000000000 2.4544158868
687.0000000000 2.4586183786
687.1000000000 2.4620515241
687.2000000000 2.4595839952
687.3000000000 2.4564476239
687.4000000000 2.4588848190
687.5000000000 2.4543102184
687.6000000000 2.4599394012
687.7000000000 2.4688288568
687.8000000000 2.4664174141
687.9000000000 2.4668813091
688.0000000000 2.4620444263
688.1000000000 2.4576737500
688.2000000000 2.4619384682
688.3000000000 2.4738868283
688.4000000000 2.4686810732
688.5000000000 2.4798074782
688.6000000000 2.4834767767
688.7000000000 2.4824963044
688.8000000000 2.4873352515
688.9000000000 2.4884890472
689.0000000000 2.4807605954
689.1000000000 2.4763998403
689.2000000000 2.4740678657
689.3000000000 2.4821358049
689.4000000000 2.4762752912
689.5000000000 2.4778843291
689.6000000000 2.4745862355
689.7000000000 2.4811854072
689.8000000000 2.4825445060
689.9000000000 2.4833632457
690.0000000000 2.4829303995
690.1000000000 2.4858081856
690.2000000000 2.4852086437
690.3000000000 2.4858375614
690.4000000000 2.4945393429
690.5000000000 2.4920473419
690.6000000000 2.4921628755
690.7000000000 2.4974842286
690.8000000000 2.4900871909
690.9000000000 2.4949843543
691.0000000000 2.4920677959
691.1000000000 2.4952906999
691.2000000000 2.4985129799
691.3000000000 2.4897624242
691.4000000000 2.4921669180
691.5000000000 2.4885306902
691.6000000000 2.4943637962
691.7000000000 2.4961039424
691.8000000000 2.4914788098
691.9000000000 2.4789512826
692.0000000000 2.4792680918
692.1000000000 2.4797963742
692.2000000000 2.4817911576
692.3000000000 2.4770874599
692.4000000000 2.4806197083
692.5000000000 2.4773896723
692.6000000000 2.4798368586
692.7000000000 2.4801211762
692.8000000000 2.4763928491
692.9000000000 2.4782149361
693.0000000000 2.4789864848
693.1000000000 2.4791122849
693.2000000000 2.4839023281
693.3000000000 2.4837387739
693.4000000000 2.4854405184
693.5000000000 2.4803764451
693.6000000000 2.4832936227
693.7000000000 2.4862504621
693.8000000000 2.4849684276
693.9000000000 2.4964542722
694.0000000000 2.5013249755
694.1000000000 2.4990131317
694.2000000000 2.5018822721
694.3000000000 2.4979975836
694.4000000000 2.4964096895
694.5000000000 2.4993891384
694.6000000000 2.4978433734
694.7000000000 2.4959765555
694.8000000000 2.5016251491
694.9000000000 2.4996535413
695.0000000000 2.5062397846
695.1000000000 2.5058258118
695.2000000000 2.5063283949
695.3000000000 2.5047111649
695.4000000000 2.5082166166
695.5000000000 2.5005076567
695.6000000000 2.4999266244
695.7000000000 2.4920906101
695.8000000000 2.4973800272
695.9000000000 2.4996639930
696.0000000000 2.5024913610
696.1000000000 2.5053646101
696.2000000000 2.5058280489
696.3000000000 2.5104869081
696.4000000000 2.5072653011
696.5000000000 2.5110993608
696.6000000000 2.5204848327
696.7000000000 2.5257804796
696.8000000000 2.5288415777
696.9000000000 2.5279959904
697.0000000000 2.5324744720
697.1000000000 2.5272813476
697.2000000000 2.5238773960
697.3000000000 2.5226471568
697.4000000000 2.5184822515
697.5000000000 2.5173689072
697.6000000000 2.5255988669
697.7000000000 2.5273164700
697.8000000000 2.5304445464
697.9000000000 2.5342458048
698.0000000000 2.5363552203
698.1000000000 2.5336653336
698.2000000000 2.5407084485
698.3000000000 2.5406313107
698.4000000000 2.5370448388
698.5000000000 2.5372672696
698.6000000000 2.5312088661
698.7000000000 2.5389964013
698.8000000000 2.5467708746
698.9000000000 2.5531988748
699.0000000000 2.5463669975
699.1000000000 2.5428922887
699.2000000000 2.5472627075
699.3000000000 2.5396422088
699.4000000000 2.5429809428
699.5000000000 2.5409239643
699.6000000000 2.5409701835
699.7000000000 2.5478259710
699.8000000000 2.5520794554
699.9000000000 2.5486444396
700.0000000000 2.5518141167
700.1000000000 2.5502649795
700.2000000000 2.5541799078
700.3000000000 2.5487813725
700.4000000000 2.5546989287
700.5000000000 2.5536928971
700.6000000000 2.5562155072
700.7000000000 2.5522637251
700.8000000000 2.5567793824
700.9000000000 2.5530485940
701.0000000000 2.5507438195
701.1000000000 2.5537651233
701.2000000000 2.5557501771
701.3000000000 2.5494088701
701.4000000000 2.5496865106
701.5000000000 2.5517968640
701.6000000000 2.5560389279
701.7000000000 2.5549601033
701.8000000000 2.5530744360
701.9000000000 2.5507349055
702.0000000000 2.5457101771
702.1000000000 2.5514645764
702.2000000000 2.5521454236
702.3000000000 2.5561600104
702.4000000000 2.5410412646
702.5000000000 2.5437581785
702.6000000000 2.5410600706
702.7000000000 2.5380328100
702.8000000000 2.5443058470
702.9000000000 2.5408083965
703.0000000000 2.5433538422
703.1000000000 2.5412565216
703.2000000000 2.5322309014
703.3000000000 2.5314912358
703.4000000000 2.5351512905
703.5000000000 2.5384035335
703.6000000000 2.5350561244
703.7000000000 2.5306636431
703.8000000000 2.5331622149
703.9000000000 2.5370735053
704.0000000000 2.5348475908
704.1000000000 2.5472426293
704.2000000000 2.5478446753
704.3000000000 2.5504183858
704.4000000000 2.5457153261
704.5000000000 2.5477597582
704.6000000000 2.5527278789
704.7000000000 2.5506263774
704.8000000000 2.5523821545
704.9000000000 2.5460318957
705.0000000000 2.5451617636
705.1000000000 2.5443754401
705.2000000000 2.5416512130
705.3000000000 2.5476255638
705.4000000000 2.5462531550
705.5000000000 2.5479439388
705.6000000000 2.5358238412
705.7000000000 2.5353014650
705.8000000000 2.5402798465
705.9000000000 2.5405908308
706.0000000000 2.5446659324
706.1000000000 2.5433652979
706.2000000000 2.5440100713
706.3000000000 2.5474598990
706.4000000000 2.5440501847
706.5000000000 2.5435182956
706.6000000000 2.5488299263
706.7000000000 2.5507001161
706.8000000000 2.5525114460
706.9000000000 2.5492390377
707.0000000000 2.5452812726
707.1000000000 2.5426235985
707.2000000000 2.5439328588
707.3000000000 2.5459954726
707.4000000000 2.5413726280
707.5000000000 2.5456652086
707.6000000000 2.5468129997
707.7000000000 2.5368908560
707.8000000000 2.5415587285
707.9000000000 2.5454016468
708.0000000000 2.5403976264
708.1000000000 2.5432771004
708.2000000000 2.5367654592
708.3000000000 2.5415104180
708.4000000000 2.5457442469
708.5000000000 2.5506480158
708.6000000000 2.5488137431
708.7000000000 2.5434403659
708.8000000000 2.5484885326
708.9000000000 2.5496767028
709.0000000000 2.5463402621
709.1000000000 2.5505989093
709.2000000000 2.5482820573
709.3000000000 2.5482301033
709.4000000000 2.5597668203
709.5000000000 2.5540597245
709.6000000000 2.5475997845
709.7000000000 2.5506902855
709.8000000000 2.5513536865
709.9000000000 2.5479933152
710.0000000000 2.5477931218
710.1000000000 2.5431687464
710.2000000000 2.5394543684
710.3000000000 2.5304449031
710.4000000000 2.5326483407
710.5000000000 2.5323805069
710.6000000000 2.5301725359
710.7000000000 2.5397832416
710.8000000000 2.5470238336
710.9000000000 2.5497680602
711.0000000000 2.5424245360
711.1000000000 2.5404079440
711.2000000000 2.5392485781
711.3000000000 2.5341362764
711.4000000000 2.5356241095
711.5000000000 2.5352487156
711.6000000000 2.5315249160
711.7000000000 2.5243501224
711.8000000000 2.5249609887
711.9000000000 2.5255412261
712.0000000000 2.5240700806
712.1000000000 2.5155318314
712.2000000000 2.5216361288
712.3000000000 2.5201814898
712.4000000000 2.5132253385
712.5000000000 2.5196046762
712.6000000000 2.5202506306
712.7000000000 2.5250959240
712.8000000000 2.5131869368
712.9000000000 2.5108503336
713.0000000000 2.5144171691
713.1000000000 2.5224011727
713.2000000000 2.5174473621
713.3000000000 2.5280842457
713.4000000000 2.5229509375
713.5000000000 2.5203962095
713.6000000000 2.5274539962
713.7000000000 2.5218426758
713.8000000000 2.5215313703
713.9000000000 2.5203868015
714.0000000000 2.5313528756
714.1000000000 2.5346620864
714.2000000000 2.5381203144
714.3000000000 2.5340224745
714.4000000000 2.5333725960
714.5000000000 2.5191672961
714.6000000000 2.5191043406
714.7000000000 2.5230124402
714.8000000000 2.5273742704
714.9000000000 2.5304605502
715.0000000000 2.5296022963
715.1000000000 2.5360954101
715.2000000000 2.5434158867
715.3000000000 2.5413702850
715.4000000000 2.5399854192
715.5000000000 2.5421992353
715.6000000000 2.5542582420
715.7000000000 2.5505527256
715.8000000000 2.5561268052
715.9000000000 2.5596351238
716.0000000000 2.5627053173
716.1000000000 2.5649156347
716.2000000000 2.5518885786
716.3000000000 2.5446523971
716.4000000000 2.5519054842
716.5000000000 2.5525951096
716.6000000000 2.5490321424
716.7000000000 2.5567804291
716.8000000000 2.5533594829
716.9000000000 2.5566902602
717.0000000000 2.5576297324
717.1000000000 2.5569767210
717.2000000000 2.5596157850
717.3000000000 2.5641486873
717.4000000000 2.5668944777
717.5000000000 2.5620102965
717.6000000000 2.5651028402
717.7000000000 2.5669125538
717.8000000000 2.5623129570
717.9000000000 2.5640410460
718.0000000000 2.5648147958
718.1000000000 2.5685180729
718.2000000000 2.5740642765
718.3000000000 2.5671584466
718.4000000000 2.5634310768
718.5000000000 2.5625741543
718.6000000000 2.5575150032
718.7000000000 2.5610964691
718.8000000000 2.5665461322
718.9000000000 2.5584913515
719.0000000000 2.5610732656
719.1000000000 2.5665581732
719.2000000000 2.5676840953
719.3000000000 2.5774074755
719.4000000000 2.5785754499
719.5000000000 2.5777346910
719.6000000000 2.5736937844
719.7000000000 2.5712180211
719.8000000000 2.5802916561
719.9000000000 2.5768001124
720.0000000000 2.5754198503
720.1000000000 2.5805537885
720.2000000000 2.5800672339
720.3000000000 2.5843238851
720.4000000000 2.5840914138
720.5000000000 2.5860443329
720.6000000000 2.5734704211
720.7000000000 2.5761923478
720.8000000000 2.5804493356
720.9000000000 2.5764095399
721.0000000000 2.5808380614
721.1000000000 2.5752199202
721.2000000000 2.5857266109
721.3000000000 2.5755966033
721.4000000000 2.5788674484
721.5000000000 2.5824820570
721.6000000000 2.5818201910
721.7000000000 2.5761720227
721.8000000000 2.5791981447
721.9000000000 2.5791396455
722.0000000000 2.5784240449
722.1000000000 2.5772365071
722.2000000000 2.5724800250
722.3000000000 2.5674357043
722.4000000000 2.5616307783
722.5000000000 2.5696204694
722.6000000000 2.5716065289
722.7000000000 2.5757128344
722.8000000000 2.5754233192
722.9000000000 2.5728329560
723.0000000000 2.5681162439
723.1000000000 2.5731195367
723.2000000000 2.5600711331
723.3000000000 2.5521029464
723.4000000000 2.5508394168
723.5000000000 2.5477607874
723.6000000000 2.5481049422
723.7000000000 2.5525208720
723.8000000000 2.5625925910
723.9000000000 2.5584560436
724.0000000000 2.5565158191
724.1000000000 2.5538236454
724.2000000000 2.5456433468
724.3000000000 2.5345949222
724.4000000000 2.5359335701
724.5000000000 2.5382692762
724.6000000000 2.5408514554
724.7000000000 2.5334667341
724.8000000000 2.5287510793
724.9000000000 2.5260955437
725.0000000000 2.5318866742
725.1000000000 2.5387986156
725.2000000000 2.5387681278
725.3000000000 2.5374397609
725.4000000000 2.5383356323
725.5000000000 2.5441393491
725.6000000000 2.5368375774
725.7000000000 2.5415032044
725.8000000000 2.5406026136
725.9000000000 2.5469248690
726.0000000000 2.5432429684
726.1000000000 2.5403861332
726.2000000000 2.5403298967
726.3000000000 2.5407221986
726.4000000000 2.5351679578
726.5000000000 2.5371129934
726.6000000000 2.5327640702
726.7000000000 2.5344987049
726.8000000000 2.5361145652
726.9000000000 2.5282787137
727.0000000000 2.5352139860
727.1000000000 2.5395847834
727.2000000000 2.5424419916
727.3000000000 2.5484526350
727.4000000000 2.5426285682
727.5000000000 2.5437389692
727.6000000000 2.5512105911
727.7000000000 2.5436732169
727.8000000000 2.5470438111
727.9000000000 2.5497629742
728.0000000000 2.5501600501
728.1000000000 2.5512904077
728.2000000000 2.5431686059
728.3000000000 2.5401392420
728.4000000000 2.5421937275
728.5000000000 2.5529255677
728.6000000000 2.5620593110
728.7000000000 2.5519342769
728.8000000000 2.5559335530
728.9000000000 2.5480307147
729.0000000000 2.5501867672
729.1000000000 2.5483636669
729.2000000000 2.5536765211
729.3000000000 2.5446929377
729.4000000000 2.5532815258
729.5000000000 2.5549919049
729.6000000000 2.5429041358
729.7000000000 2.5373440446
729.8000000000 2.5296362596
729.9000000000 2.5336615416
730.0000000000 2.5343783693
730.1000000000 2.5281946430
730.2000000000 2.5363450953
730.3000000000 2.5323444252
730.4000000000 2.5366411444
730.5000000000 2.5333004163
730.6000000000 2.5301412702
730.7000000000 2.5268064945
730.8000000000 2.5264860630
730.9000000000 2.5164858119
731.0000000000 2.5069039969
731.1000000000 2.5063406268
731.2000000000 2.5020092978
731.3000000000 2.5052295324
731.4000000000 2.5080151591
731.5000000000 2.5119752309
731.6000000000 2.5183708022
731.7000000000 2.5241495551
731.8000000000 2.5249572420
731.9000000000 2.5226718307
732.0000000000 2.5265958014
732.1000000000 2.5222942877
732.2000000000 2.5224800012
732.3000000000 2.5172474547
732.4000000000 2.5108537881
732.5000000000 2.5178787487
732.6000000000 2.5154009463
732.7000000000 2.5133413490
732.8000000000 2.5163803983
732.9000000000 2.5196868071
733.0000000000 2.5246395182
733.1000000000 2.5276706232
733.2000000000 2.5245839175
733.3000000000 2.5239916655
733.4000000000 2.5272077183
733.5000000000 2.5234076968
733.6000000000 2.5260346677
733.7000000000 2.5294791225
733.8000000000 2.5402225640
733.9000000000 2.5354475695
734.0000000000 2.5353901439
734.1000000000 2.5332632721
734.2000000000 2.5330414871
734.3000000000 2.5277205149
734.4000000000 2.5370444318
734.5000000000 2.5314133832
734.6000000000 2.5383097319
734.7000000000 2.5349906193
734.8000000000 2.5334303245
734.9000000000 2.5378887876
735.0000000000 2.5331220970
735.1000000000 2.5350999362
735.2000000000 2.5279820506
735.3000000000 2.5346422757
735.4000000000 2.5297481302
735.5000000000 2.5331978830
735.6000000000 2.5368553930
735.7000000000 2.5347972408
735.8000000000 2.5341533945
735.9000000000 2.5373007138
736.0000000000 2.5450138563
736.1000000000 2.5421224892
736.2000000000 2.5475209097
736.3000000000 2.5546641758
736.4000000000 2.5546378018
736.5000000000 2.5447515490
736.6000000000 2.5461452095
736.7000000000 2.5458674594
736.8000000000 2.5479950826
736.9000000000 2.5505500564
737.0000000000 2.5400851744
737.1000000000 2.5441050068
737.2000000000 2.5509686223
737.3000000000 2.5511538279
737.4000000000 2.5466501315
737.5000000000 2.5502853432
737.6000000000 2.5457961343
737.7000000000 2.5483969547
737.8000000000 2.5505384878
737.9000000000 2.5559226908
738.0000000000 2.5500025371
738.1000000000 2.5524950493
738.2000000000 2.5494673889
738.3000000000 2.5493428503
738.4000000000 2.5541129123
738.5000000000 2.5425894302
738.6000000000 2.5495421055
738.7000000000 2.5377488820
738.8000000000 2.5433364736
738.9000000000 2.5418104472
739.0000000000 2.5397858987
739.1000000000 2.5380169359
739.2000000000 2.5330572210
739.3000000000 2.5356447442
739.4000000000 2.5326107954
739.5000000000 2.5364929294
739.6000000000 2.5359844368
739.7000000000 2.5332319532
739.8000000000 2.5353812559
739.9000000000 2.5427670464
740.0000000000 2.5453021840
740.1000000000 2.5413972388
740.2000000000 2.5458655839
740.3000000000 2.5265085690
740.4000000000 2.5349039614
740.5000000000 2.5315352010
740.6000000000 2.5245983464
740.7000000000 2.5321670080
740.8000000000 2.5267902019
740.9000000000 2.5347298474
741.0000000000 2.5296386285
741.1000000000 2.5239083197
741.2000000000 2.5226815778
741.3000000000 2.5143773981
741.4000000000 2.5180040215
741.5000000000 2.5179859770
741.6000000000 2.5077936545
741.7000000000 2.5081355058
741.8000000000 2.5032719020
741.9000000000 2.5102858516
742.0000000000 2.5099198426
742.1000000000 2.5103961001
742.2000000000 2.5065561669
742.3000000000 2.5138524044
742.4000000000 2.5058608060
742.5000000000 2.5074664666
742.6000000000 2.5038620418
742.7000000000 2.5120441916
742.8000000000 2.5062799593
742.9000000000 2.4951917582
743.0000000000 2.5018458183
743.1000000000 2.4973269365
743.2000000000 2.5020526932
743.3000000000 2.5027596907
743.4000000000 2.4935579138
743.5000000000 2.4971112150
743.6000000000 2.4904997879
743.7000000000 2.4961242934
743.8000000000 2.4887747854
743.9000000000 2.4904252127
744.0000000000 2.4948167594
744.1000000000 2.4996436297
744.2000000000 2.4986741275
744.3000000000 2.4852064951
744.4000000000 2.4874538914
744.5000000000 2.4849202387
744.6000000000 2.4869318225
744.7000000000 2.4850292404
744.8000000000 2.4890197020
744.9000000000 2.4918101309
745.0000000000 2.4857541894
745.1000000000 2.4824628427
745.2000000000 2.4873207083
745.3000000000 2.4886514544
745.4000000000 2.4802619880
745.5000000000 2.4856917299
745.6000000000 2.4956815707
745.7000000000 2.4933773124
745.8000000000 2.5051925783
745.9000000000 2.5083341900
746.0000000000 2.5004236030
746.1000000000 2.5052989804
746.2000000000 2.5036818421
746.3000000000 2.4984905503
746.4000000000 2.5019748952
746.5000000000 2.5076390880
746.6000000000 2.5088262694
746.7000000000 2.5055994060
746.8000000000 2.4998273838
746.9000000000 2.5005141609
747.0000000000 2.4935006766
747.1000000000 2.4925295095
747.2000000000 2.4949399450
747.3000000000 2.4931690203
747.4000000000 2.4839163812
747.5000000000 2.4899799881
747.6000000000 2.4869994989
747.7000000000 2.4909023483
747.8000000000 2.4908368094
747.9000000000 2.4902408854
748.0000000000 2.4866189933
748.1000000000 2.4811736114
748.2000000000 2.4790309432
748.3000000000 2.4871771009
748.4000000000 2.4886970174
748.5000000000 2.4839836456
748.6000000000 2.4831411370
748.7000000000 2.4763412072
748.8000000000 2.4757550442
748.9000000000 2.4790116850
749.0000000000 2.4785746101
749.1000000000 2.4814676455
749.2000000000 2.4664643842
749.3000000000 2.4755195699
749.4000000000 2.4747391510
749.5000000000 2.4757166156
749.6000000000 2.4727533562
749.7000000000 2.4624921387
749.8000000000 2.4672590897
749.9000000000 2.4729062619
750.0000000000 2.4688591197
750.1000000000 2.4695032823
750.2000000000 2.4744807749
750.3000000000 2.4819157353
750.4000000000 2.4653416563
750.5000000000 2.4747353138
750.6000000000 2.4733782934
750.7000000000 2.4777334944
750.8000000000 2.4772721163
750.9000000000 2.4778187268
751.0000000000 2.4729154215
751.1000000000 2.4744816991
751.2000000000 2.4706706594
751.3000000000 2.4692221798
751.4000000000 2.4646738181
751.5000000000 2.4643436775
751.6000000000 2.4600940919
751.7000000000 2.4581296874
751.8000000000 2.4572047183
751.9000000000 2.4592636440
752.0000000000 2.4611296076
752.1000000000 2.4581452874
752.2000000000 2.4604809293
752.3000000000 2.4649154656
752.4000000000 2.4708359263
752.5000000000 2.4758860065
752.6000000000 2.4671507202
752.7000000000 2.4591463061
752.8000000000 2.4571716240
752.9000000000 2.4576736154
753.0000000000 2.4459991420
753.1000000000 2.4489683318
753.2000000000 2.4498088417
753.3000000000 2.4511035947
753.4000000000 2.4584010800
753.5000000000 2.4517456873
753.6000000000 2.4403388252
753.7000000000 2.4453711728
753.8000000000 2.4491858111
753.9000000000 2.4542387869
754.0000000000 2.4541074478
754.1000000000 2.4556898499
754.2000000000 2.4568206672
754.3000000000 2.4616026645
754.4000000000 2.4599555497
754.5000000000 2.4438439565
754.6000000000 2.4480327148
754.7000000000 2.4423145658
754.8000000000 2.4394975430
754.9000000000 2.4418723249
755.0000000000 2.4497798617
755.1000000000 2.4485637308
755.2000000000 2.4528309979
755.3000000000 2.4575127351
755.4000000000 2.4586121683
755.5000000000 2.4619696342
755.6000000000 2.4577067890
755.7000000000 2.4630548318
755.8000000000 2.4544193954
755.9000000000 2.4544824716
756.0000000000 2.4579500616
756.1000000000 2.4627065036
756.2000000000 2.4734420259
756.3000000000 2.4706325665
756.4000000000 2.4740285024
756.5000000000 2.4748674792
756.6000000000 2.4753921981
756.7000000000 2.4790582061
756.8000000000 2.4749371792
756.9000000000 2.4730106963
757.0000000000 2.4717392361
757.1000000000 2.4724051252
757.2000000000 2.4781208830
757.3000000000 2.4749488686
757.4000000000 2.4750401041
757.5000000000 2.4741195134
757.6000000000 2.4715097267
757.7000000000 2.4754548462
757.8000000000 2.4665290782
757.9000000000 2.4755349939
758.0000000000 2.4750461298
758.1000000000 2.4725130010
758.2000000000 2.4643384900
758.3000000000 2.4655668360
758.4000000000 2.4708211451
758.5000000000 2.4765563204
758.6000000000 2.4624262025
758.7000000000 2.4612198101
758.8000000000 2.4681456777
758.9000000000 2.4649171824
759.0000000000 2.4670010668
759.1000000000 2.4712143709
759.2000000000 2.4764779866
759.3000000000 2.4777109094
759.4000000000 2.4797075497
759.5000000000 2.4707818535
759.6000000000 2.4715945823
759.7000000000 2.4652285279
759.8000000000 2.4675107478
759.9000000000 2.4698400715
760.0000000000 2.4714770226
760.1000000000 2.4733711997
760.2000000000 2.4735369101
760.3000000000 2.4713508725
760.4000000000 2.4618879992
760.5000000000 2.4663256344
760.6000000000 2.4661933903
760.7000000000 2.4562988137
760.8000000000 2.4649259681
760.9000000000 2.4513376800
761.0000000000 2.4554376294
761.1000000000 2.4534989469
761.2000000000 2.4608917331
761.3000000000 2.4604632114
761.4000000000 2.4601656226
761.5000000000 2.4679354675
761.6000000000 2.4653990378
761.7000000000 2.4723502881
761.8000000000 2.4738230180
761.9000000000 2.4595457618
762.0000000000 2.4578854469
762.1000000000 2.4655727811
762.2000000000 2.4636833186
762.3000000000 2.4579601010
762.4000000000 2.4579678792
762.5000000000 2.4525864704
762.6000000000 2.4460744922
762.7000000000 2.4513941917
762.8000000000 2.4539321415
762.9000000000 2.4526723518
763.0000000000 2.4506333554
763.1000000000 2.4503319382
763.2000000000 2.4520511944
763.3000000000 2.4584309282
763.4000000000 2.4655667063
763.5000000000 2.4747098328
763.6000000000 2.4723818569
763.7000000000 2.4625163751
763.8000000000 2.4687974856
763.9000000000 2.4595309086
764.0000000000 2.4614150992
764.1000000000 2.4603905756
764.2000000000 2.4634235382
764.3000000000 2.4631502242
764.4000000000 2.4622920465
764.5000000000 2.4659569865
764.6000000000 2.4585171653
764.7000000000 2.4652370933
764.8000000000 2.4689892233
764.9000000000 2.4646246284
765.0000000000 2.4599668171
765.1000000000 2.4590163029
765.2000000000 2.4628917204
765.3000000000 2.4675111038
765.4000000000 2.4678589486
765.5000000000 2.4713646330
765.6000000000 2.4815380024
765.7000000000 2.4803506675
765.8000000000 2.4804230341
765.9000000000 2.4798854283
766.0000000000 2.4888420024
766.1000000000 2.4908523593
766.2000000000 2.4893639906
766.3000000000 2.4923748240
766.4000000000 2.4917402668
766.5000000000 2.4953961177
766.6000000000 2.4979712356
766.7000000000 2.4985136489
766.8000000000 2.4934228700
766.9000000000 2.4871195883
767.0000000000 2.4881161599
767.1000000000 2.4892356815
767.2000000000 2.4886459733
767.3000000000 2.4815063307
767.4000000000 2.4729059349
767.5000000000 2.4702441875
767.6000000000 2.4699886797
767.7000000000 2.4686338957
767.8000000000 2.4723719209
767.9000000000 2.4703825854
768.0000000000 2.4696754602
768.1000000000 2.4692333803
768.2000000000 2.4711144555
768.3000000000 2.4645319925
768.4000000000 2.4630536223
768.5000000000 2.4656426380
768.6000000000 2.4528791713
768.7000000000 2.4632439593
768.8000000000 2.4595325018
768.9000000000 2.4569939659
769.0000000000 2.4549385568
769.1000000000 2.4508327465
769.2000000000 2.4571916079
769.3000000000 2.4551905478
769.4000000000 2.4574594152
769.5000000000 2.4615171171
769.6000000000 2.4565585291
769.7000000000 2.4605701910
769.8000000000 2.4620596050
769.9000000000 2.4547115319
770.0000000000 2.4589900901
770.1000000000 2.4610460026
770.2000000000 2.4652017499
770.3000000000 2.4660252814
770.4000000000 2.4645940987
770.5000000000 2.4667611349
770.6000000000 2.4691983986
770.7000000000 2.4627847998
770.8000000000 2.4608064968
770.9000000000 2.4687102784
771.0000000000 2.4651343714
771.1000000000 2.4706061158
771.2000000000 2.4545732361
771.3000000000 2.4626349955
771.4000000000 2.4608757603
771.5000000000 2.4668907945
771.6000000000 2.4635342637
771.7000000000 2.4593903761
771.8000000000 2.4654383815
771.9000000000 2.4545359339
772.0000000000 2.4456014675
772.1000000000 2.4461330300
772.2000000000 2.4497321464
772.3000000000 2.4559320277
772.4000000000 2.4568235659
772.5000000000 2.4592734009
772.6000000000 2.4620724357
772.7000000000 2.4579120792
772.8000000000 2.4553889129
772.9000000000 2.4552688390
773.0000000000 2.4516831529
773.1000000000 2.4492800822
773.2000000000 2.4531179498
773.3000000000 2.4530635157
773.4000000000 2.4545905110
773.5000000000 2.4555773141
773.6000000000 2.4530698897
773.7000000000 2.4456485874
773.8000000000 2.4484040828
773.9000000000 2.4502231309
774.0000000000 2.4543768853
774.1000000000 2.4628491551
774.2000000000 2.4594613208
774.3000000000 2.4574038427
774.4000000000 2.4544354087
774.5000000000 2.4520232244
774.6000000000 2.4536511497
774.7000000000 2.4557580136
774.8000000000 2.4523391000
774.9000000000 2.4549000908
775.0000000000 2.4604502706
775.1000000000 2.4615138747
775.2000000000 2.4645848274
775.3000000000 2.4519940335
775.4000000000 2.4567367001
775.5000000000 2.4594089324
775.6000000000 2.4634159695
775.7000000000 2.4641729538
775.8000000000 2.4629360077
775.9000000000 2.4612557532
776.0000000000 2.4655275191
776.1000000000 2.4672843813
776.2000000000 2.4681465358
776.3000000000 2.4666289762
776.4000000000 2.4747624483
776.5000000000 2.4738292052
776.6000000000 2.4779148955
776.7000000000 2.4782203944
776.8000000000 2.4798781801
776.9000000000 2.4730603198
777.0000000000 2.4711400331
777.1000000000 2.4679860815
777.2000000000 2.4737998166
777.3000000000 2.4695062168
777.4000000000 2.4718340075
777.5000000000 2.4723644546
777.6000000000 2.4696762442
777.7000000000 2.4695315744
777.8000000000 2.4744438396
777.9000000000 2.4826266662
778.0000000000 2.4771837159
778.1000000000 2.4788591804
778.2000000000 2.4859400038
778.3000000000 2.4699878792
778.4000000000 2.4696302487
778.5000000000 2.4713432325
778.6000000000 2.4696929593
778.7000000000 2.4695750675
778.8000000000 2.4766583963
778.9000000000 2.4720894772
779.0000000000 2.4692687125
779.1000000000 2.4666955031
779.2000000000 2.4699467328
779.3000000000 2.4678355149
779.4000000000 2.4691802068
779.5000000000 2.4695490342
779.6000000000 2.4656604739
779.7000000000 2.4619053549
779.8000000000 2.4622626715
779.9000000000 2.4619089948
780.0000000000 2.4661751311
780.1000000000 2.4685016320
780.2000000000 2.4696866633
780.3000000000 2.4718982391
780.4000000000 2.4643805487
780.5000000000 2.4664171399
780.6000000000 2.4689305783
780.7000000000 2.4728834466
780.8000000000 2.4771539475
780.9000000000 2.4712467449
781.0000000000 2.4631246517
781.1000000000 2.4650887619
781.2000000000 2.4562173232
781.3000000000 2.4491776461
781.4000000000 2.4524873951
781.5000000000 2.4377463802
781.6000000000 2.4446884415
781.7000000000 2.4451951028
781.8000000000 2.4502022378
781.9000000000 2.4554976239
782.0000000000 2.4481373712
782.1000000000 2.4467711258
782.2000000000 2.4492437473
782.3000000000 2.4529045788
782.4000000000 2.4503769904
782.5000000000 2.4487797578
782.6000000000 2.4528359022
782.7000000000 2.4600464535
782.8000000000 2.4574166065
782.9000000000 2.4614555357
783.0000000000 2.4637421870
783.1000000000 2.4625372760
783.2000000000 2.4633195039
783.3000000000 2.4641347584
783.4000000000 2.4630209851
783.5000000000 2.4644353575
783.6000000000 2.4649267543
783.7000000000 2.4660494726
783.8000000000 2.4604188786
783.9000000000 2.4700843426
784.0000000000 2.4681632187
784.1000000000 2.4688452815
784.2000000000 2.4715528310
784.3000000000 2.4714541637
784.4000000000 2.4580232950
784.5000000000 2.4607690660
784.6000000000 2.4628167791
784.7000000000 2.4666423520
784.8000000000 2.4677269510
784.9000000000 2.4625863292
785.0000000000 2.4558052255
785.1000000000 2.4557297830
785.2000000000 2.4531577910
785.3000000000 2.4568991571
785.4000000000 2.4539665457
785.5000000000 2.4579399739
785.6000000000 2.4583603400
785.7000000000 2.4580556054
785.8000000000 2.4632085029
785.9000000000 2.4578116917
786.0000000000 2.4551016528
786.1000000000 2.4562988492
786.2000000000 2.4541784913
786.3000000000 2.4601834427
786.4000000000 2.4610081123
786.5000000000 2.4586502258
786.6000000000 2.4645280775
786.7000000000 2.4629244103
786.8000000000 2.4696675378
786.9000000000 2.4688620555
787.0000000000 2.4671659783
787.1000000000 2.4575800390
787.2000000000 2.4643198994
787.3000000000 2.4688724087
787.4000000000 2.4686583010
787.5000000000 2.4726811009
787.6000000000 2.4727699810
787.7000000000 2.4711882474
787.8000000000 2.4674149024
787.9000000000 2.4754912949
788.0000000000 2.4726546584
788.1000000000 2.4603343209
788.2000000000 2.4562666042
788.3000000000 2.4659749109
788.4000000000 2.4588875927
788.5000000000 2.4627431647
788.6000000000 2.4636541749
788.7000000000 2.4631435905
788.8000000000 2.4607091187
788.9000000000 2.4619520735
789.0000000000 2.4625479405
789.1000000000 2.4568397145
789.2000000000 2.4561315064
789.3000000000 2.4556380626
789.4000000000 2.4606324307
789.5000000000 2.4531399957
789.6000000000 2.4496623394
789.7000000000 2.4426926505
789.8000000000 2.4362830117
789.9000000000 2.4397425518
790.0000000000 2.4404113426
790.1000000000 2.4411240445
790.2000000000 2.4321990539
790.3000000000 2.4335494164
790.4000000000 2.4328737846
790.5000000000 2.4350859043
790.6000000000 2.4351544204
790.7000000000 2.4443016236
790.8000000000 2.4441730437
790.9000000000 2.4434802518
791.0000000000 2.4500393212
791.1000000000 2.4508385833
791.2000000000 2.4453219804
791.3000000000 2.4426724894
791.4000000000 2.4511392639
791.5000000000 2.4509144356
791.6000000000 2.4414733695
791.7000000000 2.4395947950
791.8000000000 2.4425609299
791.9000000000 2.4434344946
792.0000000000 2.4497416110
792.1000000000 2.4521095131
792.2000000000 2.4537896361
792.3000000000 2.4597575164
792.4000000000 2.4535644577
792.5000000000 2.4533443588
792.6000000000 2.4552447616
792.7000000000 2.4613000044
792.8000000000 2.4511164136
792.9000000000 2.4523793539
793.0000000000 2.4537624468
793.1000000000 2.4523025219
793.2000000000 2.4539867589
793.3000000000 2.4566764445
793.4000000000 2.4513232536
793.5000000000 2.4563240157
793.6000000000 2.4577758762
793.7000000000 2.4529227183
793.8000000000 2.4562384322
793.9000000000 2.4602367761
794.0000000000 2.4604437734
794.1000000000 2.4550482885
794.2000000000 2.4570322729
794.3000000000 2.4596654730
794.4000000000 2.4612045766
794.5000000000 2.4683223210
794.6000000000 2.4593795577
794.7000000000 2.4600905594
794.8000000000 2.4596450445
794.9000000000 2.4645377517
795.0000000000 2.4627656600
795.1000000000 2.4550414467
795.2000000000 2.4575894918
795.3000000000 2.4615491505
795.4000000000 2.4682992801
795.5000000000 2.4677727808
795.6000000000 2.4694828563
795.7000000000 2.4663235072
795.8000000000 2.4732014981
795.9000000000 2.4758467489
796.0000000000 2.4703526587
796.1000000000 2.4738571108
796.2000000000 2.4796652497
796.3000000000 2.4661627079
796.4000000000 2.4718173503
796.5000000000 2.4703216188
796.6000000000 2.4705666512
796.7000000000 2.4699534548
796.8000000000 2.4641903004
796.9000000000 2.4680864510
797.0000000000 2.4689349851
797.1000000000 2.4715412027
797.2000000000 2.4764560758
797.3000000000 2.4781845144
797.4000000000 2.4760048276
797.5000000000 2.4777926907
797.6000000000 2.4786163994
797.7000000000 2.4680897228
797.8000000000 2.4703580272
797.9000000000 2.4770414926
798.0000000000 2.4777684587
798.1000000000 2.4841148383
798.2000000000 2.4884077133
798.3000000000 2.4936191675
798.4000000000 2.4931169226
798.5000000000 2.4949638172
798.6000000000 2.4969235538
798.7000000000 2.4977485259
798.8000000000 2.4990194603
798.9000000000 2.5008453291
799.0000000000 2.4887444396
799.1000000000 2.4922684337
799.2000000000 2.4796154064
799.3000000000 2.4837948865
799.4000000000 2.4864771033
799.5000000000 2.4884396178
799.6000000000 2.4936259961
799.7000000000 2.4921284427
799.8000000000 2.4750743165
799.9000000000 2.4752003220
800.0000000000 2.4770813084
800.1000000000 2.4719284238
800.2000000000 2.4695929009
800.3000000000 2.4738932880
800.4000000000 2.4740232884
800.5000000000 2.4718209333
800.6000000000 2.4746906452
800.7000000000 2.4765680600
800.8000000000 2.4747654772
800.9000000000 2.4782349719
801.0000000000 2.4806958526
801.1000000000 2.4720749966
801.2000000000 2.4729464046
801.3000000000 2.4659666253
801.4000000000 2.4690701666
801.5000000000 2.4648371984
801.6000000000 2.4629531588
801.7000000000 2.4623117899
801.8000000000 2.4617790414
801.9000000000 2.4657499854
802.0000000000 2.4694930785
802.1000000000 2.4751629327
802.2000000000 2.4754483154
802.3000000000 2.4762166546
802.4000000000 2.4734785077
802.5000000000 2.4742378590
802.6000000000 2.4584866143
802.7000000000 2.4543649108
802.8000000000 2.4611520320
802.9000000000 2.4575132495
803.0000000000 2.4565198006
803.1000000000 2.4534558447
803.2000000000 2.4524088597
803.3000000000 2.4466499921
803.4000000000 2.4520197735
803.5000000000 2.4581375887
803.6000000000 2.4581898193
803.7000000000 2.4511970212
803.8000000000 2.4602804133
803.9000000000 2.4572648714
804.0000000000 2.4575775328
804.1000000000 2.4557627361
804.2000000000 2.4625536901
804.3000000000 2.4661073528
804.4000000000 2.4677378082
804.5000000000 2.4613359191
804.6000000000 2.4588498486
804.7000000000 2.4604912866
804.8000000000 2.4586309813
804.9000000000 2.4637322325
805.0000000000 2.4556783077
805.1000000000 2.4607028977
805.2000000000 2.4570735421
805.3000000000 2.4642856312
805.4000000000 2.4654534581
805.5000000000 2.4591334848
805.6000000000 2.4503249590
805.7000000000 2.4572283035
805.8000000000 2.4580265189
805.9000000000 2.4591351791
806.0000000000 2.4588081898
806.1000000000 2.4640781294
806.2000000000 2.4650354321
806.3000000000 2.4654942645
806.4000000000 2.4546381347
806.5000000000 2.4592523077
806.6000000000 2.4651802678
806.7000000000 2.4689946553
806.8000000000 2.4621543042
806.9000000000 2.4669095205
807.0000000000 2.4655850276
807.1000000000 2.4630551680
807.2000000000 2.4584666620
807.3000000000 2.4584254097
807.4000000000 2.4617217481
807.5000000000 2.4680669041
807.6000000000 2.4590099309
807.7000000000 2.4530804672
807.8000000000 2.4592462598
807.9000000000 2.4465281931
808.0000000000 2.4433568989
808.1000000000 2.4505830281
808.2000000000 2.4450508613
808.3000000000 2.4428338095
808.4000000000 2.4414809135
808.5000000000 2.4485418733
808.6000000000 2.4523169336
808.7000000000 2.4563638657
808.8000000000 2.4467359375
808.9000000000 2.4514158160
809.0000000000 2.4527102146
809.1000000000 2.4423075022
809.2000000000 2.4465753088
809.3000000000 2.4482734467
809.4000000000 2.4504507493
809.5000000000 2.4586598808
809.6000000000 2.4572393882
809.7000000000 2.4629540241
809.8000000000 2.4641019520
809.9000000000 2.4636240446
810.0000000000 2.4639197588
810.1000000000 2.4667253082
810.2000000000 2.4687439652
810.3000000000 2.4726030493
810.4000000000 2.4716367261
810.5000000000 2.4741799386
810.6000000000 2.4779517768
810.7000000000 2.4750789638
810.8000000000 2.4578506844
810.9000000000 2.4611507425
811.0000000000 2.4587030859
811.1000000000 2.4686816993
811.2000000000 2.4712394487
811.3000000000 2.4739697159
811.4000000000 2.4719027123
811.5000000000 2.4739169349
811.6000000000 2.4707910601
811.7000000000 2.4701629092
811.8000000000 2.4688657333
811.9000000000 2.4638928294
812.0000000000 2.4696356919
812.1000000000 2.4672579684
812.2000000000 2.4703594094
812.3000000000 2.4709350381
812.4000000000 2.4696053305
812.5000000000 2.4659088446
812.6000000000 2.4681832266
812.7000000000 2.4714820524
812.8000000000 2.4715742267
812.9000000000 2.4741405062
813.0000000000 2.4683514512
813.1000000000 2.4694872227
813.2000000000 2.4696983520
813.3000000000 2.4708881649
813.4000000000 2.4673389480
813.5000000000 2.4709985483
813.6000000000 2.4731213801
813.7000000000 2.4627268817
813.8000000000 2.4649456575
813.9000000000 2.4686477136
814.0000000000 2.4645574632
814.1000000000 2.4626444202
814.2000000000 2.4398796490
814.3000000000 2.4360151608
814.4000000000 2.4364545035
814.5000000000 2.4355654735
814.6000000000 2.4276605168
814.7000000000 2.4334090216
814.8000000000 2.4232296898
814.9000000000 2.4329064168
815.0000000000 2.4223611678
815.1000000000 2.4216635889
815.2000000000 2.4235928066
815.3000000000 2.4247952837
815.4000000000 2.4167984665
815.5000000000 2.4134771754
815.6000000000 2.4108590124
815.7000000000 2.4051293943
815.8000000000 2.4102989156
815.9000000000 2.4107127065
816.0000000000 2.4125186171
816.1000000000 2.4141287908
816.2000000000 2.4097539030
816.3000000000 2.4067652708
816.4000000000 2.4074579111
816.5000000000 2.4057168907
816.6000000000 2.4039249808
816.7000000000 2.4077316628
816.8000000000 2.4074845908
816.9000000000 2.4149815235
817.0000000000 2.4220014548
817.1000000000 2.4239625102
817.2000000000 2.4292091016
817.3000000000 2.4278427067
817.4000000000 2.4256685170
817.5000000000 2.4258713755
817.6000000000 2.4308746709
817.7000000000 2.4309779134
817.8000000000 2.4338057773
817.9000000000 2.4401914833
818.0000000000 2.4427297880
818.1000000000 2.4432248709
818.2000000000 2.4531164844
818.3000000000 2.4466273287
818.4000000000 2.4453389182
818.5000000000 2.4487730470
818.6000000000 2.4474842239
818.7000000000 2.4564638390
818.8000000000 2.4573159893
818.9000000000 2.4592912090
819.0000000000 2.4592888572
819.1000000000 2.4581419909
819.2000000000 2.4612631111
819.3000000000 2.4701236876
819.4000000000 2.4697439246
819.5000000000 2.4713151103
819.6000000000 2.4715525863
819.7000000000 2.4709341298
819.8000000000 2.4673745435
819.9000000000 2.4723069485
820.0000000000 2.4737394382
820.1000000000 2.4673883679
820.2000000000 2.4759091988
820.3000000000 2.4792987183
820.4000000000 2.4831048160
820.5000000000 2.4827748388
820.6000000000 2.4886274162
820.7000000000 2.4918062072
820.8000000000 2.4923533175
820.9000000000 2.4901565347
821.0000000000 2.4898806894
821.1000000000 2.4909676708
821.2000000000 2.4757378633
821.3000000000 2.4708720019
821.4000000000 2.4787424943
821.5000000000 2.4806223566
821.6000000000 2.4880682566
821.7000000000 2.4826498592
821.8000000000 2.4832815587
821.9000000000 2.4878933609
822.0000000000 2.4866484453
822.1000000000 2.4847154236
822.2000000000 2.4889375617
822.3000000000 2.4853436741
822.4000000000 2.4781553869
822.5000000000 2.4806699654
822.6000000000 2.4724626491
822.7000000000 2.4764763030
822.8000000000 2.4847079365
822.9000000000 2.4797357340
823.0000000000 2.4762300874
823.1000000000 2.4869861788
823.2000000000 2.4897890517
823.3000000000 2.4861670892
823.4000000000 2.4826948938
823.5000000000 2.4837578791
823.6000000000 2.4792615646
823.7000000000 2.4835638310
823.8000000000 2.4804313652
823.9000000000 2.4805924353
824.0000000000 2.4784566518
824.1000000000 2.4886786899
824.2000000000 2.4866737090
824.3000000000 2.4903158182
824.4000000000 2.4889344427
824.5000000000 2.4888348461
824.6000000000 2.4857932288
824.7000000000 2.4837036495
824.8000000000 2.4764612754
824.9000000000 2.4855728197
825.0000000000 2.4905763794
825.1000000000 2.4892062878
825.2000000000 2.4892876838
825.3000000000 2.4971610329
825.4000000000 2.4863636127
825.5000000000 2.4801459516
825.6000000000 2.4780360726
825.7000000000 2.4777793392
825.8000000000 2.4756567968
825.9000000000 2.4742809880
826.0000000000 2.4748688897
826.1000000000 2.4689194854
826.2000000000 2.4650714894
826.3000000000 2.4712149350
826.4000000000 2.4690636252
826.5000000000 2.4779286045
826.6000000000 2.4811209079
826.7000000000 2.4831143415
826.8000000000 2.4879154528
826.9000000000 2.4839794924
827.0000000000 2.4879020026
827.1000000000 2.4852677735
827.2000000000 2.4911712600
827.3000000000 2.4891835364
827.4000000000 2.4955524253
827.5000000000 2.4865870000
827.6000000000 2.4865094711
827.7000000000 2.4897647495
827.8000000000 2.4899801517
827.9000000000 2.4926633266
828.0000000000 2.4881544718
828.1000000000 2.4902224670
828.2000000000 2.4966226082
828.3000000000 2.4966979016
828.4000000000 2.4865045208
828.5000000000 2.4910471093
828.6000000000 2.4981856428
828.7000000000 2.5008315554
828.8000000000 2.4901971415
828.9000000000 2.4900433872
829.0000000000 2.4988397710
829.1000000000 2.4832938490
829.2000000000 2.4767959741
829.3000000000 2.4604815158
829.4000000000 2.4678880900
829.5000000000 2.4613845380
829.6000000000 2.4648721091
829.7000000000 2.4622916074
829.8000000000 2.4611284043
829.9000000000 2.4551383995
830.0000000000 2.4530220477
830.1000000000 2.4519400690
830.2000000000 2.4586358161
830.3000000000 2.4572886094
830.4000000000 2.4465306866
830.5000000000 2.4496375630
830.6000000000 2.4437951543
830.7000000000 2.4404691605
830.8000000000 2.4461152844
830.9000000000 2.4481924641
831.0000000000 2.4493389812
831.1000000000 2.4501129267
831.2000000000 2.4480547706
831.3000000000 2.4442102775
831.4000000000 2.4514164762
831.5000000000 2.4497734112
831.6000000000 2.4482146080
831.7000000000 2.4507446752
831.8000000000 2.4453278736
831.9000000000 2.4500188013
832.0000000000 2.4480086308
832.1000000000 2.4490758868
832.2000000000 2.4461253705
832.3000000000 2.4504828255
832.4000000000 2.4596677262
832.5000000000 2.4608454161
832.6000000000 2.4672434557
832.7000000000 2.4649677155
832.8000000000 2.4682018853
832.9000000000 2.4671730611
833.0000000000 2.4678544474
833.1000000000 2.4660533090
833.2000000000 2.4645777876
833.3000000000 2.4654224836
833.4000000000 2.4744555724
833.5000000000 2.4715398085
833.6000000000 2.4740426879
833.7000000000 2.4770133616
833.8000000000 2.4781415329
833.9000000000 2.4730764913
834.0000000000 2.4781599440
834.1000000000 2.4763611438
834.2000000000 2.4801217406
834.3000000000 2.4843045698
834.4000000000 2.4893536291
834.5000000000 2.4880034920
834.6000000000 2.4839733699
834.7000000000 2.4902992744
834.8000000000 2.4823843737
834.9000000000 2.4874169281
835.0000000000 2.4864289315
835.1000000000 2.4849580430
835.2000000000 2.4841457494
835.3000000000 2.4828030945
835.4000000000 2.4894847104
835.5000000000 2.4848443013
835.6000000000 2.4736227805
835.7000000000 2.4781746972
835.8000000000 2.4761253566
835.9000000000 2.4791990067
836.0000000000 2.4718593804
836.1000000000 2.4684861283
836.2000000000 2.4638544400
836.3000000000 2.4653397354
836.4000000000 2.4704567052
836.5000000000 2.4696632236
836.6000000000 2.4709498850
836.7000000000 2.4683781189
836.8000000000 2.4602958452
836.9000000000 2.4611691545
837.0000000000 2.4654868988
837.1000000000 2.4607820005
837.2000000000 2.4704360534
837.3000000000 2.4473165093
837.4000000000 2.4484056498
837.5000000000 2.4462039338
837.6000000000 2.4520503760
837.7000000000 2.4515323713
837.8000000000 2.4532683139
837.9000000000 2.4619254780
838.0000000000 2.4632115240
838.1000000000 2.4663066905
838.2000000000 2.4643668019
838.3000000000 2.4692386538
838.4000000000 2.4732728634
838.5000000000 2.4625073539
838.6000000000 2.4630961143
838.7000000000 2.4649018535
838.8000000000 2.4642941531
838.9000000000 2.4666144117
839.0000000000 2.4577471147
839.1000000000 2.4593753178
839.2000000000 2.4576332651
839.3000000000 2.4600071396
839.4000000000 2.4583419142
839.5000000000 2.4552220366
839.6000000000 2.4524946973
839.7000000000 2.4568323382
839.8000000000 2.4422426000
839.9000000000 2.4551337383
840.0000000000 2.4502095640
840.1000000000 2.4472872486
840.2000000000 2.4506862162
840.3000000000 2.4432927578
840.4000000000 2.4408701183
840.5000000000 2.4430966792
840.6000000000 2.4414153789
840.7000000000 2.4415021718
840.8000000000 2.4456482696
840.9000000000 2.4486503898
841.0000000000 2.4391253473
841.1000000000 2.4439362335
841.2000000000 2.4491255618
841.3000000000 2.4486256855
841.4000000000 2.4492640701
841.5000000000 2.4504028130
841.6000000000 2.4528329972
841.7000000000 2.4523315882
841.8000000000 2.4597469403
841.9000000000 2.4621217561
842.0000000000 2.4647197071
842.1000000000 2.4536636099
842.2000000000 2.4534450652
842.3000000000 2.4566927532
842.4000000000 2.4593028036
842.5000000000 2.4656702716
842.6000000000 2.4639881734
842.7000000000 2.4576344964
842.8000000000 2.4596281129
842.9000000000 2.4633528530
843.0000000000 2.4618176329
843.1000000000 2.4648536812
843.2000000000 2.4700940954
843.3000000000 2.4700998425
843.4000000000 2.4641795842
843.5000000000 2.4624742402
843.6000000000 2.4616379083
843.7000000000 2.4619155235
843.8000000000 2.4637967126
843.9000000000 2.4578361800
844.0000000000 2.4502930313
844.1000000000 2.4488135279
844.2000000000 2.4497557299
844.3000000000 2.4446258568
844.4000000000 2.4466582962
844.5000000000 2.4439536975
844.6000000000 2.4449147427
844.7000000000 2.4342428897
844.8000000000 2.4418316151
844.9000000000 2.4366744082
845.0000000000 2.4339931668
845.1000000000 2.4343740303
845.2000000000 2.4376454031
845.3000000000 2.4347124541
845.4000000000 2.4370542227
845.5000000000 2.4407022928
845.6000000000 2.4445542869
845.7000000000 2.4454882947
845.8000000000 2.4457448719
845.9000000000 2.4545885309
846.0000000000 2.4649918303
846.1000000000 2.4614523529
846.2000000000 2.4619432791
846.3000000000 2.4629226517
846.4000000000 2.4526822586
846.5000000000 2.4493951879
846.6000000000 2.4511670524
846.7000000000 2.4542271076
846.8000000000 2.4537080284
846.9000000000 2.4489076790
847.0000000000 2.4539271365
847.1000000000 2.4574246119
847.2000000000 2.4606673029
847.3000000000 2.4578345360
847.4000000000 2.4572203542
847.5000000000 2.4596412640
847.6000000000 2.4633502673
847.7000000000 2.4620283049
847.8000000000 2.4614697530
847.9000000000 2.4589403103
848.0000000000 2.4567029958
848.1000000000 2.4591732101
848.2000000000 2.4498568074
848.3000000000 2.4579207183
848.4000000000 2.4469709034
848.5000000000 2.4513286707
848.6000000000 2.4571125096
848.7000000000 2.4624426849
848.8000000000 2.4631207798
848.9000000000 2.4601375626
849.0000000000 2.4559785427
849.1000000000 2.4548293961
849.2000000000 2.4557600817
849.3000000000 2.4572701876
849.4000000000 2.4587261620
849.5000000000 2.4518116608
849.6000000000 2.4546871579
849.7000000000 2.4558233807
849.8000000000 2.4598915787
849.9000000000 2.4561635688
850.0000000000 2.4632701750
850.1000000000 2.4590802303
850.2000000000 2.4414629191
850.3000000000 2.4369284914
850.4000000000 2.4300237007
850.5000000000 2.4338199260
850.6000000000 2.4321301060
850.7000000000 2.4208802017
850.8000000000 2.4248603961
850.9000000000 2.4203810785
851.0000000000 2.4198242238
851.1000000000 2.4143814135
851.2000000000 2.4173595605
851.3000000000 2.4253336705
851.4000000000 2.4191422301
851.5000000000 2.4136264583
851.6000000000 2.4181582402
851.7000000000 2.4154416123
851.8000000000 2.4120496193
851.9000000000 2.4163291215
852.0000000000 2.4184755576
852.1000000000 2.4245243898
852.2000000000 2.4259174604
852.3000000000 2.4188873537
852.4000000000 2.4169103504
852.5000000000 2.4198756297
852.6000000000 2.4223743369
852.7000000000 2.4224756515
852.8000000000 2.4253137504
852.9000000000 2.4258468746
853.0000000000 2.4255092794
853.1000000000 2.4315726158
853.2000000000 2.4322214743
853.3000000000 2.4264294597
853.4000000000 2.4240976206
853.5000000000 2.4211420242
853.6000000000 2.4184382711
853.7000000000 2.4241608680
853.8000000000 2.4279015736
853.9000000000 2.4251982089
854.0000000000 2.4315200734
854.1000000000 2.4288581349
854.2000000000 2.4288636883
854.3000000000 2.4314543710
854.4000000000 2.4268117768
854.5000000000 2.4375682003
854.6000000000 2.4308992496
854.7000000000 2.4421469306
854.8000000000 2.4404001086
854.9000000000 2.4480827020
855.0000000000 2.4503684466
855.1000000000 2.4474439156
855.2000000000 2.4502319866
855.3000000000 2.4457290435
855.4000000000 2.4516471993
855.5000000000 2.4517526062
855.6000000000 2.4470547896
855.7000000000 2.4417913692
855.8000000000 2.4409899712
855.9000000000 2.4441543603
856.0000000000 2.4486253766
856.1000000000 2.4467935930
856.2000000000 2.4479151770
856.3000000000 2.4483908128
856.4000000000 2.4553614547
856.5000000000 2.4540427736
856.6000000000 2.4444651540
856.7000000000 2.4486003496
856.8000000000 2.4488423265
856.9000000000 2.4466938464
857.0000000000 2.4518042865
857.1000000000 2.4486286863
857.2000000000 2.4591736469
857.3000000000 2.4585902856
857.4000000000 2.4552770953
857.5000000000 2.4538002816
857.6000000000 2.4513558607
857.7000000000 2.4494977707
857.8000000000 2.4434645311
857.9000000000 2.4507379531
858.0000000000 2.4540394597
858.1000000000 2.4506987124
858.2000000000 2.4512952746
858.3000000000 2.4447659024
858.4000000000 2.4516574463
858.5000000000 2.4561849925
858.6000000000 2.4373998122
858.7000000000 2.4360914770
858.8000000000 2.4314272818
858.9000000000 2.4304110596
859.0000000000 2.4381947342
859.1000000000 2.4328794290
859.2000000000 2.4360568065
859.3000000000 2.4233248832
859.4000000000 2.4289411070
859.5000000000 2.4258611203
859.6000000000 2.4271929343
859.7000000000 2.4270217253
859.8000000000 2.4314973047
859.9000000000 2.4293885877
860.0000000000 2.4285569774
860.1000000000 2.4217128376
860.2000000000 2.4246881065
860.3000000000 2.4321644617
860.4000000000 2.4269892184
860.5000000000 2.4209732839
860.6000000000 2.4242083943
860.7000000000 2.4240015476
860.8000000000 2.4236869775
860.9000000000 2.4213959553
861.0000000000 2.4239345225
861.1000000000 2.4324526897
861.2000000000 2.4356954101
861.3000000000 2.4289627420
861.4000000000 2.4338590367
861.5000000000 2.4340809674
861.6000000000 2.4341906791
861.7000000000 2.4283811012
861.8000000000 2.4313154978
861.9000000000 2.4302494449
862.0000000000 2.4364723720
862.1000000000 2.4360511991
862.2000000000 2.4368581963
862.3000000000 2.4415850013
862.4000000000 2.4454277650
862.5000000000 2.4366933632
862.6000000000 2.4424395720
862.7000000000 2.4471218957
862.8000000000 2.4467443852
862.9000000000 2.4438833739
863.0000000000 2.4502993869
863.1000000000 2.4516162452
863.2000000000 2.4499947835
863.3000000000 2.4527522225
863.4000000000 2.4581991839
863.5000000000 2.4538498035
863.6000000000 2.4543161354
863.7000000000 2.4573863726
863.8000000000 2.4574512871
863.9000000000 2.4574595000
864.0000000000 2.4564949479
864.1000000000 2.4511494907
864.2000000000 2.4558846879
864.3000000000 2.4563427760
864.4000000000 2.4584932425
864.5000000000 2.4639378159
864.6000000000 2.4635899432
864.7000000000 2.4648161694
864.8000000000 2.4600624000
864.9000000000 2.4615784707
865.0000000000 2.4557732936
865.1000000000 2.4648127040
865.2000000000 2.4700297211
865.3000000000 2.4766818822
865.4000000000 2.4691053477
865.5000000000 2.4723700211
865.6000000000 2.4699888416
865.7000000000 2.4682028286
865.8000000000 2.4684815779
865.9000000000 2.4728608721
866.0000000000 2.4683765875
866.1000000000 2.4673433203
866.2000000000 2.4655433534
866.3000000000 2.4607652534
866.4000000000 2.4609168592
866.5000000000 2.4580101843
866.6000000000 2.4565068223
866.7000000000 2.4562231399
866.8000000000 2.4552583423
866.9000000000 2.4610755852
867.0000000000 2.4611891867
867.1000000000 2.4697326082
867.2000000000 2.4541901721
867.3000000000 2.4512412397
867.4000000000 2.4490849518
867.5000000000 2.4433061299
867.6000000000 2.4462736282
867.7000000000 2.4433337753
867.8000000000 2.4450237001
867.9000000000 2.4424132968
868.0000000000 2.4443926499
868.1000000000 2.4493210308
868.2000000000 2.4556796139
868.3000000000 2.4565635222
868.4000000000 2.4586966487
868.5000000000 2.4566757932
868.6000000000 2.4528727079
868.7000000000 2.4533842126
868.8000000000 2.4551047137
868.9000000000 2.4497375030
869.0000000000 2.4478834349
869.1000000000 2.4486664170
869.2000000000 2.4528723717
869.3000000000 2.4517079137
869.4000000000 2.4510956749
869.5000000000 2.4535955036
869.6000000000 2.4541544579
869.7000000000 2.4548402358
869.8000000000 2.4560661544
869.9000000000 2.4546703462
870.0000000000 2.4525897129
870.1000000000 2.4459458355
870.2000000000 2.4471054557
870.3000000000 2.4523592552
870.4000000000 2.4564695178
870.5000000000 2.4558526558
870.6000000000 2.4551136475
870.7000000000 2.4578423583
870.8000000000 2.4541437352
870.9000000000 2.4475878309
871.0000000000 2.4522528439
871.1000000000 2.4488431086
871.2000000000 2.4423614497
871.3000000000 2.4439041022
871.4000000000 2.4452660205
871.5000000000 2.4459796645
871.6000000000 2.4474378026
871.7000000000 2.4513618202
871.8000000000 2.4476521967
871.9000000000 2.4469328738
872.0000000000 2.4348766624
872.1000000000 2.4399874468
872.2000000000 2.4410763348
872.3000000000 2.4425474482
872.4000000000 2.4460620721
872.5000000000 2.4478790184
872.6000000000 2.4366063405
872.7000000000 2.4326034266
872.8000000000 2.4369908423
872.9000000000 2.4399059774
873.0000000000 2.4333241186
873.1000000000 2.4412254134
873.2000000000 2.4357780407
873.3000000000 2.4320824832
873.4000000000 2.4398850995
873.5000000000 2.4349740397
873.6000000000 2.4350097167
873.7000000000 2.4421094813
873.8000000000 2.4389562384
873.9000000000 2.4397803093
874.0000000000 2.4412284222
874.1000000000 2.4367216918
874.2000000000 2.4203331488
874.3000000000 2.4199505527
874.4000000000 2.4200742047
874.5000000000 2.4163595700
874.6000000000 2.4234391726
874.7000000000 2.4224288211
874.8000000000 2.4311432395
874.9000000000 2.4273633000
875.0000000000 2.4328700798
875.1000000000 2.4372738696
875.2000000000 2.4371387321
875.3000000000 2.4378531285
875.4000000000 2.4389442851
875.5000000000 2.4368729654
875.6000000000 2.4396370399
875.7000000000 2.4466867410
875.8000000000 2.4500931306
875.9000000000 2.4563352067
876.0000000000 2.4567103877
876.1000000000 2.4509966171
876.2000000000 2.4478670044
876.3000000000 2.4502928661
876.4000000000 2.4475541422
876.5000000000 2.4484642261
876.6000000000 2.4548538631
876.7000000000 2.4501359502
876.8000000000 2.4486743470
876.9000000000 2.4515470397
877.0000000000 2.4476935577
877.1000000000 2.4496046255
877.2000000000 2.4483726496
877.3000000000 2.4508988546
877.4000000000 2.4574743246
877.5000000000 2.4541162959
877.6000000000 2.4539948350
877.7000000000 2.4571041744
877.8000000000 2.4572598285
877.9000000000 2.4611905371
878.0000000000 2.4611785534
878.1000000000 2.4599059702
878.2000000000 2.4595189209
878.3000000000 2.4597096585
878.4000000000 2.4571850815
878.5000000000 2.4664885295
878.6000000000 2.4517289523
878.7000000000 2.4577393554
878.8000000000 2.4567656781
878.9000000000 2.4561641719
879.0000000000 2.4531853878
879.1000000000 2.4527133436
879.2000000000 2.4473738246
879.3000000000 2.4419962204
879.4000000000 2.4495690307
879.5000000000 2.4533387952
879.6000000000 2.4522490489
879.7000000000 2.4446701463
879.8000000000 2.4386186806
879.9000000000 2.4431194064
880.0000000000 2.4403129179
880.1000000000 2.4416886371
880.2000000000 2.4467959546
880.3000000000 2.4519139036
880.4000000000 2.4497286482
880.5000000000 2.4478332157
880.6000000000 2.4474293782
880.7000000000 2.4493513368
880.8000000000 2.4425574891
880.9000000000 2.4360200452
881.0000000000 2.4312455436
881.1000000000 2.4324130106
881.2000000000 2.4365714331
881.3000000000 2.4359021631
881.4000000000 2.4368273728
881.5000000000 2.4449356582
881.6000000000 2.4405510939
881.7000000000 2.4349024472
881.8000000000 2.4389874363
881.9000000000 2.4467149654
882.0000000000 2.4449704845
882.1000000000 2.4467206232
882.2000000000 2.4458595584
882.3000000000 2.4483795248
882.4000000000 2.4471234889
882.5000000000 2.4407891621
882.6000000000 2.4496453630
882.7000000000 2.4571597383
882.8000000000 2.4598096809
882.9000000000 2.4469430170
883.0000000000 2.4462838894
883.1000000000 2.4475995719
883.2000000000 2.4454466098
883.3000000000 2.4460007509
883.4000000000 2.4473540516
883.5000000000 2.4431743335
883.6000000000 2.4491168473
883.7000000000 2.4458915901
883.8000000000 2.4430655755
883.9000000000 2.4367636777
884.0000000000 2.4423962617
884.1000000000 2.4441242422
884.2000000000 2.4450087192
884.3000000000 2.4486796597
884.4000000000 2.4466848000
884.5000000000 2.4498074485
884.6000000000 2.4448048600
884.7000000000 2.4512797014
884.8000000000 2.4481852486
884.9000000000 2.4472975244
885.0000000000 2.4409629302
885.1000000000 2.4467902609
885.2000000000 2.4455804881
885.3000000000 2.4464260564
885.4000000000 2.4483366779
885.5000000000 2.4455305570
885.6000000000 2.4463505772
885.7000000000 2.4519919113
885.8000000000 2.4451797161
885.9000000000 2.4428496860
886.0000000000 2.4519184588
886.1000000000 2.4540989013
886.2000000000 2.4460707575
886.3000000000 2.4524914835
886.4000000000 2.4600699158
886.5000000000 2.4584948571
886.6000000000 2.4585998409
886.7000000000 2.4575523758
886.8000000000 2.4561571056
886.9000000000 2.4572729684
887.0000000000 2.4504941198
887.1000000000 2.4527444455
887.2000000000 2.4602041737
887.3000000000 2.4614010739
887.4000000000 2.4598720944
887.5000000000 2.4622850835
887.6000000000 2.4622735194
887.7000000000 2.4721650414
887.8000000000 2.4746695829
887.9000000000 2.4775695740
888.0000000000 2.4761946521
888.1000000000 2.4824690512
888.2000000000 2.4866476879
888.3000000000 2.4885864200
888.4000000000 2.4831160180
888.5000000000 2.4812125392
888.6000000000 2.4755710500
888.7000000000 2.4665886479
888.8000000000 2.4677604391
888.9000000000 2.4555839933
889.0000000000 2.4554913522
889.1000000000 2.4546051306
889.2000000000 2.4597111303
889.3000000000 2.4621197096
889.4000000000 2.4602055934
889.5000000000 2.4641430035
889.6000000000 2.4520538937
889.7000000000 2.4482381936
889.8000000000 2.4464209143
889.9000000000 2.4547041086
890.0000000000 2.4534916943
890.1000000000 2.4566538137
890.2000000000 2.4459408688
890.3000000000 2.4418633632
890.4000000000 2.4428233071
890.5000000000 2.4504476366
890.6000000000 2.4455025549
890.7000000000 2.4419607644
890.8000000000 2.4448263845
890.9000000000 2.4444742130
891.0000000000 2.4489168303
891.1000000000 2.4453930516
891.2000000000 2.4443280311
891.3000000000 2.4421976627
891.4000000000 2.4460535368
891.5000000000 2.4527078408
891.6000000000 2.4549492635
891.7000000000 2.4577349433
891.8000000000 2.4569809776
891.9000000000 2.4565825640
892.0000000000 2.4563589739
892.1000000000 2.4566759899
892.2000000000 2.4540143376
892.3000000000 2.4596374700
892.4000000000 2.4506054525
892.5000000000 2.4547108142
892.6000000000 2.4600713776
892.7000000000 2.4555229137
892.8000000000 2.4543564115
892.9000000000 2.4507631380
893.0000000000 2.4518645146
893.1000000000 2.4508379663
893.2000000000 2.4562669406
893.3000000000 2.4611607721
893.4000000000 2.4645786760
893.5000000000 2.4648436767
893.6000000000 2.4692612294
893.7000000000 2.4621943692
893.8000000000 2.4515766759
893.9000000000 2.4561731604
894.0000000000 2.4507741087
894.1000000000 2.4540626566
894.2000000000 2.4563447200
894.3000000000 2.4537756546
894.4000000000 2.4489691991
894.5000000000 2.4380952962
894.6000000000 2.4404151295
894.7000000000 2.4360758369
894.8000000000 2.4407237101
894.9000000000 2.4437163190
895.0000000000 2.4457136456
895.1000000000 2.4474831688
895.2000000000 2.4483084455
895.3000000000 2.4518848283
895.4000000000 2.4518853437
895.5000000000 2.4558722656
895.6000000000 2.4556139175
895.7000000000 2.4583847237
895.8000000000 2.4536311572
895.9000000000 2.4497024779
896.0000000000 2.4467530001
896.1000000000 2.4481824626
896.2000000000 2.4505997214
896.3000000000 2.4586917204
896.4000000000 2.4624419873
896.5000000000 2.4599084063
896.6000000000 2.4525829067
896.7000000000 2.4510755150
896.8000000000 2.4536722468
896.9000000000 2.4523209324
897.0000000000 2.4617466773
897.1000000000 2.4570167237
897.2000000000 2.4608377272
897.3000000000 2.4603714729
897.4000000000 2.4569327340
897.5000000000 2.4564575606
897.6000000000 2.4413022976
897.7000000000 2.4354471031
897.8000000000 2.4434982676
897.9000000000 2.4449202536
898.0000000000 2.4488183502
898.1000000000 2.4439010396
898.2000000000 2.4428536157
898.3000000000 2.4493610907
898.4000000000 2.4491425789
898.5000000000 2.4457344283
898.6000000000 2.4361028989
898.7000000000 2.4352347337
898.8000000000 2.4327024168
898.9000000000 2.4343958309
899.0000000000 2.4331390635
899.1000000000 2.4228502744
899.2000000000 2.4252418607
899.3000000000 2.4228230775
899.4000000000 2.4251142889
899.5000000000 2.4192286800
899.6000000000 2.4199004614
899.7000000000 2.4214722628
899.8000000000 2.4196821991
899.9000000000 2.4131389044
900.0000000000 2.4117839769
900.1000000000 2.4187499429
900.2000000000 2.4161343287
900.3000000000 2.4195383652
900.4000000000 2.4182048080
900.5000000000 2.4263305468
900.6000000000 2.4362473793
900.7000000000 2.4363236196
900.8000000000 2.4338781167
900.9000000000 2.4333064444
901.0000000000 2.4323262992
901.1000000000 2.4366155407
901.2000000000 2.4478933762
901.3000000000 2.4441336716
901.4000000000 2.4411421609
901.5000000000 2.4464662269
901.6000000000 2.4482633278
901.7000000000 2.4492057182
901.8000000000 2.4492626864
901.9000000000 2.4495440198
902.0000000000 2.4536644389
902.1000000000 2.4542658083
902.2000000000 2.4583246479
902.3000000000 2.4637586806
902.4000000000 2.4662697580
902.5000000000 2.4590870638
902.6000000000 2.4594316737
902.7000000000 2.4587813967
902.8000000000 2.4539304151
902.9000000000 2.4512443779
903.0000000000 2.4481789168
903.1000000000 2.4529050228
903.2000000000 2.4545396703
903.3000000000 2.4606647682
903.4000000000 2.4515720850
903.5000000000 2.4516296299
903.6000000000 2.4540068791
903.7000000000 2.4545391026
903.8000000000 2.4577546416
903.9000000000 2.4639010197
904.0000000000 2.4669139331
904.1000000000 2.4668096882
904.2000000000 2.4633383830
904.3000000000 2.4525936632
904.4000000000 2.4529735572
904.5000000000 2.4594536682
904.6000000000 2.4524646081
904.7000000000 2.4541209712
904.8000000000 2.4497729986
904.9000000000 2.4492561398
905.0000000000 2.4584418345
905.1000000000 2.4586313576
905.2000000000 2.4610322893
905.3000000000 2.4647566525
905.4000000000 2.4719338072
905.5000000000 2.4762185821
905.6000000000 2.4757158318
905.7000000000 2.4747251390
905.8000000000 2.4754558438
905.9000000000 2.4706033863
906.0000000000 2.4679107830
906.1000000000 2.4661069348
906.2000000000 2.4637912261
906.3000000000 2.4596492505
906.4000000000 2.4609843982
906.5000000000 2.4671174570
906.6000000000 2.4662814998
906.7000000000 2.4674792130
906.8000000000 2.4625061946
906.9000000000 2.4606669973
907.0000000000 2.4569606628
907.1000000000 2.4603751525
907.2000000000 2.4607530558
907.3000000000 2.4600161154
907.4000000000 2.4610437685
907.5000000000 2.4608667910
907.6000000000 2.4693565414
907.7000000000 2.4625809378
907.8000000000 2.4672356964
907.9000000000 2.4607502564
908.0000000000 2.4616829803
908.1000000000 2.4567449390
908.2000000000 2.4509946555
908.3000000000 2.4455053033
908.4000000000 2.4448053842
908.5000000000 2.4456681209
908.6000000000 2.4473139850
908.7000000000 2.4491079041
908.8000000000 2.4457908061
908.9000000000 2.4390693385
909.0000000000 2.4293901687
909.1000000000 2.4379636904
909.2000000000 2.4413492633
909.3000000000 2.4450851849
909.4000000000 2.4415781739
909.5000000000 2.4451222102
909.6000000000 2.4374613033
909.7000000000 2.4457751875
909.8000000000 2.4410289847
909.9000000000 2.4415728223
910.0000000000 2.4323753234
910.1000000000 2.4351736899
910.2000000000 2.4309223366
910.3000000000 2.4324021077
910.4000000000 2.4292271923
910.5000000000 2.4332387267
910.6000000000 2.4391572510
910.7000000000 2.4391756627
910.8000000000 2.4396323572
910.9000000000 2.4406902668
911.0000000000 2.4411880512
911.1000000000 2.4455665206
911.2000000000 2.4419197818
911.3000000000 2.4430990904
911.4000000000 2.4496522962
911.5000000000 2.4410959618
911.6000000000 2.4489956201
911.7000000000 2.4514245030
911.8000000000 2.4504363581
911.9000000000 2.4476934260
912.0000000000 2.4555992164
912.1000000000 2.4545334129
912.2000000000 2.4525532576
912.3000000000 2.4504046299
912.4000000000 2.4515817165
912.5000000000 2.4558379371
912.6000000000 2.4682046511
912.7000000000 2.4722693206
912.8000000000 2.4705370116
912.9000000000 2.4674818752
913.0000000000 2.4693778815
913.1000000000 2.4716640341
913.2000000000 2.4739576485
913.3000000000 2.4757960646
913.4000000000 2.4732659685
913.5000000000 2.4722010189
913.6000000000 2.4734477775
913.7000000000 2.4794278794
913.8000000000 2.4688762961
913.9000000000 2.4723490628
914.0000000000 2.4746128643
914.1000000000 2.4817674266
914.2000000000 2.4710336582
914.3000000000 2.4747034246
914.4000000000 2.4654973074
914.5000000000 2.4683923421
914.6000000000 2.4670210552
914.7000000000 2.4668195957
914.8000000000 2.4715129870
914.9000000000 2.4699654980
915.0000000000 2.4716929537
915.1000000000 2.4704380284
915.2000000000 2.4703306423
915.3000000000 2.4707668404
915.4000000000 2.4703348679
915.5000000000 2.4662036663
915.6000000000 2.4675300638
915.7000000000 2.4601276032
915.8000000000 2.4572181244
915.9000000000 2.4608114935
916.0000000000 2.4640407683
916.1000000000 2.4538069992
916.2000000000 2.4624782541
916.3000000000 2.4552432369
916.4000000000 2.4533356859
916.5000000000 2.4571382595
916.6000000000 2.4514560894
916.7000000000 2.4507031976
916.8000000000 2.4531516836
916.9000000000 2.4525731266
917.0000000000 2.4601195115
917.1000000000 2.4584963176
917.2000000000 2.4471516473
917.3000000000 2.4463831724
917.4000000000 2.4484231422
917.5000000000 2.4490529128
917.6000000000 2.4507108468
917.7000000000 2.4551029119
917.8000000000 2.4472462026
917.9000000000 2.4480138838
918.0000000000 2.4497561111
918.1000000000 2.4506920195
918.2000000000 2.4508659603
918.3000000000 2.4539458532
918.4000000000 2.4435203560
918.5000000000 2.4419779535
918.6000000000 2.4437742246
918.7000000000 2.4359573170
918.8000000000 2.4437758353
918.9000000000 2.4309681022
919.0000000000 2.4330749800
919.1000000000 2.4259696272
919.2000000000 2.4319143088
919.3000000000 2.4278258475
919.4000000000 2.4281967219
919.5000000000 2.4250051758
919.6000000000 2.4323852880
919.7000000000 2.4364938448
919.8000000000 2.4292561399
919.9000000000 2.4303483994
920.0000000000 2.4326444859
920.1000000000 2.4407862222
920.2000000000 2.4480301470
920.3000000000 2.4411373593
920.4000000000 2.4383497185
920.5000000000 2.4429934762
920.6000000000 2.4366169981
920.7000000000 2.4385315431
920.8000000000 2.4435081140
920.9000000000 2.4458080573
921.0000000000 2.4353684358
921.1000000000 2.4356244535
921.2000000000 2.4374301160
921.3000000000 2.4418030770
921.4000000000 2.4386512597
921.5000000000 2.4413070348
921.6000000000 2.4380259611
921.7000000000 2.4291887909
921.8000000000 2.4363545704
921.9000000000 2.4373436059
922.0000000000 2.4360442772
922.1000000000 2.4402327387
922.2000000000 2.4340028695
922.3000000000 2.4405739433
922.4000000000 2.4328904394
922.5000000000 2.4303948268
922.6000000000 2.4309318246
922.7000000000 2.4232425639
922.8000000000 2.4117804768
922.9000000000 2.4081080280
923.0000000000 2.4138330800
923.1000000000 2.4171035150
923.2000000000 2.4183433868
923.3000000000 2.4207472899
923.4000000000 2.4192710620
923.5000000000 2.4234943975
923.6000000000 2.4222254899
923.7000000000 2.4225997268
923.8000000000 2.4242401335
923.9000000000 2.4334115128
924.0000000000 2.4367467805
924.1000000000 2.4394504628
924.2000000000 2.4308557993
924.3000000000 2.4386672660
924.4000000000 2.4336296984
924.5000000000 2.4388981457
924.6000000000 2.4358007391
924.7000000000 2.4367031533
924.8000000000 2.4457876793
924.9000000000 2.4365508129
925.0000000000 2.4378929942
925.1000000000 2.4383980464
925.2000000000 2.4411030254
925.3000000000 2.4378795009
925.4000000000 2.4341931244
925.5000000000 2.4346966265
925.6000000000 2.4357603253
925.7000000000 2.4374815612
925.8000000000 2.4298947136
925.9000000000 2.4201799716
926.0000000000 2.4179336612
926.1000000000 2.4193047612
926.2000000000 2.4141212953
926.3000000000 2.4163912979
926.4000000000 2.4150147992
926.5000000000 2.4146480942
926.6000000000 2.4105866707
926.7000000000 2.4045066373
926.8000000000 2.4126859004
926.9000000000 2.3963817026
927.0000000000 2.3964681441
927.1000000000 2.3987570144
927.2000000000 2.3956663817
927.3000000000 2.3907712109
927.4000000000 2.3874267593
927.5000000000 2.3863756630
927.6000000000 2.3816831122
927.7000000000 2.3816540435
927.8000000000 2.3724485009
927.9000000000 2.3713554536
928.0000000000 2.3744923821
928.1000000000 2.3785905023
928.2000000000 2.3840595660
928.3000000000 2.3762049562
928.4000000000 2.3757517955
928.5000000000 2.3783538968
928.6000000000 2.3759620882
928.7000000000 2.3747891822
928.8000000000 2.3751550443
928.9000000000 2.3777908665
929.0000000000 2.3768848035
929.1000000000 2.3760427278
929.2000000000 2.3756138550
929.3000000000 2.3794852318
929.4000000000 2.3834664717
929.5000000000 2.3948244910
929.6000000000 2.3943204706
929.7000000000 2.4012513085
929.8000000000 2.3921574329
929.9000000000 2.3930639000
930.0000000000 2.3868632806
930.1000000000 2.3853217681
930.2000000000 2.3897066624
930.3000000000 2.3831557685
930.4000000000 2.3845445272
930.5000000000 2.3791876567
930.6000000000 2.3699365062
930.7000000000 2.3680841844
930.8000000000 2.3664352445
930.9000000000 2.3673418219
931.0000000000 2.3661162938
931.1000000000 2.3706615128
931.2000000000 2.3728609641
931.3000000000 2.3760809092
931.4000000000 2.3847654158
931.5000000000 2.3840965650
931.6000000000 2.3843083983
931.7000000000 2.3875269791
931.8000000000 2.3784051893
931.9000000000 2.3920531483
932.0000000000 2.3890963333
932.1000000000 2.3825686470
932.2000000000 2.3855472199
932.3000000000 2.3859672018
932.4000000000 2.4009325693
932.5000000000 2.3971438869
932.6000000000 2.4007016466
932.7000000000 2.3982521473
932.8000000000 2.3976485893
932.9000000000 2.3977651401
933.0000000000 2.3930384772
933.1000000000 2.3975007325
933.2000000000 2.3906581889
933.3000000000 2.3892118426
933.4000000000 2.3967105935
933.5000000000 2.3846875464
933.6000000000 2.3873791848
933.7000000000 2.3888974090
933.8000000000 2.3838904833
933.9000000000 2.3838993602
934.0000000000 2.3775515355
934.1000000000 2.3798728432
934.2000000000 2.3894911273
934.3000000000 2.4007255715
934.4000000000 2.4000755955
934.5000000000 2.4001469311
934.6000000000 2.3982915495
934.7000000000 2.4026264129
934.8000000000 2.3995669496
934.9000000000 2.3995507598
935.0000000000 2.4018180339
935.1000000000 2.4064893017
935.2000000000 2.3988391938
935.3000000000 2.3938711635
935.4000000000 2.3873084384
935.5000000000 2.3810248361
935.6000000000 2.3867835551
935.7000000000 2.3854547438
935.8000000000 2.3804742374
935.9000000000 2.3857562985
936.0000000000 2.3869783359
936.1000000000 2.3894544929
936.2000000000 2.3870898580
936.3000000000 2.3929879824
936.4000000000 2.3975793273
936.5000000000 2.3946319037
936.6000000000 2.3948699627
936.7000000000 2.3940946359
936.8000000000 2.3935421040
936.9000000000 2.3912112922
937.0000000000 2.3864206544
937.1000000000 2.3837398547
937.2000000000 2.3885943558
937.3000000000 2.3873171757
937.4000000000 2.3830303365
937.5000000000 2.3843587607
937.6000000000 2.3765155617
937.7000000000 2.3803845729
937.8000000000 2.3743502359
937.9000000000 2.3668688493
938.0000000000 2.3647723434
938.1000000000 2.3529354009
938.2000000000 2.3580247731
938.3000000000 2.3610767780
938.4000000000 2.3563004094
938.5000000000 2.3576620293
938.6000000000 2.3497776257
938.7000000000 2.3510373083
938.8000000000 2.3482882417
938.9000000000 2.3482640737
939.0000000000 2.3519391569
939.1000000000 2.3444639100
939.2000000000 2.3533170906
939.3000000000 2.3512871444
939.4000000000 2.3508996000
939.5000000000 2.3653193676
939.6000000000 2.3639152414
939.7000000000 2.3645531669
939.8000000000 2.3627843272
939.9000000000 2.3674470368
940.0000000000 2.3654757476
940.1000000000 2.3616598554
940.2000000000 2.3693935963
940.3000000000 2.3655308020
940.4000000000 2.3671650164
940.5000000000 2.3575911971
940.6000000000 2.3481389433
940.7000000000 2.3574543152
940.8000000000 2.3585370426
940.9000000000 2.3623317536
941.0000000000 2.3529398120
941.1000000000 2.3551319635
941.2000000000 2.3601153231
941.3000000000 2.3578479968
941.4000000000 2.3646507372
941.5000000000 2.3658056880
941.6000000000 2.3599561031
941.7000000000 2.3638604655
941.8000000000 2.3528036315
941.9000000000 2.3455427210
942.0000000000 2.3513719363
942.1000000000 2.3475837743
942.2000000000 2.3482050758
942.3000000000 2.3542945749
942.4000000000 2.3463127900
942.5000000000 2.3524381656
942.6000000000 2.3571610336
942.7000000000 2.3530998423
942.8000000000 2.3508703257
942.9000000000 2.3355760190
943.0000000000 2.3366273291
943.1000000000 2.3436844769
943.2000000000 2.3421644863
943.3000000000 2.3346598804
943.4000000000 2.3393915818
943.5000000000 2.3475519895
943.6000000000 2.3382567049
943.7000000000 2.3395727290
943.8000000000 2.3410842612
943.9000000000 2.3383053830
944.0000000000 2.3383433078
944.1000000000 2.3359186001
944.2000000000 2.3188436041
944.3000000000 2.3221425495
944.4000000000 2.3247176616
944.5000000000 2.3281642873
944.6000000000 2.3307110940
944.7000000000 2.3332094346
944.8000000000 2.3336097314
944.9000000000 2.3365059706
945.0000000000 2.3331411578
945.1000000000 2.3300870615
945.2000000000 2.3344607546
945.3000000000 2.3311375746
945.4000000000 2.3264117469
945.5000000000 2.3283181320
945.6000000000 2.3241309985
945.7000000000 2.3234581738
945.8000000000 2.3267738725
945.9000000000 2.3263531841
946.0000000000 2.3161923840
946.1000000000 2.3249987014
946.2000000000 2.3269024672
946.3000000000 2.3167763176
946.4000000000 2.3155004110
946.5000000000 2.3140771663
946.6000000000 2.3168199520
946.7000000000 2.3055190557
946.8000000000 2.3152890569
946.9000000000 2.3124730441
947.0000000000 2.3148293174
947.1000000000 2.3220304222
947.2000000000 2.3218951724
947.3000000000 2.3205172600
947.4000000000 2.3232875075
947.5000000000 2.3198656625
947.6000000000 2.3221676714
947.7000000000 2.3289607100
947.8000000000 2.3214653239
947.9000000000 2.3262034420
948.0000000000 2.3316504823
948.1000000000 2.3378915716
948.2000000000 2.3426806714
948.3000000000 2.3428728978
948.4000000000 2.3410610200
948.5000000000 2.3367689331
948.6000000000 2.3400667982
948.7000000000 2.3423040803
948.8000000000 2.3474292357
948.9000000000 2.3437773156
949.0000000000 2.3462114735
949.1000000000 2.3508759133
949.2000000000 2.3340519641
949.3000000000 2.3354599983
949.4000000000 2.3330217709
949.5000000000 2.3315928498
949.6000000000 2.3388901028
949.7000000000 2.3333043615
949.8000000000 2.3388538410
949.9000000000 2.3420255593
950.0000000000 2.3449323853
950.1000000000 2.3377040130
950.2000000000 2.3447373691
950.3000000000 2.3434227570
950.4000000000 2.3315985660
950.5000000000 2.3377877849
950.6000000000 2.3368142839
950.7000000000 2.3431357542
950.8000000000 2.3400897067
950.9000000000 2.3368690184
951.0000000000 2.3390412943
951.1000000000 2.3348046703
951.2000000000 2.3365406042
951.3000000000 2.3461281786
951.4000000000 2.3483825034
951.5000000000 2.3499579336
951.6000000000 2.3482403167
951.7000000000 2.3567339171
951.8000000000 2.3566482833
951.9000000000 2.3531787916
952.0000000000 2.3629903575
952.1000000000 2.3673202526
952.2000000000 2.3680938728
952.3000000000 2.3678285214
952.4000000000 2.3613319612
952.5000000000 2.3595410360
952.6000000000 2.3556870549
952.7000000000 2.3524208926
952.8000000000 2.3532394711
952.9000000000 2.3572876917
953.0000000000 2.3575563850
953.1000000000 2.3601833007
953.2000000000 2.3654282735
953.3000000000 2.3633162994
953.4000000000 2.3647648005
953.5000000000 2.3663195622
953.6000000000 2.3707483972
953.7000000000 2.3587852313
953.8000000000 2.3586436016
953.9000000000 2.3521380417
954.0000000000 2.3576024121
954.1000000000 2.3571264024
954.2000000000 2.3591875445
954.3000000000 2.3681887731
954.4000000000 2.3692061411
954.5000000000 2.3658937368
954.6000000000 2.3694234710
954.7000000000 2.3626868056
954.8000000000 2.3609290476
954.9000000000 2.3642739021
955.0000000000 2.3687660877
955.1000000000 2.3735513053
955.2000000000 2.3811303774
955.3000000000 2.3709178673
955.4000000000 2.3789709075
955.5000000000 2.3827577006
955.6000000000 2.3858411228
955.7000000000 2.3772887371
955.8000000000 2.3775954646
955.9000000000 2.3832301041
956.0000000000 2.3791228971
956.1000000000 2.3730178475
956.2000000000 2.3611843502
956.3000000000 2.3542801113
956.4000000000 2.3543421321
956.5000000000 2.3561098213
956.6000000000 2.3506035432
956.7000000000 2.3468368414
956.8000000000 2.3429327399
956.9000000000 2.3445721184
957.0000000000 2.3410675077
957.1000000000 2.3458256352
957.2000000000 2.3489818605
957.3000000000 2.3470219289
957.4000000000 2.3503943007
957.5000000000 2.3532088942
957.6000000000 2.3556374977
957.7000000000 2.3550947554
957.8000000000 2.3506759120
957.9000000000 2.3559254347
958.0000000000 2.3626710856
958.1000000000 2.3668064865
958.2000000000 2.3638528233
958.3000000000 2.3632826022
958.4000000000 2.3665610688
958.5000000000 2.3661876517
958.6000000000 2.3646358777
958.7000000000 2.3590483481
958.8000000000 2.3619731213
958.9000000000 2.3544933750
959.0000000000 2.3566044907
959.1000000000 2.3552579661
959.2000000000 2.3592767843
959.3000000000 2.3650435934
959.4000000000 2.3659110756
959.5000000000 2.3656057304
959.6000000000 2.3496890876
959.7000000000 2.3629953355
959.8000000000 2.3674884417
959.9000000000 2.3622550827
960.0000000000 2.3646003181
960.1000000000 2.3667162762
960.2000000000 2.3697449251
960.3000000000 2.3681656187
960.4000000000 2.3700412274
960.5000000000 2.3741693687
960.6000000000 2.3681386497
960.7000000000 2.3641742630
960.8000000000 2.3598067544
960.9000000000 2.3622825572
961.0000000000 2.3522199547
961.1000000000 2.3617923095
961.2000000000 2.3583557099
961.3000000000 2.3615053934
961.4000000000 2.3632842472
961.5000000000 2.3641162921
961.6000000000 2.3696738386
961.7000000000 2.3711148973
961.8000000000 2.3693290198
961.9000000000 2.3695824808
962.0000000000 2.3709491109
962.1000000000 2.3717174586
962.2000000000 2.3684391365
962.3000000000 2.3675146691
962.4000000000 2.3707735066
962.5000000000 2.3704186492
962.6000000000 2.3677210869
962.7000000000 2.3674593512
962.8000000000 2.3603470743
962.9000000000 2.3673512921
963.0000000000 2.3639235449
963.1000000000 2.3586578501
963.2000000000 2.3590798620
963.3000000000 2.3614529120
963.4000000000 2.3522286532
963.5000000000 2.3435419625
963.6000000000 2.3465434415
963.7000000000 2.3317256095
963.8000000000 2.3387935321
963.9000000000 2.3413605959
964.0000000000 2.3345416183
964.1000000000 2.3364909985
964.2000000000 2.3339649347
964.3000000000 2.3364850179
964.4000000000 2.3382353804
964.5000000000 2.3462685441
964.6000000000 2.3489689776
964.7000000000 2.3514482393
964.8000000000 2.3539183169
964.9000000000 2.3554544236
965.0000000000 2.3605760295
965.1000000000 2.3586158126
965.2000000000 2.3583846110
965.3000000000 2.3584119383
965.4000000000 2.3589312120
965.5000000000 2.3579510693
965.6000000000 2.3618043796
965.7000000000 2.3608952209
965.8000000000 2.3616182547
965.9000000000 2.3679363625
966.0000000000 2.3682708924
966.1000000000 2.3695147918
966.2000000000 2.3664818292
966.3000000000 2.3751002964
966.4000000000 2.3796595537
966.5000000000 2.3760366353
966.6000000000 2.3719742464
966.7000000000 2.3713553147
966.8000000000 2.3726777906
966.9000000000 2.3762197453
967.0000000000 2.3717386414
967.1000000000 2.3720014426
967.2000000000 2.3752903138
967.3000000000 2.3784100230
967.4000000000 2.3828341915
967.5000000000 2.3727554769
967.6000000000 2.3675293659
967.7000000000 2.3719063289
967.8000000000 2.3650797766
967.9000000000 2.3646298027
968.0000000000 2.3698157077
968.1000000000 2.3756260161
968.2000000000 2.3813863326
968.3000000000 2.3807353024
968.4000000000 2.3847385548
968.5000000000 2.3910633452
968.6000000000 2.3806570243
968.7000000000 2.3831293779
968.8000000000 2.3688751570
968.9000000000 2.3730266387
969.0000000000 2.3740288711
969.1000000000 2.3744146803
969.2000000000 2.3708490399
969.3000000000 2.3730162746
969.4000000000 2.3790586281
969.5000000000 2.3761172099
969.6000000000 2.3737268554
969.7000000000 2.3703021297
969.8000000000 2.3793433576
969.9000000000 2.3618302171
970.0000000000 2.3618724003
970.1000000000 2.3592681111
970.2000000000 2.3626651146
970.3000000000 2.3534561977
970.4000000000 2.3507140843
970.5000000000 2.3475810722
970.6000000000 2.3515856680
970.7000000000 2.3529915282
970.8000000000 2.3396032565
970.9000000000 2.3416591315
971.0000000000 2.3431959706
971.1000000000 2.3417874568
971.2000000000 2.3384411044
971.3000000000 2.3357083934
971.4000000000 2.3360334596
971.5000000000 2.3389034243
971.6000000000 2.3467847722
971.7000000000 2.3386123121
971.8000000000 2.3388515549
971.9000000000 2.3446762166
972.0000000000 2.3491051278
972.1000000000 2.3488502319
972.2000000000 2.3496805020
972.3000000000 2.3539734504
972.4000000000 2.3495215189
972.5000000000 2.3520130062
972.6000000000 2.3500214159
972.7000000000 2.3499854823
972.8000000000 2.3435259756
972.9000000000 2.3475466357
973.0000000000 2.3451488029
973.1000000000 2.3403100521
973.2000000000 2.3433494765
973.3000000000 2.3463829883
973.4000000000 2.3359887878
973.5000000000 2.3335799273
973.6000000000 2.3341535003
973.7000000000 2.3321389695
973.8000000000 2.3346800549
973.9000000000 2.3316351021
974.0000000000 2.3307853644
974.1000000000 2.3320329397
974.2000000000 2.3326523699
974.3000000000 2.3256260453
974.4000000000 2.3286190775
974.5000000000 2.3249775919
974.6000000000 2.3273964722
974.7000000000 2.3250297693
974.8000000000 2.3204473264
974.9000000000 2.3230415714
975.0000000000 2.3278701703
975.1000000000 2.3270399162
975.2000000000 2.3259694795
975.3000000000 2.3284327504
975.4000000000 2.3391650973
975.5000000000 2.3410317290
975.6000000000 2.3332515613
975.7000000000 2.3231002408
975.8000000000 2.3303441568
975.9000000000 2.3314952222
976.0000000000 2.3359289837
976.1000000000 2.3385347059
976.2000000000 2.3399345396
976.3000000000 2.3371989566
976.4000000000 2.3377809376
976.5000000000 2.3392337831
976.6000000000 2.3444651758
976.7000000000 2.3394470993
976.8000000000 2.3464127250
976.9000000000 2.3460377927
977.0000000000 2.3415867174
977.1000000000 2.3394739740
977.2000000000 2.3445363533
977.3000000000 2.3483676425
977.4000000000 2.3540690811
977.5000000000 2.3617376656
977.6000000000 2.3594355957
977.7000000000 2.3567517697
977.8000000000 2.3557962422
977.9000000000 2.3627593132
978.0000000000 2.3628197075
978.1000000000 2.3581474528
978.2000000000 2.3547340644
978.3000000000 2.3588961352
978.4000000000 2.3603268899
978.5000000000 2.3680782644
978.6000000000 2.3602393567
978.7000000000 2.3536062713
978.8000000000 2.3551082461
978.9000000000 2.3579778773
979.0000000000 2.3559768540
979.1000000000 2.3555583976
979.2000000000 2.3564476806
979.3000000000 2.3561154768
979.4000000000 2.3603490659
979.5000000000 2.3558237268
979.6000000000 2.3516542097
979.7000000000 2.3481332555
979.8000000000 2.3510295467
979.9000000000 2.3547018737
980.0000000000 2.3591614278
980.1000000000 2.3482546812
980.2000000000 2.3506095541
980.3000000000 2.3506763294
980.4000000000 2.3579455183
980.5000000000 2.3599105751
980.6000000000 2.3577643235
980.7000000000 2.3534199031
980.8000000000 2.3529728759
980.9000000000 2.3552369040
981.0000000000 2.3486646801
981.1000000000 2.3527336744
981.2000000000 2.3569521067
981.3000000000 2.3669666402
981.4000000000 2.3597155309
981.5000000000 2.3544944299
981.6000000000 2.3564734500
981.7000000000 2.3517129561
981.8000000000 2.3576834059
981.9000000000 2.3533641291
982.0000000000 2.3503161045
982.1000000000 2.3459648266
982.2000000000 2.3488284540
982.3000000000 2.3551033189
982.4000000000 2.3613100671
982.5000000000 2.3656903958
982.6000000000 2.3664890346
982.7000000000 2.3708319573
982.8000000000 2.3735393229
982.9000000000 2.3737368175
983.0000000000 2.3768539323
983.1000000000 2.3696833028
983.2000000000 2.3699757411
983.3000000000 2.3751112426
983.4000000000 2.3688498030
983.5000000000 2.3693355959
983.6000000000 2.3599084368
983.7000000000 2.3638617510
983.8000000000 2.3582056608
983.9000000000 2.3631535371
984.0000000000 2.3587684067
984.1000000000 2.3628365644
984.2000000000 2.3686629627
984.3000000000 2.3680499316
984.4000000000 2.3763392863
984.5000000000 2.3728812626
984.6000000000 2.3689578886
984.7000000000 2.3743077065
984.8000000000 2.3713564093
984.9000000000 2.3774834882
985.0000000000 2.3710361502
985.1000000000 2.3747313263
985.2000000000 2.3770762860
985.3000000000 2.3813325946
985.4000000000 2.3809082178
985.5000000000 2.3890913410
985.6000000000 2.3919120864
985.7000000000 2.3923777445
985.8000000000 2.3914679614
985.9000000000 2.3944245197
986.0000000000 2.3909139396
986.1000000000 2.3923899794
986.2000000000 2.3941971539
986.3000000000 2.3954055871
986.4000000000 2.3810625555
986.5000000000 2.3874182230
986.6000000000 2.3836244916
986.7000000000 2.3772481290
986.8000000000 2.3746344123
986.9000000000 2.3727007317
987.0000000000 2.3746953141
987.1000000000 2.3775719650
987.2000000000 2.3751484169
987.3000000000 2.3732980769
987.4000000000 2.3735282507
987.5000000000 2.3738711652
987.6000000000 2.3790342767
987.7000000000 2.3713925655
987.8000000000 2.3704982092
987.9000000000 2.3766968631
988.0000000000 2.3810544622
988.1000000000 2.3824436638
988.2000000000 2.3805244603
988.3000000000 2.3736014115
988.4000000000 2.3700685944
988.5000000000 2.3797139704
988.6000000000 2.3747453906
988.7000000000 2.3796386094
988.8000000000 2.3818776210
988.9000000000 2.3781260836
989.0000000000 2.3858809846
989.1000000000 2.3897105967
989.2000000000 2.3923896865
989.3000000000 2.3886111301
989.4000000000 2.3947506784
989.5000000000 2.4030302946
989.6000000000 2.4020542401
989.7000000000 2.4064556242
989.8000000000 2.4071994107
989.9000000000 2.4126565189
990.0000000000 2.4116949543
990.1000000000 2.4012412747
990.2000000000 2.4101784706
990.3000000000 2.4144646306
990.4000000000 2.4152654619
990.5000000000 2.4189733987
990.6000000000 2.4220240809
990.7000000000 2.4245645659
990.8000000000 2.4279903362
990.9000000000 2.4222427615
991.0000000000 2.4233964833
991.1000000000 2.4257462985
991.2000000000 2.4229311849
991.3000000000 2.4275237187
991.4000000000 2.4295082133
991.5000000000 2.4317005731
991.6000000000 2.4339088451
991.7000000000 2.4358479918
991.8000000000 2.4419427446
991.9000000000 2.4439308056
992.0000000000 2.4419688321
992.1000000000 2.4397966596
992.2000000000 2.4467663923
992.3000000000 2.4513807470
992.4000000000 2.4510973591
992.5000000000 2.4569206954
992.6000000000 2.4478484391
992.7000000000 2.4501282295
992.8000000000 2.4537496241
992.9000000000 2.4559357170
993.0000000000 2.4530399414
993.1000000000 2.4460803675
993.2000000000 2.4474793484
993.3000000000 2.4417167109
993.4000000000 2.4382647803
993.5000000000 2.4447749733
993.6000000000 2.4452669134
993.7000000000 2.4364883362
993.8000000000 2.4374843269
993.9000000000 2.4387707884
994.0000000000 2.4368238233
994.1000000000 2.4369951492
994.2000000000 2.4420143725
994.3000000000 2.4446001854
994.4000000000 2.4459050057
994.5000000000 2.4488254947
994.6000000000 2.4433297472
994.7000000000 2.4494724158
994.8000000000 2.4482736164
994.9000000000 2.4456067261
995.0000000000 2.4395511622
995.1000000000 2.4396464865
995.2000000000 2.4427017457
995.3000000000 2.4388524290
995.4000000000 2.4369889411
995.5000000000 2.4384522926
995.6000000000 2.4433976919
995.7000000000 2.4481217731
995.8000000000 2.4459847908
995.9000000000 2.4379204324
996.0000000000 2.4479662271
996.1000000000 2.4375618683
996.2000000000 2.4416373118
996.3000000000 2.4457939574
996.4000000000 2.4442234735
996.5000000000 2.4463404118
996.6000000000 2.4496138035
996.7000000000 2.4472050825
996.8000000000 2.4428225147
996.9000000000 2.4422009116
997.0000000000 2.4447265905
997.1000000000 2.4423372344
997.2000000000 2.4496143694
997.3000000000 2.4540038505
997.4000000000 2.4535141122
997.5000000000 2.4568381379
997.6000000000 2.4651170095
997.7000000000 2.4662836166
997.8000000000 2.4642215584
997.9000000000 2.4632744150
998.0000000000 2.4630992308
998.1000000000 2.4552362856
998.2000000000 2.4592246182
998.3000000000 2.4614047282
998.4000000000 2.4632459926
998.5000000000 2.4687578160
998.6000000000 2.4655110892
998.7000000000 2.4712007146
998.8000000000 2.4703820265
998.9000000000 2.4692814927
999.0000000000 2.4721537661
999.1000000000 2.4768101564
999.2000000000 2.4802165011
999.3000000000 2.4689957507
999.4000000000 2.4707329691
999.5000000000 2.4637844414
999.6000000000 2.4661512865
999.7000000000 2.4714841178
999.8000000000 2.4700169598
999.9000000000 2.4672345752
1000.0000000000 2.4632600460
1000.1000000000 2.4580362705
1000.2000000000 2.4566946783
1000.3000000000 2.4523367008
1000.4000000000 2.4489149182
1000.5000000000 2.4509508831
1000.6000000000 2.4487872763
1000.7000000000 2.4492371874
1000.8000000000 2.4455054556
1000.9000000000 2.4487026731
1001.0000000000 2.4453138761
1001.1000000000 2.4483650954
1001.2000000000 2.4453461764
1001.3000000000 2.4473874687
1001.4000000000 2.4399834034
1001.5000000000 2.4478343691
1001.6000000000 2.4442489949
1001.7000000000 2.4440461917
1001.8000000000 2.4437862975
1001.9000000000 2.4514425924
1002.0000000000 2.4524503540
1002.1000000000 2.4505570565
1002.2000000000 2.4583863921
1002.3000000000 2.4557391743
1002.4000000000 2.4597887993
1002.5000000000 2.4561543229
1002.6000000000 2.4596279248
1002.7000000000 2.4527281406
1002.8000000000 2.4509579075
1002.9000000000 2.4541128434
1003.0000000000 2.4548330961
1003.1000000000 2.4561544890
1003.2000000000 2.4543769779
1003.3000000000 2.4531904045
1003.4000000000 2.4554803221
1003.5000000000 2.4422386295
1003.6000000000 2.4350824822
1003.7000000000 2.4263733870
1003.8000000000 2.4186483998
1003.9000000000 2.4156984889
1004.0000000000 2.4140447876
1004.1000000000 2.4090278810
1004.2000000000 2.4099928701
1004.3000000000 2.4174446912
1004.4000000000 2.4105237544
1004.5000000000 2.4154694373
1004.6000000000 2.4129344665
1004.7000000000 2.4126672390
1004.8000000000 2.4212535939
1004.9000000000 2.4328790542
1005.0000000000 2.4335456974
1005.1000000000 2.4344704996
1005.2000000000 2.4353066992
1005.3000000000 2.4304659306
1005.4000000000 2.4360716081
1005.5000000000 2.4352641760
1005.6000000000 2.4360640249
1005.7000000000 2.4412439423
1005.8000000000 2.4355171817
1005.9000000000 2.4374608544
1006.0000000000 2.4485609927
1006.1000000000 2.4432104436
1006.2000000000 2.4372750959
1006.3000000000 2.4429273051
1006.4000000000 2.4439806123
1006.5000000000 2.4444455042
1006.6000000000 2.4443702208
1006.7000000000 2.4426380655
1006.8000000000 2.4404577806
1006.9000000000 2.4433382346
1007.0000000000 2.4393339758
1007.1000000000 2.4421385863
1007.2000000000 2.4422135671
1007.3000000000 2.4454092626
1007.4000000000 2.4379720024
1007.5000000000 2.4343642260
1007.6000000000 2.4369871202
1007.7000000000 2.4417363127
1007.8000000000 2.4396152706
1007.9000000000 2.4453452515
1008.0000000000 2.4520698371
1008.1000000000 2.4604982737
1008.2000000000 2.4558303845
1008.3000000000 2.4598493191
1008.4000000000 2.4580036707
1008.5000000000 2.4595003203
1008.6000000000 2.4515119223
1008.7000000000 2.4463702435
1008.8000000000 2.4423788625
1008.9000000000 2.4374371411
1009.0000000000 2.4314173711
1009.1000000000 2.4335254375
1009.2000000000 2.4274566896
1009.3000000000 2.4202439974
1009.4000000000 2.4228790651
1009.5000000000 2.4209327358
1009.6000000000 2.4201119439
1009.7000000000 2.4197836454
1009.8000000000 2.4277707928
1009.9000000000 2.4264830237
1010.0000000000 2.4221572641
1010.1000000000 2.4300889832
1010.2000000000 2.4277049050
1010.3000000000 2.4214840895
1010.4000000000 2.4123752744
1010.5000000000 2.4110825259
1010.6000000000 2.4107306138
1010.7000000000 2.4126585060
1010.8000000000 2.4095546976
1010.9000000000 2.4144108614
1011.0000000000 2.4168462885
1011.1000000000 2.4213098152
1011.2000000000 2.4216204370
1011.3000000000 2.4270286825
1011.4000000000 2.4222782105
1011.5000000000 2.4276662030
1011.6000000000 2.4291471744
1011.7000000000 2.4298118496
1011.8000000000 2.4265550644
1011.9000000000 2.4266300022
1012.0000000000 2.4292245831
1012.1000000000 2.4271220231
1012.2000000000 2.4255708916
1012.3000000000 2.4303639165
1012.4000000000 2.4309320151
1012.5000000000 2.4332860483
1012.6000000000 2.4409846255
1012.7000000000 2.4315064119
1012.8000000000 2.4240212186
1012.9000000000 2.4303000798
1013.0000000000 2.4265201923
1013.1000000000 2.4309348487
1013.2000000000 2.4333901670
1013.3000000000 2.4339884409
1013.4000000000 2.4375263576
1013.5000000000 2.4414925457
1013.6000000000 2.4412587351
1013.7000000000 2.4408129335
1013.8000000000 2.4417839567
1013.9000000000 2.4418196775
1014.0000000000 2.4341968035
1014.1000000000 2.4409414058
1014.2000000000 2.4448139033
1014.3000000000 2.4479204643
1014.4000000000 2.4452479369
1014.5000000000 2.4455481443
1014.6000000000 2.4412084996
1014.7000000000 2.4364740280
1014.8000000000 2.4454978235
1014.9000000000 2.4455338469
1015.0000000000 2.4388742355
1015.1000000000 2.4422957425
1015.2000000000 2.4424428167
1015.3000000000 2.4452792407
1015.4000000000 2.4465467227
1015.5000000000 2.4515717988
1015.6000000000 2.4459217127
1015.7000000000 2.4466854332
1015.8000000000 2.4477148655
1015.9000000000 2.4402743390
1016.0000000000 2.4366818426
1016.1000000000 2.4425602711
1016.2000000000 2.4420381237
1016.3000000000 2.4383978415
1016.4000000000 2.4455429000
1016.5000000000 2.4495973583
1016.6000000000 2.4546127263
1016.7000000000 2.4558009516
1016.8000000000 2.4550847228
1016.9000000000 2.4485644086
1017.0000000000 2.4495509206
1017.1000000000 2.4499801303
1017.2000000000 2.4456899973
1017.3000000000 2.4421689974
1017.4000000000 2.4455367397
1017.5000000000 2.4427539889
1017.6000000000 2.4430363210
1017.7000000000 2.4422708057
1017.8000000000 2.4441963934
1017.9000000000 2.4456196045
1018.0000000000 2.4477376659
1018.1000000000 2.4466968367
1018.2000000000 2.4415483595
1018.3000000000 2.4454450953
1018.4000000000 2.4403152438
1018.5000000000 2.4375741658
1018.6000000000 2.4404086354
1018.7000000000 2.4422781241
1018.8000000000 2.4485750539
1018.9000000000 2.4473588590
1019.0000000000 2.4387755020
1019.1000000000 2.4372246012
1019.2000000000 2.4401005494
1019.3000000000 2.4426329945
1019.4000000000 2.4394791870
1019.5000000000 2.4430112097
1019.6000000000 2.4499872174
1019.7000000000 2.4534516468
1019.8000000000 2.4463802150
1019.9000000000 2.4376032895
1020.0000000000 2.4332651664
1020.1000000000 2.4270858292
1020.2000000000 2.4260558976
1020.3000000000 2.4272367670
1020.4000000000 2.4187479886
1020.5000000000 2.4224579466
1020.6000000000 2.4250403364
1020.7000000000 2.4239369056
1020.8000000000 2.4254376716
1020.9000000000 2.4299259053
1021.0000000000 2.4312807890
1021.1000000000 2.4364595698
1021.2000000000 2.4373074491
1021.3000000000 2.4314737973
1021.4000000000 2.4264613515
1021.5000000000 2.4322225781
1021.6000000000 2.4210530507
1021.7000000000 2.4213414279
1021.8000000000 2.4149808678
1021.9000000000 2.4140622967
1022.0000000000 2.4207379891
1022.1000000000 2.4205215422
1022.2000000000 2.4158893075
1022.3000000000 2.4194385507
1022.4000000000 2.4118123214
1022.5000000000 2.4121825557
1022.6000000000 2.4144903636
1022.7000000000 2.4192715850
1022.8000000000 2.4235564843
1022.9000000000 2.4177356043
1023.0000000000 2.4193995816
1023.1000000000 2.4204603001
1023.2000000000 2.4194221193
1023.3000000000 2.4231517252
1023.4000000000 2.4217347481
1023.5000000000 2.4187964378
1023.6000000000 2.4121363281
1023.7000000000 2.4054598639
1023.8000000000 2.4072740725
1023.9000000000 2.4086611067
1024.0000000000 2.4191609516
1024.1000000000 2.4125421366
1024.2000000000 2.4188988167
1024.3000000000 2.4217614573
1024.4000000000 2.4219115629
1024.5000000000 2.4116538112
1024.6000000000 2.4124017263
1024.7000000000 2.4072594428
1024.8000000000 2.4087473071
1024.9000000000 2.4048629019
1025.0000000000 2.4106783720
1025.1000000000 2.4073982625
1025.2000000000 2.3922697373
1025.3000000000 2.3893051497
1025.4000000000 2.3997490891
1025.5000000000 2.4029022661
1025.6000000000 2.4048822474
1025.7000000000 2.4022580442
1025.8000000000 2.3968130455
1025.9000000000 2.3988842189
1026.0000000000 2.3933627205
1026.1000000000 2.3995057378
1026.2000000000 2.3989864589
1026.3000000000 2.4026181628
1026.4000000000 2.4042972848
1026.5000000000 2.4059150988
1026.6000000000 2.3995789677
1026.7000000000 2.3953934587
1026.8000000000 2.4007604424
1026.9000000000 2.4085398063
1027.0000000000 2.4064742519
1027.1000000000 2.4080919074
1027.2000000000 2.4110641440
1027.3000000000 2.4102990320
1027.4000000000 2.4112754060
1027.5000000000 2.4098953023
1027.6000000000 2.4131285970
1027.7000000000 2.4157031000
1027.8000000000 2.4144381210
1027.9000000000 2.4075831125
1028.0000000000 2.4060090631
1028.1000000000 2.4068702541
1028.2000000000 2.4102843850
1028.3000000000 2.4157229834
1028.4000000000 2.4190562078
1028.5000000000 2.4205856475
1028.6000000000 2.4113904576
1028.7000000000 2.4087610496
1028.8000000000 2.4073581135
1028.9000000000 2.4114131565
1029.0000000000 2.4150166771
1029.1000000000 2.4215420398
1029.2000000000 2.4272118258
1029.3000000000 2.4253032602
1029.4000000000 2.4266800602
1029.5000000000 2.4155233673
1029.6000000000 2.4115935205
1029.7000000000 2.4120884443
1029.8000000000 2.4173746298
1029.9000000000 2.4120710929
1030.0000000000 2.4166803781
1030.1000000000 2.4177256356
1030.2000000000 2.4161097961
1030.3000000000 2.4210498471
1030.4000000000 2.4187551042
1030.5000000000 2.4229177359
1030.6000000000 2.4194440066
1030.7000000000 2.4254946231
1030.8000000000 2.4240726233
1030.9000000000 2.4292989922
1031.0000000000 2.4283631670
1031.1000000000 2.4272864362
1031.2000000000 2.4349861961
1031.3000000000 2.4372971515
1031.4000000000 2.4483711010
1031.5000000000 2.4442206094
1031.6000000000 2.4470509194
1031.7000000000 2.4488979370
1031.8000000000 2.4498207876
1031.9000000000 2.4483377549
1032.0000000000 2.4509018255
1032.1000000000 2.4502600245
1032.2000000000 2.4542585124
1032.3000000000 2.4578827977
1032.4000000000 2.4515818948
1032.5000000000 2.4569391173
1032.6000000000 2.4551691614
1032.7000000000 2.4490286166
1032.8000000000 2.4515283378
1032.9000000000 2.4621605242
1033.0000000000 2.4583852374
1033.1000000000 2.4568106464
1033.2000000000 2.4608304947
1033.3000000000 2.4666385617
1033.4000000000 2.4641384250
1033.5000000000 2.4620521440
1033.6000000000 2.4626586142
1033.7000000000 2.4645696442
1033.8000000000 2.4645887000
1033.9000000000 2.4716621523
1034.0000000000 2.4680896568
1034.1000000000 2.4709319208
1034.2000000000 2.4732347899
1034.3000000000 2.4718639520
1034.4000000000 2.4729649381
1034.5000000000 2.4700168075
1034.6000000000 2.4630381507
1034.7000000000 2.4563616576
1034.8000000000 2.4635655607
1034.9000000000 2.4630635072
1035.0000000000 2.4640195207
1035.1000000000 2.4550223920
1035.2000000000 2.4533510950
1035.3000000000 2.4576379352
1035.4000000000 2.4589804919
1035.5000000000 2.4595595498
1035.6000000000 2.4627862099
1035.7000000000 2.4569821240
1035.8000000000 2.4441883697
1035.9000000000 2.4428943798
1036.0000000000 2.4444469253
1036.1000000000 2.4455259591
1036.2000000000 2.4416296656
1036.3000000000 2.4412096603
1036.4000000000 2.4523659273
1036.5000000000 2.4500757068
1036.6000000000 2.4520584674
1036.7000000000 2.4586790881
1036.8000000000 2.4565318885
1036.9000000000 2.4576969057
1037.0000000000 2.4638280838
1037.1000000000 2.4650887098
1037.2000000000 2.4671925921
1037.3000000000 2.4658183408
1037.4000000000 2.4624200940
1037.5000000000 2.4633512568
1037.6000000000 2.4585183753
1037.7000000000 2.4562196903
1037.8000000000 2.4554584498
1037.9000000000 2.4646849766
1038.0000000000 2.4674243572
1038.1000000000 2.4696492839
1038.2000000000 2.4660710058
1038.3000000000 2.4578240725
1038.4000000000 2.4549801299
1038.5000000000 2.4610231600
1038.6000000000 2.4557890143
1038.7000000000 2.4619568795
1038.8000000000 2.4683789238
1038.9000000000 2.4617901989
1039.0000000000 2.4655819486
1039.1000000000 2.4575038688
1039.2000000000 2.4591445681
1039.3000000000 2.4575848803
1039.4000000000 2.4563563190
1039.5000000000 2.4547456097
1039.6000000000 2.4595346479
1039.7000000000 2.4643103770
1039.8000000000 2.4683451178
1039.9000000000 2.4608986768
1040.0000000000 2.4680723924
1040.1000000000 2.4617876135
1040.2000000000 2.4601068861
1040.3000000000 2.4641348601
1040.4000000000 2.4574234048
1040.5000000000 2.4539677361
1040.6000000000 2.4528225238
1040.7000000000 2.4589771077
1040.8000000000 2.4591862973
1040.9000000000 2.4582291647
1041.0000000000 2.4568117115
1041.1000000000 2.4535665892
1041.2000000000 2.4424467774
1041.3000000000 2.4430605635
1041.4000000000 2.4325955482
1041.5000000000 2.4350571996
1041.6000000000 2.4193763390
1041.7000000000 2.4228075881
1041.8000000000 2.4187653320
1041.9000000000 2.4224310651
1042.0000000000 2.4214774717
1042.1000000000 2.4263553929
1042.2000000000 2.4267255183
1042.3000000000 2.4333673447
1042.4000000000 2.4270128626
1042.5000000000 2.4224276920
1042.6000000000 2.4262817969
1042.7000000000 2.4306885538
1042.8000000000 2.4347491160
1042.9000000000 2.4317907546
1043.0000000000 2.4346299289
1043.1000000000 2.4316089213
1043.2000000000 2.4283385090
1043.3000000000 2.4339839229
1043.4000000000 2.4377001990
1043.5000000000 2.4383934860
1043.6000000000 2.4388801556
1043.7000000000 2.4359523233
1043.8000000000 2.4395597740
1043.9000000000 2.4337260432
1044.0000000000 2.4379768685
1044.1000000000 2.4400291540
1044.2000000000 2.4414442292
1044.3000000000 2.4429176311
1044.4000000000 2.4377934642
1044.5000000000 2.4470018050
1044.6000000000 2.4565559034
1044.7000000000 2.4493217994
1044.8000000000 2.4452346145
1044.9000000000 2.4549477733
1045.0000000000 2.4594246100
1045.1000000000 2.4575137456
1045.2000000000 2.4546502458
1045.3000000000 2.4510965448
1045.4000000000 2.4529039478
1045.5000000000 2.4545578459
1045.6000000000 2.4520079138
1045.7000000000 2.4588328563
1045.8000000000 2.4650440522
1045.9000000000 2.4572614517
1046.0000000000 2.4575079298
1046.1000000000 2.4580471884
1046.2000000000 2.4654286656
1046.3000000000 2.4649921201
1046.4000000000 2.4741741714
1046.5000000000 2.4760251364
1046.6000000000 2.4695132173
1046.7000000000 2.4715495033
1046.8000000000 2.4685895936
1046.9000000000 2.4757844927
1047.0000000000 2.4770831123
1047.1000000000 2.4632181165
1047.2000000000 2.4695320598
1047.3000000000 2.4674760231
1047.4000000000 2.4663765743
1047.5000000000 2.4732243641
1047.6000000000 2.4703813324
1047.7000000000 2.4716710205
1047.8000000000 2.4737689178
1047.9000000000 2.4775386852
1048.0000000000 2.4877989471
1048.1000000000 2.4836622076
1048.2000000000 2.4901057593
1048.3000000000 2.4830876516
1048.4000000000 2.4729519385
1048.5000000000 2.4734803009
1048.6000000000 2.4887909880
1048.7000000000 2.4892057503
1048.8000000000 2.4892165763
1048.9000000000 2.4888903731
1049.0000000000 2.4844483574
1049.1000000000 2.4868265911
1049.2000000000 2.4911615287
1049.3000000000 2.4824235250
1049.4000000000 2.4788254761
1049.5000000000 2.4746636619
1049.6000000000 2.4830185093
1049.7000000000 2.4866567259
1049.8000000000 2.4861813421
1049.9000000000 2.4881036362
1050.0000000000 2.4959389946
1050.1000000000 2.4918798672
1050.2000000000 2.4955774257
1050.3000000000 2.4893402735
1050.4000000000 2.4863974952
1050.5000000000 2.4910980292
1050.6000000000 2.4934155619
1050.7000000000 2.4894176777
1050.8000000000 2.4906213546
1050.9000000000 2.4922093478
1051.0000000000 2.4984421169
1051.1000000000 2.5000885843
1051.2000000000 2.4986070790
1051.3000000000 2.4984972725
1051.4000000000 2.4944021066
1051.5000000000 2.4879328321
1051.6000000000 2.4962377261
1051.7000000000 2.4994350386
1051.8000000000 2.5027925499
1051.9000000000 2.5008766793
1052.0000000000 2.5073959320
1052.1000000000 2.5092501457
1052.2000000000 2.5000083252
1052.3000000000 2.4973040836
1052.4000000000 2.4979873981
1052.5000000000 2.4979109407
1052.6000000000 2.4975052344
1052.7000000000 2.4969008652
1052.8000000000 2.4985170962
1052.9000000000 2.4964198080
1053.0000000000 2.4965568396
1053.1000000000 2.4913216751
1053.2000000000 2.4888049269
1053.3000000000 2.4890477624
1053.4000000000 2.4930881528
1053.5000000000 2.4943990465
1053.6000000000 2.4896000094
1053.7000000000 2.5012377450
1053.8000000000 2.5004388221
1053.9000000000 2.4991500189
1054.0000000000 2.5031482703
1054.1000000000 2.4999861818
1054.2000000000 2.5071618582
1054.3000000000 2.5055468056
1054.4000000000 2.5065495374
1054.5000000000 2.5125290525
1054.6000000000 2.5043040187
1054.7000000000 2.5009155614
1054.8000000000 2.5036391049
1054.9000000000 2.5041406397
1055.0000000000 2.5098331786
1055.1000000000 2.5024242956
1055.2000000000 2.5032527551
1055.3000000000 2.5097094247
1055.4000000000 2.5098017966
1055.5000000000 2.5126723523
1055.6000000000 2.5191167580
1055.7000000000 2.5215724653
1055.8000000000 2.5219886027
1055.9000000000 2.5318432578
1056.0000000000 2.5306153279
1056.1000000000 2.5267200430
1056.2000000000 2.5234257148
1056.3000000000 2.5169484328
1056.4000000000 2.5231923902
1056.5000000000 2.5140779363
1056.6000000000 2.5020038291
1056.7000000000 2.5011305125
1056.8000000000 2.4992091642
1056.9000000000 2.5016539799
1057.0000000000 2.5022855187
1057.1000000000 2.4989809547
1057.2000000000 2.5010187724
1057.3000000000 2.5040904045
1057.4000000000 2.4937642365
1057.5000000000 2.4974764737
1057.6000000000 2.5004556485
1057.7000000000 2.5019467409
1057.8000000000 2.5058686743
1057.9000000000 2.5066524707
1058.0000000000 2.5073623804
1058.1000000000 2.5084150230
1058.2000000000 2.5090945021
1058.3000000000 2.5103810472
1058.4000000000 2.4994833147
1058.5000000000 2.5049331435
1058.6000000000 2.5009715499
1058.7000000000 2.4935175352
1058.8000000000 2.4952710389
1058.9000000000 2.5005509283
1059.0000000000 2.4976092959
1059.1000000000 2.4946802019
1059.2000000000 2.4949707424
1059.3000000000 2.4990326938
1059.4000000000 2.4878964813
1059.5000000000 2.4902749625
1059.6000000000 2.4948278859
1059.7000000000 2.4959975764
1059.8000000000 2.4948552697
1059.9000000000 2.4972597716
1060.0000000000 2.4954950798
1060.1000000000 2.4996477550
1060.2000000000 2.5003309091
1060.3000000000 2.4944952741
1060.4000000000 2.4985808794
1060.5000000000 2.5032649574
1060.6000000000 2.4957091170
1060.7000000000 2.4920549773
1060.8000000000 2.4842555798
1060.9000000000 2.4824654120
1061.0000000000 2.4885006057
1061.1000000000 2.4943195614
1061.2000000000 2.4903988959
1061.3000000000 2.4866138596
1061.4000000000 2.4855370490
1061.5000000000 2.4881817438
1061.6000000000 2.4901505324
1061.7000000000 2.4854261415
1061.8000000000 2.4860080916
1061.9000000000 2.4860825663
1062.0000000000 2.4890648318
1062.1000000000 2.4924945963
1062.2000000000 2.4981298046
1062.3000000000 2.4949378974
1062.4000000000 2.4917483824
1062.5000000000 2.5011508912
1062.6000000000 2.4895476804
1062.7000000000 2.4867029834
1062.8000000000 2.4800717699
1062.9000000000 2.4830878380
1063.0000000000 2.4926471114
1063.1000000000 2.4898766484
1063.2000000000 2.4974747534
1063.3000000000 2.4924177844
1063.4000000000 2.4841478774
1063.5000000000 2.4849919683
1063.6000000000 2.4867739904
1063.7000000000 2.4892771082
1063.8000000000 2.4998881033
1063.9000000000 2.4937720187
1064.0000000000 2.4888139193
1064.1000000000 2.4889119289
1064.2000000000 2.4991059646
1064.3000000000 2.5014826472
1064.4000000000 2.5063550881
1064.5000000000 2.4981654588
1064.6000000000 2.5001007371
1064.7000000000 2.4981397567
1064.8000000000 2.5087061250
1064.9000000000 2.5066287286
1065.0000000000 2.5084849697
1065.1000000000 2.5063717294
1065.2000000000 2.5118075233
1065.3000000000 2.5099856434
1065.4000000000 2.5224107719
1065.5000000000 2.5229595390
1065.6000000000 2.5214898092
1065.7000000000 2.5206814368
1065.8000000000 2.5223548565
1065.9000000000 2.5195806739
1066.0000000000 2.5267175491
1066.1000000000 2.5271212546
1066.2000000000 2.5300137274
1066.3000000000 2.5268537144
1066.4000000000 2.5298422528
1066.5000000000 2.5350277430
1066.6000000000 2.5370383354
1066.7000000000 2.5353572496
1066.8000000000 2.5334265578
1066.9000000000 2.5331596133
1067.0000000000 2.5338394323
1067.1000000000 2.5406587158
1067.2000000000 2.5428441080
1067.3000000000 2.5432956504
1067.4000000000 2.5369604586
1067.5000000000 2.5351447731
1067.6000000000 2.5317977016
1067.7000000000 2.5255154863
1067.8000000000 2.5332469804
1067.9000000000 2.5359762846
1068.0000000000 2.5290074288
1068.1000000000 2.5328592619
1068.2000000000 2.5301206302
1068.3000000000 2.5345761905
1068.4000000000 2.5375137603
1068.5000000000 2.5412425309
1068.6000000000 2.5423330186
1068.7000000000 2.5362077336
1068.8000000000 2.5306020933
1068.9000000000 2.5267035420
1069.0000000000 2.5283998988
1069.1000000000 2.5316908927
1069.2000000000 2.5261669742
1069.3000000000 2.5252946137
1069.4000000000 2.5302073117
1069.5000000000 2.5320872974
1069.6000000000 2.5249454085
1069.7000000000 2.5297637079
1069.8000000000 2.5269468095
1069.9000000000 2.5267564862
1070.0000000000 2.5227312131
1070.1000000000 2.5240459913
1070.2000000000 2.5231483189
1070.3000000000 2.5217577893
1070.4000000000 2.5101302189
1070.5000000000 2.5126408841
1070.6000000000 2.5133273903
1070.7000000000 2.5146431684
1070.8000000000 2.5175113240
1070.9000000000 2.5104290124
1071.0000000000 2.5096748866
1071.1000000000 2.5133176781
1071.2000000000 2.5208240530
1071.3000000000 2.5220506184
1071.4000000000 2.5292559934
1071.5000000000 2.5242234748
1071.6000000000 2.5258455450
1071.7000000000 2.5258807238
1071.8000000000 2.5233994792
1071.9000000000 2.5254776446
1072.0000000000 2.5279251393
1072.1000000000 2.5241687814
1072.2000000000 2.5278846439
1072.3000000000 2.5217844323
1072.4000000000 2.5263685335
1072.5000000000 2.5152011289
1072.6000000000 2.5197322429
1072.7000000000 2.5236766207
1072.8000000000 2.5271218698
1072.9000000000 2.5256967730
1073.0000000000 2.5280845126
1073.1000000000 2.5253629328
1073.2000000000 2.5227720716
1073.3000000000 2.5279090760
1073.4000000000 2.5295031113
1073.5000000000 2.5307368776
1073.6000000000 2.5256878458
1073.7000000000 2.5217823623
1073.8000000000 2.5263167160
1073.9000000000 2.5273147137
1074.0000000000 2.5278555366
1074.1000000000 2.5243912973
1074.2000000000 2.5261525030
1074.3000000000 2.5249770120
1074.4000000000 2.5249519583
1074.5000000000 2.5266158598
1074.6000000000 2.5274793180
1074.7000000000 2.5298561816
1074.8000000000 2.5242331663
1074.9000000000 2.5115572990
1075.0000000000 2.5060284862
1075.1000000000 2.5038022576
1075.2000000000 2.4971956049
1075.3000000000 2.5019803381
1075.4000000000 2.5060383257
1075.5000000000 2.5079064514
1075.6000000000 2.5003121121
1075.7000000000 2.5014790784
1075.8000000000 2.5042744387
1075.9000000000 2.5075235761
1076.0000000000 2.5079713549
1076.1000000000 2.5118087994
1076.2000000000 2.5080567095
1076.3000000000 2.5021552216
1076.4000000000 2.4962142525
1076.5000000000 2.4789734076
1076.6000000000 2.4611139496
1076.7000000000 2.4652247340
1076.8000000000 2.4669216251
1076.9000000000 2.4670318107
1077.0000000000 2.4681430939
1077.1000000000 2.4635437011
1077.2000000000 2.4609535178
1077.3000000000 2.4641639865
1077.4000000000 2.4641837473
1077.5000000000 2.4593203930
1077.6000000000 2.4596088891
1077.7000000000 2.4571121943
1077.8000000000 2.4580434433
1077.9000000000 2.4629204765
1078.0000000000 2.4667083798
1078.1000000000 2.4622378917
1078.2000000000 2.4531049289
1078.3000000000 2.4530627548
1078.4000000000 2.4596576502
1078.5000000000 2.4580416977
1078.6000000000 2.4551726318
1078.7000000000 2.4524512112
1078.8000000000 2.4533855278
1078.9000000000 2.4536033879
1079.0000000000 2.4568289341
1079.1000000000 2.4622145722
1079.2000000000 2.4625385480
1079.3000000000 2.4679695348
1079.4000000000 2.4690478469
1079.5000000000 2.4797334638
1079.6000000000 2.4769117254
1079.7000000000 2.4818546119
1079.8000000000 2.4867646335
1079.9000000000 2.4853971858
1080.0000000000 2.4787167791
1080.1000000000 2.4819911512
1080.2000000000 2.4826170899
1080.3000000000 2.4874886719
1080.4000000000 2.4902481647
1080.5000000000 2.4829247984
1080.6000000000 2.4849590292
1080.7000000000 2.4867853675
1080.8000000000 2.4859235393
1080.9000000000 2.4848858340
1081.0000000000 2.4809805343
1081.1000000000 2.4861586382
1081.2000000000 2.4869044801
1081.3000000000 2.4869022824
1081.4000000000 2.4805929654
1081.5000000000 2.4786978068
1081.6000000000 2.4792963775
1081.7000000000 2.4818379664
1081.8000000000 2.4843192135
1081.9000000000 2.4881091716
1082.0000000000 2.4863372381
1082.1000000000 2.4870332660
1082.2000000000 2.4854334566
1082.3000000000 2.4809417063
1082.4000000000 2.4858721175
1082.5000000000 2.4821299726
1082.6000000000 2.4884790967
1082.7000000000 2.4886408926
1082.8000000000 2.4804744202
1082.9000000000 2.4817632726
1083.0000000000 2.4831277592
1083.1000000000 2.4810774606
1083.2000000000 2.4792755073
1083.3000000000 2.4701974945
1083.4000000000 2.4735490326
1083.5000000000 2.4842028103
1083.6000000000 2.4826995606
1083.7000000000 2.4749545895
1083.8000000000 2.4655910824
1083.9000000000 2.4648337215
1084.0000000000 2.4669522204
1084.1000000000 2.4664185390
1084.2000000000 2.4761141769
1084.3000000000 2.4797510404
1084.4000000000 2.4764918796
1084.5000000000 2.4864901831
1084.6000000000 2.4853233814
1084.7000000000 2.4882479145
1084.8000000000 2.4910572891
1084.9000000000 2.4925283531
1085.0000000000 2.4941308916
1085.1000000000 2.4981185293
1085.2000000000 2.4875209642
1085.3000000000 2.4944061498
1085.4000000000 2.4989775754
1085.5000000000 2.5035504820
1085.6000000000 2.4910268657
1085.7000000000 2.4969116140
1085.8000000000 2.4905189552
1085.9000000000 2.4883904137
1086.0000000000 2.4954890498
1086.1000000000 2.4886543860
1086.2000000000 2.4918989522
1086.3000000000 2.4893985073
1086.4000000000 2.4930676154
1086.5000000000 2.4917650411
1086.6000000000 2.4924364599
1086.7000000000 2.4891619900
1086.8000000000 2.4945649472
1086.9000000000 2.4919280416
1087.0000000000 2.4926849278
1087.1000000000 2.4897427797
1087.2000000000 2.4937630536
1087.3000000000 2.4920238395
1087.4000000000 2.4953416597
1087.5000000000 2.4905030403
1087.6000000000 2.4937562601
1087.7000000000 2.4948969461
1087.8000000000 2.4938127247
1087.9000000000 2.4973368836
1088.0000000000 2.4940219283
1088.1000000000 2.4944879898
1088.2000000000 2.4856380706
1088.3000000000 2.4852838244
1088.4000000000 2.4751787798
1088.5000000000 2.4838364428
1088.6000000000 2.4898842123
1088.7000000000 2.4925729676
1088.8000000000 2.4953641960
1088.9000000000 2.4969438288
1089.0000000000 2.4948237401
1089.1000000000 2.4853816402
1089.2000000000 2.4934387408
1089.3000000000 2.4972437438
1089.4000000000 2.4900553492
1089.5000000000 2.4873739322
1089.6000000000 2.4939448198
1089.7000000000 2.4961308189
1089.8000000000 2.4942600564
1089.9000000000 2.4943830232
1090.0000000000 2.4935744439
1090.1000000000 2.4863573192
1090.2000000000 2.4895299622
1090.3000000000 2.4875666412
1090.4000000000 2.4848649714
1090.5000000000 2.4906792149
1090.6000000000 2.4911995325
1090.7000000000 2.4864577634
1090.8000000000 2.4857150546
1090.9000000000 2.4900379092
1091.0000000000 2.4859290966
1091.1000000000 2.4849158265
1091.2000000000 2.4897086312
1091.3000000000 2.4938913090
1091.4000000000 2.4936489419
1091.5000000000 2.4873978279
1091.6000000000 2.4842865720
1091.7000000000 2.4912010323
1091.8000000000 2.4839452964
1091.9000000000 2.4842191072
1092.0000000000 2.4880247383
1092.1000000000 2.4870616959
1092.2000000000 2.4852000428
1092.3000000000 2.4790967032
1092.4000000000 2.4835837447
1092.5000000000 2.4734904100
1092.6000000000 2.4710754027
1092.7000000000 2.4804905162
1092.8000000000 2.4832336733
1092.9000000000 2.4870360095
1093.0000000000 2.4928143943
1093.1000000000 2.4930055385
1093.2000000000 2.4940229967
1093.3000000000 2.4817989782
1093.4000000000 2.4866921955
1093.5000000000 2.4863499454
1093.6000000000 2.4870155642
1093.7000000000 2.4881193992
1093.8000000000 2.4898175205
1093.9000000000 2.4883453506
1094.0000000000 2.4928720754
1094.1000000000 2.4915522722
1094.2000000000 2.4931956543
1094.3000000000 2.4953942647
1094.4000000000 2.4991444539
1094.5000000000 2.5043693945
1094.6000000000 2.4993950826
1094.7000000000 2.5096137411
1094.8000000000 2.5091520037
1094.9000000000 2.4990070402
1095.0000000000 2.4941975954
1095.1000000000 2.4983546790
1095.2000000000 2.5051277380
1095.3000000000 2.5016096529
1095.4000000000 2.5021213447
1095.5000000000 2.4985004865
1095.6000000000 2.4985409628
1095.7000000000 2.4969971504
1095.8000000000 2.4959298495
1095.9000000000 2.4820508074
1096.0000000000 2.4854361667
1096.1000000000 2.4912040119
1096.2000000000 2.4848163083
1096.3000000000 2.4902452937
1096.4000000000 2.4935718842
1096.5000000000 2.4864416112
1096.6000000000 2.4840363887
1096.7000000000 2.4882800837
1096.8000000000 2.4906740915
1096.9000000000 2.4923435635
1097.0000000000 2.4916933063
1097.1000000000 2.4961092291
1097.2000000000 2.4852453764
1097.3000000000 2.4756244065
1097.4000000000 2.4802397388
1097.5000000000 2.4793084085
1097.6000000000 2.4849436095
1097.7000000000 2.4814675960
1097.8000000000 2.4824029263
1097.9000000000 2.4821156890
1098.0000000000 2.4700040121
1098.1000000000 2.4738279524
1098.2000000000 2.4859487811
1098.3000000000 2.4887051651
1098.4000000000 2.4865048019
1098.5000000000 2.4842795995
1098.6000000000 2.4895826938
1098.7000000000 2.4934456716
1098.8000000000 2.4956620294
1098.9000000000 2.4976323266
1099.0000000000 2.4903653037
1099.1000000000 2.4963469357
1099.2000000000 2.4975170343
1099.3000000000 2.4958623088
1099.4000000000 2.4912924950
1099.5000000000 2.4969656217
1099.6000000000 2.4782961776
1099.7000000000 2.4785600512
1099.8000000000 2.4853041869
1099.9000000000 2.4908047873
1100.0000000000 2.4965016610
1100.1000000000 2.4894623498
1100.2000000000 2.4894905057
1100.3000000000 2.4925827086
1100.4000000000 2.4843877229
1100.5000000000 2.4944319472
1100.6000000000 2.4951977818
1100.7000000000 2.4896136670
1100.8000000000 2.4936791869
1100.9000000000 2.4922836976
1101.0000000000 2.5017004670
1101.1000000000 2.5019738299
1101.2000000000 2.4992237860
1101.3000000000 2.4968872282
1101.4000000000 2.4891578185
1101.5000000000 2.4858267798
1101.6000000000 2.4855817500
1101.7000000000 2.4817043714
1101.8000000000 2.4811099908
1101.9000000000 2.4745247118
1102.0000000000 2.4778869847
1102.1000000000 2.4790490088
1102.2000000000 2.4789791452
1102.3000000000 2.4716456363
1102.4000000000 2.4785589266
1102.5000000000 2.4784004790
1102.6000000000 2.4775746513
1102.7000000000 2.4766823132
1102.8000000000 2.4790404999
1102.9000000000 2.4823203250
1103.0000000000 2.4858987021
1103.1000000000 2.4806600386
1103.2000000000 2.4899549532
1103.3000000000 2.4827744311
1103.4000000000 2.4800460169
1103.5000000000 2.4783436830
1103.6000000000 2.4730818520
1103.7000000000 2.4794466537
1103.8000000000 2.4707988821
1103.9000000000 2.4739271160
1104.0000000000 2.4778291170
1104.1000000000 2.4839411301
1104.2000000000 2.4902699008
1104.3000000000 2.4830186513
1104.4000000000 2.4806088357
1104.5000000000 2.4842327897
1104.6000000000 2.4801781239
1104.7000000000 2.4790326582
1104.8000000000 2.4735174057
1104.9000000000 2.4819017767
1105.0000000000 2.4895848976
1105.1000000000 2.4876363270
1105.2000000000 2.4879741454
1105.3000000000 2.4887043294
1105.4000000000 2.4942948055
1105.5000000000 2.4910735619
1105.6000000000 2.4971770675
1105.7000000000 2.4954069903
1105.8000000000 2.4934151134
1105.9000000000 2.4948639291
1106.0000000000 2.4946513972
1106.1000000000 2.5029817312
1106.2000000000 2.4959447756
1106.3000000000 2.5015588035
1106.4000000000 2.4897951054
1106.5000000000 2.4945300493
1106.6000000000 2.5016215342
1106.7000000000 2.5076989152
1106.8000000000 2.5063897176
1106.9000000000 2.5151245792
1107.0000000000 2.5132119148
1107.1000000000 2.5125695831
1107.2000000000 2.5088831962
1107.3000000000 2.5189082673
1107.4000000000 2.5156600493
1107.5000000000 2.5211512609
1107.6000000000 2.5132492060
1107.7000000000 2.5240163791
1107.8000000000 2.5358307770
1107.9000000000 2.5369045714
1108.0000000000 2.5293922437
1108.1000000000 2.5357600938
1108.2000000000 2.5353669384
1108.3000000000 2.5395434363
1108.4000000000 2.5393350157
1108.5000000000 2.5470104214
1108.6000000000 2.5445995027
1108.7000000000 2.5413399619
1108.8000000000 2.5404495523
1108.9000000000 2.5406599437
1109.0000000000 2.5398168830
1109.1000000000 2.5317328972
1109.2000000000 2.5268219663
1109.3000000000 2.5310775303
1109.4000000000 2.5269086450
1109.5000000000 2.5314624819
1109.6000000000 2.5297881808
1109.7000000000 2.5269989795
1109.8000000000 2.5372419206
1109.9000000000 2.5240960169
1110.0000000000 2.5261991681
1110.1000000000 2.5289962960
1110.2000000000 2.5298532981
1110.3000000000 2.5372941082
1110.4000000000 2.5359185468
1110.5000000000 2.5322985019
1110.6000000000 2.5279005934
1110.7000000000 2.5254903511
1110.8000000000 2.5245138590
1110.9000000000 2.5319853775
1111.0000000000 2.5232678754
1111.1000000000 2.5274221156
1111.2000000000 2.5385963522
1111.3000000000 2.5348689089
1111.4000000000 2.5430154103
1111.5000000000 2.5441416559
1111.6000000000 2.5402148556
1111.7000000000 2.5401755762
1111.8000000000 2.5340047480
1111.9000000000 2.5292792589
1112.0000000000 2.5316586454
1112.1000000000 2.5328525592
1112.2000000000 2.5350169551
1112.3000000000 2.5367800930
1112.4000000000 2.5276790008
1112.5000000000 2.5314558931
1112.6000000000 2.5206171530
1112.7000000000 2.5277282585
1112.8000000000 2.5262079877
1112.9000000000 2.5309704871
1113.0000000000 2.5294319696
1113.1000000000 2.5304003193
1113.2000000000 2.5330078424
1113.3000000000 2.5314862160
1113.4000000000 2.5287782456
1113.5000000000 2.5241785856
1113.6000000000 2.5247576013
1113.7000000000 2.5262717895
1113.8000000000 2.5251424875
1113.9000000000 2.5296567710
1114.0000000000 2.5345381152
1114.1000000000 2.5279648595
1114.2000000000 2.5273716021
1114.3000000000 2.5211736199
1114.4000000000 2.5086752123
1114.5000000000 2.5148588117
1114.6000000000 2.5197156357
1114.7000000000 2.5109797665
1114.8000000000 2.5148864962
1114.9000000000 2.5162148179
1115.0000000000 2.5198908423
1115.1000000000 2.5266064966
1115.2000000000 2.5321044237
1115.3000000000 2.5346166090
1115.4000000000 2.5262758510
1115.5000000000 2.5292487607
1115.6000000000 2.5259461551
1115.7000000000 2.5274183377
1115.8000000000 2.5204880659
1115.9000000000 2.5281090528
1116.0000000000 2.5214633443
1116.1000000000 2.5227064717
1116.2000000000 2.5261757412
1116.3000000000 2.5241733359
1116.4000000000 2.5292924825
1116.5000000000 2.5207879600
1116.6000000000 2.5255350294
1116.7000000000 2.5237205007
1116.8000000000 2.5287916463
1116.9000000000 2.5254882285
1117.0000000000 2.5282517485
1117.1000000000 2.5293215724
1117.2000000000 2.5234620344
1117.3000000000 2.5260673126
1117.4000000000 2.5213797983
1117.5000000000 2.5136226340
1117.6000000000 2.5039954946
1117.7000000000 2.5100435136
1117.8000000000 2.5096400535
1117.9000000000 2.5114562122
1118.0000000000 2.5142216454
1118.1000000000 2.5174255731
1118.2000000000 2.5063068255
1118.3000000000 2.5060249591
1118.4000000000 2.5095746494
1118.5000000000 2.5064255496
1118.6000000000 2.4986900741
1118.7000000000 2.5015851027
1118.8000000000 2.5047323184
1118.9000000000 2.4978627749
1119.0000000000 2.5045409393
1119.1000000000 2.5010792549
1119.2000000000 2.4940937925
1119.3000000000 2.4986796543
1119.4000000000 2.4874575815
1119.5000000000 2.4881808214
1119.6000000000 2.4831247740
1119.7000000000 2.4850574076
1119.8000000000 2.4856339223
1119.9000000000 2.4893624716
1120.0000000000 2.4944483970
1120.1000000000 2.4970856016
1120.2000000000 2.4948382421
1120.3000000000 2.4939330927
1120.4000000000 2.5003005714
1120.5000000000 2.4990734277
1120.6000000000 2.4939996624
1120.7000000000 2.4962358443
1120.8000000000 2.4984384168
1120.9000000000 2.4996051725
1121.0000000000 2.4879272787
1121.1000000000 2.4934283497
1121.2000000000 2.4820019518
1121.3000000000 2.4814936809
1121.4000000000 2.4831815576
1121.5000000000 2.4795858431
1121.6000000000 2.4861342379
1121.7000000000 2.4831274879
1121.8000000000 2.4869255848
1121.9000000000 2.4875292467
1122.0000000000 2.4855139320
1122.1000000000 2.4857891315
1122.2000000000 2.4874063807
1122.3000000000 2.4923763020
1122.4000000000 2.4933979691
1122.5000000000 2.4948638925
1122.6000000000 2.4774135792
1122.7000000000 2.4820583842
1122.8000000000 2.4829889704
1122.9000000000 2.4881087551
1123.0000000000 2.4827189691
1123.1000000000 2.4829535765
1123.2000000000 2.4818427072
1123.3000000000 2.4873723262
1123.4000000000 2.4901799359
1123.5000000000 2.4778458915
1123.6000000000 2.4713397980
1123.7000000000 2.4719960996
1123.8000000000 2.4787040863
1123.9000000000 2.4776904150
1124.0000000000 2.4837176688
1124.1000000000 2.4824757073
1124.2000000000 2.4810089343
1124.3000000000 2.4759241613
1124.4000000000 2.4779548021
1124.5000000000 2.4839817119
1124.6000000000 2.4833794163
1124.7000000000 2.4771257455
1124.8000000000 2.4841406448
1124.9000000000 2.4722872727
1125.0000000000 2.4666285102
1125.1000000000 2.4660028843
1125.2000000000 2.4566356784
1125.3000000000 2.4509793154
1125.4000000000 2.4542907826
1125.5000000000 2.4592838636
1125.6000000000 2.4556829421
1125.7000000000 2.4529070259
1125.8000000000 2.4528535173
1125.9000000000 2.4625942119
1126.0000000000 2.4638301565
1126.1000000000 2.4566730758
1126.2000000000 2.4527301333
1126.3000000000 2.4538208426
1126.4000000000 2.4432317619
1126.5000000000 2.4422765803
1126.6000000000 2.4488614578
1126.7000000000 2.4545739373
1126.8000000000 2.4561431897
1126.9000000000 2.4545610832
1127.0000000000 2.4552935110
1127.1000000000 2.4526048520
1127.2000000000 2.4517375558
1127.3000000000 2.4546269057
1127.4000000000 2.4510516668
1127.5000000000 2.4495605373
1127.6000000000 2.4444202041
1127.7000000000 2.4461644007
1127.8000000000 2.4459521932
1127.9000000000 2.4480507811
1128.0000000000 2.4359381706
1128.1000000000 2.4331065320
1128.2000000000 2.4407904603
1128.3000000000 2.4370695962
1128.4000000000 2.4312469810
1128.5000000000 2.4355299888
1128.6000000000 2.4370612897
1128.7000000000 2.4457950499
1128.8000000000 2.4393160812
1128.9000000000 2.4477357438
1129.0000000000 2.4504499791
1129.1000000000 2.4485541370
1129.2000000000 2.4536613062
1129.3000000000 2.4546400410
1129.4000000000 2.4601535455
1129.5000000000 2.4601012300
1129.6000000000 2.4639037351
1129.7000000000 2.4615992903
1129.8000000000 2.4560971089
1129.9000000000 2.4572873007
1130.0000000000 2.4544915234
1130.1000000000 2.4382018376
1130.2000000000 2.4313692409
1130.3000000000 2.4265398947
1130.4000000000 2.4245425242
1130.5000000000 2.4201874140
1130.6000000000 2.4232968087
1130.7000000000 2.4199237911
1130.8000000000 2.4202068928
1130.9000000000 2.4248516355
1131.0000000000 2.4277400870
1131.1000000000 2.4299478460
1131.2000000000 2.4290643432
1131.3000000000 2.4391557145
1131.4000000000 2.4418591158
1131.5000000000 2.4453034628
1131.6000000000 2.4380887303
1131.7000000000 2.4390816251
1131.8000000000 2.4381920498
1131.9000000000 2.4351019864
1132.0000000000 2.4332183159
1132.1000000000 2.4293391422
1132.2000000000 2.4279376648
1132.3000000000 2.4296252660
1132.4000000000 2.4330576863
1132.5000000000 2.4353735776
1132.6000000000 2.4359375902
1132.7000000000 2.4353939008
1132.8000000000 2.4380556182
1132.9000000000 2.4376263717
1133.0000000000 2.4406822927
1133.1000000000 2.4346558140
1133.2000000000 2.4318729655
1133.3000000000 2.4236222277
1133.4000000000 2.4279021921
1133.5000000000 2.4318632893
1133.6000000000 2.4294740795
1133.7000000000 2.4378665107
1133.8000000000 2.4356347154
1133.9000000000 2.4315363611
1134.0000000000 2.4244600079
1134.1000000000 2.4316265397
1134.2000000000 2.4328236692
1134.3000000000 2.4412539898
1134.4000000000 2.4400611204
1134.5000000000 2.4376740636
1134.6000000000 2.4388050487
1134.7000000000 2.4404943471
1134.8000000000 2.4379629050
1134.9000000000 2.4384475818
1135.0000000000 2.4368187509
1135.1000000000 2.4380989807
1135.2000000000 2.4467472805
1135.3000000000 2.4408462708
1135.4000000000 2.4377716136
1135.5000000000 2.4366539852
1135.6000000000 2.4428472298
1135.7000000000 2.4430818466
1135.8000000000 2.4400274946
1135.9000000000 2.4351571428
1136.0000000000 2.4410387789
1136.1000000000 2.4462615039
1136.2000000000 2.4421650790
1136.3000000000 2.4411024329
1136.4000000000 2.4495471443
1136.5000000000 2.4456180383
1136.6000000000 2.4440975874
1136.7000000000 2.4468296774
1136.8000000000 2.4483728423
1136.9000000000 2.4502104305
1137.0000000000 2.4531775727
1137.1000000000 2.4497130661
1137.2000000000 2.4493095142
1137.3000000000 2.4466156893
1137.4000000000 2.4561687613
1137.5000000000 2.4546955568
1137.6000000000 2.4557949444
1137.7000000000 2.4421078657
1137.8000000000 2.4464211418
1137.9000000000 2.4468745627
1138.0000000000 2.4552527892
1138.1000000000 2.4507119025
1138.2000000000 2.4492350580
1138.3000000000 2.4554632946
1138.4000000000 2.4494284347
1138.5000000000 2.4523904676
1138.6000000000 2.4496135983
1138.7000000000 2.4552468527
1138.8000000000 2.4496682878
1138.9000000000 2.4589296317
1139.0000000000 2.4635550089
1139.1000000000 2.4739628019
1139.2000000000 2.4659558189
1139.3000000000 2.4620790440
1139.4000000000 2.4627495097
1139.5000000000 2.4634950922
1139.6000000000 2.4646519443
1139.7000000000 2.4580091730
1139.8000000000 2.4569932203
1139.9000000000 2.4493132265
1140.0000000000 2.4398516112
1140.1000000000 2.4414759697
1140.2000000000 2.4405956384
1140.3000000000 2.4463794115
1140.4000000000 2.4522048679
1140.5000000000 2.4545752501
1140.6000000000 2.4527027532
1140.7000000000 2.4509719009
1140.8000000000 2.4545280450
1140.9000000000 2.4465861788
1141.0000000000 2.4453168775
1141.1000000000 2.4523576843
1141.2000000000 2.4580782150
1141.3000000000 2.4591688384
1141.4000000000 2.4609790027
1141.5000000000 2.4661099471
1141.6000000000 2.4686283071
1141.7000000000 2.4683778355
1141.8000000000 2.4704865592
1141.9000000000 2.4655390455
1142.0000000000 2.4652093699
1142.1000000000 2.4649783647
1142.2000000000 2.4606474617
1142.3000000000 2.4638928327
1142.4000000000 2.4632270966
1142.5000000000 2.4492214262
1142.6000000000 2.4430552406
1142.7000000000 2.4443221280
1142.8000000000 2.4496743431
1142.9000000000 2.4479731803
1143.0000000000 2.4536324695
1143.1000000000 2.4525784493
1143.2000000000 2.4513935082
1143.3000000000 2.4476039980
1143.4000000000 2.4433700668
1143.5000000000 2.4449399661
1143.6000000000 2.4336668920
1143.7000000000 2.4230816516
1143.8000000000 2.4262088860
1143.9000000000 2.4291014375
1144.0000000000 2.4370789295
1144.1000000000 2.4420419085
1144.2000000000 2.4455730092
1144.3000000000 2.4457573035
1144.4000000000 2.4448706800
1144.5000000000 2.4440080389
1144.6000000000 2.4500581214
1144.7000000000 2.4468401564
1144.8000000000 2.4472671660
1144.9000000000 2.4568994961
1145.0000000000 2.4453956458
1145.1000000000 2.4532304484
1145.2000000000 2.4530378826
1145.3000000000 2.4601110995
1145.4000000000 2.4651484701
1145.5000000000 2.4664257451
1145.6000000000 2.4713370734
1145.7000000000 2.4670362442
1145.8000000000 2.4632675187
1145.9000000000 2.4568524488
1146.0000000000 2.4621400400
1146.1000000000 2.4603585424
1146.2000000000 2.4610426798
1146.3000000000 2.4661494509
1146.4000000000 2.4594369414
1146.5000000000 2.4608627837
1146.6000000000 2.4579264183
1146.7000000000 2.4576733418
1146.8000000000 2.4478420483
1146.9000000000 2.4491696884
1147.0000000000 2.4548535146
1147.1000000000 2.4591755929
1147.2000000000 2.4477145216
1147.3000000000 2.4476677463
1147.4000000000 2.4437595622
1147.5000000000 2.4433044744
1147.6000000000 2.4457301636
1147.7000000000 2.4482518267
1147.8000000000 2.4472487325
1147.9000000000 2.4489918143
1148.0000000000 2.4501732665
1148.1000000000 2.4559751331
1148.2000000000 2.4629101038
1148.3000000000 2.4488078596
1148.4000000000 2.4491498353
1148.5000000000 2.4553933085
1148.6000000000 2.4617468949
1148.7000000000 2.4676578125
1148.8000000000 2.4615851325
1148.9000000000 2.4616669704
1149.0000000000 2.4572335373
1149.1000000000 2.4505125731
1149.2000000000 2.4508523129
1149.3000000000 2.4506378869
1149.4000000000 2.4390743840
1149.5000000000 2.4464655992
1149.6000000000 2.4473334241
1149.7000000000 2.4394906567
1149.8000000000 2.4441279036
1149.9000000000 2.4469367214
1150.0000000000 2.4491622508
1150.1000000000 2.4488275685
1150.2000000000 2.4390569720
1150.3000000000 2.4389776428
1150.4000000000 2.4392610007
1150.5000000000 2.4339152273
1150.6000000000 2.4350882424
1150.7000000000 2.4252966282
1150.8000000000 2.4266507747
1150.9000000000 2.4246234651
1151.0000000000 2.4303695587
1151.1000000000 2.4262571500
1151.2000000000 2.4187772715
1151.3000000000 2.4118184823
1151.4000000000 2.4147377793
1151.5000000000 2.4247068627
1151.6000000000 2.4154272595
1151.7000000000 2.4149541694
1151.8000000000 2.4127811920
1151.9000000000 2.4090543076
1152.0000000000 2.4054094682
1152.1000000000 2.4032104654
1152.2000000000 2.4009963413
1152.3000000000 2.4113583956
1152.4000000000 2.4173427136
1152.5000000000 2.4194128637
1152.6000000000 2.4204574919
1152.7000000000 2.4193825092
1152.8000000000 2.4076100254
1152.9000000000 2.4116678257
1153.0000000000 2.4189091473
1153.1000000000 2.4176131642
1153.2000000000 2.4163154579
1153.3000000000 2.4216791964
1153.4000000000 2.4283332401
1153.5000000000 2.4271259714
1153.6000000000 2.4286675992
1153.7000000000 2.4319348686
1153.8000000000 2.4339965187
1153.9000000000 2.4326264061
1154.0000000000 2.4365404986
1154.1000000000 2.4411321850
1154.2000000000 2.4358808038
1154.3000000000 2.4347274631
1154.4000000000 2.4297603945
1154.5000000000 2.4340719453
1154.6000000000 2.4291320613
1154.7000000000 2.4334617285
1154.8000000000 2.4359942162
1154.9000000000 2.4384114875
1155.0000000000 2.4332254017
1155.1000000000 2.4188835555
1155.2000000000 2.4229985597
1155.3000000000 2.4241090978
1155.4000000000 2.4100872408
1155.5000000000 2.4076897840
1155.6000000000 2.4092197828
1155.7000000000 2.4219977705
1155.8000000000 2.4236504707
1155.9000000000 2.4197227801
1156.0000000000 2.4154430181
1156.1000000000 2.4095049296
1156.2000000000 2.4100264055
1156.3000000000 2.4140667260
1156.4000000000 2.4138944057
1156.5000000000 2.4234121773
1156.6000000000 2.4180097802
1156.7000000000 2.4123820435
1156.8000000000 2.4048861757
1156.9000000000 2.4066543694
1157.0000000000 2.4075946998
1157.1000000000 2.3953650912
1157.2000000000 2.3980093406
1157.3000000000 2.4028576437
1157.4000000000 2.3972396673
1157.5000000000 2.3967757781
1157.6000000000 2.3973530363
1157.7000000000 2.3999506056
1157.8000000000 2.3972710495
1157.9000000000 2.3883370686
1158.0000000000 2.3833360997
1158.1000000000 2.3874054144
1158.2000000000 2.3912658760
1158.3000000000 2.3879046830
1158.4000000000 2.3922044295
1158.5000000000 2.3888698805
1158.6000000000 2.3996269838
1158.7000000000 2.4022166728
1158.8000000000 2.4054746539
1158.9000000000 2.4091530860
1159.0000000000 2.4014166951
1159.1000000000 2.3999208198
1159.2000000000 2.3946393256
1159.3000000000 2.3981441782
1159.4000000000 2.3970569854
1159.5000000000 2.4002877034
1159.6000000000 2.3985018650
1159.7000000000 2.4038355568
1159.8000000000 2.4000779404
1159.9000000000 2.3935972527
1160.0000000000 2.3977683368
1160.1000000000 2.4036548779
1160.2000000000 2.4066178763
1160.3000000000 2.4092474051
1160.4000000000 2.4171491786
1160.5000000000 2.4185726745
1160.6000000000 2.4242840883
1160.7000000000 2.4159575820
1160.8000000000 2.4174254489
1160.9000000000 2.4162482756
1161.0000000000 2.4203727146
1161.1000000000 2.4237275454
1161.2000000000 2.4231127738
1161.3000000000 2.4193265254
1161.4000000000 2.4147226874
1161.5000000000 2.4172757257
1161.6000000000 2.4164658334
1161.7000000000 2.4135757619
1161.8000000000 2.4159073928
1161.9000000000 2.4121318746
1162.0000000000 2.4182934766
1162.1000000000 2.4220622182
1162.2000000000 2.4192213651
1162.3000000000 2.4164039093
1162.4000000000 2.4243328450
1162.5000000000 2.4289316140
1162.6000000000 2.4286139130
1162.7000000000 2.4317718168
1162.8000000000 2.4269915919
1162.9000000000 2.4306259250
1163.0000000000 2.4320071522
1163.1000000000 2.4274052151
1163.2000000000 2.4383195761
1163.3000000000 2.4388268070
1163.4000000000 2.4420735673
1163.5000000000 2.4275670746
1163.6000000000 2.4208117258
1163.7000000000 2.4173105086
1163.8000000000 2.4274436764
1163.9000000000 2.4309515156
1164.0000000000 2.4332712026
1164.1000000000 2.4258779587
1164.2000000000 2.4225384620
1164.3000000000 2.4194024833
1164.4000000000 2.4220010311
1164.5000000000 2.4181225136
1164.6000000000 2.4135169705
1164.7000000000 2.4102743621
1164.8000000000 2.4123241642
1164.9000000000 2.4151645992
1165.0000000000 2.4143160729
1165.1000000000 2.4192291880
1165.2000000000 2.4222111719
1165.3000000000 2.4267581516
1165.4000000000 2.4245133955
1165.5000000000 2.4088672564
1165.6000000000 2.4065644602
1165.7000000000 2.4105775347
1165.8000000000 2.4031699254
1165.9000000000 2.3936855551
1166.0000000000 2.3969842077
1166.1000000000 2.4037001672
1166.2000000000 2.3996462326
1166.3000000000 2.4033526339
1166.4000000000 2.3976345451
1166.5000000000 2.4044914469
1166.6000000000 2.3970737662
1166.7000000000 2.3825485567
1166.8000000000 2.3840488602
1166.9000000000 2.3908812917
1167.0000000000 2.3935212031
1167.1000000000 2.3951680137
1167.2000000000 2.3940979274
1167.3000000000 2.3954358288
1167.4000000000 2.3927090218
1167.5000000000 2.3976746093
1167.6000000000 2.3864561794
1167.7000000000 2.3734282694
1167.8000000000 2.3795424765
1167.9000000000 2.3800297088
1168.0000000000 2.3765613776
1168.1000000000 2.3768284754
1168.2000000000 2.3792872683
1168.3000000000 2.3799714770
1168.4000000000 2.3869039318
1168.5000000000 2.3795422890
1168.6000000000 2.3855780642
1168.7000000000 2.3863148082
1168.8000000000 2.3880412935
1168.9000000000 2.3856078714
1169.0000000000 2.3915684849
1169.1000000000 2.3886699533
1169.2000000000 2.3840558848
1169.3000000000 2.3823005458
1169.4000000000 2.3777679097
1169.5000000000 2.3789728356
1169.6000000000 2.3743863369
1169.7000000000 2.3776060730
1169.8000000000 2.3705320107
1169.9000000000 2.3661576566
1170.0000000000 2.3556343822
1170.1000000000 2.3571968385
1170.2000000000 2.3575316876
1170.3000000000 2.3577394934
1170.4000000000 2.3657037641
1170.5000000000 2.3548919991
1170.6000000000 2.3558653979
1170.7000000000 2.3591253798
1170.8000000000 2.3572154565
1170.9000000000 2.3584804467
1171.0000000000 2.3587821989
1171.1000000000 2.3647258709
1171.2000000000 2.3700738113
1171.3000000000 2.3715746342
1171.4000000000 2.3775314959
1171.5000000000 2.3664407831
1171.6000000000 2.3700016234
1171.7000000000 2.3686134773
1171.8000000000 2.3657040374
1171.9000000000 2.3658940135
1172.0000000000 2.3739986811
1172.1000000000 2.3763563324
1172.2000000000 2.3733765589
1172.3000000000 2.3779603320
1172.4000000000 2.3749006326
1172.5000000000 2.3684074141
1172.6000000000 2.3662246878
1172.7000000000 2.3675825510
1172.8000000000 2.3629857466
1172.9000000000 2.3669568485
1173.0000000000 2.3707446010
1173.1000000000 2.3733232879
1173.2000000000 2.3715573530
1173.3000000000 2.3754078333
1173.4000000000 2.3701434352
1173.5000000000 2.3761214822
1173.6000000000 2.3763586316
1173.7000000000 2.3845908792
1173.8000000000 2.3826028546
1173.9000000000 2.3734865146
1174.0000000000 2.3689576437
1174.1000000000 2.3742795415
1174.2000000000 2.3800832441
1174.3000000000 2.3809477749
1174.4000000000 2.3697965513
1174.5000000000 2.3617409030
1174.6000000000 2.3682145388
1174.7000000000 2.3690535408
1174.8000000000 2.3664365900
1174.9000000000 2.3691913935
1175.0000000000 2.3722466737
1175.1000000000 2.3683282967
1175.2000000000 2.3743263753
1175.3000000000 2.3753565147
1175.4000000000 2.3827197126
1175.5000000000 2.3907666107
1175.6000000000 2.3963491869
1175.7000000000 2.3979761783
1175.8000000000 2.4014970683
1175.9000000000 2.4035341988
1176.0000000000 2.3996267720
1176.1000000000 2.3913382137
1176.2000000000 2.3919673452
1176.3000000000 2.3895015959
1176.4000000000 2.3929113239
1176.5000000000 2.3962314934
1176.6000000000 2.3897287312
1176.7000000000 2.3863279936
1176.8000000000 2.3845517365
1176.9000000000 2.3771436473
1177.0000000000 2.3769323718
1177.1000000000 2.3783163893
1177.2000000000 2.3788317055
1177.3000000000 2.3826455025
1177.4000000000 2.3794155917
1177.5000000000 2.3769918303
1177.6000000000 2.3798233467
1177.7000000000 2.3814110209
1177.8000000000 2.3771201870
1177.9000000000 2.3775420309
1178.0000000000 2.3811260048
1178.1000000000 2.3813571875
1178.2000000000 2.3947573765
1178.3000000000 2.3966094807
1178.4000000000 2.4050075121
1178.5000000000 2.4013725195
1178.6000000000 2.3897913291
1178.7000000000 2.3854850880
1178.8000000000 2.3875527877
1178.9000000000 2.3951782938
1179.0000000000 2.3852771733
1179.1000000000 2.3927184308
1179.2000000000 2.3935640059
1179.3000000000 2.3818804897
1179.4000000000 2.3795978115
1179.5000000000 2.3801142985
1179.6000000000 2.3821342217
1179.7000000000 2.3854481942
1179.8000000000 2.3829190672
1179.9000000000 2.3870125289
1180.0000000000 2.3802947729
1180.1000000000 2.3832452250
1180.2000000000 2.3759822152
1180.3000000000 2.3798756703
1180.4000000000 2.3819437692
1180.5000000000 2.3814766033
1180.6000000000 2.3854408763
1180.7000000000 2.3721586332
1180.8000000000 2.3726228499
1180.9000000000 2.3731570703
1181.0000000000 2.3752331052
1181.1000000000 2.3727189796
1181.2000000000 2.3784473032
1181.3000000000 2.3830103890
1181.4000000000 2.3826592929
1181.5000000000 2.3808729942
1181.6000000000 2.3704709178
1181.7000000000 2.3674723727
1181.8000000000 2.3652819821
1181.9000000000 2.3770792384
1182.0000000000 2.3771985709
1182.1000000000 2.3781796094
1182.2000000000 2.3813008420
1182.3000000000 2.3773800291
1182.4000000000 2.3812605180
1182.5000000000 2.3829756479
1182.6000000000 2.3881570468
1182.7000000000 2.3915783509
1182.8000000000 2.3895183389
1182.9000000000 2.3904593568
1183.0000000000 2.3929465789
1183.1000000000 2.3954690571
1183.2000000000 2.3924246655
1183.3000000000 2.3948340815
1183.4000000000 2.4041384734
1183.5000000000 2.4040804666
1183.6000000000 2.4006466136
1183.7000000000 2.4080442324
1183.8000000000 2.4108263826
1183.9000000000 2.4127548345
1184.0000000000 2.4227462703
1184.1000000000 2.4259911755
1184.2000000000 2.4240398998
1184.3000000000 2.4275738407
1184.4000000000 2.4245740121
1184.5000000000 2.4208730031
1184.6000000000 2.4235476213
1184.7000000000 2.4097770586
1184.8000000000 2.4162799315
1184.9000000000 2.4131940007
1185.0000000000 2.4159134317
1185.1000000000 2.4127130964
1185.2000000000 2.4120184867
1185.3000000000 2.4116272480
1185.4000000000 2.4161320223
1185.5000000000 2.4152423157
1185.6000000000 2.4159581460
1185.7000000000 2.4129648010
1185.8000000000 2.4167638940
1185.9000000000 2.4159849697
1186.0000000000 2.4129900801
1186.1000000000 2.4129017359
1186.2000000000 2.4152459008
1186.3000000000 2.4109851984
1186.4000000000 2.4123595466
1186.5000000000 2.4057756950
1186.6000000000 2.3978836750
1186.7000000000 2.4018518650
1186.8000000000 2.3964783048
1186.9000000000 2.3924176992
1187.0000000000 2.3931855274
1187.1000000000 2.3998022860
1187.2000000000 2.4065572364
1187.3000000000 2.4083585077
1187.4000000000 2.4037465256
1187.5000000000 2.4026756707
1187.6000000000 2.4054238665
1187.7000000000 2.4105389113
1187.8000000000 2.4034071350
1187.9000000000 2.3990115234
1188.0000000000 2.4070759857
1188.1000000000 2.4093721619
1188.2000000000 2.4128359362
1188.3000000000 2.4089459862
1188.4000000000 2.4094067323
1188.5000000000 2.4068202882
1188.6000000000 2.4065207908
1188.7000000000 2.4073630288
1188.8000000000 2.4085005196
1188.9000000000 2.4136058908
1189.0000000000 2.4204451840
1189.1000000000 2.4222974184
1189.2000000000 2.4237677933
1189.3000000000 2.4227070279
1189.4000000000 2.4234935320
1189.5000000000 2.4265082586
1189.6000000000 2.4244890446
1189.7000000000 2.4289082312
1189.8000000000 2.4279096992
1189.9000000000 2.4232237509
1190.0000000000 2.4211757025
1190.1000000000 2.4194285788
1190.2000000000 2.4247264693
1190.3000000000 2.4320800744
1190.4000000000 2.4349952721
1190.5000000000 2.4317545231
1190.6000000000 2.4393156651
1190.7000000000 2.4288019030
1190.8000000000 2.4254768439
1190.9000000000 2.4217333134
1191.0000000000 2.4226073285
1191.1000000000 2.4234983766
1191.2000000000 2.4247690376
1191.3000000000 2.4261467465
1191.4000000000 2.4208562600
1191.5000000000 2.4155472370
1191.6000000000 2.4191586911
1191.7000000000 2.4244005655
1191.8000000000 2.4280243002
1191.9000000000 2.4291314572
1192.0000000000 2.4316654848
1192.1000000000 2.4246127348
1192.2000000000 2.4205170096
1192.3000000000 2.4306555955
1192.4000000000 2.4318633274
1192.5000000000 2.4431912270
1192.6000000000 2.4351693927
1192.7000000000 2.4325550878
1192.8000000000 2.4319744897
1192.9000000000 2.4269470285
1193.0000000000 2.4307080950
1193.1000000000 2.4335762844
1193.2000000000 2.4394191330
1193.3000000000 2.4338890199
1193.4000000000 2.4310905129
1193.5000000000 2.4230995450
1193.6000000000 2.4245580687
1193.7000000000 2.4273731243
1193.8000000000 2.4353300864
1193.9000000000 2.4247717165
1194.0000000000 2.4324222225
1194.1000000000 2.4362429793
1194.2000000000 2.4348163506
1194.3000000000 2.4357419172
1194.4000000000 2.4433618638
1194.5000000000 2.4479147764
1194.6000000000 2.4519291781
1194.7000000000 2.4506521834
1194.8000000000 2.4460970840
1194.9000000000 2.4435449877
1195.0000000000 2.4486522255
1195.1000000000 2.4449374019
1195.2000000000 2.4441677606
1195.3000000000 2.4416758868
1195.4000000000 2.4330527827
1195.5000000000 2.4407787573
1195.6000000000 2.4426263701
1195.7000000000 2.4483732338
1195.8000000000 2.4486622475
1195.9000000000 2.4538328915
1196.0000000000 2.4490802729
1196.1000000000 2.4447779545
1196.2000000000 2.4445222563
1196.3000000000 2.4498348273
1196.4000000000 2.4465548478
1196.5000000000 2.4437502148
1196.6000000000 2.4390300451
1196.7000000000 2.4319618801
1196.8000000000 2.4259503625
1196.9000000000 2.4364951081
1197.0000000000 2.4341349361
1197.1000000000 2.4321393531
1197.2000000000 2.4230320104
1197.3000000000 2.4281999590
1197.4000000000 2.4381662208
1197.5000000000 2.4304575822
1197.6000000000 2.4335730098
1197.7000000000 2.4365742409
1197.8000000000 2.4385465513
1197.9000000000 2.4393321905
1198.0000000000 2.4427655929
1198.1000000000 2.4490268511
1198.2000000000 2.4452507705
1198.3000000000 2.4512411913
1198.4000000000 2.4487624040
1198.5000000000 2.4466249258
1198.6000000000 2.4481830747
1198.7000000000 2.4475880750
1198.8000000000 2.4532155215
1198.9000000000 2.4565090603
1199.0000000000 2.4560505342
1199.1000000000 2.4584612508
1199.2000000000 2.4678180838
1199.3000000000 2.4613780306
1199.4000000000 2.4617393898
1199.5000000000 2.4520632494
1199.6000000000 2.4494988900
1199.7000000000 2.4421780990
1199.8000000000 2.4419131974
1199.9000000000 2.4464279128
1200.0000000000 2.4487780582
1200.1000000000 2.4519226978
1200.2000000000 2.4583242675
1200.3000000000 2.4511359468
1200.4000000000 2.4517152588
1200.5000000000 2.4508448122
1200.6000000000 2.4490047859
1200.7000000000 2.4524698215
1200.8000000000 2.4608166927
1200.9000000000 2.4655914093
1201.0000000000 2.4683430667
1201.1000000000 2.4683424342
1201.2000000000 2.4699020286
1201.3000000000 2.4629253646
1201.4000000000 2.4640529533
1201.5000000000 2.4572132870
1201.6000000000 2.4478174366
1201.7000000000 2.4517857288
1201.8000000000 2.4501868746
1201.9000000000 2.4529468035
1202.0000000000 2.4604114251
1202.1000000000 2.4570668715
1202.2000000000 2.4521004662
1202.3000000000 2.4507029521
1202.4000000000 2.4448717428
1202.5000000000 2.4454351406
1202.6000000000 2.4390516331
1202.7000000000 2.4261314070
1202.8000000000 2.4249612420
1202.9000000000 2.4214706414
1203.0000000000 2.4147735239
1203.1000000000 2.4116864975
1203.2000000000 2.4081076464
1203.3000000000 2.4134512126
1203.4000000000 2.4127957836
1203.5000000000 2.4124449512
1203.6000000000 2.4167977700
1203.7000000000 2.4100735597
1203.8000000000 2.4118611593
1203.9000000000 2.4108731014
1204.0000000000 2.4224314545
1204.1000000000 2.4300009266
1204.2000000000 2.4335840496
1204.3000000000 2.4281614467
1204.4000000000 2.4295915243
1204.5000000000 2.4309669599
1204.6000000000 2.4345053705
1204.7000000000 2.4299104973
1204.8000000000 2.4308387321
1204.9000000000 2.4337162183
1205.0000000000 2.4294348861
1205.1000000000 2.4304095796
1205.2000000000 2.4269179410
1205.3000000000 2.4291416945
1205.4000000000 2.4364768624
1205.5000000000 2.4403795333
1205.6000000000 2.4436103631
1205.7000000000 2.4483935550
1205.8000000000 2.4473653141
1205.9000000000 2.4530220845
1206.0000000000 2.4540161599
1206.1000000000 2.4435082933
1206.2000000000 2.4463056216
1206.3000000000 2.4504310319
1206.4000000000 2.4530201291
1206.5000000000 2.4572017432
1206.6000000000 2.4574501203
1206.7000000000 2.4559350189
1206.8000000000 2.4588995265
1206.9000000000 2.4559828523
1207.0000000000 2.4540815064
1207.1000000000 2.4494077808
1207.2000000000 2.4434933404
1207.3000000000 2.4418822919
1207.4000000000 2.4439986242
1207.5000000000 2.4413484006
1207.6000000000 2.4400956870
1207.7000000000 2.4376529515
1207.8000000000 2.4395249713
1207.9000000000 2.4274566675
1208.0000000000 2.4028099929
1208.1000000000 2.4051326583
1208.2000000000 2.4077970933
1208.3000000000 2.4037680104
1208.4000000000 2.4043036592
1208.5000000000 2.3987320266
1208.6000000000 2.4018857602
1208.7000000000 2.4050970651
1208.8000000000 2.4048263432
1208.9000000000 2.4006847740
1209.0000000000 2.3923833155
1209.1000000000 2.3960514217
1209.2000000000 2.3979718403
1209.3000000000 2.3998238838
1209.4000000000 2.4003920217
1209.5000000000 2.3995296830
1209.6000000000 2.3995604043
1209.7000000000 2.4047169531
1209.8000000000 2.4056673679
1209.9000000000 2.4005594678
1210.0000000000 2.4030291436
1210.1000000000 2.4127918054
1210.2000000000 2.4191835572
1210.3000000000 2.4214321835
1210.4000000000 2.4133918503
1210.5000000000 2.4186987717
1210.6000000000 2.4098418355
1210.7000000000 2.4127996748
1210.8000000000 2.4150702951
1210.9000000000 2.4146267722
1211.0000000000 2.4184057834
1211.1000000000 2.4225687461
1211.2000000000 2.4236899793
1211.3000000000 2.4213374598
1211.4000000000 2.4197857108
1211.5000000000 2.4257191386
1211.6000000000 2.4304642499
1211.7000000000 2.4290210503
1211.8000000000 2.4247548566
1211.9000000000 2.4324494646
1212.0000000000 2.4375175614
1212.1000000000 2.4401973330
1212.2000000000 2.4425071102
1212.3000000000 2.4435043872
1212.4000000000 2.4413629629
1212.5000000000 2.4375944642
1212.6000000000 2.4371017064
1212.7000000000 2.4389273844
1212.8000000000 2.4434538065
1212.9000000000 2.4443130064
1213.0000000000 2.4428605837
1213.1000000000 2.4463183080
1213.2000000000 2.4474510692
1213.3000000000 2.4449409433
1213.4000000000 2.4387092373
1213.5000000000 2.4474071090
1213.6000000000 2.4531584623
1213.7000000000 2.4503673614
1213.8000000000 2.4438532240
1213.9000000000 2.4379875990
1214.0000000000 2.4382709995
1214.1000000000 2.4397004390
1214.2000000000 2.4452159586
1214.3000000000 2.4408707857
1214.4000000000 2.4462757782
1214.5000000000 2.4401843242
1214.6000000000 2.4405857872
1214.7000000000 2.4475313611
1214.8000000000 2.4324870940
1214.9000000000 2.4331710499
1215.0000000000 2.4274862299
1215.1000000000 2.4362957754
1215.2000000000 2.4314362573
1215.3000000000 2.4269812965
1215.4000000000 2.4268311843
1215.5000000000 2.4251333498
1215.6000000000 2.4297710240
1215.7000000000 2.4302681684
1215.8000000000 2.4378105129
1215.9000000000 2.4410974322
1216.0000000000 2.4388065556
1216.1000000000 2.4328425581
1216.2000000000 2.4362508646
1216.3000000000 2.4389572919
1216.4000000000 2.4368486536
1216.5000000000 2.4400691165
1216.6000000000 2.4377190382
1216.7000000000 2.4413542115
1216.8000000000 2.4378332670
1216.9000000000 2.4429650955
1217.0000000000 2.4409721428
1217.1000000000 2.4456498089
1217.2000000000 2.4447363118
1217.3000000000 2.4370201443
1217.4000000000 2.4436694024
1217.5000000000 2.4428233871
1217.6000000000 2.4485140342
1217.7000000000 2.4483675514
1217.8000000000 2.4486769713
1217.9000000000 2.4518063051
1218.0000000000 2.4601158410
1218.1000000000 2.4602893915
1218.2000000000 2.4626566129
1218.3000000000 2.4547279376
1218.4000000000 2.4553682883
1218.5000000000 2.4524527149
1218.6000000000 2.4521999553
1218.7000000000 2.4489437971
1218.8000000000 2.4506684154
1218.9000000000 2.4511846210
1219.0000000000 2.4584507525
1219.1000000000 2.4605358000
1219.2000000000 2.4483918961
1219.3000000000 2.4534535982
1219.4000000000 2.4524673149
1219.5000000000 2.4602514515
1219.6000000000 2.4617161027
1219.7000000000 2.4571984304
1219.8000000000 2.4535738434
1219.9000000000 2.4480262174
1220.0000000000 2.4535673240
1220.1000000000 2.4553019100
1220.2000000000 2.4572195575
1220.3000000000 2.4536010536
1220.4000000000 2.4507801442
1220.5000000000 2.4575387283
1220.6000000000 2.4608905295
1220.7000000000 2.4606271787
1220.8000000000 2.4547700357
1220.9000000000 2.4533647467
1221.0000000000 2.4537811151
1221.1000000000 2.4536055364
1221.2000000000 2.4453609207
1221.3000000000 2.4500075362
1221.4000000000 2.4483990537
1221.5000000000 2.4461964143
1221.6000000000 2.4516923746
1221.7000000000 2.4515366349
1221.8000000000 2.4492989598
1221.9000000000 2.4492784024
1222.0000000000 2.4533897945
1222.1000000000 2.4540394109
1222.2000000000 2.4486533155
1222.3000000000 2.4562079288
1222.4000000000 2.4651496258
1222.5000000000 2.4597724477
1222.6000000000 2.4458080297
1222.7000000000 2.4504040283
1222.8000000000 2.4495171101
1222.9000000000 2.4590020964
1223.0000000000 2.4570498385
1223.1000000000 2.4587881413
1223.2000000000 2.4613364176
1223.3000000000 2.4624621776
1223.4000000000 2.4719818430
1223.5000000000 2.4697972087
1223.6000000000 2.4709357357
1223.7000000000 2.4698677867
1223.8000000000 2.4760730971
1223.9000000000 2.4782979135
1224.0000000000 2.4799758056
1224.1000000000 2.4774914057
1224.2000000000 2.4769317459
1224.3000000000 2.4821656907
1224.4000000000 2.4801344381
1224.5000000000 2.4836515855
1224.6000000000 2.4810525669
1224.7000000000 2.4794970321
1224.8000000000 2.4814505345
1224.9000000000 2.4767860864
1225.0000000000 2.4678618073
1225.1000000000 2.4718956595
1225.2000000000 2.4665984418
1225.3000000000 2.4620682565
1225.4000000000 2.4662784885
1225.5000000000 2.4648302551
1225.6000000000 2.4662293828
1225.7000000000 2.4607854485
1225.8000000000 2.4650661085
1225.9000000000 2.4723397438
1226.0000000000 2.4619119602
1226.1000000000 2.4737811823
1226.2000000000 2.4645386389
1226.3000000000 2.4592926719
1226.4000000000 2.4626071895
1226.5000000000 2.4691901433
1226.6000000000 2.4696134555
1226.7000000000 2.4681858482
1226.8000000000 2.4777387703
1226.9000000000 2.4670426692
1227.0000000000 2.4769546895
1227.1000000000 2.4823468813
1227.2000000000 2.4839602935
1227.3000000000 2.4794755421
1227.4000000000 2.4868844132
1227.5000000000 2.4798458698
1227.6000000000 2.4886445498
1227.7000000000 2.4822844418
1227.8000000000 2.4812685239
1227.9000000000 2.4669900604
1228.0000000000 2.4720386571
1228.1000000000 2.4703693074
1228.2000000000 2.4632544635
1228.3000000000 2.4626557110
1228.4000000000 2.4625877857
1228.5000000000 2.4693571078
1228.6000000000 2.4763840494
1228.7000000000 2.4747098271
1228.8000000000 2.4726077911
1228.9000000000 2.4724731793
1229.0000000000 2.4760748483
1229.1000000000 2.4751984608
1229.2000000000 2.4689253709
1229.3000000000 2.4714571868
1229.4000000000 2.4682919585
1229.5000000000 2.4690884678
1229.6000000000 2.4653211167
1229.7000000000 2.4611713997
1229.8000000000 2.4462509167
1229.9000000000 2.4470328900
1230.0000000000 2.4509191650
1230.1000000000 2.4488902793
1230.2000000000 2.4386390140
1230.3000000000 2.4338450427
1230.4000000000 2.4363274556
1230.5000000000 2.4364386970
1230.6000000000 2.4341799691
1230.7000000000 2.4383192037
1230.8000000000 2.4407107995
1230.9000000000 2.4503761133
1231.0000000000 2.4441617182
1231.1000000000 2.4475742000
1231.2000000000 2.4531823271
1231.3000000000 2.4540116044
1231.4000000000 2.4585501627
1231.5000000000 2.4600811551
1231.6000000000 2.4625785418
1231.7000000000 2.4513515103
1231.8000000000 2.4543621897
1231.9000000000 2.4585723198
1232.0000000000 2.4571109896
1232.1000000000 2.4612471250
1232.2000000000 2.4672397059
1232.3000000000 2.4652781227
1232.4000000000 2.4613176224
1232.5000000000 2.4639948095
1232.6000000000 2.4650782576
1232.7000000000 2.4725598089
1232.8000000000 2.4714586924
1232.9000000000 2.4725723586
1233.0000000000 2.4782615735
1233.1000000000 2.4794516292
1233.2000000000 2.4743093742
1233.3000000000 2.4676130799
1233.4000000000 2.4660994206
1233.5000000000 2.4690837607
1233.6000000000 2.4805040958
1233.7000000000 2.4884397277
1233.8000000000 2.4887909885
1233.9000000000 2.4929413257
1234.0000000000 2.4917192700
1234.1000000000 2.4899745628
1234.2000000000 2.4845800096
1234.3000000000 2.4941984343
1234.4000000000 2.5001469478
1234.5000000000 2.4912578166
1234.6000000000 2.4953535557
1234.7000000000 2.4874732114
1234.8000000000 2.4959003633
1234.9000000000 2.5023698684
1235.0000000000 2.4828991307
1235.1000000000 2.4849979662
1235.2000000000 2.4885848570
1235.3000000000 2.4910226872
1235.4000000000 2.4912066796
1235.5000000000 2.4887105567
1235.6000000000 2.4882172949
1235.7000000000 2.4931071028
1235.8000000000 2.4828338014
1235.9000000000 2.4708230916
1236.0000000000 2.4744910634
1236.1000000000 2.4638303464
1236.2000000000 2.4492295817
1236.3000000000 2.4536769483
1236.4000000000 2.4520353319
1236.5000000000 2.4578866843
1236.6000000000 2.4687290698
1236.7000000000 2.4710753997
1236.8000000000 2.4641031015
1236.9000000000 2.4645986215
1237.0000000000 2.4660640296
1237.1000000000 2.4663568918
1237.2000000000 2.4684109080
1237.3000000000 2.4721988267
1237.4000000000 2.4760822907
1237.5000000000 2.4744174587
1237.6000000000 2.4667114981
1237.7000000000 2.4695123813
1237.8000000000 2.4657378101
1237.9000000000 2.4684557089
1238.0000000000 2.4697566039
1238.1000000000 2.4657645109
1238.2000000000 2.4552648442
1238.3000000000 2.4517993461
1238.4000000000 2.4536063874
1238.5000000000 2.4528787903
1238.6000000000 2.4529526600
1238.7000000000 2.4604386826
1238.8000000000 2.4543937644
1238.9000000000 2.4484764564
1239.0000000000 2.4515193903
1239.1000000000 2.4609674061
1239.2000000000 2.4635657870
1239.3000000000 2.4590505718
1239.4000000000 2.4617774185
1239.5000000000 2.4614508788
1239.6000000000 2.4652172868
1239.7000000000 2.4684382416
1239.8000000000 2.4676807688
1239.9000000000 2.4639383771
1240.0000000000 2.4579129767
1240.1000000000 2.4440990635
1240.2000000000 2.4455964323
1240.3000000000 2.4524633518
1240.4000000000 2.4476637984
1240.5000000000 2.4502388019
1240.6000000000 2.4539570641
1240.7000000000 2.4596297010
1240.8000000000 2.4621849125
1240.9000000000 2.4541017273
1241.0000000000 2.4410508602
1241.1000000000 2.4476976767
1241.2000000000 2.4502297087
1241.3000000000 2.4523190007
1241.4000000000 2.4467681152
1241.5000000000 2.4426016429
1241.6000000000 2.4424717547
1241.7000000000 2.4372501766
1241.8000000000 2.4358580732
1241.9000000000 2.4398353197
1242.0000000000 2.4425059955
1242.1000000000 2.4447017362
1242.2000000000 2.4471869462
1242.3000000000 2.4509367674
1242.4000000000 2.4450363522
1242.5000000000 2.4497727906
1242.6000000000 2.4465767783
1242.7000000000 2.4476525739
1242.8000000000 2.4450640876
1242.9000000000 2.4434798433
1243.0000000000 2.4478447366
1243.1000000000 2.4429398121
1243.2000000000 2.4401190050
1243.3000000000 2.4362962443
1243.4000000000 2.4304640297
1243.5000000000 2.4322150824
1243.6000000000 2.4309925285
1243.7000000000 2.4296046398
1243.8000000000 2.4387811035
1243.9000000000 2.4422367661
1244.0000000000 2.4429440641
1244.1000000000 2.4440896950
1244.2000000000 2.4475026767
1244.3000000000 2.4447396035
1244.4000000000 2.4449716345
1244.5000000000 2.4475200873
1244.6000000000 2.4540538296
1244.7000000000 2.4495682390
1244.8000000000 2.4538508726
1244.9000000000 2.4564397415
1245.0000000000 2.4577172424
1245.1000000000 2.4573008440
1245.2000000000 2.4601445642
1245.3000000000 2.4630430462
1245.4000000000 2.4668404020
1245.5000000000 2.4672548028
1245.6000000000 2.4653883523
1245.7000000000 2.4697663100
1245.8000000000 2.4742317512
1245.9000000000 2.4739473472
1246.0000000000 2.4694485710
1246.1000000000 2.4680413341
1246.2000000000 2.4583300825
1246.3000000000 2.4607239037
1246.4000000000 2.4533409525
1246.5000000000 2.4530596200
1246.6000000000 2.4542989939
1246.7000000000 2.4568839331
1246.8000000000 2.4598706465
1246.9000000000 2.4579484629
1247.0000000000 2.4537185994
1247.1000000000 2.4484571402
1247.2000000000 2.4479486363
1247.3000000000 2.4520259041
1247.4000000000 2.4473685910
1247.5000000000 2.4516688095
1247.6000000000 2.4493245711
1247.7000000000 2.4484319384
1247.8000000000 2.4492399774
1247.9000000000 2.4465569888
1248.0000000000 2.4570740834
1248.1000000000 2.4581819958
1248.2000000000 2.4566541130
1248.3000000000 2.4556234375
1248.4000000000 2.4631956368
1248.5000000000 2.4543115179
1248.6000000000 2.4577430465
1248.7000000000 2.4586438636
1248.8000000000 2.4620689475
1248.9000000000 2.4603723851
1249.0000000000 2.4633723375
1249.1000000000 2.4577736092
1249.2000000000 2.4591148258
1249.3000000000 2.4563022712
1249.4000000000 2.4513587179
1249.5000000000 2.4551301777
1249.6000000000 2.4555491745
1249.7000000000 2.4474485593
1249.8000000000 2.4539413361
1249.9000000000 2.4558194673
1250.0000000000 2.4520980614
1250.1000000000 2.4527796299
1250.2000000000 2.4524361707
1250.3000000000 2.4517548276
1250.4000000000 2.4542465422
1250.5000000000 2.4430763253
1250.6000000000 2.4412003648
1250.7000000000 2.4417225953
1250.8000000000 2.4392398153
1250.9000000000 2.4395228786
1251.0000000000 2.4341491938
1251.1000000000 2.4328599441
1251.2000000000 2.4385741752
1251.3000000000 2.4381343409
1251.4000000000 2.4367292964
1251.5000000000 2.4370334631
1251.6000000000 2.4433874441
1251.7000000000 2.4294091402
1251.8000000000 2.4266408632
1251.9000000000 2.4368020624
1252.0000000000 2.4414199657
1252.1000000000 2.4361954429
1252.2000000000 2.4403282758
1252.3000000000 2.4287351838
1252.4000000000 2.4266787242
1252.5000000000 2.4226780319
1252.6000000000 2.4276221182
1252.7000000000 2.4323752961
1252.8000000000 2.4225927525
1252.9000000000 2.4265885081
1253.0000000000 2.4172616953
1253.1000000000 2.4219945467
1253.2000000000 2.4267111140
1253.3000000000 2.4246718930
1253.4000000000 2.4232817471
1253.5000000000 2.4302909017
1253.6000000000 2.4236703055
1253.7000000000 2.4272324361
1253.8000000000 2.4261373586
1253.9000000000 2.4294014455
1254.0000000000 2.4276458250
1254.1000000000 2.4375257172
1254.2000000000 2.4379832414
1254.3000000000 2.4359919954
1254.4000000000 2.4343095904
1254.5000000000 2.4315049882
1254.6000000000 2.4387060648
1254.7000000000 2.4347124367
1254.8000000000 2.4310921218
1254.9000000000 2.4334388631
1255.0000000000 2.4305685116
1255.1000000000 2.4285625513
1255.2000000000 2.4223965721
1255.3000000000 2.4254054887
1255.4000000000 2.4259933232
1255.5000000000 2.4246225156
1255.6000000000 2.4234596737
1255.7000000000 2.4240693481
1255.8000000000 2.4217851628
1255.9000000000 2.4258639264
1256.0000000000 2.4119450056
1256.1000000000 2.4190055362
1256.2000000000 2.4166272770
1256.3000000000 2.4107067358
1256.4000000000 2.4071314597
1256.5000000000 2.4034980251
1256.6000000000 2.4070917511
1256.7000000000 2.3997874083
1256.8000000000 2.4031963900
1256.9000000000 2.4084215892
1257.0000000000 2.4067945806
1257.1000000000 2.4061979234
1257.2000000000 2.4054690506
1257.3000000000 2.4048542076
1257.4000000000 2.4074912135
1257.5000000000 2.4168517262
1257.6000000000 2.4083691121
1257.7000000000 2.4112189453
1257.8000000000 2.4140777955
1257.9000000000 2.4166222244
1258.0000000000 2.4092883769
1258.1000000000 2.4076592346
1258.2000000000 2.3993216942
1258.3000000000 2.4085631211
1258.4000000000 2.4142698300
1258.5000000000 2.4090900869
1258.6000000000 2.4061914516
1258.7000000000 2.4148338047
1258.8000000000 2.4178626531
1258.9000000000 2.4194238519
1259.0000000000 2.4179495895
1259.1000000000 2.4160188943
1259.2000000000 2.4187896941
1259.3000000000 2.4242047020
1259.4000000000 2.4262138957
1259.5000000000 2.4149245661
1259.6000000000 2.4208472250
1259.7000000000 2.4231124423
1259.8000000000 2.4231561208
1259.9000000000 2.4251480380
1260.0000000000 2.4294991782
1260.1000000000 2.4313843133
1260.2000000000 2.4334636928
1260.3000000000 2.4341935814
1260.4000000000 2.4375334558
1260.5000000000 2.4380047094
1260.6000000000 2.4408894858
1260.7000000000 2.4434770623
1260.8000000000 2.4392647009
1260.9000000000 2.4398281298
1261.0000000000 2.4294153935
1261.1000000000 2.4314251010
1261.2000000000 2.4289108574
1261.3000000000 2.4282523310
1261.4000000000 2.4272027244
1261.5000000000 2.4280265785
1261.6000000000 2.4315057721
1261.7000000000 2.4348937665
1261.8000000000 2.4360498661
1261.9000000000 2.4421137865
1262.0000000000 2.4359868933
1262.1000000000 2.4382444748
1262.2000000000 2.4339348495
1262.3000000000 2.4295513921
1262.4000000000 2.4341442444
1262.5000000000 2.4280526260
1262.6000000000 2.4274791223
1262.7000000000 2.4294246663
1262.8000000000 2.4241670315
1262.9000000000 2.4294449220
1263.0000000000 2.4324205882
1263.1000000000 2.4350672748
1263.2000000000 2.4306809888
1263.3000000000 2.4297332979
1263.4000000000 2.4339086467
1263.5000000000 2.4304793191
1263.6000000000 2.4375110419
1263.7000000000 2.4410743296
1263.8000000000 2.4414095737
1263.9000000000 2.4432219845
1264.0000000000 2.4402885375
1264.1000000000 2.4362635714
1264.2000000000 2.4346301647
1264.3000000000 2.4305678099
1264.4000000000 2.4284325877
1264.5000000000 2.4199738268
1264.6000000000 2.4225915854
1264.7000000000 2.4227167212
1264.8000000000 2.4159152856
1264.9000000000 2.4302797554
1265.0000000000 2.4248892191
1265.1000000000 2.4242915813
1265.2000000000 2.4296414905
1265.3000000000 2.4346899949
1265.4000000000 2.4364711170
1265.5000000000 2.4417709215
1265.6000000000 2.4421697914
1265.7000000000 2.4443630627
1265.8000000000 2.4441094089
1265.9000000000 2.4413421516
1266.0000000000 2.4485615553
1266.1000000000 2.4370405850
1266.2000000000 2.4439326563
1266.3000000000 2.4445292519
1266.4000000000 2.4435212247
1266.5000000000 2.4481238764
1266.6000000000 2.4439639826
1266.7000000000 2.4449207283
1266.8000000000 2.4470946122
1266.9000000000 2.4520904532
1267.0000000000 2.4547573360
1267.1000000000 2.4509911898
1267.2000000000 2.4524578967
1267.3000000000 2.4521176302
1267.4000000000 2.4526656177
1267.5000000000 2.4438971641
1267.6000000000 2.4415892250
1267.7000000000 2.4391017427
1267.8000000000 2.4424645880
1267.9000000000 2.4479373891
1268.0000000000 2.4554415078
1268.1000000000 2.4562951866
1268.2000000000 2.4543006501
1268.3000000000 2.4569793787
1268.4000000000 2.4510638629
1268.5000000000 2.4457322515
1268.6000000000 2.4452742482
1268.7000000000 2.4479679038
1268.8000000000 2.4507764394
1268.9000000000 2.4538302350
1269.0000000000 2.4529599422
1269.1000000000 2.4543491899
1269.2000000000 2.4501278128
1269.3000000000 2.4580476789
1269.4000000000 2.4588607623
1269.5000000000 2.4486764113
1269.6000000000 2.4501565555
1269.7000000000 2.4554586874
1269.8000000000 2.4619893022
1269.9000000000 2.4637098003
1270.0000000000 2.4648482232
1270.1000000000 2.4644231982
1270.2000000000 2.4614042931
1270.3000000000 2.4621321455
1270.4000000000 2.4633274746
1270.5000000000 2.4604548399
1270.6000000000 2.4583435621
1270.7000000000 2.4619359207
1270.8000000000 2.4563417848
1270.9000000000 2.4436360527
1271.0000000000 2.4472493903
1271.1000000000 2.4456596782
1271.2000000000 2.4471052495
1271.3000000000 2.4508259503
1271.4000000000 2.4512483387
1271.5000000000 2.4536572189
1271.6000000000 2.4637109481
1271.7000000000 2.4708478762
1271.8000000000 2.4684352640
1271.9000000000 2.4683437586
1272.0000000000 2.4723151012
1272.1000000000 2.4766066419
1272.2000000000 2.4671978563
1272.3000000000 2.4709952459
1272.4000000000 2.4669554854
1272.5000000000 2.4600364121
1272.6000000000 2.4571542917
1272.7000000000 2.4572314439
1272.8000000000 2.4640934196
1272.9000000000 2.4659805642
1273.0000000000 2.4669090566
1273.1000000000 2.4671611711
1273.2000000000 2.4688220392
1273.3000000000 2.4764679034
1273.4000000000 2.4728853833
1273.5000000000 2.4692619650
1273.6000000000 2.4714060281
1273.7000000000 2.4770446125
1273.8000000000 2.4775174599
1273.9000000000 2.4754405968
1274.0000000000 2.4850681318
1274.1000000000 2.4870885510
1274.2000000000 2.4875012808
1274.3000000000 2.4767728159
1274.4000000000 2.4712951453
1274.5000000000 2.4751452415
1274.6000000000 2.4803477906
1274.7000000000 2.4780750172
1274.8000000000 2.4884389803
1274.9000000000 2.4852525927
1275.0000000000 2.4907200478
1275.1000000000 2.4882935413
1275.2000000000 2.4891365054
1275.3000000000 2.4898041465
1275.4000000000 2.4926049826
1275.5000000000 2.4854929116
1275.6000000000 2.4880887873
1275.7000000000 2.4831655055
1275.8000000000 2.4803472774
1275.9000000000 2.4809972515
1276.0000000000 2.4821082830
1276.1000000000 2.4815332768
1276.2000000000 2.4784617696
1276.3000000000 2.4766166485
1276.4000000000 2.4779641222
1276.5000000000 2.4806680258
1276.6000000000 2.4768352413
1276.7000000000 2.4713920906
1276.8000000000 2.4722370136
1276.9000000000 2.4685167480
1277.0000000000 2.4651364970
1277.1000000000 2.4657198202
1277.2000000000 2.4647784275
1277.3000000000 2.4687730478
1277.4000000000 2.4705415792
1277.5000000000 2.4739617888
1277.6000000000 2.4667260681
1277.7000000000 2.4678480866
1277.8000000000 2.4800863126
1277.9000000000 2.4625783309
1278.0000000000 2.4540793969
1278.1000000000 2.4570792279
1278.2000000000 2.4625033838
1278.3000000000 2.4660560360
1278.4000000000 2.4733375115
1278.5000000000 2.4648352328
1278.6000000000 2.4531533371
1278.7000000000 2.4527168986
1278.8000000000 2.4491093837
1278.9000000000 2.4489034765
1279.0000000000 2.4500564974
1279.1000000000 2.4425131122
1279.2000000000 2.4463679945
1279.3000000000 2.4507334901
1279.4000000000 2.4570088840
1279.5000000000 2.4628191682
1279.6000000000 2.4561599193
1279.7000000000 2.4555084785
1279.8000000000 2.4529574934
1279.9000000000 2.4544123226
1280.0000000000 2.4527190334
1280.1000000000 2.4537379259
1280.2000000000 2.4588657827
1280.3000000000 2.4542671854
1280.4000000000 2.4494509643
1280.5000000000 2.4483197564
1280.6000000000 2.4457504895
1280.7000000000 2.4480545129
1280.8000000000 2.4416980407
1280.9000000000 2.4426840684
1281.0000000000 2.4464481659
1281.1000000000 2.4512519469
1281.2000000000 2.4488324932
1281.3000000000 2.4484696228
1281.4000000000 2.4476234005
1281.5000000000 2.4453000204
1281.6000000000 2.4476515626
1281.7000000000 2.4567010429
1281.8000000000 2.4602857510
1281.9000000000 2.4568555048
1282.0000000000 2.4414460542
1282.1000000000 2.4480916711
1282.2000000000 2.4495273713
1282.3000000000 2.4528184174
1282.4000000000 2.4523633448
1282.5000000000 2.4512972978
1282.6000000000 2.4491623527
1282.7000000000 2.4496702268
1282.8000000000 2.4544607627
1282.9000000000 2.4499084318
1283.0000000000 2.4387110528
1283.1000000000 2.4438103875
1283.2000000000 2.4442307592
1283.3000000000 2.4451469424
1283.4000000000 2.4497948733
1283.5000000000 2.4470077045
1283.6000000000 2.4470201928
1283.7000000000 2.4495107763
1283.8000000000 2.4392454704
1283.9000000000 2.4371147505
1284.0000000000 2.4336896934
1284.1000000000 2.4387309982
1284.2000000000 2.4393411108
1284.3000000000 2.4375925844
1284.4000000000 2.4435856824
1284.5000000000 2.4457419749
1284.6000000000 2.4484460412
1284.7000000000 2.4540249447
1284.8000000000 2.4618558369
1284.9000000000 2.4663323115
1285.0000000000 2.4676986868
1285.1000000000 2.4577775526
1285.2000000000 2.4620925757
1285.3000000000 2.4566393936
1285.4000000000 2.4594111432
1285.5000000000 2.4519960373
1285.6000000000 2.4506956818
1285.7000000000 2.4574060164
1285.8000000000 2.4623672980
1285.9000000000 2.4574828420
1286.0000000000 2.4543164153
1286.1000000000 2.4533033945
1286.2000000000 2.4545282383
1286.3000000000 2.4455505950
1286.4000000000 2.4487168850
1286.5000000000 2.4499019577
1286.6000000000 2.4577640179
1286.7000000000 2.4528030492
1286.8000000000 2.4528706909
1286.9000000000 2.4589235055
1287.0000000000 2.4537640451
1287.1000000000 2.4435850366
1287.2000000000 2.4485423463
1287.3000000000 2.4543205596
1287.4000000000 2.4636743698
1287.5000000000 2.4628624360
1287.6000000000 2.4627943519
1287.7000000000 2.4612725486
1287.8000000000 2.4587176043
1287.9000000000 2.4605582437
1288.0000000000 2.4606507750
1288.1000000000 2.4570255288
1288.2000000000 2.4628901688
1288.3000000000 2.4640196629
1288.4000000000 2.4656087493
1288.5000000000 2.4635969179
1288.6000000000 2.4607706727
1288.7000000000 2.4658838874
1288.8000000000 2.4592973213
1288.9000000000 2.4480556357
1289.0000000000 2.4389088319
1289.1000000000 2.4526746364
1289.2000000000 2.4548490822
1289.3000000000 2.4509316263
1289.4000000000 2.4606036842
1289.5000000000 2.4392936275
1289.6000000000 2.4388345347
1289.7000000000 2.4424100777
1289.8000000000 2.4401872513
1289.9000000000 2.4412416477
1290.0000000000 2.4433304932
1290.1000000000 2.4535085872
1290.2000000000 2.4453106073
1290.3000000000 2.4504066479
1290.4000000000 2.4478238823
1290.5000000000 2.4488674371
1290.6000000000 2.4468264754
1290.7000000000 2.4480369450
1290.8000000000 2.4504717792
1290.9000000000 2.4495683531
1291.0000000000 2.4511681729
1291.1000000000 2.4546905558
1291.2000000000 2.4529394340
1291.3000000000 2.4511321674
1291.4000000000 2.4522907414
1291.5000000000 2.4594737021
1291.6000000000 2.4589173852
1291.7000000000 2.4608202234
1291.8000000000 2.4617577532
1291.9000000000 2.4648058873
1292.0000000000 2.4634921856
1292.1000000000 2.4605495373
1292.2000000000 2.4645297966
1292.3000000000 2.4596798447
1292.4000000000 2.4537690090
1292.5000000000 2.4586804661
1292.6000000000 2.4455602521
1292.7000000000 2.4463043172
1292.8000000000 2.4422754321
1292.9000000000 2.4504300070
1293.0000000000 2.4521657016
1293.1000000000 2.4585049535
1293.2000000000 2.4613366073
1293.3000000000 2.4583249718
1293.4000000000 2.4667355647
1293.5000000000 2.4702629701
1293.6000000000 2.4703755380
1293.7000000000 2.4755385305
1293.8000000000 2.4772894362
1293.9000000000 2.4773877226
1294.0000000000 2.4812712874
1294.1000000000 2.4708866052
1294.2000000000 2.4789708394
1294.3000000000 2.4839675704
1294.4000000000 2.4773420233
1294.5000000000 2.4822256009
1294.6000000000 2.4874457826
1294.7000000000 2.4862258929
1294.8000000000 2.4900945969
1294.9000000000 2.4883812358
1295.0000000000 2.4905306151
1295.1000000000 2.4906235774
1295.2000000000 2.4929663507
1295.3000000000 2.4971291639
1295.4000000000 2.4811504723
1295.5000000000 2.4854068026
1295.6000000000 2.4818196625
1295.7000000000 2.4837695974
1295.8000000000 2.4875105305
1295.9000000000 2.4895461740
1296.0000000000 2.4899970291
1296.1000000000 2.4814397103
1296.2000000000 2.4878095268
1296.3000000000 2.4849397921
1296.4000000000 2.4840776197
1296.5000000000 2.4857932172
1296.6000000000 2.4853989279
1296.7000000000 2.4807616695
1296.8000000000 2.4855717858
1296.9000000000 2.4863871590
1297.0000000000 2.4872440042
1297.1000000000 2.4962801132
1297.2000000000 2.4939490283
1297.3000000000 2.4985019127
1297.4000000000 2.4997406792
1297.5000000000 2.4986747607
1297.6000000000 2.5018567065
1297.7000000000 2.5014685796
1297.8000000000 2.5071839050
1297.9000000000 2.5085191486
1298.0000000000 2.5132712716
1298.1000000000 2.5116086220
1298.2000000000 2.5086394913
1298.3000000000 2.5082846102
1298.4000000000 2.5069980861
1298.5000000000 2.5108862851
1298.6000000000 2.5013741979
1298.7000000000 2.5010977789
1298.8000000000 2.4931736810
1298.9000000000 2.4895857411
1299.0000000000 2.4914354905
1299.1000000000 2.4897921525
1299.2000000000 2.4896706484
1299.3000000000 2.4884187180
1299.4000000000 2.4841775367
1299.5000000000 2.4826285061
1299.6000000000 2.4842211463
1299.7000000000 2.4898465346
1299.8000000000 2.4958134215
1299.9000000000 2.5014835847
1300.0000000000 2.5009930249
1300.1000000000 2.5029940488
1300.2000000000 2.5011125911
1300.3000000000 2.5010595902
1300.4000000000 2.5040188386
1300.5000000000 2.5027869220
1300.6000000000 2.5036346541
1300.7000000000 2.5059421894
1300.8000000000 2.5145546049
1300.9000000000 2.5122378974
1301.0000000000 2.5143289289
1301.1000000000 2.5101375875
1301.2000000000 2.5115417562
1301.3000000000 2.5118631093
1301.4000000000 2.5165183614
1301.5000000000 2.5127484208
1301.6000000000 2.5120242270
1301.7000000000 2.5220761515
1301.8000000000 2.5272524758
1301.9000000000 2.5235391615
1302.0000000000 2.5167506390
1302.1000000000 2.5175361299
1302.2000000000 2.5205009721
1302.3000000000 2.5248611784
1302.4000000000 2.5209914271
1302.5000000000 2.5156164824
1302.6000000000 2.5181783487
1302.7000000000 2.5208064512
1302.8000000000 2.5134666480
1302.9000000000 2.5157766534
1303.0000000000 2.5157615925
1303.1000000000 2.5196971844
1303.2000000000 2.5245376448
1303.3000000000 2.5196735049
1303.4000000000 2.5312281316
1303.5000000000 2.5253998878
1303.6000000000 2.5299707283
1303.7000000000 2.5369457456
1303.8000000000 2.5377041608
1303.9000000000 2.5348126920
1304.0000000000 2.5313028857
1304.1000000000 2.5234242990
1304.2000000000 2.5188393692
1304.3000000000 2.5080832279
1304.4000000000 2.5092527232
1304.5000000000 2.5039606414
1304.6000000000 2.4993113574
1304.7000000000 2.4915167147
1304.8000000000 2.4940900905
1304.9000000000 2.4992571058
1305.0000000000 2.5051104257
1305.1000000000 2.5100961407
1305.2000000000 2.5065437241
1305.3000000000 2.5069460885
1305.4000000000 2.5108722808
1305.5000000000 2.5168266371
1305.6000000000 2.5070397073
1305.7000000000 2.5113072363
1305.8000000000 2.5119761650
1305.9000000000 2.5110034805
1306.0000000000 2.5118442779
1306.1000000000 2.5114569906
1306.2000000000 2.5124267397
1306.3000000000 2.5125543872
1306.4000000000 2.5225264929
1306.5000000000 2.5306202357
1306.6000000000 2.5329166976
1306.7000000000 2.5265658427
1306.8000000000 2.5362594147
1306.9000000000 2.5345809248
1307.0000000000 2.5324245497
1307.1000000000 2.5302450422
1307.2000000000 2.5388746218
1307.3000000000 2.5211681625
1307.4000000000 2.5198637515
1307.5000000000 2.5211099296
1307.6000000000 2.5228467753
1307.7000000000 2.5257895382
1307.8000000000 2.5288007801
1307.9000000000 2.5354660726
1308.0000000000 2.5269548411
1308.1000000000 2.5287462678
1308.2000000000 2.5328115368
1308.3000000000 2.5363326691
1308.4000000000 2.5352809933
1308.5000000000 2.5383376912
1308.6000000000 2.5357010922
1308.7000000000 2.5361501628
1308.8000000000 2.5300071733
1308.9000000000 2.5369183257
1309.0000000000 2.5363875907
1309.1000000000 2.5295362566
1309.2000000000 2.5273840821
1309.3000000000 2.5316230981
1309.4000000000 2.5321380042
1309.5000000000 2.5258085158
1309.6000000000 2.5192602282
1309.7000000000 2.5221982140
1309.8000000000 2.5322170507
1309.9000000000 2.5364838344
1310.0000000000 2.5239790516
1310.1000000000 2.5229346003
1310.2000000000 2.5189599785
1310.3000000000 2.5300476530
1310.4000000000 2.5307451887
1310.5000000000 2.5335961788
1310.6000000000 2.5361162700
1310.7000000000 2.5269739074
1310.8000000000 2.5332358661
1310.9000000000 2.5341586111
1311.0000000000 2.5401596707
1311.1000000000 2.5369565645
1311.2000000000 2.5351471276
1311.3000000000 2.5392821873
1311.4000000000 2.5435657660
1311.5000000000 2.5322372654
1311.6000000000 2.5354406204
1311.7000000000 2.5361033752
1311.8000000000 2.5300385537
1311.9000000000 2.5225106102
1312.0000000000 2.5265010864
1312.1000000000 2.5266797165
1312.2000000000 2.5258256156
1312.3000000000 2.5315827055
1312.4000000000 2.5279015442
1312.5000000000 2.5192236829
1312.6000000000 2.5223191594
1312.7000000000 2.5255500026
1312.8000000000 2.5216914575
1312.9000000000 2.5239810326
1313.0000000000 2.5233008917
1313.1000000000 2.5246625088
1313.2000000000 2.5225811342
1313.3000000000 2.5236952922
1313.4000000000 2.5216740641
1313.5000000000 2.5187556986
1313.6000000000 2.5168708157
1313.7000000000 2.5051131843
1313.8000000000 2.5092605295
1313.9000000000 2.5069680212
1314.0000000000 2.5152671492
1314.1000000000 2.5067331975
1314.2000000000 2.5065714956
1314.3000000000 2.5151044655
1314.4000000000 2.5156893906
1314.5000000000 2.5120471636
1314.6000000000 2.5183514532
1314.7000000000 2.5197512688
1314.8000000000 2.5174939748
1314.9000000000 2.5149808542
1315.0000000000 2.5078207751
1315.1000000000 2.5153325663
1315.2000000000 2.5115052203
1315.3000000000 2.5128659819
1315.4000000000 2.5130513496
1315.5000000000 2.5117213473
1315.6000000000 2.5168600289
1315.7000000000 2.5184430599
1315.8000000000 2.5059953665
1315.9000000000 2.5055341113
1316.0000000000 2.5040244105
1316.1000000000 2.5065229698
1316.2000000000 2.5011205251
1316.3000000000 2.5075070142
1316.4000000000 2.5104575635
1316.5000000000 2.5090146533
1316.6000000000 2.5036760843
1316.7000000000 2.5118199765
1316.8000000000 2.5128955903
1316.9000000000 2.5138763815
1317.0000000000 2.5164143749
1317.1000000000 2.5260724653
1317.2000000000 2.5298296114
1317.3000000000 2.5270608532
1317.4000000000 2.5318365487
1317.5000000000 2.5351642197
1317.6000000000 2.5361778237
1317.7000000000 2.5406072918
1317.8000000000 2.5407053666
1317.9000000000 2.5431244300
1318.0000000000 2.5422476779
1318.1000000000 2.5439476266
1318.2000000000 2.5482855747
1318.3000000000 2.5478431161
1318.4000000000 2.5467467484
1318.5000000000 2.5493584153
1318.6000000000 2.5482110818
1318.7000000000 2.5460257854
1318.8000000000 2.5545910884
1318.9000000000 2.5550927824
1319.0000000000 2.5490248010
1319.1000000000 2.5486299640
1319.2000000000 2.5466015054
1319.3000000000 2.5517540080
1319.4000000000 2.5472862664
1319.5000000000 2.5456753754
1319.6000000000 2.5352968152
1319.7000000000 2.5385303946
1319.8000000000 2.5381634726
1319.9000000000 2.5314110911
1320.0000000000 2.5341689378
1320.1000000000 2.5316554506
1320.2000000000 2.5321953191
1320.3000000000 2.5327020629
1320.4000000000 2.5343908035
1320.5000000000 2.5386050319
1320.6000000000 2.5341133696
1320.7000000000 2.5332244103
1320.8000000000 2.5325818788
1320.9000000000 2.5352106524
1321.0000000000 2.5330023708
1321.1000000000 2.5363499689
1321.2000000000 2.5379445556
1321.3000000000 2.5395203971
1321.4000000000 2.5439230229
1321.5000000000 2.5362254846
1321.6000000000 2.5397126250
1321.7000000000 2.5435640627
1321.8000000000 2.5454144877
1321.9000000000 2.5412835742
1322.0000000000 2.5407442345
1322.1000000000 2.5341766648
1322.2000000000 2.5356815224
1322.3000000000 2.5359818070
1322.4000000000 2.5390096402
1322.5000000000 2.5435143631
1322.6000000000 2.5423349069
1322.7000000000 2.5412694545
1322.8000000000 2.5431446267
1322.9000000000 2.5405346688
1323.0000000000 2.5416791467
1323.1000000000 2.5304721577
1323.2000000000 2.5276310161
1323.3000000000 2.5215684547
1323.4000000000 2.5306913764
1323.5000000000 2.5329661558
1323.6000000000 2.5387553007
1323.7000000000 2.5415607994
1323.8000000000 2.5393933734
1323.9000000000 2.5430873086
1324.0000000000 2.5417014049
1324.1000000000 2.5394771719
1324.2000000000 2.5384301394
1324.3000000000 2.5424654807
1324.4000000000 2.5259928617
1324.5000000000 2.5242145945
1324.6000000000 2.5210685092
1324.7000000000 2.5260995029
1324.8000000000 2.5236923985
1324.9000000000 2.5232003078
1325.0000000000 2.5230833774
1325.1000000000 2.5149758387
1325.2000000000 2.5218577507
1325.3000000000 2.5232981769
1325.4000000000 2.5279815714
1325.5000000000 2.5297629630
1325.6000000000 2.5293141979
1325.7000000000 2.5283541195
1325.8000000000 2.5195958981
1325.9000000000 2.5265166796
1326.0000000000 2.5264468207
1326.1000000000 2.5301259093
1326.2000000000 2.5340322539
1326.3000000000 2.5227604082
1326.4000000000 2.5273586409
1326.5000000000 2.5249265090
1326.6000000000 2.5129502490
1326.7000000000 2.5117186581
1326.8000000000 2.5094065748
1326.9000000000 2.5027447587
1327.0000000000 2.5085568546
1327.1000000000 2.5057063671
1327.2000000000 2.5006220310
1327.3000000000 2.5023119793
1327.4000000000 2.5003962138
1327.5000000000 2.5004908382
1327.6000000000 2.4981442255
1327.7000000000 2.4964965402
1327.8000000000 2.4847656406
1327.9000000000 2.4886786997
1328.0000000000 2.4849460411
1328.1000000000 2.4860766453
1328.2000000000 2.4904470669
1328.3000000000 2.4851946823
1328.4000000000 2.4867062148
1328.5000000000 2.4845539505
1328.6000000000 2.4815387298
1328.7000000000 2.4822881115
1328.8000000000 2.4893005904
1328.9000000000 2.4882168948
1329.0000000000 2.4926368600
1329.1000000000 2.4936119103
1329.2000000000 2.4934967721
1329.3000000000 2.4925629808
1329.4000000000 2.4931930368
1329.5000000000 2.4913482893
1329.6000000000 2.4958655265
1329.7000000000 2.4925265757
1329.8000000000 2.5037022034
1329.9000000000 2.5038783286
1330.0000000000 2.4958645261
1330.1000000000 2.4925881553
1330.2000000000 2.4946813140
1330.3000000000 2.5007317903
1330.4000000000 2.5014453006
1330.5000000000 2.5042779031
1330.6000000000 2.5051129838
1330.7000000000 2.5029086141
1330.8000000000 2.4929672970
1330.9000000000 2.4924441558
1331.0000000000 2.5014344584
1331.1000000000 2.5025569564
1331.2000000000 2.4960749377
1331.3000000000 2.4988676618
1331.4000000000 2.5007356863
1331.5000000000 2.5018308192
1331.6000000000 2.4899779499
1331.7000000000 2.4933045973
1331.8000000000 2.4948622529
1331.9000000000 2.4953866811
1332.0000000000 2.4943142560
1332.1000000000 2.4939529600
1332.2000000000 2.4891229296
1332.3000000000 2.4932087014
1332.4000000000 2.4945908174
1332.5000000000 2.4825361308
1332.6000000000 2.4820480126
1332.7000000000 2.4752884744
1332.8000000000 2.4714368029
1332.9000000000 2.4709738243
1333.0000000000 2.4680605476
1333.1000000000 2.4708899073
1333.2000000000 2.4602633144
1333.3000000000 2.4588712464
1333.4000000000 2.4564968290
1333.5000000000 2.4565007359
1333.6000000000 2.4559155778
1333.7000000000 2.4541039645
1333.8000000000 2.4482190287
1333.9000000000 2.4456168470
1334.0000000000 2.4503615330
1334.1000000000 2.4540081079
1334.2000000000 2.4578037887
1334.3000000000 2.4614756250
1334.4000000000 2.4583970016
1334.5000000000 2.4559456850
1334.6000000000 2.4532248982
1334.7000000000 2.4544777432
1334.8000000000 2.4494715978
1334.9000000000 2.4492931855
1335.0000000000 2.4511796934
1335.1000000000 2.4593223489
1335.2000000000 2.4557416465
1335.3000000000 2.4586176444
1335.4000000000 2.4556946826
1335.5000000000 2.4472988709
1335.6000000000 2.4324432080
1335.7000000000 2.4410587338
1335.8000000000 2.4445713911
1335.9000000000 2.4421130988
1336.0000000000 2.4435889799
1336.1000000000 2.4369855257
1336.2000000000 2.4317339994
1336.3000000000 2.4342221418
1336.4000000000 2.4335093470
1336.5000000000 2.4326328520
1336.6000000000 2.4337844775
1336.7000000000 2.4373288831
1336.8000000000 2.4327117581
1336.9000000000 2.4350297383
1337.0000000000 2.4385400687
1337.1000000000 2.4384874493
1337.2000000000 2.4405747971
1337.3000000000 2.4469320929
1337.4000000000 2.4392597085
1337.5000000000 2.4434822253
1337.6000000000 2.4445024587
1337.7000000000 2.4426140074
1337.8000000000 2.4378012570
1337.9000000000 2.4417897189
1338.0000000000 2.4418385447
1338.1000000000 2.4348229488
1338.2000000000 2.4458262463
1338.3000000000 2.4464279098
1338.4000000000 2.4439936068
1338.5000000000 2.4435866453
1338.6000000000 2.4415798566
1338.7000000000 2.4445461752
1338.8000000000 2.4436525452
1338.9000000000 2.4370535410
1339.0000000000 2.4343894364
1339.1000000000 2.4377253753
1339.2000000000 2.4425898484
1339.3000000000 2.4434544177
1339.4000000000 2.4361380246
1339.5000000000 2.4416271052
1339.6000000000 2.4391592314
1339.7000000000 2.4412603794
1339.8000000000 2.4440419777
1339.9000000000 2.4460527968
1340.0000000000 2.4446626578
1340.1000000000 2.4509807435
1340.2000000000 2.4479013224
1340.3000000000 2.4472663260
1340.4000000000 2.4493293327
1340.5000000000 2.4475191639
1340.6000000000 2.4490912640
1340.7000000000 2.4509572768
1340.8000000000 2.4601644592
1340.9000000000 2.4465994938
1341.0000000000 2.4518314470
1341.1000000000 2.4581024029
1341.2000000000 2.4615923155
1341.3000000000 2.4587811119
1341.4000000000 2.4612084500
1341.5000000000 2.4553150751
1341.6000000000 2.4622342413
1341.7000000000 2.4618263736
1341.8000000000 2.4697533050
1341.9000000000 2.4739139674
1342.0000000000 2.4749249144
1342.1000000000 2.4656106733
1342.2000000000 2.4662116907
1342.3000000000 2.4732077203
1342.4000000000 2.4756885838
1342.5000000000 2.4791036598
1342.6000000000 2.4773367000
1342.7000000000 2.4783745886
1342.8000000000 2.4822559399
1342.9000000000 2.4837812918
1343.0000000000 2.4843886164
1343.1000000000 2.4719822004
1343.2000000000 2.4805352552
1343.3000000000 2.4718002719
1343.4000000000 2.4702834904
1343.5000000000 2.4774010890
1343.6000000000 2.4824947773
1343.7000000000 2.4810846142
1343.8000000000 2.4858799653
1343.9000000000 2.4858831885
1344.0000000000 2.4851476591
1344.1000000000 2.4842805305
1344.2000000000 2.4731351609
1344.3000000000 2.4768412389
1344.4000000000 2.4738738540
1344.5000000000 2.4757059656
1344.6000000000 2.4763404896
1344.7000000000 2.4776909009
1344.8000000000 2.4741053689
1344.9000000000 2.4778715909
1345.0000000000 2.4781295289
1345.1000000000 2.4745896647
1345.2000000000 2.4699038826
1345.3000000000 2.4719882916
1345.4000000000 2.4774914258
1345.5000000000 2.4779389712
1345.6000000000 2.4793486246
1345.7000000000 2.4785687164
1345.8000000000 2.4740985399
1345.9000000000 2.4694612015
1346.0000000000 2.4747078710
1346.1000000000 2.4847527032
1346.2000000000 2.4814065201
1346.3000000000 2.4801153176
1346.4000000000 2.4841314429
1346.5000000000 2.4794095861
1346.6000000000 2.4811703589
1346.7000000000 2.4916568843
1346.8000000000 2.4927873900
1346.9000000000 2.4902722088
1347.0000000000 2.4934473570
1347.1000000000 2.4893805153
1347.2000000000 2.4928816971
1347.3000000000 2.4901912624
1347.4000000000 2.4912586181
1347.5000000000 2.4950743946
1347.6000000000 2.4944483208
1347.7000000000 2.4919210646
1347.8000000000 2.4997870378
1347.9000000000 2.5008477949
1348.0000000000 2.4973627056
1348.1000000000 2.4974365860
1348.2000000000 2.4961936179
1348.3000000000 2.4994565880
1348.4000000000 2.5003424957
1348.5000000000 2.4979948256
1348.6000000000 2.5062771019
1348.7000000000 2.5009404711
1348.8000000000 2.5034352226
1348.9000000000 2.5015784538
1349.0000000000 2.5067034154
1349.1000000000 2.4990449972
1349.2000000000 2.4946958830
1349.3000000000 2.5012070314
1349.4000000000 2.5041881339
1349.5000000000 2.5072049419
1349.6000000000 2.5137810965
1349.7000000000 2.5214656487
1349.8000000000 2.5203689725
1349.9000000000 2.5258727551
1350.0000000000 2.5219028614
1350.1000000000 2.5225517097
1350.2000000000 2.5184655860
1350.3000000000 2.5173400723
1350.4000000000 2.5163397627
1350.5000000000 2.5186263858
1350.6000000000 2.5161631557
1350.7000000000 2.5178708842
1350.8000000000 2.5201376102
1350.9000000000 2.5244062185
1351.0000000000 2.5213184372
1351.1000000000 2.5262633252
1351.2000000000 2.5214393700
1351.3000000000 2.5275726184
1351.4000000000 2.5287418445
1351.5000000000 2.5272812474
1351.6000000000 2.5272565756
1351.7000000000 2.5285737694
1351.8000000000 2.5300167446
1351.9000000000 2.5395906828
1352.0000000000 2.5220795859
1352.1000000000 2.5231660171
1352.2000000000 2.5204036875
1352.3000000000 2.5191700285
1352.4000000000 2.5269987139
1352.5000000000 2.5175232337
1352.6000000000 2.5211912125
1352.7000000000 2.5088548507
1352.8000000000 2.5111939640
1352.9000000000 2.5094414719
1353.0000000000 2.5151284485
1353.1000000000 2.5185778174
1353.2000000000 2.5157218436
1353.3000000000 2.5164295213
1353.4000000000 2.5151393008
1353.5000000000 2.5120968739
1353.6000000000 2.5215764329
1353.7000000000 2.5212819369
1353.8000000000 2.5276987902
1353.9000000000 2.5265804169
1354.0000000000 2.5262325086
1354.1000000000 2.5262432650
1354.2000000000 2.5125492809
1354.3000000000 2.5125839451
1354.4000000000 2.5141270401
1354.5000000000 2.5222079163
1354.6000000000 2.5137357977
1354.7000000000 2.5204932551
1354.8000000000 2.5165553345
1354.9000000000 2.5176869602
1355.0000000000 2.5153465785
1355.1000000000 2.5138548494
1355.2000000000 2.5132800685
1355.3000000000 2.5129026823
1355.4000000000 2.5159008858
1355.5000000000 2.5117383219
1355.6000000000 2.5164797034
1355.7000000000 2.5125483111
1355.8000000000 2.5233175504
1355.9000000000 2.5260290076
1356.0000000000 2.5258277958
1356.1000000000 2.5213896642
1356.2000000000 2.5181247549
1356.3000000000 2.5187592545
1356.4000000000 2.5211255805
1356.5000000000 2.5243337393
1356.6000000000 2.5200603597
1356.7000000000 2.5203975055
1356.8000000000 2.5160957557
1356.9000000000 2.5164965474
1357.0000000000 2.5168240155
1357.1000000000 2.5150412156
1357.2000000000 2.5191731010
1357.3000000000 2.5173099110
1357.4000000000 2.5205042784
1357.5000000000 2.5281901446
1357.6000000000 2.5285730386
1357.7000000000 2.5269295648
1357.8000000000 2.5184325486
1357.9000000000 2.5116326067
1358.0000000000 2.5111433777
1358.1000000000 2.5137523525
1358.2000000000 2.5151817726
1358.3000000000 2.5182143571
1358.4000000000 2.5271880650
1358.5000000000 2.5239170643
1358.6000000000 2.5247550335
1358.7000000000 2.5206839770
1358.8000000000 2.5247406437
1358.9000000000 2.5300504490
1359.0000000000 2.5310454121
1359.1000000000 2.5277622901
1359.2000000000 2.5243944796
1359.3000000000 2.5303349456
1359.4000000000 2.5314338420
1359.5000000000 2.5392187817
1359.6000000000 2.5402504506
1359.7000000000 2.5439414945
1359.8000000000 2.5336737182
1359.9000000000 2.5264882324
1360.0000000000 2.5355463824
1360.1000000000 2.5350353578
1360.2000000000 2.5332237757
1360.3000000000 2.5281788623
1360.4000000000 2.5273111553
1360.5000000000 2.5315119799
1360.6000000000 2.5345631512
1360.7000000000 2.5406251568
1360.8000000000 2.5429847594
1360.9000000000 2.5356816629
1361.0000000000 2.5361022980
1361.1000000000 2.5418601581
1361.2000000000 2.5425494355
1361.3000000000 2.5381106148
1361.4000000000 2.5324128139
1361.5000000000 2.5180903705
1361.6000000000 2.5163464730
1361.7000000000 2.5142853071
1361.8000000000 2.5169323202
1361.9000000000 2.5162721856
1362.0000000000 2.5077730025
1362.1000000000 2.5125500416
1362.2000000000 2.5105224916
1362.3000000000 2.5144015442
1362.4000000000 2.5132560864
1362.5000000000 2.5138640439
1362.6000000000 2.5257292074
1362.7000000000 2.5260553321
1362.8000000000 2.5216459752
1362.9000000000 2.5245385390
1363.0000000000 2.5219377008
1363.1000000000 2.5207160550
1363.2000000000 2.5148130828
1363.3000000000 2.5125159878
1363.4000000000 2.5181248904
1363.5000000000 2.5189211491
1363.6000000000 2.5192439911
1363.7000000000 2.5185171874
1363.8000000000 2.5166019057
1363.9000000000 2.5131811537
1364.0000000000 2.5168872958
1364.1000000000 2.5185186570
1364.2000000000 2.5170474051
1364.3000000000 2.5165366539
1364.4000000000 2.5176104181
1364.5000000000 2.5162608934
1364.6000000000 2.5179731470
1364.7000000000 2.5141196708
1364.8000000000 2.5115379518
1364.9000000000 2.5215077944
1365.0000000000 2.5268376422
1365.1000000000 2.5221335210
1365.2000000000 2.5159320913
1365.3000000000 2.5271264601
1365.4000000000 2.5219919142
1365.5000000000 2.5280822532
1365.6000000000 2.5264976164
1365.7000000000 2.5264365698
1365.8000000000 2.5116072226
1365.9000000000 2.5215118292
1366.0000000000 2.5147648145
1366.1000000000 2.5173071109
1366.2000000000 2.5199430366
1366.3000000000 2.5263193136
1366.4000000000 2.5256472132
1366.5000000000 2.5258445222
1366.6000000000 2.5296213564
1366.7000000000 2.5308496077
1366.8000000000 2.5237890196
1366.9000000000 2.5065413851
1367.0000000000 2.5077060881
1367.1000000000 2.4984136722
1367.2000000000 2.5021319292
1367.3000000000 2.4940125834
1367.4000000000 2.4985689016
1367.5000000000 2.4988515709
1367.6000000000 2.4974190971
1367.7000000000 2.4926315266
1367.8000000000 2.5039982611
1367.9000000000 2.5066348031
1368.0000000000 2.5088167964
1368.1000000000 2.5092519580
1368.2000000000 2.5156524244
1368.3000000000 2.5015507289
1368.4000000000 2.4890040202
1368.5000000000 2.4876280078
1368.6000000000 2.4921877826
1368.7000000000 2.4901839188
1368.8000000000 2.4838066061
1368.9000000000 2.4829205810
1369.0000000000 2.4835251632
1369.1000000000 2.4866146830
1369.2000000000 2.4933691166
1369.3000000000 2.4945573428
1369.4000000000 2.4996278903
1369.5000000000 2.5034077680
1369.6000000000 2.4964795933
1369.7000000000 2.5009785925
1369.8000000000 2.4979793419
1369.9000000000 2.4915376203
1370.0000000000 2.4930161933
1370.1000000000 2.4955130013
1370.2000000000 2.5041898824
1370.3000000000 2.5064703825
1370.4000000000 2.5030428225
1370.5000000000 2.5088404295
1370.6000000000 2.5077537764
1370.7000000000 2.5111608033
1370.8000000000 2.5083638349
1370.9000000000 2.5102302090
1371.0000000000 2.5141131189
1371.1000000000 2.5143278701
1371.2000000000 2.5149150125
1371.3000000000 2.5059792655
1371.4000000000 2.5060379312
1371.5000000000 2.5072746950
1371.6000000000 2.4994400315
1371.7000000000 2.4983640417
1371.8000000000 2.4973069718
1371.9000000000 2.4963712959
1372.0000000000 2.4898832414
1372.1000000000 2.4928849769
1372.2000000000 2.4963141986
1372.3000000000 2.4946030370
1372.4000000000 2.5045604257
1372.5000000000 2.5080688687
1372.6000000000 2.4995020550
1372.7000000000 2.5036349876
1372.8000000000 2.5036837623
1372.9000000000 2.5038123114
1373.0000000000 2.5102420903
1373.1000000000 2.5057146951
1373.2000000000 2.4963771318
1373.3000000000 2.4958855486
1373.4000000000 2.4922604513
1373.5000000000 2.4919322979
1373.6000000000 2.4999218066
1373.7000000000 2.4982711052
1373.8000000000 2.4966656652
1373.9000000000 2.5066972117
1374.0000000000 2.4970662799
1374.1000000000 2.4968524453
1374.2000000000 2.5007034205
1374.3000000000 2.4976238113
1374.4000000000 2.4978572721
1374.5000000000 2.5036101022
1374.6000000000 2.5108898470
1374.7000000000 2.5174661898
1374.8000000000 2.5204176784
1374.9000000000 2.5108632541
1375.0000000000 2.5188537715
1375.1000000000 2.5140953787
1375.2000000000 2.5096448643
1375.3000000000 2.5116505890
1375.4000000000 2.5071378780
1375.5000000000 2.5118318896
1375.6000000000 2.5118102814
1375.7000000000 2.5170043173
1375.8000000000 2.5221883321
1375.9000000000 2.5239521769
1376.0000000000 2.5222762833
1376.1000000000 2.5237012997
1376.2000000000 2.5260234613
1376.3000000000 2.5316131793
1376.4000000000 2.5245002286
1376.5000000000 2.5285481639
1376.6000000000 2.5299513975
1376.7000000000 2.5345981353
1376.8000000000 2.5370367543
1376.9000000000 2.5273219314
1377.0000000000 2.5294168811
1377.1000000000 2.5288366260
1377.2000000000 2.5284632163
1377.3000000000 2.5295650467
1377.4000000000 2.5279710182
1377.5000000000 2.5303267532
1377.6000000000 2.5370008052
1377.7000000000 2.5355276992
1377.8000000000 2.5352063754
1377.9000000000 2.5364582467
1378.0000000000 2.5372111119
1378.1000000000 2.5307437644
1378.2000000000 2.5291803567
1378.3000000000 2.5377216593
1378.4000000000 2.5351309205
1378.5000000000 2.5393293280
1378.6000000000 2.5386152462
1378.7000000000 2.5441998593
1378.8000000000 2.5475841516
1378.9000000000 2.5418988321
1379.0000000000 2.5405182410
1379.1000000000 2.5418011826
1379.2000000000 2.5417712463
1379.3000000000 2.5389086406
1379.4000000000 2.5316785667
1379.5000000000 2.5386226349
1379.6000000000 2.5452485068
1379.7000000000 2.5490070223
1379.8000000000 2.5409975075
1379.9000000000 2.5464813899
1380.0000000000 2.5390115848
1380.1000000000 2.5327382384
1380.2000000000 2.5270394340
1380.3000000000 2.5261916148
1380.4000000000 2.5271419736
1380.5000000000 2.5340985579
1380.6000000000 2.5254439332
1380.7000000000 2.5299274196
1380.8000000000 2.5288992348
1380.9000000000 2.5316347562
1381.0000000000 2.5257127541
1381.1000000000 2.5242292691
1381.2000000000 2.5290617359
1381.3000000000 2.5310835693
1381.4000000000 2.5367390839
1381.5000000000 2.5350122461
1381.6000000000 2.5397014571
1381.7000000000 2.5409092374
1381.8000000000 2.5472512912
1381.9000000000 2.5484600379
1382.0000000000 2.5461542336
1382.1000000000 2.5560762003
1382.2000000000 2.5520166700
1382.3000000000 2.5556861209
1382.4000000000 2.5462243232
1382.5000000000 2.5551958461
1382.6000000000 2.5509488936
1382.7000000000 2.5432355489
1382.8000000000 2.5363072970
1382.9000000000 2.5387161791
1383.0000000000 2.5379883664
1383.1000000000 2.5434417549
1383.2000000000 2.5442284066
1383.3000000000 2.5503293844
1383.4000000000 2.5497799346
1383.5000000000 2.5510758867
1383.6000000000 2.5536564588
1383.7000000000 2.5569674064
1383.8000000000 2.5528383830
1383.9000000000 2.5503366496
1384.0000000000 2.5455571780
1384.1000000000 2.5484153423
1384.2000000000 2.5498227274
1384.3000000000 2.5470384132
1384.4000000000 2.5476417814
1384.5000000000 2.5508298099
1384.6000000000 2.5456847986
1384.7000000000 2.5439014061
1384.8000000000 2.5487528893
1384.9000000000 2.5545302666
1385.0000000000 2.5523238995
1385.1000000000 2.5494283130
1385.2000000000 2.5433834866
1385.3000000000 2.5450531879
1385.4000000000 2.5373095467
1385.5000000000 2.5362170700
1385.6000000000 2.5288570329
1385.7000000000 2.5382247529
1385.8000000000 2.5354358580
1385.9000000000 2.5325230926
1386.0000000000 2.5345390632
1386.1000000000 2.5389669397
1386.2000000000 2.5327263953
1386.3000000000 2.5305267728
1386.4000000000 2.5254617802
1386.5000000000 2.5247785603
1386.6000000000 2.5253263879
1386.7000000000 2.5273104377
1386.8000000000 2.5289959133
1386.9000000000 2.5266619002
1387.0000000000 2.5290538359
1387.1000000000 2.5306708685
1387.2000000000 2.5310368723
1387.3000000000 2.5372917962
1387.4000000000 2.5285910362
1387.5000000000 2.5292439924
1387.6000000000 2.5335629881
1387.7000000000 2.5359724622
1387.8000000000 2.5345396824
1387.9000000000 2.5270196379
1388.0000000000 2.5345829638
1388.1000000000 2.5257555460
1388.2000000000 2.5294543899
1388.3000000000 2.5284053760
1388.4000000000 2.5209402329
1388.5000000000 2.5267296666
1388.6000000000 2.5253032370
1388.7000000000 2.5265525244
1388.8000000000 2.5242410822
1388.9000000000 2.5237389099
1389.0000000000 2.5255909425
1389.1000000000 2.5254809417
1389.2000000000 2.5223776136
1389.3000000000 2.5233527807
1389.4000000000 2.5195127809
1389.5000000000 2.5193615421
1389.6000000000 2.5266811838
1389.7000000000 2.5218914951
1389.8000000000 2.5250460379
1389.9000000000 2.5273750613
1390.0000000000 2.5248635313
1390.1000000000 2.5187853466
1390.2000000000 2.5249570323
1390.3000000000 2.5261131578
1390.4000000000 2.5307933086
1390.5000000000 2.5388277837
1390.6000000000 2.5301783390
1390.7000000000 2.5220543381
1390.8000000000 2.5328150724
1390.9000000000 2.5259127889
1391.0000000000 2.5314573234
1391.1000000000 2.5365290831
1391.2000000000 2.5401036454
1391.3000000000 2.5437307600
1391.4000000000 2.5474572290
1391.5000000000 2.5528861267
1391.6000000000 2.5566512885
1391.7000000000 2.5603726958
1391.8000000000 2.5521342914
1391.9000000000 2.5527011515
1392.0000000000 2.5530112746
1392.1000000000 2.5532387479
1392.2000000000 2.5473024877
1392.3000000000 2.5399347252
1392.4000000000 2.5420358039
1392.5000000000 2.5389324395
1392.6000000000 2.5421126221
1392.7000000000 2.5326452689
1392.8000000000 2.5338118820
1392.9000000000 2.5384887948
1393.0000000000 2.5382648524
1393.1000000000 2.5347406385
1393.2000000000 2.5332630447
1393.3000000000 2.5288558438
1393.4000000000 2.5238482835
1393.5000000000 2.5305278427
1393.6000000000 2.5273465636
1393.7000000000 2.5174068158
1393.8000000000 2.5238838290
1393.9000000000 2.5264747728
1394.0000000000 2.5220168397
1394.1000000000 2.5275543968
1394.2000000000 2.5284611477
1394.3000000000 2.5316396374
1394.4000000000 2.5183026777
1394.5000000000 2.5221598544
1394.6000000000 2.5216113261
1394.7000000000 2.5257901659
1394.8000000000 2.5165822827
1394.9000000000 2.5139009341
1395.0000000000 2.5076832757
1395.1000000000 2.5057140433
1395.2000000000 2.5077085167
1395.3000000000 2.5149199595
1395.4000000000 2.5107242598
1395.5000000000 2.5141898133
1395.6000000000 2.5169442023
1395.7000000000 2.5166346629
1395.8000000000 2.5136500597
1395.9000000000 2.5134724028
1396.0000000000 2.5137784542
1396.1000000000 2.5083886618
1396.2000000000 2.5174693690
1396.3000000000 2.5151532654
1396.4000000000 2.5189893494
1396.5000000000 2.5159117157
1396.6000000000 2.5181937759
1396.7000000000 2.5228751845
1396.8000000000 2.5272740007
1396.9000000000 2.5216715646
1397.0000000000 2.5244866358
1397.1000000000 2.5280903681
1397.2000000000 2.5215484215
1397.3000000000 2.5207187207
1397.4000000000 2.5289149728
1397.5000000000 2.5258510805
1397.6000000000 2.5205875623
1397.7000000000 2.5245543845
1397.8000000000 2.5257137194
1397.9000000000 2.5283692649
1398.0000000000 2.5306800329
1398.1000000000 2.5333023015
1398.2000000000 2.5327578604
1398.3000000000 2.5296866749
1398.4000000000 2.5176873449
1398.5000000000 2.5230986266
1398.6000000000 2.5299926810
1398.7000000000 2.5277009188
1398.8000000000 2.5221943174
1398.9000000000 2.5217681908
1399.0000000000 2.5274041321
1399.1000000000 2.5255666791
1399.2000000000 2.5282481499
1399.3000000000 2.5306737501
1399.4000000000 2.5280208691
1399.5000000000 2.5327128296
1399.6000000000 2.5389236952
1399.7000000000 2.5399326509
1399.8000000000 2.5416048911
1399.9000000000 2.5403991132
1400.0000000000 2.5408640700
1400.1000000000 2.5470188155
1400.2000000000 2.5503506454
1400.3000000000 2.5516802465
1400.4000000000 2.5499161878
1400.5000000000 2.5446612113
1400.6000000000 2.5464873866
1400.7000000000 2.5442876517
1400.8000000000 2.5537477997
1400.9000000000 2.5570044199
1401.0000000000 2.5544876526
1401.1000000000 2.5643121091
1401.2000000000 2.5647372910
1401.3000000000 2.5707179201
1401.4000000000 2.5664903884
1401.5000000000 2.5682728789
1401.6000000000 2.5625691131
1401.7000000000 2.5632074269
1401.8000000000 2.5685277991
1401.9000000000 2.5762262524
1402.0000000000 2.5733439323
1402.1000000000 2.5765680462
1402.2000000000 2.5762136507
1402.3000000000 2.5758053687
1402.4000000000 2.5805683008
1402.5000000000 2.5828514852
1402.6000000000 2.5876942330
1402.7000000000 2.5843248570
1402.8000000000 2.5935043222
1402.9000000000 2.5945425492
1403.0000000000 2.6024296097
1403.1000000000 2.5941481191
1403.2000000000 2.5940811395
1403.3000000000 2.5876468448
1403.4000000000 2.5811957569
1403.5000000000 2.5837881241
1403.6000000000 2.5905610378
1403.7000000000 2.5788447869
1403.8000000000 2.5727801289
1403.9000000000 2.5757722766
1404.0000000000 2.5802517146
1404.1000000000 2.5874725890
1404.2000000000 2.5959987343
1404.3000000000 2.5869436796
1404.4000000000 2.5866492257
1404.5000000000 2.5770418417
1404.6000000000 2.5847974430
1404.7000000000 2.5817692850
1404.8000000000 2.5691700613
1404.9000000000 2.5687422865
1405.0000000000 2.5748883913
1405.1000000000 2.5739416843
1405.2000000000 2.5828618682
1405.3000000000 2.5860242275
1405.4000000000 2.5903957823
1405.5000000000 2.5799562941
1405.6000000000 2.5815787912
1405.7000000000 2.5930478129
1405.8000000000 2.5948664566
1405.9000000000 2.5983371159
1406.0000000000 2.6006159744
1406.1000000000 2.6001914321
1406.2000000000 2.5983721868
1406.3000000000 2.5961126437
1406.4000000000 2.5967044939
1406.5000000000 2.6044185058
1406.6000000000 2.6073324952
1406.7000000000 2.6043908284
1406.8000000000 2.6085687002
1406.9000000000 2.6094934584
1407.0000000000 2.6124600844
1407.1000000000 2.6005905750
1407.2000000000 2.5959604099
1407.3000000000 2.5968614668
1407.4000000000 2.6055608288
1407.5000000000 2.6036788467
1407.6000000000 2.6062320760
1407.7000000000 2.5986714560
1407.8000000000 2.6027600627
1407.9000000000 2.6030868416
1408.0000000000 2.6031972171
1408.1000000000 2.6001438351
1408.2000000000 2.5993677458
1408.3000000000 2.6037334344
1408.4000000000 2.6083651633
1408.5000000000 2.6028014929
1408.6000000000 2.6042494755
1408.7000000000 2.6056275832
1408.8000000000 2.5923457775
1408.9000000000 2.5971791690
1409.0000000000 2.5944378881
1409.1000000000 2.5975961465
1409.2000000000 2.5990401993
1409.3000000000 2.5946750721
1409.4000000000 2.5953231026
1409.5000000000 2.5936085973
1409.6000000000 2.5938484697
1409.7000000000 2.5902105600
1409.8000000000 2.5824002183
1409.9000000000 2.5853045969
1410.0000000000 2.5886882483
1410.1000000000 2.5833557842
1410.2000000000 2.5859181782
1410.3000000000 2.5904611189
1410.4000000000 2.5911694332
1410.5000000000 2.5917588689
1410.6000000000 2.5874205989
1410.7000000000 2.5869895617
1410.8000000000 2.5932689797
1410.9000000000 2.5994236796
1411.0000000000 2.6041025503
1411.1000000000 2.5996396481
1411.2000000000 2.6040276818
1411.3000000000 2.6069774044
1411.4000000000 2.6074193527
1411.5000000000 2.6050496412
1411.6000000000 2.6117904830
1411.7000000000 2.6105902540
1411.8000000000 2.6086648112
1411.9000000000 2.6103794601
1412.0000000000 2.6122876489
1412.1000000000 2.6087812202
1412.2000000000 2.6054530338
1412.3000000000 2.6120240249
1412.4000000000 2.6071053747
1412.5000000000 2.6114173156
1412.6000000000 2.6060337526
1412.7000000000 2.6108670494
1412.8000000000 2.6057386919
1412.9000000000 2.6044938463
1413.0000000000 2.6083786423
1413.1000000000 2.5991263631
1413.2000000000 2.5959236626
1413.3000000000 2.6035340396
1413.4000000000 2.5999016936
1413.5000000000 2.5958621801
1413.6000000000 2.5887856110
1413.7000000000 2.5929192957
1413.8000000000 2.5926937319
1413.9000000000 2.6004290580
1414.0000000000 2.5918464965
1414.1000000000 2.5919955860
1414.2000000000 2.5934236056
1414.3000000000 2.5995593822
1414.4000000000 2.5994935556
1414.5000000000 2.6029237991
1414.6000000000 2.5967699433
1414.7000000000 2.6013326322
1414.8000000000 2.5904156296
1414.9000000000 2.5937174050
1415.0000000000 2.5932085245
1415.1000000000 2.5911911073
1415.2000000000 2.5951389436
1415.3000000000 2.5888350824
1415.4000000000 2.5905444367
1415.5000000000 2.5894486706
1415.6000000000 2.5891629449
1415.7000000000 2.5900745600
1415.8000000000 2.5913087456
1415.9000000000 2.5902223252
1416.0000000000 2.5937343546
1416.1000000000 2.5802805267
1416.2000000000 2.5901901156
1416.3000000000 2.5923999083
1416.4000000000 2.5998339473
1416.5000000000 2.5989342072
1416.6000000000 2.6022088279
1416.7000000000 2.5936481119
1416.8000000000 2.6049379019
1416.9000000000 2.6004659792
1417.0000000000 2.5970321701
1417.1000000000 2.5920466854
1417.2000000000 2.5849637847
1417.3000000000 2.5832943074
1417.4000000000 2.5887569708
1417.5000000000 2.5936873290
1417.6000000000 2.5882213370
1417.7000000000 2.5867655835
1417.8000000000 2.5862356157
1417.9000000000 2.5821632173
1418.0000000000 2.5835294852
1418.1000000000 2.5904089919
1418.2000000000 2.5928919193
1418.3000000000 2.5900284345
1418.4000000000 2.5847611342
1418.5000000000 2.5887613531
1418.6000000000 2.5926607997
1418.7000000000 2.5901311890
1418.8000000000 2.5902342916
1418.9000000000 2.5968089136
1419.0000000000 2.5948710648
1419.1000000000 2.5957695475
1419.2000000000 2.5911011063
1419.3000000000 2.5887057866
1419.4000000000 2.5954513367
1419.5000000000 2.5996076625
1419.6000000000 2.5954616869
1419.7000000000 2.5982647181
1419.8000000000 2.5943148264
1419.9000000000 2.5908376493
1420.0000000000 2.5870984801
1420.1000000000 2.5951647086
1420.2000000000 2.5940211844
1420.3000000000 2.5902278790
1420.4000000000 2.5880625293
1420.5000000000 2.5892988346
1420.6000000000 2.5916955974
1420.7000000000 2.5913411898
1420.8000000000 2.5939521924
1420.9000000000 2.6005583082
1421.0000000000 2.6037878117
1421.1000000000 2.5970244951
1421.2000000000 2.5898978172
1421.3000000000 2.6015155403
1421.4000000000 2.6040713110
1421.5000000000 2.5976091576
1421.6000000000 2.5960148688
1421.7000000000 2.5989805207
1421.8000000000 2.6020685444
1421.9000000000 2.6007890101
1422.0000000000 2.6016631316
1422.1000000000 2.6003325621
1422.2000000000 2.6028238725
1422.3000000000 2.6002860600
1422.4000000000 2.6004127151
1422.5000000000 2.6077104706
1422.6000000000 2.6076145902
1422.7000000000 2.6063664519
1422.8000000000 2.6090844051
1422.9000000000 2.6131600152
1423.0000000000 2.6175095584
1423.1000000000 2.6219722987
1423.2000000000 2.6194207128
1423.3000000000 2.6221123303
1423.4000000000 2.6240600939
1423.5000000000 2.6206536692
1423.6000000000 2.6243701815
1423.7000000000 2.6252598373
1423.8000000000 2.6201283470
1423.9000000000 2.6198857947
1424.0000000000 2.6211959155
1424.1000000000 2.6266211782
1424.2000000000 2.6260505655
1424.3000000000 2.6237294097
1424.4000000000 2.6186383974
1424.5000000000 2.6133876789
1424.6000000000 2.6149698557
1424.7000000000 2.6129834022
1424.8000000000 2.6137569597
1424.9000000000 2.6176794271
1425.0000000000 2.6176851046
1425.1000000000 2.6091906560
1425.2000000000 2.6074475129
1425.3000000000 2.6054282121
1425.4000000000 2.6001819026
1425.5000000000 2.6007989670
1425.6000000000 2.6023136708
1425.7000000000 2.6031077034
1425.8000000000 2.5911120130
1425.9000000000 2.5934406052
1426.0000000000 2.5926048602
1426.1000000000 2.5942411736
1426.2000000000 2.5975825020
1426.3000000000 2.5980738034
1426.4000000000 2.5777746711
1426.5000000000 2.5798316112
1426.6000000000 2.5853126628
1426.7000000000 2.5818780937
1426.8000000000 2.5823159980
1426.9000000000 2.5883659394
1427.0000000000 2.5851691718
1427.1000000000 2.5817890491
1427.2000000000 2.5858707264
1427.3000000000 2.5830945343
1427.4000000000 2.5855275512
1427.5000000000 2.5866901616
1427.6000000000 2.5941559923
1427.7000000000 2.5932049735
1427.8000000000 2.5932243520
1427.9000000000 2.5904656119
1428.0000000000 2.5827914957
1428.1000000000 2.5954373910
1428.2000000000 2.5956297532
1428.3000000000 2.5904941979
1428.4000000000 2.5920947454
1428.5000000000 2.5945940762
1428.6000000000 2.5921672578
1428.7000000000 2.5830755019
1428.8000000000 2.5780941384
1428.9000000000 2.5873151927
1429.0000000000 2.5879095815
1429.1000000000 2.5932696582
1429.2000000000 2.5990715999
1429.3000000000 2.5988791877
1429.4000000000 2.6002361938
1429.5000000000 2.5908615922
1429.6000000000 2.5874520220
1429.7000000000 2.5956044617
1429.8000000000 2.5850082598
1429.9000000000 2.5939923603
1430.0000000000 2.5923518585
1430.1000000000 2.5960520132
1430.2000000000 2.5921343928
1430.3000000000 2.5960028761
1430.4000000000 2.5953437828
1430.5000000000 2.5932223585
1430.6000000000 2.5881133414
1430.7000000000 2.5876470042
1430.8000000000 2.5962204648
1430.9000000000 2.6027250857
1431.0000000000 2.6017485057
1431.1000000000 2.6022023404
1431.2000000000 2.6000534492
1431.3000000000 2.5994625850
1431.4000000000 2.6015569132
1431.5000000000 2.5984220783
1431.6000000000 2.6023823052
1431.7000000000 2.6040033926
1431.8000000000 2.6030670634
1431.9000000000 2.6007543300
1432.0000000000 2.5949030599
1432.1000000000 2.5951460532
1432.2000000000 2.5894368419
1432.3000000000 2.5980776752
1432.4000000000 2.6005400854
1432.5000000000 2.6078829453
1432.6000000000 2.6083765419
1432.7000000000 2.6129219374
1432.8000000000 2.6046223975
1432.9000000000 2.6045595094
1433.0000000000 2.6025047361
1433.1000000000 2.5965890669
1433.2000000000 2.5976612055
1433.3000000000 2.5986132228
1433.4000000000 2.5978728016
1433.5000000000 2.5957936973
1433.6000000000 2.5791230859
1433.7000000000 2.5743309156
1433.8000000000 2.5794626855
1433.9000000000 2.5806414060
1434.0000000000 2.5757391979
1434.1000000000 2.5824704981
1434.2000000000 2.5827640753
1434.3000000000 2.5790898966
1434.4000000000 2.5820115367
1434.5000000000 2.5783643226
1434.6000000000 2.5701762873
1434.7000000000 2.5681394074
1434.8000000000 2.5731011787
1434.9000000000 2.5773398742
1435.0000000000 2.5757454096
1435.1000000000 2.5686495943
1435.2000000000 2.5693537881
1435.3000000000 2.5694994942
1435.4000000000 2.5622873099
1435.5000000000 2.5651285248
1435.6000000000 2.5677946630
1435.7000000000 2.5629789143
1435.8000000000 2.5590404801
1435.9000000000 2.5648458062
1436.0000000000 2.5647998898
1436.1000000000 2.5528540384
1436.2000000000 2.5567055357
1436.3000000000 2.5549847039
1436.4000000000 2.5635032401
1436.5000000000 2.5635205622
1436.6000000000 2.5646871353
1436.7000000000 2.5680177402
1436.8000000000 2.5683667748
1436.9000000000 2.5690911472
1437.0000000000 2.5771720645
1437.1000000000 2.5803514218
1437.2000000000 2.5776961739
1437.3000000000 2.5819845085
1437.4000000000 2.5855130816
1437.5000000000 2.5869751742
1437.6000000000 2.5786891995
1437.7000000000 2.5615897739
1437.8000000000 2.5549991445
1437.9000000000 2.5561490630
1438.0000000000 2.5483542444
1438.1000000000 2.5521586907
1438.2000000000 2.5510907729
1438.3000000000 2.5500143425
1438.4000000000 2.5568581582
1438.5000000000 2.5617670738
1438.6000000000 2.5642549490
1438.7000000000 2.5544777749
1438.8000000000 2.5626156841
1438.9000000000 2.5601119741
1439.0000000000 2.5604210785
1439.1000000000 2.5618973361
1439.2000000000 2.5673359293
1439.3000000000 2.5676290994
1439.4000000000 2.5667587412
1439.5000000000 2.5600494826
1439.6000000000 2.5582707966
1439.7000000000 2.5588489510
1439.8000000000 2.5482339739
1439.9000000000 2.5520869523
1440.0000000000 2.5550138468
1440.1000000000 2.5405090580
1440.2000000000 2.5466255792
1440.3000000000 2.5365433191
1440.4000000000 2.5335697249
1440.5000000000 2.5321218179
1440.6000000000 2.5385188215
1440.7000000000 2.5335372639
1440.8000000000 2.5361632188
1440.9000000000 2.5315626705
1441.0000000000 2.5309920983
1441.1000000000 2.5348723402
1441.2000000000 2.5357308036
1441.3000000000 2.5374148698
1441.4000000000 2.5455347777
1441.5000000000 2.5469088408
1441.6000000000 2.5439056780
1441.7000000000 2.5429544799
1441.8000000000 2.5488345321
1441.9000000000 2.5514271431
1442.0000000000 2.5560886421
1442.1000000000 2.5551835355
1442.2000000000 2.5606297408
1442.3000000000 2.5504844716
1442.4000000000 2.5500952821
1442.5000000000 2.5532803615
1442.6000000000 2.5445844880
1442.7000000000 2.5446393269
1442.8000000000 2.5477633041
1442.9000000000 2.5463212272
1443.0000000000 2.5488970629
1443.1000000000 2.5500016696
1443.2000000000 2.5512812880
1443.3000000000 2.5521857541
1443.4000000000 2.5541249442
1443.5000000000 2.5569943543
1443.6000000000 2.5590791054
1443.7000000000 2.5557962399
1443.8000000000 2.5572468822
1443.9000000000 2.5603181135
1444.0000000000 2.5592414004
1444.1000000000 2.5490746588
1444.2000000000 2.5375600474
1444.3000000000 2.5411622634
1444.4000000000 2.5364263817
1444.5000000000 2.5438295082
1444.6000000000 2.5468604990
1444.7000000000 2.5331958690
1444.8000000000 2.5294349585
1444.9000000000 2.5302404657
1445.0000000000 2.5267100377
1445.1000000000 2.5275353543
1445.2000000000 2.5328943534
1445.3000000000 2.5391881411
1445.4000000000 2.5390672949
1445.5000000000 2.5419870127
1445.6000000000 2.5467779164
1445.7000000000 2.5413143832
1445.8000000000 2.5427429624
1445.9000000000 2.5500965858
1446.0000000000 2.5487613975
1446.1000000000 2.5429525504
1446.2000000000 2.5430246683
1446.3000000000 2.5325356998
1446.4000000000 2.5279799182
1446.5000000000 2.5285360435
1446.6000000000 2.5388399975
1446.7000000000 2.5458954543
1446.8000000000 2.5436931731
1446.9000000000 2.5477852882
1447.0000000000 2.5460689773
1447.1000000000 2.5461927040
1447.2000000000 2.5524947252
1447.3000000000 2.5514219623
1447.4000000000 2.5446302380
1447.5000000000 2.5493448723
1447.6000000000 2.5540051130
1447.7000000000 2.5566838980
1447.8000000000 2.5504259999
1447.9000000000 2.5553774250
1448.0000000000 2.5660075898
1448.1000000000 2.5675238662
1448.2000000000 2.5685780911
1448.3000000000 2.5689222360
1448.4000000000 2.5658659401
1448.5000000000 2.5678999029
1448.6000000000 2.5690557920
1448.7000000000 2.5649865672
1448.8000000000 2.5688400033
1448.9000000000 2.5699420849
1449.0000000000 2.5719385971
1449.1000000000 2.5687080282
1449.2000000000 2.5691261088
1449.3000000000 2.5635702792
1449.4000000000 2.5693954742
1449.5000000000 2.5634048292
1449.6000000000 2.5613803401
1449.7000000000 2.5638588359
1449.8000000000 2.5514050416
1449.9000000000 2.5566159298
1450.0000000000 2.5391509505
1450.1000000000 2.5396184023
1450.2000000000 2.5425136048
1450.3000000000 2.5377947615
1450.4000000000 2.5362441466
1450.5000000000 2.5373203024
1450.6000000000 2.5466150133
1450.7000000000 2.5441946236
1450.8000000000 2.5461771094
1450.9000000000 2.5540357298
1451.0000000000 2.5477495357
1451.1000000000 2.5522222459
1451.2000000000 2.5522587156
1451.3000000000 2.5525294309
1451.4000000000 2.5490517823
1451.5000000000 2.5461428900
1451.6000000000 2.5496467967
1451.7000000000 2.5411718864
1451.8000000000 2.5276473465
1451.9000000000 2.5216822140
1452.0000000000 2.5231723831
1452.1000000000 2.5211903598
1452.2000000000 2.5195600380
1452.3000000000 2.5173243767
1452.4000000000 2.5206695411
1452.5000000000 2.5248819192
1452.6000000000 2.5267631737
1452.7000000000 2.5241992705
1452.8000000000 2.5218667449
1452.9000000000 2.5215598147
1453.0000000000 2.5258833254
1453.1000000000 2.5242345049
1453.2000000000 2.5269951555
1453.3000000000 2.5271150264
1453.4000000000 2.5288184610
1453.5000000000 2.5330278754
1453.6000000000 2.5325630011
1453.7000000000 2.5331149699
1453.8000000000 2.5277244270
1453.9000000000 2.5312005016
1454.0000000000 2.5359686215
1454.1000000000 2.5269750985
1454.2000000000 2.5316484334
1454.3000000000 2.5316186656
1454.4000000000 2.5301857049
1454.5000000000 2.5326417338
1454.6000000000 2.5348499139
1454.7000000000 2.5433404686
1454.8000000000 2.5389360246
1454.9000000000 2.5315959947
1455.0000000000 2.5414478323
1455.1000000000 2.5447974815
1455.2000000000 2.5515849062
1455.3000000000 2.5546679445
1455.4000000000 2.5525897207
1455.5000000000 2.5567428347
1455.6000000000 2.5514920782
1455.7000000000 2.5579025142
1455.8000000000 2.5616122146
1455.9000000000 2.5633447042
1456.0000000000 2.5572973802
1456.1000000000 2.5623934104
1456.2000000000 2.5672042815
1456.3000000000 2.5672462310
1456.4000000000 2.5768510129
1456.5000000000 2.5774756553
1456.6000000000 2.5761754324
1456.7000000000 2.5779243945
1456.8000000000 2.5788611956
1456.9000000000 2.5799935300
1457.0000000000 2.5825623824
1457.1000000000 2.5817525655
1457.2000000000 2.5826104185
1457.3000000000 2.5894098894
1457.4000000000 2.5892399480
1457.5000000000 2.5862974926
1457.6000000000 2.5857221663
1457.7000000000 2.5829055603
1457.8000000000 2.5863180604
1457.9000000000 2.5757760224
1458.0000000000 2.5748626619
1458.1000000000 2.5707268762
1458.2000000000 2.5633831434
1458.3000000000 2.5651950351
1458.4000000000 2.5656213172
1458.5000000000 2.5628043550
1458.6000000000 2.5659947795
1458.7000000000 2.5639324377
1458.8000000000 2.5657403986
1458.9000000000 2.5678512653
1459.0000000000 2.5716026376
1459.1000000000 2.5628634381
1459.2000000000 2.5648251283
1459.3000000000 2.5645259509
1459.4000000000 2.5709314734
1459.5000000000 2.5637848507
1459.6000000000 2.5650975171
1459.7000000000 2.5666374217
1459.8000000000 2.5658417446
1459.9000000000 2.5648566467
1460.0000000000 2.5653006080
1460.1000000000 2.5685832661
1460.2000000000 2.5678920219
1460.3000000000 2.5689405789
1460.4000000000 2.5711828907
1460.5000000000 2.5669240139
1460.6000000000 2.5686613478
1460.7000000000 2.5692157318
1460.8000000000 2.5772557991
1460.9000000000 2.5763282254
1461.0000000000 2.5773602170
1461.1000000000 2.5794992859
1461.2000000000 2.5858188017
1461.3000000000 2.5843274818
1461.4000000000 2.5888818130
1461.5000000000 2.5893064688
1461.6000000000 2.5921677627
1461.7000000000 2.5987248592
1461.8000000000 2.5963602209
1461.9000000000 2.5935495820
1462.0000000000 2.5926144560
1462.1000000000 2.5931712426
1462.2000000000 2.5951193742
1462.3000000000 2.5976941267
1462.4000000000 2.6034707247
1462.5000000000 2.6061104553
1462.6000000000 2.6081868223
1462.7000000000 2.6053551508
1462.8000000000 2.6070374745
1462.9000000000 2.6070096614
1463.0000000000 2.6065445198
1463.1000000000 2.6019201900
1463.2000000000 2.5951114990
1463.3000000000 2.5943559536
1463.4000000000 2.5932971010
1463.5000000000 2.6053313899
1463.6000000000 2.6065110893
1463.7000000000 2.6085189054
1463.8000000000 2.6036209024
1463.9000000000 2.5950591044
1464.0000000000 2.5970120051
1464.1000000000 2.5966808112
1464.2000000000 2.5868895383
1464.3000000000 2.5904995632
1464.4000000000 2.5863514869
1464.5000000000 2.5881217925
1464.6000000000 2.5923218956
1464.7000000000 2.5902149578
1464.8000000000 2.5960828083
1464.9000000000 2.5941911756
1465.0000000000 2.5881233978
1465.1000000000 2.5812098784
1465.2000000000 2.5878018653
1465.3000000000 2.5904442465
1465.4000000000 2.5872618242
1465.5000000000 2.5861803565
1465.6000000000 2.5880997721
1465.7000000000 2.5825620116
1465.8000000000 2.5889803376
1465.9000000000 2.5887817836
1466.0000000000 2.5905275908
1466.1000000000 2.5937468129
1466.2000000000 2.5964916081
1466.3000000000 2.5824427570
1466.4000000000 2.5894322862
1466.5000000000 2.5930082275
1466.6000000000 2.5912670377
1466.7000000000 2.5982466111
1466.8000000000 2.5990686163
1466.9000000000 2.6025349032
1467.0000000000 2.6035121927
1467.1000000000 2.6068675856
1467.2000000000 2.6088431213
1467.3000000000 2.6102998538
1467.4000000000 2.6077391142
1467.5000000000 2.6007638394
1467.6000000000 2.6037273537
1467.7000000000 2.6010105277
1467.8000000000 2.5980372612
1467.9000000000 2.5920375274
1468.0000000000 2.5897957450
1468.1000000000 2.5925867428
1468.2000000000 2.5963920031
1468.3000000000 2.5976007309
1468.4000000000 2.5993179545
1468.5000000000 2.6048706526
1468.6000000000 2.6070007047
1468.7000000000 2.6079702147
1468.8000000000 2.6063152311
1468.9000000000 2.6111918790
1469.0000000000 2.6118224674
1469.1000000000 2.6011412189
1469.2000000000 2.6082079658
1469.3000000000 2.6042427156
1469.4000000000 2.6025415710
1469.5000000000 2.5909068350
1469.6000000000 2.6004589092
1469.7000000000 2.5999520163
1469.8000000000 2.5949045047
1469.9000000000 2.6013443097
1470.0000000000 2.6007495909
1470.1000000000 2.6052258176
1470.2000000000 2.5997521126
1470.3000000000 2.6020484733
1470.4000000000 2.6054726838
1470.5000000000 2.5968984636
1470.6000000000 2.6023697033
1470.7000000000 2.5988652180
1470.8000000000 2.6050017742
1470.9000000000 2.5992206977
1471.0000000000 2.6016383923
1471.1000000000 2.6020298672
1471.2000000000 2.6073637471
1471.3000000000 2.6073202920
1471.4000000000 2.5970864420
1471.5000000000 2.5985594200
1471.6000000000 2.5966062752
1471.7000000000 2.5909983662
1471.8000000000 2.5876943216
1471.9000000000 2.5904159597
1472.0000000000 2.5913499316
1472.1000000000 2.5907396614
1472.2000000000 2.5785030583
1472.3000000000 2.5778483125
1472.4000000000 2.5753036777
1472.5000000000 2.5720919213
1472.6000000000 2.5731723324
1472.7000000000 2.5772270684
1472.8000000000 2.5736437786
1472.9000000000 2.5715024692
1473.0000000000 2.5707981323
1473.1000000000 2.5742745934
1473.2000000000 2.5742417582
1473.3000000000 2.5782548966
1473.4000000000 2.5831071144
1473.5000000000 2.5893525011
1473.6000000000 2.5857471325
1473.7000000000 2.5894314847
1473.8000000000 2.5898800694
1473.9000000000 2.5970551037
1474.0000000000 2.5942780615
1474.1000000000 2.5993094781
1474.2000000000 2.6000762835
1474.3000000000 2.5914674106
1474.4000000000 2.5953721066
1474.5000000000 2.5936789962
1474.6000000000 2.5968560907
1474.7000000000 2.6001212521
1474.8000000000 2.5973185372
1474.9000000000 2.6059271379
1475.0000000000 2.6066569163
1475.1000000000 2.6160060007
1475.2000000000 2.6137188186
1475.3000000000 2.6134728286
1475.4000000000 2.6046297581
1475.5000000000 2.6120585435
1475.6000000000 2.6088172241
1475.7000000000 2.6136632292
1475.8000000000 2.6044853444
1475.9000000000 2.6123937652
1476.0000000000 2.6182615897
1476.1000000000 2.6121455486
1476.2000000000 2.6200230231
1476.3000000000 2.6153022132
1476.4000000000 2.6169570692
1476.5000000000 2.6196865898
1476.6000000000 2.6261552487
1476.7000000000 2.6329918670
1476.8000000000 2.6279879929
1476.9000000000 2.6342487950
1477.0000000000 2.6281386910
1477.1000000000 2.6220077606
1477.2000000000 2.6232443340
1477.3000000000 2.6220959216
1477.4000000000 2.6285474776
1477.5000000000 2.6200808689
1477.6000000000 2.6186760941
1477.7000000000 2.6156424262
1477.8000000000 2.6225368625
1477.9000000000 2.6240290156
1478.0000000000 2.6194995059
1478.1000000000 2.6177622789
1478.2000000000 2.6267828032
1478.3000000000 2.6301922554
1478.4000000000 2.6252294658
1478.5000000000 2.6228011853
1478.6000000000 2.6256720961
1478.7000000000 2.6244726603
1478.8000000000 2.6214943665
1478.9000000000 2.6202364841
1479.0000000000 2.6310577861
1479.1000000000 2.6285524638
1479.2000000000 2.6215625773
1479.3000000000 2.6237448786
1479.4000000000 2.6130333876
1479.5000000000 2.6190602746
1479.6000000000 2.6205982475
1479.7000000000 2.6207339008
1479.8000000000 2.6166852289
1479.9000000000 2.6076035526
1480.0000000000 2.5989624416
1480.1000000000 2.6080349102
1480.2000000000 2.6092873642
1480.3000000000 2.6094891533
1480.4000000000 2.5995300224
1480.5000000000 2.6021561524
1480.6000000000 2.6085365768
1480.7000000000 2.6079662843
1480.8000000000 2.6075499788
1480.9000000000 2.6045683476
1481.0000000000 2.6099611440
1481.1000000000 2.5991819586
1481.2000000000 2.5999312481
1481.3000000000 2.6039525673
1481.4000000000 2.6063562677
1481.5000000000 2.6086114271
1481.6000000000 2.6065995300
1481.7000000000 2.6033810362
1481.8000000000 2.6005475039
1481.9000000000 2.5955039838
1482.0000000000 2.6042838078
1482.1000000000 2.5997612308
1482.2000000000 2.6073341783
1482.3000000000 2.6101754315
1482.4000000000 2.6126354192
1482.5000000000 2.6116611867
1482.6000000000 2.6143148220
1482.7000000000 2.6192956141
1482.8000000000 2.6156930833
1482.9000000000 2.6197300228
1483.0000000000 2.6270223316
1483.1000000000 2.6171618845
1483.2000000000 2.6162582430
1483.3000000000 2.6156669582
1483.4000000000 2.6180157216
1483.5000000000 2.6182800392
1483.6000000000 2.6249581201
1483.7000000000 2.6121731226
1483.8000000000 2.6107617548
1483.9000000000 2.6129036595
1484.0000000000 2.6207401343
1484.1000000000 2.6218529042
1484.2000000000 2.6205931507
1484.3000000000 2.6225457869
1484.4000000000 2.6118529018
1484.5000000000 2.6115097070
1484.6000000000 2.6136601281
1484.7000000000 2.6169514050
1484.8000000000 2.6207982695
1484.9000000000 2.6253157149
1485.0000000000 2.6228046983
1485.1000000000 2.6233496689
1485.2000000000 2.6237377411
1485.3000000000 2.6286719084
1485.4000000000 2.6354130408
1485.5000000000 2.6309922843
1485.6000000000 2.6268660265
1485.7000000000 2.6289451091
1485.8000000000 2.6294165294
1485.9000000000 2.6342791857
1486.0000000000 2.6351604013
1486.1000000000 2.6349872207
1486.2000000000 2.6370443248
1486.3000000000 2.6399547197
1486.4000000000 2.6447074541
1486.5000000000 2.6332736652
1486.6000000000 2.6370549649
1486.7000000000 2.6382659445
1486.8000000000 2.6429069913
1486.9000000000 2.6429346488
1487.0000000000 2.6412462500
1487.1000000000 2.6258295298
1487.2000000000 2.6240693780
1487.3000000000 2.6199962085
1487.4000000000 2.6245616471
1487.5000000000 2.6286036001
1487.6000000000 2.6261012387
1487.7000000000 2.6217531591
1487.8000000000 2.6234339292
1487.9000000000 2.6222901559
1488.0000000000 2.6166653639
1488.1000000000 2.6177037299
1488.2000000000 2.6195112276
1488.3000000000 2.6124865756
1488.4000000000 2.6137593545
1488.5000000000 2.6226767061
1488.6000000000 2.6184631774
1488.7000000000 2.6185979994
1488.8000000000 2.6185694326
1488.9000000000 2.6194473664
1489.0000000000 2.6193958034
1489.1000000000 2.6162852274
1489.2000000000 2.6103666823
1489.3000000000 2.6240557357
1489.4000000000 2.6079851711
1489.5000000000 2.6121296611
1489.6000000000 2.6145582510
1489.7000000000 2.6204277405
1489.8000000000 2.6183438400
1489.9000000000 2.6256487626
1490.0000000000 2.6196032408
1490.1000000000 2.6158949657
1490.2000000000 2.6247544337
1490.3000000000 2.6214310165
1490.4000000000 2.6282335152
1490.5000000000 2.6263540345
1490.6000000000 2.6259425815
1490.7000000000 2.6303469878
1490.8000000000 2.6278356390
1490.9000000000 2.6291851787
1491.0000000000 2.6217198682
1491.1000000000 2.6140732441
1491.2000000000 2.6160759561
1491.3000000000 2.6179890572
1491.4000000000 2.6097338014
1491.5000000000 2.6115641314
1491.6000000000 2.6082227300
1491.7000000000 2.6086513866
1491.8000000000 2.6135523491
1491.9000000000 2.6111004284
1492.0000000000 2.6088069260
1492.1000000000 2.6023324804
1492.2000000000 2.6039395044
1492.3000000000 2.6016879057
1492.4000000000 2.5916443008
1492.5000000000 2.5920700817
1492.6000000000 2.5958336767
1492.7000000000 2.5943512990
1492.8000000000 2.5863638853
1492.9000000000 2.5870527528
1493.0000000000 2.5935977301
1493.1000000000 2.5958655079
1493.2000000000 2.5897422817
1493.3000000000 2.5812531654
1493.4000000000 2.5836625191
1493.5000000000 2.5821628952
1493.6000000000 2.5849688980
1493.7000000000 2.5921346756
1493.8000000000 2.5828380243
1493.9000000000 2.5870857361
1494.0000000000 2.5850956599
1494.1000000000 2.5939586735
1494.2000000000 2.5882903981
1494.3000000000 2.5887411468
1494.4000000000 2.5928216498
1494.5000000000 2.5890561464
1494.6000000000 2.5878588044
1494.7000000000 2.5947263196
1494.8000000000 2.5961125830
1494.9000000000 2.5893067483
1495.0000000000 2.5880566367
1495.1000000000 2.5953009624
1495.2000000000 2.5979065365
1495.3000000000 2.6025850919
1495.4000000000 2.5893710718
1495.5000000000 2.5925943293
1495.6000000000 2.5878831151
1495.7000000000 2.5854060018
1495.8000000000 2.5883064180
1495.9000000000 2.5910425609
1496.0000000000 2.5905149155
1496.1000000000 2.5937321482
1496.2000000000 2.5948106606
1496.3000000000 2.5988132478
1496.4000000000 2.5988333576
1496.5000000000 2.5990827083
1496.6000000000 2.6003420185
1496.7000000000 2.6026272523
1496.8000000000 2.6046329082
1496.9000000000 2.5996774845
1497.0000000000 2.6021061706
1497.1000000000 2.6058872970
1497.2000000000 2.6122160557
1497.3000000000 2.6115318536
1497.4000000000 2.6139165214
1497.5000000000 2.6205197455
1497.6000000000 2.6184239514
1497.7000000000 2.6107945723
1497.8000000000 2.6066586839
1497.9000000000 2.6052679480
1498.0000000000 2.6081727592
1498.1000000000 2.6129312391
1498.2000000000 2.6113087369
1498.3000000000 2.6141605295
1498.4000000000 2.6167247245
1498.5000000000 2.6235034837
1498.6000000000 2.6228151013
1498.7000000000 2.6133641480
1498.8000000000 2.6098562170
1498.9000000000 2.6132093624
1499.0000000000 2.6133587815
1499.1000000000 2.6161744655
1499.2000000000 2.6175075756
1499.3000000000 2.6224003520
1499.4000000000 2.6200842552
1499.5000000000 2.6192336798
1499.6000000000 2.6174632442
1499.7000000000 2.6200801127
1499.8000000000 2.6230021966
1499.9000000000 2.6257525678
1500.0000000000 2.6256785385
1500.1000000000 2.6294749709
1500.2000000000 2.6293270163
1500.3000000000 2.6296659032
1500.4000000000 2.6312303576
1500.5000000000 2.6324099375
1500.6000000000 2.6359741976
1500.7000000000 2.6363298868
1500.8000000000 2.6389927196
1500.9000000000 2.6353499803
1501.0000000000 2.6364048017
1501.1000000000 2.6353715007
1501.2000000000 2.6432089526
1501.3000000000 2.6444206334
1501.4000000000 2.6448682365
1501.5000000000 2.6464396852
1501.6000000000 2.6494640532
1501.7000000000 2.6469459634
1501.8000000000 2.6481624984
1501.9000000000 2.6514621224
1502.0000000000 2.6554955072
1502.1000000000 2.6597424925
1502.2000000000 2.6575101565
1502.3000000000 2.6672652463
1502.4000000000 2.6571132805
1502.5000000000 2.6491544709
1502.6000000000 2.6559360323
1502.7000000000 2.6526677423
1502.8000000000 2.6545923369
1502.9000000000 2.6558945837
1503.0000000000 2.6554852427
1503.1000000000 2.6507795162
1503.2000000000 2.6542389164
1503.3000000000 2.6481707587
1503.4000000000 2.6506916601
1503.5000000000 2.6551618335
1503.6000000000 2.6468669505
1503.7000000000 2.6532570332
1503.8000000000 2.6527405639
1503.9000000000 2.6519786420
1504.0000000000 2.6534151214
1504.1000000000 2.6578385216
1504.2000000000 2.6567838259
1504.3000000000 2.6545258900
1504.4000000000 2.6603534291
1504.5000000000 2.6663766990
1504.6000000000 2.6620315804
1504.7000000000 2.6568320666
1504.8000000000 2.6534882618
1504.9000000000 2.6421132202
1505.0000000000 2.6403360157
1505.1000000000 2.6425744186
1505.2000000000 2.6435952868
1505.3000000000 2.6491425881
1505.4000000000 2.6533558539
1505.5000000000 2.6518415201
1505.6000000000 2.6505648961
1505.7000000000 2.6488770886
1505.8000000000 2.6490765067
1505.9000000000 2.6422588075
1506.0000000000 2.6528236683
1506.1000000000 2.6504165904
1506.2000000000 2.6504837337
1506.3000000000 2.6529111106
1506.4000000000 2.6440747197
1506.5000000000 2.6471927827
1506.6000000000 2.6325046780
1506.7000000000 2.6353109885
1506.8000000000 2.6368651164
1506.9000000000 2.6380127802
1507.0000000000 2.6423910051
1507.1000000000 2.6488556021
1507.2000000000 2.6437756353
1507.3000000000 2.6450030715
1507.4000000000 2.6466795723
1507.5000000000 2.6471981336
1507.6000000000 2.6479600114
1507.7000000000 2.6407746520
1507.8000000000 2.6457125328
1507.9000000000 2.6489625206
1508.0000000000 2.6546645291
1508.1000000000 2.6491782101
1508.2000000000 2.6365734626
1508.3000000000 2.6341987067
1508.4000000000 2.6329763992
1508.5000000000 2.6364641015
1508.6000000000 2.6426520630
1508.7000000000 2.6458613328
1508.8000000000 2.6439993356
1508.9000000000 2.6389894977
1509.0000000000 2.6346901300
1509.1000000000 2.6384372490
1509.2000000000 2.6354653141
1509.3000000000 2.6328761099
1509.4000000000 2.6289009884
1509.5000000000 2.6282312091
1509.6000000000 2.6260516297
1509.7000000000 2.6291533897
1509.8000000000 2.6205959618
1509.9000000000 2.6191654636
1510.0000000000 2.6116860648
1510.1000000000 2.6186985846
1510.2000000000 2.6179737277
1510.3000000000 2.6230188992
1510.4000000000 2.6127299847
1510.5000000000 2.6107881692
1510.6000000000 2.6098139356
1510.7000000000 2.6072406226
1510.8000000000 2.6092873753
1510.9000000000 2.6103925431
1511.0000000000 2.6020942082
1511.1000000000 2.5970657893
1511.2000000000 2.6026445609
1511.3000000000 2.6052256791
1511.4000000000 2.6077784876
1511.5000000000 2.6038898075
1511.6000000000 2.6008869782
1511.7000000000 2.6099644256
1511.8000000000 2.6059815687
1511.9000000000 2.6090552710
1512.0000000000 2.6062726515
1512.1000000000 2.6098668667
1512.2000000000 2.6107433795
1512.3000000000 2.6039188909
1512.4000000000 2.6005575229
1512.5000000000 2.5988716581
1512.6000000000 2.5973185034
1512.7000000000 2.6003145552
1512.8000000000 2.5963655649
1512.9000000000 2.6018697149
1513.0000000000 2.5980587048
1513.1000000000 2.5956710958
1513.2000000000 2.5958785100
1513.3000000000 2.5930982132
1513.4000000000 2.5962407327
1513.5000000000 2.5977500385
1513.6000000000 2.5984588083
1513.7000000000 2.5978832942
1513.8000000000 2.6022507015
1513.9000000000 2.5983534741
1514.0000000000 2.6002330945
1514.1000000000 2.5978262183
1514.2000000000 2.5945323139
1514.3000000000 2.5954932033
1514.4000000000 2.5953902009
1514.5000000000 2.5970838134
1514.6000000000 2.6008312344
1514.7000000000 2.6013485849
1514.8000000000 2.6053230536
1514.9000000000 2.6090221689
1515.0000000000 2.6082721571
1515.1000000000 2.6131699022
1515.2000000000 2.6072044183
1515.3000000000 2.6139012036
1515.4000000000 2.6004251446
1515.5000000000 2.6002305981
1515.6000000000 2.6025139657
1515.7000000000 2.6089985260
1515.8000000000 2.6001356895
1515.9000000000 2.6046491712
1516.0000000000 2.6039030015
1516.1000000000 2.6038563767
1516.2000000000 2.5979385435
1516.3000000000 2.5976661790
1516.4000000000 2.5948294571
1516.5000000000 2.5923044657
1516.6000000000 2.5927085744
1516.7000000000 2.5897625295
1516.8000000000 2.5886124276
1516.9000000000 2.5866735390
1517.0000000000 2.5819323847
1517.1000000000 2.5778485181
1517.2000000000 2.5771465836
1517.3000000000 2.5749247074
1517.4000000000 2.5712266785
1517.5000000000 2.5778677529
1517.6000000000 2.5876089728
1517.7000000000 2.5855714557
1517.8000000000 2.5888662370
1517.9000000000 2.5814925762
1518.0000000000 2.5803329826
1518.1000000000 2.5761313419
1518.2000000000 2.5733616476
1518.3000000000 2.5765984871
1518.4000000000 2.5748790878
1518.5000000000 2.5812516001
1518.6000000000 2.5866882682
1518.7000000000 2.5882770513
1518.8000000000 2.5813066213
1518.9000000000 2.5818210867
1519.0000000000 2.5830218636
1519.1000000000 2.5857701409
1519.2000000000 2.5837954533
1519.3000000000 2.5873166943
1519.4000000000 2.5886362901
1519.5000000000 2.5891743014
1519.6000000000 2.5931638260
1519.7000000000 2.5933532934
1519.8000000000 2.5950716209
1519.9000000000 2.5999808320
1520.0000000000 2.5990306055
1520.1000000000 2.5999257343
1520.2000000000 2.5886635355
1520.3000000000 2.5913687639
1520.4000000000 2.5912623971
1520.5000000000 2.5951307936
1520.6000000000 2.5841603841
1520.7000000000 2.5772029620
1520.8000000000 2.5781100773
1520.9000000000 2.5762778075
1521.0000000000 2.5762427588
1521.1000000000 2.5779096779
1521.2000000000 2.5795237412
1521.3000000000 2.5848591698
1521.4000000000 2.5738275197
1521.5000000000 2.5690988641
1521.6000000000 2.5836241296
1521.7000000000 2.5814906632
1521.8000000000 2.5793236922
1521.9000000000 2.5894129715
1522.0000000000 2.5903636724
1522.1000000000 2.5905456883
1522.2000000000 2.5815045422
1522.3000000000 2.5812971580
1522.4000000000 2.5784194922
1522.5000000000 2.5805898696
1522.6000000000 2.5803456568
1522.7000000000 2.5787199085
1522.8000000000 2.5835752751
1522.9000000000 2.5817132197
1523.0000000000 2.5872727703
1523.1000000000 2.5850561879
1523.2000000000 2.5870224903
1523.3000000000 2.5822335731
1523.4000000000 2.5818712492
1523.5000000000 2.5917670143
1523.6000000000 2.5981611298
1523.7000000000 2.6006992116
1523.8000000000 2.6040292761
1523.9000000000 2.6046302341
1524.0000000000 2.6122254742
1524.1000000000 2.6041312028
1524.2000000000 2.6080718904
1524.3000000000 2.6061428290
1524.4000000000 2.6115642934
1524.5000000000 2.6147713135
1524.6000000000 2.6148154109
1524.7000000000 2.6181853587
1524.8000000000 2.6094711915
1524.9000000000 2.6144463389
1525.0000000000 2.6151441103
1525.1000000000 2.6114884477
1525.2000000000 2.6114591093
1525.3000000000 2.6169341646
1525.4000000000 2.6162426674
1525.5000000000 2.6177463680
1525.6000000000 2.6175290255
1525.7000000000 2.6210275010
1525.8000000000 2.6204612774
1525.9000000000 2.6231458909
1526.0000000000 2.6223199781
1526.1000000000 2.6203949255
1526.2000000000 2.6099003464
1526.3000000000 2.6094214683
1526.4000000000 2.6087077278
1526.5000000000 2.6066956803
1526.6000000000 2.6104384532
1526.7000000000 2.6119255926
1526.8000000000 2.6153859738
1526.9000000000 2.6121945702
1527.0000000000 2.6106398490
1527.1000000000 2.6096142027
1527.2000000000 2.6098073328
1527.3000000000 2.6155526633
1527.4000000000 2.6120621882
1527.5000000000 2.6096329593
1527.6000000000 2.6143323168
1527.7000000000 2.6236965324
1527.8000000000 2.6052177135
1527.9000000000 2.6130116050
1528.0000000000 2.6087800637
1528.1000000000 2.6028233808
1528.2000000000 2.6104377640
1528.3000000000 2.6064221323
1528.4000000000 2.6101570711
1528.5000000000 2.6104710479
1528.6000000000 2.6067386330
1528.7000000000 2.6045493334
1528.8000000000 2.6065004891
1528.9000000000 2.6025949818
1529.0000000000 2.5983806878
1529.1000000000 2.6002742505
1529.2000000000 2.5987702558
1529.3000000000 2.6039256198
1529.4000000000 2.5967305383
1529.5000000000 2.5976262856
1529.6000000000 2.5920519404
1529.7000000000 2.5964211928
1529.8000000000 2.5958229741
1529.9000000000 2.5973060699
1530.0000000000 2.6033627079
1530.1000000000 2.5986243896
1530.2000000000 2.6026226548
1530.3000000000 2.6000127347
1530.4000000000 2.6020713856
1530.5000000000 2.6037317007
1530.6000000000 2.6037469386
1530.7000000000 2.6059556140
1530.8000000000 2.6018577158
1530.9000000000 2.5971940176
1531.0000000000 2.6034886037
1531.1000000000 2.6041541263
1531.2000000000 2.5978135723
1531.3000000000 2.5927991078
1531.4000000000 2.5948178720
1531.5000000000 2.5950162329
1531.6000000000 2.5981425525
1531.7000000000 2.5995947646
1531.8000000000 2.5893375378
1531.9000000000 2.5976121265
1532.0000000000 2.6005093816
1532.1000000000 2.6079616462
1532.2000000000 2.6053834827
1532.3000000000 2.6141968814
1532.4000000000 2.6204890918
1532.5000000000 2.6201082253
1532.6000000000 2.6089192739
1532.7000000000 2.6162644907
1532.8000000000 2.6136671521
1532.9000000000 2.6142561692
1533.0000000000 2.6078913866
1533.1000000000 2.6055937507
1533.2000000000 2.6019872315
1533.3000000000 2.6067729414
1533.4000000000 2.6118606383
1533.5000000000 2.6093598558
1533.6000000000 2.6166451313
1533.7000000000 2.6226090407
1533.8000000000 2.6216009871
1533.9000000000 2.6180234023
1534.0000000000 2.6235793358
1534.1000000000 2.6128231698
1534.2000000000 2.6090045381
1534.3000000000 2.6083507828
1534.4000000000 2.6081958274
1534.5000000000 2.6076650903
1534.6000000000 2.6040418197
1534.7000000000 2.5982993913
1534.8000000000 2.5961197802
1534.9000000000 2.5940887087
1535.0000000000 2.5958896885
1535.1000000000 2.5906280470
1535.2000000000 2.5964263721
1535.3000000000 2.6049874177
1535.4000000000 2.5979872635
1535.5000000000 2.5983719664
1535.6000000000 2.5981594120
1535.7000000000 2.6014619340
1535.8000000000 2.5845334463
1535.9000000000 2.5839651051
1536.0000000000 2.5821987580
1536.1000000000 2.5800832050
1536.2000000000 2.5735149805
1536.3000000000 2.5634983323
1536.4000000000 2.5680645237
1536.5000000000 2.5702413555
1536.6000000000 2.5707184633
1536.7000000000 2.5685316701
1536.8000000000 2.5708265463
1536.9000000000 2.5724647018
1537.0000000000 2.5735789477
1537.1000000000 2.5792375398
1537.2000000000 2.5739486470
1537.3000000000 2.5817443171
1537.4000000000 2.5789085776
1537.5000000000 2.5818503732
1537.6000000000 2.5855027225
1537.7000000000 2.5838435000
1537.8000000000 2.5892431863
1537.9000000000 2.5916027531
1538.0000000000 2.5863962179
1538.1000000000 2.5873096797
1538.2000000000 2.5983037214
1538.3000000000 2.5917719237
1538.4000000000 2.5935498023
1538.5000000000 2.5976469447
1538.6000000000 2.6010665342
1538.7000000000 2.5979665490
1538.8000000000 2.5954759802
1538.9000000000 2.5962006837
1539.0000000000 2.6001385811
1539.1000000000 2.5921405760
1539.2000000000 2.5953884982
1539.3000000000 2.5914561127
1539.4000000000 2.5896816866
1539.5000000000 2.5801097799
1539.6000000000 2.5790843068
1539.7000000000 2.5812858985
1539.8000000000 2.5783676839
1539.9000000000 2.5761575599
1540.0000000000 2.5792426113
1540.1000000000 2.5796813378
1540.2000000000 2.5753806678
1540.3000000000 2.5797124667
1540.4000000000 2.5770345594
1540.5000000000 2.5823078738
1540.6000000000 2.5891078863
1540.7000000000 2.6026891116
1540.8000000000 2.6025894303
1540.9000000000 2.5966960539
1541.0000000000 2.5929977980
1541.1000000000 2.6015503227
1541.2000000000 2.6054691093
1541.3000000000 2.6072176352
1541.4000000000 2.6076092428
1541.5000000000 2.6064743462
1541.6000000000 2.5965495239
1541.7000000000 2.5979048324
1541.8000000000 2.5979432162
1541.9000000000 2.5985271007
1542.0000000000 2.6057733082
1542.1000000000 2.6117054439
1542.2000000000 2.6121150523
1542.3000000000 2.6138082997
1542.4000000000 2.6142975042
1542.5000000000 2.6142095326
1542.6000000000 2.6132333986
1542.7000000000 2.5977340390
1542.8000000000 2.6012437072
1542.9000000000 2.6049338014
1543.0000000000 2.6019192553
1543.1000000000 2.6035885812
1543.2000000000 2.5953407233
1543.3000000000 2.5998861833
1543.4000000000 2.5956194653
1543.5000000000 2.5907769636
1543.6000000000 2.5878422133
1543.7000000000 2.5895544691
1543.8000000000 2.5904420350
1543.9000000000 2.5858552782
1544.0000000000 2.5844580967
1544.1000000000 2.5917281535
1544.2000000000 2.5919896452
1544.3000000000 2.6010924597
1544.4000000000 2.6004234498
1544.5000000000 2.6033966948
1544.6000000000 2.5969479981
1544.7000000000 2.5892922939
1544.8000000000 2.5866157824
1544.9000000000 2.5833943444
1545.0000000000 2.5902173250
1545.1000000000 2.5942379205
1545.2000000000 2.5943821368
1545.3000000000 2.5901599647
1545.4000000000 2.5916615321
1545.5000000000 2.5931742420
1545.6000000000 2.5999505609
1545.7000000000 2.6008824959
1545.8000000000 2.6049440087
1545.9000000000 2.6057491056
1546.0000000000 2.6059524488
1546.1000000000 2.6026115760
1546.2000000000 2.6057714901
1546.3000000000 2.6038627564
1546.4000000000 2.6073676244
1546.5000000000 2.6102463290
1546.6000000000 2.6067985986
1546.7000000000 2.6125908819
1546.8000000000 2.6117466257
1546.9000000000 2.6112181341
1547.0000000000 2.6128044770
1547.1000000000 2.6120804387
1547.2000000000 2.6168393682
1547.3000000000 2.6189501121
1547.4000000000 2.6180562915
1547.5000000000 2.6192835559
1547.6000000000 2.6226858847
1547.7000000000 2.6222793526
1547.8000000000 2.6296185417
1547.9000000000 2.6278455103
1548.0000000000 2.6295084750
1548.1000000000 2.6332119954
1548.2000000000 2.6335255890
1548.3000000000 2.6232541247
1548.4000000000 2.6316747049
1548.5000000000 2.6341462658
1548.6000000000 2.6417058342
1548.7000000000 2.6392326685
1548.8000000000 2.6446078062
1548.9000000000 2.6421380499
1549.0000000000 2.6397366069
1549.1000000000 2.6394036418
1549.2000000000 2.6442328176
1549.3000000000 2.6387619816
1549.4000000000 2.6463686558
1549.5000000000 2.6494720598
1549.6000000000 2.6414208331
1549.7000000000 2.6358226114
1549.8000000000 2.6328633153
1549.9000000000 2.6269490063
1550.0000000000 2.6258617222
1550.1000000000 2.6183714351
1550.2000000000 2.6241539246
1550.3000000000 2.6211227931
1550.4000000000 2.6311046898
1550.5000000000 2.6185528339
1550.6000000000 2.6290797954
1550.7000000000 2.6334730275
1550.8000000000 2.6303517259
1550.9000000000 2.6323856548
1551.0000000000 2.6356890988
1551.1000000000 2.6361782045
1551.2000000000 2.6383413137
1551.3000000000 2.6395156905
1551.4000000000 2.6393238274
1551.5000000000 2.6405911125
1551.6000000000 2.6395239021
1551.7000000000 2.6369606797
1551.8000000000 2.6336522183
1551.9000000000 2.6384872556
1552.0000000000 2.6433768224
1552.1000000000 2.6461153597
1552.2000000000 2.6459878620
1552.3000000000 2.6475616923
1552.4000000000 2.6507800813
1552.5000000000 2.6448984358
1552.6000000000 2.6445492331
1552.7000000000 2.6443573666
1552.8000000000 2.6410741940
1552.9000000000 2.6384120675
1553.0000000000 2.6443377827
1553.1000000000 2.6396740244
1553.2000000000 2.6436033578
1553.3000000000 2.6496180097
1553.4000000000 2.6472178129
1553.5000000000 2.6541050137
1553.6000000000 2.6529145532
1553.7000000000 2.6423960850
1553.8000000000 2.6432714399
1553.9000000000 2.6441162943
1554.0000000000 2.6496697838
1554.1000000000 2.6341720799
1554.2000000000 2.6319551090
1554.3000000000 2.6372737965
1554.4000000000 2.6305840449
1554.5000000000 2.6321960883
1554.6000000000 2.6289625843
1554.7000000000 2.6289731298
1554.8000000000 2.6280963492
1554.9000000000 2.6278384353
1555.0000000000 2.6269025330
1555.1000000000 2.6255432407
1555.2000000000 2.6293469175
1555.3000000000 2.6290061683
1555.4000000000 2.6322861642
1555.5000000000 2.6306056300
1555.6000000000 2.6398401338
1555.7000000000 2.6376864571
1555.8000000000 2.6429272647
1555.9000000000 2.6400350124
1556.0000000000 2.6424481669
1556.1000000000 2.6338021155
1556.2000000000 2.6311261907
1556.3000000000 2.6276329081
1556.4000000000 2.6305231581
1556.5000000000 2.6341485616
1556.6000000000 2.6318560790
1556.7000000000 2.6326327398
1556.8000000000 2.6405543211
1556.9000000000 2.6431884096
1557.0000000000 2.6292649623
1557.1000000000 2.6274534700
1557.2000000000 2.6270375121
1557.3000000000 2.6174706439
1557.4000000000 2.6156852791
1557.5000000000 2.6107902356
1557.6000000000 2.6138338944
1557.7000000000 2.6153853691
1557.8000000000 2.6231427638
1557.9000000000 2.6157738168
1558.0000000000 2.6125108664
1558.1000000000 2.6112915570
1558.2000000000 2.6101065060
1558.3000000000 2.6046154095
1558.4000000000 2.6044634179
1558.5000000000 2.6156384279
1558.6000000000 2.6178780531
1558.7000000000 2.6134942559
1558.8000000000 2.6053518415
1558.9000000000 2.6131235926
1559.0000000000 2.6126897591
1559.1000000000 2.6155703582
1559.2000000000 2.6140560441
1559.3000000000 2.6209622834
1559.4000000000 2.6172813531
1559.5000000000 2.6244941876
1559.6000000000 2.6271439642
1559.7000000000 2.6251527381
1559.8000000000 2.6228747365
1559.9000000000 2.6280397442
1560.0000000000 2.6231909590
1560.1000000000 2.6215615088
1560.2000000000 2.6223255387
1560.3000000000 2.6180925965
1560.4000000000 2.6134588371
1560.5000000000 2.6181438659
1560.6000000000 2.6181096068
1560.7000000000 2.6216207680
1560.8000000000 2.6159514073
1560.9000000000 2.6122772724
1561.0000000000 2.6132567624
1561.1000000000 2.6065723953
1561.2000000000 2.6072697367
1561.3000000000 2.6055062425
1561.4000000000 2.6070678925
1561.5000000000 2.6024141931
1561.6000000000 2.6060868741
1561.7000000000 2.6059524082
1561.8000000000 2.6098021969
1561.9000000000 2.6052942414
1562.0000000000 2.6105409625
1562.1000000000 2.6059762920
1562.2000000000 2.6064904307
1562.3000000000 2.6097535494
1562.4000000000 2.6211997853
1562.5000000000 2.6162695240
1562.6000000000 2.6138012126
1562.7000000000 2.6110489472
1562.8000000000 2.6025011174
1562.9000000000 2.6098361788
1563.0000000000 2.6119840799
1563.1000000000 2.6131585241
1563.2000000000 2.6191576054
1563.3000000000 2.6234672904
1563.4000000000 2.6295966341
1563.5000000000 2.6279933852
1563.6000000000 2.6254971682
1563.7000000000 2.6344625235
1563.8000000000 2.6363013811
1563.9000000000 2.6330585989
1564.0000000000 2.6385431342
1564.1000000000 2.6327215515
1564.2000000000 2.6342622375
1564.3000000000 2.6354552222
1564.4000000000 2.6288355029
1564.5000000000 2.6324070065
1564.6000000000 2.6358657595
1564.7000000000 2.6385959621
1564.8000000000 2.6328787415
1564.9000000000 2.6397964300
1565.0000000000 2.6354888118
1565.1000000000 2.6422010237
1565.2000000000 2.6457402233
1565.3000000000 2.6469385003
1565.4000000000 2.6509053297
1565.5000000000 2.6432159049
1565.6000000000 2.6446590543
1565.7000000000 2.6446085716
1565.8000000000 2.6468659674
1565.9000000000 2.6474947556
1566.0000000000 2.6435857766
1566.1000000000 2.6366536342
1566.2000000000 2.6294696985
1566.3000000000 2.6262013851
1566.4000000000 2.6251838304
1566.5000000000 2.6333563571
1566.6000000000 2.6351532473
1566.7000000000 2.6444955526
1566.8000000000 2.6333506712
1566.9000000000 2.6337769844
1567.0000000000 2.6357043376
1567.1000000000 2.6286403913
1567.2000000000 2.6344102683
1567.3000000000 2.6283628619
1567.4000000000 2.6289084253
1567.5000000000 2.6330237019
1567.6000000000 2.6276996978
1567.7000000000 2.6227154612
1567.8000000000 2.6299959836
1567.9000000000 2.6277168371
1568.0000000000 2.6281285135
1568.1000000000 2.6255357800
1568.2000000000 2.6146419839
1568.3000000000 2.6160706200
1568.4000000000 2.6201915274
1568.5000000000 2.6234397445
1568.6000000000 2.6254062279
1568.7000000000 2.6289159056
1568.8000000000 2.6232994103
1568.9000000000 2.6110762911
1569.0000000000 2.6146556995
1569.1000000000 2.6149509452
1569.2000000000 2.6161402220
1569.3000000000 2.6176867943
1569.4000000000 2.6182254519
1569.5000000000 2.6173170233
1569.6000000000 2.6182764278
1569.7000000000 2.6232947455
1569.8000000000 2.6277173989
1569.9000000000 2.6215079044
1570.0000000000 2.6247987305
1570.1000000000 2.6241549100
1570.2000000000 2.6296605367
1570.3000000000 2.6352667298
1570.4000000000 2.6332435513
1570.5000000000 2.6242072061
1570.6000000000 2.6335653593
1570.7000000000 2.6293359141
1570.8000000000 2.6327315610
1570.9000000000 2.6367611827
1571.0000000000 2.6409720943
1571.1000000000 2.6362972207
1571.2000000000 2.6365393376
1571.3000000000 2.6268966625
1571.4000000000 2.6294710678
1571.5000000000 2.6347441971
1571.6000000000 2.6323325913
1571.7000000000 2.6407164406
1571.8000000000 2.6408350456
1571.9000000000 2.6416494863
1572.0000000000 2.6375690203
1572.1000000000 2.6332205416
1572.2000000000 2.6321223657
1572.3000000000 2.6419546123
1572.4000000000 2.6408588358
1572.5000000000 2.6448876175
1572.6000000000 2.6466959600
1572.7000000000 2.6504525988
1572.8000000000 2.6517108815
1572.9000000000 2.6433938496
1573.0000000000 2.6389979185
1573.1000000000 2.6416753157
1573.2000000000 2.6435155427
1573.3000000000 2.6415833078
1573.4000000000 2.6456708090
1573.5000000000 2.6419143459
1573.6000000000 2.6405235199
1573.7000000000 2.6467795241
1573.8000000000 2.6441685100
1573.9000000000 2.6495761696
1574.0000000000 2.6473033267
1574.1000000000 2.6374853068
1574.2000000000 2.6333048577
1574.3000000000 2.6376597150
1574.4000000000 2.6373218654
1574.5000000000 2.6365796430
1574.6000000000 2.6402177769
1574.7000000000 2.6374409877
1574.8000000000 2.6387074705
1574.9000000000 2.6437109270
1575.0000000000 2.6398107432
1575.1000000000 2.6388889223
1575.2000000000 2.6354910643
1575.3000000000 2.6396464114
1575.4000000000 2.6411271278
1575.5000000000 2.6409978226
1575.6000000000 2.6369345132
1575.7000000000 2.6354222970
1575.8000000000 2.6350417369
1575.9000000000 2.6336938249
1576.0000000000 2.6398123635
1576.1000000000 2.6332762814
1576.2000000000 2.6397379292
1576.3000000000 2.6398401545
1576.4000000000 2.6478408036
1576.5000000000 2.6428078716
1576.6000000000 2.6504149347
1576.7000000000 2.6489271697
1576.8000000000 2.6469705883
1576.9000000000 2.6503974251
1577.0000000000 2.6572670625
1577.1000000000 2.6519883004
1577.2000000000 2.6521566601
1577.3000000000 2.6519540583
1577.4000000000 2.6507600932
1577.5000000000 2.6520792292
1577.6000000000 2.6572817460
1577.7000000000 2.6609377783
1577.8000000000 2.6530451821
1577.9000000000 2.6520390148
1578.0000000000 2.6549499063
1578.1000000000 2.6588476642
1578.2000000000 2.6535220470
1578.3000000000 2.6528078198
1578.4000000000 2.6455894468
1578.5000000000 2.6399380661
1578.6000000000 2.6441689305
1578.7000000000 2.6473074733
1578.8000000000 2.6491158572
1578.9000000000 2.6500628454
1579.0000000000 2.6428135817
1579.1000000000 2.6398611798
1579.2000000000 2.6345875151
1579.3000000000 2.6323139312
1579.4000000000 2.6321905320
1579.5000000000 2.6353809004
1579.6000000000 2.6361483242
1579.7000000000 2.6325947478
1579.8000000000 2.6311121371
1579.9000000000 2.6369370986
1580.0000000000 2.6413985468
1580.1000000000 2.6346017233
1580.2000000000 2.6335039607
1580.3000000000 2.6283247071
1580.4000000000 2.6225808537
1580.5000000000 2.6331995372
1580.6000000000 2.6310494132
1580.7000000000 2.6285157331
1580.8000000000 2.6297628085
1580.9000000000 2.6313922358
1581.0000000000 2.6278102182
1581.1000000000 2.6319837870
1581.2000000000 2.6415665546
1581.3000000000 2.6407106448
1581.4000000000 2.6397602055
1581.5000000000 2.6322602940
1581.6000000000 2.6273868901
1581.7000000000 2.6208560530
1581.8000000000 2.6196613641
1581.9000000000 2.6286301985
1582.0000000000 2.6285555276
1582.1000000000 2.6253159473
1582.2000000000 2.6252139686
1582.3000000000 2.6258057015
1582.4000000000 2.6259129485
1582.5000000000 2.6191941245
1582.6000000000 2.6205044420
1582.7000000000 2.6201054612
1582.8000000000 2.6155102856
1582.9000000000 2.6203699954
1583.0000000000 2.6269327553
1583.1000000000 2.6226689690
1583.2000000000 2.6208652889
1583.3000000000 2.6250283093
1583.4000000000 2.6261612376
1583.5000000000 2.6279088455
1583.6000000000 2.6239146589
1583.7000000000 2.6316222573
1583.8000000000 2.6279035130
1583.9000000000 2.6295028471
1584.0000000000 2.6250522586
1584.1000000000 2.6228126595
1584.2000000000 2.6197858506
1584.3000000000 2.6200321487
1584.4000000000 2.6214126103
1584.5000000000 2.6100675829
1584.6000000000 2.6169833146
1584.7000000000 2.6196762157
1584.8000000000 2.6225943840
1584.9000000000 2.6230717467
1585.0000000000 2.6299855970
1585.1000000000 2.6258591257
1585.2000000000 2.6278141575
1585.3000000000 2.6296844272
1585.4000000000 2.6273057518
1585.5000000000 2.6304247682
1585.6000000000 2.6276236089
1585.7000000000 2.6342794613
1585.8000000000 2.6434793630
1585.9000000000 2.6371183034
1586.0000000000 2.6352419854
1586.1000000000 2.6406738925
1586.2000000000 2.6426928867
1586.3000000000 2.6368637738
1586.4000000000 2.6357907187
1586.5000000000 2.6369740072
1586.6000000000 2.6374036569
1586.7000000000 2.6396888765
1586.8000000000 2.6464862161
1586.9000000000 2.6428347223
1587.0000000000 2.6432997616
1587.1000000000 2.6423117934
1587.2000000000 2.6422487197
1587.3000000000 2.6431821935
1587.4000000000 2.6432957674
1587.5000000000 2.6502469175
1587.6000000000 2.6438723474
1587.7000000000 2.6483922071
1587.8000000000 2.6538880185
1587.9000000000 2.6524751933
1588.0000000000 2.6541864945
1588.1000000000 2.6634949834
1588.2000000000 2.6698870767
1588.3000000000 2.6710983578
1588.4000000000 2.6719163435
1588.5000000000 2.6716581701
1588.6000000000 2.6735114750
1588.7000000000 2.6776354354
1588.8000000000 2.6770131338
1588.9000000000 2.6787048011
1589.0000000000 2.6701654176
1589.1000000000 2.6731746824
1589.2000000000 2.6763326910
1589.3000000000 2.6756634400
1589.4000000000 2.6723063272
1589.5000000000 2.6717772637
1589.6000000000 2.6697155033
1589.7000000000 2.6742362693
1589.8000000000 2.6712785553
1589.9000000000 2.6710668995
1590.0000000000 2.6691930048
1590.1000000000 2.6758821213
1590.2000000000 2.6754889360
1590.3000000000 2.6703067302
1590.4000000000 2.6693298465
1590.5000000000 2.6646924740
1590.6000000000 2.6646943090
1590.7000000000 2.6703679414
1590.8000000000 2.6742080859
1590.9000000000 2.6712472353
1591.0000000000 2.6771034050
1591.1000000000 2.6771030268
1591.2000000000 2.6737344482
1591.3000000000 2.6767849567
1591.4000000000 2.6733649961
1591.5000000000 2.6669702245
1591.6000000000 2.6643884636
1591.7000000000 2.6645762448
1591.8000000000 2.6615368377
1591.9000000000 2.6628581810
1592.0000000000 2.6523336662
1592.1000000000 2.6494871949
1592.2000000000 2.6470337056
1592.3000000000 2.6447198937
1592.4000000000 2.6462242917
1592.5000000000 2.6503331143
1592.6000000000 2.6514863390
1592.7000000000 2.6571074523
1592.8000000000 2.6563276233
1592.9000000000 2.6587380442
1593.0000000000 2.6543121771
1593.1000000000 2.6423161623
1593.2000000000 2.6525336133
1593.3000000000 2.6531074223
1593.4000000000 2.6550107603
1593.5000000000 2.6485050614
1593.6000000000 2.6468656050
1593.7000000000 2.6454626548
1593.8000000000 2.6428960671
1593.9000000000 2.6453920433
1594.0000000000 2.6477470649
1594.1000000000 2.6455176031
1594.2000000000 2.6446145073
1594.3000000000 2.6421984118
1594.4000000000 2.6433238178
1594.5000000000 2.6434600735
1594.6000000000 2.6431345703
1594.7000000000 2.6453642441
1594.8000000000 2.6446580095
1594.9000000000 2.6491523167
1595.0000000000 2.6519156823
1595.1000000000 2.6604587649
1595.2000000000 2.6574405854
1595.3000000000 2.6603880390
1595.4000000000 2.6635539718
1595.5000000000 2.6648207494
1595.6000000000 2.6631425610
1595.7000000000 2.6626120476
1595.8000000000 2.6677898504
1595.9000000000 2.6652598001
1596.0000000000 2.6632483635
1596.1000000000 2.6578069127
1596.2000000000 2.6611799168
1596.3000000000 2.6580058189
1596.4000000000 2.6630146334
1596.5000000000 2.6685303848
1596.6000000000 2.6676191692
1596.7000000000 2.6631663150
1596.8000000000 2.6662112513
1596.9000000000 2.6677720930
1597.0000000000 2.6712204174
1597.1000000000 2.6763122032
1597.2000000000 2.6760913328
1597.3000000000 2.6755482197
1597.4000000000 2.6725362370
1597.5000000000 2.6662484426
1597.6000000000 2.6671940682
1597.7000000000 2.6708823906
1597.8000000000 2.6633729577
1597.9000000000 2.6667764983
1598.0000000000 2.6705631789
1598.1000000000 2.6700696278
1598.2000000000 2.6703805033
1598.3000000000 2.6664492396
1598.4000000000 2.6691356891
1598.5000000000 2.6681846545
1598.6000000000 2.6732876443
1598.7000000000 2.6700671436
1598.8000000000 2.6659664187
1598.9000000000 2.6696508672
1599.0000000000 2.6738013919
1599.1000000000 2.6740206116
1599.2000000000 2.6686749408
1599.3000000000 2.6781451673
1599.4000000000 2.6764866279
1599.5000000000 2.6768751986
1599.6000000000 2.6809519148
1599.7000000000 2.6871057296
1599.8000000000 2.6922933683
1599.9000000000 2.6853974261
1600.0000000000 2.6862475853
1600.1000000000 2.6960866970
1600.2000000000 2.6991815090
1600.3000000000 2.7055444844
1600.4000000000 2.7028800319
1600.5000000000 2.7082801423
1600.6000000000 2.7069585711
1600.7000000000 2.6993176385
1600.8000000000 2.7018908839
1600.9000000000 2.7037386687
1601.0000000000 2.7085969899
1601.1000000000 2.7144538750
1601.2000000000 2.7059228927
1601.3000000000 2.7000470833
1601.4000000000 2.7036600148
1601.5000000000 2.7001159968
1601.6000000000 2.7114038883
1601.7000000000 2.6981196087
1601.8000000000 2.6950104482
1601.9000000000 2.6917840988
1602.0000000000 2.6969847966
1602.1000000000 2.6951022896
1602.2000000000 2.6977897786
1602.3000000000 2.7051586265
1602.4000000000 2.7036485341
1602.5000000000 2.7039284436
1602.6000000000 2.7021049520
1602.7000000000 2.7067390984
1602.8000000000 2.7087483333
1602.9000000000 2.7123444045
1603.0000000000 2.7112797891
1603.1000000000 2.7124723873
1603.2000000000 2.7060248298
1603.3000000000 2.7142097473
1603.4000000000 2.7122916604
1603.5000000000 2.7124306588
1603.6000000000 2.7092105995
1603.7000000000 2.7136226834
1603.8000000000 2.7033751550
1603.9000000000 2.7033817442
1604.0000000000 2.7064914278
1604.1000000000 2.6992420345
1604.2000000000 2.6980380992
1604.3000000000 2.6996568930
1604.4000000000 2.7047660272
1604.5000000000 2.7014602182
1604.6000000000 2.7057305663
1604.7000000000 2.6917195839
1604.8000000000 2.6905661567
1604.9000000000 2.6813034334
1605.0000000000 2.6873719615
1605.1000000000 2.6831415191
1605.2000000000 2.6823448118
1605.3000000000 2.6893778306
1605.4000000000 2.6893870765
1605.5000000000 2.6790282181
1605.6000000000 2.6832540614
1605.7000000000 2.6815936470
1605.8000000000 2.6773060930
1605.9000000000 2.6717908860
1606.0000000000 2.6739556395
1606.1000000000 2.6788935130
1606.2000000000 2.6761330045
1606.3000000000 2.6719194530
1606.4000000000 2.6622905894
1606.5000000000 2.6604995022
1606.6000000000 2.6502286532
1606.7000000000 2.6515505511
1606.8000000000 2.6498310504
1606.9000000000 2.6503280283
1607.0000000000 2.6468773287
1607.1000000000 2.6484059731
1607.2000000000 2.6445198181
1607.3000000000 2.6424162672
1607.4000000000 2.6395932203
1607.5000000000 2.6392729267
1607.6000000000 2.6448706069
1607.7000000000 2.6432649422
1607.8000000000 2.6417776917
1607.9000000000 2.6444665652
1608.0000000000 2.6471888489
1608.1000000000 2.6478767496
1608.2000000000 2.6499386477
1608.3000000000 2.6423389346
1608.4000000000 2.6516204342
1608.5000000000 2.6532442083
1608.6000000000 2.6542869352
1608.7000000000 2.6457566040
1608.8000000000 2.6546317111
1608.9000000000 2.6568738080
1609.0000000000 2.6544743194
1609.1000000000 2.6626000667
1609.2000000000 2.6552415939
1609.3000000000 2.6606441519
1609.4000000000 2.6616099524
1609.5000000000 2.6619674732
1609.6000000000 2.6606399395
1609.7000000000 2.6627598495
1609.8000000000 2.6497694620
1609.9000000000 2.6577452206
1610.0000000000 2.6577347537
1610.1000000000 2.6496398819
1610.2000000000 2.6466331856
1610.3000000000 2.6531561171
1610.4000000000 2.6546377121
1610.5000000000 2.6519416400
1610.6000000000 2.6468393677
1610.7000000000 2.6548057067
1610.8000000000 2.6552179955
1610.9000000000 2.6615635761
1611.0000000000 2.6633756860
1611.1000000000 2.6635239224
1611.2000000000 2.6635662815
1611.3000000000 2.6712505213
1611.4000000000 2.6641867754
1611.5000000000 2.6709722316
1611.6000000000 2.6791287990
1611.7000000000 2.6879904275
1611.8000000000 2.6759198310
1611.9000000000 2.6752007321
1612.0000000000 2.6645411422
1612.1000000000 2.6686271564
1612.2000000000 2.6586806269
1612.3000000000 2.6534651671
1612.4000000000 2.6540656741
1612.5000000000 2.6547435468
1612.6000000000 2.6521443364
1612.7000000000 2.6517011162
1612.8000000000 2.6512183752
1612.9000000000 2.6566266916
1613.0000000000 2.6641676191
1613.1000000000 2.6642760605
1613.2000000000 2.6671790043
1613.3000000000 2.6609118275
1613.4000000000 2.6516358279
1613.5000000000 2.6529083412
1613.6000000000 2.6592382723
1613.7000000000 2.6586820038
1613.8000000000 2.6601775407
1613.9000000000 2.6587504195
1614.0000000000 2.6609572341
1614.1000000000 2.6484681525
1614.2000000000 2.6529272099
1614.3000000000 2.6565891768
1614.4000000000 2.6603516629
1614.5000000000 2.6547723269
1614.6000000000 2.6602701245
1614.7000000000 2.6641091190
1614.8000000000 2.6624836067
1614.9000000000 2.6675013285
1615.0000000000 2.6714115954
1615.1000000000 2.6727075465
1615.2000000000 2.6550578301
1615.3000000000 2.6562512958
1615.4000000000 2.6518988919
1615.5000000000 2.6527152775
1615.6000000000 2.6574354858
1615.7000000000 2.6571232706
1615.8000000000 2.6598789989
1615.9000000000 2.6568483813
1616.0000000000 2.6572685232
1616.1000000000 2.6570630202
1616.2000000000 2.6558959848
1616.3000000000 2.6516707486
1616.4000000000 2.6465248293
1616.5000000000 2.6425367004
1616.6000000000 2.6409169106
1616.7000000000 2.6375430985
1616.8000000000 2.6342460143
1616.9000000000 2.6306021982
1617.0000000000 2.6283446041
1617.1000000000 2.6268367661
1617.2000000000 2.6309785514
1617.3000000000 2.6358134098
1617.4000000000 2.6342659866
1617.5000000000 2.6333727437
1617.6000000000 2.6408795396
1617.7000000000 2.6434388856
1617.8000000000 2.6489391802
1617.9000000000 2.6450987436
1618.0000000000 2.6471388209
1618.1000000000 2.6472288821
1618.2000000000 2.6496622877
1618.3000000000 2.6550930089
1618.4000000000 2.6609640996
1618.5000000000 2.6582888306
1618.6000000000 2.6557516423
1618.7000000000 2.6635939386
1618.8000000000 2.6573801052
1618.9000000000 2.6574089396
1619.0000000000 2.6591956891
1619.1000000000 2.6604866673
1619.2000000000 2.6601374255
1619.3000000000 2.6593025288
1619.4000000000 2.6563396011
1619.5000000000 2.6546443070
1619.6000000000 2.6607632656
1619.7000000000 2.6557529494
1619.8000000000 2.6621520272
1619.9000000000 2.6591118125
1620.0000000000 2.6577002809
1620.1000000000 2.6548905898
1620.2000000000 2.6571598073
1620.3000000000 2.6619270351
1620.4000000000 2.6641815159
1620.5000000000 2.6671685093
1620.6000000000 2.6593547308
1620.7000000000 2.6654769296
1620.8000000000 2.6642484313
1620.9000000000 2.6688990368
1621.0000000000 2.6731885504
1621.1000000000 2.6678956292
1621.2000000000 2.6684760605
1621.3000000000 2.6651103859
1621.4000000000 2.6677652178
1621.5000000000 2.6733803606
1621.6000000000 2.6742113540
1621.7000000000 2.6757787071
1621.8000000000 2.6716890757
1621.9000000000 2.6751821612
1622.0000000000 2.6671028783
1622.1000000000 2.6684160451
1622.2000000000 2.6627755004
1622.3000000000 2.6727019987
1622.4000000000 2.6772976968
1622.5000000000 2.6753256153
1622.6000000000 2.6752382305
1622.7000000000 2.6792536902
1622.8000000000 2.6707308097
1622.9000000000 2.6749472804
1623.0000000000 2.6822571993
1623.1000000000 2.6789743233
1623.2000000000 2.6778310239
1623.3000000000 2.6792673161
1623.4000000000 2.6853309428
1623.5000000000 2.6766948710
1623.6000000000 2.6751042414
1623.7000000000 2.6797114076
1623.8000000000 2.6841176412
1623.9000000000 2.6796671825
1624.0000000000 2.6720889198
1624.1000000000 2.6648939322
1624.2000000000 2.6643416219
1624.3000000000 2.6696223797
1624.4000000000 2.6530113512
1624.5000000000 2.6587120646
1624.6000000000 2.6592791276
1624.7000000000 2.6578242833
1624.8000000000 2.6570849089
1624.9000000000 2.6487891898
1625.0000000000 2.6556164779
1625.1000000000 2.6519978710
1625.2000000000 2.6502951084
1625.3000000000 2.6553441628
1625.4000000000 2.6442968059
1625.5000000000 2.6447642350
1625.6000000000 2.6496024875
1625.7000000000 2.6427882810
1625.8000000000 2.6410347893
1625.9000000000 2.6399984679
1626.0000000000 2.6443114685
1626.1000000000 2.6449014284
1626.2000000000 2.6423369556
1626.3000000000 2.6415305661
1626.4000000000 2.6489261603
1626.5000000000 2.6408422427
1626.6000000000 2.6379339590
1626.7000000000 2.6400680344
1626.8000000000 2.6432200513
1626.9000000000 2.6426803737
1627.0000000000 2.6405302801
1627.1000000000 2.6345025772
1627.2000000000 2.6393524205
1627.3000000000 2.6379700257
1627.4000000000 2.6419891813
1627.5000000000 2.6482627083
1627.6000000000 2.6482912339
1627.7000000000 2.6436516598
1627.8000000000 2.6416939654
1627.9000000000 2.6445426432
1628.0000000000 2.6469397073
1628.1000000000 2.6490862830
1628.2000000000 2.6477899317
1628.3000000000 2.6505975753
1628.4000000000 2.6469569489
1628.5000000000 2.6497632140
1628.6000000000 2.6536663169
1628.7000000000 2.6521458759
1628.8000000000 2.6537419017
1628.9000000000 2.6595629200
1629.0000000000 2.6604458059
1629.1000000000 2.6648495174
1629.2000000000 2.6639147855
1629.3000000000 2.6614854509
1629.4000000000 2.6496460519
1629.5000000000 2.6475967041
1629.6000000000 2.6423612070
1629.7000000000 2.6419550113
1629.8000000000 2.6458062205
1629.9000000000 2.6433851541
1630.0000000000 2.6519055596
1630.1000000000 2.6524978685
1630.2000000000 2.6586407603
1630.3000000000 2.6596727471
1630.4000000000 2.6540669700
1630.5000000000 2.6610132840
1630.6000000000 2.6597286912
1630.7000000000 2.6587486924
1630.8000000000 2.6599534650
1630.9000000000 2.6624832342
1631.0000000000 2.6560074473
1631.1000000000 2.6626737986
1631.2000000000 2.6577007006
1631.3000000000 2.6510696154
1631.4000000000 2.6527485096
1631.5000000000 2.6550820828
1631.6000000000 2.6573134084
1631.7000000000 2.6594494043
1631.8000000000 2.6619041708
1631.9000000000 2.6641761700
1632.0000000000 2.6597514281
1632.1000000000 2.6618532176
1632.2000000000 2.6651545733
1632.3000000000 2.6742491309
1632.4000000000 2.6760789887
1632.5000000000 2.6778026145
1632.6000000000 2.6672940712
1632.7000000000 2.6647137177
1632.8000000000 2.6604417259
1632.9000000000 2.6554608953
1633.0000000000 2.6587100302
1633.1000000000 2.6618429554
1633.2000000000 2.6625838795
1633.3000000000 2.6572546454
1633.4000000000 2.6618474504
1633.5000000000 2.6541852784
1633.6000000000 2.6542797087
1633.7000000000 2.6508502778
1633.8000000000 2.6617767735
1633.9000000000 2.6620109061
1634.0000000000 2.6591710110
1634.1000000000 2.6563407323
1634.2000000000 2.6582169117
1634.3000000000 2.6623169691
1634.4000000000 2.6745055052
1634.5000000000 2.6684755431
1634.6000000000 2.6560901165
1634.7000000000 2.6654610208
1634.8000000000 2.6589021822
1634.9000000000 2.6733828936
1635.0000000000 2.6662706702
1635.1000000000 2.6747302847
1635.2000000000 2.6648702760
1635.3000000000 2.6696400223
1635.4000000000 2.6690317415
1635.5000000000 2.6697712240
1635.6000000000 2.6713628512
1635.7000000000 2.6677637200
1635.8000000000 2.6683292499
1635.9000000000 2.6818080690
1636.0000000000 2.6763013458
1636.1000000000 2.6751031845
1636.2000000000 2.6785402820
1636.3000000000 2.6780933491
1636.4000000000 2.6753219755
1636.5000000000 2.6778724846
1636.6000000000 2.6714615307
1636.7000000000 2.6639369995
1636.8000000000 2.6675704674
1636.9000000000 2.6716672661
1637.0000000000 2.6695814055
1637.1000000000 2.6652442459
1637.2000000000 2.6714587286
1637.3000000000 2.6653936079
1637.4000000000 2.6710180985
1637.5000000000 2.6692004772
1637.6000000000 2.6743140833
1637.7000000000 2.6796195698
1637.8000000000 2.6834050870
1637.9000000000 2.6770502530
1638.0000000000 2.6753140489
1638.1000000000 2.6828530924
1638.2000000000 2.6845522312
1638.3000000000 2.6873973090
1638.4000000000 2.6948534006
1638.5000000000 2.6993942018
1638.6000000000 2.6981637547
1638.7000000000 2.7014711197
1638.8000000000 2.7048239942
1638.9000000000 2.7106177998
1639.0000000000 2.7189235836
1639.1000000000 2.7248199853
1639.2000000000 2.7128952775
1639.3000000000 2.7177365640
1639.4000000000 2.7143171409
1639.5000000000 2.7230964250
1639.6000000000 2.7230841631
1639.7000000000 2.7119043408
1639.8000000000 2.7187514278
1639.9000000000 2.7234261760
1640.0000000000 2.7251155797
1640.1000000000 2.7323442395
1640.2000000000 2.7384983695
1640.3000000000 2.7438943740
1640.4000000000 2.7311310818
1640.5000000000 2.7286676803
1640.6000000000 2.7299847026
1640.7000000000 2.7349381990
1640.8000000000 2.7260057092
1640.9000000000 2.7262452121
1641.0000000000 2.7364282170
1641.1000000000 2.7209150114
1641.2000000000 2.7199663268
1641.3000000000 2.7179818587
1641.4000000000 2.7119366403
1641.5000000000 2.7035110718
1641.6000000000 2.7083958508
1641.7000000000 2.7119783000
1641.8000000000 2.7197458232
1641.9000000000 2.7120785848
1642.0000000000 2.7127356853
1642.1000000000 2.7058495843
1642.2000000000 2.6913908025
1642.3000000000 2.6937803401
1642.4000000000 2.6905850656
1642.5000000000 2.6914337369
1642.6000000000 2.6887150112
1642.7000000000 2.6917319378
1642.8000000000 2.6940163827
1642.9000000000 2.6918031367
1643.0000000000 2.6987142400
1643.1000000000 2.6964638101
1643.2000000000 2.6968884905
1643.3000000000 2.7023589988
1643.4000000000 2.7058983639
1643.5000000000 2.7110289476
1643.6000000000 2.7013422711
1643.7000000000 2.7056491040
1643.8000000000 2.7002234253
1643.9000000000 2.6903396153
1644.0000000000 2.6940878222
1644.1000000000 2.6969372488
1644.2000000000 2.6956120880
1644.3000000000 2.6924768579
1644.4000000000 2.6957764821
1644.5000000000 2.6961947181
1644.6000000000 2.6904462900
1644.7000000000 2.6827053506
1644.8000000000 2.6854535405
1644.9000000000 2.6908840473
1645.0000000000 2.6931012651
1645.1000000000 2.7007928621
1645.2000000000 2.7032530723
1645.3000000000 2.7054788333
1645.4000000000 2.7029555750
1645.5000000000 2.7084569080
1645.6000000000 2.7098775282
1645.7000000000 2.7130601655
1645.8000000000 2.7081913002
1645.9000000000 2.7068781322
1646.0000000000 2.6887449540
1646.1000000000 2.6942030950
1646.2000000000 2.6862387254
1646.3000000000 2.6911742906
1646.4000000000 2.6921314975
1646.5000000000 2.6989399377
1646.6000000000 2.7023669997
1646.7000000000 2.6923616876
1646.8000000000 2.7020542614
1646.9000000000 2.6937622744
1647.0000000000 2.6908613608
1647.1000000000 2.6814878944
1647.2000000000 2.6824225052
1647.3000000000 2.6862894946
1647.4000000000 2.6910313372
1647.5000000000 2.6811896462
1647.6000000000 2.6858414384
1647.7000000000 2.6864072054
1647.8000000000 2.6867368897
1647.9000000000 2.6824236554
1648.0000000000 2.6872236091
1648.1000000000 2.6877207209
1648.2000000000 2.6788580157
1648.3000000000 2.6799109914
1648.4000000000 2.6836040399
1648.5000000000 2.6803675565
1648.6000000000 2.6761899520
1648.7000000000 2.6805244509
1648.8000000000 2.6779458916
1648.9000000000 2.6653251113
1649.0000000000 2.6707000245
1649.1000000000 2.6784337454
1649.2000000000 2.6833647742
1649.3000000000 2.6813477110
1649.4000000000 2.6802955200
1649.5000000000 2.6856332922
1649.6000000000 2.6860113343
1649.7000000000 2.6841961383
1649.8000000000 2.6894296746
1649.9000000000 2.6874349584
1650.0000000000 2.6891176426
1650.1000000000 2.6866970507
1650.2000000000 2.6912710487
1650.3000000000 2.6840082710
1650.4000000000 2.6903828822
1650.5000000000 2.6895620981
1650.6000000000 2.6940064761
1650.7000000000 2.6950992426
1650.8000000000 2.6934489920
1650.9000000000 2.6861780321
1651.0000000000 2.6928028554
1651.1000000000 2.6962257921
1651.2000000000 2.6953090570
1651.3000000000 2.6913869920
1651.4000000000 2.6921143029
1651.5000000000 2.6850928185
1651.6000000000 2.6888065145
1651.7000000000 2.6965500558
1651.8000000000 2.6982394667
1651.9000000000 2.7025368280
1652.0000000000 2.7021528044
1652.1000000000 2.7057936516
1652.2000000000 2.7038119784
1652.3000000000 2.7031221651
1652.4000000000 2.7049612228
1652.5000000000 2.7025098060
1652.6000000000 2.6915901431
1652.7000000000 2.6786131145
1652.8000000000 2.6843174595
1652.9000000000 2.6813210880
1653.0000000000 2.6777539983
1653.1000000000 2.6777381900
1653.2000000000 2.6795660061
1653.3000000000 2.6772621743
1653.4000000000 2.6805105651
1653.5000000000 2.6763362750
1653.6000000000 2.6622353221
1653.7000000000 2.6677120860
1653.8000000000 2.6639332473
1653.9000000000 2.6496156591
1654.0000000000 2.6468570160
1654.1000000000 2.6358004298
1654.2000000000 2.6395519938
1654.3000000000 2.6354885051
1654.4000000000 2.6330138134
1654.5000000000 2.6327366942
1654.6000000000 2.6398328710
1654.7000000000 2.6327465602
1654.8000000000 2.6360767558
1654.9000000000 2.6397290202
1655.0000000000 2.6494646449
1655.1000000000 2.6493228384
1655.2000000000 2.6450584555
1655.3000000000 2.6523014165
1655.4000000000 2.6419538577
1655.5000000000 2.6520670382
1655.6000000000 2.6533557070
1655.7000000000 2.6500234368
1655.8000000000 2.6472051579
1655.9000000000 2.6555499777
1656.0000000000 2.6599778287
1656.1000000000 2.6555215761
1656.2000000000 2.6463460332
1656.3000000000 2.6514787162
1656.4000000000 2.6629570538
1656.5000000000 2.6483954371
1656.6000000000 2.6489161834
1656.7000000000 2.6490701382
1656.8000000000 2.6485464834
1656.9000000000 2.6464653787
1657.0000000000 2.6475253901
1657.1000000000 2.6369296534
1657.2000000000 2.6422909433
1657.3000000000 2.6431215035
1657.4000000000 2.6488809961
1657.5000000000 2.6530693875
1657.6000000000 2.6503611219
1657.7000000000 2.6341427151
1657.8000000000 2.6303667567
1657.9000000000 2.6328776898
1658.0000000000 2.6367549043
1658.1000000000 2.6295916242
1658.2000000000 2.6319292005
1658.3000000000 2.6299728330
1658.4000000000 2.6177808099
1658.5000000000 2.6247795340
1658.6000000000 2.6194208801
1658.7000000000 2.6255245546
1658.8000000000 2.6158848358
1658.9000000000 2.6148939048
1659.0000000000 2.6228410568
1659.1000000000 2.6240445260
1659.2000000000 2.6216729233
1659.3000000000 2.6239131707
1659.4000000000 2.6307239602
1659.5000000000 2.6305867718
1659.6000000000 2.6260208968
1659.7000000000 2.6295823457
1659.8000000000 2.6316647944
1659.9000000000 2.6364494681
1660.0000000000 2.6299110684
1660.1000000000 2.6374037134
1660.2000000000 2.6375320633
1660.3000000000 2.6283223415
1660.4000000000 2.6330350067
1660.5000000000 2.6363923077
1660.6000000000 2.6413300955
1660.7000000000 2.6448069383
1660.8000000000 2.6354544694
1660.9000000000 2.6333786913
1661.0000000000 2.6329543303
1661.1000000000 2.6372442873
1661.2000000000 2.6396385519
1661.3000000000 2.6419775697
1661.4000000000 2.6476469015
1661.5000000000 2.6448722775
1661.6000000000 2.6450810115
1661.7000000000 2.6505370960
1661.8000000000 2.6481249776
1661.9000000000 2.6468897125
1662.0000000000 2.6542619698
1662.1000000000 2.6546156186
1662.2000000000 2.6552589580
1662.3000000000 2.6611127768
1662.4000000000 2.6592649034
1662.5000000000 2.6603779177
1662.6000000000 2.6653053786
1662.7000000000 2.6671749998
1662.8000000000 2.6666001298
1662.9000000000 2.6620639545
1663.0000000000 2.6598425896
1663.1000000000 2.6652624524
1663.2000000000 2.6680565254
1663.3000000000 2.6629549740
1663.4000000000 2.6651607022
1663.5000000000 2.6636733191
1663.6000000000 2.6613799064
1663.7000000000 2.6599070200
1663.8000000000 2.6643501178
1663.9000000000 2.6641271206
1664.0000000000 2.6677434642
1664.1000000000 2.6737503341
1664.2000000000 2.6710669579
1664.3000000000 2.6716845718
1664.4000000000 2.6767832360
1664.5000000000 2.6812670320
1664.6000000000 2.6823118675
1664.7000000000 2.6822564041
1664.8000000000 2.6821060370
1664.9000000000 2.6810424666
1665.0000000000 2.6871767985
1665.1000000000 2.6825843129
1665.2000000000 2.6777267731
1665.3000000000 2.6910716867
1665.4000000000 2.6911053241
1665.5000000000 2.6905205376
1665.6000000000 2.6837916154
1665.7000000000 2.6809232713
1665.8000000000 2.6846236440
1665.9000000000 2.6759082770
1666.0000000000 2.6706038154
1666.1000000000 2.6644207452
1666.2000000000 2.6682398998
1666.3000000000 2.6765972328
1666.4000000000 2.6770373203
1666.5000000000 2.6805352599
1666.6000000000 2.6825558936
1666.7000000000 2.6775931154
1666.8000000000 2.6780364611
1666.9000000000 2.6768473094
1667.0000000000 2.6763531208
1667.1000000000 2.6834216106
1667.2000000000 2.6847916937
1667.3000000000 2.6902103249
1667.4000000000 2.6839458782
1667.5000000000 2.6739846209
1667.6000000000 2.6678584231
1667.7000000000 2.6734420012
1667.8000000000 2.6697837060
1667.9000000000 2.6687293970
1668.0000000000 2.6752605042
1668.1000000000 2.6740203302
1668.2000000000 2.6611144364
1668.3000000000 2.6611859743
1668.4000000000 2.6666510658
1668.5000000000 2.6669005420
1668.6000000000 2.6736558388
1668.7000000000 2.6723917277
1668.8000000000 2.6735836530
1668.9000000000 2.6752305477
1669.0000000000 2.6672002796
1669.1000000000 2.6608932751
1669.2000000000 2.6542120869
1669.3000000000 2.6572902890
1669.4000000000 2.6587884572
1669.5000000000 2.6635746784
1669.6000000000 2.6611787731
1669.7000000000 2.6516852071
1669.8000000000 2.6574057146
1669.9000000000 2.6576232182
1670.0000000000 2.6551477651
1670.1000000000 2.6577910517
1670.2000000000 2.6509631679
1670.3000000000 2.6423594495
1670.4000000000 2.6431124758
1670.5000000000 2.6419205016
1670.6000000000 2.6413445328
1670.7000000000 2.6397834286
1670.8000000000 2.6366135176
1670.9000000000 2.6407658596
1671.0000000000 2.6512983506
1671.1000000000 2.6563706946
1671.2000000000 2.6536096781
1671.3000000000 2.6586916455
1671.4000000000 2.6595884959
1671.5000000000 2.6596298647
1671.6000000000 2.6581779339
1671.7000000000 2.6556946903
1671.8000000000 2.6563098437
1671.9000000000 2.6511933426
1672.0000000000 2.6519800983
1672.1000000000 2.6539665919
1672.2000000000 2.6556727965
1672.3000000000 2.6585333583
1672.4000000000 2.6601511760
1672.5000000000 2.6674418206
1672.6000000000 2.6690022780
1672.7000000000 2.6669330621
1672.8000000000 2.6689518563
1672.9000000000 2.6627483187
1673.0000000000 2.6637571044
1673.1000000000 2.6704084500
1673.2000000000 2.6633406164
1673.3000000000 2.6598381609
1673.4000000000 2.6584606764
1673.5000000000 2.6592745012
1673.6000000000 2.6538905573
1673.7000000000 2.6550274298
1673.8000000000 2.6577033522
1673.9000000000 2.6617605533
1674.0000000000 2.6642803338
1674.1000000000 2.6569397183
1674.2000000000 2.6596081581
1674.3000000000 2.6671555616
1674.4000000000 2.6633553180
1674.5000000000 2.6745287530
1674.6000000000 2.6751137553
1674.7000000000 2.6727678368
1674.8000000000 2.6708119413
1674.9000000000 2.6666119274
1675.0000000000 2.6726766113
1675.1000000000 2.6682002792
1675.2000000000 2.6558666606
1675.3000000000 2.6526950323
1675.4000000000 2.6479307804
1675.5000000000 2.6444596038
1675.6000000000 2.6441595016
1675.7000000000 2.6462867547
1675.8000000000 2.6458022414
1675.9000000000 2.6408477054
1676.0000000000 2.6453509137
1676.1000000000 2.6514218156
1676.2000000000 2.6507831074
1676.3000000000 2.6576062395
1676.4000000000 2.6495344847
1676.5000000000 2.6568185254
1676.6000000000 2.6585079937
1676.7000000000 2.6625578305
1676.8000000000 2.6632606245
1676.9000000000 2.6675822196
1677.0000000000 2.6601978894
1677.1000000000 2.6663496048
1677.2000000000 2.6697178729
1677.3000000000 2.6714682746
1677.4000000000 2.6614131640
1677.5000000000 2.6668194095
1677.6000000000 2.6626032518
1677.7000000000 2.6679393218
1677.8000000000 2.6672202846
1677.9000000000 2.6677102024
1678.0000000000 2.6711312902
1678.1000000000 2.6619905569
1678.2000000000 2.6699555791
1678.3000000000 2.6764021724
1678.4000000000 2.6802415678
1678.5000000000 2.6719536810
1678.6000000000 2.6688117123
1678.7000000000 2.6683448412
1678.8000000000 2.6671224415
1678.9000000000 2.6631349071
1679.0000000000 2.6689897512
1679.1000000000 2.6660008433
1679.2000000000 2.6668433466
1679.3000000000 2.6688442199
1679.4000000000 2.6778951712
1679.5000000000 2.6773441105
1679.6000000000 2.6742160927
1679.7000000000 2.6706731103
1679.8000000000 2.6768527510
1679.9000000000 2.6814317955
1680.0000000000 2.6727838097
1680.1000000000 2.6704957991
1680.2000000000 2.6688931857
1680.3000000000 2.6707602979
1680.4000000000 2.6785018302
1680.5000000000 2.6737989818
1680.6000000000 2.6785978253
1680.7000000000 2.6844472615
1680.8000000000 2.6851184001
1680.9000000000 2.6837295531
1681.0000000000 2.6785893157
1681.1000000000 2.6910759771
1681.2000000000 2.6804655893
1681.3000000000 2.6845590516
1681.4000000000 2.6784844320
1681.5000000000 2.6756119651
1681.6000000000 2.6685424119
1681.7000000000 2.6577695105
1681.8000000000 2.6573864145
1681.9000000000 2.6567549977
1682.0000000000 2.6503997167
1682.1000000000 2.6560039594
1682.2000000000 2.6636959222
1682.3000000000 2.6648655715
1682.4000000000 2.6565090053
1682.5000000000 2.6552607964
1682.6000000000 2.6462288323
1682.7000000000 2.6532742744
1682.8000000000 2.6471271905
1682.9000000000 2.6489243061
1683.0000000000 2.6492279523
1683.1000000000 2.6391106681
1683.2000000000 2.6494170217
1683.3000000000 2.6551632344
1683.4000000000 2.6558068710
1683.5000000000 2.6562597570
1683.6000000000 2.6495930157
1683.7000000000 2.6541463075
1683.8000000000 2.6602870103
1683.9000000000 2.6628311538
1684.0000000000 2.6623420334
1684.1000000000 2.6651020252
1684.2000000000 2.6605573543
1684.3000000000 2.6634923462
1684.4000000000 2.6616663138
1684.5000000000 2.6642198547
1684.6000000000 2.6684552400
1684.7000000000 2.6723695918
1684.8000000000 2.6782277002
1684.9000000000 2.6742775454
1685.0000000000 2.6686203227
1685.1000000000 2.6646015691
1685.2000000000 2.6691079032
1685.3000000000 2.6669803409
1685.4000000000 2.6651581932
1685.5000000000 2.6653920681
1685.6000000000 2.6594326239
1685.7000000000 2.6506312266
1685.8000000000 2.6532570557
1685.9000000000 2.6570475418
1686.0000000000 2.6557886815
1686.1000000000 2.6563022594
1686.2000000000 2.6563719321
1686.3000000000 2.6558417425
1686.4000000000 2.6638749680
1686.5000000000 2.6668569824
1686.6000000000 2.6696677813
1686.7000000000 2.6789064090
1686.8000000000 2.6787854016
1686.9000000000 2.6704929111
1687.0000000000 2.6670339561
1687.1000000000 2.6714232034
1687.2000000000 2.6574436801
1687.3000000000 2.6661333135
1687.4000000000 2.6603745020
1687.5000000000 2.6628663003
1687.6000000000 2.6551688446
1687.7000000000 2.6477680876
1687.8000000000 2.6493691857
1687.9000000000 2.6412790386
1688.0000000000 2.6403592687
1688.1000000000 2.6405953756
1688.2000000000 2.6366806569
1688.3000000000 2.6419933810
1688.4000000000 2.6462040054
1688.5000000000 2.6468373428
1688.6000000000 2.6380348971
1688.7000000000 2.6369281182
1688.8000000000 2.6409015598
1688.9000000000 2.6392078906
1689.0000000000 2.6399479152
1689.1000000000 2.6466639545
1689.2000000000 2.6502854002
1689.3000000000 2.6450392879
1689.4000000000 2.6429584165
1689.5000000000 2.6464280434
1689.6000000000 2.6447989675
1689.7000000000 2.6484292262
1689.8000000000 2.6570403458
1689.9000000000 2.6529920241
1690.0000000000 2.6497928012
1690.1000000000 2.6548307633
1690.2000000000 2.6508542927
1690.3000000000 2.6559554784
1690.4000000000 2.6506606707
1690.5000000000 2.6523189834
1690.6000000000 2.6556911512
1690.7000000000 2.6589491488
1690.8000000000 2.6586915969
1690.9000000000 2.6597975963
1691.0000000000 2.6526878486
1691.1000000000 2.6517729925
1691.2000000000 2.6494482799
1691.3000000000 2.6512806723
1691.4000000000 2.6521869548
1691.5000000000 2.6506868196
1691.6000000000 2.6512467066
1691.7000000000 2.6597077917
1691.8000000000 2.6651933871
1691.9000000000 2.6640157929
1692.0000000000 2.6688631687
1692.1000000000 2.6748476619
1692.2000000000 2.6713031733
1692.3000000000 2.6722887055
1692.4000000000 2.6751978305
1692.5000000000 2.6823064839
1692.6000000000 2.6788906416
1692.7000000000 2.6716324350
1692.8000000000 2.6630320937
1692.9000000000 2.6660605566
1693.0000000000 2.6722519697
1693.1000000000 2.6694712241
1693.2000000000 2.6746521308
1693.3000000000 2.6816734500
1693.4000000000 2.6820796277
1693.5000000000 2.6718530106
1693.6000000000 2.6755894704
1693.7000000000 2.6811685208
1693.8000000000 2.6750773944
1693.9000000000 2.6690880416
1694.0000000000 2.6707540908
1694.1000000000 2.6671969454
1694.2000000000 2.6719112228
1694.3000000000 2.6770205282
1694.4000000000 2.6793807276
1694.5000000000 2.6806345969
1694.6000000000 2.6813010650
1694.7000000000 2.6809731950
1694.8000000000 2.6801222376
1694.9000000000 2.6738121697
1695.0000000000 2.6723156398
1695.1000000000 2.6736008106
1695.2000000000 2.6672397595
1695.3000000000 2.6697615008
1695.4000000000 2.6635060604
1695.5000000000 2.6538460271
1695.6000000000 2.6416570315
1695.7000000000 2.6307145871
1695.8000000000 2.6270748259
1695.9000000000 2.6236440364
1696.0000000000 2.6302862173
1696.1000000000 2.6253675474
1696.2000000000 2.6245649034
1696.3000000000 2.6260082175
1696.4000000000 2.6275169273
1696.5000000000 2.6294936983
1696.6000000000 2.6273479726
1696.7000000000 2.6296630821
1696.8000000000 2.6331439540
1696.9000000000 2.6203968729
1697.0000000000 2.6238712546
1697.1000000000 2.6274846951
1697.2000000000 2.6206543255
1697.3000000000 2.6223139014
1697.4000000000 2.6231955721
1697.5000000000 2.6233258128
1697.6000000000 2.6260635403
1697.7000000000 2.6292754364
1697.8000000000 2.6322538339
1697.9000000000 2.6263532652
1698.0000000000 2.6233870181
1698.1000000000 2.6311205953
1698.2000000000 2.6309943745
1698.3000000000 2.6225643556
1698.4000000000 2.6220320750
1698.5000000000 2.6156774806
1698.6000000000 2.6213621410
1698.7000000000 2.6209407848
1698.8000000000 2.6159893893
1698.9000000000 2.6226574874
1699.0000000000 2.6285790298
1699.1000000000 2.6306063203
1699.2000000000 2.6318202547
1699.3000000000 2.6175588009
1699.4000000000 2.6261247589
1699.5000000000 2.6170191995
1699.6000000000 2.6168515195
1699.7000000000 2.6151995900
1699.8000000000 2.6179744311
1699.9000000000 2.6207529558
1700.0000000000 2.6166718530
1700.1000000000 2.6187571806
1700.2000000000 2.6290342388
1700.3000000000 2.6293812235
1700.4000000000 2.6294046394
1700.5000000000 2.6255962136
1700.6000000000 2.6207825472
1700.7000000000 2.6229315203
1700.8000000000 2.6304250315
1700.9000000000 2.6344628530
1701.0000000000 2.6356382326
1701.1000000000 2.6294622750
1701.2000000000 2.6348397033
1701.3000000000 2.6320588062
1701.4000000000 2.6310644391
1701.5000000000 2.6239186542
1701.6000000000 2.6242194299
1701.7000000000 2.6230299724
1701.8000000000 2.6181989934
1701.9000000000 2.6175900246
1702.0000000000 2.6134934022
1702.1000000000 2.6175066399
1702.2000000000 2.6185059565
1702.3000000000 2.6230102793
1702.4000000000 2.6241446893
1702.5000000000 2.6165314515
1702.6000000000 2.6175952113
1702.7000000000 2.6273663832
1702.8000000000 2.6194280544
1702.9000000000 2.6187107461
1703.0000000000 2.6157845715
1703.1000000000 2.6132311582
1703.2000000000 2.6117201947
1703.3000000000 2.6203454341
1703.4000000000 2.6226553618
1703.5000000000 2.6243483094
1703.6000000000 2.6073421292
1703.7000000000 2.6116850172
1703.8000000000 2.6161198767
1703.9000000000 2.6031475036
1704.0000000000 2.6080804518
1704.1000000000 2.6008405118
1704.2000000000 2.6093347291
1704.3000000000 2.6047913156
1704.4000000000 2.6069966742
1704.5000000000 2.6138145840
1704.6000000000 2.6189741261
1704.7000000000 2.6194733634
1704.8000000000 2.6176925932
1704.9000000000 2.6117778617
1705.0000000000 2.6209276698
1705.1000000000 2.6211675019
1705.2000000000 2.6213274238
1705.3000000000 2.6238391460
1705.4000000000 2.6180206173
1705.5000000000 2.6220475275
1705.6000000000 2.6276841156
1705.7000000000 2.6325124078
1705.8000000000 2.6333596551
1705.9000000000 2.6374844898
1706.0000000000 2.6374736287
1706.1000000000 2.6344312889
1706.2000000000 2.6381040459
1706.3000000000 2.6466695067
1706.4000000000 2.6400381431
1706.5000000000 2.6286176090
1706.6000000000 2.6294440169
1706.7000000000 2.6346583516
1706.8000000000 2.6287660072
1706.9000000000 2.6399436883
1707.0000000000 2.6312682428
1707.1000000000 2.6174591971
1707.2000000000 2.6288338276
1707.3000000000 2.6346640939
1707.4000000000 2.6293771656
1707.5000000000 2.6329913574
1707.6000000000 2.6321446174
1707.7000000000 2.6347518673
1707.8000000000 2.6286377518
1707.9000000000 2.6272925205
1708.0000000000 2.6345963225
1708.1000000000 2.6392797534
1708.2000000000 2.6399470777
1708.3000000000 2.6328347177
1708.4000000000 2.6250790696
1708.5000000000 2.6293374691
1708.6000000000 2.6287441105
1708.7000000000 2.6323829320
1708.8000000000 2.6399985016
1708.9000000000 2.6320701116
1709.0000000000 2.6372875202
1709.1000000000 2.6368542507
1709.2000000000 2.6437203338
1709.3000000000 2.6429623435
1709.4000000000 2.6473786807
1709.5000000000 2.6525027545
1709.6000000000 2.6540994140
1709.7000000000 2.6455308861
1709.8000000000 2.6461610874
1709.9000000000 2.6557703948
1710.0000000000 2.6543650269
1710.1000000000 2.6501473347
1710.2000000000 2.6533542356
1710.3000000000 2.6571377891
1710.4000000000 2.6556696550
1710.5000000000 2.6508861561
1710.6000000000 2.6535311306
1710.7000000000 2.6458366702
1710.8000000000 2.6539290398
1710.9000000000 2.6486100484
1711.0000000000 2.6486193525
1711.1000000000 2.6458914675
1711.2000000000 2.6463854099
1711.3000000000 2.6357787309
1711.4000000000 2.6404298977
1711.5000000000 2.6417069091
1711.6000000000 2.6360969125
1711.7000000000 2.6367782561
1711.8000000000 2.6340685161
1711.9000000000 2.6430831810
1712.0000000000 2.6410093648
1712.1000000000 2.6376963631
1712.2000000000 2.6355068835
1712.3000000000 2.6405323259
1712.4000000000 2.6453154527
1712.5000000000 2.6459842607
1712.6000000000 2.6416325518
1712.7000000000 2.6361605872
1712.8000000000 2.6390427166
1712.9000000000 2.6400148960
1713.0000000000 2.6388594318
1713.1000000000 2.6217859354
1713.2000000000 2.6235452240
1713.3000000000 2.6166784326
1713.4000000000 2.6207064075
1713.5000000000 2.6154336802
1713.6000000000 2.6150496488
1713.7000000000 2.6213705064
1713.8000000000 2.6231379307
1713.9000000000 2.6218950801
1714.0000000000 2.6211940228
1714.1000000000 2.6211373522
1714.2000000000 2.6226297054
1714.3000000000 2.6315281050
1714.4000000000 2.6277127579
1714.5000000000 2.6264731045
1714.6000000000 2.6208300073
1714.7000000000 2.6279360443
1714.8000000000 2.6248594064
1714.9000000000 2.6242754118
1715.0000000000 2.6275926792
1715.1000000000 2.6328582921
1715.2000000000 2.6290256207
1715.3000000000 2.6320192061
1715.4000000000 2.6388951919
1715.5000000000 2.6374232443
1715.6000000000 2.6393772768
1715.7000000000 2.6377941940
1715.8000000000 2.6391343880
1715.9000000000 2.6423987089
1716.0000000000 2.6515142208
1716.1000000000 2.6533345671
1716.2000000000 2.6555660060
1716.3000000000 2.6594356324
1716.4000000000 2.6601330403
1716.5000000000 2.6587690065
1716.6000000000 2.6606444379
1716.7000000000 2.6620658659
1716.8000000000 2.6642004381
1716.9000000000 2.6676347588
1717.0000000000 2.6661895852
1717.1000000000 2.6696166788
1717.2000000000 2.6687554667
1717.3000000000 2.6665349060
1717.4000000000 2.6645663667
1717.5000000000 2.6580753204
1717.6000000000 2.6630093562
1717.7000000000 2.6683419286
1717.8000000000 2.6718846851
1717.9000000000 2.6780972062
1718.0000000000 2.6815396731
1718.1000000000 2.6751624573
1718.2000000000 2.6778970169
1718.3000000000 2.6821110267
1718.4000000000 2.6739441431
1718.5000000000 2.6800568284
1718.6000000000 2.6773007921
1718.7000000000 2.6573904020
1718.8000000000 2.6575841826
1718.9000000000 2.6617928603
1719.0000000000 2.6643854972
1719.1000000000 2.6617819373
1719.2000000000 2.6559904862
1719.3000000000 2.6581073554
1719.4000000000 2.6564449585
1719.5000000000 2.6630292222
1719.6000000000 2.6635083617
1719.7000000000 2.6642368893
1719.8000000000 2.6511306193
1719.9000000000 2.6536223655
1720.0000000000 2.6540482108
1720.1000000000 2.6503690745
1720.2000000000 2.6428358330
1720.3000000000 2.6492967709
1720.4000000000 2.6581810261
1720.5000000000 2.6454108581
1720.6000000000 2.6488750108
1720.7000000000 2.6536069930
1720.8000000000 2.6575314799
1720.9000000000 2.6515733802
1721.0000000000 2.6479799660
1721.1000000000 2.6441449354
1721.2000000000 2.6485247761
1721.3000000000 2.6507205662
1721.4000000000 2.6461028045
1721.5000000000 2.6376428788
1721.6000000000 2.6386769215
1721.7000000000 2.6344526338
1721.8000000000 2.6392258838
1721.9000000000 2.6335141930
1722.0000000000 2.6315789123
1722.1000000000 2.6465658009
1722.2000000000 2.6444377428
1722.3000000000 2.6392169327
1722.4000000000 2.6403765357
1722.5000000000 2.6403300440
1722.6000000000 2.6303285341
1722.7000000000 2.6346354341
1722.8000000000 2.6369522147
1722.9000000000 2.6362558205
1723.0000000000 2.6360500279
1723.1000000000 2.6374315962
1723.2000000000 2.6378276464
1723.3000000000 2.6355149354
1723.4000000000 2.6377857903
1723.5000000000 2.6432578362
1723.6000000000 2.6446354299
1723.7000000000 2.6414619322
1723.8000000000 2.6549486470
1723.9000000000 2.6461391895
1724.0000000000 2.6442741640
1724.1000000000 2.6377256497
1724.2000000000 2.6394370701
1724.3000000000 2.6400196463
1724.4000000000 2.6383424943
1724.5000000000 2.6382121908
1724.6000000000 2.6441533156
1724.7000000000 2.6471311306
1724.8000000000 2.6469121729
1724.9000000000 2.6427000061
1725.0000000000 2.6433818829
1725.1000000000 2.6482956251
1725.2000000000 2.6481769689
1725.3000000000 2.6537741628
1725.4000000000 2.6535219208
1725.5000000000 2.6574103990
1725.6000000000 2.6550123545
1725.7000000000 2.6574634169
1725.8000000000 2.6552011741
1725.9000000000 2.6601656847
1726.0000000000 2.6652002127
1726.1000000000 2.6673008305
1726.2000000000 2.6647121349
1726.3000000000 2.6526141894
1726.4000000000 2.6558283820
1726.5000000000 2.6616883872
1726.6000000000 2.6624352189
1726.7000000000 2.6601804601
1726.8000000000 2.6615957717
1726.9000000000 2.6606649038
1727.0000000000 2.6623254963
1727.1000000000 2.6586856704
1727.2000000000 2.6513661924
1727.3000000000 2.6576836681
1727.4000000000 2.6616968982
1727.5000000000 2.6617745487
1727.6000000000 2.6647457596
1727.7000000000 2.6629919015
1727.8000000000 2.6638420057
1727.9000000000 2.6615614034
1728.0000000000 2.6639276196
1728.1000000000 2.6591351301
1728.2000000000 2.6514334565
1728.3000000000 2.6446027788
1728.4000000000 2.6418243316
1728.5000000000 2.6353296304
1728.6000000000 2.6325890288
1728.7000000000 2.6333628271
1728.8000000000 2.6265646589
1728.9000000000 2.6284717504
1729.0000000000 2.6234966971
1729.1000000000 2.6137529219
1729.2000000000 2.6218579026
1729.3000000000 2.6268271050
1729.4000000000 2.6259054558
1729.5000000000 2.6253451496
1729.6000000000 2.6294831899
1729.7000000000 2.6360684666
1729.8000000000 2.6305433932
1729.9000000000 2.6311974557
1730.0000000000 2.6253791606
1730.1000000000 2.6218386280
1730.2000000000 2.6296448298
1730.3000000000 2.6279237034
1730.4000000000 2.6292741897
1730.5000000000 2.6326302730
1730.6000000000 2.6297138671
1730.7000000000 2.6314516040
1730.8000000000 2.6290220021
1730.9000000000 2.6260235380
1731.0000000000 2.6154382729
1731.1000000000 2.6091756451
1731.2000000000 2.6164176029
1731.3000000000 2.6148615460
1731.4000000000 2.6158619739
1731.5000000000 2.6079061869
1731.6000000000 2.6066646942
1731.7000000000 2.6075946147
1731.8000000000 2.6068210266
1731.9000000000 2.6107572664
1732.0000000000 2.6136810719
1732.1000000000 2.6129381388
1732.2000000000 2.6145319157
1732.3000000000 2.6130521489
1732.4000000000 2.6111662644
1732.5000000000 2.6090332328
1732.6000000000 2.6051930347
1732.7000000000 2.5957955220
1732.8000000000 2.5997459000
1732.9000000000 2.6021539533
1733.0000000000 2.6009181761
1733.1000000000 2.5943206203
1733.2000000000 2.5998393454
1733.3000000000 2.5984744310
1733.4000000000 2.6052521314
1733.5000000000 2.6081614233
1733.6000000000 2.6020618640
1733.7000000000 2.5928248310
1733.8000000000 2.5998209314
1733.9000000000 2.5972381124
1734.0000000000 2.6061270093
1734.1000000000 2.5918049518
1734.2000000000 2.6005891947
1734.3000000000 2.6066367115
1734.4000000000 2.5965996979
1734.5000000000 2.6023420864
1734.6000000000 2.6072176426
1734.7000000000 2.6035785675
1734.8000000000 2.6092395695
1734.9000000000 2.6034876589
1735.0000000000 2.6055435820
1735.1000000000 2.6011143721
1735.2000000000 2.5997313109
1735.3000000000 2.6028982433
1735.4000000000 2.6008254242
1735.5000000000 2.6015870689
1735.6000000000 2.5933859700
1735.7000000000 2.5970692702
1735.8000000000 2.5992027262
1735.9000000000 2.6019107265
1736.0000000000 2.6084021885
1736.1000000000 2.6087581571
1736.2000000000 2.6025849748
1736.3000000000 2.6020141515
1736.4000000000 2.5999989931
1736.5000000000 2.6078950414
1736.6000000000 2.6071361159
1736.7000000000 2.6051789600
1736.8000000000 2.5977384237
1736.9000000000 2.5990677238
1737.0000000000 2.6066207565
1737.1000000000 2.5988070032
1737.2000000000 2.6012435595
1737.3000000000 2.6043266027
1737.4000000000 2.5976970170
1737.5000000000 2.6039730338
1737.6000000000 2.6049491453
1737.7000000000 2.6030670646
1737.8000000000 2.6058397217
1737.9000000000 2.6079779322
1738.0000000000 2.5932882594
1738.1000000000 2.5890793389
1738.2000000000 2.5960820753
1738.3000000000 2.5975116490
1738.4000000000 2.5960344881
1738.5000000000 2.5942234136
1738.6000000000 2.5898555864
1738.7000000000 2.5873109708
1738.8000000000 2.5873799600
1738.9000000000 2.5823442301
1739.0000000000 2.5906870861
1739.1000000000 2.5981087349
1739.2000000000 2.5917219946
1739.3000000000 2.5862479865
1739.4000000000 2.5895875022
1739.5000000000 2.5910053991
1739.6000000000 2.5948164883
1739.7000000000 2.6006294776
1739.8000000000 2.5949779306
1739.9000000000 2.5939012531
1740.0000000000 2.5974384002
1740.1000000000 2.5932392695
1740.2000000000 2.5957008511
1740.3000000000 2.6008295155
1740.4000000000 2.5979728388
1740.5000000000 2.5940682089
1740.6000000000 2.5964799148
1740.7000000000 2.5967358241
1740.8000000000 2.6025922699
1740.9000000000 2.5983456860
1741.0000000000 2.6028271676
1741.1000000000 2.6102172923
1741.2000000000 2.6131551093
1741.3000000000 2.6154043448
1741.4000000000 2.6101883155
1741.5000000000 2.6099690689
1741.6000000000 2.6096421490
1741.7000000000 2.6174834132
1741.8000000000 2.6153358066
1741.9000000000 2.6110744988
1742.0000000000 2.6092807365
1742.1000000000 2.6165959603
1742.2000000000 2.6192776867
1742.3000000000 2.6103766405
1742.4000000000 2.6087816448
1742.5000000000 2.6101080124
1742.6000000000 2.6153675161
1742.7000000000 2.6151892450
1742.8000000000 2.6171517742
1742.9000000000 2.6149754280
1743.0000000000 2.6073817967
1743.1000000000 2.6110795085
1743.2000000000 2.6090231165
1743.3000000000 2.6039125358
1743.4000000000 2.6112030684
1743.5000000000 2.6171384069
1743.6000000000 2.6116021895
1743.7000000000 2.6022329778
1743.8000000000 2.5947660294
1743.9000000000 2.5959453921
1744.0000000000 2.5914443526
1744.1000000000 2.5935554375
1744.2000000000 2.5970488249
1744.3000000000 2.5983313579
1744.4000000000 2.6006729174
1744.5000000000 2.6013033595
1744.6000000000 2.5977077311
1744.7000000000 2.5954350625
1744.8000000000 2.5866363398
1744.9000000000 2.5815531654
1745.0000000000 2.5732503095
1745.1000000000 2.5812574406
1745.2000000000 2.5801607740
1745.3000000000 2.5840980295
1745.4000000000 2.5865635176
1745.5000000000 2.5918691317
1745.6000000000 2.6000097154
1745.7000000000 2.5927482258
1745.8000000000 2.5901314149
1745.9000000000 2.5867567948
1746.0000000000 2.5886046456
1746.1000000000 2.5874665479
1746.2000000000 2.5893477777
1746.3000000000 2.5831718690
1746.4000000000 2.5887459113
1746.5000000000 2.5821308480
1746.6000000000 2.5846627462
1746.7000000000 2.5826466367
1746.8000000000 2.5865134962
1746.9000000000 2.5922289749
1747.0000000000 2.5774778418
1747.1000000000 2.5818038754
1747.2000000000 2.5894304078
1747.3000000000 2.5973388614
1747.4000000000 2.5897243752
1747.5000000000 2.5956807505
1747.6000000000 2.5928200207
1747.7000000000 2.5918902576
1747.8000000000 2.5935761987
1747.9000000000 2.5900912899
1748.0000000000 2.5925125541
1748.1000000000 2.5960670287
1748.2000000000 2.5983756379
1748.3000000000 2.5947456196
1748.4000000000 2.6012215970
1748.5000000000 2.6025520805
1748.6000000000 2.6044381053
1748.7000000000 2.6040632993
1748.8000000000 2.6098675261
1748.9000000000 2.6136077252
1749.0000000000 2.6069873312
1749.1000000000 2.5996299919
1749.2000000000 2.6078436079
1749.3000000000 2.6034299516
1749.4000000000 2.6073479457
1749.5000000000 2.6081621524
1749.6000000000 2.6032010219
1749.7000000000 2.5986124999
1749.8000000000 2.5973161320
1749.9000000000 2.6034911693
1750.0000000000 2.5975092357
1750.1000000000 2.5967583032
1750.2000000000 2.5930045766
1750.3000000000 2.5940680442
1750.4000000000 2.5902063989
1750.5000000000 2.5891339663
1750.6000000000 2.5854691144
1750.7000000000 2.5854084630
1750.8000000000 2.5857179181
1750.9000000000 2.5881156496
1751.0000000000 2.5905228933
1751.1000000000 2.5907166125
1751.2000000000 2.5927560959
1751.3000000000 2.5966629012
1751.4000000000 2.5990085124
1751.5000000000 2.5976521018
1751.6000000000 2.5993405710
1751.7000000000 2.6081324947
1751.8000000000 2.5963196593
1751.9000000000 2.6035637966
1752.0000000000 2.6061222584
1752.1000000000 2.6068244755
1752.2000000000 2.6122592762
1752.3000000000 2.6099580069
1752.4000000000 2.6099489467
1752.5000000000 2.5879209718
1752.6000000000 2.5911250857
1752.7000000000 2.5965184685
1752.8000000000 2.5899920955
1752.9000000000 2.5876183894
1753.0000000000 2.5943670815
1753.1000000000 2.5982870990
1753.2000000000 2.5996154377
1753.3000000000 2.6053811444
1753.4000000000 2.6107952596
1753.5000000000 2.6021540330
1753.6000000000 2.6042820970
1753.7000000000 2.6066587721
1753.8000000000 2.6063595047
1753.9000000000 2.6018436811
1754.0000000000 2.5944261562
1754.1000000000 2.5845481058
1754.2000000000 2.5880632264
1754.3000000000 2.5837891530
1754.4000000000 2.5846407908
1754.5000000000 2.5767520561
1754.6000000000 2.5795187734
1754.7000000000 2.5793029513
1754.8000000000 2.5954287940
1754.9000000000 2.5967895579
1755.0000000000 2.6029493046
1755.1000000000 2.5980061858
1755.2000000000 2.6020869885
1755.3000000000 2.6001304401
1755.4000000000 2.5960039968
1755.5000000000 2.5961901499
1755.6000000000 2.5959390039
1755.7000000000 2.5991977157
1755.8000000000 2.5983386265
1755.9000000000 2.5983203890
1756.0000000000 2.6057455346
1756.1000000000 2.6088031668
1756.2000000000 2.6080401104
1756.3000000000 2.6055445894
1756.4000000000 2.6090767094
1756.5000000000 2.6097865619
1756.6000000000 2.6069130234
1756.7000000000 2.6120051604
1756.8000000000 2.6180662828
1756.9000000000 2.6218347515
1757.0000000000 2.6261428390
1757.1000000000 2.6286402288
1757.2000000000 2.6259091092
1757.3000000000 2.6220767597
1757.4000000000 2.6272253867
1757.5000000000 2.6318033351
1757.6000000000 2.6328861225
1757.7000000000 2.6303189537
1757.8000000000 2.6304591224
1757.9000000000 2.6349344824
1758.0000000000 2.6399089150
1758.1000000000 2.6462243048
1758.2000000000 2.6435133417
1758.3000000000 2.6485439944
1758.4000000000 2.6459427220
1758.5000000000 2.6487463625
1758.6000000000 2.6309909767
1758.7000000000 2.6410651746
1758.8000000000 2.6409913938
1758.9000000000 2.6363625866
1759.0000000000 2.6279594759
1759.1000000000 2.6355858508
1759.2000000000 2.6354190729
1759.3000000000 2.6451347067
1759.4000000000 2.6341903990
1759.5000000000 2.6404158716
1759.6000000000 2.6388077081
1759.7000000000 2.6423660323
1759.8000000000 2.6431008605
1759.9000000000 2.6430453261
1760.0000000000 2.6439474851
1760.1000000000 2.6474932648
1760.2000000000 2.6515743942
1760.3000000000 2.6405444136
1760.4000000000 2.6409115750
1760.5000000000 2.6461603738
1760.6000000000 2.6394596825
1760.7000000000 2.6415854451
1760.8000000000 2.6375607387
1760.9000000000 2.6350873020
1761.0000000000 2.6344805602
1761.1000000000 2.6396214350
1761.2000000000 2.6433638570
1761.3000000000 2.6316964873
1761.4000000000 2.6347665651
1761.5000000000 2.6401554147
1761.6000000000 2.6462430004
1761.7000000000 2.6450351885
1761.8000000000 2.6459189911
1761.9000000000 2.6502478212
1762.0000000000 2.6399970021
1762.1000000000 2.6481853125
1762.2000000000 2.6421537374
1762.3000000000 2.6369077980
1762.4000000000 2.6356756101
1762.5000000000 2.6381084081
1762.6000000000 2.6429837159
1762.7000000000 2.6436938395
1762.8000000000 2.6520926689
1762.9000000000 2.6529048968
1763.0000000000 2.6594200050
1763.1000000000 2.6583132573
1763.2000000000 2.6516671121
1763.3000000000 2.6501635634
1763.4000000000 2.6522257101
1763.5000000000 2.6592413286
1763.6000000000 2.6532728661
1763.7000000000 2.6541580505
1763.8000000000 2.6462932062
1763.9000000000 2.6522430233
1764.0000000000 2.6566097963
1764.1000000000 2.6585995312
1764.2000000000 2.6512142444
1764.3000000000 2.6513230510
1764.4000000000 2.6546070029
1764.5000000000 2.6532166734
1764.6000000000 2.6530886781
1764.7000000000 2.6587113771
1764.8000000000 2.6572461026
1764.9000000000 2.6584936728
1765.0000000000 2.6598471120
1765.1000000000 2.6473001852
1765.2000000000 2.6500105854
1765.3000000000 2.6482848025
1765.4000000000 2.6437381529
1765.5000000000 2.6434934517
1765.6000000000 2.6454790188
1765.7000000000 2.6414197228
1765.8000000000 2.6399615364
1765.9000000000 2.6476866625
1766.0000000000 2.6489833727
1766.1000000000 2.6452905980
1766.2000000000 2.6472701655
1766.3000000000 2.6383619439
1766.4000000000 2.6373372643
1766.5000000000 2.6419180188
1766.6000000000 2.6489894822
1766.7000000000 2.6512208935
1766.8000000000 2.6526429881
1766.9000000000 2.6490027479
1767.0000000000 2.6346513850
1767.1000000000 2.6327189279
1767.2000000000 2.6252534561
1767.3000000000 2.6312198023
1767.4000000000 2.6347248283
1767.5000000000 2.6313549592
1767.6000000000 2.6297268746
1767.7000000000 2.6334352388
1767.8000000000 2.6287788072
1767.9000000000 2.6241595336
1768.0000000000 2.6092709886
1768.1000000000 2.5978179662
1768.2000000000 2.5866670533
1768.3000000000 2.5911787197
1768.4000000000 2.5918473187
1768.5000000000 2.5906823819
1768.6000000000 2.5929739424
1768.7000000000 2.5973333650
1768.8000000000 2.5990315668
1768.9000000000 2.5966369425
1769.0000000000 2.5950032403
1769.1000000000 2.5962622583
1769.2000000000 2.6001716933
1769.3000000000 2.5937678389
1769.4000000000 2.5954900808
1769.5000000000 2.6055617917
1769.6000000000 2.6090501771
1769.7000000000 2.6076435568
1769.8000000000 2.6016626393
1769.9000000000 2.6060094067
1770.0000000000 2.6047297365
1770.1000000000 2.6150338869
1770.2000000000 2.6073706981
1770.3000000000 2.6056795984
1770.4000000000 2.6057924225
1770.5000000000 2.6094207133
1770.6000000000 2.6164842883
1770.7000000000 2.6231188135
1770.8000000000 2.6235012560
1770.9000000000 2.6257941856
1771.0000000000 2.6242730852
1771.1000000000 2.6241683523
1771.2000000000 2.6272277403
1771.3000000000 2.6240383552
1771.4000000000 2.6365792794
1771.5000000000 2.6327678668
1771.6000000000 2.6356049507
1771.7000000000 2.6263652375
1771.8000000000 2.6168382946
1771.9000000000 2.6101659938
1772.0000000000 2.6148321421
1772.1000000000 2.6142949350
1772.2000000000 2.6169503857
1772.3000000000 2.6218283976
1772.4000000000 2.6226609302
1772.5000000000 2.6170046321
1772.6000000000 2.6108146109
1772.7000000000 2.6154016017
1772.8000000000 2.6033363078
1772.9000000000 2.6079021329
1773.0000000000 2.6114385132
1773.1000000000 2.6128712499
1773.2000000000 2.6165502174
1773.3000000000 2.6069392950
1773.4000000000 2.6026255956
1773.5000000000 2.6003838244
1773.6000000000 2.6014823174
1773.7000000000 2.6016808245
1773.8000000000 2.6073793710
1773.9000000000 2.6034239739
1774.0000000000 2.5994672277
1774.1000000000 2.5966808351
1774.2000000000 2.5942773881
1774.3000000000 2.5995908336
1774.4000000000 2.5905487217
1774.5000000000 2.5955826917
1774.6000000000 2.5993313795
1774.7000000000 2.6013275446
1774.8000000000 2.6028942360
1774.9000000000 2.6033934068
1775.0000000000 2.6043929594
1775.1000000000 2.6120549459
1775.2000000000 2.6006903862
1775.3000000000 2.6054054883
1775.4000000000 2.6086984372
1775.5000000000 2.6102494069
1775.6000000000 2.6175859718
1775.7000000000 2.6214929700
1775.8000000000 2.6256048917
1775.9000000000 2.6214194575
1776.0000000000 2.6183474280
1776.1000000000 2.6129232480
1776.2000000000 2.6101734343
1776.3000000000 2.6050990922
1776.4000000000 2.6128859738
1776.5000000000 2.6156258690
1776.6000000000 2.6075605677
1776.7000000000 2.6080512997
1776.8000000000 2.6059425219
1776.9000000000 2.6081712785
1777.0000000000 2.5958343968
1777.1000000000 2.5955527767
1777.2000000000 2.6038728831
1777.3000000000 2.5931559722
1777.4000000000 2.6064629474
1777.5000000000 2.6083948726
1777.6000000000 2.6006654827
1777.7000000000 2.6043497840
1777.8000000000 2.6031877363
1777.9000000000 2.5867075201
1778.0000000000 2.5916538677
1778.1000000000 2.5959660089
1778.2000000000 2.5997626935
1778.3000000000 2.6026792086
1778.4000000000 2.6025527460
1778.5000000000 2.5984247442
1778.6000000000 2.6013501743
1778.7000000000 2.5997393147
1778.8000000000 2.6095007304
1778.9000000000 2.6066997852
1779.0000000000 2.6031586079
1779.1000000000 2.6046453948
1779.2000000000 2.6139682880
1779.3000000000 2.6008478435
1779.4000000000 2.6080718136
1779.5000000000 2.6119365699
1779.6000000000 2.6132807391
1779.7000000000 2.6117882698
1779.8000000000 2.6113423646
1779.9000000000 2.6072229369
1780.0000000000 2.5922184925
1780.1000000000 2.5976702495
1780.2000000000 2.5944212177
1780.3000000000 2.5894556920
1780.4000000000 2.5714563549
1780.5000000000 2.5816257335
1780.6000000000 2.5844399062
1780.7000000000 2.5904190368
1780.8000000000 2.5791794521
1780.9000000000 2.5775736518
1781.0000000000 2.5819877250
1781.1000000000 2.5891547249
1781.2000000000 2.5828174266
1781.3000000000 2.5882572658
1781.4000000000 2.5879049734
1781.5000000000 2.5915349320
1781.6000000000 2.5918633227
1781.7000000000 2.5882344942
1781.8000000000 2.5876850074
1781.9000000000 2.5833043984
1782.0000000000 2.5797078908
1782.1000000000 2.5737000203
1782.2000000000 2.5772953928
1782.3000000000 2.5810661712
1782.4000000000 2.5765092387
1782.5000000000 2.5721832775
1782.6000000000 2.5819265905
1782.7000000000 2.5769045799
1782.8000000000 2.5773295707
1782.9000000000 2.5811401590
1783.0000000000 2.5799639991
1783.1000000000 2.5829239991
1783.2000000000 2.5778972268
1783.3000000000 2.5817827271
1783.4000000000 2.5816065923
1783.5000000000 2.5889088555
1783.6000000000 2.5865008532
1783.7000000000 2.5786156221
1783.8000000000 2.5828931337
1783.9000000000 2.5824470952
1784.0000000000 2.5801086424
1784.1000000000 2.5802001998
1784.2000000000 2.5743157722
1784.3000000000 2.5742443839
1784.4000000000 2.5707020550
1784.5000000000 2.5732747376
1784.6000000000 2.5763399244
1784.7000000000 2.5810183633
1784.8000000000 2.5808744358
1784.9000000000 2.5747533738
1785.0000000000 2.5763966365
1785.1000000000 2.5838432163
1785.2000000000 2.5903835690
1785.3000000000 2.5921804607
1785.4000000000 2.6022256491
1785.5000000000 2.6054164904
1785.6000000000 2.6123962687
1785.7000000000 2.6155847803
1785.8000000000 2.6193077006
1785.9000000000 2.6164905326
1786.0000000000 2.6214525917
1786.1000000000 2.6264067737
1786.2000000000 2.6183576643
1786.3000000000 2.6254039139
1786.4000000000 2.6210128303
1786.5000000000 2.6254290369
1786.6000000000 2.6241862092
1786.7000000000 2.6222283127
1786.8000000000 2.6282340642
1786.9000000000 2.6240348249
1787.0000000000 2.6238786564
1787.1000000000 2.6275517646
1787.2000000000 2.6285184027
1787.3000000000 2.6314022715
1787.4000000000 2.6352905693
1787.5000000000 2.6392942802
1787.6000000000 2.6423196843
1787.7000000000 2.6321466967
1787.8000000000 2.6366940481
1787.9000000000 2.6317737742
1788.0000000000 2.6395018524
1788.1000000000 2.6365749432
1788.2000000000 2.6386185445
1788.3000000000 2.6325355763
1788.4000000000 2.6334581539
1788.5000000000 2.6390634805
1788.6000000000 2.6328949360
1788.7000000000 2.6310754521
1788.8000000000 2.6180233561
1788.9000000000 2.6211562451
1789.0000000000 2.6251477990
1789.1000000000 2.6203936575
1789.2000000000 2.6178487391
1789.3000000000 2.6197840709
1789.4000000000 2.6077245760
1789.5000000000 2.6142686014
1789.6000000000 2.6101110940
1789.7000000000 2.6149037923
1789.8000000000 2.6196831791
1789.9000000000 2.6262570768
1790.0000000000 2.6181436177
1790.1000000000 2.6217461719
1790.2000000000 2.6202009242
1790.3000000000 2.6162544326
1790.4000000000 2.6240019975
1790.5000000000 2.6191187437
1790.6000000000 2.6215311954
1790.7000000000 2.6223152567
1790.8000000000 2.6091408206
1790.9000000000 2.6127610085
1791.0000000000 2.6116033506
1791.1000000000 2.6064614053
1791.2000000000 2.6111828127
1791.3000000000 2.6078728282
1791.4000000000 2.6094067958
1791.5000000000 2.5991275436
1791.6000000000 2.6012963192
1791.7000000000 2.6004897606
1791.8000000000 2.5965959187
1791.9000000000 2.6014878172
1792.0000000000 2.5974152332
1792.1000000000 2.6023384616
1792.2000000000 2.5937028185
1792.3000000000 2.5921449755
1792.4000000000 2.5905884276
1792.5000000000 2.5847012596
1792.6000000000 2.5843295209
1792.7000000000 2.5850415885
1792.8000000000 2.5852352412
1792.9000000000 2.5878546995
1793.0000000000 2.5913151853
1793.1000000000 2.5883879368
1793.2000000000 2.5938570676
1793.3000000000 2.5941766189
1793.4000000000 2.5866816378
1793.5000000000 2.5762186936
1793.6000000000 2.5763655402
1793.7000000000 2.5671549442
1793.8000000000 2.5756661514
1793.9000000000 2.5724393191
1794.0000000000 2.5770594857
1794.1000000000 2.5730675306
1794.2000000000 2.5659972016
1794.3000000000 2.5752494810
1794.4000000000 2.5732627868
1794.5000000000 2.5701052380
1794.6000000000 2.5708209663
1794.7000000000 2.5654910607
1794.8000000000 2.5622599880
1794.9000000000 2.5702501146
1795.0000000000 2.5686426383
1795.1000000000 2.5727207493
1795.2000000000 2.5777035854
1795.3000000000 2.5796138803
1795.4000000000 2.5833245839
1795.5000000000 2.5851966482
1795.6000000000 2.5860775923
1795.7000000000 2.5858681545
1795.8000000000 2.5884012304
1795.9000000000 2.5850787258
1796.0000000000 2.5816657018
1796.1000000000 2.5809996338
1796.2000000000 2.5763998600
1796.3000000000 2.5826931813
1796.4000000000 2.5895821991
1796.5000000000 2.5938482397
1796.6000000000 2.5951025101
1796.7000000000 2.5989337351
1796.8000000000 2.5959186836
1796.9000000000 2.5974942433
1797.0000000000 2.6042070440
1797.1000000000 2.6033261789
1797.2000000000 2.6057508557
1797.3000000000 2.6039469474
1797.4000000000 2.6030510149
1797.5000000000 2.6047662078
1797.6000000000 2.6090817109
1797.7000000000 2.6066471563
1797.8000000000 2.6072159799
1797.9000000000 2.6055562701
1798.0000000000 2.6079651949
1798.1000000000 2.6115474596
1798.2000000000 2.6147417296
1798.3000000000 2.6101402563
1798.4000000000 2.6026741628
1798.5000000000 2.6046159600
1798.6000000000 2.5968451283
1798.7000000000 2.5905484867
1798.8000000000 2.5907891527
1798.9000000000 2.5908159601
1799.0000000000 2.5918064850
1799.1000000000 2.5977569241
1799.2000000000 2.6019926944
1799.3000000000 2.5908192429
1799.4000000000 2.5938615273
1799.5000000000 2.5938958303
1799.6000000000 2.5987772020
1799.7000000000 2.5984025926
1799.8000000000 2.5951326257
1799.9000000000 2.5938800857
1800.0000000000 2.5813632648
1800.1000000000 2.5848926683
1800.2000000000 2.5789251618
1800.3000000000 2.5817133928
1800.4000000000 2.5853824860
1800.5000000000 2.5825947396
1800.6000000000 2.5853595743
1800.7000000000 2.5886975049
1800.8000000000 2.5850767185
1800.9000000000 2.5874353071
1801.0000000000 2.5816962386
1801.1000000000 2.5881733949
1801.2000000000 2.5866542588
1801.3000000000 2.5858854128
1801.4000000000 2.5812731578
1801.5000000000 2.5779743840
1801.6000000000 2.5766559277
1801.7000000000 2.5786732063
1801.8000000000 2.5831063953
1801.9000000000 2.5811481443
1802.0000000000 2.5844123601
1802.1000000000 2.5898820976
1802.2000000000 2.5878187871
1802.3000000000 2.5825582879
1802.4000000000 2.5825630803
1802.5000000000 2.5825943968
1802.6000000000 2.5780073073
1802.7000000000 2.5791393055
1802.8000000000 2.5789663986
1802.9000000000 2.5810804513
1803.0000000000 2.5796896303
1803.1000000000 2.5841670841
1803.2000000000 2.5759621370
1803.3000000000 2.5760516094
1803.4000000000 2.5642305766
1803.5000000000 2.5634502505
1803.6000000000 2.5701117796
1803.7000000000 2.5751148841
1803.8000000000 2.5813823677
1803.9000000000 2.5818084472
1804.0000000000 2.5845645599
1804.1000000000 2.5850735302
1804.2000000000 2.5872719729
1804.3000000000 2.5830285261
1804.4000000000 2.5884807793
1804.5000000000 2.5846512142
1804.6000000000 2.5796181094
1804.7000000000 2.5755806257
1804.8000000000 2.5796670835
1804.9000000000 2.5746847311
1805.0000000000 2.5795477564
1805.1000000000 2.5805783571
1805.2000000000 2.5715910879
1805.3000000000 2.5660872467
1805.4000000000 2.5712949259
1805.5000000000 2.5658313662
1805.6000000000 2.5630995180
1805.7000000000 2.5637131032
1805.8000000000 2.5645103564
1805.9000000000 2.5651124763
1806.0000000000 2.5731162281
1806.1000000000 2.5608714723
1806.2000000000 2.5637362104
1806.3000000000 2.5690868798
1806.4000000000 2.5634066681
1806.5000000000 2.5667834184
1806.6000000000 2.5664778547
1806.7000000000 2.5637402974
1806.8000000000 2.5711688298
1806.9000000000 2.5701736486
1807.0000000000 2.5708643280
1807.1000000000 2.5669443942
1807.2000000000 2.5701738983
1807.3000000000 2.5713001143
1807.4000000000 2.5760986890
1807.5000000000 2.5756288784
1807.6000000000 2.5787038033
1807.7000000000 2.5782123676
1807.8000000000 2.5797958527
1807.9000000000 2.5781009855
1808.0000000000 2.5742254189
1808.1000000000 2.5751914412
1808.2000000000 2.5740260659
1808.3000000000 2.5772335288
1808.4000000000 2.5808254510
1808.5000000000 2.5832691606
1808.6000000000 2.5867201287
1808.7000000000 2.5880429296
1808.8000000000 2.5852606571
1808.9000000000 2.5790705291
1809.0000000000 2.5814693849
1809.1000000000 2.5801167652
1809.2000000000 2.5781536275
1809.3000000000 2.5672182986
1809.4000000000 2.5628676460
1809.5000000000 2.5508347123
1809.6000000000 2.5478914653
1809.7000000000 2.5493066224
1809.8000000000 2.5518883490
1809.9000000000 2.5522755555
1810.0000000000 2.5537727917
1810.1000000000 2.5525259955
1810.2000000000 2.5466300716
1810.3000000000 2.5430543373
1810.4000000000 2.5471331932
1810.5000000000 2.5454274637
1810.6000000000 2.5438395554
1810.7000000000 2.5451692157
1810.8000000000 2.5473319199
1810.9000000000 2.5502433847
1811.0000000000 2.5552016514
1811.1000000000 2.5517029607
1811.2000000000 2.5499893843
1811.3000000000 2.5582931598
1811.4000000000 2.5500477923
1811.5000000000 2.5563707515
1811.6000000000 2.5580868534
1811.7000000000 2.5581608595
1811.8000000000 2.5614050849
1811.9000000000 2.5606665435
1812.0000000000 2.5642846189
1812.1000000000 2.5670479618
1812.2000000000 2.5676625311
1812.3000000000 2.5723598910
1812.4000000000 2.5772846819
1812.5000000000 2.5733145186
1812.6000000000 2.5761939289
1812.7000000000 2.5752492433
1812.8000000000 2.5833083456
1812.9000000000 2.5804402465
1813.0000000000 2.5813706745
1813.1000000000 2.5772397242
1813.2000000000 2.5822293175
1813.3000000000 2.5829975370
1813.4000000000 2.5815018491
1813.5000000000 2.5773480767
1813.6000000000 2.5766899441
1813.7000000000 2.5747454621
1813.8000000000 2.5684677948
1813.9000000000 2.5685414355
1814.0000000000 2.5709274223
1814.1000000000 2.5722235231
1814.2000000000 2.5759279397
1814.3000000000 2.5756876366
1814.4000000000 2.5812226102
1814.5000000000 2.5755695321
1814.6000000000 2.5847156150
1814.7000000000 2.5805000649
1814.8000000000 2.5837405575
1814.9000000000 2.5895310886
1815.0000000000 2.5983969083
1815.1000000000 2.5925690927
1815.2000000000 2.5890794258
1815.3000000000 2.5915462407
1815.4000000000 2.5782553911
1815.5000000000 2.5786889096
1815.6000000000 2.5761628212
1815.7000000000 2.5581140476
1815.8000000000 2.5549969564
1815.9000000000 2.5515084105
1816.0000000000 2.5544463106
1816.1000000000 2.5611357304
1816.2000000000 2.5549032457
1816.3000000000 2.5474274845
1816.4000000000 2.5534127043
1816.5000000000 2.5559953020
1816.6000000000 2.5589137784
1816.7000000000 2.5555717103
1816.8000000000 2.5573789662
1816.9000000000 2.5558056037
1817.0000000000 2.5497991766
1817.1000000000 2.5587381855
1817.2000000000 2.5632880895
1817.3000000000 2.5659269404
1817.4000000000 2.5714261749
1817.5000000000 2.5764691915
1817.6000000000 2.5784092813
1817.7000000000 2.5771300748
1817.8000000000 2.5825009266
1817.9000000000 2.5820956187
1818.0000000000 2.5836348910
1818.1000000000 2.5795622461
1818.2000000000 2.5841361562
1818.3000000000 2.5853210994
1818.4000000000 2.5789781876
1818.5000000000 2.5809142169
1818.6000000000 2.5827405519
1818.7000000000 2.5797671150
1818.8000000000 2.5780711773
1818.9000000000 2.5716364177
1819.0000000000 2.5784065438
1819.1000000000 2.5810887848
1819.2000000000 2.5815630060
1819.3000000000 2.5861439767
1819.4000000000 2.5874603069
1819.5000000000 2.5814636167
1819.6000000000 2.5915402911
1819.7000000000 2.5929144838
1819.8000000000 2.5863608771
1819.9000000000 2.5724677808
1820.0000000000 2.5689768471
1820.1000000000 2.5761862062
1820.2000000000 2.5704557285
1820.3000000000 2.5666952020
1820.4000000000 2.5682058137
1820.5000000000 2.5675380027
1820.6000000000 2.5703563704
1820.7000000000 2.5692398124
1820.8000000000 2.5741790860
1820.9000000000 2.5773787028
1821.0000000000 2.5834176269
1821.1000000000 2.5850144342
1821.2000000000 2.5834434260
1821.3000000000 2.5857156474
1821.4000000000 2.5863968610
1821.5000000000 2.5900912988
1821.6000000000 2.5892908880
1821.7000000000 2.5876574434
1821.8000000000 2.5869251297
1821.9000000000 2.5924281210
1822.0000000000 2.5839532212
1822.1000000000 2.5811328882
1822.2000000000 2.5819564445
1822.3000000000 2.5887979358
1822.4000000000 2.5900603476
1822.5000000000 2.5867342893
1822.6000000000 2.5827335779
1822.7000000000 2.5744629319
1822.8000000000 2.5726756770
1822.9000000000 2.5754509793
1823.0000000000 2.5759174393
1823.1000000000 2.5750477152
1823.2000000000 2.5798482952
1823.3000000000 2.5825810289
1823.4000000000 2.5713369824
1823.5000000000 2.5685457996
1823.6000000000 2.5681765663
1823.7000000000 2.5693989160
1823.8000000000 2.5738053672
1823.9000000000 2.5728956555
1824.0000000000 2.5769029940
1824.1000000000 2.5707319880
1824.2000000000 2.5665005222
1824.3000000000 2.5734774769
1824.4000000000 2.5754702966
1824.5000000000 2.5805873878
1824.6000000000 2.5749034608
1824.7000000000 2.5637250362
1824.8000000000 2.5604614853
1824.9000000000 2.5548126883
1825.0000000000 2.5524935681
1825.1000000000 2.5587745251
1825.2000000000 2.5602325230
1825.3000000000 2.5435500017
1825.4000000000 2.5424210607
1825.5000000000 2.5499429238
1825.6000000000 2.5549276118
1825.7000000000 2.5554862958
1825.8000000000 2.5546631530
1825.9000000000 2.5533670621
1826.0000000000 2.5602478167
1826.1000000000 2.5493112215
1826.2000000000 2.5526317046
1826.3000000000 2.5567801311
1826.4000000000 2.5646410475
1826.5000000000 2.5560430506
1826.6000000000 2.5585703409
1826.7000000000 2.5527260113
1826.8000000000 2.5588321885
1826.9000000000 2.5600689829
1827.0000000000 2.5544275613
1827.1000000000 2.5537164801
1827.2000000000 2.5528084905
1827.3000000000 2.5552861832
1827.4000000000 2.5661006774
1827.5000000000 2.5605355443
1827.6000000000 2.5628299149
1827.7000000000 2.5685049765
1827.8000000000 2.5701088475
1827.9000000000 2.5724659391
1828.0000000000 2.5744438214
1828.1000000000 2.5741973023
1828.2000000000 2.5822120256
1828.3000000000 2.5864117737
1828.4000000000 2.5870256261
1828.5000000000 2.5892126666
1828.6000000000 2.5925387445
1828.7000000000 2.5957352483
1828.8000000000 2.5981595898
1828.9000000000 2.5975626909
1829.0000000000 2.5966246032
1829.1000000000 2.6020291731
1829.2000000000 2.6021745925
1829.3000000000 2.5988822763
1829.4000000000 2.5980741397
1829.5000000000 2.5942857527
1829.6000000000 2.5925252986
1829.7000000000 2.5898319134
1829.8000000000 2.5934346770
1829.9000000000 2.5907415767
1830.0000000000 2.5892062472
1830.1000000000 2.5897234591
1830.2000000000 2.5973119042
1830.3000000000 2.5978676549
1830.4000000000 2.6002473953
1830.5000000000 2.5941673813
1830.6000000000 2.5736042743
1830.7000000000 2.5759569242
1830.8000000000 2.5716631982
1830.9000000000 2.5718070429
1831.0000000000 2.5642198440
1831.1000000000 2.5652812737
1831.2000000000 2.5664622574
1831.3000000000 2.5536445332
1831.4000000000 2.5540889337
1831.5000000000 2.5600754750
1831.6000000000 2.5540636071
1831.7000000000 2.5594082546
1831.8000000000 2.5606082950
1831.9000000000 2.5643707042
1832.0000000000 2.5637692741
1832.1000000000 2.5651991175
1832.2000000000 2.5633654615
1832.3000000000 2.5670998103
1832.4000000000 2.5670494165
1832.5000000000 2.5684229023
1832.6000000000 2.5585858683
1832.7000000000 2.5656140159
1832.8000000000 2.5602912141
1832.9000000000 2.5651581715
1833.0000000000 2.5650414083
1833.1000000000 2.5690723877
1833.2000000000 2.5614169340
1833.3000000000 2.5658950829
1833.4000000000 2.5661880630
1833.5000000000 2.5771946627
1833.6000000000 2.5758199039
1833.7000000000 2.5778484859
1833.8000000000 2.5797444528
1833.9000000000 2.5777482035
1834.0000000000 2.5739919396
1834.1000000000 2.5763989947
1834.2000000000 2.5724391080
1834.3000000000 2.5734094600
1834.4000000000 2.5734805923
1834.5000000000 2.5748730138
1834.6000000000 2.5792043056
1834.7000000000 2.5783449650
1834.8000000000 2.5724452219
1834.9000000000 2.5713298100
1835.0000000000 2.5705224822
1835.1000000000 2.5775743443
1835.2000000000 2.5785332334
1835.3000000000 2.5698988062
1835.4000000000 2.5625858939
1835.5000000000 2.5595071519
1835.6000000000 2.5589722208
1835.7000000000 2.5616142493
1835.8000000000 2.5574802979
1835.9000000000 2.5614044841
1836.0000000000 2.5550446874
1836.1000000000 2.5610314770
1836.2000000000 2.5684690014
1836.3000000000 2.5634430758
1836.4000000000 2.5659982832
1836.5000000000 2.5663790177
1836.6000000000 2.5663912250
1836.7000000000 2.5727811848
1836.8000000000 2.5647846317
1836.9000000000 2.5665393897
1837.0000000000 2.5651181266
1837.1000000000 2.5632744969
1837.2000000000 2.5564371868
1837.3000000000 2.5605617847
1837.4000000000 2.5605207421
1837.5000000000 2.5630768974
1837.6000000000 2.5577286606
1837.7000000000 2.5617698406
1837.8000000000 2.5608933385
1837.9000000000 2.5656380461
1838.0000000000 2.5661019086
1838.1000000000 2.5668658669
1838.2000000000 2.5657467470
1838.3000000000 2.5740998666
1838.4000000000 2.5768695662
1838.5000000000 2.5733980584
1838.6000000000 2.5732832217
1838.7000000000 2.5796633520
1838.8000000000 2.5724559819
1838.9000000000 2.5669930133
1839.0000000000 2.5646099889
1839.1000000000 2.5753617893
1839.2000000000 2.5713807697
1839.3000000000 2.5766059873
1839.4000000000 2.5757949116
1839.5000000000 2.5707376313
1839.6000000000 2.5594630700
1839.7000000000 2.5627619820
1839.8000000000 2.5738511770
1839.9000000000 2.5767324696
1840.0000000000 2.5801190706
1840.1000000000 2.5737508820
1840.2000000000 2.5782569717
1840.3000000000 2.5806508250
1840.4000000000 2.5726357799
1840.5000000000 2.5704241642
1840.6000000000 2.5779068147
1840.7000000000 2.5791639031
1840.8000000000 2.5721141686
1840.9000000000 2.5689443689
1841.0000000000 2.5634457060
1841.1000000000 2.5645243577
1841.2000000000 2.5541818177
1841.3000000000 2.5621449630
1841.4000000000 2.5618437572
1841.5000000000 2.5669604116
1841.6000000000 2.5697304140
1841.7000000000 2.5654883256
1841.8000000000 2.5761165170
1841.9000000000 2.5749974804
1842.0000000000 2.5750376892
1842.1000000000 2.5744530313
1842.2000000000 2.5804839856
1842.3000000000 2.5774492931
1842.4000000000 2.5778194122
1842.5000000000 2.5834161033
1842.6000000000 2.5824745287
1842.7000000000 2.5878136872
1842.8000000000 2.5774864741
1842.9000000000 2.5871677839
1843.0000000000 2.5812909328
1843.1000000000 2.5774872261
1843.2000000000 2.5744607740
1843.3000000000 2.5762423987
1843.4000000000 2.5839936314
1843.5000000000 2.5852015422
1843.6000000000 2.5879465925
1843.7000000000 2.5883074523
1843.8000000000 2.5856963512
1843.9000000000 2.5884105684
1844.0000000000 2.5900455739
1844.1000000000 2.5864039500
1844.2000000000 2.5970277149
1844.3000000000 2.6015570212
1844.4000000000 2.6031446539
1844.5000000000 2.6014820362
1844.6000000000 2.6058475409
1844.7000000000 2.6039555622
1844.8000000000 2.6017017253
1844.9000000000 2.6084196133
1845.0000000000 2.6068005721
1845.1000000000 2.6135692235
1845.2000000000 2.6076095010
1845.3000000000 2.6177836809
1845.4000000000 2.6060347079
1845.5000000000 2.6072061896
1845.6000000000 2.6091920831
1845.7000000000 2.6098841281
1845.8000000000 2.6118615273
1845.9000000000 2.6130139310
1846.0000000000 2.6134356838
1846.1000000000 2.6044417560
1846.2000000000 2.6057097878
1846.3000000000 2.6110306117
1846.4000000000 2.6130434734
1846.5000000000 2.6118146042
1846.6000000000 2.6152573352
1846.7000000000 2.6150850628
1846.8000000000 2.6148982935
1846.9000000000 2.6150029180
1847.0000000000 2.6131297523
1847.1000000000 2.6147724128
1847.2000000000 2.6065926237
1847.3000000000 2.6069329196
1847.4000000000 2.6115430529
1847.5000000000 2.6122558035
1847.6000000000 2.6062758370
1847.7000000000 2.6110896949
1847.8000000000 2.6108916991
1847.9000000000 2.6196660384
1848.0000000000 2.6169389698
1848.1000000000 2.6250228560
1848.2000000000 2.6246923175
1848.3000000000 2.6224538845
1848.4000000000 2.6233054266
1848.5000000000 2.6253251438
1848.6000000000 2.6281502192
1848.7000000000 2.6307149190
1848.8000000000 2.6401724947
1848.9000000000 2.6366582647
1849.0000000000 2.6353918968
1849.1000000000 2.6346101562
1849.2000000000 2.6311523437
1849.3000000000 2.6250944907
1849.4000000000 2.6234367038
1849.5000000000 2.6282784412
1849.6000000000 2.6237703640
1849.7000000000 2.6119975454
1849.8000000000 2.6103480374
1849.9000000000 2.6089268259
1850.0000000000 2.6060488863
1850.1000000000 2.5959959053
1850.2000000000 2.5978177108
1850.3000000000 2.5940882966
1850.4000000000 2.5989520536
1850.5000000000 2.5993110945
1850.6000000000 2.5974016464
1850.7000000000 2.6029951428
1850.8000000000 2.6048055831
1850.9000000000 2.6121480321
1851.0000000000 2.6114793347
1851.1000000000 2.6157601659
1851.2000000000 2.6158852311
1851.3000000000 2.6128671987
1851.4000000000 2.6205413773
1851.5000000000 2.6237479254
1851.6000000000 2.6171515759
1851.7000000000 2.6209597163
1851.8000000000 2.6245595265
1851.9000000000 2.6317352845
1852.0000000000 2.6288474363
1852.1000000000 2.6230802257
1852.2000000000 2.6190508631
1852.3000000000 2.6183185087
1852.4000000000 2.6194903329
1852.5000000000 2.6203472466
1852.6000000000 2.6201413647
1852.7000000000 2.6265907741
1852.8000000000 2.6327343390
1852.9000000000 2.6193120636
1853.0000000000 2.6174017716
1853.1000000000 2.6097199974
1853.2000000000 2.6171631802
1853.3000000000 2.6198930678
1853.4000000000 2.6093609946
1853.5000000000 2.6105428130
1853.6000000000 2.6155350800
1853.7000000000 2.6120378395
1853.8000000000 2.6163075150
1853.9000000000 2.6155277478
1854.0000000000 2.6143875477
1854.1000000000 2.6215536992
1854.2000000000 2.6263001723
1854.3000000000 2.6272422323
1854.4000000000 2.6285981768
1854.5000000000 2.6305798143
1854.6000000000 2.6357171925
1854.7000000000 2.6375329653
1854.8000000000 2.6376728195
1854.9000000000 2.6411877188
1855.0000000000 2.6382333921
1855.1000000000 2.6410236571
1855.2000000000 2.6455198527
1855.3000000000 2.6385726538
1855.4000000000 2.6480781694
1855.5000000000 2.6458336993
1855.6000000000 2.6419410846
1855.7000000000 2.6378072273
1855.8000000000 2.6476260111
1855.9000000000 2.6422365730
1856.0000000000 2.6438500887
1856.1000000000 2.6422242225
1856.2000000000 2.6405934904
1856.3000000000 2.6432636995
1856.4000000000 2.6523554880
1856.5000000000 2.6530748866
1856.6000000000 2.6575659457
1856.7000000000 2.6589251226
1856.8000000000 2.6609457589
1856.9000000000 2.6599248335
1857.0000000000 2.6682650065
1857.1000000000 2.6477550906
1857.2000000000 2.6538613373
1857.3000000000 2.6506623440
1857.4000000000 2.6475375530
1857.5000000000 2.6494971241
1857.6000000000 2.6355110277
1857.7000000000 2.6366768061
1857.8000000000 2.6326523321
1857.9000000000 2.6327378501
1858.0000000000 2.6310860396
1858.1000000000 2.6248366930
1858.2000000000 2.6231423517
1858.3000000000 2.6242082862
1858.4000000000 2.6264749192
1858.5000000000 2.6312070299
1858.6000000000 2.6231974781
1858.7000000000 2.6201066059
1858.8000000000 2.6140479728
1858.9000000000 2.6241982817
1859.0000000000 2.6201119189
1859.1000000000 2.6248814614
1859.2000000000 2.6246332991
1859.3000000000 2.6169815512
1859.4000000000 2.6252032659
1859.5000000000 2.6233510962
1859.6000000000 2.6266956872
1859.7000000000 2.6319359043
1859.8000000000 2.6356628336
1859.9000000000 2.6373905203
1860.0000000000 2.6435582514
1860.1000000000 2.6308482360
1860.2000000000 2.6365089289
1860.3000000000 2.6365306823
1860.4000000000 2.6382334065
1860.5000000000 2.6436016553
1860.6000000000 2.6477236837
1860.7000000000 2.6425022242
1860.8000000000 2.6426476718
1860.9000000000 2.6430281557
1861.0000000000 2.6471411042
1861.1000000000 2.6521460422
1861.2000000000 2.6457983257
1861.3000000000 2.6420883292
1861.4000000000 2.6461861461
1861.5000000000 2.6466310064
1861.6000000000 2.6550936830
1861.7000000000 2.6479282417
1861.8000000000 2.6475695888
1861.9000000000 2.6400853518
1862.0000000000 2.6480996488
1862.1000000000 2.6373757895
1862.2000000000 2.6393519514
1862.3000000000 2.6476489544
1862.4000000000 2.6503198825
1862.5000000000 2.6487119670
1862.6000000000 2.6440126261
1862.7000000000 2.6546111186
1862.8000000000 2.6492373879
1862.9000000000 2.6531082825
1863.0000000000 2.6473397344
1863.1000000000 2.6486754219
1863.2000000000 2.6511355274
1863.3000000000 2.6552677725
1863.4000000000 2.6531205077
1863.5000000000 2.6578738980
1863.6000000000 2.6628390629
1863.7000000000 2.6648271964
1863.8000000000 2.6584063573
1863.9000000000 2.6568797696
1864.0000000000 2.6527641739
1864.1000000000 2.6621693029
1864.2000000000 2.6566682932
1864.3000000000 2.6581289669
1864.4000000000 2.6586360978
1864.5000000000 2.6544193049
1864.6000000000 2.6473108878
1864.7000000000 2.6529070742
1864.8000000000 2.6584404441
1864.9000000000 2.6490536161
1865.0000000000 2.6406733624
1865.1000000000 2.6408909555
1865.2000000000 2.6396572808
1865.3000000000 2.6407571771
1865.4000000000 2.6421648500
1865.5000000000 2.6481965578
1865.6000000000 2.6458669783
1865.7000000000 2.6436083868
1865.8000000000 2.6542207656
1865.9000000000 2.6465804130
1866.0000000000 2.6529985509
1866.1000000000 2.6489372725
1866.2000000000 2.6507054903
1866.3000000000 2.6582779767
1866.4000000000 2.6602283776
1866.5000000000 2.6611370732
1866.6000000000 2.6605473514
1866.7000000000 2.6630013589
1866.8000000000 2.6637139026
1866.9000000000 2.6649266305
1867.0000000000 2.6621627066
1867.1000000000 2.6460960994
1867.2000000000 2.6471289690
1867.3000000000 2.6468068071
1867.4000000000 2.6468976525
1867.5000000000 2.6410201699
1867.6000000000 2.6465464042
1867.7000000000 2.6339171729
1867.8000000000 2.6342979908
1867.9000000000 2.6335134077
1868.0000000000 2.6397789591
1868.1000000000 2.6363298289
1868.2000000000 2.6363555642
1868.3000000000 2.6349780549
1868.4000000000 2.6431803241
1868.5000000000 2.6416834814
1868.6000000000 2.6479498778
1868.7000000000 2.6394828568
1868.8000000000 2.6390178160
1868.9000000000 2.6310002282
1869.0000000000 2.6295098552
1869.1000000000 2.6247127078
1869.2000000000 2.6304483578
1869.3000000000 2.6249326437
1869.4000000000 2.6296815514
1869.5000000000 2.6316724079
1869.6000000000 2.6266340294
1869.7000000000 2.6284315590
1869.8000000000 2.6220125721
1869.9000000000 2.6124882884
1870.0000000000 2.6177896566
1870.1000000000 2.6234855390
1870.2000000000 2.6188086979
1870.3000000000 2.6140078005
1870.4000000000 2.6127816449
1870.5000000000 2.6113170631
1870.6000000000 2.6020926193
1870.7000000000 2.6080056499
1870.8000000000 2.6126260414
1870.9000000000 2.6128424616
1871.0000000000 2.6054439015
1871.1000000000 2.6040959466
1871.2000000000 2.5981247733
1871.3000000000 2.5988640398
1871.4000000000 2.6059673814
1871.5000000000 2.6052564944
1871.6000000000 2.5964970608
1871.7000000000 2.5959523618
1871.8000000000 2.5965172544
1871.9000000000 2.5988817214
1872.0000000000 2.5983530964
1872.1000000000 2.6004260224
1872.2000000000 2.6008404398
1872.3000000000 2.6032237663
1872.4000000000 2.6097412794
1872.5000000000 2.6135150560
1872.6000000000 2.6005221273
1872.7000000000 2.6027908985
1872.8000000000 2.6079310949
1872.9000000000 2.6112814133
1873.0000000000 2.6135554853
1873.1000000000 2.5990819265
1873.2000000000 2.6001170887
1873.3000000000 2.6015232853
1873.4000000000 2.6005802457
1873.5000000000 2.5922662834
1873.6000000000 2.5988012463
1873.7000000000 2.5998587148
1873.8000000000 2.6069163022
1873.9000000000 2.6010176938
1874.0000000000 2.6018608927
1874.1000000000 2.6044645161
1874.2000000000 2.6015388675
1874.3000000000 2.5993126920
1874.4000000000 2.6021661477
1874.5000000000 2.5958791495
1874.6000000000 2.5886014260
1874.7000000000 2.5839551779
1874.8000000000 2.5792605939
1874.9000000000 2.5805262718
1875.0000000000 2.5799774437
1875.1000000000 2.5768627695
1875.2000000000 2.5766670131
1875.3000000000 2.5708432265
1875.4000000000 2.5628279730
1875.5000000000 2.5491415265
1875.6000000000 2.5429538122
1875.7000000000 2.5443228309
1875.8000000000 2.5421269008
1875.9000000000 2.5471956050
1876.0000000000 2.5468151226
1876.1000000000 2.5465330994
1876.2000000000 2.5412209987
1876.3000000000 2.5462545455
1876.4000000000 2.5434525040
1876.5000000000 2.5480768264
1876.6000000000 2.5388111649
1876.7000000000 2.5484528336
1876.8000000000 2.5546705784
1876.9000000000 2.5531710607
1877.0000000000 2.5530653054
1877.1000000000 2.5497613366
1877.2000000000 2.5584656235
1877.3000000000 2.5579733326
1877.4000000000 2.5538152485
1877.5000000000 2.5463732232
1877.6000000000 2.5402930800
1877.7000000000 2.5380263778
1877.8000000000 2.5318740209
1877.9000000000 2.5322478558
1878.0000000000 2.5258505411
1878.1000000000 2.5285407058
1878.2000000000 2.5129686891
1878.3000000000 2.5217860687
1878.4000000000 2.5307819331
1878.5000000000 2.5202432064
1878.6000000000 2.5241975864
1878.7000000000 2.5192152308
1878.8000000000 2.5216772892
1878.9000000000 2.5147944909
1879.0000000000 2.5131371723
1879.1000000000 2.5127969015
1879.2000000000 2.5133746222
1879.3000000000 2.5222698131
1879.4000000000 2.5196555206
1879.5000000000 2.5241160150
1879.6000000000 2.5228592455
1879.7000000000 2.5156743321
1879.8000000000 2.5202154898
1879.9000000000 2.5200244977
1880.0000000000 2.5194045835
1880.1000000000 2.5240748013
1880.2000000000 2.5249131317
1880.3000000000 2.5244596719
1880.4000000000 2.5223634799
1880.5000000000 2.5279790679
1880.6000000000 2.5237585807
1880.7000000000 2.5257393458
1880.8000000000 2.5228190303
1880.9000000000 2.5302055616
1881.0000000000 2.5203968344
1881.1000000000 2.5261003753
1881.2000000000 2.5247868268
1881.3000000000 2.5210602281
1881.4000000000 2.5177961367
1881.5000000000 2.5157790401
1881.6000000000 2.5198766909
1881.7000000000 2.5200914555
1881.8000000000 2.5287844333
1881.9000000000 2.5251284079
1882.0000000000 2.5269554375
1882.1000000000 2.5324513189
1882.2000000000 2.5323467936
1882.3000000000 2.5390310126
1882.4000000000 2.5381182133
1882.5000000000 2.5328102143
1882.6000000000 2.5327373059
1882.7000000000 2.5232187964
1882.8000000000 2.5199416165
1882.9000000000 2.5195245214
1883.0000000000 2.5174222466
1883.1000000000 2.5192460500
1883.2000000000 2.5226824568
1883.3000000000 2.5237388310
1883.4000000000 2.5198983772
1883.5000000000 2.5219032894
1883.6000000000 2.5222077573
1883.7000000000 2.5192581176
1883.8000000000 2.5231855694
1883.9000000000 2.5244932601
1884.0000000000 2.5099217164
1884.1000000000 2.5147483944
1884.2000000000 2.5206174875
1884.3000000000 2.5223077484
1884.4000000000 2.5201220217
1884.5000000000 2.5231971275
1884.6000000000 2.5252885031
1884.7000000000 2.5251454317
1884.8000000000 2.5304994501
1884.9000000000 2.5233749650
1885.0000000000 2.5274095263
1885.1000000000 2.5238217127
1885.2000000000 2.5206316599
1885.3000000000 2.5121986894
1885.4000000000 2.5146831298
1885.5000000000 2.5194432640
1885.6000000000 2.5218015442
1885.7000000000 2.5271287172
1885.8000000000 2.5311955776
1885.9000000000 2.5324088649
1886.0000000000 2.5358397816
1886.1000000000 2.5377876432
1886.2000000000 2.5319118503
1886.3000000000 2.5349011379
1886.4000000000 2.5340503020
1886.5000000000 2.5424620888
1886.6000000000 2.5312819454
1886.7000000000 2.5374111509
1886.8000000000 2.5257489585
1886.9000000000 2.5213216551
1887.0000000000 2.5215214126
1887.1000000000 2.5251610627
1887.2000000000 2.5197062035
1887.3000000000 2.5209663832
1887.4000000000 2.5233999521
1887.5000000000 2.5271338935
1887.6000000000 2.5294882975
1887.7000000000 2.5289430754
1887.8000000000 2.5304183108
1887.9000000000 2.5224167156
1888.0000000000 2.5261459812
1888.1000000000 2.5262483882
1888.2000000000 2.5307868013
1888.3000000000 2.5349411076
1888.4000000000 2.5393641423
1888.5000000000 2.5374236103
1888.6000000000 2.5409300908
1888.7000000000 2.5392049967
1888.8000000000 2.5405439088
1888.9000000000 2.5344399333
1889.0000000000 2.5412218353
1889.1000000000 2.5483798184
1889.2000000000 2.5434875868
1889.3000000000 2.5454110830
1889.4000000000 2.5484579690
1889.5000000000 2.5380058292
1889.6000000000 2.5334528464
1889.7000000000 2.5302466192
1889.8000000000 2.5280062023
1889.9000000000 2.5308540166
1890.0000000000 2.5306041867
1890.1000000000 2.5307497963
1890.2000000000 2.5313734847
1890.3000000000 2.5268075128
1890.4000000000 2.5335230348
1890.5000000000 2.5348626186
1890.6000000000 2.5354707421
1890.7000000000 2.5400424553
1890.8000000000 2.5358172424
1890.9000000000 2.5354083021
1891.0000000000 2.5289373334
1891.1000000000 2.5379048746
1891.2000000000 2.5375836810
1891.3000000000 2.5448552779
1891.4000000000 2.5422026151
1891.5000000000 2.5456895396
1891.6000000000 2.5515323885
1891.7000000000 2.5487777094
1891.8000000000 2.5487336103
1891.9000000000 2.5453850698
1892.0000000000 2.5424312831
1892.1000000000 2.5497805703
1892.2000000000 2.5475369720
1892.3000000000 2.5423124409
1892.4000000000 2.5512687148
1892.5000000000 2.5509565948
1892.6000000000 2.5518959983
1892.7000000000 2.5500352818
1892.8000000000 2.5497031224
1892.9000000000 2.5491466052
1893.0000000000 2.5433761084
1893.1000000000 2.5456609040
1893.2000000000 2.5419461482
1893.3000000000 2.5403083322
1893.4000000000 2.5297918505
1893.5000000000 2.5371639536
1893.6000000000 2.5338024684
1893.7000000000 2.5161701986
1893.8000000000 2.5173860844
1893.9000000000 2.5108581047
1894.0000000000 2.4955743439
1894.1000000000 2.5023500452
1894.2000000000 2.5019612266
1894.3000000000 2.5038169762
1894.4000000000 2.5088282134
1894.5000000000 2.5010123675
1894.6000000000 2.5022589858
1894.7000000000 2.5119674510
1894.8000000000 2.5078277092
1894.9000000000 2.5089658959
1895.0000000000 2.5176694081
1895.1000000000 2.5051810739
1895.2000000000 2.5012750227
1895.3000000000 2.5054788826
1895.4000000000 2.5120393503
1895.5000000000 2.5183035123
1895.6000000000 2.5123981716
1895.7000000000 2.5177906275
1895.8000000000 2.5198483724
1895.9000000000 2.5120759630
1896.0000000000 2.5196440047
1896.1000000000 2.5071458076
1896.2000000000 2.5071364489
1896.3000000000 2.5111003363
1896.4000000000 2.5088030737
1896.5000000000 2.5026659758
1896.6000000000 2.5087306239
1896.7000000000 2.5065002919
1896.8000000000 2.5141676672
1896.9000000000 2.5167264933
1897.0000000000 2.5254708014
1897.1000000000 2.5243427934
1897.2000000000 2.5191019408
1897.3000000000 2.5212993669
1897.4000000000 2.5300417575
1897.5000000000 2.5351004436
1897.6000000000 2.5214221314
1897.7000000000 2.5282892359
1897.8000000000 2.5233229933
1897.9000000000 2.5296386310
1898.0000000000 2.5274997732
1898.1000000000 2.5278419793
1898.2000000000 2.5289747456
1898.3000000000 2.5350044029
1898.4000000000 2.5373934943
1898.5000000000 2.5360723156
1898.6000000000 2.5459486344
1898.7000000000 2.5427532077
1898.8000000000 2.5460465174
1898.9000000000 2.5477371760
1899.0000000000 2.5491544022
1899.1000000000 2.5468256586
1899.2000000000 2.5538226106
1899.3000000000 2.5606082883
1899.4000000000 2.5588301897
1899.5000000000 2.5609568512
1899.6000000000 2.5586956929
1899.7000000000 2.5616290461
1899.8000000000 2.5655497415
1899.9000000000 2.5613164527
1900.0000000000 2.5602936591
1900.1000000000 2.5577764326
1900.2000000000 2.5556400223
1900.3000000000 2.5544724070
1900.4000000000 2.5579774041
1900.5000000000 2.5594388205
1900.6000000000 2.5603364852
1900.7000000000 2.5630050725
1900.8000000000 2.5533450219
1900.9000000000 2.5610465043
1901.0000000000 2.5605313400
1901.1000000000 2.5592257526
1901.2000000000 2.5537962552
1901.3000000000 2.5511067027
1901.4000000000 2.5528055295
1901.5000000000 2.5539744085
1901.6000000000 2.5540485104
1901.7000000000 2.5551361634
1901.8000000000 2.5488543488
1901.9000000000 2.5506217325
1902.0000000000 2.5473333704
1902.1000000000 2.5498589638
1902.2000000000 2.5541427208
1902.3000000000 2.5556548100
1902.4000000000 2.5592822023
1902.5000000000 2.5566383626
1902.6000000000 2.5521793677
1902.7000000000 2.5597186802
1902.8000000000 2.5529730725
1902.9000000000 2.5561524190
1903.0000000000 2.5594255280
1903.1000000000 2.5579153779
1903.2000000000 2.5475507428
1903.3000000000 2.5524850721
1903.4000000000 2.5544042786
1903.5000000000 2.5481807427
1903.6000000000 2.5475056534
1903.7000000000 2.5361729901
1903.8000000000 2.5366188095
1903.9000000000 2.5337321110
1904.0000000000 2.5368964189
1904.1000000000 2.5445065501
1904.2000000000 2.5432644538
1904.3000000000 2.5342411557
1904.4000000000 2.5263656172
1904.5000000000 2.5186795640
1904.6000000000 2.5076396610
1904.7000000000 2.5116095171
1904.8000000000 2.5177621344
1904.9000000000 2.5174013856
1905.0000000000 2.5186168551
1905.1000000000 2.5265115219
1905.2000000000 2.5196515881
1905.3000000000 2.5186742649
1905.4000000000 2.5262418327
1905.5000000000 2.5197770098
1905.6000000000 2.5237088730
1905.7000000000 2.5240822289
1905.8000000000 2.5204935136
1905.9000000000 2.5215198721
1906.0000000000 2.5260099871
1906.1000000000 2.5255241501
1906.2000000000 2.5298348860
1906.3000000000 2.5301176278
1906.4000000000 2.5198878992
1906.5000000000 2.5231414568
1906.6000000000 2.5300207929
1906.7000000000 2.5283519520
1906.8000000000 2.5208709749
1906.9000000000 2.5316608190
1907.0000000000 2.5326233581
1907.1000000000 2.5329633964
1907.2000000000 2.5346910881
1907.3000000000 2.5393074630
1907.4000000000 2.5370514045
1907.5000000000 2.5394059287
1907.6000000000 2.5460930484
1907.7000000000 2.5434303157
1907.8000000000 2.5412809647
1907.9000000000 2.5415902493
1908.0000000000 2.5422380533
1908.1000000000 2.5389572429
1908.2000000000 2.5239129456
1908.3000000000 2.5247647320
1908.4000000000 2.5212866388
1908.5000000000 2.5126586041
1908.6000000000 2.5129017228
1908.7000000000 2.5154678655
1908.8000000000 2.5167819025
1908.9000000000 2.5191528765
1909.0000000000 2.5215691729
1909.1000000000 2.5240357823
1909.2000000000 2.5124873505
1909.3000000000 2.5215897222
1909.4000000000 2.5154725252
1909.5000000000 2.5123980603
1909.6000000000 2.5113161397
1909.7000000000 2.5073432418
1909.8000000000 2.5134301383
1909.9000000000 2.5119257955
1910.0000000000 2.5145026687
1910.1000000000 2.5071854946
1910.2000000000 2.4937293532
1910.3000000000 2.4990402246
1910.4000000000 2.5012365548
1910.5000000000 2.4961456246
1910.6000000000 2.5001593405
1910.7000000000 2.4888234714
1910.8000000000 2.4869737841
1910.9000000000 2.4936137775
1911.0000000000 2.4902494151
1911.1000000000 2.4964253214
1911.2000000000 2.4974101092
1911.3000000000 2.4968211778
1911.4000000000 2.4980921429
1911.5000000000 2.4961607721
1911.6000000000 2.4980430776
1911.7000000000 2.4892313031
1911.8000000000 2.4938534917
1911.9000000000 2.4954689523
1912.0000000000 2.4964516393
1912.1000000000 2.4884457232
1912.2000000000 2.4905828331
1912.3000000000 2.4889982584
1912.4000000000 2.4921442275
1912.5000000000 2.4895407568
1912.6000000000 2.4972384027
1912.7000000000 2.4944453777
1912.8000000000 2.4997260474
1912.9000000000 2.4958110454
1913.0000000000 2.5005081154
1913.1000000000 2.5024172194
1913.2000000000 2.4988105239
1913.3000000000 2.5035079239
1913.4000000000 2.5077524566
1913.5000000000 2.5071648364
1913.6000000000 2.5120344913
1913.7000000000 2.5175519600
1913.8000000000 2.5152277446
1913.9000000000 2.5082738448
1914.0000000000 2.5141008391
1914.1000000000 2.5143828824
1914.2000000000 2.5167352454
1914.3000000000 2.5163560747
1914.4000000000 2.5159770818
1914.5000000000 2.5110425133
1914.6000000000 2.5119150636
1914.7000000000 2.5183618250
1914.8000000000 2.5201714696
1914.9000000000 2.5262349760
1915.0000000000 2.5295770023
1915.1000000000 2.5204017088
1915.2000000000 2.5166117330
1915.3000000000 2.5204432734
1915.4000000000 2.5170644517
1915.5000000000 2.5186968980
1915.6000000000 2.5195790957
1915.7000000000 2.5256181208
1915.8000000000 2.5194035725
1915.9000000000 2.5176437921
1916.0000000000 2.5183112706
1916.1000000000 2.5234055133
1916.2000000000 2.5176326366
1916.3000000000 2.5203865407
1916.4000000000 2.5180892079
1916.5000000000 2.5231186902
1916.6000000000 2.5250479167
1916.7000000000 2.5273301630
1916.8000000000 2.5244462390
1916.9000000000 2.5263736160
1917.0000000000 2.5268254209
1917.1000000000 2.5180870350
1917.2000000000 2.5256037189
1917.3000000000 2.5241397113
1917.4000000000 2.5260781192
1917.5000000000 2.5284393846
1917.6000000000 2.5282615473
1917.7000000000 2.5287035450
1917.8000000000 2.5278311990
1917.9000000000 2.5294256066
1918.0000000000 2.5263917793
1918.1000000000 2.5259232252
1918.2000000000 2.5193715325
1918.3000000000 2.5146307022
1918.4000000000 2.5185134392
1918.5000000000 2.5145932644
1918.6000000000 2.5230218351
1918.7000000000 2.5219399224
1918.8000000000 2.5189170056
1918.9000000000 2.5145277252
1919.0000000000 2.5128839649
1919.1000000000 2.5062343568
1919.2000000000 2.5138940737
1919.3000000000 2.5184930984
1919.4000000000 2.5203065554
1919.5000000000 2.5184639434
1919.6000000000 2.5257891338
1919.7000000000 2.5322585228
1919.8000000000 2.5277908440
1919.9000000000 2.5283496568
1920.0000000000 2.5318767225
1920.1000000000 2.5274292858
1920.2000000000 2.5358020135
1920.3000000000 2.5304354390
1920.4000000000 2.5319812790
1920.5000000000 2.5402805169
1920.6000000000 2.5334668428
1920.7000000000 2.5302051228
1920.8000000000 2.5308573201
1920.9000000000 2.5342133313
1921.0000000000 2.5260858746
1921.1000000000 2.5201947978
1921.2000000000 2.5221868337
1921.3000000000 2.5266249400
1921.4000000000 2.5178282222
1921.5000000000 2.5159009340
1921.6000000000 2.5205109832
1921.7000000000 2.5238368803
1921.8000000000 2.5251605399
1921.9000000000 2.5235369004
1922.0000000000 2.5236253479
1922.1000000000 2.5275116383
1922.2000000000 2.5236299499
1922.3000000000 2.5229954181
1922.4000000000 2.5244328084
1922.5000000000 2.5175916575
1922.6000000000 2.5113441927
1922.7000000000 2.5124318176
1922.8000000000 2.5007866180
1922.9000000000 2.5049028515
1923.0000000000 2.5080693787
1923.1000000000 2.5125888711
1923.2000000000 2.5199963690
1923.3000000000 2.5154282983
1923.4000000000 2.5174675344
1923.5000000000 2.5135517874
1923.6000000000 2.5215066289
1923.7000000000 2.5226488152
1923.8000000000 2.5301980414
1923.9000000000 2.5326088088
1924.0000000000 2.5296594959
1924.1000000000 2.5265629305
1924.2000000000 2.5222849774
1924.3000000000 2.5177020628
1924.4000000000 2.5169285085
1924.5000000000 2.5295230051
1924.6000000000 2.5262397548
1924.7000000000 2.5238862329
1924.8000000000 2.5304106068
1924.9000000000 2.5294800401
1925.0000000000 2.5237048737
1925.1000000000 2.5248980426
1925.2000000000 2.5244910163
1925.3000000000 2.5249310426
1925.4000000000 2.5239265718
1925.5000000000 2.5181085593
1925.6000000000 2.5148449571
1925.7000000000 2.5173787501
1925.8000000000 2.5134355983
1925.9000000000 2.5132170066
1926.0000000000 2.5077877442
1926.1000000000 2.5127825195
1926.2000000000 2.5180663429
1926.3000000000 2.5191306214
1926.4000000000 2.5190025021
1926.5000000000 2.5226039585
1926.6000000000 2.5251152680
1926.7000000000 2.5198482303
1926.8000000000 2.5275650872
1926.9000000000 2.5127242371
1927.0000000000 2.5123587377
1927.1000000000 2.5049265977
1927.2000000000 2.5044445688
1927.3000000000 2.5087722544
1927.4000000000 2.5070447181
1927.5000000000 2.5143872735
1927.6000000000 2.5087931320
1927.7000000000 2.5144764959
1927.8000000000 2.5152755177
1927.9000000000 2.5246038340
1928.0000000000 2.5237245796
1928.1000000000 2.5297147924
1928.2000000000 2.5280180552
1928.3000000000 2.5180455347
1928.4000000000 2.5186001255
1928.5000000000 2.5215083426
1928.6000000000 2.5256380840
1928.7000000000 2.5279664144
1928.8000000000 2.5315402721
1928.9000000000 2.5340124867
1929.0000000000 2.5391898574
1929.1000000000 2.5408644411
1929.2000000000 2.5381980313
1929.3000000000 2.5352337565
1929.4000000000 2.5412325802
1929.5000000000 2.5469845215
1929.6000000000 2.5482839164
1929.7000000000 2.5464934311
1929.8000000000 2.5386108654
1929.9000000000 2.5370170759
1930.0000000000 2.5272081329
1930.1000000000 2.5286257842
1930.2000000000 2.5256758048
1930.3000000000 2.5244706976
1930.4000000000 2.5198531465
1930.5000000000 2.5089555918
1930.6000000000 2.5066790070
1930.7000000000 2.5134998422
1930.8000000000 2.5251743243
1930.9000000000 2.5159079587
1931.0000000000 2.5158266359
1931.1000000000 2.5197855918
1931.2000000000 2.5266914993
1931.3000000000 2.5226045800
1931.4000000000 2.5210680730
1931.5000000000 2.5168755481
1931.6000000000 2.5147446452
1931.7000000000 2.5162362189
1931.8000000000 2.5248912998
1931.9000000000 2.5213595252
1932.0000000000 2.5251641384
1932.1000000000 2.5220899055
1932.2000000000 2.5210824380
1932.3000000000 2.5148709087
1932.4000000000 2.5142435668
1932.5000000000 2.5171967880
1932.6000000000 2.5204810630
1932.7000000000 2.5225257745
1932.8000000000 2.5254760088
1932.9000000000 2.5244513159
1933.0000000000 2.5302236128
1933.1000000000 2.5260750688
1933.2000000000 2.5255910329
1933.3000000000 2.5258641391
1933.4000000000 2.5246944983
1933.5000000000 2.5336261568
1933.6000000000 2.5369080926
1933.7000000000 2.5300069180
1933.8000000000 2.5303648357
1933.9000000000 2.5261909319
1934.0000000000 2.5258321966
1934.1000000000 2.5314184231
1934.2000000000 2.5313618499
1934.3000000000 2.5284166693
1934.4000000000 2.5273355132
1934.5000000000 2.5337828019
1934.6000000000 2.5362322879
1934.7000000000 2.5377864502
1934.8000000000 2.5438652233
1934.9000000000 2.5438569689
1935.0000000000 2.5470849924
1935.1000000000 2.5403720236
1935.2000000000 2.5449428634
1935.3000000000 2.5424218775
1935.4000000000 2.5423992075
1935.5000000000 2.5509077518
1935.6000000000 2.5402773322
1935.7000000000 2.5383947459
1935.8000000000 2.5354248955
1935.9000000000 2.5395448472
1936.0000000000 2.5413044456
1936.1000000000 2.5416331378
1936.2000000000 2.5425112230
1936.3000000000 2.5470310452
1936.4000000000 2.5489112013
1936.5000000000 2.5488261530
1936.6000000000 2.5493122693
1936.7000000000 2.5428923373
1936.8000000000 2.5312206626
1936.9000000000 2.5340312434
1937.0000000000 2.5350974281
1937.1000000000 2.5339994708
1937.2000000000 2.5503122597
1937.3000000000 2.5509719267
1937.4000000000 2.5506278637
1937.5000000000 2.5485236676
1937.6000000000 2.5492938651
1937.7000000000 2.5545034251
1937.8000000000 2.5547414217
1937.9000000000 2.5590167545
1938.0000000000 2.5641348428
1938.1000000000 2.5657066385
1938.2000000000 2.5624371323
1938.3000000000 2.5615875566
1938.4000000000 2.5639427991
1938.5000000000 2.5661594584
1938.6000000000 2.5756175640
1938.7000000000 2.5602110092
1938.8000000000 2.5605459386
1938.9000000000 2.5625011379
1939.0000000000 2.5638392557
1939.1000000000 2.5668110646
1939.2000000000 2.5689668765
1939.3000000000 2.5676856727
1939.4000000000 2.5683626045
1939.5000000000 2.5710724359
1939.6000000000 2.5723314679
1939.7000000000 2.5718689278
1939.8000000000 2.5762712546
1939.9000000000 2.5670946665
1940.0000000000 2.5585666094
1940.1000000000 2.5581895376
1940.2000000000 2.5562462825
1940.3000000000 2.5510771851
1940.4000000000 2.5572540599
1940.5000000000 2.5560882533
1940.6000000000 2.5548455674
1940.7000000000 2.5475409088
1940.8000000000 2.5398155433
1940.9000000000 2.5483506791
1941.0000000000 2.5499284747
1941.1000000000 2.5420075868
1941.2000000000 2.5314423653
1941.3000000000 2.5308339746
1941.4000000000 2.5300914814
1941.5000000000 2.5362976376
1941.6000000000 2.5390550953
1941.7000000000 2.5358682866
1941.8000000000 2.5420178806
1941.9000000000 2.5356470659
1942.0000000000 2.5397428682
1942.1000000000 2.5409623252
1942.2000000000 2.5391305552
1942.3000000000 2.5401747174
1942.4000000000 2.5413390067
1942.5000000000 2.5346329264
1942.6000000000 2.5374052046
1942.7000000000 2.5367942153
1942.8000000000 2.5367805762
1942.9000000000 2.5392700620
1943.0000000000 2.5372601374
1943.1000000000 2.5350419416
1943.2000000000 2.5352874917
1943.3000000000 2.5373293533
1943.4000000000 2.5390592875
1943.5000000000 2.5426418956
1943.6000000000 2.5467143630
1943.7000000000 2.5415397696
1943.8000000000 2.5454160396
1943.9000000000 2.5467122978
1944.0000000000 2.5460025047
1944.1000000000 2.5439239714
1944.2000000000 2.5483786730
1944.3000000000 2.5555428574
1944.4000000000 2.5471479128
1944.5000000000 2.5546115148
1944.6000000000 2.5554205242
1944.7000000000 2.5596558662
1944.8000000000 2.5446413233
1944.9000000000 2.5478902339
1945.0000000000 2.5531883104
1945.1000000000 2.5544914723
1945.2000000000 2.5532993718
1945.3000000000 2.5518822677
1945.4000000000 2.5646260329
1945.5000000000 2.5592989298
1945.6000000000 2.5659232316
1945.7000000000 2.5701556923
1945.8000000000 2.5714642698
1945.9000000000 2.5542491961
1946.0000000000 2.5615751474
1946.1000000000 2.5561297670
1946.2000000000 2.5636022896
1946.3000000000 2.5670322680
1946.4000000000 2.5699777992
1946.5000000000 2.5785553072
1946.6000000000 2.5780711628
1946.7000000000 2.5737726496
1946.8000000000 2.5760451176
1946.9000000000 2.5749121623
1947.0000000000 2.5667419753
1947.1000000000 2.5729473363
1947.2000000000 2.5775478555
1947.3000000000 2.5825801797
1947.4000000000 2.5761964215
1947.5000000000 2.5744228216
1947.6000000000 2.5726295304
1947.7000000000 2.5787850053
1947.8000000000 2.5781131000
1947.9000000000 2.5732106054
1948.0000000000 2.5736629689
1948.1000000000 2.5769183411
1948.2000000000 2.5794201311
1948.3000000000 2.5809460770
1948.4000000000 2.5789240096
1948.5000000000 2.5763726440
1948.6000000000 2.5761472505
1948.7000000000 2.5771855691
1948.8000000000 2.5717772906
1948.9000000000 2.5767066765
1949.0000000000 2.5619674045
1949.1000000000 2.5575341743
1949.2000000000 2.5659830700
1949.3000000000 2.5692496879
1949.4000000000 2.5632774058
1949.5000000000 2.5616661999
1949.6000000000 2.5703048907
1949.7000000000 2.5616861110
1949.8000000000 2.5687480579
1949.9000000000 2.5713292446
1950.0000000000 2.5638776378
1950.1000000000 2.5608530269
1950.2000000000 2.5658311605
1950.3000000000 2.5653394097
1950.4000000000 2.5647430783
1950.5000000000 2.5726505653
1950.6000000000 2.5723159589
1950.7000000000 2.5737815769
1950.8000000000 2.5738025679
1950.9000000000 2.5798248688
1951.0000000000 2.5829501837
1951.1000000000 2.5808270068
1951.2000000000 2.5831071071
1951.3000000000 2.5797098305
1951.4000000000 2.5753243617
1951.5000000000 2.5730574202
1951.6000000000 2.5705179601
1951.7000000000 2.5676552737
1951.8000000000 2.5638355525
1951.9000000000 2.5664133083
1952.0000000000 2.5659080549
1952.1000000000 2.5780305437
1952.2000000000 2.5726571651
1952.3000000000 2.5762597335
1952.4000000000 2.5860610884
1952.5000000000 2.5730536031
1952.6000000000 2.5709182845
1952.7000000000 2.5717664986
1952.8000000000 2.5775029772
1952.9000000000 2.5742398311
1953.0000000000 2.5729421034
1953.1000000000 2.5691104146
1953.2000000000 2.5714353551
1953.3000000000 2.5705367076
1953.4000000000 2.5721979602
1953.5000000000 2.5691748578
1953.6000000000 2.5645581144
1953.7000000000 2.5674281309
1953.8000000000 2.5606119116
1953.9000000000 2.5629466848
1954.0000000000 2.5576609407
1954.1000000000 2.5631135126
1954.2000000000 2.5664162172
1954.3000000000 2.5659608575
1954.4000000000 2.5707148154
1954.5000000000 2.5689787657
1954.6000000000 2.5756462672
1954.7000000000 2.5756378421
1954.8000000000 2.5762852958
1954.9000000000 2.5795519987
1955.0000000000 2.5790721917
1955.1000000000 2.5791234324
1955.2000000000 2.5787065656
1955.3000000000 2.5774717192
1955.4000000000 2.5753211467
1955.5000000000 2.5821872350
1955.6000000000 2.5720888837
1955.7000000000 2.5724780028
1955.8000000000 2.5749138250
1955.9000000000 2.5723258126
1956.0000000000 2.5709011151
1956.1000000000 2.5676051746
1956.2000000000 2.5638422163
1956.3000000000 2.5659320571
1956.4000000000 2.5588052280
1956.5000000000 2.5493913047
1956.6000000000 2.5527242767
1956.7000000000 2.5540577711
1956.8000000000 2.5507063125
1956.9000000000 2.5482230790
1957.0000000000 2.5469822283
1957.1000000000 2.5423658677
1957.2000000000 2.5414177184
1957.3000000000 2.5495289894
1957.4000000000 2.5445872799
1957.5000000000 2.5464255679
1957.6000000000 2.5409879357
1957.7000000000 2.5469980368
1957.8000000000 2.5331968005
1957.9000000000 2.5385859838
1958.0000000000 2.5418920575
1958.1000000000 2.5433551884
1958.2000000000 2.5454047383
1958.3000000000 2.5487582998
1958.4000000000 2.5467307321
1958.5000000000 2.5509154905
1958.6000000000 2.5423068318
1958.7000000000 2.5367262396
1958.8000000000 2.5403440694
1958.9000000000 2.5342848539
1959.0000000000 2.5346105160
1959.1000000000 2.5289634263
1959.2000000000 2.5279393796
1959.3000000000 2.5253688424
1959.4000000000 2.5278190612
1959.5000000000 2.5339000710
1959.6000000000 2.5350775303
1959.7000000000 2.5330216276
1959.8000000000 2.5299642006
1959.9000000000 2.5320267568
1960.0000000000 2.5365824903
1960.1000000000 2.5378099828
1960.2000000000 2.5341120307
1960.3000000000 2.5300126657
1960.4000000000 2.5317266344
1960.5000000000 2.5257877656
1960.6000000000 2.5206082062
1960.7000000000 2.5165094865
1960.8000000000 2.5136379412
1960.9000000000 2.5190245534
1961.0000000000 2.5136136635
1961.1000000000 2.5099956639
1961.2000000000 2.5149469052
1961.3000000000 2.5176168538
1961.4000000000 2.5174299388
1961.5000000000 2.5212639368
1961.6000000000 2.5185202458
1961.7000000000 2.5141935727
1961.8000000000 2.5179171218
1961.9000000000 2.5202785904
1962.0000000000 2.5205397419
1962.1000000000 2.5162989474
1962.2000000000 2.5138395458
1962.3000000000 2.5190730815
1962.4000000000 2.5094631056
1962.5000000000 2.5095416950
1962.6000000000 2.5144991850
1962.7000000000 2.5198103463
1962.8000000000 2.5151201572
1962.9000000000 2.5140187388
1963.0000000000 2.5156873727
1963.1000000000 2.5057518326
1963.2000000000 2.4987566572
1963.3000000000 2.4975007159
1963.4000000000 2.4996674565
1963.5000000000 2.4933753591
1963.6000000000 2.4969456791
1963.7000000000 2.4956142742
1963.8000000000 2.4969409684
1963.9000000000 2.5007750671
1964.0000000000 2.4982081110
1964.1000000000 2.5030818643
1964.2000000000 2.5010047479
1964.3000000000 2.5082102729
1964.4000000000 2.5146930055
1964.5000000000 2.5004142562
1964.6000000000 2.5063972163
1964.7000000000 2.5098425345
1964.8000000000 2.5155352398
1964.9000000000 2.5165190777
1965.0000000000 2.5230808723
1965.1000000000 2.5137248660
1965.2000000000 2.5124810666
1965.3000000000 2.5171372746
1965.4000000000 2.5152158591
1965.5000000000 2.5083077104
1965.6000000000 2.5082689683
1965.7000000000 2.5054451446
1965.8000000000 2.5075510983
1965.9000000000 2.5133033120
1966.0000000000 2.5145664121
1966.1000000000 2.5122950361
1966.2000000000 2.5013675353
1966.3000000000 2.4878060899
1966.4000000000 2.4801230334
1966.5000000000 2.4754581105
1966.6000000000 2.4763165843
1966.7000000000 2.4822297894
1966.8000000000 2.4760284798
1966.9000000000 2.4797603356
1967.0000000000 2.4870641261
1967.1000000000 2.4843175960
1967.2000000000 2.4862524733
1967.3000000000 2.4871606939
1967.4000000000 2.4885979480
1967.5000000000 2.4963674378
1967.6000000000 2.4913358049
1967.7000000000 2.4851692989
1967.8000000000 2.4819678366
1967.9000000000 2.4823177285
1968.0000000000 2.4859955935
1968.1000000000 2.4849264459
1968.2000000000 2.4734485056
1968.3000000000 2.4849478581
1968.4000000000 2.4798757759
1968.5000000000 2.4846917546
1968.6000000000 2.4868287434
1968.7000000000 2.4893296018
1968.8000000000 2.4939962071
1968.9000000000 2.5035544934
1969.0000000000 2.5052215569
1969.1000000000 2.5016632245
1969.2000000000 2.5017988264
1969.3000000000 2.5025102307
1969.4000000000 2.5075185618
1969.5000000000 2.5075138834
1969.6000000000 2.5084104665
1969.7000000000 2.5124498266
1969.8000000000 2.5029577428
1969.9000000000 2.5035948999
1970.0000000000 2.4950886988
1970.1000000000 2.4921131708
1970.2000000000 2.4917554140
1970.3000000000 2.4903959138
1970.4000000000 2.4881409113
1970.5000000000 2.4958070222
1970.6000000000 2.4868815718
1970.7000000000 2.4855052812
1970.8000000000 2.4901753898
1970.9000000000 2.4876017262
1971.0000000000 2.4886282604
1971.1000000000 2.4908117360
1971.2000000000 2.4926023669
1971.3000000000 2.4829264702
1971.4000000000 2.4868511663
1971.5000000000 2.4931107177
1971.6000000000 2.4967789993
1971.7000000000 2.4954631725
1971.8000000000 2.4929899037
1971.9000000000 2.4914250805
1972.0000000000 2.4968778386
1972.1000000000 2.4891194430
1972.2000000000 2.4925853779
1972.3000000000 2.5003475130
1972.4000000000 2.4982495725
1972.5000000000 2.5012290968
1972.6000000000 2.5042782372
1972.7000000000 2.5044320645
1972.8000000000 2.5084284775
1972.9000000000 2.5032251982
1973.0000000000 2.5036834939
1973.1000000000 2.5088438716
1973.2000000000 2.5122411316
1973.3000000000 2.5097737632
1973.4000000000 2.5128954233
1973.5000000000 2.4986568412
1973.6000000000 2.5034260064
1973.7000000000 2.4985653427
1973.8000000000 2.4926239403
1973.9000000000 2.4969937452
1974.0000000000 2.5031060099
1974.1000000000 2.5015958581
1974.2000000000 2.4943073636
1974.3000000000 2.4982041445
1974.4000000000 2.4875291273
1974.5000000000 2.4964145194
1974.6000000000 2.4961930743
1974.7000000000 2.4967054311
1974.8000000000 2.4937234326
1974.9000000000 2.4965647124
1975.0000000000 2.4885758341
1975.1000000000 2.4908929581
1975.2000000000 2.4929106756
1975.3000000000 2.4974143549
1975.4000000000 2.4909374505
1975.5000000000 2.4890496037
1975.6000000000 2.4870688051
1975.7000000000 2.4924318478
1975.8000000000 2.4959204049
1975.9000000000 2.4949781875
1976.0000000000 2.4984329059
1976.1000000000 2.4910177374
1976.2000000000 2.4945413202
1976.3000000000 2.4970264617
1976.4000000000 2.5046437358
1976.5000000000 2.4988004317
1976.6000000000 2.4986704013
1976.7000000000 2.5034738975
1976.8000000000 2.5064392906
1976.9000000000 2.5101431663
1977.0000000000 2.5149089930
1977.1000000000 2.5181889960
1977.2000000000 2.5258675987
1977.3000000000 2.5218542439
1977.4000000000 2.5192473665
1977.5000000000 2.5192888672
1977.6000000000 2.5278674336
1977.7000000000 2.5304653491
1977.8000000000 2.5135541156
1977.9000000000 2.5116555553
1978.0000000000 2.5145548812
1978.1000000000 2.5157566686
1978.2000000000 2.5022655835
1978.3000000000 2.5094615731
1978.4000000000 2.5082949855
1978.5000000000 2.5106057430
1978.6000000000 2.5217924285
1978.7000000000 2.5194738944
1978.8000000000 2.5230919293
1978.9000000000 2.5180446567
1979.0000000000 2.5207771649
1979.1000000000 2.5243198488
1979.2000000000 2.5266758385
1979.3000000000 2.5302482238
1979.4000000000 2.5311646427
1979.5000000000 2.5327305282
1979.6000000000 2.5334987214
1979.7000000000 2.5328995119
1979.8000000000 2.5244642002
1979.9000000000 2.5293487856
1980.0000000000 2.5333427880
1980.1000000000 2.5265790146
1980.2000000000 2.5241276378
1980.3000000000 2.5319237977
1980.4000000000 2.5265954671
1980.5000000000 2.5281579785
1980.6000000000 2.5285354309
1980.7000000000 2.5309671618
1980.8000000000 2.5336218351
1980.9000000000 2.5410599755
1981.0000000000 2.5412815964
1981.1000000000 2.5406459965
1981.2000000000 2.5409448580
1981.3000000000 2.5388910623
1981.4000000000 2.5433578401
1981.5000000000 2.5409272152
1981.6000000000 2.5456328095
1981.7000000000 2.5450245109
1981.8000000000 2.5419406129
1981.9000000000 2.5510657306
1982.0000000000 2.5532828805
1982.1000000000 2.5517257113
1982.2000000000 2.5477252069
1982.3000000000 2.5457142783
1982.4000000000 2.5418890708
1982.5000000000 2.5395858005
1982.6000000000 2.5314959500
1982.7000000000 2.5394535383
1982.8000000000 2.5409894612
1982.9000000000 2.5451618601
1983.0000000000 2.5468966191
1983.1000000000 2.5366688899
1983.2000000000 2.5427847105
1983.3000000000 2.5411541047
1983.4000000000 2.5434284555
1983.5000000000 2.5430326678
1983.6000000000 2.5392698644
1983.7000000000 2.5462584218
1983.8000000000 2.5481465195
1983.9000000000 2.5430557264
1984.0000000000 2.5367510983
1984.1000000000 2.5433921366
1984.2000000000 2.5461177384
1984.3000000000 2.5510017998
1984.4000000000 2.5531943304
1984.5000000000 2.5561946468
1984.6000000000 2.5514415829
1984.7000000000 2.5514685944
1984.8000000000 2.5592446274
1984.9000000000 2.5609828972
1985.0000000000 2.5456749873
1985.1000000000 2.5409448563
1985.2000000000 2.5437784863
1985.3000000000 2.5358801828
1985.4000000000 2.5394609980
1985.5000000000 2.5400302870
1985.6000000000 2.5385782271
1985.7000000000 2.5331309014
1985.8000000000 2.5289961029
1985.9000000000 2.5271609279
1986.0000000000 2.5273787412
1986.1000000000 2.5325318240
1986.2000000000 2.5396298793
1986.3000000000 2.5335358261
1986.4000000000 2.5396012780
1986.5000000000 2.5297933676
1986.6000000000 2.5373287138
1986.7000000000 2.5339033186
1986.8000000000 2.5219767252
1986.9000000000 2.5253779870
1987.0000000000 2.5284861880
1987.1000000000 2.5246643414
1987.2000000000 2.5259820682
1987.3000000000 2.5292674510
1987.4000000000 2.5245758354
1987.5000000000 2.5141224001
1987.6000000000 2.5177758522
1987.7000000000 2.5260888804
1987.8000000000 2.5040572769
1987.9000000000 2.5152935015
1988.0000000000 2.5075710122
1988.1000000000 2.5125797665
1988.2000000000 2.5082938640
1988.3000000000 2.5145657143
1988.4000000000 2.5121479916
1988.5000000000 2.5200643189
1988.6000000000 2.5241799714
1988.7000000000 2.5191796227
1988.8000000000 2.5254053715
1988.9000000000 2.5203257717
1989.0000000000 2.5195311122
1989.1000000000 2.5198139369
1989.2000000000 2.5097605256
1989.3000000000 2.5015973546
1989.4000000000 2.5041919732
1989.5000000000 2.5008151651
1989.6000000000 2.4968337769
1989.7000000000 2.5019249667
1989.8000000000 2.5030908273
1989.9000000000 2.4933123022
1990.0000000000 2.5023215605
1990.1000000000 2.5062149476
1990.2000000000 2.5111392199
1990.3000000000 2.5087244275
1990.4000000000 2.5033858236
1990.5000000000 2.5121407645
1990.6000000000 2.5173049926
1990.7000000000 2.5177591930
1990.8000000000 2.5239483382
1990.9000000000 2.5306205174
1991.0000000000 2.5281233318
1991.1000000000 2.5245749399
1991.2000000000 2.5241206797
1991.3000000000 2.5286191255
1991.4000000000 2.5287975312
1991.5000000000 2.5248477052
1991.6000000000 2.5218509316
1991.7000000000 2.5278562095
1991.8000000000 2.5176059384
1991.9000000000 2.5083758336
1992.0000000000 2.5044517973
1992.1000000000 2.5057576009
1992.2000000000 2.5136296367
1992.3000000000 2.5147081271
1992.4000000000 2.5237764232
1992.5000000000 2.5126036217
1992.6000000000 2.5172725776
1992.7000000000 2.5022964122
1992.8000000000 2.5117146711
1992.9000000000 2.5040314675
1993.0000000000 2.5118207925
1993.1000000000 2.5097684261
1993.2000000000 2.5180974229
1993.3000000000 2.5209180543
1993.4000000000 2.5242467292
1993.5000000000 2.5260424354
1993.6000000000 2.5292645045
1993.7000000000 2.5209541503
1993.8000000000 2.5246789644
1993.9000000000 2.5280342458
1994.0000000000 2.5214555154
1994.1000000000 2.5250198741
1994.2000000000 2.5186849350
1994.3000000000 2.5170035766
1994.4000000000 2.5014922287
1994.5000000000 2.5043162185
1994.6000000000 2.5122558777
1994.7000000000 2.5149865766
1994.8000000000 2.5139694277
1994.9000000000 2.5153971036
1995.0000000000 2.5145549164
1995.1000000000 2.5151788787
1995.2000000000 2.5046411967
1995.3000000000 2.5128095615
1995.4000000000 2.5168611804
1995.5000000000 2.5216391777
1995.6000000000 2.5206112527
1995.7000000000 2.5188477078
1995.8000000000 2.5099570819
1995.9000000000 2.5039945760
1996.0000000000 2.5014709705
1996.1000000000 2.5024785816
1996.2000000000 2.5105519716
1996.3000000000 2.5088279032
1996.4000000000 2.5017407125
1996.5000000000 2.5065743948
1996.6000000000 2.5085957336
1996.7000000000 2.5041469102
1996.8000000000 2.5137613938
1996.9000000000 2.5105022786
1997.0000000000 2.5061244065
1997.1000000000 2.5032942029
1997.2000000000 2.4999989509
1997.3000000000 2.4979246439
1997.4000000000 2.5085290101
1997.5000000000 2.5087323871
1997.6000000000 2.5019239104
1997.7000000000 2.4983647816
1997.8000000000 2.5028100360
1997.9000000000 2.4960197021
1998.0000000000 2.5034266397
1998.1000000000 2.4973448344
1998.2000000000 2.4847999485
1998.3000000000 2.4852336600
1998.4000000000 2.4879954330
1998.5000000000 2.4970466729
1998.6000000000 2.5024396491
1998.7000000000 2.4996110702
1998.8000000000 2.4976178088
1998.9000000000 2.4957975697
1999.0000000000 2.4909506366
1999.1000000000 2.4914149069
1999.2000000000 2.4967393265
1999.3000000000 2.4930402128
1999.4000000000 2.4988843181
1999.5000000000 2.4982117779
1999.6000000000 2.4961915552
1999.7000000000 2.4946353851
1999.8000000000 2.4907656339
1999.9000000000 2.4935793169
2000.0000000000 2.4915238338
